company,company_clean,domain,ir_page,ir_email,cs_page,cs_email,error
1 800 FLOWERS COM INC,1 800 Flowers Com Inc,1800flowersinc.com,https://www.1800flowersinc.com/investors,,https://www.1800flowersinc.com/,,
"10x Genomics, Inc.",10X Genomics Inc,10xgenomics.com,https://investors.10xgenomics.com/overview/default.aspx,investors@10xgenomics.com,https://www.10xgenomics.com/support,support@10xgenomics.com,
1606 CORP.,1606 Corp,1606restaurant.com,https://1606restaurant.com/reserve-a-table/,1606@beauporthotel.com,https://1606restaurant.com/reserve-a-table/,1606@beauporthotel.com,
"1895 Bancorp of Wisconsin, Inc. /MD/",1895 Bancorp Of Wisconsin Inc,,,,,,
"1stdibs.com, Inc.",1stdibs.com Inc,1stdibs.com,https://investors.1stdibs.com/news/news-details/2025/1stDibs-to-Announce-Second-Quarter-2025-Financial-Results-on-August-6-2025/default.aspx,,https://support.1stdibs.com/hc/en-us/articles/14488384115995-Contact-a-Seller-or-Gallery,,
21Shares Core Ethereum ETF,21Shares Core Ethereum ETF,21shares.com,https://www.21shares.com/en-us/products-us/teth,,https://www.21shares.com/en-us/products-us/teth,,
"22nd Century Group, Inc.",22Nd Century Group Inc,xxiicentury.com,https://ir.xxiicentury.com/,cstmail@continentalstock.com,https://xxiicentury.com/contact-us/,,
"2seventy bio, Inc.",2Seventy Bio Inc,biopharmiq.com,https://app.biopharmiq.com/companies/4368,,https://www.biopharmiq.com/,460ff4620fa44cba8df530afde949785@sentry.wixpress.com,
374Water Inc.,374Water Inc,374water.com,https://ir.374water.com/,SCWO@mzgroup.us,https://374water.com/contact/,,
3D SYSTEMS CORP,3D Systems Corp,3dsystems.com,https://investor.3dsystems.com/overview/default.aspx,investor.relations@3dsystems.com,https://www.3dsystems.com/contact,press@3dsystems.com,
3M CO,3M Co,,,,,,
"4D Molecular Therapeutics, Inc.",4D Molecular Therapeutics Inc,4dmoleculartherapeutics.com,https://ir.4dmoleculartherapeutics.com/,,https://4dmoleculartherapeutics.com/careers/,info@4dmt.com,
4Front Ventures Corp.,4Front Ventures Corp,4frontventures.com,https://4frontventures.com/,,https://4frontventures.com/,,
"5E Advanced Materials, Inc.",5E Advanced Materials Inc,5eadvancedmaterials.com,https://investors.5eadvancedmaterials.com/,jstarzecki@5eadvancedmaterials.com,https://www.5eadvancedmaterials.com/,hello@5eadvancedmaterials.com,
"60 DEGREES PHARMACEUTICALS, INC.",60 Degrees Pharmaceuticals Inc,60degreespharma.com,https://60degreespharma.com/investors-2/,,https://60degreespharma.com/,,
"89bio, Inc.",89Bio Inc,89bio.com,https://ir.89bio.com/investor-resources/contact-ir/,,https://ir.89bio.com/investor-resources/contact-ir/,,
8X8 INC /DE/,8x8 Inc,8x8.com,https://www.investors.8x8.com/financial-information/sec-filings,,"https://duckduckgo.com/y.js?ad_domain=8x8.com&ad_provider=bingv7aa&ad_type=txad&click_metadata=4uub6sUhowU1cGPXom32-tbHsw4dQu9JOGDcMrSq-NfUF9BLCZapdvtCE8rZNMPb_ecGHuCdoWObK-HhK_Fdnn8hcadiv2lATdqjE4UhFl6TF8wiAiXyP19UAXIdfAOg.IfRr5bfKy5tiHOJZs_RR6A&rut=ca91c3719cf8e7e2f9ed8eb8430fbd6635a0c77919487d521390923ba3bbe024&u3=https://www.bing.com/aclick?ld=e8nmzOrvDK2L1whtJlGRIt7jVUCUwwbg9dZiu0z_oGUPjpRCSw5Tkz8LVmuzxfv_Ljn0FN40LccLn9r11bi34sHT3O_B8amAqsC6Mi3JluYOmOC-PtRW9pfKjRtM0QOONqutr0Y4QBFPEmhKrCcViZefM8fIdk1KFWKw8AJCQa9JqrTXl4ny6NpJj4VuGAPewHQ_YzLU0A2VNsXF1LTosJs0UzlCc&u=aHR0cHMlM2ElMmYlMmZjbGlja3NlcnZlLmRhcnRzZWFyY2gubmV0JTJmbGluayUyZmNsaWNrJTNmJTI2JTI2ZHNfZV9hZGlkJTNkODEwMjAzODEwMjE4NjklMjZkc19lX3RhcmdldF9pZCUzZGt3ZC04MTAyMDQ2ODc4NzI5OCUyNiUyNmRzX3VybF92JTNkMiUyNmRzX2Rlc3RfdXJsJTNkaHR0cHMlM2ElMmYlMmZ3d3cuOHg4LmNvbSUyZjglMmZpbnRlZ3JhdGVkLWNjYWFzLXVjYWFzJTNmbG9jYWxlJTNkdXMlMjZ1dG1fbWVkaXVtJTNkcGFpZC1zZWFyY2glMjZ1dG1fc291cmNlJTNkYmluZyUyNnV0bV9jYW1wYWlnbiUzZDcwMTJKMDAwMDAxT0VQaSUyNnV0bV9hZGdyb3VwJTNkOHg4LVVTX0JpbmdfVVNfU2VhcmNoX0JyYW5kX0NvcmVfUGhyYXNlJTdjQUFBXzh4OF9WYXJpYXRpb25zJTI2dXRtX3Rlcm0lM2Q4JTI1MjB4JTI1MjA4JTdjbSUyNnR5cGUlM2Q4eDgtVVNfQmluZ19VU19TZWFyY2hfQnJhbmRfQ29yZV9QaHJhc2UlMjZtc2Nsa2lkJTNkN2QwYTNjNmMwYWIwMWFjNmViZDk1NTdiYzQzNzcyYTk&rlid=7d0a3c6c0ab01ac6ebd9557bc43772a9&vqd=4-12976482744085285318897891821476311612&iurl={1}IG=404B1A67BB444E699AA057E2C2644511&CID=14960394C2DE66F43B401531C3C667E1&ID=DevEx,5046.1",,
908 Devices Inc.,908 Devices Inc,908devices.com,https://ir.908devices.com/events-and-presentations/default.aspx,,https://908devices.com/contact/,,
"A-Mark Precious Metals, Inc.",A-Mark Precious Metals Inc,preciousmetalsrefinery.com,https://preciousmetalsrefinery.com/,some-sort-of-man@2x.png,https://preciousmetalsrefinery.com/,some-sort-of-man@2x.png,
A.K.A. BRANDS HOLDING CORP.,AKA Brands Holding Corp,aka-brands.com,https://www.aka-brands.com/,investors@aka-brands.com,https://www.aka-brands.com/,investors@aka-brands.com,
"A10 Networks, Inc.",A10 Networks Inc,a10networks.com,https://investors.a10networks.com/overview/default.aspx,investors@a10networks.com,https://www.a10networks.com/contact-us/,jinfo@a10networks.com,
AA Mission Acquisition Corp.,AA Mission Acquisition Corp,,,,,,
"AAON, INC.",AAON Inc,aaon.com,https://investors.aaon.com/,joseph.mondillo@aaon.com,https://www.aaon.com/resources/how-to-contact-support,technical.support@aaon.com,
AAR CORP,AAR Corp,aarcorp.com,https://www.aarcorp.com/en/newsroom/press-releases/2025/aar-announces-investor-conference-schedule-for-may-and-june-2025/,investors@aarcorp.com,https://www.aarcorp.com/en/products/distribution/electronics/,electronics@aarcorp.com,
AB INTERNATIONAL GROUP CORP.,AB International Group Corp,ab-internationalgroup.com,https://ab-internationalgroup.com/,tirana@ab-internationalgroup.com,https://ab-internationalgroup.com/,tirana@ab-internationalgroup.com,
ABBOTT LABORATORIES,Abbott Laboratories,abbott.com,https://www.abbott.com/investors.html,,https://www.abbott.com/contact.html,,
ABEONA THERAPEUTICS INC.,Abeona Therapeutics Inc,abeonatherapeutics.com,https://investors.abeonatherapeutics.com/,,https://www.abeonatherapeutics.com/contact,Scheduling@abeonatherapeutics.com,
ABERCROMBIE & FITCH CO /DE/,Abercrombie & Fitch Co,,,,,,
"ABRDN ASIA-PACIFIC INCOME FUND, INC.",Abrdn ASIA-Pacific Income FUND Inc,abrdn.com,https://www.abrdn.com/docs?documentid=AA-110325-190440-1,,https://smartplus.abrdn.com/Login/ObsoleteContact,complaint.info@financialombudsman.co.uk,
ACACIA RESEARCH CORP,Acacia Research Corp,acaciaresearch.com,https://www.acaciaresearch.com/,ir@acaciares.com,https://www.acaciaresearch.com/,MMcNulty@acaciares.com,
ACADIA PHARMACEUTICALS INC,Acadia Pharmaceuticals Inc,acadia.com,https://acadia.com/en-us/media/news-releases/acadia-pharmaceuticals-reports-third-quarter-2025-financial,ir@acadia-pharm.com,https://acadia.com/en-us/contact,info@acadia-pharm.com,
ACADIA REALTY TRUST,Acadia Realty Trust,acadiarealty.com,https://acadiarealty.com/investors/,investorrelations@acadiarealty.com,https://acadiarealty.com/contact/,info@acadiarealty.com,
ACCO BRANDS Corp,ACCO Brands Corp,accobrands.com,https://ir.accobrands.com/overview/default.aspx,investor.relations@acco.com,https://www.accobrands.com/contact-us/,scottsdalecustomercare@acco.com,
ACCURAY INC,Accuray Inc,accuray.com,https://investors.accuray.com/,,https://www.accuray.com/contact-us/,Radixact_code@1200x-80.jpg,
"ACELYRIN, Inc.",Acelyrin Inc,,,,,,
"ACHIEVE LIFE SCIENCES, INC.",Achieve LIFE Sciences Inc,achievelifesciences.com,https://ir.achievelifesciences.com/,ir@achievelifesciences.com,https://achievelifesciences.com/,,
"ACI WORLDWIDE, INC.",ACI Worldwide Inc,aciworldwide.com,https://www.aciworldwide.com/investor,,https://www.aciworldwide.com/about-aci/contact-us,,
ACME UNITED CORP,ACME United Corp,acmeunited.com,https://acmeunited.com/company/about/,customerservice@acmeunited.com,https://acmeunited.com/company/contact/,customerservice@acmeunited.com,
"ACORN ENERGY, INC.",Acorn Energy Inc,acornenergy.com,https://acornenergy.com/investor-relations/,acfn@catalyst-ir.com,https://acornenergy.com/leadership/,,
ACRES Commercial Realty Corp.,Acres Commercial Realty Corp,acresreit.com,https://www.acresreit.com/investor-overview,IR@acresreit.com,https://www.acresreit.com/,HelpAST@equiniti.com,
ACTELIS NETWORKS INC,Actelis Networks Inc,actelis.com,https://ir.actelis.com/,ASNS@actelis.com,https://actelis.com/support/service-support/support-contact-details/,techsupport@actelis.com,
"ACTUATE THERAPEUTICS, INC.",Actuate Therapeutics Inc,actuatetherapeutics.com,https://actuatetherapeutics.com/investors/,Ignacio.guerrero-ros@russopartnersllc.com,https://actuatetherapeutics.com/,info@actuatetherapeutics.com,
ACUITY BRANDS INC,Acuity Brands Inc,acuitybrands.com,https://www.acuitybrands.com/,,https://www.acuitybrands.com/support,hemanth.gottipati@acuitybrands.com,
"ACURA PHARMACEUTICALS, INC",Acura Pharmaceuticals Inc,acurazine.com,https://acurazine.com/forums/,,https://acurazine.com/forums/tsb_recall/tsbs,,
ACUREN CORP,Acuren Corp,acuren.com,https://www.acuren.com/,,https://www.acuren.com/contact-us/,,
ACV Auctions Inc.,ACV Auctions Inc,acvauctions.com,"https://duckduckgo.com/y.js?ad_domain=acvauctions.com&ad_provider=bingv7aa&ad_type=txad&click_metadata=5E0koYZd3CDwPjLjakCAH6ilrj5XfFqBAE56xwAkYDPB8m_viTo-eiXlgWWuT8pH6UKEE4EYOAi2zSUHyCO37M4Eyt7rgKKbBJTRwYTXL2ZinUt1Pls3n-9pWzLgi0Bh.SoyV-x-SetKlny1T5Bq8gA&rut=73e5316d1ad7426e19ce3bb0aa1f799ec0edda8327cebd9e3880d13c2920ef22&u3=https://www.bing.com/aclick?ld=e88LI-EAtiWuo2RMj4mSYRrzVUCUz12pHXdXHUcu3pbYZI_dskZ9MjlzgWaJnxvziwSyzD8GJQNtYZ7kdHLSYNLG64Q1saDRIb7MlfFDUAr5cCo5FNF5n1rK0NQHCbiqyC3HB4_njWiKAkhORGL2t8hLM7Ev-TFLd2GDl7sspFC7tf7Jfs08_JwNEB9qcTr52GJ8IR_3DU9fn-mK1j4bC4eLjp-mM&u=aHR0cHMlM2ElMmYlMmZ3d3cuYWN2YXVjdGlvbnMuY29tJTJmJTNmdXRtX3NvdXJjZSUzZGJpbmclMjZ1dG1fbWVkaXVtJTNkY3BjJTI2dXRtX2NvbnRlbnQlM2QxMTY0MzgzNzQ1Nzc0ODQxJTI2dXRtX3Rlcm0lM2RhY3YlMjUyMGF1Y3Rpb25zJTI2dXRtX2NhbXBhaWduJTNkU0NNJTI1N0NCcmFuZCUyNTdDQ29yZSUyNTdDUGhyYXNlJTI2bXNjbGtpZCUzZGIxMzkzODMwODU2NzEzZjIwYzMzNTEyNzU1Yjg0NTdk&rlid=b1393830856713f20c33512755b8457d&vqd=4-54660756279385757962602942138223992163&iurl={1}IG=F30756CEB21544F18D93A2081A1D4F7F&CID=29283EC55D7B6532184E28605C63641D&ID=DevEx,5045.1",,https://www.acvauctions.com/contact,titles@acvauctions.com,
"ADAMS DIVERSIFIED EQUITY FUND, INC.",Adams Diversified Equity FUND Inc,adamsfunds.com,https://adamsfunds.com/funds/diversified-equity/,,https://adamsfunds.com/about/contact/,estoermer@gregoryfca.com,
"ADAMS RESOURCES & ENERGY, INC.",Adams Resources & Energy Inc,,,,,,
ADC Therapeutics SA,ADC Therapeutics SA,adctherapeutics.com,https://www.adctherapeutics.com/investors/,,https://www.adctherapeutics.com/contact/,,
ADDENTAX GROUP CORP.,Addentax Group Corp,,,,,,
ADDVANTAGE TECHNOLOGIES GROUP INC,Addvantage Technologies Group Inc,theaddvantagegroup.com,https://www.theaddvantagegroup.com/about-us/,,https://www.theaddvantagegroup.com/contact/,,
"ADIAL PHARMACEUTICALS, INC.",Adial Pharmaceuticals Inc,adial.com,https://www.adial.com/investors/,,https://www.adial.com/contact/,info@adialpharma.com,
"ADM TRONICS UNLIMITED, INC.",ADM Tronics Unlimited Inc,admtronics.com,https://admtronics.com/investor-relations/,sales@admtronics.com,https://admtronics.com/,sales@admtronics.com,
"ADMA BIOLOGICS, INC.",ADMA Biologics Inc,admabiologics.com,https://ir.admabiologics.com/news-releases/news-release-details/adma-biologics-announces-third-quarter-2025-financial-results,,https://www.admabiologics.com/contact,info@admabio.com,
ADOBE INC.,Adobe Inc,,,,,,
"ADTRAN Holdings, Inc.",Adtran Holdings Inc,adtran.com,https://investors.adtran.com/overview/default.aspx,investor.relations@adtran.com,https://www.adtran.com/en,,
ADVANCE AUTO PARTS INC,Advance AUTO Parts Inc,,,,,,
ADVANCED ENERGY INDUSTRIES INC,Advanced Energy Industries Inc,advancedenergy.com,https://ir.advancedenergy.com/,,https://www.advancedenergy.com/en-us/support/,,
ADVANCED MICRO DEVICES INC,Advanced Micro Devices Inc,,,,,,
ADVENT CONVERTIBLE & INCOME FUND,Advent Convertible & Income FUND,adventetf.com,https://adventetf.com/,,https://adventetf.com/,,
"ADVENT TECHNOLOGIES HOLDINGS, INC.",Advent Technologies Holdings Inc,advent.energy,https://ir.advent.energy/news/news-details/2024/Advent-Technologies-Reports-Q4-2023-Results/default.aspx,,https://advent.energy/locations/,,
AECOM,Aecom,aecom.com,https://investors.aecom.com/,,https://aecom.com/contact-us/,support@gssdubai.com,
AEHR TEST SYSTEMS,AEHR TEST Systems,aehr.com,https://www.aehr.com/investor-relations/,aehr@mkr-group.com,https://www.aehr.com/contact-us/,sales@aehr.com,
AEI INCOME & GROWTH FUND XXII LTD PARTNERSHIP,AEI Income & Growth FUND XXII Ltd Partnership,aeifunds.com,https://aeifunds.com/sec-filings/,,https://aeifunds.com/sec-filings/,,
"AEON Biopharma, Inc.",AEON Biopharma Inc,aeonbiopharma.com,https://investors.aeonbiopharma.com/investors/default.aspx,,https://aeonbiopharma.com/contact-aeon-biopharma/,,
AERWINS Technologies Inc.,Aerwins Technologies Inc,aerwins.us,https://aerwins.us/investor-relations/,ir@aerwins.us,https://aerwins.us/,ir@aerwins.us,
AES CORP,AES Corp,aes-corp.com,https://aes-corp.com/,,https://aes-corp.com/contact/,info@aes-corp.com,
AETHLON MEDICAL INC,Aethlon Medical Inc,aethlonmedical.com,https://www.aethlonmedical.com/investors,susan@sanoonan.com,https://www.aethlonmedical.com/contact-us,,
AFB Ltd,AFB Ltd,afbinternational.com,https://www.afbinternational.com/,northamerica@afbinternational.com,https://www.afbinternational.com/contact/,mexico@afbinternational.com,
"AFFILIATED MANAGERS GROUP, INC.",Affiliated Managers Group Inc,,,,,,
AFLAC INC,Aflac Inc,aflac.com,https://investors.aflac.com/Videos/,,https://www.aflac.com/,,
"AG Mortgage Investment Trust, Inc.",AG Mortgage Investment Trust Inc,,,,,,
AGCO CORP /DE,AGCO Corp /De,agcocorp.com,https://investors.agcocorp.com/news-releases/news-release-details/agco-present-2025-morgan-stanley-technology-media-and-telecom,,https://www.agcocorp.com/us/en/home/brands-and-solutions/service-and-information/agco-service-and-information-resources.html,,
"AGILENT TECHNOLOGIES, INC.",Agilent Technologies Inc,,,,,,
AGILYSYS INC,Agilysys Inc,agilysys.com,https://www.agilysys.com/en/investor-relations/,InvestorRelations@agilysys.com,https://www.agilysys.com/en/contact-us/,sales@agilysys.com,
"AGIOS PHARMACEUTICALS, INC.",Agios Pharmaceuticals Inc,agios.com,https://investor.agios.com/news-releases/news-release-details/agios-reports-first-quarter-2025-financial-results-and-recent,,https://www.agios.com/,,
AGREE REALTY CORP,Agree Realty Corp,agreerealty.com,https://investors.agreerealty.com/overview/default.aspx,investors@agreerealty.com,https://agreerealty.com/,,
AGRIFORCE GROWING SYSTEMS LTD.,Agriforce Growing Systems Ltd,agriforcegs.com,https://ir2.agriforcegs.com/,investorrelations@agriforcegs.com,https://agriforcegs.com/,,
AI Transportation Acquisition Corp,AI Transportation Acquisition Corp,globenewswire.com,https://www.globenewswire.com/news-release/2024/11/29/2989278/0/en/AI-TRANSPORTATION-ACQUISITION-CORP-ANNOUNCES-TERMINATION-OF-BUSINESS-COMBINATION-AGREEMENT-WITH-AMERICAN-METALS-LLC.html,chenyongjin@ds-cap.com,https://www.globenewswire.com/news-release/2024/11/29/2989278/0/en/AI-TRANSPORTATION-ACQUISITION-CORP-ANNOUNCES-TERMINATION-OF-BUSINESS-COMBINATION-AGREEMENT-WITH-AMERICAN-METALS-LLC.html,chenyongjin@ds-cap.com,
AIR INDUSTRIES GROUP,AIR Industries Group,airindustriesgroup.com,https://airindustriesgroup.com/,,https://airindustriesgroup.com/contact-us/,ericjonesmyemail@gmail.com,
AIR LEASE CORP,AIR Lease Corp,,,,,,
AIR T INC,AIR T Inc,airt.com,https://airt.com/investors/,,https://airt.com/information/,,
AIRGAIN INC,Airgain Inc,airgain.com,https://investors.airgain.com/,AIRG@gateway-grp.com,https://www.airgain.com/support/,,
AKAMAI TECHNOLOGIES INC,Akamai Technologies Inc,,,,,,
ALAMO GROUP INC,Alamo Group Inc,alamo-group.com,https://www.alamo-group.com/investor-relations/,,https://www.alamo-group.com/contact/,,
"ALASKA AIR GROUP, INC.",Alaska AIR Group Inc,alaskaair.com,https://news.alaskaair.com/investor-relations/financials/,,https://www.alaskaair.com/content/about-us/help-contact,,
ALBANY INTERNATIONAL CORP /DE/,Albany International Corp,albany.com,https://www.albany.com/about-albany/,,https://www.albany.com/hotspot/albany-airport/,,
ALBEMARLE CORP,Albemarle Corp,albemarle.com,https://investors.albemarle.com/news-and-events/default.aspx,invest@Albemarle.com,https://www.albemarle.com/us/en,,
ALERUS FINANCIAL CORP,Alerus Financial Corp,,,,,,
ALEXANDERS INC,Alexanders Inc,alexandersinc.com,https://alexandersinc.com/?page_id=13,,https://alexandersinc.com/,,
"ALEXANDRIA REAL ESTATE EQUITIES, INC.",Alexandria REAL Estate Equities Inc,are.com,https://investor.are.com/corporate-profile/default.aspx,,https://investor.are.com/for-our-investors/company-overview/default.aspx,,
ALKALINE WATER Co INC,Alkaline Water Co Inc,thealkalinewaterco.com,https://ir.thealkalinewaterco.com/news-events/press-releases/detail/441/the-alkaline-water-company-completes-company-wide-review,,https://thealkalinewaterco.com/about,team@latofonts.com,
"ALKAMI TECHNOLOGY, INC.",Alkami Technology Inc,alkami.com,https://investors.alkami.com/,ir@alkami.com,https://www.alkami.com/contact-us/,,
"ALLEGRO MICROSYSTEMS, INC.",Allegro Microsystems Inc,allegromicro.com,https://investors.allegromicro.com/news-and-events/events-and-presentations,,https://www.allegromicro.com/en/about-allegro/contact-us/technical-assistance,Allegro_India@allegromicro.com,
ALLIANCE ENTERTAINMENT HOLDING CORP,Alliance Entertainment Holding Corp,alliancehomeentertainment.com,https://www.alliancehomeentertainment.com/,,https://www.alliancehomeentertainment.com/,,
ALLIANCEBERNSTEIN HOLDING L.P.,Alliancebernstein Holding LP,alliancebernstein.com,https://publications.alliancebernstein.com/,,https://publications.alliancebernstein.com/,,
ALLIANT ENERGY CORP,Alliant Energy Corp,alliantenergy.com,https://investors.alliantenergy.com/overview/default.aspx,investorrelations@alliantenergy.com,https://www.alliantenergy.com/customer-service/contact-us,,
ALLSTATE CORP,Allstate Corp,,,,,,
"ALLURION TECHNOLOGIES, INC.",Allurion Technologies Inc,allurion.com,https://investors.allurion.com/overview/default.aspx,investors@allurion.com,https://investors.allurion.com/,,
"ALNYLAM PHARMACEUTICALS, INC.",Alnylam Pharmaceuticals Inc,alnylam.com,https://investors.alnylam.com/,,https://www.alnylam.com/contact-us,INFO@ALNYLAM.COM,
ALPHA & OMEGA SEMICONDUCTOR Ltd,Alpha & Omega Semiconductor Ltd,aosalpha.com,http://www.aosalpha.com/About-AOS.html,,http://www.aosalpha.com/,,
ALPHA PRO TECH LTD,Alpha PRO TECH Ltd,alphaprotech.com,https://www.alphaprotech.com/investors,sales@alphaprotech.com,https://products.alphaprotech.com/Contact-Us/contact-information.aspx,lhoffman@alphaprotech.com,
ALPHATIME ACQUISITION CORP,Alphatime Acquisition Corp,alphatimespac.com,https://www.alphatimespac.com/,605a7baede844d278b89dc95ae0a9123@sentry-next.wixpress.com,https://www.alphatimespac.com/,605a7baede844d278b89dc95ae0a9123@sentry-next.wixpress.com,
"ALPINE 4 HOLDINGS, INC.",Alpine 4 Holdings Inc,,,,,,
ALT5 Sigma Corp,Alt5 Sigma Corp,alt5sigmacapital.com,https://alt5sigmacapital.com/,info@alt5capital.com,https://alt5sigmacapital.com/,info@alt5capital.com,
ALTA EQUIPMENT GROUP INC.,ALTA Equipment Group Inc,altaequipment.com,https://investors.altaequipment.com/events-and-presentations/default.aspx,,https://investors.altaequipment.com/resources/contact-ir/default.aspx,,
ALTAIR INTERNATIONAL CORP.,Altair International Corp,altair-international.com,https://www.altair-international.com/,,https://www.altair-international.com/,,
ALTEROLA BIOTECH INC.,Alterola Biotech Inc,,,,,,
ALTISOURCE PORTFOLIO SOLUTIONS S.A.,Altisource Portfolio Solutions SA,altisource.com,https://ir.altisource.com/investor-relations,,https://www.altisource.com/contact-us/,asps_ombudsman@altisource.com,
"ALTRIA GROUP, INC.",Altria Group Inc,altria.com,https://www.altria.com/Investors/events-and-presentations,,https://www.altria.com/contact-us,,
ALUMIS INC.,Alumis Inc,alumis.com,https://www.alumis.com/,info@alumis.com,https://www.alumis.com/,info@alumis.com,
ALX ONCOLOGY HOLDINGS INC,ALX Oncology Holdings Inc,alxoncology.com,https://ir.alxoncology.com/investor-relations/,,https://alxoncology.com/,,
AMAZON COM INC,Amazon Com Inc,amazon.com,https://www.amazon.com/Investor-relations/s?k=Investor+relations,,https://www.amazon.com/gp/help/customer/display.html?nodeId=GSD587LKW72HKU2V,,
AMBARELLA INC,Ambarella Inc,ambarella.com,https://investor.ambarella.com/financial-information/sec-filings,,https://www.ambarella.com/contact-us/,,
"AMC ENTERTAINMENT HOLDINGS, INC.",AMC Entertainment Holdings Inc,,,,,,
AMC Networks Inc.,AMC Networks Inc,amcnetworks.com,https://investors.amcnetworks.com/stock-information,,https://www.amcnetworks.com/?ref=website-popularity,,
AMCON DISTRIBUTING CO,Amcon Distributing Co,amcon.com,https://www.amcon.com/,,https://www.amcon.com/,,
AMEDISYS INC,Amedisys Inc,amedisys.com,https://investors.amedisys.com/faqs-contact/investor-contacts/default.aspx,,https://www.amedisys.com/contact/,,
AMEREN CORP,Ameren Corp,ameren.com,https://www.ameren.com/about-ameren/leadership/moehn,,https://www.ameren.com/customer-service,constructionhotline@ameren.com,
AMERICAN AXLE & MANUFACTURING HOLDINGS INC,American AXLE & Manufacturing Holdings Inc,aam.com,https://www.aam.com/investors,david.lim@aam.com,https://www.aam.com/,GDPR@aam.com,
AMERICAN BATTERY TECHNOLOGY Co,American Battery Technology Co,americanbatterytechnology.com,https://investors.americanbatterytechnology.com/,info@batterymetals.com,https://americanbatterytechnology.com/contact/,,
AMERICAN COASTAL INSURANCE Corp,American Coastal Insurance Corp,amcoastal.com,https://investors.amcoastal.com/overview/default.aspx,investorrelations@amcoastal.com,https://www.amcoastal.com/,user@domain.com,
AMERICAN EAGLE OUTFITTERS INC,American Eagle Outfitters Inc,americaneagleusa.net,https://www.americaneagleusa.net/,,https://www.americaneagleusa.net/pages/faqs,,
AMERICAN EXPRESS CO,American Express Co,americanexpress.com,https://ir.americanexpress.com/investor-relations/default.aspx,IR@aexp.com,https://www.americanexpress.com/us/customer-service/,,
AMERICAN FINANCIAL GROUP INC,American Financial Group Inc,americanfinancialgroup.net,https://americanfinancialgroup.net/contact/,,https://americanfinancialgroup.net/contact/,,
"AMERICAN INTERNATIONAL GROUP, INC.",American International Group Inc,,,,,,
AMERICAN INTERNATIONAL HOLDINGS CORP.,American International Holdings Corp,otcmarkets.com,https://www.otcmarkets.com/stock/AMIH/profile,,https://www.otcmarkets.com/stock/AMIH/profile,,
AMERICAN PUBLIC EDUCATION INC,American Public Education Inc,,,,,,
AMERICAN REBEL HOLDINGS INC,American Rebel Holdings Inc,americanrebelholdings.com,https://americanrebelholdings.com/investor-relations/,ir@americanrebel.com,https://americanrebelholdings.com/,,
AMERICAN SHARED HOSPITAL SERVICES,American Shared Hospital Services,americanbankingnews.com,https://www.americanbankingnews.com/2025/05/07/american-shared-hospital-services-nyseamericanams-holdings-raised-by-renaissance-technologies-llc.html,,https://www.americanbankingnews.com/2025/10/03/american-shared-hospital-services-nyseamericanams-share-price-passes-above-200-day-moving-average-should-you-sell.html,,
AMERICAN STATES WATER CO,American States Water Co,amwater.com,https://ir.amwater.com/,,https://www.amwater.com/corp/contact-us,Safari_Icon@3x.png,
AMERICAN TOWER CORP /MA/,American Tower Corp,,,,,,
AMERICAN VANGUARD CORP,American Vanguard Corp,american-vanguard.com,https://www.american-vanguard.com/,,https://www.american-vanguard.com/,,
AMERICAN WOODMARK CORP,American Woodmark Corp,americanwoodmark.com,https://americanwoodmark.com/investors,awc-our-story-board-of-directors-vance@2x.jpg,https://americanwoodmark.com/resources/warranty/continental-cabinetry-warranty,ContinentalCustomerC@woodmark.com,
AMERICAS CARMART INC,Americas Carmart Inc,,,,,,
AMERICOLD REALTY TRUST,Americold Realty Trust,americold.com,https://ir.americold.com/,,https://www.americold.com/,,
"AMERIGUARD SECURITY SERVICES, INC.",Ameriguard Security Services Inc,ameriguardsecurity.com,https://ameriguardsecurity.com/,info@ameriguardsecurity.com,https://ameriguardsecurity.com/contact/,,
AMERIPRISE FINANCIAL INC,Ameriprise Financial Inc,ameriprise.com,https://ir.ameriprise.com/overview/default.aspx,shareholder@broadridge.com,https://www.ameriprise.com/customer-service/contact,anti.fraud@ampf.com,
AMERISAFE INC,Amerisafe Inc,amerisafe.com,https://www.amerisafe.com/investors/,investor@amerisafe.com,https://www.amerisafe.com/contact-us/,,
AMERISERV FINANCIAL INC /PA/,Ameriserv Financial Inc,,,,,,
AMES NATIONAL CORP,AMES National Corp,,,,,,
AMETEK INC/,Ametek Inc/,,,,,,
AMGEN INC,Amgen Inc,amgen.com,https://investors.amgen.com/stock/fundamentals/snapshot,,https://www.amgen.com/contact-us,AmgenCareers@careers.pure.cloud,
"AMICUS THERAPEUTICS, INC.",Amicus Therapeutics Inc,amicustherapeutics.ca,https://www.amicustherapeutics.ca/,,https://www.amicustherapeutics.ca/contact,infocanada@amicusrx.com,
AMJ Global Technology,AMJ Global Technology,amjglobaltechnology.com,https://amjglobaltechnology.com/,lemonad@jovanny.ru,https://amjglobaltechnology.com/,Support@amjglobal.com,
"AMKOR TECHNOLOGY, INC.",Amkor Technology Inc,amkor.com,https://ir.amkor.com/?ref=comdurav.com,,https://amkor.com/contact-us/,ATKQnA@amkor.co.kr,
"AMMO, INC.",AMMO Inc,ammoman.com,https://www.ammoman.com/,,https://www.ammoman.com/,,
AMN HEALTHCARE SERVICES INC,AMN Healthcare Services Inc,amnhealthcare.com,https://ir.amnhealthcare.com/financials/quarterly-results,,https://www.amnhealthcare.com/contact-us/,info@amnhealthcare.com,
AMPCO PITTSBURGH CORP,Ampco Pittsburgh Corp,ampcopgh.com,https://ampcopgh.com/investors/,info@Ampco-Pittsburgh.com,https://ampcopgh.com/,info@Ampco-Pittsburgh.com,
AMPHENOL CORP /DE/,Amphenol Corp,,,,,,
AMREP CORP.,Amrep Corp,amrepcorp.com,https://amrepcorp.com/investor-relations/,ajax-loader@2x.gif,https://amrepcorp.com/corporate-directory/,ajax-loader@2x.gif,
AMTECH SYSTEMS INC,Amtech Systems Inc,amtechsystems.com,https://www.amtechsystems.com/investors,irelations@amtechsystems.com,https://www.amtechsystems.com/contact,info@entrepix.com,
"AN2 Therapeutics, Inc.",An2 Therapeutics Inc,an2therapeutics.com,https://www.an2therapeutics.com/,ir@an2therapeutics.com,https://www.an2therapeutics.com/contact/,info@an2therapeutics.com,
ANALOG DEVICES INC,Analog Devices Inc,,,,,,
"ANAPTYSBIO, INC",Anaptysbio Inc,anaptysbio.com,https://ir.anaptysbio.com/contact-ir/,,https://www.anaptysbio.com/contact/,info@anaptysbio.com,
ANAVEX LIFE SCIENCES CORP.,Anavex LIFE Sciences Corp,globenewswire.com,https://www.globenewswire.com/news-release/2025/11/14/3188222/29248/en/Anavex-Life-Sciences-Provides-Regulatory-Update-on-Blarcamesine-for-Early-Alzheimer-s-Disease.html,info@anavex.com,https://www.globenewswire.com/news-release/2025/11/14/3188222/29248/en/Anavex-Life-Sciences-Provides-Regulatory-Update-on-Blarcamesine-for-Early-Alzheimer-s-Disease.html,info@anavex.com,
ANGIODYNAMICS INC,Angiodynamics Inc,angiodynamics.com,https://investors.angiodynamics.com/index.php/,,https://www.angiodynamics.com/contact-us/,,
ANI PHARMACEUTICALS INC,ANI Pharmaceuticals Inc,anipharmaceuticals.com,https://investor.anipharmaceuticals.com/news-releases/news-release-details/ani-pharmaceuticals-reports-record-third-quarter-2025-financial,,https://www.anipharmaceuticals.com/contact.php,info@anipharmaceuticals.com,
ANNALY CAPITAL MANAGEMENT INC,Annaly Capital Management Inc,annaly.com,https://www.annaly.com/investors,,https://www.annaly.com/contact,,
ANSYS INC,Ansys Inc,,,,,,
ANTERO RESOURCES Corp,Antero Resources Corp,anteroresources.com,https://www.anteroresources.com/investors,dkatzenberg@anteroresources.com,https://www.anteroresources.com/contact-us,communityrelations@anteroresources.com,
APA Corp,APA Corp,apacorp.com,https://investor.apacorp.com/contact-ir/,,https://apacorp.com/contact-us/,Apache.Ariba@apachecorp.com,
APPFOLIO INC,Appfolio Inc,appfolioinc.com,https://ir.appfolioinc.com/financial-information/sec-filings,,https://ir.appfolioinc.com/shareholder-services/investor-faqs,,
APPIAN CORP,Appian Corp,appian.com,https://investors.appian.com/news-releases,,https://appian.com/products/customer-success/overview,,
APPLIED DNA SCIENCES INC,Applied DNA Sciences Inc,adnas.com,https://investors.adnas.com/,,https://adnas.com/contact/,info@adnas.com,
"APPLIED ENERGETICS, INC.",Applied Energetics Inc,appliedenergetics.com,https://ir.appliedenergetics.com/,kevin@cameronassoc.com,https://appliedenergetics.com/,,
APPLIED INDUSTRIAL TECHNOLOGIES INC,Applied Industrial Technologies Inc,,,,,,
APPLIED MATERIALS INC /DE,Applied Materials Inc /De,,,,,,
"APPLIED OPTOELECTRONICS, INC.",Applied Optoelectronics Inc,ao-inc.com,https://investors.ao-inc.com/financial-information/sec-filings,,https://ao-inc.com/contact-careers/online-contact-form,,
"APPYEA, INC",Appyea Inc,appyea.com,https://appyea.com/wp-content/uploads/2023/12/APYP-Investor-Presentation-November-2023-No-NDA.pdf,,https://appyea.com/wp-content/uploads/2023/12/APYP-Investor-Presentation-November-2023-No-NDA.pdf,,
APPlife Digital Solutions Inc,Applife Digital Solutions Inc,om-digitalsolutions.com,https://www.om-digitalsolutions.com/en/company/business/index.html,,https://www.om-digitalsolutions.com/en/common/support-launchinfo_en.html,,
"APTARGROUP, INC.",Aptargroup Inc,,,,,,
APx Acquisition Corp. I,Apx Acquisition Corp I,apxdata.com,https://apxdata.com/,,https://apxdata.com/,,
AQUABOUNTY TECHNOLOGIES INC,Aquabounty Technologies Inc,,,,,,
ARBOR REALTY TRUST INC,Arbor Realty Trust Inc,arbor.com,https://ir.arbor.com/,,https://arbor.com/contact-us/,,
ARCBEST CORP /DE/,Arcbest Corp,joinarcbest.com,https://joinarcbest.com/,,https://joinarcbest.com/,,
ARCH CAPITAL GROUP LTD.,ARCH Capital Group Ltd,archgroup.com,https://ir.archgroup.com/financials/quarterly-results/default.aspx,,https://www.archgroup.com/contact-us/main-offices/,,
"ARCH RESOURCES, INC.",ARCH Resources Inc,archres-inc.com,https://www.archres-inc.com/,user@domain.com,https://www.archres-inc.com/contact-us,info@archres-inc.com,
"ARDELYX, INC.",Ardelyx Inc,ardelyxmedical.com,https://www.ardelyxmedical.com/,,https://www.ardelyxmedical.com/,,
ARES CAPITAL CORP,ARES Capital Corp,arescapitalcorp.com,https://ir.arescapitalcorp.com/,,https://www.arescapitalcorp.com/,,
ARGAN INC,Argan Inc,arganinc.com,https://arganinc.com/investor-center/,,https://arganinc.com/about/,,
ARK RESTAURANTS CORP,ARK Restaurants Corp,,,,,,
ARKO Corp.,ARKO Corp,arkocorp.com,https://www.arkocorp.com/,investors@gpminvestments.com,https://www.arkocorp.com/company-information/contacts,investors@gpminvestments.com,
ARMSTRONG WORLD INDUSTRIES INC,Armstrong World Industries Inc,armstrong.com,https://investors.armstrong.com/overview/default.aspx,investorrelations@armstrongceilings.com,https://www.armstrong.com/en-us/contact.html,,
"ARROW ELECTRONICS, INC.",Arrow Electronics Inc,,,,,,
ARROW FINANCIAL CORP,Arrow Financial Corp,arrowfinancial.com,https://www.arrowfinancial.com/Documents/Investor-Presentations,,https://www.arrowfinancial.com/Contact-Us,,
"ARROWHEAD PHARMACEUTICALS, INC.",Arrowhead Pharmaceuticals Inc,arrowheadpharma.com,https://ir.arrowheadpharma.com/financials-filings/quarterly-results,,https://arrowheadpharma.com/contact-us/,info@arrowheadpharma.com,
"ARS Pharmaceuticals, Inc.",ARS Pharmaceuticals Inc,ars-pharma.com,https://ir.ars-pharma.com/investor-relations,,https://ars-pharma.com/contact-us/,,
"ARTELO BIOSCIENCES, INC.",Artelo Biosciences Inc,artelobio.com,https://ir.artelobio.com/,ARTL@crescendo-ir.com,https://ir.artelobio.com/,info@artelobio.com,
ARTESIAN RESOURCES CORP,Artesian Resources Corp,artesianwater.com,https://www.artesianwater.com/investor-relations/,,https://www.artesianwater.com/,,
"ARTIVION, INC.",Artivion Inc,artivion.com,https://investors.artivion.com/financial-information/financial-reports,,https://artivion.com/contact/,customerservice.ie@artivion.com,
ARTS WAY MANUFACTURING CO INC,ARTS WAY Manufacturing Co Inc,artsway.com,https://artsway.com/arts-way-announces-40-7-increase-in-consolidated-revenues-986000-increase-in-consolidated-operating-income-for-first-fiscal-quarter-of-2023/,chosen-sprite@2x.png,https://artsway.com/contact/contact-sales-rep/,info@traeder.com,
ARVANA INC,Arvana Inc,,,,,,
"ARVINAS, INC.",Arvinas Inc,arvinas.com,https://ir.arvinas.com/financials-and-sec-filings,,https://www.arvinas.com/contact/,info@arvinas.com,
ASA Gold & Precious Metals Ltd,ASA Gold & Precious Metals Ltd,asaltd.com,https://asaltd.com/investor-information,,https://asaltd.com/contact,,
ASBURY AUTOMOTIVE GROUP INC,Asbury Automotive Group Inc,asburygroup.com,http://www.asburygroup.com/,,https://asburygroup.com/,,
ASCENT INDUSTRIES CO.,Ascent Industries Co,,,,,,
ASGN Inc,ASGN Inc,asgn.com,https://investors.asgn.com/events-and-presentations/default.aspx,,https://asgn.com/,,
ASIAFIN HOLDINGS CORP.,Asiafin Holdings Corp,asiafingroup.com,https://asiafingroup.com/investor-relations/,marketing@asiafingroup.com,https://asiafingroup.com/contact-us/,media@asiafingroup.com,
ASP Isotopes Inc.,ASP Isotopes Inc,aspisotopes.com,https://aspisotopes.com/,,https://aspisotopes.com/,,
ASPAC II Acquisition Corp.,Aspac II Acquisition Corp,,,,,,
ASPAC III Acquisition Corp.,Aspac III Acquisition Corp,aspacnet.org,https://www.aspacnet.org/,271e9fa3230b4eec94b02bf95780f5f2@sentry.wixpress.com,https://www.aspacnet.org/,271e9fa3230b4eec94b02bf95780f5f2@sentry.wixpress.com,
ASPEN AEROGELS INC,Aspen Aerogels Inc,aerogel.com,https://ir.aerogel.com/news/default.aspx,,https://www.aerogel.com/contact/,globe@2x.webp,
"ASSEMBLY BIOSCIENCES, INC.",Assembly Biosciences Inc,assemblybio.com,https://investor.assemblybio.com/news-releases/news-release-details/assembly-biosciences-reports-third-quarter-2025-financial,,https://www.assemblybio.com/,info@assemblybio.com,
ASSOCIATED BANC-CORP,Associated BANC-Corp,associatedbank.com,https://investor.associatedbank.com/news/default.aspx,Ben.McCarville@associatedbank.com,https://investor.associatedbank.com/contact-us/information-request/default.aspx,,
"ASSURANT, INC.",Assurant Inc,assurant.com,https://ir.assurant.com/overview/default.aspx,Investor.Relations@assurant.com,https://www.assurant.com/partner-with-us/financial-services/financial-services-contact-us,,
ASSURED GUARANTY LTD,Assured Guaranty Ltd,assuredguaranty.com,https://assuredguaranty.com/contact/investor-relations,,https://assuredguaranty.com/contact,,
"AST SpaceMobile, Inc.",AST Spacemobile Inc,ast-science.com,https://investors.ast-science.com/,,https://ast-science.com/,,
ASTEC INDUSTRIES INC,Astec Industries Inc,,,,,,
ASTRONICS CORP,Astronics Corp,astronics.com,https://investors.astronics.com/,invest@astronics.com,https://www.astronics.com/contact,invest@astronics.com,
ASTROTECH Corp,Astrotech Corp,astrotechcorp.com,https://www.astrotechcorp.com/,605a7baede844d278b89dc95ae0a9123@sentry-next.wixpress.com,https://www.astrotechcorp.com/contact-us,605a7baede844d278b89dc95ae0a9123@sentry-next.wixpress.com,
ASURE SOFTWARE INC,Asure Software Inc,asuresoftware.com,https://investor.asuresoftware.com/financial-information?field_nir_sec_form_group_target_id[496]=496&order=field_nir_sec_date_filed&sort=asc,,https://www.asuresoftware.com/contact-us/,support@asuresoftware.com,
AT&T INC.,At&T Inc,,,,,,
ATAI Life Sciences N.V.,ATAI Life Sciences NV,,,,,,
ATHENA GOLD CORP,Athena GOLD Corp,,,,,,
"ATHERSYS, INC / NEW",Athersys Inc / NEW,,,,,,
ATI INC,ATI Inc,atiinc.com,https://atiinc.com/,info@atiinc.com,https://atiinc.com/contact,info@atiinc.com,
"ATI Physical Therapy, Inc.",ATI Physical Therapy Inc,atipt.com,https://investors.atipt.com/news/default.aspx,,https://www.atipt.com/contact/,PatientAdvocate@atipt.com,
ATIF Holdings Ltd,ATIF Holdings Ltd,atifonline.org,https://atifonline.org/,board@atifonline.org,https://atifonline.org/,board@atifonline.org,
ATLANTIC INTERNATIONAL CORP.,Atlantic International Corp,atlantic-international.com,https://www.atlantic-international.com/file-share,605a7baede844d278b89dc95ae0a9123@sentry-next.wixpress.com,https://www.atlantic-international.com/file-share,605a7baede844d278b89dc95ae0a9123@sentry-next.wixpress.com,
ATMOS ENERGY CORP,Atmos Energy Corp,atmosenergy.com,https://www.investors.atmosenergy.com/resources/contacts/default.aspx,,https://www.investors.atmosenergy.com/,,
"ATN International, Inc.",ATN International Inc,atnglobal.com,https://www.atnglobal.com/about-us,,https://www.atnglobal.com/about-us,,
"ATOSSA THERAPEUTICS, INC.",Atossa Therapeutics Inc,atossatherapeutics.com,https://investors.atossatherapeutics.com/,info@atossainc.com,https://atossatherapeutics.com/contact-us/,info@atossainc.com,
"AUBURN NATIONAL BANCORPORATION, INC",Auburn National Bancorporation Inc,auburnbank.com,https://www.auburnbank.com/,onlinebanking@auburnbank.com,https://www.auburnbank.com/,onlinebanking@auburnbank.com,
AUDIOEYE INC,Audioeye Inc,,,,,,
AURA SYSTEMS INC,AURA Systems Inc,aurasystemsinc.com,https://www.aurasystemsinc.com/,hr@aurasystemsinc.com,https://www.aurasystemsinc.com/about-us.html,hr@aurasystemsinc.com,
AUTOLIV INC,Autoliv Inc,autoliv.com,https://www.autoliv.com/investor-relations,,https://www.autoliv.com/contact-us,,
AUTOMATIC DATA PROCESSING INC,Automatic DATA Processing Inc,globaldata.com,https://www.globaldata.com/company-profile/automatic-data-processing-inc/financials/,,https://www.globaldata.com/company-profile/automatic-data-processing-inc/locations/,,
"AUTONATION, INC.",Autonation Inc,,,,,,
AUTOZONE INC,Autozone Inc,autozone.com,https://investors.autozone.com/investor-overview?order=field_nir_news_date&sort=desc,,https://www.autozone.com/contactus/storeExperience,u003ecustomer.service@autozone.com,
AVADEL PHARMACEUTICALS PLC,Avadel Pharmaceuticals PLC,avadel.com,https://investors.avadel.com/investor-overview?c=67519&p=irol-irhome,,https://www.avadel.com/,,
AVALON HOLDINGS CORP,Avalon Holdings Corp,avalonholdings.com,https://www.avalonholdings.com/,webmaster@avalonholdings.com,https://www.avalonholdings.com/,webmaster@avalonholdings.com,
AVALONBAY COMMUNITIES INC,Avalonbay Communities Inc,avaloncommunities.com,https://www.avaloncommunities.com/about-us/?Section=InvestorRelations,,https://www.avaloncommunities.com/,,
"AVANOS MEDICAL, INC.",Avanos Medical Inc,avanos.com,https://avanos.com/,,https://avanos.com/contact/,DistributorExperience@avanos.com,
AVANT TECHNOLOGIES INC.,Avant Technologies Inc,avanttechnologies.com,https://ir.avanttechnologies.com/,,https://ir.avanttechnologies.com/,,
"AVIAT NETWORKS, INC.",Aviat Networks Inc,aviatnetworks.com,https://investors.aviatnetworks.com/news-releases/news-release-details/aviat-networks-announces-fiscal-2024-fourth-quarter-and-twelve,,https://aviatnetworks.com/contact-us/,,
AVIENT CORP,Avient Corp,avient.com,https://www.avient.com/investors,investorrelations@avient.com,https://www.avient.com/,,
"AVIS BUDGET GROUP, INC.",AVIS Budget Group Inc,avisbudgetgroup.com,https://ir.avisbudgetgroup.com/ir-contacts,,https://www.avisbudgetgroup.com/contact-us/,Payless_Logo@2x.png,
AVISTA CORP,Avista Corp,,,,,,
"AVITA Medical, Inc.",Avita Medical Inc,avitamedical.com,https://ir.avitamedical.com/press-releases/news-releases/,,https://avitamedical.com/contact/,careers@avitamedical.com,
AWARE INC /MA/,Aware Inc,womenawareinc.com,https://www.womenawareinc.com/,605a7baede844d278b89dc95ae0a9123@sentry-next.wixpress.com,https://www.womenawareinc.com/,605a7baede844d278b89dc95ae0a9123@sentry-next.wixpress.com,
AXCELIS TECHNOLOGIES INC,Axcelis Technologies Inc,axcelis.com,https://investor.axcelis.com/?field_nir_sec_form_group_target_id_1[676]=676&order=field_nir_sec_date_filed&sort=asc,,https://www.axcelis.com/about/contact-us/,,
"AXON ENTERPRISE, INC.",AXON Enterprise Inc,,,,,,
AXT INC,AXT Inc,,,,,,
"AYRO, Inc.",AYRO Inc,ayro.com,https://ir.ayro.com/,investors@ayro.com,https://www.ayro.com/support/,producttechnicalsupport@clubcar.com,
"AYTU BIOPHARMA, INC",AYTU Biopharma Inc,aytubio.com,https://investors.aytubio.com/,,https://aytubio.com/contact/,,
AZEK Co Inc.,AZEK Co Inc,azekco.com,https://azekco.com/investor-relations/press-releases/,,https://azekco.com/,,
AZZ INC,AZZ Inc,azz.com,https://www.azz.com/investor-relations/,ngiles@brileyfin.com,https://www.azz.com/contact-us/,info@azz.com,
"Aadi Bioscience, Inc.",Aadi Bioscience Inc,aadibio.com,https://www.aadibio.com/,,https://www.aadibio.com/contact-us/,medinfo@aadibio.com,
AbCellera Biologics Inc.,Abcellera Biologics Inc,abcellera.com,https://investors.abcellera.com/news/default.aspx,,https://www.abcellera.com/contact-us,investors@abcellera.com,
"Abacus Life, Inc.",Abacus Life Inc,abacuslifesettlements.com,https://abacuslifesettlements.com/abacus-life-announces-agreement-to-acquire-carlisle-management-company-sca/,,https://abacuslifesettlements.com/,,
AbbVie Inc.,Abbvie Inc,,,,,,
"Abpro Holdings, Inc.",Abpro Holdings Inc,abpro.co,https://investor.abpro.co/news-events/news-releases,,https://abpro.co/contact/,,
"Academy Sports & Outdoors, Inc.",Academy Sports & Outdoors Inc,academy.com,https://investors.academy.com/?ref=investo.global,,https://www.academy.com/academy-cc-application,,
"Acadia Healthcare Company, Inc.",Acadia Healthcare Company Inc,acadiahealthcare.com,https://www.acadiahealthcare.com/investors/press-releases/article/?id=16366,,https://www.acadiahealthcare.com/about/contact/,,
"Accel Entertainment, Inc.",Accel Entertainment Inc,accelentertainment.com,https://ir.accelentertainment.com/news/default.aspx,ir@accelentertainment.com,https://www.accelentertainment.com/contact-service,,
"Accelerate Diagnostics, Inc",Accelerate Diagnostics Inc,,,,,,
Accenture plc,Accenture PLC,accenture.com,https://investor.accenture.com/,investor.relations@accenture.com,https://www.accenture.com/us-en,,
"Accolade, Inc.",Accolade Inc,,,,,,
"Accredited Solutions, Inc.",Accredited Solutions Inc,accredit-solutions.com,https://www.accredit-solutions.com/,,https://www.accredit-solutions.com/,,
Aceztech Corp,Aceztech Corp,,,,,,
"Aclarion, Inc.",Aclarion Inc,aclarion.com,https://aclarion.com/,info@aclarion.com,https://aclarion.com/,info@aclarion.com,
"Aclaris Therapeutics, Inc.",Aclaris Therapeutics Inc,leadiq.com,https://leadiq.com/c/aclaris-therapeutics-inc/5a1d8aa124000024006479c6,Doe.John@aclaristx.com,https://leadiq.com/c/acrivon-therapeutics-inc/5cb71962220000c90024eb8c,support@leadiq.com,
"Acreage Holdings, Inc.",Acreage Holdings Inc,acreageholdings.com,https://www.acreageholdings.com/,,https://www.acreageholdings.com/contact-us/,info@primewellnesspa.com,
"Actinium Pharmaceuticals, Inc.",Actinium Pharmaceuticals Inc,actiniumpharma.com,https://ir.actiniumpharma.com/,Investorrelations@actiniumpharma.com,https://www.actiniumpharma.com/contact,investorrelations@actiniumpharma.com,
"Acumen Pharmaceuticals, Inc.",Acumen Pharmaceuticals Inc,acumenpharm.com,https://investors.acumenpharm.com/financial-information/sec-filings/,,https://acumenpharm.com/contact/,contactus@acumenpharm.com,
"Acurx Pharmaceuticals, Inc.",Acurx Pharmaceuticals Inc,acurxpharma.com,https://ir.acurxpharma.com/,,https://www.acurxpharma.com/about/management-team,,
Acushnet Holdings Corp.,Acushnet Holdings Corp,,,,,,
"Acutus Medical, Inc.",Acutus Medical Inc,,,,,,
"Adagio Medical Holdings, Inc.",Adagio Medical Holdings Inc,adagiomedical.com,https://investors.adagiomedical.com/,,https://adagiomedical.com/,,
Adamas One Corp.,Adamas One Corp,adamasone.com,https://www.adamasone.com/blogs/news/adamas-one-acquires-minority-equity-stake-in-artificial-intelligence-solutions-provider-nexgenai-solutions-group-inc,,https://www.adamasone.com/pages/privacy-policy,,
AdaptHealth Corp.,Adapthealth Corp,,,,,,
Adaptimmune Therapeutics PLC,Adaptimmune Therapeutics PLC,adaptimmune.com,https://www.adaptimmune.com/investors-and-media,IR@adaptimmune.com,https://www.adaptimmune.com/investors-and-media/sec-filings/all-sec-filings/content/0001104659-25-039042/0001104659-25-039042.pdf,,
Adaptive Biotechnologies Corp,Adaptive Biotechnologies Corp,adaptivebiotech.com,https://investors.adaptivebiotech.com/investor-relations/,,https://www.adaptivebiotech.com/contact-us/,CustomerCare@adaptivebiotech.com,
Addus HomeCare Corp,Addus Homecare Corp,addusjobs.com,https://www.addusjobs.com/,,https://www.addusjobs.com/,,
Adeia Inc.,Adeia Inc,adeia.com,https://investors.adeia.com/ir-resources/online-investor-kit,,https://adeia.com/contact,,
"Adicet Bio, Inc.",Adicet Bio Inc,adicetbio.com,https://investor.adicetbio.com/news-releases/news-release-details/adicet-bio-reports-inducement-grant-under-nasdaq-listing-rule-4/,,https://www.adicetbio.com/,,
Adient plc,Adient PLC,adient.com,https://investors.adient.com/,,https://www.adient.com/contact/,,
Adtalem Global Education Inc.,Adtalem Global Education Inc,adtalem.com,https://investors.adtalem.com/,Investor.Relations@adtalem.com,https://www.adtalem.com/contact-us,inquiries@adtalem.com,
AdvanSix Inc.,Advansix Inc,insidermonkey.com,https://www.insidermonkey.com/blog/advansix-inc-nyseasix-q3-2025-earnings-call-transcript-1642613/,,https://www.insidermonkey.com/blog/advansix-inc-nyseasix-q3-2025-earnings-call-transcript-1642613/,,
Advanced Flower Capital Inc.,Advanced Flower Capital Inc,advancedflowercapital.com,https://investors.advancedflowercapital.com/ir-resources/investor-faqs/,,https://investors.advancedflowercapital.com/ir-resources/contact-ir/,,
"Adverum Biotechnologies, Inc.",Adverum Biotechnologies Inc,adverum.com,https://investors.adverum.com/press_releases/news-details/2025/Adverum-Biotechnologies-Reports-First-Quarter-2025-Financial-Results-and-Provides-Pipeline-Highlights/default.aspx,,https://adverum.com/contact-us/,,
"Aeluma, Inc.",Aeluma Inc,aeluma.com,https://www.aeluma.com/investors,,https://www.aeluma.com/contact,,
AerSale Corp,Aersale Corp,aersale.com,https://ir.aersale.com/,AersaleIR@icrinc.com,https://www.aersale.com/contact,logotype%20only@3x.png,
"Aeries Technology, Inc.",Aeries Technology Inc,aeriestechnology.com,https://ir.aeriestechnology.com/investor-resources/contact-ir,,https://aeriestechnology.com/contact-us/,info@qa2.aeriestechnology.com,
Aerkomm Inc.,Aerkomm Inc,aerkomm.com,https://www.aerkomm.com/investor,212-628-8436info@vstocktransfer.com,https://www.aerkomm.com/,,
AeroVironment Inc,Aerovironment Inc,avinc.com,https://investor.avinc.com/financial-information/sec-filings,,https://www.avinc.com/contact/,AVLogo@2x.svg,
"Aerovate Therapeutics, Inc.",Aerovate Therapeutics Inc,otcmarkets.com,https://www.otcmarkets.com/stock/AVTE/overview,,https://www.otcmarkets.com/stock/AVTE/overview,,
"Aeva Technologies, Inc.",Aeva Technologies Inc,aeva.com,https://investors.aeva.com/?trk=organization_guest_main-feed-card-text,,https://www.aeva.com/contact-us/,,
"Affirm Holdings, Inc.",Affirm Holdings Inc,affirm.com,https://investors.affirm.com/shareholder-services/investor-faqs/,,https://helpcenter.affirm.com/s/contact-us,,
African Agriculture Holdings Inc.,African Agriculture Holdings Inc,africanagriculture.com,https://africanagriculture.com/our-vision,,https://africanagriculture.com/our-vision,,
AgEagle Aerial Systems Inc.,Ageagle Aerial Systems Inc,ageagle.com,https://ageagle.com/wp-content/uploads/2025/07/UAVS_Investor_Presentation_Q1_2025_v3.pdf,,https://ageagle.com/es/formulario-de-contacto/,,
Agape ATP Corp,Agape ATP Corp,agapeatpgroup.com,https://www.agapeatpgroup.com/index_php/other-information/investor-relations,,https://www.agapeatpgroup.com/index_php/agape-atp-corporation/introduction,,
Agriculture & Natural Solutions Acquisition Corp,Agriculture & Natural Solutions Acquisition Corp,,,,,,
Agrify Corp,Agrify Corp,agrify.com,https://ir.agrify.com/investor-relations/,,https://agrify.com/terms-and-conditions/,,
"AiAdvertising, Inc.",Aiadvertising Inc,,,,,,
"Aileron Therapeutics, Inc.",Aileron Therapeutics Inc,inchcalculator.com,https://www.inchcalculator.com/interest-calculator/,,https://www.inchcalculator.com/loan-payoff-calculator/,,
"Aimei Health Technology Co., Ltd.",Aimei Health Technology Co Ltd,,,,,,
"Air Products & Chemicals, Inc.",Air Products & Chemicals Inc,,,,,,
"Air Transport Services Group, Inc.",Air Transport Services Group Inc,airtransport.cc,https://www.airtransport.cc/,,https://www.airtransport.cc/,,
AirJoule Technologies Corp.,Airjoule Technologies Corp,airjouletech.com,https://airjouletech.com/investors/,,https://airjouletech.com/contact/,,
Aircastle LTD,Aircastle Ltd,aircastle.com,https://www.aircastle.com/investors,ir@airastle.com,https://www.aircastle.com/contact,,
"Airsculpt Technologies, Inc.",Airsculpt Technologies Inc,,,,,,
"Airship AI Holdings, Inc.",Airship AI Holdings Inc,airship.com,https://www.airship.com/,HomepageImagery-Unified-orchestration@1x.webp,https://www.airship.com/company/contact-us/,privacy@urbanairship.com,
Akari Therapeutics Plc,Akari Therapeutics PLC,stockanalysis.com,https://stockanalysis.com/stocks/aktx/,,https://stockanalysis.com/stocks/aktx/,,
"Akebia Therapeutics, Inc.",Akebia Therapeutics Inc,akebia.com,https://ir.akebia.com/events-and-presentations,,https://akebia.com/,,
"Akero Therapeutics, Inc.",Akero Therapeutics Inc,insidermonkey.com,https://www.insidermonkey.com/blog/akero-therapeutics-akro-jumps-16-on-5-2-billion-novo-nordisk-merger-1625417/,,https://www.insidermonkey.com/blog/akero-therapeutics-akro-jumps-16-on-5-2-billion-novo-nordisk-merger-1625417/,,
"Akoustis Technologies, Inc.",Akoustis Technologies Inc,akoustis.com,https://akoustis.com/,,https://akoustis.com/contact/,,
"Akoya Biosciences, Inc.",Akoya Biosciences Inc,akoyabio.com,https://investors.akoyabio.com/financial-information/fundamentals/cash-flow/,,https://www.akoyabio.com/contact-us/,customercare@akoyabio.com,
"AlTi Global, Inc.",Alti Global Inc,alti-global.com,https://ir.alti-global.com/ir-resources/investor-email-alerts,,https://ir.alti-global.com/static-files/996e9c75-6c84-46e9-8f36-1608356ec4e1,,
"Alarm.com Holdings, Inc.",alarm.com Holdings Inc,alarm.com,https://investors.alarm.com/investor-overview/default.aspx,,https://www.alarm.com/contact,wecare@alarm.com,
"Alaunos Therapeutics, Inc.",Alaunos Therapeutics Inc,alaunos.com,https://alaunos.com/,info@alaunos.com,https://alaunos.com/contact/,info@alaunos.com,
"Albertsons Companies, Inc.",Albertsons Companies Inc,,,,,,
Alchemy Investments Acquisition Corp 1,Alchemy Investments Acquisition Corp 1,alchemyinvest.co,https://alchemyinvest.co/,,https://alchemyinvest.co/,,
Alcoa Corp,Alcoa Corp,alcoa.com,https://investors.alcoa.com/investor-overview/default.aspx,,https://www.alcoa.com/global/en/contact/general,,
Aldel Financial II Inc.,Aldel Financial II Inc,aldelfinancial.com,https://aldelfinancial.com/,info@aldelfinancial.com,https://aldelfinancial.com/,info@aldelfinancial.com,
"Aldeyra Therapeutics, Inc.",Aldeyra Therapeutics Inc,aldeyra.com,https://www.aldeyra.com/contact-us/,investorrelations@aldeyra.com,https://www.aldeyra.com/contact-us/,investorrelations@aldeyra.com,
"Alexander & Baldwin, Inc.",Alexander & Baldwin Inc,alexanderbaldwin.com,https://investors.alexanderbaldwin.com/,investorrelations@abhi.com,https://alexanderbaldwin.com/,,
"Algorhythm Holdings, Inc.",Algorhythm Holdings Inc,algoholdings.com,https://ir.algoholdings.com/,,https://www.algoholdings.com/,investors@algoholdings.com,
"Alight, Inc. / Delaware",Alight Inc / Delaware,alight.com,https://investor.alight.com/news/default.aspx,Investor.relations@alight.com,https://www.alight.com/,,
"Alignment Healthcare, Inc.",Alignment Healthcare Inc,alignmenthealthplan.com,https://www.alignmenthealthplan.com/,,https://members.alignmenthealthplan.com/,,
"Aligos Therapeutics, Inc.",Aligos Therapeutics Inc,aligos.com,https://aligos.com/investor-relations/,info@aligos.com,https://aligos.com/contact/,info@aligos.com,
Alkermes plc.,Alkermes PLC,alkermes.com,https://investor.alkermes.com/press-releases/,,https://www.alkermes.com/about-us,busdev@alkermes.com,
Allakos Inc.,Allakos Inc,,,,,,
"Allarity Therapeutics, Inc.",Allarity Therapeutics Inc,allarity.com,https://allarity.com/investor-overview/,investorrelations@allarity.com,https://allarity.com/contact/,info@allarity.com,
"Allbirds, Inc.",Allbirds Inc,allbirds.com,https://ir.allbirds.com/resources/contact-ir,,https://www.allbirds.com/,help@allbirds.com,
Allegiant Travel CO,Allegiant Travel Co,,,,,,
Allegion plc,Allegion PLC,allegion.com,https://investor.allegion.com/,,https://www.allegion.com/corp/en/header/contact-us.html,,
Allied Gaming & Entertainment Inc.,Allied Gaming & Entertainment Inc,alliedgaming.gg,https://ir.alliedgaming.gg/,ir@alliedgaming.gg,https://ir.alliedgaming.gg/company-information,ir@alliedgaming.gg,
Allison Transmission Holdings Inc,Allison Transmission Holdings Inc,allisontransmission.com,https://ir.allisontransmission.com/news-and-events/annual-reports,,https://www.allisontransmission.com/,,
"Allogene Therapeutics, Inc.",Allogene Therapeutics Inc,allogene.com,https://ir.allogene.com/?ref=comdurav.com,,https://allogene.com/contact-us/,info@allogene.com,
"Allovir, Inc.",Allovir Inc,patsnap.com,https://discovery.patsnap.com/company/allovir/,,https://discovery.patsnap.com/company/allovir/,,
Ally Financial Inc.,Ally Financial Inc,ally.com,https://media.ally.com/2025-05-21-Ally-Financial-to-present-at-the-Morgan-Stanley-U-S-Financials-Conference,peter.gilchrist@ally.com,https://media.ally.com/2024-11-22-Ally-Banks-Customer-Care-Specialists-are-Allies-for-Customers-on-Banksgiving-and-Every-Day,cristianna.vazquez@ally.com,
Alpha Cognition Inc.,Alpha Cognition Inc,alphacognition.com,https://www.alphacognition.com/investors/,IR@alphacognition.com,https://www.alphacognition.com/contact/,info@alphacognition.com,
Alpha Investment Inc.,Alpha Investment Inc,alphainvestmentsinc.com,https://alphainvestmentsinc.com/,,https://alphainvestmentsinc.com/,,
"Alpha Metallurgical Resources, Inc.",Alpha Metallurgical Resources Inc,alphametresources.com,https://investors.alphametresources.com/investors/events-and-presentations/default.aspx,,https://alphametresources.com/,,
Alpha Star Acquisition Corp,Alpha Star Acquisition Corp,alphaspread.com,https://www.alphaspread.com/security/nasdaq/alsa/summary,,https://www.alphaspread.com/security/nasdaq/alsa/summary,,
"Alpha Teknova, Inc.",Alpha Teknova Inc,teknova.com,https://ir.teknova.com/investor-relations,,https://teknova.com/en/company/support.html,info@teknova.com,
AlphaVest Acquisition Corp.,Alphavest Acquisition Corp,alphavestacquisition.com,https://www.alphavestacquisition.com/investor-relations,605a7baede844d278b89dc95ae0a9123@sentry-next.wixpress.com,https://www.alphavestacquisition.com/,605a7baede844d278b89dc95ae0a9123@sentry-next.wixpress.com,
Alphabet Inc.,Alphabet Inc,alphabet.com,https://www.alphabet.com/en-ww/alphabet-strategic-cooperations/market-coverage.html,,https://www.alphabet.com/en-gb/about-us/contact-us.html?set_language=en-gb,,
"Alphatec Holdings, Inc.",Alphatec Holdings Inc,alphatecspine.com,https://investors.alphatecspine.com/resources/default.aspx,,https://investors.alphatecspine.com/resources/default.aspx,,
"Alpine Income Property Trust, Inc.",Alpine Income Property Trust Inc,alpine-usa.com,https://www.alpine-usa.com/products,,https://support.alpine-usa.com/hc/en-us/requests/new,,
AltEnergy Acquisition Corp,Altenergy Acquisition Corp,altenergyacquisition.com,https://altenergyacquisition.com/,,https://altenergyacquisition.com/contact/,info@altenergyllc.com,
Altair Engineering Inc.,Altair Engineering Inc,altair.com,https://investor.altair.com/node/12301/html,,https://altair.com/customer-support/,,
"Alternus Clean Energy, Inc.",Alternus Clean Energy Inc,cleanenergyfuels.com,https://investors.cleanenergyfuels.com/,Thomas.Driscoll@cleanenergyfuels.com,https://www.cleanenergyfuels.com/about-us/contact,customerservice@cleanenergyfuels.com,
"Altice USA, Inc.",Altice USA Inc,alticeusa.com,https://investors.alticeusa.com/news-events/press-releases,,https://www.alticeusa.com/?ref=website-popularity,,
"Altimmune, Inc.",Altimmune Inc,,,,,,
Altisource Asset Management Corp,Altisource Asset Management Corp,altisourceamc.com,https://www.altisourceamc.com/,,https://www.altisourceamc.com/pages/contact-us/,,
"Alto Ingredients, Inc.",Alto Ingredients Inc,altoingredients.com,https://ir.altoingredients.com/,info@altoingredients.com,https://www.altoingredients.com/contact-us/,,
"Altus Power, Inc.",Altus Power Inc,altuspower.com,https://www.altuspower.com/investor,IR@altuspower.com,https://www.altuspower.com/contact,hello@altuspower.com,
"Alzamend Neuro, Inc.",Alzamend Neuro Inc,alzamend.com,https://alzamend.com/investor-relations/,,https://alzamend.com/,,
AmBase Corp,Ambase Corp,,,,,,
Amalgamated Financial Corp.,Amalgamated Financial Corp,amalgamatedbank.com,https://ir.amalgamatedbank.com/news-releases/news-release-details/amalgamated-financial-corp-reports-fourth-quarter-2024-financial,,https://amalgamatedbank.com/contact-us,name@example.com,
Amcor plc,Amcor PLC,amcor.com,https://www.amcor.com/investors,,https://www.amcor.com/contact-us,,
"Amentum Holdings, Inc.",Amentum Holdings Inc,amentum.com,https://ir.amentum.com/stock-info/default.aspx,,https://www.amentum.com/contact-us/,,
Amerant Bancorp Inc.,Amerant Bancorp Inc,amerantbank.com,https://investor.amerantbank.com/,InvestorRelations@amerantbank.com,https://investor.amerantbank.com/company-information/contacts,media@amerantbank.com,
Ameren Illinois Co,Ameren Illinois Co,amerenillinoissavings.com,https://amerenillinoissavings.com/,,https://amerenillinoissavings.com/contact-us/,IllinoisBusinessEE@ameren.com,
"Ameresco, Inc.",Ameresco Inc,ameresco.com,https://ir.ameresco.com/,lynn.morgen@advisiry.com,https://www.ameresco.com/,,
"AmeriCann, Inc.",Americann Inc,aminc.com,https://www.aminc.com/,,https://www.aminc.com/contact/,,
America Great Health,America Great Health,hcahealthcare.com,https://investor.hcahealthcare.com/news/default.aspx,int.contact@hcahealthcare-ir.com,https://careers.hcahealthcare.com/,,
American Airlines Group Inc.,American Airlines Group Inc,,,,,,
"American Assets Trust, Inc.",American Assets Trust Inc,americanassetstrust.com,https://www.americanassetstrust.com/investors/overview,,https://www.americanassetstrust.com/,,
"American Cannabis Company, Inc.",American Cannabis Company Inc,americancannabiscompany420.com,https://americancannabiscompany420.com/,,https://americancannabiscompany420.com/,,
"American Clean Resources Group, Inc.",American Clean Resources Group Inc,acrgincorp.com,https://acrgincorp.com/investor/,ir@acrgincorp.com,https://acrgincorp.com/wp-content/uploads/2024/05/ACRG-PROFILE.pdf,,
"American Healthcare REIT, Inc.",American Healthcare REIT Inc,americanhealthcarereit.com,https://americanhealthcarereit.com/investor-relations/,,https://americanhealthcarereit.com/contact/,,
American Homes 4 Rent,American Homes 4 Rent,rentalrealestate.com,https://rentalrealestate.com/company/largest-companies/single-family/,info@rentalrealestate.com,https://rentalrealestate.com/company/largest-companies/single-family/,info@rentalrealestate.com,
American National Group Inc.,American National Group Inc,,,,,,
"American Oncology Network, Inc.",American Oncology Network Inc,aoncology.com,https://investors.aoncology.com/news-events/news-releases,,https://www.aoncology.com/payment/,,
"American Outdoor Brands, Inc.",American Outdoor Brands Inc,americanoutdoorgrill.com,https://www.americanoutdoorgrill.com/,,https://www.americanoutdoorgrill.com/,,
American Resources Corp,American Resources Corp,americanresourcescorp.com,https://www.americanresourcescorp.com/investor-relations,investor@americanresourcescorp.com,https://www.americanresourcescorp.com/,investor@americanresourcescorp.com,
American Strategic Investment Co.,American Strategic Investment Co,americanstrategicinvestment.com,https://ir.americanstrategicinvestment.com/resources/investor-contacts/default.aspx,,https://www.americanstrategicinvestment.com/contact.html,info@ar-global.com,
American Well Corp,American Well Corp,americanwellcorp.com,http://americanwellcorp.com/,,http://americanwellcorp.com/,,
Ameris Bancorp,Ameris Bancorp,,,,,,
Amesite Inc.,Amesite Inc,amesite.com,https://ir.amesite.com/,ir@amesite.com,https://www.amesite.com/,info@amesite.com,
"Amneal Pharmaceuticals, Inc.",Amneal Pharmaceuticals Inc,amneal.com,https://investors.amneal.com/news/press-releases/default.aspx,,https://amneal.com/contact/,CustomerRelations@amneal.com,
"Amphastar Pharmaceuticals, Inc.",Amphastar Pharmaceuticals Inc,amphastar.com,https://ir.amphastar.com/,,https://ir.amphastar.com/investor-relations-services/investor-contacts,,
"Ampio Pharmaceuticals, Inc.",Ampio Pharmaceuticals Inc,ampiopharma.com,https://ampiopharma.com/,,https://ampiopharma.com/,,
"AmpliTech Group, Inc.",Amplitech Group Inc,amplitechgroup.com,https://www.amplitechgroup.com/investor-relations,Investors@amplitechgroup.com,https://www.amplitechgroup.com/,sales@amplitechinc.com,
Amplify Energy Corp.,Amplify Energy Corp,,,,,,
"Amplitude, Inc.",Amplitude Inc,amplitude.com,https://investors.amplitude.com/static-files/efbaae71-10e1-40aa-9183-142f19764e77,,https://gethelp.amplitude.com/hc/en-us/requests/new,,
"Amprius Technologies, Inc.",Amprius Technologies Inc,amprius.com,https://ir.amprius.com/,IR@amprius.com,https://amprius.com/,inquire@amprius.com,
"Amylyx Pharmaceuticals, Inc.",Amylyx Pharmaceuticals Inc,biospace.com,https://www.biospace.com/press-releases/amylyx-pharmaceuticals-to-report-second-quarter-2025-financial-results-on-august-7-2025,Investors@amylyx.com,https://www.biospace.com/press-releases/amylyx-pharmaceuticals-to-report-second-quarter-2025-financial-results-on-august-7-2025,Investors@amylyx.com,
"Andersons, Inc.",Andersons Inc,andersonsinc.com,https://investors.andersonsinc.com/,InvestorRelations@andersonsinc.com,https://www.andersonsinc.com/contact/,talentacquisition@andersonsinc.com,
Andretti Acquisition Corp. II,Andretti Acquisition Corp II,andrettiacquisition.com,https://andrettiacquisition.com/,,https://andrettiacquisition.com/,,
"Anebulo Pharmaceuticals, Inc.",Anebulo Pharmaceuticals Inc,,,,,,
"Angel Oak Mortgage REIT, Inc.",Angel Oak Mortgage REIT Inc,angeloakreit.com,https://ir.angeloakreit.com/events-and-presentations/default.aspx,,https://angeloakreit.com/contact-us/,,
Angi Inc.,Angi Inc,angi.com,https://ir.angi.com/?path=charlotte,,https://legal.angi.com/,privacyofficer@angieslist.com,
"Anika Therapeutics, Inc.",Anika Therapeutics Inc,anika.com,https://ir.anika.com/,investorrelations@anika.com,https://anika.com/about-anika/contact/,customerservice@anika.com,
Anixa Biosciences Inc,Anixa Biosciences Inc,anixa.com,https://ir.anixa.com/,,https://www.anixa.com/contact,info@anixa.com,
"Ankam, Inc.",Ankam Inc,ankamug.com,https://ankamug.com/,info@ankamug.com,https://ankamug.com/,info@ankamug.com,
"Annexon, Inc.",Annexon Inc,annexonbio.com,https://ir.annexonbio.com/investor-relations,,https://annexonbio.com/,info@annexonbio.com,
"Annovis Bio, Inc.",Annovis Bio Inc,annovisbio.com,https://www.annovisbio.com/investors-relations,ir@annovisbio.com,https://www.annovisbio.com/contact-us,info@annovisbio.com,
Anteris Technologies Global Corp.,Anteris Technologies Global Corp,anterisglobal.com,https://www.anterisglobal.com/,howard@anterisglobal.com,https://www.anterisglobal.com/,info@anterisglobal.com,
Anterix Inc.,Anterix Inc,seekingalpha.com,https://seekingalpha.com/article/4843362-anterix-inc-atex-q2-2026-earnings-call-transcript,,https://seekingalpha.com/symbol/ATEX,,
Antiaging Quantum Living Inc.,Antiaging Quantum Living Inc,otcmarkets.com,https://www.otcmarkets.com/stock/AAQL/overview,,https://www.otcmarkets.com/stock/AAQL/profile,,
Anywhere Real Estate Inc.,Anywhere Real Estate Inc,,,,,,
"Apellis Pharmaceuticals, Inc.",Apellis Pharmaceuticals Inc,apellis.com,https://investors.apellis.com/news-releases/news-release-details/apellis-pharmaceuticals-reports-fourth-quarter-and-full-year-6,,https://apellis.com/contact-us/,medinfo@apellis.com,
"Apogee Therapeutics, Inc.",Apogee Therapeutics Inc,apogeetherapeutics.com,https://investors.apogeetherapeutics.com/investor-resources/investor-faqs,,https://www.apogeetherapeutics.com/contact,info@apogeetherapeutics.com,
"Apollo Commercial Real Estate Finance, Inc.",Apollo Commercial Real Estate Finance Inc,apollo.com,https://www.apollo.com/,,https://www.apollo.com/strategies/asset-management/real-assets/real-estate,,
"Apollo Global Management, Inc.",Apollo Global Management Inc,apollo.com,https://ir.apollo.com/,,https://www.apollo.com/aboutus/contact-us,EuropeanMedia@apollo.com,
AppLovin Corp,Applovin Corp,applovin.com,https://investors.applovin.com/overview/default.aspx,,https://www.applovin.com/,,
AppTech Payments Corp.,Apptech Payments Corp,apptechcorp.com,https://apptechcorp.com/stock-price/,,https://apptechcorp.com/contact/,,
"Apple Hospitality REIT, Inc.",Apple Hospitality REIT Inc,applehospitalityreit.com,https://ir.applehospitalityreit.com/News/,,https://applehospitalityreit.com/contact-us/,info@applehospitalityreit.com,
Apple Inc.,Apple Inc,apple.com,https://investor.apple.com/investor-relations/,,https://www.apple.com/contact/,,
"Apple iSports Group, Inc.",Apple Isports Group Inc,appleisports.com,https://corporate.appleisports.com/,,https://corporate.appleisports.com/,,
Applied Digital Corp.,Applied Digital Corp,applieddigital.com,https://ir.applieddigital.com/,APLD@Gateway-grp.com,https://www.applieddigital.com/contact,APLD@gatewayir.com,
"Applied Therapeutics, Inc.",Applied Therapeutics Inc,appliedtherapeutics.com,https://www.appliedtherapeutics.com/investors-media/,,https://www.appliedtherapeutics.com/contact-us/,info@appliedtherapeutics.com,
"Applied UV, Inc.",Applied UV Inc,,,,,,
"Appsoft Technologies, Inc.",Appsoft Technologies Inc,appsoft-technologies.com,https://appsoft-technologies.com/,contact@appsoft-technologies.com,https://appsoft-technologies.com/,contact@appsoft-technologies.com,
"Aprea Therapeutics, Inc.",Aprea Therapeutics Inc,aprea.com,https://ir.aprea.com/news-releases/news-release-details/aprea-therapeutics-reports-second-quarter-2025-financial-results,,https://aprea.com/contact-aprea-therapeutics/,,
Aptevo Therapeutics Inc.,Aptevo Therapeutics Inc,aptevotherapeutics.com,https://aptevotherapeutics.com/investors-sample/,,https://aptevotherapeutics.com/,,
Aptiv PLC,Aptiv PLC,aptiv.com,https://ir.aptiv.com/overview/default.aspx,,https://www.aptiv.com/,,
Aptose Biosciences Inc.,Aptose Biosciences Inc,aptose.com,https://www.aptose.com/investors,ir@aptose.com,https://www.aptose.com/contact,,
Apyx Medical Corp,Apyx Medical Corp,apyxmedical.com,https://apyxmedical.com/investor_relations/,shareholder@broadridge.com,https://apyxmedical.com/contact-us/,,
"Aqua Metals, Inc.",Aqua Metals Inc,aquametals.com,https://ir.aquametals.com/,AQMS@fnkir.com,https://ir.aquametals.com/contacts,AQMS@fnkir.com,
Aquaron Acquisition Corp.,Aquaron Acquisition Corp,stockanalysis.com,https://stockanalysis.com/quote/otc/AQUC/,,https://stockanalysis.com/quote/otc/AQUC/company/,,
"Aquestive Therapeutics, Inc.",Aquestive Therapeutics Inc,aquestive.com,https://investors.aquestive.com/news-releases/news-release-details/aquestive-therapeutics-reports-third-quarter-2025-financial,,https://aquestive.com/,info@aquestive.com,
Aramark,Aramark,aramark.com,https://www.aramark.com/newsroom/news/2025/march/aramark-receives-extel-s-all-american-executive-team-most-honore,,https://www.aramark.com/contact-us,,
Arax Holdings Corp,Arax Holdings Corp,araxpartners.com,https://araxpartners.com/,info@araxpartners.com,https://araxpartners.com/,info@araxpartners.com,
Arbutus Biopharma Corp,Arbutus Biopharma Corp,arbutusbio.com,https://investor.arbutusbio.com/annual-reports,,https://www.arbutusbio.com/contact-us/,bd@arbutusbio.com,
"Arcadia Biosciences, Inc.",Arcadia Biosciences Inc,arcadiabio.com,https://ir.arcadiabio.com/news-events/press-releases,,https://arcadiabio.com/contact/,info@arcadiabio.com,
Arcadium Lithium plc,Arcadium Lithium PLC,arcadiumlithium.com,https://ir.arcadiumlithium.com/investors/company-information/company-profile/default.aspx,,https://arcadiumlithium.com/contact_us/,,
"Arcellx, Inc.",Arcellx Inc,,,,,,
Archer Aviation Inc.,Archer Aviation Inc,archer.com,https://investors.archer.com/news/default.aspx,,https://www.archer.com/,INFO@ARCHER.COM,
Archer-Daniels-Midland Co,Archer-Daniels-Midland Co,trendspider.com,https://trendspider.com/markets/symbols/ADM/,,https://trendspider.com/learning-center/archer-daniels-midland-company-adm/,,
"Archrock, Inc.",Archrock Inc,archrock.com,https://www.archrock.com/aroc-investor-relations/,,https://www.archrock.com/contact/,kyle.jantzen@archrock.com,
Arcimoto Inc,Arcimoto Inc,arcimoto.com,https://www.arcimoto.com/,support@arcimoto.com,https://www.arcimoto.com/,support@arcimoto.com,
"Arcosa, Inc.",Arcosa Inc,arcosa.com,https://ir.arcosa.com/financials-filings/quarterly-earnings-results/default.aspx,,https://www.arcosa.com/,,
Arcturus Therapeutics Holdings Inc.,Arcturus Therapeutics Holdings Inc,investorshangout.com,https://investorshangout.com/arcturus-therapeutics-welcomes-dr-moncef-slaoui-as-chair-designate-203636-/,contact@investorshangout.com,https://investorshangout.com/arcturus-therapeutics-welcomes-dr-moncef-slaoui-as-chair-designate-203636-/,contact@investorshangout.com,
"Arcus Biosciences, Inc.",Arcus Biosciences Inc,arcusbio.com,https://investors.arcusbio.com/investors-and-media/press-releases/default.aspx,,https://arcusbio.com/about-us/contact-us/,,
"Arcutis Biotherapeutics, Inc.",Arcutis Biotherapeutics Inc,arcutis.com,https://investors.arcutis.com/investor-relations/?order=field_nir_sec_form&sort=asc,,https://www.arcutis.com/contact/,media@arcutis.com,
"Ardent Health Partners, Inc.",Ardent Health Partners Inc,ardenthealth.com,https://ir.ardenthealth.com/news/default.aspx,Investor.Relations@ardenthealth.com,https://ardenthealth.com/,,
"Arena Group Holdings, Inc.",Arena Group Holdings Inc,arenagroup.com,https://arenagroup.com/news-insights/,,https://arenagroup.com/usa/,,
Ares Commercial Real Estate Corp,Ares Commercial Real Estate Corp,arescre.com,https://www.arescre.com/about-ares-commercial-real-estate,,https://www.arescre.com/,,
Ares Management Corp,Ares Management Corp,arescapitalcorp.com,https://ir.arescapitalcorp.com/,,https://www.arescapitalcorp.com/about-ares-capital-corporation,,
"Argo Group International Holdings, Inc.",Argo Group International Holdings Inc,argogroup.com,https://www.argogroup.com/investors/shareholder-documents-information/,,https://www.argogroup.com/contact/,,
"Arhaus, Inc.",Arhaus Inc,arhaus.com,https://ir.arhaus.com/news-events/presentations,,https://www.arhaus.com/pages/contact-us,,
"Aris Water Solutions, Inc.",Aris Water Solutions Inc,ariswater.com,https://ir.ariswater.com/company-information,,https://www.ariswater.com/contact/,contact@ariswater.com,
"Arista Networks, Inc.",Arista Networks Inc,,,,,,
"Armada Hoffler Properties, Inc.",Armada Hoffler Properties Inc,armadahoffler.com,https://ir.armadahoffler.com/news-and-events/annual-meeting,,https://armadahoffler.com/,,
"Armata Pharmaceuticals, Inc.",Armata Pharmaceuticals Inc,armatapharma.com,https://www.armatapharma.com/contact-us/,ir@armatapharma.com,https://www.armatapharma.com/contact-us/,info@armatapharma.com,
Armlogi Holding Corp.,Armlogi Holding Corp,armlogi.com,https://www.armlogi.com/,larry@armlogi.com,https://www.armlogi.com/,info@armlogi.com,
"Armour Residential REIT, Inc.",Armour Residential REIT Inc,,,,,,
Arogo Capital Acquisition Corp.,Arogo Capital Acquisition Corp,arogocapital.com,http://arogocapital.com/,info@arogocapital.com,http://arogocapital.com/,info@arogocapital.com,
"Arq, Inc.",Arq Inc,arq.com,https://ir.arq.com/,,https://www.arq.com/contact-2/,investors@arq.com,
"Array Technologies, Inc.",Array Technologies Inc,arraytechinc.com,https://ir.arraytechinc.com/financial-information/sec-filings/,,https://arraytechinc.com/contact-us/,sales@arraytechinc.com,
"ArriVent BioPharma, Inc.",Arrivent Biopharma Inc,arrivent.com,https://ir.arrivent.com/news-events/news-releases,,https://arrivent.com/contact-us/,info@arrivent.com,
"Arteris, Inc.",Arteris Inc,arteris.com,https://ir.arteris.com/financial-information/annual-reports,,https://www.arteris.com/contact/,info@arteris.com,
Arthur J. Gallagher & Co.,Arthur J Gallagher & Co,arthurwiki.com,https://arthurwiki.com/wiki/Secondary_audio_program,,https://arthurwiki.com/wiki/Tough_Customers,,
Artificial Intelligence Technology Solutions Inc.,Artificial Intelligence Technology Solutions Inc,merriam-webster.com,https://www.merriam-webster.com/dictionary/artificial+intelligence,a%20pencil%20broken%20in%20half%20on%20top%20of%20a%20test%20answer%20sheet-9746-91b598ef45b1c6d80850914717a80db8@1x.jpg,https://www.merriam-webster.com/dictionary/artificial+intelligence,a%20pencil%20broken%20in%20half%20on%20top%20of%20a%20test%20answer%20sheet-9746-91b598ef45b1c6d80850914717a80db8@1x.jpg,
"Artisan Consumer Goods, Inc.",Artisan Consumer Goods Inc,artisanla.com,https://artisanla.com/about/,artisanlajewelry@gmail.com,https://artisanla.com/about/,artisanlajewelry@gmail.com,
Artisan Partners Asset Management Inc.,Artisan Partners Asset Management Inc,artisanla.com,https://artisanla.com/,artisanlajewelry@gmail.com,https://artisanla.com/contact1/,artisanlajewelry@gmail.com,
"Artiva Biotherapeutics, Inc.",Artiva Biotherapeutics Inc,artivabio.com,https://www.artivabio.com/,,https://www.artivabio.com/contact/,info@artivabio.com,
"Asana, Inc.",Asana Inc,asana.com,https://investors.asana.com/news-releases/news-release-details/asana-announce-first-quarter-fiscal-year-2026-financial-results,,https://asana.com/customer-success,x@mail.asana.com,
"Ascend Wellness Holdings, Inc.",Ascend Wellness Holdings Inc,ascendtelehealth.com,https://www.ascendtelehealth.com/,azreferrals@ascendtelehealth.com,https://www.ascendtelehealth.com/,azreferrals@ascendtelehealth.com,
"Ascent Solar Technologies, Inc.",Ascent Solar Technologies Inc,ascentsolar.com,https://ascentsolar.com/investor-relations,,https://ascentsolar.com/,,
"Aspen Technology, Inc.",Aspen Technology Inc,aspentech.com,https://www.aspentech.com/en/resources/press-releases/azpn-q2-fy25-earnings,ir@aspentech.com,https://www.aspentech.com/en/resources/other/contact-us,info@aspentech.com,
Aspira Women's Health Inc.,Aspira Women S Health Inc,womenshealthaz.com,https://www.womenshealthaz.com/,info@womenshealthaz.com,https://www.womenshealthaz.com/,info@womenshealthaz.com,
"Assertio Holdings, Inc.",Assertio Holdings Inc,globenewswire.com,https://www.globenewswire.com/news-release/2025/03/12/3041741/0/en/Assertio-Reports-Fourth-Quarter-and-Full-Year-2024-Financial-Results.html,mkreps@darrowir.com,https://www.globenewswire.com/news-release/2024/01/10/2807474/0/en/ASSERTIO-HOLDINGS-INC-SHAREHOLDER-ALERT-Bernstein-Liebhard-LLP-Announces-that-a-Securities-Class-Action-Lawsuit-Has-Been-Filed-Against-Assertio-Holdings-Inc-NASDAQ-ASRT.html,pallocco@bernlieb.com,
Asset Entities Inc.,Asset Entities Inc,assetentities.com,https://www.assetentities.com/,web@assetentities.com,https://www.assetentities.com/,web@assetentities.com,
Assure Holdings Corp.,Assure Holdings Corp,assurehealthofaz.com,https://www.assurehealthofaz.com/about-us.html,,https://www.assurehealthofaz.com/contact.html,Hello@AssureHealthofAZ.com,
"Astera Labs, Inc.",Astera Labs Inc,asteralabs.com,https://ir.asteralabs.com/news-events/news-releases,,https://www.asteralabs.com/contact-us/,chosen-sprite@2x.png,
"Astrana Health, Inc.",Astrana Health Inc,astranahealth.com,https://ir.astranahealth.com/,Grant.hesser@astranahealth.com,https://www.astranahealth.com/contact/,,
"Astria Therapeutics, Inc.",Astria Therapeutics Inc,astriatrials.com,https://astriatrials.com/,,https://www.astriatrials.com/,,
"AstroNova, Inc.",Astronova Inc,astronovainc.com,https://investors.astronovainc.com/investors/investors/default.aspx?LanguageId=1,,https://www.astronovainc.com/contact-us/,,
"Atara Biotherapeutics, Inc.",Atara Biotherapeutics Inc,atarabio.com,https://investors.atarabio.com/,adaugherty@atarabio.com,https://www.atarabio.com/contact/,office@atarabio.com,
"Aterian, Inc.",Aterian Inc,aterianplc.com,https://aterianplc.com/,investors@aterianplc.com,https://aterianplc.com/,investors@aterianplc.com,
Athena Technology Acquisition Corp. II,Athena Technology Acquisition Corp II,athenacap.com,https://www.athenacap.com/in-the-news,Info@athena.com,https://www.athenacap.com/in-the-news,Info@athena.com,
Athene Holding Ltd.,Athene Holding Ltd,athene.com,https://ir.athene.com/,,https://www.athene.com/support/contact,askcustomerservice@gafg.com,
"Athira Pharma, Inc.",Athira Pharma Inc,athira.com,https://www.athira.com/investors/,,https://www.athira.com/contact/,,
Atkore Inc.,Atkore Inc,atkore.com,https://investors.atkore.com/investors/news/default.aspx,,https://www.atkore.com/support/contact-us,globe@2x.png,
Atlantic Union Bankshares Corp,Atlantic Union Bankshares Corp,atlanticunionbank.com,https://investors.atlanticunionbank.com/,investor.relations@atlanticunionbank.com,https://www.atlanticunionbank.com/,customer.advocate@atlanticunionbank.com,
Atlantis Glory Inc.,Atlantis Glory Inc,otcmarkets.com,https://www.otcmarkets.com/stock/AGLY/overview,,https://www.otcmarkets.com/stock/AGLY/overview,,
Atlas Energy Solutions Inc.,Atlas Energy Solutions Inc,atlas.energy,https://ir.atlas.energy/,IR@atlas.energy,https://www.atlas.energy/contact-us/,,
Atlas Lithium Corp,Atlas Lithium Corp,atlas-lithium.com,https://www.atlas-lithium.com/investors/,,https://www.atlas-lithium.com/contact/,,
"AtlasClear Holdings, Inc.",Atlasclear Holdings Inc,atlasclear.com,https://www.atlasclear.com/investors,user@domain.com,https://www.atlasclear.com/,user@domain.com,
Atlassian Corp,Atlassian Corp,atlassian.com,https://investors.atlassian.com/?ref=marketsplash.com,,https://www.atlassian.com/company/contact,press@atlassian.com,
Atmus Filtration Technologies Inc.,Atmus Filtration Technologies Inc,atmus.com,https://investors.atmus.com/stock-info/default.aspx,,https://www.atmus.com/,,
Atomera Inc,Atomera Inc,atomera.com,https://ir.atomera.com/?url_redirect=true,,https://atomera.com/contact-us/,info@atomera.com,
"AtriCure, Inc.",Atricure Inc,atricure.com,https://ir.atricure.com/?trk=public_post_share-update_update-text,,https://www.atricure.com/,,
Aurinia Pharmaceuticals Inc.,Aurinia Pharmaceuticals Inc,auriniapharma.com,https://www.auriniapharma.com/investors,ir@auriniapharma.com,https://www.auriniapharma.com/company/contact,medinfo@auriniapharma.com,
"Aurora Innovation, Inc.",Aurora Innovation Inc,aurorainnovation.com,https://aurorainnovation.com/en/,info@aurorainnovation.com,https://aurorainnovation.com/en/,info@aurorainnovation.com,
Australian Oilseeds Holdings Ltd,Australian Oilseeds Holdings Ltd,australianoilseeds.com,http://australianoilseeds.com/,,https://australianoilseeds.com/about-us/contact-us/,admin@australianoilseeds.com,
"Auto Parts 4Less Group, Inc.",Auto Parts 4Less Group Inc,costlessautopartsaz.com,https://costlessautopartsaz.com/auto-parts/,,https://costlessautopartsaz.com/auto-parts/,,
"Autodesk, Inc.",Autodesk Inc,,,,,,
Autolus Therapeutics plc,Autolus Therapeutics PLC,autolus.com,https://www.autolus.com/investor-relations-media/,,https://www.autolus.com/contact-us/,,
"Autonomix Medical, Inc.",Autonomix Medical Inc,investorshangout.com,https://investorshangout.com/autonomix-medical-secures-new-auditor-and-stock-split-approval-82998-/,contact@investorshangout.com,https://investorshangout.com/innovative-grant-for-new-employee-at-autonomix-medical-inc-249971-/,contact@investorshangout.com,
Avalon GloboCare Corp.,Avalon Globocare Corp,avalon-globocare.com,https://www.avalon-globocare.com/investors,info@avalon-globocare.com,https://www.avalon-globocare.com/contact,info@avalon-globocare.com,
"Avantor, Inc.",Avantor Inc,avantorsciences.com,https://ir.avantorsciences.com/investors/news-and-events/news/news-details/2025/Avantor-Reports-Fourth-Quarter-and-Full-Year-2024-Results/default.aspx,,https://www.avantorsciences.com/global/en/support/contact,,
"AvePoint, Inc.",Avepoint Inc,avepoint.com,https://www.avepoint.com/ir,IR@avepoint.com,https://www.avepoint.com/contact,sales@avepoint.com,
"Aveanna Healthcare Holdings, Inc.",Aveanna Healthcare Holdings Inc,aveanna.com,https://ir.aveanna.com/news-events/news-releases/,,https://www.aveanna.com/,,
"Avenir Wellness Solutions, Inc.",Avenir Wellness Solutions Inc,tucsonwellnessmd.com,https://tucsonwellnessmd.com/weight-loss/,Info@TucsonWellnessMD.com,https://tucsonwellnessmd.com/,Info@TucsonWellnessMD.com,
Avery Dennison Corp,Avery Dennison Corp,averydennison.com,https://www.investors.averydennison.com/overview/default.aspx,,https://www.averydennison.com/en/home/contact-us.html,,
"AvidXchange Holdings, Inc.",Avidxchange Holdings Inc,avidxchange.com,https://ir.avidxchange.com/news-releases/news-release-details/avidxchange-announces-second-quarter-2025-financial-results,,https://www.avidxchange.com/notice-to-customers/,,
"Avidity Biosciences, Inc.",Avidity Biosciences Inc,aviditybiosciences.com,https://www.aviditybiosciences.com/,info@aviditybio.com,https://www.aviditybiosciences.com/contact-us,info@aviditybio.com,
Avinger Inc,Avinger Inc,avinger.com,https://avinger.com/about-avinger/investors/,,https://avinger.com/about-avinger/contact/,cs@avinger.com,
"Awaysis Capital, Inc.",Awaysis Capital Inc,awaysisgroup.com,https://ir.awaysisgroup.com/,,https://www.awaysisgroup.com/about-awaysis/,info@awaysiscapital.com,
Axalta Coating Systems Ltd.,Axalta Coating Systems Ltd,axalta.com,https://ir.axalta.com/,Colleen.Lubic@axalta.com,https://www.axalta.com/corporate/en_US/contacts/customer-contacts.html,jessica.xia@axalta.com,
"Axil Brands, Inc.",Axil Brands Inc,goaxil.com,https://goaxil.com/blogs/press-releases/axil-brands-inc-reports-third-quarter-fiscal-year-2024-financial-results,investors@axilbrands.com,https://goaxil.com/pages/contact-us,customersupport@goaxil.com,
"Axogen, Inc.",Axogen Inc,axogeninc.com,https://ir.axogeninc.com/,investorrelations@axogeninc.com,https://www.axogeninc.com/contact/,customercare@axogenInc.com,
"Axos Financial, Inc.",Axos Financial Inc,,,,,,
"Axsome Therapeutics, Inc.",Axsome Therapeutics Inc,axsome.com,https://www.axsome.com/,info@axsome.com,https://www.axsome.com/contact-us/,info@axsome.com,
"Ayala Pharmaceuticals, Inc.",Ayala Pharmaceuticals Inc,ayalapharma.com,https://ayalapharma.com/sec.php,,https://ayalapharma.com/,,
"Azenta, Inc.",Azenta Inc,azenta.com,https://investors.azenta.com/,ir@azenta.com,https://www.azenta.com/contact-us,service@barkey.de,
"Azitra, Inc.",Azitra Inc,azitrainc.com,https://ir.azitrainc.com/news-events/news-releases?page=1,,https://azitrainc.com/contact/,info@azitrainc.com,
"B&G Foods, Inc.",B&G Foods Inc,bgfoods.com,https://bgfoods.com/investor-relations/,,https://bgfoods.com/faq/,,
"B. Riley Financial, Inc.",B Riley Financial Inc,brileyfin.com,https://ir.brileyfin.com/,ir@brileyfin.com,https://brileyfin.com/contact-us,dynamix-logo-white@2x.png,
BADGER METER INC,Badger Meter Inc,badgermeter.com,https://investors.badgermeter.com/events-and-presentations/default.aspx,,https://www.badgermeter.com/contact-us,,
BALCHEM CORP,Balchem Corp,balchem.com,https://balchem.com/investors/,communications@balchem.com,https://balchem.com/,communications@balchem.com,
BALL Corp,BALL Corp,,,,,,
"BALLY, CORP.",Bally Corp,,,,,,
BALTIC INTERNATIONAL USA INC,Baltic International USA Inc,baltic-intl.com,http://baltic-intl.com/JV-Rhodes.html,,http://baltic-intl.com/Contact.html,,
"BANC OF CALIFORNIA, INC.",BANC OF California Inc,,,,,,
BANCFIRST CORP /OK/,Bancfirst Corp,bancfirstonline.com,https://www.bancfirstonline.com/dbank/live/static/html/login_help.html,,https://www.bancfirstonline.com/bridge/TPV/mv/bpp/bp_contactus.html,,
BANK OF AMERICA CORP /DE/,BANK OF America Corp,bankofamerica.com,https://investor.bankofamerica.com/,,https://www.bankofamerica.com/customer-service/contact-us/,xxx@xxx.xxx,
BANK OF HAWAII CORP,BANK OF Hawaii Corp,bankofamerica.com,https://investor.bankofamerica.com/,,https://about.bankofamerica.com/content/dam/about/report-center/fact-sheets/united-states/hawaii/Hawaii_StateFactSheet.pdf,cFD.@r.Hn,
BANK OF THE JAMES FINANCIAL GROUP INC,BANK OF THE James Financial Group Inc,bankofthejames.bank,https://www.bankofthejames.bank/investor-relations/,,https://www.bankofthejames.bank/,,
BARNES GROUP INC,Barnes Group Inc,,,,,,
BARNWELL INDUSTRIES INC,Barnwell Industries Inc,brninc.com,https://ir.brninc.com/,barnwellinfo@brninc.com,https://ir.brninc.com/ir-contact/,barnwellinfo@brninc.com,
BARRETT BUSINESS SERVICES INC,Barrett Business Services Inc,congtymkt.com,https://barrettbusi.congtymkt.com/,,https://barrettbusi.congtymkt.com/,,
"BASANITE, INC.",Basanite Inc,stockanalysis.com,https://stockanalysis.com/quote/otc/BASA/statistics/,,https://stockanalysis.com/quote/otc/BASA/company/,,
BASSETT FURNITURE INDUSTRIES INC,Bassett Furniture Industries Inc,bassettfurniture.com,https://investors.bassettfurniture.com/sec-filings,,https://www.bassettfurniture.com/customer-service-faq.html,hingesandhandles@gmail.com,
BATTALION OIL CORP,Battalion OIL Corp,battalionoil.com,https://battalionoil.com/investors/,,https://battalionoil.com/contact-us/,InvestorRelations@battalionoil.com,
BAXTER INTERNATIONAL INC,Baxter International Inc,baxter.com,https://investor.baxter.com/,,https://www.baxter.com/contact-us,,
"BBX Capital, Inc.",BBX Capital Inc,bbxcapital.com,https://ir.bbxcapital.com/,accessibility@bbxcapital.com,https://bbxcapital.com/about-us/bbx-overview/icon_customer-service/,info@bbxcapital.com,
BCB BANCORP INC,BCB Bancorp Inc,bcbcommunitybank.com,https://investorrelations.bcbcommunitybank.com/corporate-information/corporate-profile/default.aspx,,https://investorrelations.bcbcommunitybank.com/corporate-information/corporate-profile/default.aspx,,
BEACON ROOFING SUPPLY INC,Beacon Roofing Supply Inc,,,,,,
BEASLEY BROADCAST GROUP INC,Beasley Broadcast Group Inc,rivals.com,https://tennessee.rivals.com/news/aaron-beasley-makes-up-for-keenan-pili-s-absence-with-night-of-dominance,,https://tennessee.rivals.com/news/aaron-beasley-makes-up-for-keenan-pili-s-absence-with-night-of-dominance,,
BEAZER HOMES USA INC,Beazer Homes USA Inc,beazer.com,https://ir.beazer.com/stock-information/stock-quote,,https://www.beazer.com/,,
BECTON DICKINSON & CO,Becton Dickinson & Co,headquartersoffice.com,https://headquartersoffice.com/becton-dickinson/,,https://headquartersoffice.com/becton-dickinson/,,
BEL FUSE INC /NJ,BEL FUSE Inc /Nj,belfuse.com,https://ir.belfuse.com/index.php/investor-relations,,https://www.belfuse.com/company/contact-us,,
BELDEN INC.,Belden Inc,belden.com,https://investor.belden.com/overview/default.aspx,investor.relations@belden.com,https://www.belden.com/support/contact-us,,
"BELLRING BRANDS, INC.",Bellring Brands Inc,bellring.com,https://bellring.com/investors,,https://bellring.com/,,
BENCHMARK ELECTRONICS INC,Benchmark Electronics Inc,benchmark.com,https://www.benchmark.com/,,https://benchmark.com/,,
BENTLEY SYSTEMS INC,Bentley Systems Inc,bentley.com,https://www.bentley.com/company/investor-relations/,,https://docs.bentley.com/LiveContent/web/Bentley+WaterGEMS+SS6-v1/en/GUID-7B5132B62EAE462A9E57770234B17A1E.html,jason.coleman@bentley.com,
BERKLEY W R CORP,Berkley W R Corp,berkley.com,https://ir.berkley.com/overview/default.aspx,investorRelations@berkley.com,https://ir.berkley.com/resources/investor-contacts/default.aspx,,
BERKSHIRE HATHAWAY INC,Berkshire Hathaway Inc,berkshirehathaway.com,https://www.berkshirehathaway.com/reports.html,,https://www.berkshirehathaway.com/,,
BERKSHIRE HILLS BANCORP INC,Berkshire Hills Bancorp Inc,,,,,,
"BERRY GLOBAL GROUP, INC.",Berry Global Group Inc,berryglobal.com,https://ir.berryglobal.com/static-files/674e2ef7-fa41-4a0b-a49b-2cf62ab452e1,,https://www.berryglobal.com/en/capabilities/process-support,,
BEST BUY CO INC,BEST BUY Co Inc,,,,,,
"BEYOND MEAT, INC.",Beyond MEAT Inc,beyondmeat.com,https://investors.beyondmeat.com/?page=4,,https://www.beyondmeat.com/en-US/contact/,,
"BEYOND, INC.",Beyond Inc,beyond-inc.org,https://beyond-inc.org/,info@indiantypefoundry.com,https://beyond-inc.org/,info@indiantypefoundry.com,
"BGC Group, Inc.",BGC Group Inc,bgc-group.com,https://bgc-group.com/,chr@support.bgc-group.com,https://bgc-group.com/contact-us/,chr@support.bgc-group.com,
"BGSF, INC.",BGSF Inc,bgsf.com,https://investor.bgsf.com/overview/default.aspx,Ir@bgsf.com,https://www.bgsf.com/contact-us,79baaa8e09c746d2b7401643b99792e0@sentry.wixpress.com,
BICYCLE THERAPEUTICS PLC,Bicycle Therapeutics PLC,bicycletherapeutics.com,https://www.bicycletherapeutics.com/,info@bicycletx.com,https://www.bicycletherapeutics.com/,info@bicycletx.com,
BIG 5 SPORTING GOODS Corp,BIG 5 Sporting Goods Corp,,,,,,
BIG LOTS INC,BIG LOTS Inc,biglots.com,https://www.biglots.com/?zcp=CJ-_-2210202-_-1932205-_-WhaleShark+Media:+RetailMeNot.com&ref=CJ,,https://assets.biglots.com/is/content/biglots/User-Agreement-2016pdf,,
"BILL Holdings, Inc.",BILL Holdings Inc,bill.com,https://investor.bill.com/,,https://investor.bill.com/,,
BIMI Holdings Inc.,BIMI Holdings Inc,,,,,,
"BIMINI CAPITAL MANAGEMENT, INC.",Bimini Capital Management Inc,biminicapitalmanagement.com,https://biminicapitalmanagement.com/,support@biminicapitalmanagement.com,https://biminicapitalmanagement.com/,support@biminicapitalmanagement.com,
BIO KEY INTERNATIONAL INC,BIO KEY International Inc,bio-key.com,https://www.bio-key.com/investor-relations/,info@bio-key.com,https://www.bio-key.com/support/,support@bio-key.com,
"BIO-PATH HOLDINGS, INC.",BIO-PATH Holdings Inc,biopathholdings.com,https://www.biopathholdings.com/,,https://www.biopathholdings.com/,,
"BIO-RAD LABORATORIES, INC.",BIO-RAD Laboratories Inc,bioradiations.com,https://www.bioradiations.com/,,https://www.bioradiations.com/contact-us/,,
BIO-TECHNE Corp,BIO-Techne Corp,,,,,,
BIODESIX INC,Biodesix Inc,nasdaq.com,https://www.nasdaq.com/press-release/biodesix-announces-fourth-quarter-and-fiscal-year-2024-results-2025-03-03,natalie.stdenis@biodesix.com,https://www.nasdaq.com/articles/biodesix-inc-announce-second-quarter-2025-financial-results-august-7,Natalie.StDenis@biodesix.com,
BIOETHICS LTD,Bioethics Ltd,bioethics.com,https://bioethics.com/archives/93689,,https://bioethics.com/,,
BIOGEN INC.,Biogen Inc,biogen.com,https://investors.biogen.com/news-releases/news-release-details/two-year-real-world-study-leqembir-united-states-presented,,https://www.biogen.com/company/contact-us.html,medinfo@biogen.com,
"BIOLARGO, INC.",Biolargo Inc,biolargo.com,https://www.biolargo.com/investor-relations,605a7baede844d278b89dc95ae0a9123@sentry-next.wixpress.com,https://www.biolargo.com/,info@biolargo.com,
BIOLIFE SOLUTIONS INC,Biolife Solutions Inc,biolifesolutions.com,https://www.biolifesolutions.com/investor-relations/,,https://www.biolifesolutions.com/contact/support-inquiries/,,
BIOMARIN PHARMACEUTICAL INC,Biomarin Pharmaceutical Inc,biomarin.com,https://investors.biomarin.com/news/default.aspx,IR@BMRN.com,https://www.biomarin.com/contact-us/,medinfo@bmrn.com,
BIOMERICA INC,Biomerica Inc,biomerica.com,https://investors.biomerica.com/financials/sec-filings/default.aspx,,https://biomerica.com/customer-care/,info@biomerica.com,
BION ENVIRONMENTAL TECHNOLOGIES INC,BION Environmental Technologies Inc,bionenviro.com,https://investors.bionenviro.com/,info@bionenviro.com,https://bionenviro.com/contact-us/,info@bionenviro.com,
BIONOMICS LIMITED/FI,Bionomics Limited/Fi,otcmarkets.com,https://www.otcmarkets.com/stock/BNOX/news/story?e&id=2999005,,https://www.otcmarkets.com/otcapi/company/sec-filings/17864753/content/pdf,,
"BIORA THERAPEUTICS, INC.",Biora Therapeutics Inc,bioratherapeutics.com,https://www.bioratherapeutics.com/,,https://www.bioratherapeutics.com/contact,media@bioratherapeutics.com,
"BIOREGENX, INC.",Bioregenx Inc,tradingview.com,https://www.tradingview.com/symbols/OTC-BRGX/,,https://www.tradingview.com/symbols/OTC-BRGX/,,
BIOVIE INC.,Biovie Inc,bioviepharma.com,https://investors.bioviepharma.com/stock-info/default.aspx,,https://bioviepharma.com/,,
"BIOXYTRAN, INC",Bioxytran Inc,bioxytraninc.com,https://www.bioxytraninc.com/invest,info@bioxytraninc.com,https://www.bioxytraninc.com/contact,info@bioxytraninc.com,
"BITMINE IMMERSION TECHNOLOGIES, INC.",Bitmine Immersion Technologies Inc,,,,,,
"BJ's Wholesale Club Holdings, Inc.",BJ S Wholesale Club Holdings Inc,,,,,,
BJs RESTAURANTS INC,Bjs Restaurants Inc,bjsrestaurants.com,https://investors.bjsrestaurants.com/stock-information/default.aspx,,https://www.bjsrestaurants.com/,,
BKV Corp,BKV Corp,bkv.com,https://ir.bkv.com/,info@bkvcorp.com,https://www.bkv.com/contact,u003einfo@bkvcorp.com,
BLACK HILLS CORP /SD/,Black Hills Corp,,,,,,
BLACKBAUD INC,Blackbaud Inc,blackbaud.com,https://investor.blackbaud.com/news-releases/news-release-details/blackbaud-announces-2025-first-quarter-results,,https://www.blackbaud.com/company/contact-us,solutions@blackbaud.co.uk,
BLACKBERRY Ltd,Blackberry Ltd,blackberry.com,https://investors.blackberry.com/stock-chart,,https://www.blackberry.com/us/en/contact-us,support@certicom.com,
"BLACKLINE, INC.",Blackline Inc,blackline.com,https://investors.blackline.com/?ref=comdurav.com,,https://www.blackline.com/services/support/,,
"BLACKSTAR ENTERPRISE GROUP, INC.",Blackstar Enterprise Group Inc,blackstaramps.com,https://blackstaramps.com/,,https://blackstaramps.com/support/,,
"BLACKSTONE MORTGAGE TRUST, INC.",Blackstone Mortgage Trust Inc,blackstonemortgagetrust.com,https://ir.blackstonemortgagetrust.com/press-releases-and-news/default.aspx,,https://www.blackstonemortgagetrust.com/,BlackstoneShareholderRelations@Blackstone.com,
BLUE OWL CAPITAL INC.,BLUE OWL Capital Inc,blueowlcapitalcorporation.com,https://www.blueowlcapitalcorporation.com/investors,credit-ir@blueowl.com,https://www.blueowlcapitalcorporation.com/contact-us,credit-ir@blueowl.com,
"BLUE RIDGE BANKSHARES, INC.",BLUE Ridge Bankshares Inc,,,,,,
"BLUM HOLDINGS, INC.",BLUM Holdings Inc,blumholdings.com,https://ir.blumholdings.com/,info@blumholdings.com,https://ir.blumholdings.com/company-information/contacts,,
"BM Technologies, Inc.",BM Technologies Inc,firstcarolinabank.com,https://www.firstcarolinabank.com/bmtechnologies/investor-relations,investorrelations@firstcarolinabank.com,https://www.firstcarolinabank.com/bmtechnologies/contact,supportbankmobilehelp@firstcarolinabank.com,
BODY & MIND INC.,BODY & MIND Inc,bodyandmind.com,https://bodyandmind.com/investors/,ir@bodyandmind.com,https://bodyandmind.com/,,
BOEING CO,Boeing Co,boeing.com,https://investors.boeing.com/investors/overview/default.aspx,,https://www.boeing.com/,,
BOISE CASCADE Co,Boise Cascade Co,builtbyboisecascade.com,https://builtbyboisecascade.com/,digital@ermarketing.net,https://builtbyboisecascade.com/,digital@ermarketing.net,
BOSTON BEER CO INC,Boston BEER Co Inc,bostonbeer.com,https://investors.bostonbeer.com/search?f[0]=sec_form_groups:4046&op=Search&query=2025,,https://www.bostonbeer.com/contact-us,media@bostonbeer.com,
BOSTON OMAHA Corp,Boston Omaha Corp,bostonomaha.com,https://investor.bostonomaha.com/news/news-details/2025/Boston-Omaha-Corporation-Announces-Third-Quarter-2025-Financial-Results/default.aspx,,https://www.bostonomaha.com/contact/,contact@bostonomaha.com,
BOSTON SCIENTIFIC CORP,Boston Scientific Corp,bostonscientific.com,https://investors.bostonscientific.com/,,https://www.bostonscientific.com/en-US/customer-service.html,TherasphereCustomerSupport@bsci.com,
"BOTS, Inc./PR",BOTS Inc./pr,bots.inc,https://bots.inc/,,https://bots.inc/,,
BOX INC,BOX Inc,boxingincorporated.com,https://boxingincorporated.com/,,https://boxingincorporated.com/,,
BOYD GAMING CORP,BOYD Gaming Corp,boydgaming.com,https://investors.boydgaming.com/,IR@boydgaming.com,https://www.boydgaming.com/contact-us,contactusbelterrapark@boydgaming.com,
BRADY CORP,Brady Corp,pdcorp.com,https://www.pdcorp.com/,info@pdcorp.com,https://www.pdcorp.com/,info@pdcorp.com,
BRAINSTORM CELL THERAPEUTICS INC.,Brainstorm CELL Therapeutics Inc,brainstorm-cell.com,https://ir.brainstorm-cell.com/,,https://brainstorm-cell.com/contact-us/,you@yourdomain.com,
BRANDYWINE REALTY TRUST,Brandywine Realty Trust,brandywinerealty.com,https://www.brandywinerealty.com/,,https://www.brandywinerealty.com/,,
BRC Inc.,BRC Inc,,,,,,
BRIDGFORD FOODS CORP,Bridgford Foods Corp,bridgfordfoods.com,https://www.bridgfordfoods.com/governance/,,https://www.bridgfordfoods.com/contact/,,
BRIGHT HORIZONS FAMILY SOLUTIONS INC.,Bright Horizons Family Solutions Inc,brighthorizons.com,https://investors.brighthorizons.com/financials/sec-filings,,https://www.brighthorizons.com/info/contact-us.,clientservices@brighthorizons.com,
BRIGHTCOVE INC,Brightcove Inc,brightcove.com,https://www.brightcove.com/company/press/brightcove-enters-definitive-agreement-to-be-acquired-by-bending-spoons/,,https://www.brightcove.com/need-help/,you@company.com,
"BRINKER INTERNATIONAL, INC",Brinker International Inc,brinker.com,https://investors.brinker.com/,,https://www.brinker.com/,,
BRISTOL MYERS SQUIBB CO,Bristol Myers Squibb Co,,,,,,
"BROADRIDGE FINANCIAL SOLUTIONS, INC.",Broadridge Financial Solutions Inc,broadridge.com,https://www.broadridge.com/,Proxy-Services@2x.svg,https://www.broadridge.com/contact-us,john@email.com,
BROADWAY FINANCIAL CORP DE,Broadway Financial Corp DE,opencorpdata.com,https://opencorpdata.com/lei/5299001QZYF6Z5PMM934,,https://opencorpdata.com/,,
"BROADWIND, INC.",Broadwind Inc,bwen.com,https://investors.bwen.com/investors/default.aspx,,https://www.bwen.com/contact/,info@bwen.com,
BROOKLINE BANCORP INC,Brookline Bancorp Inc,,,,,,
"BROWN & BROWN, INC.",Brown & Brown Inc,brownandbrowninsurance.com,https://www.brownandbrowninsurance.com/,,https://www.brownandbrowninsurance.com/contact/,,
BRT Apartments Corp.,BRT Apartments Corp,brtapartments.com,https://investors.brtapartments.com/,investors@brtapartments.com,https://brtapartments.com/about/contact,,
BRUKER CORP,Bruker Corp,bruker.com,https://ir.bruker.com/ir-resources/contact-investor-relations/default.aspx,,https://www.bruker.com/en.html?%252525253bl=1&%25253bl=1,,
BRUNSWICK CORP,Brunswick Corp,brunswick.com,https://www.brunswick.com/investors,,https://www.brunswick.com/contact/customer-support,customersupport@thunderjet.com,
BTC Digital Ltd.,BTC Digital Ltd,btct.us,https://btct.us/ir,ir@btct.us,https://btct.us/business,ir@btct.us,
BTCS Inc.,BTCS Inc,btcs.com,https://www.btcs.com/,,https://www.btcs.com/,,
BUCKLE INC,Buckle Inc,buckle.com,https://corporate.buckle.com/investor-relations/investor-overview/default.aspx,,https://corporate.buckle.com/contacts/default.aspx,,
BUILD-A-BEAR WORKSHOP INC,Build-A-BEAR Workshop Inc,,,,,,
BUTLER NATIONAL CORP,Butler National Corp,butlernational.com,https://butlernational.com/investing/,cropped-bnc_logo_std@3x-192x192.png,https://butlernational.com/,info@butlernational.com,
"BWX Technologies, Inc.",BWX Technologies Inc,bwxt.com,https://investors.bwxt.com/ir-home/,,https://www.bwxt.com/who-we-are/locations/,info@bwxt.com,
"BXP, Inc.",BXP Inc,nasdaq.com,https://www.nasdaq.com/articles/bxp-incq3-25-earnings-conference-call-10-00-am-et,,https://www.nasdaq.com/articles/bxp-incq3-25-earnings-conference-call-10-00-am-et,,
"BYLINE BANCORP, INC.",Byline Bancorp Inc,,,,,,
"Babcock & Wilcox Enterprises, Inc.",Babcock & Wilcox Enterprises Inc,babcock.com,https://investors.babcock.com/,investors@babcock.com,https://www.babcock.com/contact-us,,
"Backblaze, Inc.",Backblaze Inc,backblaze.com,https://ir.backblaze.com/news/default.aspx,,https://www.backblaze.com/help/customer-support,,
Baker Hughes Co,Baker Hughes Co,bakerhughes.com,https://investors.bakerhughes.com/,,https://www.bakerhughes.com/contact-us,mysupporthr@bakerhughes.com,
"Bakhu Holdings, Corp.",Bakhu Holdings Corp,bakhuholdings.com,https://bakhuholdings.com/contact/,info@mko.1a3.myftpupload.com,https://bakhuholdings.com/contact/,info@mko.1a3.myftpupload.com,
"Balance Labs, Inc.",Balance Labs Inc,balancelabs.co,https://ir.balancelabs.co/,Inbox@ClearTrustTransfer.com,https://www.balancelabs.co/,,
"Baldwin Insurance Group, Inc.",Baldwin Insurance Group Inc,baldwininsgroup.com,https://www.baldwininsgroup.com/,calvin@baldwininsgroup.com,https://www.baldwininsgroup.com/,calvin@baldwininsgroup.com,
Bally's Corp,Bally S Corp,,,,,,
"Bancorp 34, Inc.",Bancorp 34 Inc,thebancorp.com,https://investors.thebancorp.com/,,https://investors.thebancorp.com/,,
"Bancorp, Inc.",Bancorp Inc,thebancorp.com,https://investors.thebancorp.com/financial-information/sec-filings/default.aspx,,https://investors.thebancorp.com/,,
Bandwidth Inc.,Bandwidth Inc,bandwidth.com,https://www.bandwidth.com/newsroom/bandwidth-announces-fourth-quarter-and-full-year-2024-financial-results/,,https://www.bandwidth.com/support/,,
Bank of Marin Bancorp,Bank Of Marin Bancorp,bankofmarin.com,https://investors.bankofmarin.com/news-market-data/press-releases/default.aspx,,https://www.bankofmarin.com/about-us/contact-us/,,
Bank7 Corp.,Bank7 Corp,bank7.com,https://ir.bank7.com/,ttravis@bank7.com,https://www.bank7.com/contact-us/,onlinesupport@bank7.com,
BankFinancial CORP,Bankfinancial Corp,bankfinancial.com,https://www.bankfinancial.com/investor-relations,,https://www.bankfinancial.com/contact-us,howarewedoing@bankfinancial.com,
"BankUnited, Inc.",Bankunited Inc,bankunited.com,https://ir.bankunited.com/financial-information/proxy-annual-reports,,https://www.bankunited.com/commercial/treasury-solutions/treasury-management-solutions/treasury-solutions-contact-us,,
"Bankwell Financial Group, Inc.",Bankwell Financial Group Inc,mybankwell.com,https://investor.mybankwell.com/news/default.aspx,,https://www.mybankwell.com/contact,,
Bannix Acquisition Corp.,Bannix Acquisition Corp,globenewswire.com,https://www.globenewswire.com/news-release/2025/05/14/3081612/0/en/Bannix-Acquisition-Corp-Announces-Monthly-Extension-to-Complete-its-Initial-Business-Combination.html,doug.davis@bannixacquisition.com,https://www.globenewswire.com/news-release/2025/01/16/3010702/0/en/Bannix-Acquisition-Corp-Announces-Monthly-Extension-to-Complete-its-Initial-Business-Combination.html,doug.davis@bannixacquisition.com,
"Bantec, Inc.",Bantec Inc,otcmarkets.com,https://www.otcmarkets.com/stock/BANT/financials,,https://www.otcmarkets.com/stock/BANT/quote,,
"Banzai International, Inc.",Banzai International Inc,banzai.io,https://ir.banzai.io/,,https://www.banzai.io/contact,team@banzai.io,
"Barings BDC, Inc.",Barings BDC Inc,barings.com,https://ir.barings.com/,BDCinvestorrelations@barings.com,https://ir.barings.com/company-info/faq,,
Barinthus Biotherapeutics plc.,Barinthus Biotherapeutics PLC,barinthusbio.com,https://investors.barinthusbio.com/stock-information/,,https://www.barinthusbio.com/,,
"Bark, Inc.",Bark Inc,bark.com,https://help.bark.com/hc/en-us,,https://help.bark.com/hc/en-us,,
"Barnes & Noble Education, Inc.",Barnes & Noble Education Inc,,,,,,
"Bath & Body Works, Inc.",Bath & Body Works Inc,,,,,,
Battery Future Acquisition Corp.,Battery Future Acquisition Corp,futureacquisition.com,https://www.futureacquisition.com/,jp@futureacquisition.com,https://www.futureacquisition.com/,jp@futureacquisition.com,
"Baudax Bio, Inc.",Baudax Bio Inc,,,,,,
Bausch & Lomb Corp,Bausch & Lomb Corp,bausch.com,https://ir.bausch.com/,,https://www.bausch.com/about-bausch-lomb/contact-us/,,
Bausch Health Companies Inc.,Bausch Health Companies Inc,bauschhealth.com,https://ir.bauschhealth.com/news-releases,Corporate.communications@bauschhealth.com,https://ir.bauschhealth.com/,Corporate.communications@bauschhealth.com,
BayCom Corp,Baycom Corp,baycominc.com,https://www.baycominc.com/,info@baycominc.com,https://www.baycominc.com/contact/,info@baycominc.com,
BayFirst Financial Corp.,Bayfirst Financial Corp,bayfirstfinancial.com,https://ir.bayfirstfinancial.com/,,https://bayfirstfinancial.com/contact-us/,randy.butler@bayfirstfinancial.com,
Bayview Acquisition Corp,Bayview Acquisition Corp,bayview.com,https://bayview.com/,ir@bayview.com,https://bayview.com/,ir@bayview.com,
"Beachbody Company, Inc.",Beachbody Company Inc,,,,,,
Beam Global,Beam Global,beamglobal.co.il,https://beamglobal.co.il/,,https://beamglobal.co.il/,,
Beam Therapeutics Inc.,Beam Therapeutics Inc,beamng.com,https://www.beamng.com/forums/,,https://www.beamng.com/pages/support/,,
Beauty Health Co,Beauty Health Co,,,,,,
"BeiGene, Ltd.",Beigene Ltd,beigene.com,https://www.accessbrukinsa.beigene.com/,joel.mannix@beigene.com,https://www.accessbrukinsa.beigene.com/,joel.mannix@beigene.com,
Bellevue Life Sciences Acquisition Corp.,Bellevue Life Sciences Acquisition Corp,visitbellevuewa.com,https://www.visitbellevuewa.com/listing/fidelity-investments/1443/,,https://www.visitbellevuewa.com/bellhop/,madams@visitbellevuewa.com,
Beneficient,Beneficient,mybeneficient.com,https://mybeneficient.com/,solutions@mybeneficient.com,https://mybeneficient.com/,support@mybeneficient.com,
"Benson Hill, Inc.",Benson Hill Inc,bensonhill.com,https://investors.bensonhill.com/home/default.aspx,,https://investors.bensonhill.com/home/default.aspx,,
"Bergio International, Inc.",Bergio International Inc,,,,,,
Berry Corp (bry),Berry Corp Bry,bry.com,https://ir.bry.com/news-releases/news-release-details/berry-corporation-announces-third-quarter-2025-financial-and,,https://bry.com/contact/,info@bry.com,
"Bespoke Extracts, Inc.",Bespoke Extracts Inc,bespokeextracts.com,https://bespokeextracts.com/investor-presentations/,,https://investors.bespokeextracts.com/,,
Better Choice Co Inc.,Better Choice Co Inc,bestchoiceproducts.com,https://bestchoiceproducts.com/pages/careers,,https://bestchoiceproducts.com/,,
"Better For You Wellness, Inc.",Better For You Wellness Inc,abetteryoupv.com,https://www.abetteryoupv.com/,,https://www.abetteryoupv.com/contact.html,,
Better Home & Finance Holding Co,Better Home & Finance Holding Co,better.com,https://investors.better.com/news/news-details/2025/Better-Home--Finance-Holding-Company-to-Announce-First-Quarter-2025-Results/default.aspx,,https://better.com/about-us/contact-us,complaints@betterrealestate.com,
"Beyond Air, Inc.",Beyond Air Inc,beyondair.net,https://www.beyondair.net/investors,,https://www.beyondair.net/contact,IR@beyondair.net,
Bicara Therapeutics Inc.,Bicara Therapeutics Inc,bicara.com,https://ir.bicara.com/news-events/press-releases,,https://www.bicara.com/contact/,info@bicara.com,
"BigBear.ai Holdings, Inc.",bigbear.ai Holdings Inc,bigbear.com,https://www.bigbear.com/,,https://www.bigbear.com/about/about-visit-big-bear/contact/,info@bigbear.com,
"BigCommerce Holdings, Inc.",Bigcommerce Holdings Inc,,,,,,
"Binah Capital Group, Inc.",Binah Capital Group Inc,,,,,,
Bio Essence Corp,Bio Essence Corp,bioessencecorp.com,https://www.bioessencecorp.com/,,https://www.bioessencecorp.com/,,
"BioAge Labs, Inc.",Bioage Labs Inc,bioagelabs.com,https://bioagelabs.com/investors,media@bioagelabs.com,https://bioagelabs.com/,info@bioagelabs.com,
"BioAtla, Inc.",Bioatla Inc,bioatla.com,https://www.bioatla.com/,,https://www.bioatla.com/contact/,info@bioatla.com,
"BioCardia, Inc.",Biocardia Inc,,,,,,
BioCorRx Inc.,Biocorrx Inc,globaldata.com,https://www.globaldata.com/company-profile/biocorrx-inc/financials/,,https://www.globaldata.com/company-profile/biocorrx-inc/,,
BioNexus Gene Lab Corp,Bionexus Gene Lab Corp,bionexusgenelab.com,https://www.bionexusgenelab.com/ethstrategy,605a7baede844d278b89dc95ae0a9123@sentry-next.wixpress.com,https://www.bionexusgenelab.com/,605a7baede844d278b89dc95ae0a9123@sentry-next.wixpress.com,
"BioSig Technologies, Inc.",Biosig Technologies Inc,biosig.com,https://ir.biosig.com/analyst-coverage,,https://www.biosig.com/?trk=public_post_share-update_update-text,info@stctransfer.com,
"BioXcel Therapeutics, Inc.",Bioxcel Therapeutics Inc,bioxceltherapeutics.com,https://ir.bioxceltherapeutics.com/?field_nir_sec_form_group_target_id[471]=471&order=field_nir_sec_description&sort=asc,,https://www.bioxceltherapeutics.com/contact-us/,info@bioxceltherapeutics.com,
Biohaven Ltd.,Biohaven Ltd,biohaven.com,https://ir.biohaven.com/financial-filings/sec-filings,,https://www.biohaven.com/contact/,ajax-loader@2x.gif,
BiomX Inc.,Biomx Inc,biomxinc.com,https://biomxinc.com/,,https://biomxinc.com/contact-biomx,,
"Biomea Fusion, Inc.",Biomea Fusion Inc,biomeafusion.com,https://investors.biomeafusion.com/ir-resources/investor-contact/,,https://investors.biomeafusion.com/ir-resources/investor-contact,,
"Bionano Genomics, Inc.",Bionano Genomics Inc,bionanogenomics.com,https://ir.bionanogenomics.com/news-releases/news-release-details/bionano-genomics-inc-announces-pricing-10-million-public,,https://bionanogenomics.com/wp-content/uploads/2019/09/30292-Bionano-Genomics-Data-Security-Guidelines.pdf,,
Birchtech Corp.,Birchtech Corp,birchtech.com,https://ir.birchtech.com/,BCHT@mzgroup.us,https://www.birchtech.com/contact-us,shyatt@birchtech.com,
Birdie Win Corp,Birdie Win Corp,,,,,,
Bitcoin Depot Inc.,Bitcoin Depot Inc,bitcoindepot.com,https://ir.bitcoindepot.com/,support@bitcoindepot.com,https://bitcoindepot.com/contact-us/,support@bitcoindepot.com,
Bitech Technologies Corp,Bitech Technologies Corp,bitech.tech,https://bitech.tech/news/120240812/bitech-technologies-announces-business-update-and-provides-key-2024-milestones-for-bess-projects,info@bimergen.com,https://www.bitech.tech/?trk=public_post_share-update_update-text,info@bimergen.com,
Bitwise 10 Crypto Index Fund,Bitwise 10 Crypto Index Fund,bitwiseinvestments.com,https://bitwiseinvestments.com/crypto-funds/bitw,,https://bitwiseinvestments.com/crypto-funds/bitw,,
Bitwise Bitcoin ETF,Bitwise Bitcoin ETF,,,,,,
"Black Bird Biotech, Inc.",Black Bird Biotech Inc,blackbirdbiotech.com,https://blackbirdbiotech.com/investors/,info@blackbirdbiotech.com,https://blackbirdbiotech.com/contact/,info@blackbirdbiotech.com,
"Black Diamond Therapeutics, Inc.",Black Diamond Therapeutics Inc,blackdiamondtherapeutics.com,https://investors.blackdiamondtherapeutics.com/events-presentations/,,https://investors.blackdiamondtherapeutics.com/static-files/66563cdb-ee4a-40a8-ad67-0bc5e7c63f4d,,
Black Hawk Acquisition Corp,Black Hawk Acquisition Corp,blackhawkacquisition.com,https://www.blackhawkacquisition.com/investors,,https://www.blackhawkacquisition.com/investors,,
Black Spade Acquisition II Co,Black Spade Acquisition II Co,,,,,,
"Black Stone Minerals, L.P.",Black Stone Minerals LP,blackstoneminerals.com,https://investor.blackstoneminerals.com/,,https://investor.blackstoneminerals.com/resources/investor-contacts/default.aspx,,
BlackRock TCP Capital Corp.,Blackrock TCP Capital Corp,tcpcapital.com,https://tcpcapital.com/investor-relations/overview/default.aspx,investor.relations@tcpcapital.com,https://www.tcpcapital.com/contact-us/,investor.relations@tcpcapital.com,
"BlackRock, Inc.",Blackrock Inc,blackrock.com,https://ir.blackrock.com/news-and-events/events-and-presentations/default.aspx,,https://www.blackrock.com/ca/investors/en/resources/customer-service,BLKCanada@blackrock.com,
BlackSky Technology Inc.,Blacksky Technology Inc,blacksky.com,https://ir.blacksky.com/news-events/press-releases,,https://www.blacksky.com/,Artboard-1@2x-80-1024x683.jpg,
Blackstone Inc.,Blackstone Inc,blackstone.com,https://ir.blackstone.com/bx-share-information/default.aspx,,https://www.blackstone.com/pws/contact-us/,connect@blackstone.com,
"Blackstone Real Estate Income Trust, Inc.",Blackstone Real Estate Income Trust Inc,blackstone.com,https://www.blackstone.com/news/press/blackstone-real-estate-income-trust-completes-3-7-billion-acquisition-of-resource-reit/,Resourceoperations@resourcereit.com,https://www.blackstone.com/our-businesses/real-estate/,connect@blackstone.com,
Blackstone Secured Lending Fund,Blackstone Secured Lending Fund,blackstone.com,https://www.blackstone.com/our-businesses/registered-products/,connect@blackstone.com,https://www.blackstone.com/our-businesses/registered-products/,connect@blackstone.com,
Blackwell 3D Construction Corp.,Blackwell 3D Construction Corp,blackwell3d.com,https://www.blackwell3d.com/,You@example.co,https://www.blackwell3d.com/,info@blackwell3d.com,
"Blade Air Mobility, Inc.",Blade Air Mobility Inc,,,,,,
Bleichroeder Acquisition Corp. I,Bleichroeder Acquisition Corp I,,,,,,
"Blend Labs, Inc.",Blend Labs Inc,blend-labs.com,https://blend-labs.com/,,https://blend-labs.com/,,
Blink Charging Co.,Blink Charging Co,blinkcharging.com,https://ir.blinkcharging.com/,IR@BlinkCharging.com,https://blinkcharging.com/contact,,
"Block, Inc.",Block Inc,block.xyz,https://investors.block.xyz/overview/default.aspx,ir@block.xyz,https://investors.block.xyz/resources/contact/default.aspx,,
Bloom Energy Corp,Bloom Energy Corp,bloomenergy.com,https://investor.bloomenergy.com/investor-resources/contact-investor-relations/default.aspx,,https://www.bloomenergy.com/contact/,info@bloomenergy.com,
"Bloomin' Brands, Inc.",Bloomin Brands Inc,bloominbrands.com,https://investors.bloominbrands.com/corporate-governance/contact-the-board,,https://investors.bloominbrands.com/static-files/edc72425-3987-43b6-a09f-5dc2e154e17b,,
"Blubuzzard, Inc.",Blubuzzard Inc,patsnap.com,https://discovery.patsnap.com/company/blubuzzard/,,https://discovery.patsnap.com/company/blubuzzard/,,
Blue Bird Corp,Blue Bird Corp,bluebirdcorp.com,https://bluebirdcorp.com/,,https://bluebirdcorp.com/about/contact-bluebird,example@example.com,
Blue Foundry Bancorp,Blue Foundry Bancorp,bluefoundrybank.com,https://ir.bluefoundrybank.com/investor-information/default.aspx,,https://www.bluefoundrybank.com/contact-us,info@bluefoundrycharitablefoundation.org,
"Blue Line Protection Group, Inc.",Blue Line Protection Group Inc,bluelineprotectiongroup.com,https://www.bluelineprotectiongroup.com/,,https://www.bluelineprotectiongroup.com/contact/,,
Blue Ocean Acquisition Corp,Blue Ocean Acquisition Corp,blueacorp.com,https://www.blueacorp.com/,user@domain.com,https://www.blueacorp.com/get-started,info@blueacorp.com,
Blue Owl Capital Corp,Blue Owl Capital Corp,blueowlcapitalcorporation.com,https://www.blueowlcapitalcorporation.com/investors,credit-ir@blueowl.com,https://www.blueowlcapitalcorporation.com/contact-us,credit-ir@blueowl.com,
Blue Owl Capital Corp III,Blue Owl Capital Corp III,blueowlcapitalcorporation.com,https://www.blueowlcapitalcorporation.com/investors,credit-ir@blueowl.com,https://www.blueowlcapitalcorporation.com/contact-us,credit-ir@blueowl.com,
Blue Star Foods Corp.,Blue Star Foods Corp,bluestarfoods.com,https://ir.bluestarfoods.com/,investors@bluestarfoods.com,https://ir.bluestarfoods.com/company-profile/,investors@bluestarfoods.com,
BlueLinx Holdings Inc.,Bluelinx Holdings Inc,bluelinxco.com,https://investors.bluelinxco.com/news/default.aspx,investor@bluelinxco.com,https://bluelinxco.com/contact-us/,ddarcustomersupport@bluelinxco.com,
"BlueOne Card, Inc.",Blueone Card Inc,blueonecard.com,https://blueonecard.com/about-us/,info@blueonecard.com,https://blueonecard.com/,info@blueonecard.com,
"Bluejay Diagnostics, Inc.",Bluejay Diagnostics Inc,,,,,,
Blueprint Medicines Corp,Blueprint Medicines Corp,blueprintmedicines.com,https://ir.blueprintmedicines.com/corporate-profile,,https://www.blueprintmedicines.com/contact/,medinfo@blueprintmedicines.com,
Bogota Financial Corp.,Bogota Financial Corp,bogotasavingsbank.com,https://www.bogotasavingsbank.com/investor-relations,user@domain.com,https://www.bogotasavingsbank.com/contact-us,ebanking_support@BogotaSavingsBank.com,
Bold Eagle Acquisition Corp.,Bold Eagle Acquisition Corp,merriam-webster.com,https://www.merriam-webster.com/dictionary/bold,a%20pencil%20broken%20in%20half%20on%20top%20of%20a%20test%20answer%20sheet-9746-91b598ef45b1c6d80850914717a80db8@1x.jpg,https://www.merriam-webster.com/wordfinder/classic/ends/common/5/e/1,325506e3332d487999567a7bc91d151d@bug-reporting-xalgha6.m-w.com,
"Bolt Biotherapeutics, Inc.",Bolt Biotherapeutics Inc,boltbio.com,https://investors.boltbio.com/node/8386/pdf,,https://www.boltbio.com/,info@boltbio.com,
"Bolt Projects Holdings, Inc.",Bolt Projects Holdings Inc,boltprojectsholdings.com,https://boltprojectsholdings.com/financial-reports,investors@boltthreads.com,https://boltprojectsholdings.com/,investors@boltthreads.com,
Bone Biologics Corp,Bone Biologics Corp,,,,,,
Booking Holdings Inc.,Booking Holdings Inc,bookingholdings.com,https://ir.bookingholdings.com/financials/quarterly-results/default.aspx,,https://www.bookingholdings.com/,,
"Boot Barn Holdings, Inc.",Boot Barn Holdings Inc,bootbarn.com,https://investor.bootbarn.com/news/default.aspx,BootBarnIR@icrinc.com,https://www.bootbarn.com/cs-contact-us.html,,
Booz Allen Hamilton Holding Corp,Booz Allen Hamilton Holding Corp,boozallen.com,https://investors.boozallen.com/stock-information,,https://www.boozallen.com/,home-pattern-2-desktop@2x1.png,
Borealis Foods Inc.,Borealis Foods Inc,borealisfoods.com,https://investors.borealisfoods.com/news/news-details/2024/Borealis-Foods-Reports-Third-Quarter-2024-Financial-Results/default.aspx,,https://www.borealisfoods.com/,media@borealisfoods.com,
"Boundless Bio, Inc.",Boundless Bio Inc,boundlessbio.com,https://boundlessbio.com/,,https://boundlessbio.com/contact/,info@boundlessbio.com,
Bowen Acquisition Corp,Bowen Acquisition Corp,bowenspac.com,https://www.bowenspac.com/,605a7baede844d278b89dc95ae0a9123@sentry-next.wixpress.com,https://www.bowenspac.com/,605a7baede844d278b89dc95ae0a9123@sentry-next.wixpress.com,
Bowhead Specialty Holdings Inc.,Bowhead Specialty Holdings Inc,bowheadspecialty.com,https://ir.bowheadspecialty.com/,investorrelations@bowheadspecialty.com,https://ir.bowheadspecialty.com/company-information/contacts,investorrelations@bowheadspecialty.com,
Bowman Consulting Group Ltd.,Bowman Consulting Group Ltd,bowmanconsultinggrp.com,https://bowmanconsultinggrp.com/,droodah@gmail.com,https://bowmanconsultinggrp.com/,droodah@gmail.com,
Boxlight Corp,Boxlight Corp,boxlight.com,https://boxlight.com/investor-relations/overview,,https://boxlight.com/support/contact-us,,
Braemar Hotels & Resorts Inc.,Braemar Hotels & Resorts Inc,braemargolf.com,https://braemargolf.com/about-us/,braemargolf@edinamn.gov,https://braemargolf.com/explore-course/,braemargolf@edinamn.gov,
BranchOut Food Inc.,Branchout Food Inc,branchoutfood.com,https://branchoutfood.com/pages/investor-relations,email@example.com,https://branchoutfood.com/pages/contact,email@example.com,
Bravo Multinational Inc.,Bravo Multinational Inc,,,,,,
"Braze, Inc.",Braze Inc,braze.com,https://investors.braze.com/news/default.aspx,ir@braze.com,https://www.braze.com/company/contact,press@braze.com,
Breeze Holdings Acquisition Corp.,Breeze Holdings Acquisition Corp,,,,,,
BriaCell Therapeutics Corp.,Briacell Therapeutics Corp,briacell.com,https://investors.briacell.com/,info@briacell.com,https://investors.briacell.com/contact-us,info@briacell.com,
Bridge Investment Group Holdings Inc.,Bridge Investment Group Holdings Inc,bridgebase.com,https://www.bridgebase.com/,img-header@2x.jpg,https://www.bridgebase.com/intro/support.php,support@bridgebase.com,
"Bridgeline Digital, Inc.",Bridgeline Digital Inc,bridgeline.com,https://www.bridgeline.com/investor-relations,,https://www.bridgeline.com/,InvestorRelations@bridgeline.com,
"Bridger Aerospace Group Holdings, Inc.",Bridger Aerospace Group Holdings Inc,bridgeraerospace.com,https://ir.bridgeraerospace.com/,info@bridgeraerospace.com,https://ir.bridgeraerospace.com/company-information/contacts,aziegler@darrowir.com,
Bridgewater Bancshares Inc,Bridgewater Bancshares Inc,bridgewater.com,https://www.bridgewater.com/,,https://www.bridgewater.com/,,
Bright Green Corp,Bright Green Corp,brightlygreen.biz,https://brightlygreen.biz/,info@brightlygreen.biz,https://brightlygreen.biz/,info@brightlygreen.biz,
"Bright Mountain Media, Inc.",Bright Mountain Media Inc,brightmountainmedia.com,https://brightmountainmedia.com/investor-relations/,info@email.com,https://brightmountainmedia.com/contact-us/,info@email.com,
BrightSphere Investment Group Inc.,Brightsphere Investment Group Inc,,,,,,
"BrightSpire Capital, Inc.",Brightspire Capital Inc,brightspire.com,https://ir.brightspire.com/contact-ir,,https://www.brightspire.com/contact,,
"BrightSpring Health Services, Inc.",Brightspring Health Services Inc,brightspringhealth.com,https://ir.brightspringhealth.com/news-events/events,,https://www.brightspringhealth.com/contact-us/,,
"BrightView Holdings, Inc.",Brightview Holdings Inc,brightview.com,https://investor.brightview.com/financials-and-filings/financial-summary/default.aspx,,https://www.brightview.com/contact,,
"Brighthouse Financial, Inc.",Brighthouse Financial Inc,brighthousefinancial.com,https://investor.brighthousefinancial.com/financial-information/sec-filings?field_nir_sec_cik_target_id=0001685040&items_per_page=10&page=1,,https://www.brighthousefinancial.com/support/,,
"Brilliant Earth Group, Inc.",Brilliant Earth Group Inc,,,,,,
Bristow Group Inc.,Bristow Group Inc,bristowgroup.com,https://www.bristowgroup.com/investors,InvestorRelations@bristowgroup.com,https://www.bristowgroup.com/contact,john.fyall@bristowgroup.com,
Brixmor Property Group Inc.,Brixmor Property Group Inc,brixmor.com,https://investors.brixmor.com/news-presentations/press-releases/,,https://www.brixmor.com/contact,,
Broad Capital Acquisition Corp,Broad Capital Acquisition Corp,merriam-webster.com,https://www.merriam-webster.com/dictionary/acquisitive,a%20pencil%20broken%20in%20half%20on%20top%20of%20a%20test%20answer%20sheet-9746-91b598ef45b1c6d80850914717a80db8@1x.jpg,https://www.merriam-webster.com/dictionary/capital,us%20capitol%20building-8030-def12732c9cd34201c476f17744c3d41@2x.jpg,
"Broad Street Realty, Inc.",Broad Street Realty Inc,broadstreetrealty.com,https://investors.broadstreetrealty.com/,,https://broadstreetrealty.com/,info@broadstreetrealty.com,
Broadcom Inc.,Broadcom Inc,broadcom.com,https://investors.broadcom.com/,,https://www.broadcom.com/support/,,
"Broadstone Net Lease, Inc.",Broadstone Net Lease Inc,broadstonevin.com,https://broadstonevin.com/,,https://broadstonevin.com/residents/,,
Brookdale Senior Living Inc.,Brookdale Senior Living Inc,,,,,,
"Brookfield Oaktree Holdings, LLC",Brookfield Oaktree Holdings LLC,,,,,,
"Brownie's Marine Group, Inc",Brownie S Marine Group Inc,browniesmarinegroup.com,https://browniesmarinegroup.com/investor-relations-information/,,https://browniesmarinegroup.com/contact-us/,,
"Builders FirstSource, Inc.",Builders Firstsource Inc,builders.co.mz,http://builders.co.mz/,info@builders.co.za,https://www.builders.co.mz/Electrical/Batteries-&-Torches/Alkaline-batteries/Energizer-Max-2-x-Baterias-Alcalinas-(C)/p/000000000000026992,info@builders.co.za,
Bukit Jalil Global Acquisition 1 Ltd.,Bukit Jalil Global Acquisition 1 Ltd,globenewswire.com,https://www.globenewswire.com/news-release/2023/06/28/2695862/0/en/Bukit-Jalil-Global-Acquisition-1-Ltd-Announces-Pricing-of-50-0-Million-Initial-Public-Offering.html,neil.foo@bjacquisition.com,https://www.globenewswire.com/news-release/2024/06/24/2902914/0/en/Bukit-Jalil-Global-Acquisition-1-Ltd-Announces-Revised-Terms-and-Conditions-in-Connection-with-Proposed-Charter-Amendment.html,neil.foo@bjacquisition.com,
"BullFrog AI Holdings, Inc.",Bullfrog AI Holdings Inc,bullfrogai.com,https://ir.bullfrogai.com/,0-K@vstocktransfer.com,https://bullfrogai.com/,,
Bumble Inc.,Bumble Inc,bumble.com,https://ir.bumble.com/overview/default.aspx,ir@team.bumble.com,https://bumble.com/en/contact-us,,
Bunker Hill Mining Corp.,Bunker Hill Mining Corp,bunkerhillmining.com,https://bunkerhillmining.com/investors/,Brenda.dayton@bunkerhillmining.com,https://www.bunkerhillmining.com/contact/,ir@bunkerhillmining.com,
BurTech Acquisition Corp.,Burtech Acquisition Corp,burtechacq.us,https://www.burtechacq.us/about,,https://www.burtechacq.us/about,,
"BurgerFi International, Inc.",Burgerfi International Inc,burgerfi.com,https://www.burgerfi.com/press_release/burgerfi-international-inc-ceo-carl-bachmann-invests-in-company/,,https://www.burgerfi.com/contact-us/,,
Burke & Herbert Financial Services Corp.,Burke & Herbert Financial Services Corp,burkeandherbertbank.com,https://investor.burkeandherbertbank.com/news/presentations/default.aspx,,https://www.burkeandherbertbank.com/,clientcarecenter@burkeandherbertbank.com,
"Burlington Stores, Inc.",Burlington Stores Inc,burlingtonstores.jobs,https://burlingtonstores.jobs/corporate/,,https://burlingtonstores.jobs/,,
"Business First Bancshares, Inc.",Business First Bancshares Inc,,,,,,
Business Warrior Corp,Business Warrior Corp,businesswarrior.com,https://www.businesswarrior.com/,,https://www.businesswarrior.com/get-in-touch,,
"Butterfly Network, Inc.",Butterfly Network Inc,butterflynetwork.com,https://ir.butterflynetwork.com/financials/sec-filings/default.aspx,,https://www.butterflynetwork.com/contact,,
"BuzzFeed, Inc.",Buzzfeed Inc,buzzfeed.com,https://investors.buzzfeed.com/financial-information/sec-filings?items_per_page=10&order=field_nir_sec_form&sort=asc,,https://www.buzzfeed.com/about/contact,8f01f9ce5b5848f598f3c0603e09d68a@o37555.ingest.sentry.io,
Byrna Technologies Inc.,Byrna Technologies Inc,byrna.com,https://ir.byrna.com/,international@byrna.com,https://ir.byrna.com/company-information/contacts,info@transhare.com,
C & F FINANCIAL CORP,C & F Financial Corp,arizonafinancial.org,https://www.arizonafinancial.org/chandler-branch-azfcu-arizona-financial-credit-union,Cristina.Pardo@azfcu.org,https://www.arizonafinancial.org/,,
"C. H. ROBINSON WORLDWIDE, INC.",C H Robinson Worldwide Inc,chrobinson.com,https://investor.chrobinson.com/Home/default.aspx,,https://www.chrobinson.com/en-us/contact/,CHRobinson@padillaco.com,
"C3.ai, Inc.",c3.ai Inc,shapes.inc,https://talk.shapes.inc/,,https://talk.shapes.inc/,,
CABOT CORP,Cabot Corp,,,,,,
CACI INTERNATIONAL INC /DE/,CACI International Inc,caci.com,https://investor.caci.com/investor-home/default.aspx?KeyFile=390668936,,https://investor.caci.com/contact-resources/contact-us/default.aspx,,
CADENCE DESIGN SYSTEMS INC,Cadence Design Systems Inc,,,,,,
CAL-MAINE FOODS INC,CAL-Maine Foods Inc,calmainefoods.com,https://www.calmainefoods.com/investor-overview,info@cmfoods.com,https://www.calmainefoods.com/contact-us,info@cmfoods.com,
CALAVO GROWERS INC,Calavo Growers Inc,calavo.com,https://ir.calavo.com/financial-information/sec-filings?items_per_page_toggle=0&page=1,,https://calavo.com/contact/,hello@calavo.com,
CALERES INC,Caleres Inc,,,,,,
CALIFORNIA WATER SERVICE GROUP,California Water Service Group,calwatergroup.com,https://www.calwatergroup.com/investors,IR@calwater.com,https://www.calwatergroup.com/contact-us,,
"CALIX, INC",Calix Inc,calix.global,https://calix.global/investor-centre/,info.my@boardroomlimited.com,https://calix.global/,enquiries@boardroomlimited.com.au,
"CAMBER ENERGY, INC.",Camber Energy Inc,lesschwab.com,https://www.lesschwab.com/article/alignment/understanding-camber-caster-and-toe.html,lstcfarmington.195@lesschwab.com,https://www.lesschwab.com/article/alignment/understanding-camber-caster-and-toe.html,lstcfarmington.195@lesschwab.com,
CAMDEN NATIONAL CORP,Camden National Corp,camdennational.bank,https://www.camdennational.bank/press-releases/camden-national-corporation-and-northway-financial-inc-to-merge,rsmyth@CamdenNational.bank,https://www.camdennational.bank/?vcf=1,,
CAMPBELL'S Co,Campbell S Co,campbells.com,https://www.campbells.com/faqs/,,https://www.campbells.com/contact-us/,,
CANADIAN PACIFIC KANSAS CITY LTD/CN,Canadian Pacific Kansas CITY Ltd/Cn,,,,,,
"CANNAPHARMARX, INC.",Cannapharmarx Inc,patsnap.com,https://discovery.patsnap.com/company/cannapharmarx/,,https://discovery.patsnap.com/company/cannapharmarx/,,
"CANTALOUPE, INC.",Cantaloupe Inc,cantaloupeinc.co.uk,https://cantaloupeinc.co.uk/,,https://cantaloupeinc.co.uk/contact/,support.emea@cantaloupe.com,
CAPITAL CITY BANK GROUP INC,Capital CITY BANK Group Inc,capitalcityb.com,https://capitalcityb.com/investment.html,support@capitalcityb.com,https://capitalcityb.com/home/index.html,support@capitalcityb.com,
CAPITAL PROPERTIES INC /RI/,Capital Properties Inc,capitalpropertiesinc.com,https://capitalpropertiesinc.com/wp-content/uploads/2025/02/CPTP-10K-2024-Final.pdf,,https://capitalpropertiesinc.com/property-type/capital-center/,info@cappropinc.com,
CAPITAL SOUTHWEST CORP,Capital Southwest Corp,capitalsouthwest.com,https://www.capitalsouthwest.com/investor-relations/overview,request@capitalsouthwest.com,https://www.capitalsouthwest.com/contact,request@capitalsouthwest.com,
"CAPSTONE COMPANIES, INC.",Capstone Companies Inc,capstonecompaniesinc.com,https://investors.capstonecompaniesinc.com/,,https://capstonecompaniesinc.com/contact/,aimee@capstonecompaniesinc.com,
CARDINAL HEALTH INC,Cardinal Health Inc,,,,,,
"CARGO Therapeutics, Inc.",Cargo Therapeutics Inc,,,,,,
CARLISLE COMPANIES INC,Carlisle Companies Inc,,,,,,
CARMAX INC,Carmax Inc,csimarket.com,https://csimarket.com/news/earnings/carmax_inc_faces_significant_eps_decline_in_first_quarter_of_20252024-06-28134008,,https://csimarket.com/news/carmax-inc-the-well-known-automotive-retailer-finds-itself-at-the-centre-of-a-significant-class-action-l2025-11-13132221,,
CARNIVAL CORP,Carnival Corp,carnivalcorp.com,https://www.carnivalcorp.com/investors/financial-information/,,https://www.carnivalcorp.com/,,
CARRIAGE SERVICES INC,Carriage Services Inc,carriageservices.com,https://www.carriageservices.com/,,https://www.carriageservices.com/contact-us/,,
CARRIER GLOBAL Corp,Carrier Global Corp,carrier.com,https://www.carrier.com/commercial/en/us/investors/,,https://www.corporate.carrier.com/contact-us/,,
CARTERS INC,Carters Inc,carters.com,https://ir.carters.com/?ref=comdurav.com&order=field_nir_news_date&sort=asc,,https://www.carters.com/content/customerservice/contact-us/,Appsupport@carters.com,
CARVANA CO.,Carvana Co,,,,,,
CARVER BANCORP INC,Carver Bancorp Inc,carverbank.com,https://www.carverbank.com/about-carver/why-carver,customer.service@carverbank.com,https://www.carverbank.com/about-carver/contact-us,customer.service@carverbank.com,
CASELLA WASTE SYSTEMS INC,Casella Waste Systems Inc,casella.com,https://ir.casella.com/?ref=forwhatitsworth.co,,https://www.casella.com/contact-us,,
CASEYS GENERAL STORES INC,Caseys General Stores Inc,,,,,,
CASS INFORMATION SYSTEMS INC,CASS Information Systems Inc,cassinfo.com,https://www.cassinfo.com/news/1st-quarter-2025-results,cass@cassinfo.com,https://www.cassinfo.com/contact-us/gen,,
CASSAVA SCIENCES INC,Cassava Sciences Inc,,,,,,
CASTLE BIOSCIENCES INC,Castle Biosciences Inc,castlebiosciences.com,https://ir.castlebiosciences.com/overview/default.aspx,IR@castlebiosciences.com,https://castlebiosciences.com/company/contact-us,mediarelations@castlebiosciences.com,
CATERPILLAR INC,Caterpillar Inc,,,,,,
CATHAY GENERAL BANCORP,Cathay General Bancorp,cathaygeneralbancorp.com,https://www.cathaygeneralbancorp.com/cathay-general/financial-information,,https://www.cathaygeneralbancorp.com/contact-us,first.last@company.com,
CATO CORP,CATO Corp,,,,,,
"CAVA GROUP, INC.",CAVA Group Inc,,,,,,
CAVCO INDUSTRIES INC.,Cavco Industries Inc,cavcoindustries.com,https://www.cavcoindustries.com/archive/news/nationwide/,,http://www.cavcoindustries.com/,,
"CB Financial Services, Inc.",CB Financial Services Inc,,,,,,
"CBAK Energy Technology, Inc.",CBAK Energy Technology Inc,,,,,,
"CBIZ, Inc.",CBIZ Inc,cbiz.com,https://ir.cbiz.com/financial-information/sec-filings,,https://www.cbiz.com/contact/,,
CBL & ASSOCIATES PROPERTIES INC,CBL & Associates Properties Inc,cblproperties.com,https://invest.cblproperties.com/investor-relations/default.aspx,katie.reinsmidt@cblproperties.com,https://www.cblproperties.com/,,
CBRE GLOBAL REAL ESTATE INCOME FUND,CBRE Global REAL Estate Income FUND,,,,,,
"CBRE GROUP, INC.",CBRE Group Inc,,,,,,
CCC Intelligent Solutions Holdings Inc.,CCC Intelligent Solutions Holdings Inc,cccis.com,https://ir.cccis.com/static-files/e4062abc-88d5-464d-b323-aca97a3d0722,,https://www.cccis.com/contact,media@cccis.com,
CDW Corp,CDW Corp,cdw.com,https://investor.cdw.com/overview/default.aspx,investorrelations@cdw.com,https://www.cdw.com/content/cdw/en/help-center/contact-us.html,,
CECO ENVIRONMENTAL CORP,CECO Environmental Corp,cecodoor.com,https://www.cecodoor.com/en/customer-resources,,https://www.cecodoor.com/en/customer-resources/resource-library,,
CEL SCI CORP,CEL SCI Corp,cel-sci.com,https://cel-sci.com/investors/,Feedback@cel-sci.com,https://cel-sci.com/contact-us/,feedback@cel-sci.com,
CENTENE CORP,Centene Corp,centene.com,https://investors.centene.com/,,https://jobs.centene.com/us/en/our-teams/customer-care/,,
CENTERPOINT ENERGY INC,Centerpoint Energy Inc,centerpointenergy.com,https://investors.centerpointenergy.com/contact-us,,https://www.centerpointenergy.com/en-us/corporate/contact-us,,
CENTERSPACE,Centerspace,centerspacehomes.com,https://ir.centerspacehomes.com/corporate-profile/default.aspx,,https://www.centerspacehomes.com/residents,,
CENTRAL GARDEN & PET CO,Central Garden & PET Co,central.com,https://ir.central.com/,fedelmann@central.com,https://www.central.com/contact-us,petsalesinquiry@central.com,
CENTRAL PACIFIC FINANCIAL CORP,Central Pacific Financial Corp,centraltransport.com,https://www.centraltransport.com/company/contact-us,cs.ratequotes@centraltransport.com,https://www.centraltransport.com/company/contact-us,cs.customerbillingsupport@centraltransport.com,
CENTRUS ENERGY CORP,Centrus Energy Corp,centrusenergy.com,https://investors.centrusenergy.com/events-and-presentations/presentations,,https://www.centrusenergy.com/contact/,corpcomm@centrusenergy.com,
CENTURY ALUMINUM CO,Century Aluminum Co,,,,,,
CENTURY CASINOS INC /CO/,Century Casinos Inc,casinosavenue.com,https://www.casinosavenue.com/en/casinos/group/century-casinos/61,,https://www.casinosavenue.com/en/contact/,,
"CERO THERAPEUTICS HOLDINGS, INC.",CERO Therapeutics Holdings Inc,cero.bio,https://www.cero.bio/investors/,investors@cero.bio,https://www.cero.bio/,,
CERUS CORP,Cerus Corp,cerus.com,https://ir.cerus.com/resources/investor-contacts/,,https://www.cerus.com/,,
CEVA INC,CEVA Inc,,,,,,
CF Acquisition Corp. VII,CF Acquisition Corp VII,,,,,,
CF BANKSHARES INC.,CF Bankshares Inc,cfbankonline.com,https://investor.cfbankonline.com/news-events/default.aspx,,https://investor.cfbankonline.com/news-events/default.aspx,,
"CF Industries Holdings, Inc.",CF Industries Holdings Inc,cfindustries.com,https://ir.cfindustries.com/Investors/company-profile/default.aspx,,https://www.cfindustries.com/contact,darla.rivera@cfindustries.com,
CFN Enterprises Inc.,CFN Enterprises Inc,cfnenterprisesinc.com,https://cfnenterprisesinc.com/,investors@cfnenterprisesinc.com,https://cfnenterprisesinc.com/contact/,investors@cfnenterprisesinc.com,
"CFSB Bancorp, Inc. /MA/",CFSB Bancorp Inc,cfsbky.com,https://www.cfsbky.com/,79baaa8e09c746d2b7401643b99792e0@sentry.wixpress.com,https://www.cfsbky.com/,79baaa8e09c746d2b7401643b99792e0@sentry.wixpress.com,
"CG Oncology, Inc.",CG Oncology Inc,cgoncology.com,https://cgoncology.com/cg-oncology-reports-2024-year-end-financial-results-and-provides-business-updates/,ir@cgoncology.com,https://cgoncology.com/contact/,,
CHAIN BRIDGE BANCORP INC,Chain Bridge Bancorp Inc,chainbridgebank.com,https://ir.chainbridgebank.com/,ir@chainbridgebank.com,https://www.chainbridgebank.com/connect-with-us/contact/get-in-touch,info@chainbridgebank.com,
CHARLES & COLVARD LTD,Charles & Colvard Ltd,charlesandcolvard.com,"https://ir.charlesandcolvard.com/events?page=0,1,0",,https://www.charlesandcolvard.com/discover/general-faq/,service@charlesandcolvard.com,
"CHARLES RIVER LABORATORIES INTERNATIONAL, INC.",Charles River Laboratories International Inc,,,,,,
CHART INDUSTRIES INC,Chart Industries Inc,chartindustries.com,https://ir.chartindustries.com/financial-information/annual-reports/default.aspx,,https://www.chartindustries.com/,inquiries.USA@Howden.com,
"CHARTER COMMUNICATIONS, INC. /MO/",Charter Communications Inc,,,,,,
CHEESECAKE FACTORY INC,Cheesecake Factory Inc,,,,,,
CHEETAH NET SUPPLY CHAIN SERVICE INC.,Cheetah NET Supply Chain Service Inc,cheetah-net.com,https://investors.cheetah-net.com/financial-information/sec-filings,,https://cheetah-net.com/,info@cheetah-net.com,
"CHEGG, INC",Chegg Inc,,,,,,
CHEMED CORP,Chemed Corp,,,,,,
CHEMUNG FINANCIAL CORP,Chemung Financial Corp,chemungcanal.com,https://www.chemungcanal.com/,,https://www.chemungcanal.com/,,
CHEVRON CORP,Chevron Corp,,,,,,
CHICAGO RIVET & MACHINE CO,Chicago Rivet & Machine Co,chicagorivet.com,https://www.chicagorivet.com/investor-relations/,sales@chicagorivet.com,https://www.chicagorivet.com/contact-us/,sales@chicagorivet.com,
CHIMERIX INC,Chimerix Inc,leadiq.com,https://leadiq.com/c/chimerix-inc/5a1d98b023000053008754fa,First.Last@jazzpharma.com,https://leadiq.com/c/chimerix-inc/5a1d98b023000053008754fa,support@leadiq.com,
CHINA AUTOMOTIVE SYSTEMS INC,China Automotive Systems Inc,chinahighlights.com,https://www.chinahighlights.com/tour/modern-china-tour.htm,,https://www.chinahighlights.com/china-trains/buy-train-ticket.htm,,
"CHINA PHARMA HOLDINGS, INC.",China Pharma Holdings Inc,chinapharmaholdings.com,http://www.chinapharmaholdings.com/InvestorRelations,,http://www.chinapharmaholdings.com/CompanyInformation/ContactUs,hps@chinapharmaholdings.com,
CHOICE HOTELS INTERNATIONAL INC /DE,Choice Hotels International Inc /De,,,,,,
CHOICEONE FINANCIAL SERVICES INC,Choiceone Financial Services Inc,choiceone.com,https://ww2.choiceone.com/hubfs/WG_CSB_FINAL+PAGES.pdf,,https://bank.choiceone.com/login,help@choiceone.com,
CHS INC,CHS Inc,chsinc.com,https://www.chsinc.com/about-us/owners-and-investors,patron.equities@chsinc.com,https://www.chsinc.com/contact-us,support@chshedging.com,
CHURCH & DWIGHT CO INC /DE/,Church & Dwight Co Inc,churchdwight.com,https://investor.churchdwight.com/,,https://churchdwight.com/company/contact-us.aspx,Investor.relations@churchdwight.com,
CIENA CORP,Ciena Corp,ciena.com,https://investor.ciena.com/static-files/3dc20944-1e03-4a75-a1d8-647a1f204ab4,,https://www.ciena.com/support,,
CIMG Inc.,CIMG Inc,cimginc.com,https://www.cimginc.com/,,https://www.cimginc.com/Contact.html,,
CINCINNATI FINANCIAL CORP,Cincinnati Financial Corp,cincinnati.com,https://account.cincinnati.com/,,https://www.cincinnati.com/contact/staff/,swilder@enquirer.com,
CION Ares Diversified Credit Fund,CION Ares Diversified Credit Fund,arespublicfunds.com,https://arespublicfunds.com/,,https://arespublicfunds.com/,,
CION Investment Corp,CION Investment Corp,cioninvestments.com,https://cioninvestments.com/resources/forms/,sales@cioninvestments.com,https://cioninvestments.com/contact/,sales@cioninvestments.com,
"CIRRUS LOGIC, INC.",Cirrus Logic Inc,,,,,,
"CISCO SYSTEMS, INC.",Cisco Systems Inc,ciscosystems.tel,https://ciscosystems.tel/,infosec@cisco.com,https://ciscosystems.tel/,infosec@cisco.com,
"CISO Global, Inc.",CISO Global Inc,ciso.inc,https://www.ciso.inc/category/investor-relations/,,https://www.ciso.inc/managed-services-solutions/,,
CITIGROUP INC,Citigroup Inc,citigroup.com,https://www.citigroup.com/global/investors,u003einvestorrelations@citi.com,https://www.citigroup.com/global/contact-us,,
"CITIUS ONCOLOGY, INC.",Citius Oncology Inc,,,,,,
CITIZENS & NORTHERN CORP,Citizens & Northern Corp,citizensbank.com,https://investor.citizensbank.com/about-us/investor-relations/financial-information/financial-results/2025.aspx,,https://locations.citizensbank.com/ct/north-haven/151-washington-ave-.html,,
CITIZENS FINANCIAL GROUP INC/RI,Citizens Financial Group Inc/Ri,citizensbank.com,https://investor.citizensbank.com/about-us/investor-relations.aspx,,https://www.citizensbank.com/customer-service/contact-us.aspx,,
CITIZENS FINANCIAL SERVICES INC,Citizens Financial Services Inc,citizensinc.com,https://www.citizensinc.com/investors/,,https://www.citizensinc.com/,,
CITY HOLDING CO,CITY Holding Co,bankatcity.com,https://www.bankatcity.com/investors/,,https://www.bankatcity.com/investors/,,
"CIVISTA BANCSHARES, INC.",Civista Bancshares Inc,civista.bank,https://www.civista.bank/,,https://www.civista.bank/connect/contact-form,,
"CIVITAS RESOURCES, INC.",Civitas Resources Inc,civitasresources.com,https://ir.civitasresources.com/investor-relations/news/default.aspx,,https://civitasresources.com/contact/,,
"CKX LANDS, INC.",CKX Lands Inc,ckxlands.com,https://www.ckxlands.com/,admin@ckxlands.com,https://www.ckxlands.com/,admin@ckxlands.com,
CLEAN HARBORS INC,Clean Harbors Inc,cleanharbors.com,https://ir.cleanharbors.com/events-and-presentations,,https://www.cleanharbors.com/contact-us,,
"CLEANSPARK, INC.",Cleanspark Inc,cleanspark.com,https://investors.cleanspark.com/overview/default.aspx,ir@cleanspark.com,https://www.cleanspark.com/contact,info@cleanspark.com,
CLEARONE INC,Clearone Inc,clearone.com,https://www.clearone.com/,,https://www.clearone.com/,,
CLEVELAND-CLIFFS INC.,Cleveland-Cliffs Inc,clevelandcliffs.com,https://www.clevelandcliffs.com/investors,shareholder@broadridge.com,https://www.clevelandcliffs.com/contact,info@clevelandcliffs.com,
CLOROX CO /DE/,Clorox Co,thecloroxcompany.com,https://investors.thecloroxcompany.com/overview/default.aspx,corporate.communications@clorox.com,https://www.thecloroxcompany.com/contact-us/,investorrelations@clorox.com,
"CLOVER HEALTH INVESTMENTS, CORP. /DE",Clover Health Investments Corp /De,cloverhealth.com,https://investors.cloverhealth.com/financial-information/sec-filings,,https://www.cloverhealth.com/,brokers@cloverhealth.com,
"CLS Holdings USA, Inc.",CLS Holdings USA Inc,clsholdings.com,https://clsholdings.com/investors/financial-reports-presentations,enquiries@clsholdings.com,https://clsholdings.com/contact-us,cosec@clsholdings.com,
CME GROUP INC.,CME Group Inc,cmegroup.com,https://www.cmegroup.com/investor-relations.html,investors@cmegroup.com,https://www.cmegroup.com/tools-information/contacts-list.html,repositorysupport@cmegroup.com,
CMS ENERGY CORP,CMS Energy Corp,,,,,,
CNA FINANCIAL CORP,CNA Financial Corp,,,,,,
CNB FINANCIAL CORP/PA,CNB Financial Corp/Pa,cnbil.com,"https://www.cnbil.com/Resources/f0f6d474-7338-4209-aacf-7b722bde5e7e/CNB+Bank+Shares,+Inc.+2024+Annual+Report.pdf",,https://www.cnbil.com/help-and-support/,,
CNH Industrial N.V.,CNH Industrial NV,cnhindustrial.com,https://www.auth1.cnhindustrial.com/en-us/investor_relations/shareholder_meetings/shareholder_documents/2016/CNHI_2016_AGM_Addresses_from_Chairman_and_CEO.pdf,,https://info.cnhindustrial.com/toptech,,
"CNO Financial Group, Inc.",CNO Financial Group Inc,cnoinc.com,https://ir.cnoinc.com/overview/default.aspx,,https://www.cnoinc.com/,,
"CNS Pharmaceuticals, Inc.",CNS Pharmaceuticals Inc,cnspharma.com,https://cnspharma.com/ir,,https://cnspharma.com/contact,support@cnspharma.com,
CNX Resources Corp,CNX Resources Corp,,,,,,
CO2 Energy Transition Corp.,Co2 Energy Transition Corp,co2et.com,https://www.co2et.com/,user@domain.com,https://www.co2et.com/,info@co2et.com,
COASTAL FINANCIAL CORP,Coastal Financial Corp,coastalfinancialcorp.com,https://www.coastalfinancialcorp.com/contactus.html,questions@coastalfinancialcorp.com,https://www.coastalfinancialcorp.com/contactus.html,questions@coastalfinancialcorp.com,
COFFEE HOLDING CO INC,Coffee Holding Co Inc,coffeeholding.com,https://investors.coffeeholding.com/corporate-governance,,https://coffeeholding.com/contact-us/,,
"COGENT COMMUNICATIONS HOLDINGS, INC.",Cogent Communications Holdings Inc,cogentco.com,https://www.cogentco.com/en/about-cogent/investor-relations,,https://www.cogentco.com/,,
COGNEX CORP,Cognex Corp,,,,,,
COGNITION THERAPEUTICS INC,Cognition Therapeutics Inc,cognition.ai,https://cognition.ai/blog/windsurf,,https://cognition.ai/terms-of-service,,
COGNIZANT TECHNOLOGY SOLUTIONS CORP,Cognizant Technology Solutions Corp,cognizant.com,https://investors.cognizant.com/home/default.aspx,,https://www.cognizant.com/us/en/about-cognizant/contact-us,johnsmith@example.com,
"COHEN & STEERS, INC.",Cohen & Steers Inc,,,,,,
COHERENT CORP.,Coherent Corp,coherent.com,https://www.coherent.com/company/investor-relations,,https://www.coherent.com/company/locations/americas/united-states/north-america-customer-support,customer.support@coherent.com,
COHU INC,COHU Inc,cohu.com,https://ir.cohu.com/news-releases/news-release-details/cohu-reports-first-quarter-2025-results,,https://www.cohu.com/contact-help-center,DETechnicalSupport@cohu.com,
COLGATE PALMOLIVE CO,Colgate Palmolive Co,,,,,,
"COLLEGIUM PHARMACEUTICAL, INC",Collegium Pharmaceutical Inc,ourcollegium.com,https://ourcollegium.com/pages/policies,orders@ourcollegium.com,https://ourcollegium.com/pages/policies,info@ourcollegium.com,
COLONY BANKCORP INC,Colony Bankcorp Inc,colonybank.com,https://investors.colonybank.com/events-and-presentations/default.aspx,,https://investors.colonybank.com/resource/investor-faqs/default.aspx,,
"COLUMBIA BANKING SYSTEM, INC.",Columbia Banking System Inc,,,,,,
COLUMBIA SPORTSWEAR CO,Columbia Sportswear Co,columbiasportswearcompany.com,https://www.columbiasportswearcompany.com/,,https://www.columbiasportswearcompany.com/,,
COLUMBUS MCKINNON CORP,Columbus Mckinnon Corp,columbusmckinnon.com,https://motion.columbusmckinnon.com/power-generation-hoisting-lifting-equipment,,https://motion.columbusmckinnon.com/supplier-registration,,
COMCAST CORP,Comcast Corp,,,,,,
COMFORT SYSTEMS USA INC,Comfort Systems USA Inc,comfortsystemsusa.com,https://investors.comfortsystemsusa.com/news-releases/news-release-details/comfort-systems-usa-reports-second-quarter-2025-results,,https://comfortsystemsusa.com/,image_homepage_building-services@2x.jpg,
COMMERCE BANCSHARES INC /MO/,Commerce Bancshares Inc,commercebank.com,https://investor.commercebank.com/stock-info/stock-quote/default.aspx,,https://www.commercebank.com/contact-us,mymoney@commercebank.com,
COMMERCIAL METALS Co,Commercial Metals Co,commercialappeal.com,https://www.commercialappeal.com/press-release/story/49456/avino-announces-q3-2025-financial-results/,IR@avino.com,https://help.commercialappeal.com/contact-us,,
COMMUNITY BANCORP /VT,Community Bancorp /Vt,,,,,,
"COMMUNITY FINANCIAL SYSTEM, INC.",Community Financial System Inc,,,,,,
COMMUNITY HEALTH SYSTEMS INC,Community Health Systems Inc,communityhealth.careers,https://www.communityhealth.careers/,,https://www.communityhealth.careers/,,
COMMVAULT SYSTEMS INC,Commvault Systems Inc,commvault.com,https://ir.commvault.com/news-releases/news-release-details/commvault-announces-fiscal-2025-second-quarter-financial-results,,https://www.commvault.com/contact-us,,
COMPASS MINERALS INTERNATIONAL INC,Compass Minerals International Inc,compassminerals.com,https://investors.compassminerals.com/investors-relations/overview/default.aspx,,https://www.compassminerals.com/contact/,MediaRelations@compassminerals.com,
COMPASS Pathways plc,Compass Pathways PLC,compasspathways.com,https://ir.compasspathways.com/News--Events-/news/default.aspx,,https://compasspathways.com/our-work/pipeline-overview/,,
"COMSCORE, INC.",Comscore Inc,comscore.com,https://ir.comscore.com/index.php/investor-relations,,https://www.comscore.com/,,
COMSovereign Holding Corp.,Comsovereign Holding Corp,comsovereign.com,https://www.comsovereign.com/,271e9fa3230b4eec94b02bf95780f5f2@sentry.wixpress.com,https://www.comsovereign.com/,info@COMSovereign.com,
COMTECH TELECOMMUNICATIONS CORP /DE/,Comtech Telecommunications Corp,comtech.com,https://comtech.com/investors/,,https://comtech.com/support/,,
CONAGRA BRANDS INC.,Conagra Brands Inc,,,,,,
CONNECTICUT LIGHT & POWER CO,Connecticut Light & Power Co,callmepower.com,https://callmepower.com/ct/utility/connecticut-light-power,,https://callmepower.com/ct/utility/connecticut-light-power,,
CONNS INC,Conns Inc,conns.com,https://ir.conns.com/sec-filings/sec-filing/8-k/0001193125-24-184837,,https://ssp.conns.com/showLogin.cc,%user_name%@domainname.ovpn,
CONOCOPHILLIPS,Conocophillips,conocophillips.com,https://www.conocophillips.com/investor-relations/,,https://www.conocophillips.com/contact-us/,A-FORU@COP.com,
CONSOL Energy Inc.,Consol Energy Inc,consol-usa.com,https://consol-usa.com/,,https://consol-usa.com/contact/,,
CONSOLIDATED EDISON INC,Consolidated Edison Inc,consolidated.com,https://www.consolidated.com/contact-us,ico-blog-blue@2x.png,https://www.consolidated.com/contact-us,ico-blog-blue@2x.png,
"CONSTELLATION BRANDS, INC.",Constellation Brands Inc,cbrands.com,https://ir.cbrands.com/,snehal.shah@cbrands.com,https://www.cbrands.com/pages/contact,ecc@cbrands.com,
"CONSUMER PORTFOLIO SERVICES, INC.",Consumer Portfolio Services Inc,,,,,,
CONX Corp.,CONX Corp,conxcorp.com,http://conxcorp.com/,info@CONXCORP.com,http://conxcorp.com/contact/,info@CONXCORP.com,
"COOPER COMPANIES, INC.",Cooper Companies Inc,coopercos.com,https://investor.coopercos.com/?ref=forwhatitsworth.co,,https://www.coopercos.com/contact/,,
COPART INC,Copart Inc,copart.com,https://www.copart.com/investorrelation,,https://help.copart.com/,,
COPT DEFENSE PROPERTIES,COPT Defense Properties,copt.com,https://investors.copt.com/,ir@copt.com,https://www.copt.com/contact/,marketing@copt.com,
CORCEPT THERAPEUTICS INC,Corcept Therapeutics Inc,corcept.com,https://corcept.com/ir-template/,,https://corcept.com/contact-corcept/,info@corcept.com,
CORE MOLDING TECHNOLOGIES INC,CORE Molding Technologies Inc,thecorecompanies.com,https://thecorecompanies.com/,,https://thecorecompanies.com/customer-service/,,
CORETEC GROUP INC.,Coretec Group Inc,thecoretecgroup.com,https://thecoretecgroup.com/,info@thecoretecgroup.com,https://thecoretecgroup.com/contact/,info@thecoretecgroup.com,
CORNING INC /NY,Corning Inc /Ny,,,,,,
"CORPAY, INC.",Corpay Inc,corpay.com,https://investor.corpay.com/financial-information/sec-filings,,https://www.corpay.com/en-NZ/contact-us/cross-border,u003etechsupport@corpay.com,
CORVEL CORP,Corvel Corp,corvel.com,https://www.corvel.com/company/investors/,investor_relations@corvel.com,https://www.corvel.com/contact/,,
"COSTAR GROUP, INC.",Costar Group Inc,,,,,,
COSTCO WHOLESALE CORP /NEW,Costco Wholesale Corp /New,costco.com,https://investor.costco.com/news/default.aspx,investor@costco.com,https://customerservice.costco.com/app/answers/detail/a_id/9/~/contact-us,,
COTY INC.,COTY Inc,coty.com,https://investors.coty.com/,,https://www.coty.com/contact-us,u003epress@cotyinc.com,
CPI AEROSTRUCTURES INC,CPI Aerostructures Inc,cpiaero.com,https://investors.cpiaero.com/financials/quarterly-results/default.aspx,,https://www.cpiaero.com/contact-us,user@domain.com,
CPI Card Group Inc.,CPI Card Group Inc,cpicardgroup.com,https://investor.cpicardgroup.com/events-and-presentations/default.aspx,,https://cpicardgroup.com/,privacy@cpicardgroup.com,
CPS TECHNOLOGIES CORP/DE/,CPS Technologies Corp,cpscorp.com,http://www.cpscorp.com/,,http://www.cpscorp.com/,,
"CRA INTERNATIONAL, INC.",CRA International Inc,,,,,,
"CRACKER BARREL OLD COUNTRY STORE, INC",Cracker Barrel OLD Country Store Inc,crackerbarrel.com,https://investor.crackerbarrel.com/index.php/,,https://guestrelations.crackerbarrel.com/s/article/Contact-Us,,
CRAWFORD & CO,Crawford & Co,crawford-company.com,https://crawford-company.com/resources,,https://crawford-company.com/,,
"CREATIVE MEDICAL TECHNOLOGY HOLDINGS, INC.",Creative Medical Technology Holdings Inc,creativemedicaltechnology.com,https://www.creativemedicaltechnology.com/investor-room,,https://www.creativemedicaltechnology.com/,IR@creativemedicaltechnology.com,
"CREATIVE REALITIES, INC.",Creative Realities Inc,creativerealities.com,https://www.creativerealities.com/ourpeople,,https://www.creativerealities.com/ourpeople,,
CREDIT ACCEPTANCE CORP,Credit Acceptance Corp,creditacceptance.com,https://www.ir.creditacceptance.com/investor-questions-acceptance,,https://www.creditacceptance.com/customers/faq/,,
CREDITRISKMONITOR COM INC,Creditriskmonitor Com Inc,creditriskmonitor.com,https://www.creditriskmonitor.com/,,https://www.creditriskmonitor.com/about/contact-us,,
CROSS COUNTRY HEALTHCARE INC,Cross Country Healthcare Inc,crosscountryhealthcare.com,https://ir.crosscountryhealthcare.com/?nomobile=1,,https://ir.crosscountryhealthcare.com/investor-faqs,,
CROSS TIMBERS ROYALTY TRUST,Cross Timbers Royalty Trust,crt-crosstimbers.com,https://crt-crosstimbers.com/,,https://crt-crosstimbers.com/contact-us/,trustee@CRT-crosstimbers.com,
CROWN CASTLE INC.,Crown Castle Inc,crowncastle.com,https://investor.crowncastle.com/taxonomy/term/3931,,https://www.crowncastle.com/,,
CROWN CRAFTS INC,Crown Crafts Inc,,,,,,
"CROWN HOLDINGS, INC.",Crown Holdings Inc,crown.holdings,https://crown.holdings/,,https://crown.holdings/,,
CRYO CELL INTERNATIONAL INC,CRYO CELL International Inc,cryo-cell.com,https://ir.cryo-cell.com/,Investors@cryo-cell.com,https://www.cryo-cell.com/contact,info@cryo-cell.com,
CS DIAGNOSTICS CORP.,CS Diagnostics Corp,cs-diagnostics.com,https://cs-diagnostics.com/en/,,https://cs-diagnostics.com/en/,,
"CSB Bancorp, Inc.",CSB Bancorp Inc,csb1.com,https://ir.csb1.com/,,https://www.csb1.com/,,
CSG SYSTEMS INTERNATIONAL INC,CSG Systems International Inc,csgi.com,https://ir.csgi.com/investor-home/default.aspx,info@csgi.com,https://www.csgi.com/contact/,,
CSLM ACQUISITION CORP.,CSLM Acquisition Corp,,,,,,
CSP INC /MA/,CSP Inc,cspinc.com,https://www.cspinc.com/,info@cspinc.com,https://www.cspinc.com/service-request,info@cspinc.com,
"CSW INDUSTRIALS, INC.",CSW Industrials Inc,cswindustrials.com,https://cswindustrials.com/,Mobile_Home_OurCommitment_IMG@2x.jpg,https://cswindustrials.com/contact/,info@cswindustrials.com,
CSX CORP,CSX Corp,,,,,,
"CTO Realty Growth, Inc.",CTO Realty Growth Inc,ctoreit.com,https://ir.ctoreit.com/,,https://www.ctoreit.com/,user@domain.com,
"CULLEN/FROST BANKERS, INC.",Cullen/Frost Bankers Inc,frostbank.com,https://investor.frostbank.com/home/default.aspx,,https://investor.frostbank.com/resources/contact-board/default.aspx,,
CUMBERLAND PHARMACEUTICALS INC,Cumberland Pharmaceuticals Inc,,,,,,
CUMMINS INC,Cummins Inc,,,,,,
CUMULUS MEDIA INC,Cumulus Media Inc,cumulusmedia.com,https://www.cumulusmedia.com/investors/,IR@cumulus.com,https://www.cumulusmedia.com/about-us/contact-us/,press@cumulus.com,
CURIS INC,Curis Inc,curis.com,https://www.curis.com/,,https://www.curis.com/contact/,503-6500info@curis.com,
CURTISS WRIGHT CORP,Curtiss Wright Corp,,,,,,
"CV Sciences, Inc.",CV Sciences Inc,cvsciences.com,https://ir.cvsciences.com/,ir@cvsciences.com,https://www.cvsciences.com/contact-us,help@pluscbdoil.com,
CVD EQUIPMENT CORP,CVD Equipment Corp,cvdequipment.com,https://cvdequipment.com/company/investors/,investorrelations@cvdequipment.com,https://cvdequipment.com/customer-support/,,
CVR ENERGY INC,CVR Energy Inc,cvrenergy.com,https://investors.cvrenergy.com/financials/quarterly-results/default.aspx,,https://investors.cvrenergy.com/resources/royalty-owners/default.aspx,,
"CVR PARTNERS, LP",CVR Partners LP,cvrpartners.com,https://investors.cvrpartners.com/,,https://customers.cvrpartners.com/contact-us,,
"CVRx, Inc.",Cvrx Inc,barostim.com,https://www.barostim.com/healthcare-professionals/our-company/,,https://www.barostim.com/contact-cvrx/,,
CVS HEALTH Corp,CVS Health Corp,cvshealth.com,https://investors.cvshealth.com/investors/corporate-governance/committee-composition/Executive-Committee/default.aspx,investorinfo@cvshealth.com,https://www.cvshealth.com/contact.html,,
CXApp Inc.,Cxapp Inc,cxapp.com,https://cxapp.com/news/cxapp-inc.cxapp-inc.-nasdaq-cxai-reports-strong-q125-customer-success-metrics-and-adoption-of-agentic-ai-based-cxai-platform,marketing@cxapp.com,https://cxapp.com/news,Logo-onLightBG@2x-1.png,
"CXJ GROUP CO., Ltd",CXJ Group Co Ltd,otcmarkets.com,https://www.otcmarkets.com/stock/ECXJ/profile,,https://www.otcmarkets.com/stock/ECXJ/profile,,
CYANOTECH CORP,Cyanotech Corp,cyanotech.com,https://www.cyanotech.com/public-filings/investor-news/,,https://www.cyanotech.com/contact/,,
"CYBERLOQ TECHNOLOGIES, INC.",Cyberloq Technologies Inc,cyberloq.com,https://www.cyberloq.com/,,https://www.cyberloq.com/,,
CYTOKINETICS INC,Cytokinetics Inc,cytokinetics.com,https://ir.cytokinetics.com/,,https://cytokinetics.com/contact-us/,,
"Cabaletta Bio, Inc.",Cabaletta Bio Inc,cabalettabio.com,https://www.cabalettabio.com/investors,investors@cabalettabio.com,https://www.cabalettabio.com/contact,investors@cabalettabio.com,
"Cable One, Inc.",Cable One Inc,cableone.net,https://ir.cableone.net/,,https://ir.cableone.net/esg/we-are-cable-one/default.aspx,,
Cactus Acquisition Corp. 1 Ltd,Cactus Acquisition Corp 1 Ltd,cactusac1.com,https://cactusac1.com/,Investors@cactusac1.com,https://cactusac1.com/,Adam@one-moto.com,
"Cactus, Inc.",Cactus Inc,cactusinc.com,https://cactusinc.com/,,https://cactusinc.com/contact,Info@CactusInc.com,
"Cadre Holdings, Inc.",Cadre Holdings Inc,cadre-holdings.com,https://www.cadre-holdings.com/overview,ir@cadre-holdings.com,https://www.cadre-holdings.com/company-information/contacts,lberman@igbir.com,
"Cadrenal Therapeutics, Inc.",Cadrenal Therapeutics Inc,cadrenal.com,https://www.cadrenal.com/investors/,,https://www.cadrenal.com/contact/,,
"Caesars Entertainment, Inc.",Caesars Entertainment Inc,caesars.com,https://investor.caesars.com/?KeyFile=402533447,,https://newsroom.caesars.com/media-resources/media-contacts/default.aspx,,
"CalEthos, Inc.",Calethos Inc,calethos.com,https://calethos.com/,CalEthos-Logo-Favicon@4x-150x150.png,https://calethos.com/,CalEthos-Logo-Favicon@4x-150x150.png,
Calamos Dynamic Convertible & Income Fund,Calamos Dynamic Convertible & Income Fund,calamos.com,https://www.calamos.com/funds/closed-end/dynamic-convertible-income-ccd/,info@calamos.com,https://www.calamos.com/funds/closed-end/dynamic-convertible-income-ccd/,info@calamos.com,
"CalciMedica, Inc.",Calcimedica Inc,calcimedica.com,https://ir.calcimedica.com/presentations,,https://calcimedica.com/contact-us/,info@calcimedica.com.com,
CaliberCos Inc.,Calibercos Inc,caliberco.com,https://ir.caliberco.com/,,https://www.caliberco.com/contact/,,
"Calidi Biotherapeutics, Inc.",Calidi Biotherapeutics Inc,calidibio.com,https://www.calidibio.com/,,https://www.calidibio.com/contact/,info@calidibio.com,
California BanCorp \ CA,California Bancorp CA,visitcalifornia.com,https://industry.visitcalifornia.com/resources/industry-relations,speakersdesk@visitcalifornia.com,https://www.visitcalifornia.com/experience/california-welcome-center-los-angeles/,CWC@citadeloutlets.com,
California Resources Corp,California Resources Corp,visitcalifornia.com,https://industry.visitcalifornia.com/about/team/directors-of-client-relations,nescudero@visitcalifornia.com,https://industry.visitcalifornia.com/about/team/directors-of-client-relations,nescudero@visitcalifornia.com,
"Calumet, Inc. /DE",Calumet Inc /De,calumet.com,https://calumet.com/news/,,https://calumet.com/contact-us/,,
Cambium Networks Corp,Cambium Networks Corp,cambiumnetworks.com,https://investors.cambiumnetworks.com/financial-information/sec-filings,,https://www.cambiumnetworks.com/contact-us/,renewals@cambiumnetworks.com,
"Camping World Holdings, Inc.",Camping World Holdings Inc,campingworld.com,https://investor.campingworld.com/financial-info/default.aspx,,https://www.campingworld.com/helpcenter,,
"Candel Therapeutics, Inc.",Candel Therapeutics Inc,patsnap.com,https://discovery.patsnap.com/company/candel-therapeutics/,,https://discovery.patsnap.com/company/candel-therapeutics/,,
"Cannabis Bioscience International Holdings, Inc.",Cannabis Bioscience International Holdings Inc,otcmarkets.com,https://www.otcmarkets.com/stock/CBIH,,https://www.otcmarkets.com/stock/CBIH/news,,
Cannabist Co Holdings Inc.,Cannabist Co Holdings Inc,cannabistcompany.com,https://www.cannabistcompany.com/news/press-release/2025/03/13/the-cannabist-company-reports-fourth-quarter-and-full-year-2024-results,investor@cannabistcompany.com,https://www.cannabistcompany.com/,,
"Cannae Holdings, Inc.",Cannae Holdings Inc,,,,,,
Canoo Inc.,Canoo Inc,,,,,,
Canterbury Park Holding Corp,Canterbury Park Holding Corp,canterburypark.com,https://www.canterburypark.com/canterbury-park-adds-two-members-to-board-of-directors/,,https://www.canterburypark.com/canterbury-park-adds-two-members-to-board-of-directors/,,
"Cantor Equity Partners, Inc.",Cantor Equity Partners Inc,cantor.com,https://www.cantor.com/,,https://www.cantor.com/,,
Capital Bancorp Inc,Capital Bancorp Inc,capitalbancorpgroup.com,https://capitalbancorpgroup.com/,,https://capitalbancorpgroup.com/contact.html,,
"Capitol Federal Financial, Inc.",Capitol Federal Financial Inc,visitthecapitol.gov,https://www.visitthecapitol.gov/explore/the-capitol,,https://www.visitthecapitol.gov/visit,,
Capri Holdings Ltd,Capri Holdings Ltd,,,,,,
"Capstone Green Energy Holdings, Inc.",Capstone Green Energy Holdings Inc,capstonegreenenergy.com,https://ir.capstonegreenenergy.com/,ir@CGRNenergy.com,https://www.capstonegreenenergy.com/,,
"CarGurus, Inc.",Cargurus Inc,cargurus.com,https://investors.cargurus.com/index.php/,,https://www.cargurus.com/,714a683475800f6c527f8922cb6b8db9@o47004.ingest.sentry.io,
"CarParts.com, Inc.",carparts.com Inc,carparts.com,https://www.carparts.com/investor/news-events/press-releases/detail/275/carparts-com-continues-to-make-investments-in-their,ir@carparts.com,https://www.carparts.com/help-center/contact-us,customerservice@carparts.com,
"Cara Therapeutics, Inc.",Cara Therapeutics Inc,caratherapeutics.com,https://ir.caratherapeutics.com/events/event-details/cara-therapeutics-virtual-np-day,,https://caratherapeutics.com/company/responsibility/,,
"Cardiff Oncology, Inc.",Cardiff Oncology Inc,cardiffoncology.com,https://investors.cardiffoncology.com/node/11831/html,,https://cardiffoncology.com/contact-us/,,
"Cardlytics, Inc.",Cardlytics Inc,cardlytics.com,https://ir.cardlytics.com/news/default.aspx,ir@cardlytics.com,https://www.cardlytics.com/contact,,
"CareCloud, Inc.",Carecloud Inc,carecloud.com,https://ir.carecloud.com/,IR@carecloud.com,https://carecloud.com/contact-us/,hello@carecloud.com,
"CareDx, Inc.",Caredx Inc,caredx.org,http://www.caredx.org/,,http://www.caredx.org/,,
"CareMax, Inc.",Caremax Inc,caremax-inc.com,https://www.caremax-inc.com/,user@domain.com,https://www.caremax-inc.com/contact,info@caremax-inc.com,
"CareTrust REIT, Inc.",Caretrust REIT Inc,caretrustreit.com,https://www.caretrustreit.com/investors/,,https://www.caretrustreit.com/contact/,,
CareView Communications Inc,Careview Communications Inc,,,,,,
"Caribou Biosciences, Inc.",Caribou Biosciences Inc,,,,,,
Carisma Therapeutics Inc.,Carisma Therapeutics Inc,carisma-shop.com,https://carisma-shop.com/,88568_2_11_medium@2x.progressive.jpg,https://carisma-shop.com/,info@carismarc.com,
Carlyle Credit Income Fund,Carlyle Credit Income Fund,,,,,,
Carlyle Group Inc.,Carlyle Group Inc,,,,,,
"Carlyle Secured Lending, Inc.",Carlyle Secured Lending Inc,,,,,,
Carmell Corp,Carmell Corp,carmellcosmetics.com,https://www.carmellcosmetics.com/pages/corporate,,https://www.carmellcosmetics.com/,,
Caro Holdings Inc.,Caro Holdings Inc,caroholdings.com,https://www.caroholdings.com/,ir@caroholdings.com,https://www.caroholdings.com/,ir@caroholdings.com,
Cars.com Inc.,cars.com Inc,,,,,,
"Carter Bankshares, Inc.",Carter Bankshares Inc,,,,,,
Cartesian Growth Corp II,Cartesian Growth Corp II,cartesiangrowth.com,https://www.cartesiangrowth.com/cgc2/investor-relations,contact2@cartesiangrowth.com,https://www.cartesiangrowth.com/,contact@cartesiangrowth.com,
"Cartesian Therapeutics, Inc.",Cartesian Therapeutics Inc,cartesiantherapeutics.com,https://ir.cartesiantherapeutics.com/investor-resources/investor-faqs,,https://www.cartesiantherapeutics.com/,info@cartesiantx.com,
Cartica Acquisition Corp,Cartica Acquisition Corp,carticaspac.com,https://carticaspac.com/investor-resources/,,https://carticaspac.com/contact/,info@carticaspac.com,
"Castellum, Inc.",Castellum Inc,castellum.com,https://www.castellum.com/investors/,jens.andersson@castellum.se,https://www.castellum.com/contact-us/,malin.loveborg@castellum.se,
"Catalent, Inc.",Catalent Inc,catalent.com,https://www.catalent.com/,,https://www.catalent.com/contact-us/,,
Catalyst Crew Technologies Corp.,Catalyst Crew Technologies Corp,catalystcrew.com,https://catalystcrew.com/about-upstream,servicedesk@upstream.exchange,https://catalystcrew.com/,,
"Catheter Precision, Inc.",Catheter Precision Inc,catheterprecision.com,https://www.catheterprecision.com/,,https://www.catheterprecision.com/contact-us/,,
"Cavitation Technologies, Inc.",Cavitation Technologies Inc,cavitechinc.com,https://cavitechinc.com/,web@cavitechinc.com,https://cavitechinc.com/,web@cavitechinc.com,
Cayson Acquisition Corp,Cayson Acquisition Corp,caysonspac.com,https://www.caysonspac.com/investor-relations,605a7baede844d278b89dc95ae0a9123@sentry-next.wixpress.com,https://www.caysonspac.com/contact,605a7baede844d278b89dc95ae0a9123@sentry-next.wixpress.com,
"Cboe Global Markets, Inc.",Cboe Global Markets Inc,cboe.com,https://ir.cboe.com/overview/default.aspx,InvestorRelations@cboe.com,https://www.cboe.com/contact-us/,NEOConnect@cboe.ca,
Celcuity Inc.,Celcuity Inc,celcuity.com,https://ir.celcuity.com/,,https://www.celcuity.com/,hero@2x.webp,
"Cell Source, Inc.",Cell Source Inc,,,,,,
"Celldex Therapeutics, Inc.",Celldex Therapeutics Inc,seekingalpha.com,https://seekingalpha.com/article/4821342-celldex-therapeutics-inc-cldx-presents-at-morgan-stanley-23rd-annual-global-healthcare,,https://seekingalpha.com/article/4821342-celldex-therapeutics-inc-cldx-presents-at-morgan-stanley-23rd-annual-global-healthcare,,
"Cellectar Biosciences, Inc.",Cellectar Biosciences Inc,cellectar.com,https://investor.cellectar.com/,investors@cellectar.com,https://www.cellectar.com/contact,info@cellectar.com,
"Celsius Holdings, Inc.",Celsius Holdings Inc,celsiusholdingsinc.com,https://ir.celsiusholdingsinc.com/news/default.aspx,investorrelations@celsius.com,https://ir.celsiusholdingsinc.com/resources/investor-contacts/default.aspx,,
Celularity Inc,Celularity Inc,celularity.com,https://celularity.com/investor-relations/,,https://celularity.com/,,
Cenntro Inc.,Cenntro Inc,centroinc.com,https://www.centroinc.com/Content/About-Us/Centro-Way.aspx,,https://www.centroinc.com/Content/Engineering-Services.aspx,,
Centessa Pharmaceuticals plc,Centessa Pharmaceuticals PLC,centessa.com,https://investors.centessa.com/news-releases/news-release-details/centessa-pharmaceuticals-participate-upcoming-investor-10,,https://centessa.com/,,
"Central Plains Bancshares, Inc.",Central Plains Bancshares Inc,centraltransport.com,https://www.centraltransport.com/company/who-we-are,cs.ratequotes@centraltransport.com,https://www.centraltransport.com/company/contact-us,cs.customerbillingsupport@centraltransport.com,
"Centuri Holdings, Inc.",Centuri Holdings Inc,centuri.com,https://investor.centuri.com/,,https://centuri.com/,info@NextCenturi.com,
Centurion Acquisition Corp.,Centurion Acquisition Corp,centurionacquisition.com,https://www.centurionacquisition.com/investor-relations,user@domain.com,https://www.centurionacquisition.com/contact,info@centurionacquisition.com,
"Century Communities, Inc.",Century Communities Inc,centurycommunities.com,https://investors.centurycommunities.com/overview/default.aspx,InvestorRelations@CenturyCommunities.com,https://www.centurycommunities.com/contact/,replytoaddress@example.com,
"Century Therapeutics, Inc.",Century Therapeutics Inc,century.tech,https://www.century.tech/,,https://www.century.tech/,,
"Cepton, Inc.",Cepton Inc,,,,,,
Cerence Inc.,Cerence Inc,cerence.com,https://investors.cerence.com/,kate.hickman@cerence.com,https://www.cerence.com/,,
"Certara, Inc.",Certara Inc,certara.com,https://ir.certara.com/?ref=linkstock,,https://www.certara.com/company/contact/,,
CervoMed Inc.,Cervomed Inc,megaservicesinc.com,http://megaservicesinc.com/,megaservices@comcast.net,http://megaservicesinc.com/credentials/insurance-certificate/,megaservices@comcast.net,
"Champion Homes, Inc.",Champion Homes Inc,championhomes.com,https://ir.championhomes.com/press-releases/default.aspx,,https://www.championhomes.com/contact-us,,
"ChargePoint Holdings, Inc.",Chargepoint Holdings Inc,chargepoint.com,https://investors.chargepoint.com/financials/quarterly-results/default.aspx,,https://www.chargepoint.com/support,,
Charging Robotics Inc.,Charging Robotics Inc,chargingrobotics.com,https://www.chargingrobotics.com/,,https://www.chargingrobotics.com/,,
"Charlotte's Web Holdings, Inc.",Charlotte S Web Holdings Inc,charlottesweb.com,https://investors.charlottesweb.com/resources/contact-investor-relations/default.aspx,,https://www.charlottesweb.com/,support@charlottesweb.com,
Charlton Aria Acquisition Corp,Charlton Aria Acquisition Corp,,,,,,
Chatham Lodging Trust,Chatham Lodging Trust,chathamlodgingtrust.com,https://chathamlodgingtrust.com/,,https://chathamlodgingtrust.com/contact-us/,,
"Checkpoint Therapeutics, Inc.",Checkpoint Therapeutics Inc,checkpoint.com,https://www.checkpoint.com/about-us/investor-relations/,info@amstock.com,https://usercenter.checkpoint.com/,,
"Chefs' Warehouse, Inc.",Chefs Warehouse Inc,chefswarehouse.com,https://investors.chefswarehouse.com/news-releases/news-release-details/chefs-warehouse-reports-first-quarter-2025-financial-results,,https://www.chefswarehouse.com/contact-customer-service/,,
Chenghe Acquisition I Co.,Chenghe Acquisition I Co,chengheinv.com,https://chengheinv.com/chenghe-acquisition-i-co/overview/,chenghe@chenghecap.com,https://chengheinv.com/chenghe-acquisition-i-co/,chenghe@chenghecap.com,
Chenghe Acquisition II Co.,Chenghe Acquisition II Co,chengheinv.com,https://chengheinv.com/chenghe-acquisition-ii-co/,chenghe@chenghecap.com,https://chengheinv.com/chenghe-acquisition-ii-co/,chenghe@chenghecap.com,
"Cheniere Energy Partners, L.P.",Cheniere Energy Partners LP,cheniere.com,https://cqpir.cheniere.com/,investor@cheniere.com,https://cqpir.cheniere.com/company-information,investor@cheniere.com,
Cherry Hill Mortgage Investment Corp,Cherry Hill Mortgage Investment Corp,cherry.cn,https://www.cherry.cn/,,https://www.cherry.cn/software.html,,
"Chicago Atlantic BDC, Inc.",Chicago Atlantic BDC Inc,chicagoatlanticbdc.com,https://chicagoatlanticbdc.com/investors/,,https://chicagoatlanticbdc.com/,,
"Chicago Atlantic Real Estate Finance, Inc.",Chicago Atlantic Real Estate Finance Inc,chicagoatlantic.com,https://www.chicagoatlantic.com/our-team/,info@chicagoatlantic.com,https://www.chicagoatlantic.com/contact/,info@chicagoatlantic.com,
"Chicken Soup for the Soul Entertainment, Inc.",Chicken Soup For The Soul Entertainment Inc,,,,,,
"Childrens Place, Inc.",Childrens Place Inc,childrensplaceinc.org,https://www.childrensplaceinc.org/,user@domain.com,https://www.childrensplaceinc.org/,info@childrensplaceinc.org,
Chilean Cobalt Corp.,Chilean Cobalt Corp,chileancobaltcorp.com,https://www.chileancobaltcorp.com/investors,605a7baede844d278b89dc95ae0a9123@sentry-next.wixpress.com,https://www.chileancobaltcorp.com/contact,Info@chileancobaltcorp.com,
China Foods Holdings Ltd.,China Foods Holdings Ltd,,,,,,
"China Green Agriculture, Inc.",China Green Agriculture Inc,greenagro-cn.com,https://greenagro-cn.com/?company-news/888.html,info@greenagro-cn.com,https://greenagro-cn.com/company-profile,info@greenagro-cn.com,
"China Health Industries Holdings, Inc.",China Health Industries Holdings Inc,,,,,,
Chord Energy Corp,Chord Energy Corp,chordenergy.com,https://ir.chordenergy.com/,info@chordenergy.com,https://www.chordenergy.com/contact/,info@chordenergy.com,
ChromaDex Corp.,Chromadex Corp,niagenbioscience.com,https://www.niagenbioscience.com/,,https://www.niagenbioscience.com/pages/contact,hr@niagenbio.com,
Chubb Ltd,Chubb Ltd,chubb.com,https://investors.chubb.com/financials/quarterly-results/default.aspx,,https://www.chubb.com/us-en/contact/contact-customer-support.html,customercare@chubb.com,
Churchill Capital Corp IX/Cayman,Churchill Capital Corp Ix/cayman,churchillcapital9.com,https://churchillcapital9.com/,,https://churchillcapital9.com/contact-us/,info@churchillcapitalcorp.com,
Churchill Downs Inc,Churchill Downs Inc,churchilldownsincorporated.com,https://ir.churchilldownsincorporated.com/contact-us,,https://www.churchilldownsincorporated.com/contact-us/,CDIContactUs@kyderby.com,
"Cibus, Inc.",Cibus Inc,cibus.com,https://ir.cibus.com/,,https://www.cibus.com/contact,info@cibus.com,
"Cidara Therapeutics, Inc.",Cidara Therapeutics Inc,cidara.com,https://www.cidara.com/investors/,info@cidara.com,https://www.cidara.com/contact/,info@cidara.com,
Cigna Group,Cigna Group,thecignagroup.com,https://investors.thecignagroup.com/financials/annual-reports/default.aspx,,https://jobs.thecignagroup.com/us/en/c/customer-service-claims-jobs?from=50&s=1,,
"Cinemark Holdings, Inc.",Cinemark Holdings Inc,cinemark.com,https://ir.cinemark.com/,investors@cinemark.com,https://ir.cinemark.com/company-information/contacts,investors@cinemark.com,
Cineverse Corp.,Cineverse Corp,cineverse.com,https://investor.cineverse.com/financials/sec-filings/default.aspx,,https://www.cineverse.com/,,
Cingulate Inc.,Cingulate Inc,,,,,,
Citi Trends Inc,Citi Trends Inc,cititrends.com,https://ir.cititrends.com/news-releases/news-release-details/citi-trends-sets-date-first-quarter-2025-earnings-release-and,,https://cititrends.com/contact-us/,,
"Citius Pharmaceuticals, Inc.",Citius Pharmaceuticals Inc,,,,,,
Citizens Community Bancorp Inc.,Citizens Community Bancorp Inc,citizenscommunitybank.com,https://www.citizenscommunitybank.com/,ajax-loader@2x.gif,https://www.citizenscommunitybank.com/contact-us/,ccb@citizenscommunitybank.com,
"City Office REIT, Inc.",City Office REIT Inc,cityofficereit.com,https://investors.cityofficereit.com/,,https://investors.cityofficereit.com/corporate-profile/default.aspx,,
Civeo Corp,Civeo Corp,civeo.com,https://ir.civeo.com/corporate-governance/committee-composition,,https://civeo.com/about/contact/,aus.info@civeo.com,
"Claros Mortgage Trust, Inc.",Claros Mortgage Trust Inc,,,,,,
Clarus Corp,Clarus Corp,claruscorp.com,https://www.claruscorp.com/,Clarus@igbir.com,https://www.claruscorp.com/,Clarus@igbir.com,
Clean Energy Fuels Corp.,Clean Energy Fuels Corp,cleanenergyfuels.com,https://investors.cleanenergyfuels.com/,Thomas.Driscoll@cleanenergyfuels.com,https://investors.cleanenergyfuels.com/company-information/contacts,Kimberly.Fleer@cleanenergyfuels.com,
"Clean Energy Technologies, Inc.",Clean Energy Technologies Inc,cleanenergyfuels.com,https://investors.cleanenergyfuels.com/,Thomas.Driscoll@cleanenergyfuels.com,https://www.cleanenergyfuels.com/,customerservice@cleanenergyfuels.com,
Clean Vision Corp,Clean Vision Corp,cleanvisioncorp.com,https://www.cleanvisioncorp.com/investor,605a7baede844d278b89dc95ae0a9123@sentry-next.wixpress.com,https://www.cleanvisioncorp.com/contact,605a7baede844d278b89dc95ae0a9123@sentry-next.wixpress.com,
"CleanCore Solutions, Inc.",Cleancore Solutions Inc,cleancoresol.com,https://investors.cleancoresol.com/,zone@crescendo-ir.com,https://www.cleancoresol.com/contact/,support@cleancoresol.com,
"Clear Channel Outdoor Holdings, Inc.",Clear Channel Outdoor Holdings Inc,clearchanneloutdoor.com,https://clearchanneloutdoor.com/?trk=public_profile_certification-title,,https://clearchanneloutdoor.com/?trk=public_profile_certification-title,,
"ClearPoint Neuro, Inc.",Clearpoint Neuro Inc,clearpointneuro.com,https://ir.clearpointneuro.com/news-events/presentations,,https://www.clearpointneuro.com/contact/,,
ClearSign Technologies Corp,Clearsign Technologies Corp,clearsign.com,https://ir.clearsign.com/,mselinger@firmirgroup.com,https://clearsign.com/contact-us/,info@clearsign.com,
"Clearday, Inc.",Clearday Inc,myclearday.com,https://myclearday.com/,,https://myclearday.com/,,
"Clearfield, Inc.",Clearfield Inc,seeclearfield.com,https://ir.seeclearfield.com/,clearfield@blueshirtgroup.com,https://www.seeclearfield.com/,sales@seeclearfield.com,
"Clearside Biomedical, Inc.",Clearside Biomedical Inc,clearsidebio.com,https://ir.clearsidebio.com/financial-information/quarterly-results,,https://clearsidebio.com/,info@clearsidebio.com,
"Cleartronic, Inc.",Cleartronic Inc,cleartronic.com,https://cleartronic.com/,,https://cleartronic.com/,,
"Clearwater Analytics Holdings, Inc.",Clearwater Analytics Holdings Inc,clearwateranalytics.com,https://clearwateranalytics.com/press-releases/clearwater-analytics-to-host-1st-investor-day/,investors@clearwateranalytics.com,https://clearwater-wp-staging.clearwateranalytics.com/contact-us/,,
Clearwater Paper Corp,Clearwater Paper Corp,,,,,,
"Clearway Energy, Inc.",Clearway Energy Inc,clearwayenergygroup.com,https://www.clearwayenergygroup.com/,,https://www.clearwayenergygroup.com/,,
ClimateRock,Climaterock,climate-rock.com,https://www.climate-rock.com/investor-relations,info@Climate-Rock.com,https://www.climate-rock.com/,info@Climate-Rock.com,
"Climb Bio, Inc.",Climb Bio Inc,climbbio.com,https://ir.climbbio.com/investor-relations,,https://climbbio.com/,,
"Climb Global Solutions, Inc.",Climb Global Solutions Inc,climbglobalsolutions.com,https://www.climbglobalsolutions.com/investors,CLMB@elevate-ir.com,https://www.climbglobalsolutions.com/,,
Clipper Realty Inc.,Clipper Realty Inc,clipperrealty.com,https://clipperrealty.com/investors/,info@clipperequity.com,https://clipperrealty.com/investors/,info@clipperequity.com,
"Cloudflare, Inc.",Cloudflare Inc,cloudflare.com,https://www.cloudflare.com/press/press-releases/2025/cloudflare-announces-fourth-quarter-and-fiscal-year-2024-financial-results/,,https://www.cloudflare.com/,legal@cloudflare.com,
Clough Global Equity Fund,Clough Global Equity Fund,cloughcapital.com,https://www.cloughcapital.com/cefs/glq/,mediarelations@cloughcapital.com,https://www.cloughcapital.com/contact/,info@cloughcapital.com,
"Co-Diagnostics, Inc.",Co-Diagnostics Inc,codiagnostics.com,https://codiagnostics.com/contact-us/,info@co-dx.com,https://news.codiagnostics.com/2021-03-02-Co-Diagnostics-New-Rapid-PCR-Point-of-Care-and-at-Home-Testing-Platform-to-Detect-Covid-19-and-Other-Diseases-Using-CoPrimer-TM-Technology?asPDF=1,,
CoJax Oil & Gas Corp,Cojax Oil & Gas Corp,stockanalysis.com,https://stockanalysis.com/quote/otc/CJAX/,,https://stockanalysis.com/quote/otc/CJAX/,,
"Coca-Cola Consolidated, Inc.",Coca-Cola Consolidated Inc,coca-colacompany.com,https://investors.coca-colacompany.com/,KOInvestorRelations@coca-cola.com,https://www.coca-colacompany.com/about-us/coca-cola-system,,
"Cocrystal Pharma, Inc.",Cocrystal Pharma Inc,cocrystalpharma.com,https://ir.cocrystalpharma.com/,header-logo@2x.png,https://www.cocrystalpharma.com/contact-us?captcha=false,info@cocrystalpharma.com,
"Coeptis Therapeutics Holdings, Inc.",Coeptis Therapeutics Holdings Inc,stockanalysis.com,https://stockanalysis.com/stocks/coep/company/,,https://stockanalysis.com/stocks/coep/company/,,
"Coeur Mining, Inc.",Coeur Mining Inc,,,,,,
"Cogent Biosciences, Inc.",Cogent Biosciences Inc,cogentco.com,https://www.cogentco.com/en/20-about-cogent/investor-relations,,https://www.cogentco.com/en/customer-service/faq/201-tech-faq/1596-how-do-i-contact-customer-support,,
Cohen & Co Inc.,Cohen & Co Inc,leonardcohen.com,https://www.leonardcohen.com/,,https://www.leonardcohen.com/prints,,
Cohen Circle Acquisition Corp. I,Cohen Circle Acquisition Corp I,cohencircle.com,https://cohencircle.com/,ir@cohencircle.com,https://cohencircle.com/,info@cohencircle.com,
"Coherus BioSciences, Inc.",Coherus Biosciences Inc,coherus.com,https://investors.coherus.com/investor-overview?c=253655&p=irol-irhome,,https://www.coherus.com/contact/,,
CoinShares Valkyrie Bitcoin Fund,Coinshares Valkyrie Bitcoin Fund,coinshares.com,https://investor.coinshares.com/,,https://coinshares.com/us/etf/,,
"Coinbase Global, Inc.",Coinbase Global Inc,,,,,,
Coliseum Acquisition Corp.,Coliseum Acquisition Corp,,,,,,
"Collective Audience, Inc.",Collective Audience Inc,collectiveaudience.co,https://collectiveaudience.co/,,https://collectiveaudience.co/contact/,,
"Columbia Financial, Inc.",Columbia Financial Inc,,,,,,
"Columbia Seligman Premium Technology Growth Fund, Inc.",Columbia Seligman Premium Technology Growth Fund Inc,columbiathreadneedleus.com,https://www.columbiathreadneedleus.com/investment-products/closed-end-funds/seligman-premium-technology-growth-fund-distribution/,,https://www.columbiathreadneedleus.com/binaries/content/assets/cti/public/lit_doc_c8c59b17.pdf,,
"Comera Life Sciences Holdings, Inc.",Comera Life Sciences Holdings Inc,mycomera.com,https://mycomera.com/,,https://mycomera.com/,,
"Commercial Vehicle Group, Inc.",Commercial Vehicle Group Inc,commercialappeal.com,https://www.commercialappeal.com/obituaries,obits@commercialappeal.com,https://www.commercialappeal.com/,,
Community Healthcare Trust Inc,Community Healthcare Trust Inc,,,,,,
Community West Bancshares,Community West Bancshares,,,,,,
Compass Digital Acquisition Corp.,Compass Digital Acquisition Corp,,,,,,
Compass Diversified Holdings,Compass Diversified Holdings,compassdiversified.com,https://compassdiversified.com/,,https://compassdiversified.com/,,
"Compass Therapeutics, Inc.",Compass Therapeutics Inc,compasstherapeutics.com,https://investors.compasstherapeutics.com/financials-filings/sec-filings,,https://www.compasstherapeutics.com/contact/,media@compasstherapeutics.com,
"Compass, Inc.",Compass Inc,compassindiainc.tours,https://www.compassindiainc.tours/compass-founder.html,info@compassindiainc.tours,https://www.compassindiainc.tours/contact.html,,
"Complete Solaria, Inc.",Complete Solaria Inc,solaria.com,https://www.solaria.com/,user@domain.com,https://www.solaria.com/,user@domain.com,
"CompoSecure, Inc.",Composecure Inc,composecure.com,https://ir.composecure.com/contact-ir,,https://www.composecure.com/,,
"Comstock Holding Companies, Inc.",Comstock Holding Companies Inc,comstockcompanies.com,https://ir.comstockcompanies.com/,,https://ir.comstockcompanies.com/resources/contacts/,,
Comstock Inc.,Comstock Inc,comstock.inc,https://comstock.inc/investors/,,https://comstock.inc/investors/contact-us/,ir@comstockinc.com,
"Concentra Group Holdings Parent, Inc.",Concentra Group Holdings Parent Inc,,,,,,
Concentrix Corp,Concentrix Corp,concentrixcareers.com,https://www.concentrixcareers.com/why-concentrix,hiring.helpdesk@concentrix.com,https://www.concentrixcareers.com/open-positions,hiring.helpdesk@concentrix.com,
"Concrete Pumping Holdings, Inc.",Concrete Pumping Holdings Inc,concretepumpingholdings.com,https://ir.concretepumpingholdings.com/,BBCP@gateway-grp.com,https://www.concretepumpingholdings.com/,BBCP@gatewayir.com,
"Confluent, Inc.",Confluent Inc,confluentholdings.com,https://www.confluentholdings.com/,contact@confluentholdings.com,https://www.confluentholdings.com/about,contact@confluentholdings.com,
"Conifer Holdings, Inc.",Conifer Holdings Inc,coniferhealth.com,https://www.coniferhealth.com/about-us/pressreleases/pressdetail/tenet-announces-roger-davis-as-president-and-ceo-of-conifer/,,https://www.coniferhealth.com/sales-demo/,craig.burzynski@coniferhealth.com,
ConneXionONE Corp.,Connexionone Corp,connexionone.com,https://www.connexionone.com/,,https://www.connexionone.com/,,
"ConnectM Technology Solutions, Inc.",Connectm Technology Solutions Inc,technologysolutions.net,https://www.technologysolutions.net/,,https://www.technologysolutions.net/contact-us/,,
"ConnectOne Bancorp, Inc.",Connectone Bancorp Inc,connectonebank.com,https://ir.connectonebank.com/corporate-information/corporate-profile/,,https://www.connectonebank.com/about/contact,support@cnob.com,
Connexa Sports Technologies Inc.,Connexa Sports Technologies Inc,,,,,,
"Consolidated Communications Holdings, Inc.",Consolidated Communications Holdings Inc,consolidated.com,https://www.consolidated.com/contact-us,ico-blog-blue@2x.png,https://www.consolidated.com/,ico-blog-blue@2x.png,
Constellation Energy Corp,Constellation Energy Corp,constellationenergy.com,https://investors.constellationenergy.com/node/851,,https://www.constellationenergy.com/,WebAgent@constellation.com,
"Container Store Group, Inc.",Container Store Group Inc,containerstore.com,https://www.containerstore.com/landing/poppin,,https://www.containerstore.com/contact/index.htm,ContainerStoriesBlog@containerstore.com,
"Contango ORE, Inc.",Contango ORE Inc,contangoore.com,https://www.contangoore.com/investors/overview,info@contangoore.com,https://www.contangoore.com/contact-us,info@contangoore.com,
Context Therapeutics Inc.,Context Therapeutics Inc,contexttherapeutics.com,https://ir.contexttherapeutics.com/,,https://www.contexttherapeutics.com/contact,info@contexttherapeutics.com,
ContextLogic Inc.,Contextlogic Inc,,,,,,
"Contineum Therapeutics, Inc.",Contineum Therapeutics Inc,ipatherapeutics.com,https://ir.ipatherapeutics.com/,,https://www.ipatherapeutics.com/contact-us,,
Cooper-Standard Holdings Inc.,Cooper-Standard Holdings Inc,,,,,,
Copper Property CTL Pass Through Trust,Copper Property CTL Pass Through Trust,ctltrust.net,https://www.ctltrust.net/,jcummins@hilcoglobal.com,https://www.ctltrust.net/,jcummins@hilcoglobal.com,
CorMedix Inc.,Cormedix Inc,,,,,,
"Corbus Pharmaceuticals Holdings, Inc.",Corbus Pharmaceuticals Holdings Inc,corbuspharma.com,https://ir.corbuspharma.com/,ir@corbuspharma.com,https://www.corbuspharma.com/contact-us,ir@corbuspharma.com,
"Core & Main, Inc.",Core & Main Inc,coreandmain.com,https://ir.coreandmain.com/overview/default.aspx,InvestorRelations@coreandmain.com,https://ir.coreandmain.com/,,
Core Laboratories Inc. /DE/,Core Laboratories Inc,corelab.com,https://www.corelab.com/Investors,,https://www.corelab.com/about/contact/,,
"Core Scientific, Inc./tx",Core Scientific Inc./tx,corescientific.com,https://investors.corescientific.com/,ir@corescientific.com,https://corescientific.com/contact-us/,sales@corescientific.com,
CoreCard Corp,Corecard Corp,corecard.com,https://investors.corecard.com/news-events/press-releases?url_redirect=true,,https://www.corecard.com/,,
"CoreCivic, Inc.",Corecivic Inc,corecivic.com,https://ir.corecivic.com/news-releases?field_nir_news_date_value[min]=&field_nir_news_date_value[max]=&items_per_page_toggle=0&page=1,,https://www.corecivic.com/contact-us,PublicAffairs@CoreCivic.com,
"Corebridge Financial, Inc.",Corebridge Financial Inc,corebridgefinancial.com,https://investors.corebridgefinancial.com/,InvestorRelations@corebridgefinancial.com,https://www.corebridgefinancial.com/,defalt@crbg.com,
Coronado Global Resources Inc.,Coronado Global Resources Inc,coronadoglobal.com,https://coronadoglobal.com/investors/,,https://coronadoglobal.com/contact/,careers@coronadoglobal.com,
Correlate Energy Corp.,Correlate Energy Corp,,,,,,
"Corsair Gaming, Inc.",Corsair Gaming Inc,corsair.com,https://ir.corsair.com/,,https://help.corsair.com/hc/en-us/articles/360025348571-How-to-Reset-your-computer-mouse,,
"Corvus Pharmaceuticals, Inc.",Corvus Pharmaceuticals Inc,corvuspharma.com,https://investor.corvuspharma.com/,,https://www.corvuspharma.com/contact/,jarcara@corvuspharma.com,
Cosmos Health Inc.,Cosmos Health Inc,cosmoshealthinc.com,https://www.cosmoshealthinc.com/investors-investor-presentation,79baaa8e09c746d2b7401643b99792e0@sentry.wixpress.com,https://www.cosmoshealthinc.com/,info@cosmoshealthinc.com,
Coterra Energy Inc.,Coterra Energy Inc,coterra.com,https://investors.coterra.com/Investors/events-and-presentations/default.aspx,,https://investors.coterra.com/Investors/resources/investor-contacts/default.aspx,,
"Couchbase, Inc.",Couchbase Inc,couchbase.com,https://investors.couchbase.com/news-events/presentations?page=1,,https://www.couchbase.com/contact/,info@couchbase.com,
"Coupang, Inc.",Coupang Inc,aboutcoupang.com,https://ir.aboutcoupang.com/news-events/default.aspx,,https://www.aboutcoupang.com/,,
"Coursera, Inc.",Coursera Inc,coursera.com,https://investor.coursera.com/news/news-details/2025/Coursera-Reports-Second-Quarter-2025-Financial-Results/default.aspx,,https://investor.coursera.com/resources/contact-us/default.aspx,,
"Coya Therapeutics, Inc.",Coya Therapeutics Inc,coyatherapeutics.com,https://ir.coyatherapeutics.com/,,https://coyatherapeutics.com/contact/,,
Crane Co,Crane Co,lagrangecrane.com,https://lagrangecrane.com/,you@example.com,https://lagrangecrane.com/,you@example.com,
"Creatd, Inc.",Creatd Inc,creatd.com,https://www.creatd.com/presentations,,https://www.creatd.com/contact,,
Creative Media & Community Trust Corp,Creative Media & Community Trust Corp,creativemediacommunity.com,https://shareholders.creativemediacommunity.com/news-releases/news-release-details/creative-media-community-trust-corporation-reports-2025-first,,https://shareholders.creativemediacommunity.com/news-releases/news-release-details/creative-media-community-trust-corporation-reports-2025-first,,
Credo Technology Group Holding Ltd,Credo Technology Group Holding Ltd,credosemi.com,https://investors.credosemi.com/financials/quarterly-results/default.aspx,,https://credosemi.com/legal/,legalnotices@credosemi.com,
"Crescent Capital BDC, Inc.",Crescent Capital BDC Inc,,,,,,
Crescent Energy Co,Crescent Energy Co,crescentenergyco.com,https://crescentenergyco.com/investors/investors-home/,,https://crescentenergyco.com/contact-us/,help@trustetc.com,
"Crexendo, Inc.",Crexendo Inc,,,,,,
"Cricut, Inc.",Cricut Inc,cricut.com,https://investor.cricut.com/?_gl=1*14z8gdn*_gcl_aw*R0NMLjE2Nzg5Nzg5OTEuQ2p3S0NBandfTXFnQmhBR0Vpd0FuWU9BZXExVjQyZGRHUGJydWs5NWdFT0Z4MjdkRTZvZkhTNlF2TlNnSVFER1FHdnBSTnhqUy1fSC14b0NMLVVRQXZEX0J3RQ..*_gcl_dc*R0NMLjE2Nzg5Nzg5OTEuQ2p3S0NBandfTXFnQmhBR0Vpd0FuWU9BZXExVjQyZGRHUGJydWs5NWdFT0Z4MjdkRTZvZkhTNlF2TlNnSVFER1FHdnBSTnhqUy1fSC14b0NMLVVRQXZEX0J3RQ..,,https://help.cricut.com/hc/en-us/articles/360020316674-Cricut-Contact-Information,,
"Crimson Wine Group, Ltd",Crimson Wine Group Ltd,crimsonwinegroup.com,https://www.crimsonwinegroup.com/,website@crimsonwinegroup.com,https://www.crimsonwinegroup.com/contact-us/,CWG@quinn.pr,
Criteo S.A.,Criteo SA,criteo.com,https://www.criteo.com/,Onsite-Display-Auction-Webinar-380x175@2x-300x138.png,https://www.criteo.com/,Onsite-Display-Auction-Webinar-380x175@2x-300x138.png,
"Crocs, Inc.",Crocs Inc,,,,,,
Cronos Group Inc.,Cronos Group Inc,thecronosgroup.com,https://ir.thecronosgroup.com/financial-information/quarterly-results,,https://thecronosgroup.com/,,
CrossAmerica Partners LP,Crossamerica Partners LP,crossamericapartners.com,https://www.crossamericapartners.com/,,https://www.crossamericapartners.com/contact-us,,
"CrowdStrike Holdings, Inc.",Crowdstrike Holdings Inc,crowdstrike.com,https://ir.crowdstrike.com/?ref=TheNewMoney,,https://www.crowdstrike.com/en-us/legal/privacy-notice/,privacy@crowdstrike.com,
Crown Electrokinetics Corp.,Crown Electrokinetics Corp,crownek.com,https://ir.crownek.com/,,https://ir.crownek.com/company-information/contacts,pr@crownek.com,
"Crown Equity Holdings, Inc.",Crown Equity Holdings Inc,crownequityholdings.com,https://crownequityholdings.com/,info@crownequityholdings.com,https://crownequityholdings.com/contact.html,info@crownequityholdings.com,
"Cryomass Technologies, Inc.",Cryomass Technologies Inc,cryomass.com,https://cryomass.com/investors/,,https://cryomass.com/,,
"Cryoport, Inc.",Cryoport Inc,cryoportinc.com,https://ir.cryoportinc.com/,seckstein@kcsa.com,https://cryoportinc.com/contact-us/,theinzen@cryoport.com,
Crypto Co,Crypto Co,crypto.com,https://crypto.com/en/about,,https://help.crypto.com/en,,
CubeSmart,Cubesmart,cubesmart.com,https://investors.cubesmart.com/financials/annual-reports/default.aspx,,https://www.cubesmart.com/login/,,
"Cue Biopharma, Inc.",Cue Biopharma Inc,cuebiopharma.com,https://www.cuebiopharma.com/investors/,info@cuebio.com,https://www.cuebiopharma.com/contact-us/,info@cuebio.com,
Cue Health Inc.,Cue Health Inc,,,,,,
Cuentas Inc.,Cuentas Inc,cuentas.com,https://cuentas.com/investor-relations,,https://cuentas.com/,,
"Cullinan Therapeutics, Inc.",Cullinan Therapeutics Inc,cullinantherapeutics.com,https://investors.cullinantherapeutics.com/news-releases?page=2,,https://cullinantherapeutics.com/contact/,privacy@cullinantx.com,
"Cullman Bancorp, Inc. /MD/",Cullman Bancorp Inc,visitcullman.com,https://visitcullman.com/history/index.html,info@visitcullman.com,https://visitcullman.com/,info@visitcullman.com,
Curbline Properties Corp.,Curbline Properties Corp,curbline.com,https://ir.curbline.com/,,https://curbline.com/,,
CuriosityStream Inc.,Curiositystream Inc,curiositystream.com,https://investors.curiositystream.com/,,https://curiositystream.com/welcome?coupon=gta,,
Currenc Group Inc.,Currenc Group Inc,currencgroup.com,https://investors.currencgroup.com/overview/default.aspx,investors@currencgroup.com,https://investors.currencgroup.com/English/resources/investor-faqs/default.aspx,,
Cushman & Wakefield plc,Cushman & Wakefield PLC,cushmanwakefield.com,https://ir.cushmanwakefield.com/news/default.aspx,IR@CUSHWAKE.COM,https://www.cushmanwakefield.com/en/people,,
"Custom Truck One Source, Inc.",Custom Truck One Source Inc,customtruck.com,https://investors.customtruck.com/news/default.aspx,investors@customtruck.com,https://www.customtruck.com/service/,,
"Customers Bancorp, Inc.",Customers Bancorp Inc,customersbank.com,https://www.customersbank.com/investor-relations/investor-presentations/,,https://www.customersbank.com/investor-relations/about-us/,Module_Image-cluster@1x.png,
Cyber App Solutions Corp.,Cyber App Solutions Corp,cyberappsolutions.com,https://cyberappsolutions.com/,,https://cyberappsolutions.com/,,
"Cyclerion Therapeutics, Inc.",Cyclerion Therapeutics Inc,cyclerion.com,https://ir.cyclerion.com/stock-information,,https://www.cyclerion.com/,info@cyclerion.com,
"Cytek Biosciences, Inc.",Cytek Biosciences Inc,cytekbio.com,https://investors.cytekbio.com/investor-relations,,https://cytekbio.com/pages/contact,products@cytekbio.com,
CytoDyn Inc.,Cytodyn Inc,cytodyn.com,https://www.cytodyn.com/investors,info@cytodyn.com,https://www.cytodyn.com/contact,info@cytodyn.com,
Cytosorbents Corp,Cytosorbents Corp,cytosorbents.com,https://ir.cytosorbents.com/,,https://cytosorbents.com/,,
D-Wave Quantum Inc.,D-Wave Quantum Inc,dwavequantum.com,https://www.dwavequantum.com/company/newsroom/press-release/d-wave-quantum-to-participate-in-upcoming-investor-events/,ir@dwavesys.com,https://www.dwavequantum.com/customer-support/,,
DAILY JOURNAL CORP,Daily Journal Corp,dailyjournal.com,https://ir.dailyjournal.com/,ir@dailyjournal.com,https://www.dailyjournal.com/printing_services,Jeremy@ReprintPros.com,
DAKTRONICS INC /SD/,Daktronics Inc,daktronics.com,https://www.daktronics.com/news/cree-led-and-daktronics-enter-licensing-agreement-for-led-display-technology,justin.ochsner@daktronics.com,https://www.daktronics.com/en-cn/services/customer-service,shanghai@daktronics.com,
DANA INC,DANA Inc,dana.com,https://www.dana.com/newsroom/press-releases/,,https://www.dana.com/markets/commercial-vehicle/customer-support/frequently-asked-questions/,,
DANAHER CORP /DE/,Danaher Corp,danaher.com,https://investors.danaher.com/,investor.relations@danaher.com,https://www.danaher.com/,,
DARDEN RESTAURANTS INC,Darden Restaurants Inc,darden.com,https://investor.darden.com/home/default.aspx,,https://www.darden.com/contact-us,giftcardservices@gift.darden.com,
DARLING INGREDIENTS INC.,Darling Ingredients Inc,darlingii.com,https://www.darlingii.com/investors,investor.relations@darlingii.com,https://www.darlingii.com/about/contact,,
DATA I/O CORP,DATA I/O Corp,dataio.com,https://www.dataio.com/Company/Investor-Relations,,https://www.dataio.com/Contact-Us,,
DATASEA INC.,Datasea Inc,dataseainc.com,https://www.dataseainc.com/,David.rudnick@preceptir.com,https://www.dataseainc.com/,David.rudnick@preceptir.com,
DAWSON GEOPHYSICAL CO,Dawson Geophysical Co,,,,,,
DAXOR CORP,Daxor Corp,daxor.com,https://daxor.com/investors/,cstmail@continentalstock.com,https://daxor.com/,info@daxor.com,
"DAYBREAK OIL & GAS, INC.",Daybreak OIL & GAS Inc,,,,,,
DBV Technologies S.A.,DBV Technologies SA,dbv-technologies.com,https://dbv-technologies.com/investor-overview/,katie.matthews@dbv-technologies.com,https://dbv-technologies.com/contact-us/,media@dbv-technologies.com,
DECKERS OUTDOOR CORP,Deckers Outdoor Corp,,,,,,
DEERE & CO,Deere & Co,deere.com,https://investor.deere.com/Home/default.aspx,,https://shop.deere.com/ca/en/customerservice,,
"DELCATH SYSTEMS, INC.",Delcath Systems Inc,delcath.com,https://investors.delcath.com/investor-relations,,https://delcath.com/contact/,medaffairs@delcath.com,
"DELTA AIR LINES, INC.",Delta AIR Lines Inc,delta.com,https://news.delta.com/tags/investor-relations,,https://www.delta.com/us/en/need-help/overview,charter@delta.com,
"DELTA APPAREL, INC",Delta Apparel Inc,delta.com,https://news.delta.com/tags/investor-relations,,https://shop.delta.com/pages/contact,shopdelta@harperandscott.com,
DELUXE CORP,Deluxe Corp,deluxe.com,https://investors.deluxe.com/,investor.relations@deluxe.com,https://www.deluxe.com/about/contact-us/,support@deluxeperformancedashboard.com,
DENNY'S Corp,Denny S Corp,dennys.com,https://investor.dennys.com/events-and-presentations/default.aspx,,https://www.dennys.com/contact-us,,
DENTSPLY SIRONA Inc.,Dentsply Sirona Inc,dentsplysirona.com,https://investor.dentsplysirona.com/?lang=fr,,https://www.dentsplysirona.com/en-us/customer-support/contact-us.html,,
"DESTINATION XL GROUP, INC.",Destination XL Group Inc,,,,,,
DEVON ENERGY CORP/DE,Devon Energy Corp/De,devonenergy.com,https://investors.devonenergy.com/investors/sec-filings/default.aspx,,https://www.devonenergy.com/about-us/devon-direct,DevonDirect@dvn.com,
DEXCOM INC,Dexcom Inc,dexcom.com,https://investors.dexcom.com/stock-info/default.aspx,,https://www.dexcom.com/en-us/contact,,
"DH ENCHANTMENT, INC.",DH Enchantment Inc,,,,,,
"DHI GROUP, INC.",DHI Group Inc,dhigroupinc.com,https://dhigroupinc.com/press/press-release-details/2025/DHI-Group-Reports-2025-First-Quarter-Financial-Results/default.aspx,ir@dhigroupinc.com,https://dhigroupinc.com/about-dhi/default.aspx,,
DIAMONDHEAD CASINO CORP,Diamondhead Casino Corp,otcmarkets.com,https://www.otcmarkets.com/stock/DHCC/overview,,https://www.otcmarkets.com/stock/DHCC/overview,,
"DICK'S SPORTING GOODS, INC.",DICK S Sporting Goods Inc,dickssportinggoods.com,https://www.dickssportinggoods.com/s/dsgventures,,https://www.dickssportinggoods.com/?os=ios&ref=app,,
"DIEBOLD NIXDORF, Inc",Diebold Nixdorf Inc,,,,,,
DIGI INTERNATIONAL INC,DIGI International Inc,digi.com,https://www.digi.com/company/press-releases/2025/digi-reports-q4fy25-and-fy25-results,rob.bennett@digi.com,https://www.digi.com/contactus,tech.support@digi.com,
DIGIASIA CORP.,Digiasia Corp,newsfilecorp.com,https://www.newsfilecorp.com/release/256448/DigiAsia-Corp-FAAS-Signs-Indicative-Termsheet-for-up-to-US3-Million-NonRecourse-Debt-to-Launch-Bitcoin-Treasury-Reserve,prashant.gokarn@digiasia.asia,https://www.newsfilecorp.com/release/254325/DigiAsia-Corp-FAAS-Partners-with-Indodax-to-Power-Fiat-Transfers-for-Indonesias-Largest-Crypto-Exchange,prabhu@digiasia.asia,
"DIGITAL ALLY, INC.",Digital ALLY Inc,digitalallyinc.com,https://www.digitalallyinc.com/investor-relations/,dduke.daughtery@gmail.com,https://www.digitalallyinc.com/contact/,support@digitalally.com,
"DIGITAL REALTY TRUST, INC.",Digital Realty Trust Inc,digitalrealtytrusts.com,https://digitalrealtytrusts.com/,support@digitalrealtytrusts.com,https://digitalrealtytrusts.com/contact,support@digitalrealtytrusts.com,
"DIH HOLDING US, INC.",DIH Holding US Inc,dih.com,https://ir.dih.com/financial-information/annual-reports,,https://www.dih.com/,,
"DILLARD'S, INC.",Dillard S Inc,dillards.com,https://investor.dillards.com/,,https://www.dillards.com/c/CardContactUs,,
DIODES INC /DEL/,Diodes Inc /Del/,diodes.com,https://investor.diodes.com/static-files/45fa1cdc-bd0c-4a66-8845-3a34555cddba,,https://www.diodes.com/about/contact-us/technical-support,,
DIRTT ENVIRONMENTAL SOLUTIONS LTD,Dirtt Environmental Solutions Ltd,dirtt.com,https://www.dirtt.com/investors/,ir@dirtt.com,https://www.dirtt.com/finishes-and-materials/veneer/,,
DIVERSIFIED HEALTHCARE TRUST,Diversified Healthcare Trust,diversifiedhealthcaretrust.com,https://www.diversifiedhealthcaretrust.com/,,https://www.diversifiedhealthcaretrust.com/,,
DIXIE GROUP INC,Dixie Group Inc,thedixiegroup.com,https://thedixiegroup.com/,,https://www.thedixiegroup.com/Home/Contact,,
DLH Holdings Corp.,DLH Holdings Corp,dlhcorp.com,https://investors.dlhcorp.com/news-releases/news-release-details/dlh-reports-fiscal-2024-fourth-quarter-results,,https://www.dlhcorp.com/,,
DMC Global Inc.,DMC Global Inc,dmcglobal.com,https://ir.dmcglobal.com/,info@dmcglobal.com,https://dmcglobal.com/Contact,info@dmcglobal.com,
DNOW Inc.,DNOW Inc,dnow.com,https://ir.dnow.com/news-events/event-calendar/,,https://www.dnow.com/,,
"DOCUSIGN, INC.",Docusign Inc,docusign.com,https://support.docusign.com/s/?language=en_US,bg-info@2x.png,https://support.docusign.com/s/?language=en_US,bg-info@2x.png,
DOLLAR GENERAL CORP,Dollar General Corp,,,,,,
"DOLLAR TREE, INC.",Dollar TREE Inc,dollartreeinc.com,https://dollartreeinc.com/,,https://dollartreeinc.com/,,
DOMINOS PIZZA INC,Dominos Pizza Inc,,,,,,
"DOMO, INC.",DOMO Inc,domo.com,https://www.domo.com/,,https://www.domo.com/client-services,,
DONALDSON Co INC,Donaldson Co Inc,,,,,,
DONEGAL GROUP INC,Donegal Group Inc,govisitdonegal.com,https://www.govisitdonegal.com/,,https://www.govisitdonegal.com/,,
"DORCHESTER MINERALS, L.P.",Dorchester Minerals LP,dorchesterhistoricalsociety.org,https://www.dorchesterhistoricalsociety.org/,271e9fa3230b4eec94b02bf95780f5f2@sentry.wixpress.com,https://www.dorchesterhistoricalsociety.org/,info@dorchesterhistoricalsociety.org,
DORIAN LPG LTD.,Dorian LPG Ltd,,,,,,
"DOUGLAS DYNAMICS, INC",Douglas Dynamics Inc,douglasdynamics.com,https://ir.douglasdynamics.com/,investorrelations@douglasdynamics.com,https://www.douglasdynamics.com/contact/,info@douglasdynamics.com,
DOVER Corp,Dover Corp,dovercorporation.com,https://www.dovercorporation.com/about-us/overview,,https://www.dovercorporation.com/about-us/overview,,
"DROPBOX, INC.",Dropbox Inc,google.com,https://play.google.com/store/apps/details?id=com.dropbox.android&hl=tr,support@dropbox.com,https://play.google.com/store/apps/details?id=com.dropbox.android&hl=en,support@dropbox.com,
DSG Global Inc.,DSG Global Inc,dsgglobal.com,,,https://www.dsgglobal.com/contact,user@domain.com,
"DSS, INC.",DSS Inc,dssinc.com,https://www.dssinc.com/our-people,,https://www.dssinc.com/,,
DT Cloud Acquisition Corp,DT Cloud Acquisition Corp,,,,,,
DT Cloud Star Acquisition Corp,DT Cloud Star Acquisition Corp,,,,,,
"DT Midstream, Inc.",DT Midstream Inc,dtmidstream.com,https://investor.dtmidstream.com/,,https://dtmidstream.com/contact/,michael.guerra@dtmidstream.com,
DUCOMMUN INC /DE/,Ducommun Inc,ducommun.com,https://www.ducommun.com/,,https://www.ducommun.com/,,
DUKE Robotics Corp.,DUKE Robotics Corp,dukeroboticsys.com,https://dukeroboticsys.com/investors/,,https://dukeroboticsys.com/contact-us/,,
DULUTH HOLDINGS INC.,Duluth Holdings Inc,,,,,,
DXC Technology Co,DXC Technology Co,dxc.com,https://dxc.com/us/en,,https://dxc.com/us/en/contact-us,jdane2@dxc.com,
DXP ENTERPRISES INC,DXP Enterprises Inc,dxpe.com,https://ir.dxpe.com/overview/default.aspx,ir@dxpe.com,https://www.dxpe.com/,,
DYADIC INTERNATIONAL INC,Dyadic International Inc,dyadic.com,https://dyadic.com/investors/,ir@dyadic.com,https://dyadic.com/contact-us/,info@dyadic.com,
DYCOM INDUSTRIES INC,Dycom Industries Inc,,,,,,
"DYNARESOURCE, INC.",Dynaresource Inc,dynaresource.com,https://dynaresource.com/annual-reports-filings/,info@dynaresource.com,https://dynaresource.com/contact-us/,info@dynaresource.com,
DYNATRONICS CORP,Dynatronics Corp,dynatronics.com,https://www.dynatronics.com/investors/,,https://www.dynatronics.com/contact-dynatronics/,,
DYNAVAX TECHNOLOGIES CORP,Dynavax Technologies Corp,insidermonkey.com,https://www.insidermonkey.com/blog/dynavax-technologies-corporation-nasdaqdvax-q3-2025-earnings-call-transcript-1641662/,,https://www.insidermonkey.com/insider-trading/company/dynavax+technologies+corp/1029142/,,
DYNEX CAPITAL INC,Dynex Capital Inc,dynexcapital.com,https://www.dynexcapital.com/investors,askdx@dynexcapital.com,https://www.dynexcapital.com/about/contact,askdx@dynexcapital.com,
DZS INC.,DZS Inc,investor-dzsi.com,https://investor-dzsi.com/,tsavageaux@northlandcapitalmarkets.com,https://investor-dzsi.com/,tsavageaux@northlandcapitalmarkets.com,
Dakota Gold Corp.,Dakota Gold Corp,dakotagoldcorp.com,https://dakotagoldcorp.com/investor-info/overview/,moc.latipacsitnega@yarg.leahcim,https://dakotagoldcorp.com/,,
DallasNews Corp,Dallasnews Corp,dallasnewscorporation.com,https://investor.dallasnewscorporation.com/investor-news,,https://www.dallasnewscorporation.com/contact-us/,invest@ahbelo.com,
Damon Inc.,Damon Inc,damon.com,https://ir.damon.com/,info@damon.com,https://ir.damon.com/,info@damon.com,
"Danimer Scientific, Inc.",Danimer Scientific Inc,danimerscientific.com,https://ir.danimerscientific.com/analyst-coverage,,https://danimerscientific.com/contact-us/,,
"Dare Bioscience, Inc.",Dare Bioscience Inc,darebioscience.com,https://ir.darebioscience.com/news-releases/news-release-details/dare-bioscience-host-first-quarter-2025-financial-results-and,,https://ir.darebioscience.com/contact-us,,
DarioHealth Corp.,Dariohealth Corp,dariohealth.com,https://www.dariohealth.com/pressreleases/third-quarter-2024-financial-operating-results/,,https://www.dariohealth.com/,,
Data Storage Corp,Data Storage Corp,,,,,,
"Data443 Risk Mitigation, Inc.",Data443 Risk Mitigation Inc,data443.com,https://data443.com/investor-relations/,,https://data443.com/,,
"Datadog, Inc.",Datadog Inc,datadoghq.com,https://investors.datadoghq.com/news-releases/,,https://www.datadoghq.com/,info@datadoghq.com,
"Dave & Buster's Entertainment, Inc.",Dave & Buster S Entertainment Inc,daveandbusters.com,https://ir.daveandbusters.com/news-events/press-releases?page=1,,https://ir.daveandbusters.com/node/13096/html,,
Dave Inc./DE,Dave Inc./de,dave.com,https://investors.dave.com/,,https://dave.com/deposit-agreement,Support@dave.com,
"Day One Biopharmaceuticals, Inc.",Day One Biopharmaceuticals Inc,dayonebio.com,https://www.dayonebio.com/,,https://www.dayonebio.com/our-company/contact-us/,,
"Dayforce, Inc.",Dayforce Inc,dayforce.com,https://investors.dayforce.com/,,https://www.dayforce.com/contact,mediainquiries@dayforce.com,
"Decentral Life, Inc.",Decentral Life Inc,decentral-life.com,https://ir.decentral-life.com/390-wdlf-investor-relations/albums,,https://www.decentral-life.com/,,
"Deep Green Waste & Recycling, Inc.",Deep Green Waste & Recycling Inc,deepgreenwaste.com,https://deepgreenwaste.com/investors/,,https://deepgreenwaste.com/,,
Definitive Healthcare Corp.,Definitive Healthcare Corp,definitivehc.com,https://www.definitivehc.com/,,https://www.definitivehc.com/customer-experience,,
"Delek US Holdings, Inc.",Delek US Holdings Inc,,,,,,
Denali Capital Acquisition Corp.,Denali Capital Acquisition Corp,denali-capital.com,https://www.denali-capital.com/,user@domain.com,https://www.denali-capital.com/,user@domain.com,
Denali Therapeutics Inc.,Denali Therapeutics Inc,denalitherapeutics.com,https://www.denalitherapeutics.com/,,https://www.denalitherapeutics.com/contact,,
"DermTech, Inc.",Dermtech Inc,dermtech.com,https://dermtech.com/,operations@dermtech.com,https://dermtech.com/contact-us/,operations@dermtech.com,
"Design Therapeutics, Inc.",Design Therapeutics Inc,design.com,https://www.design.com/ai-logo-generator,how-ai-logo-step-3@2x.en-us.png,https://www.design.com/maker/contact,support@design.com,
"Desktop Metal, Inc.",Desktop Metal Inc,desktopmetal.com,https://www.desktopmetal.com/,,https://www.desktopmetal.com/products/dmcare,,
DevvStream Corp.,Devvstream Corp,devvstream.com,https://www.devvstream.com/investors/,ir@devvstream.com,https://www.devvstream.com/contact/details/,info@devvstream.com,
DiaMedica Therapeutics Inc.,Diamedica Therapeutics Inc,diamedica.com,https://www.diamedica.com/investors,skellen@diamedica.com,https://www.diamedica.com/company/contact,info@diamedica.com,
"Diamondback Energy, Inc.",Diamondback Energy Inc,,,,,,
"Dianthus Therapeutics, Inc. /DE/",Dianthus Therapeutics Inc,globenewswire.com,https://www.globenewswire.com/news-release/2025/08/07/3129611/0/en/Dianthus-Therapeutics-Highlights-Recent-Business-Achievements-and-Reports-Q2-Financial-Results.html,jdavisruff@dianthustx.com,https://www.globenewswire.com/news-release/2025/08/07/3129611/0/en/Dianthus-Therapeutics-Highlights-Recent-Business-Achievements-and-Reports-Q2-Financial-Results.html,jdavisruff@dianthustx.com,
"Digerati Technologies, Inc.",Digerati Technologies Inc,digerati-inc.com,https://digerati-inc.com/,ir@digerati-inc.com,https://digerati-inc.com/,ir@digerati-inc.com,
Digimarc CORP,Digimarc Corp,digimarc.com,https://www.digimarc.com/company/investors,IR@digimarc.com,https://www.digimarc.com/,,
"Digital Brands Group, Inc.",Digital Brands Group Inc,digital-brands-group.com,https://www.digital-brands-group.com/,ts@digital-brands-group.com,https://www.digital-brands-group.com/,ts@digital-brands-group.com,
"Digital Locations, Inc.",Digital Locations Inc,digitallocations.com,https://cellsites.digitallocations.com/,,http://digitallocations.com/,,
"Digital Turbine, Inc.",Digital Turbine Inc,digitalturbine.com,https://ir.digitalturbine.com/,brian.bartholomew@digitalturbine.com,https://www.digitalturbine.com/contact-us/,,
"DigitalBridge Group, Inc.",Digitalbridge Group Inc,digitalbridge.com,https://www.digitalbridge.com/,,https://www.digitalbridge.com/,,
"DigitalOcean Holdings, Inc.",Digitalocean Holdings Inc,digitalocean.com,https://investors.digitalocean.com/,,https://www.digitalocean.com/,,
"Dime Community Bancshares, Inc. /NY/",Dime Community Bancshares Inc,dime.com,https://investors.dime.com/?KeyGenPage=206068,,https://www.dime.com/about,,
"Dine Brands Global, Inc.",Dine Brands Global Inc,,,,,,
"Direct Digital Holdings, Inc.",Direct Digital Holdings Inc,directdigitalholdings.com,https://ir.directdigitalholdings.com/,investors@directdigitalholdings.com,https://directdigitalholdings.com/,contact@directdigitalholdings.com,
Direct Selling Acquisition Corp.,Direct Selling Acquisition Corp,,,,,,
"Disc Medicine, Inc.",Disc Medicine Inc,discmedicine.com,https://ir.discmedicine.com/news-releases?mobile=1&page=1,,https://www.discmedicine.com/,info@discmedicine.com,
Discover Financial Services,Discover Financial Services,discover.com,https://investorrelations.discover.com/newsroom/press-releases/default.aspx,,https://www.discover.com/online-banking/contact-us/,,
Distoken Acquisition Corp,Distoken Acquisition Corp,google.com,https://www.google.com/finance/quote/CLPS:NASDAQ?hl=hu,,https://play.google.com/store/apps/details?id=com.duckduckgo.mobile.android&hl=en-US,support@alohabrowser.com,
"Distribution Solutions Group, Inc.",Distribution Solutions Group Inc,distributionsolutionsgroup.com,https://distributionsolutionsgroup.com/investor-relations/,,,,
DocGo Inc.,Docgo Inc,docgo.com,https://docgo.com/,,https://docgo.com/,,
"Dogecoin Cash, Inc.",Dogecoin Cash Inc,dogecoincashinc.com,https://www.dogecoincashinc.com/,,https://www.dogecoincashinc.com/contact/,,
"Dogwood Therapeutics, Inc.",Dogwood Therapeutics Inc,thespruce.com,https://www.thespruce.com/twelve-species-dogwood-trees-shrubs-subshrubs-3269662,,https://www.thespruce.com/twelve-species-dogwood-trees-shrubs-subshrubs-3269662,,
"Dolby Laboratories, Inc.",Dolby Laboratories Inc,dolby.com,https://investor.dolby.com/,,https://www.dolby.com/en-gb/about/support/,CustomerSupport@dolby.com,
"Dolphin Entertainment, Inc.",Dolphin Entertainment Inc,dolphinentertainment.com,,,https://dolphinentertainment.com/contact/,info@dolphinentertainment.com,
Dominari Holdings Inc.,Dominari Holdings Inc,dominariholdings.com,https://www.dominariholdings.com/investor-faqs,info@aikidopharma.com,https://www.dominariholdings.com/contact-us,brett@haydenir.com,
"Dorman Products, Inc.",Dorman Products Inc,dormanproducts.com,https://investors.dormanproducts.com/,,https://www.dormanproducts.com/security.aspx?_event_transid=dfb1c7ef11b34353a0078dd749d58b15e4bdc29a504b1ee52aa85e95d97fbd5d,,
Douglas Elliman Inc.,Douglas Elliman Inc,douglascuddletoy.com,https://douglascuddletoy.com/,,https://douglascuddletoy.com/for-retailers/,info@douglastoys.com,
"Doximity, Inc.",Doximity Inc,doximity.com,https://investors.doximity.com/news/default.aspx,ir@doximity.com,https://www.doximity.com/,,
DraftKings Inc.,Draftkings Inc,draftkings.com,https://www.draftkings.com/news-2021-04-draftkings-strikes-first-distribution-and-content-relationship-with-meadowlark-media,u003emedia@draftkings.com,https://www.draftkings.com/,support@draftkings.com,
Dragonfly Energy Holdings Corp.,Dragonfly Energy Holdings Corp,dragonflyenergy.com,https://investors.dragonflyenergy.com/,,https://dragonflyenergy.com/company/about/,info@dragonflyenergy.com,
"Dream Finders Homes, Inc.",Dream Finders Homes Inc,dreamfindershomes.com,https://investors.dreamfindershomes.com/,investors@dreamfindershomes.com,https://dreamfindershomes.com/connect/,info@dreamfinderhomes.com,
Drilling Tools International Corp,Drilling Tools International Corp,drillingtools.com,https://www.drillingtools.com/investors,ladispatch@drillingtools.com,https://www.drillingtools.com/,ladispatch@drillingtools.com,
"Driveitaway Holdings, Inc.",Driveitaway Holdings Inc,driveitawayholdings.com,https://www.driveitawayholdings.com/,,https://www.driveitawayholdings.com/,,
Driven Brands Holdings Inc.,Driven Brands Holdings Inc,drivenbrands.com,https://investors.drivenbrands.com/,,https://investors.drivenbrands.com/,,
"DuPont de Nemours, Inc.",Dupont De Nemours Inc,dupont.com,https://www.investors.dupont.com/,,https://www.dupont.com/packaging-materials-and-solutions/technical-support-hotline.html,,
"Duckhorn Portfolio, Inc.",Duckhorn Portfolio Inc,duckhorn.com,https://www.duckhorn.com/,,https://www.duckhorn.com/,,
"Dun & Bradstreet Holdings, Inc.",Dun & Bradstreet Holdings Inc,,,,,,
"Duolingo, Inc.",Duolingo Inc,duolingo.com,https://www.forum.duolingo.com/doi/pdf/10.1080/09555800802047491?needAccess=true,,https://www.forum.duolingo.com/doi/pdf/10.1080/09555800802047491?needAccess=true,,
Dynamix Corp,Dynamix Corp,,,,,,
"Dynatrace, Inc.",Dynatrace Inc,dynatrace.com,https://ir.dynatrace.com/company-information/faq,ir@dynatrace.com,https://www.dynatrace.com/,sales@dynatrace.com,
"Dyne Therapeutics, Inc.",Dyne Therapeutics Inc,globenewswire.com,https://www.globenewswire.com/news-release/2025/10/06/3162171/0/en/Dyne-Therapeutics-Announces-Additional-One-Year-Clinical-Data-Demonstrating-Functional-Improvement-from-Phase-1-2-ACHIEVE-Trial-of-Zeleciment-Basivarsen-DYNE-101-for-Myotonic-Dystr.html,ir@dyne-tx.com,https://www.globenewswire.com/news-release/2025/10/06/3162171/0/en/Dyne-Therapeutics-Announces-Additional-One-Year-Clinical-Data-Demonstrating-Functional-Improvement-from-Phase-1-2-ACHIEVE-Trial-of-Zeleciment-Basivarsen-DYNE-101-for-Myotonic-Dystr.html,snartker@dyne-tx.com,
"E2open Parent Holdings, Inc.",E2open Parent Holdings Inc,e2open.com,https://www.e2open.com/,,https://www.e2open.com/,,
EACO CORP,EACO Corp,eacocorp.com,https://eacocorp.com/,,https://eacocorp.com/,,
EAGLE BANCORP INC,Eagle Bancorp Inc,eaglebankcorp.com,https://ir.eaglebankcorp.com/,,https://ir.eaglebankcorp.com/,,
EAGLE FINANCIAL SERVICES INC,Eagle Financial Services Inc,eaglefinancial.com.au,https://eaglefinancial.com.au/,EagleFinancialBusinessAccountants_Header_Logo@2x.png,https://eaglefinancial.com.au/,EagleFinancialBusinessAccountants_Header_Logo@2x.png,
EAGLE MATERIALS INC,Eagle Materials Inc,eaglematerials.com,,,https://www.eaglematerials.com/,,
"EAGLE PHARMACEUTICALS, INC.",Eagle Pharmaceuticals Inc,eagleus.com,https://investor.eagleus.com/?ref=comdurav.com,,https://www.eagleus.com/,RSVP@eagleus.com,
EAST WEST BANCORP INC,EAST WEST Bancorp Inc,eastwestbank.com,https://investor.eastwestbank.com/,,https://investor.eastwestbank.com/sec-filings/default.aspx,,
EASTERN CO,Eastern Co,easternct.edu,https://www.easternct.edu/news/eastern-in-the-news.html,,https://www.easternct.edu/,,
EASTGROUP PROPERTIES INC,Eastgroup Properties Inc,eastgroup.net,https://investor.eastgroup.net/,,,,
EASTMAN KODAK CO,Eastman Kodak Co,kodak.com,https://investor.kodak.com/index.php/,,https://www.kodak.com/en/company/page/contact-us/,,
EBAY INC,EBAY Inc,ebayinc.com,https://investors.ebayinc.com/overview/,,https://www.ebayinc.com/company/contact-us/,,
"EBET, Inc.",EBET Inc,ebet.co.sz,https://ebet.co.sz/,Visa-02@2x.png,https://ebet.co.sz/,Visa-02@2x.png,
ECA Marcellus Trust I,ECA Marcellus Trust I,identrust.com,https://www.identrust.com/digital-certificates/dod-eca-programs,sales@identrust.com,https://www.identrust.com/certificates/learn/about-non-us-eca-certificates,sales@identrust.com,
"ECB Bancorp, Inc. /MD/",ECB Bancorp Inc,fundsupermart.com,https://secure.fundsupermart.com/fsm/stocks/factsheet/NASDAQ.ECBK/ECB+Bancorp+Inc,,https://secure.fundsupermart.com/fsm/stocks/factsheet/NASDAQ.ECBK/ECB+Bancorp+Inc,,
"ECD Automotive Design, Inc.",ECD Automotive Design Inc,ecdautodesign.com,https://ecdautodesign.com/ecd-investors/,,https://ecdautodesign.com/build-today/,,
"ECO SCIENCE SOLUTIONS, INC.",ECO Science Solutions Inc,pinterest.com,https://www.pinterest.com/ecoscience/,kickstarter@2x.png,https://www.pinterest.com/ecoscience/,kickstarter@2x.png,
ECOLAB INC.,Ecolab Inc,,,,,,
EDGEWELL PERSONAL CARE Co,Edgewell Personal CARE Co,edgewell.com,https://ir.edgewell.com/,,https://edgewell.com/,Edgewell_Logo_160x@2x.png,
EDISON INTERNATIONAL,Edison International,edison.com,https://www.edison.com/,,https://www.edison.com/,,
EDUCATIONAL DEVELOPMENT CORP,Educational Development Corp,developmentcorp.org,https://www.developmentcorp.org/devry-becker-educational-developme,,https://www.developmentcorp.org/devry-becker-educational-developme,,
EGAIN Corp,Egain Corp,egain.com,https://www.egain.com/company/investors/,,https://www.egain.com/contact-us/,,
"EKSO BIONICS HOLDINGS, INC.",EKSO Bionics Holdings Inc,eksobionics.com,https://ir.eksobionics.com/,investors@eksobionics.com,https://eksobionics.com/,techsupport@eksobionics.com,
ELECTRO SENSORS INC,Electro Sensors Inc,electro-sensors.com,https://www.electro-sensors.com/about/investor-info,logo@2x-dark.png,,,
ELECTRONIC ARTS INC.,Electronic ARTS Inc,,,,,,
ELECTRONIC SYSTEMS TECHNOLOGY INC,Electronic Systems Technology Inc,,,,,,
ELI LILLY & Co,ELI Lilly & Co,,,,,,
ELITE PHARMACEUTICALS INC /NV/,Elite Pharmaceuticals Inc,elitepharma.com,,,https://elitepharma.com/contact/,CommOps@ElitePharma.com,
ELUTIA INC.,Elutia Inc,elutia.com,https://investors.elutia.com/investor-relations,,https://elutia.com/contact/customer-service/,info@Aziyo.com,
"EMCOR Group, Inc.",Emcor Group Inc,emcorgroup.com,https://emcorgroup.com/,,https://emcorgroup.com/,,
EMCORE CORP,Emcore Corp,emcore.com,https://www.emcore.com/,,https://www.emcore.com/contact,info@karil.com,
EMERSON ELECTRIC CO,Emerson Electric Co,emersonelectrical.com,https://emersonelectrical.com/,,https://emersonelectrical.com/,,
EMERSON RADIO CORP,Emerson Radio Corp,emersonradio.com,https://www.emersonradio.com/investors/corporate-policies/,,https://www.emersonradio.com/service/,internet@emersonradio.com,
EMPIRE PETROLEUM CORP,Empire Petroleum Corp,empirepetroleumcorp.com,https://empirepetroleumcorp.com/investor-relations/,info@empirepetrocorp.com,https://empirepetroleumcorp.com/contact/,info@empirepetrocorp.com,
ENANTA PHARMACEUTICALS INC,Enanta Pharmaceuticals Inc,enanta.com,https://www.enanta.com/,info@enanta.com,https://www.enanta.com/contact-us/,patientinfo@enanta.com,
ENB Financial Corp,ENB Financial Corp,reddit.com,https://www.reddit.com/r/skyrimmods/comments/4xtoz1/what_is_an_enb_and_what_does_it_do/,9f057df6115a4bb488c08ea12a835e6e@o418887.ingest.sentry.io,https://www.reddit.com/r/SkateEA/comments/1d83cqg/transcript_of_the_mcorp_phone_calls/,9f057df6115a4bb488c08ea12a835e6e@o418887.ingest.sentry.io,
ENBRIDGE INC,Enbridge Inc,enbridge.com,https://www.enbridge.com/InvestorRelations.aspx,,https://www.enbridge.com/contact,webmaster-corp@enbridge.com,
ENCISION INC,Encision Inc,encision.com,https://www.encision.com/,info@encision.com,https://www.encision.com/,info@encision.com,
ENCORE CAPITAL GROUP INC,Encore Capital Group Inc,encorecapital.com,https://www.encorecapital.com/investors/,,https://www.encorecapital.com/contact-us/,HRsupport@mcmcg.com,
ENDI Corp.,ENDI Corp,endicorp.com,https://www.endicorp.com/,user@domain.com,https://www.endicorp.com/contact,user@domain.com,
ENDRA Life Sciences Inc.,Endra Life Sciences Inc,endrainc.com,https://investors.endrainc.com/,,https://endrainc.com/,endra-ls-logo-lg@2x.png,
"ENERGIZER HOLDINGS, INC.",Energizer Holdings Inc,energizerholdings.com,https://investors.energizerholdings.com/,,https://energizerholdings.com/contact/,CustomerSupport@Energizer.com,
"ENERGY FOCUS, INC/DE",Energy Focus Inc/De,energyfocus.com,https://www.energyfocus.com/about/Meet-our-Board/,orders@energyfocus.com,https://www.energyfocus.com/,orders@energyfocus.com,
ENERGY FUELS INC,Energy Fuels Inc,energyfuels.com,https://investors.energyfuels.com/,,https://www.energyfuels.com/contact-us/,info@energyfuels.comTel,
"ENNIS, INC.",Ennis Inc,ennis.com,https://www.ennis.com/,hotline@ennis.com,https://www.ennis.com/,hotline@ennis.com,
"ENSIGN GROUP, INC",Ensign Group Inc,ensigngroup.net,https://investor.ensigngroup.net/,,https://ensigngroup.net/,,
"ENTERGY MISSISSIPPI, LLC",Entergy Mississippi LLC,entergy-mississippi.com,https://cdn.entergy-mississippi.com/,,https://cdn.entergy-mississippi.com/,,
ENTERPRISE FINANCIAL SERVICES CORP,Enterprise Financial Services Corp,enterprisebank.com,https://investor.enterprisebank.com/overview/default.aspx,,https://investor.enterprisebank.com/resources/investor-contacts/default.aspx,,
ENTERPRISE PRODUCTS PARTNERS L.P.,Enterprise Products Partners LP,newenterpriseforum.org,https://newenterpriseforum.org/events,info@newenterpriseforum.org,https://newenterpriseforum.org/events,info@newenterpriseforum.org,
ENTRAVISION COMMUNICATIONS CORP,Entravision Communications Corp,entravision.com,https://investor.entravision.com/,,https://entravision.com/,info@entravision.com,
ENTREPRENEUR UNIVERSE BRIGHT GROUP,Entrepreneur Universe Bright Group,otcmarkets.com,https://www.otcmarkets.com/stock/EUBG/news?id=459027,,https://www.otcmarkets.com/stock/EUBG/profile,,
ENVIRI Corp,Enviri Corp,enviri.com,https://investors.enviri.com/stock-information/,,https://www.enviri.com/,enviri_Homepage_02_This-is-what-we-do_@2x.jpg,
ENZO BIOCHEM INC,ENZO Biochem Inc,,,,,,
"ENZON PHARMACEUTICALS, INC.",Enzon Pharmaceuticals Inc,enzon.com,https://investor.enzon.com/sec-filings,,https://enzon.com/docs/contact,investor@enzon.com,
EON Resources Inc.,EON Resources Inc,eon-r.com,https://www.eon-r.com/investor-relations,Mike@PLRinvest.com,https://www.eon-r.com/contact,Mike@PLRinvest.com,
EOS INC.,EOS Inc,eosincusa.com,https://eosincusa.com/,info@eosincusa.com,https://eosincusa.com/,info@eosincusa.com,
"EPAM Systems, Inc.",EPAM Systems Inc,,,,,,
EPLUS INC,Eplus Inc,eplus.com,https://www.eplus.com/investors,,https://www.eplus.com/,,
EPR PROPERTIES,EPR Properties,eprkc.com,https://investors.eprkc.com/webcasts/default.aspx,,,,
EQT Corp,EQT Corp,eqt.com,https://ir.eqt.com/,,https://www.eqt.com/about/contact,Erossi@eqt.com,
EQUATOR Beverage Co,Equator Beverage Co,equatorbeverage.com,https://equatorbeverage.com/stock-room/,info@EmpireStock.com,https://equatorbeverage.com/contact-us/,GlennSimpson@equatorbeverage.com,
EQUITY BANCSHARES INC,Equity Bancshares Inc,equitybank.com,https://investor.equitybank.com/,,https://investor.equitybank.com/,,
EQUITY LIFESTYLE PROPERTIES INC,Equity Lifestyle Properties Inc,,,,,,
EQUITY RESIDENTIAL,Equity Residential,,,,,,
"EQUUS TOTAL RETURN, INC.",Equus Total Return Inc,equusworks.com,https://equusworks.com/about-equus/,GettyImages-700626804@2x-e1584388073896.png,https://equusworks.com/,GettyImages-911928590@2x-e1584389507855.png,
EQV Ventures Acquisition Corp.,EQV Ventures Acquisition Corp,,,,,,
ERIE INDEMNITY CO,ERIE Indemnity Co,erieindemnityproxy.com,http://erieindemnityproxy.com/,,http://erieindemnityproxy.com/,,
ESAB Corp,ESAB Corp,esabcorporation.com,https://investors.esabcorporation.com/,,https://esabcorporation.com/contact-us/,,
ESCALADE INC,Escalade Inc,escaladeinc.com,https://escaladeinc.com/investor-contacts/,wes.smith@escaladeinc.com,,,
ESCO TECHNOLOGIES INC,ESCO Technologies Inc,escotechnologies.com,,,https://www.escotechnologies.com/,,
ESG Inc.,ESG Inc,,,,,,
ESH Acquisition Corp.,ESH Acquisition Corp,eshacquisition.com,https://www.eshacquisition.com/,inquiries@eshacquisition.com,https://www.eshacquisition.com/contact,inquiries@eshacquisition.com,
ESPEY MFG & ELECTRONICS CORP,Espey MFG & Electronics Corp,espey.com,https://www.espey.com/about-espey/investors/,,https://www.espey.com/contact/,,
"ESPORTS ENTERTAINMENT GROUP, INC.",Esports Entertainment Group Inc,esportsentertainmentgroup.com,https://esportsentertainmentgroup.com/investors/,ir@esportsentertainmentgroup.com,https://esportsentertainmentgroup.com/contact-us/,,
"ESS Tech, Inc.",ESS Tech Inc,esstechinc.com,https://www.esstechinc.com/,sales@esstechinc.com,https://www.esstechinc.com/,sales@esstechinc.com,
ESSA Pharma Inc.,ESSA Pharma Inc,essapharma.com,https://essapharma.com/contact/,,https://essapharma.com/contact/,,
"ESSEX PROPERTY TRUST, INC.",Essex Property Trust Inc,essexapartmenthomes.com,https://investors.essexapartmenthomes.com/investors/stock-info/default.aspx,,https://www.essexapartmenthomes.com/,,
ESTEE LAUDER COMPANIES INC,Estee Lauder Companies Inc,,,,,,
ETHAN ALLEN INTERIORS INC,Ethan Allen Interiors Inc,ethanallen.com,,,https://www.ethanallen.com/en_US/cs-landing.html,customerservice@ethanallen.com,
ETSY INC,ETSY Inc,,,,,,
"EURONET WORLDWIDE, INC.",Euronet Worldwide Inc,euronetworldwide.com,https://ir.euronetworldwide.com/press-releases?mobile=1&page=1,,https://ir.euronetworldwide.com/node/21631/html,,
EVANS BANCORP INC,Evans Bancorp Inc,,,,,,
EVENTIKO INC.,Eventiko Inc,tradingview.com,https://www.tradingview.com/news/tradingview:991799f24382c:0-eventiko-inc-sec-10-q-report/,,https://www.tradingview.com/news/tradingview:991799f24382c:0-eventiko-inc-sec-10-q-report/,,
EVERSOURCE ENERGY,Eversource Energy,eversource.com,https://www.eversource.com/residential,,https://www.eversource.com/residential,,
"EVI INDUSTRIES, INC.",EVI Industries Inc,,,,,,
EVOLUTION PETROLEUM CORP,Evolution Petroleum Corp,evolutionpetroleum.com,https://www.evolutionpetroleum.com/,,https://www.evolutionpetroleum.com/contact-us/,,
EVOME MEDICAL TECHNOLOGIES INC.,Evome Medical Technologies Inc,,,,,,
EVgo Inc.,Evgo Inc,,,,,,
"EWSB Bancorp, Inc. /MD/",EWSB Bancorp Inc,inchcalculator.com,https://www.inchcalculator.com/convert/millimeter-to-inch/,,https://www.inchcalculator.com/contact/,,
EXACT SCIENCES CORP,Exact Sciences Corp,exactsciences.com,https://investor.exactsciences.com/,,https://www.exactsciences.com/about/contact,,
EXAGEN INC.,Exagen Inc,exagen.com,https://exagen.com/,info@exagen.com,https://exagen.com/,info@exagen.com,
"EXELIXIS, INC.",Exelixis Inc,exelixis.com,https://ir.exelixis.com/press-releases,,https://www.exelixis.com/,,
EXELON CORP,Exelon Corp,exeloncorp.com,https://investors.exeloncorp.com/investor-relations/,,https://www.exeloncorp.com/,,
"EXICURE, INC.",Exicure Inc,,,,,,
EXPAND ENERGY Corp,Expand Energy Corp,expandenergy.com,https://investors.expandenergy.com/?s=66,,https://www.expandenergy.com/contact/,ir@expandenergy.com,
EXPEDITORS INTERNATIONAL OF WASHINGTON INC,Expeditors International OF Washington Inc,expeditors.com,https://investor.expeditors.com/,,https://investor.expeditors.com/information-request/contact-us,,
EXPONENT INC,Exponent Inc,exponent.com,https://investors.exponent.com/,,https://www.exponent.com/contact-us,info@exponent.com,
"EXPRESS, INC.",Express Inc,,,,,,
EXPRO GROUP HOLDINGS N.V.,Expro Group Holdings NV,,,,,,
EXTREME NETWORKS INC,Extreme Networks Inc,extremenetworks.com,https://investor.extremenetworks.com/,,https://community.extremenetworks.com/HigherLogic/System/DownloadDocumentFile.ashx?DocumentFileKey=8e422d6a-740f-4c31-9558-12e767c0c488&forceDialog=0,,
EXXON MOBIL CORP,Exxon Mobil Corp,exxonmobil.com,https://corporate.exxonmobil.com/,,https://corporate.exxonmobil.com/,,
"EYENOVIA, INC.",Eyenovia Inc,eyenovia.com,https://eyenovia.com/,,https://eyenovia.com/,,
EZCORP INC,Ezcorp Inc,,,,,,
"Eagle Bancorp Montana, Inc.",Eagle Bancorp Montana Inc,,,,,,
Eagle Point Credit Co Inc.,Eagle Point Credit Co Inc,eaglepointcreditcompany.com,https://eaglepointcreditcompany.com/,ir@eaglepointcredit.com,https://eaglepointcreditcompany.com/contact-us,ir@eaglepointcredit.com,
"Easterly Government Properties, Inc.",Easterly Government Properties Inc,easterlyreit.com,https://easterlyreit.com/category/news/investor-relations/,,https://easterlyreit.com/contact/,info@easterlyreit.com,
"Eastern Bankshares, Inc.",Eastern Bankshares Inc,,,,,,
"Eastside Distilling, Inc.",Eastside Distilling Inc,eastsidedistilling.com,https://www.eastsidedistilling.com/investors,ir@makeabeeline.com,https://www.eastsidedistilling.com/contact-eastside-distilling,Info@eastsidedistilling.com,
Eaton Corp plc,Eaton Corp PLC,,,,,,
EchoStar CORP,Echostar Corp,echostar.com,https://ir.echostar.com/press-releases?page=1,,https://www.echostar.com/careers,leaves@dish.com,
"Eco Bright Future, Inc.",Eco Bright Future Inc,ecobrightfuture.com,,,https://ecobrightfuture.com/services/,,
Ecovyst Inc.,Ecovyst Inc,ecovyst.com,https://investor.ecovyst.com/,InvestorRelations@Ecovyst.com,https://www.ecovyst.com/,sds@ecovyst.com,
"Edesa Biotech, Inc.",Edesa Biotech Inc,edesabiotech.com,https://www.edesabiotech.com/investors/,investors@edesabiotech.com,https://www.edesabiotech.com/about/contact-us/,,
"Edgio, Inc.",Edgio Inc,,,,,,
Edible Garden AG Inc,Edible Garden AG Inc,ediblegardenag.com,https://ediblegardenag.com/investors,info@ediblegarden.com,,,
"Editas Medicine, Inc.",Editas Medicine Inc,editasmedicine.com,https://ir.editasmedicine.com/press-releases?page=1,,https://www.editasmedicine.com/contact/,info@editasmed.com,
Edwards Lifesciences Corp,Edwards Lifesciences Corp,edwards.com,https://www.edwards.com/,,https://www.edwards.com/contact-us,patient_support@edwards.com,
"El Pollo Loco Holdings, Inc.",El Pollo Loco Holdings Inc,elpolloloco.com,https://investor.elpolloloco.com/index.php/investor-relations,,https://www.elpolloloco.com/contact-us/,,
Elanco Animal Health Inc,Elanco Animal Health Inc,msd-animal-health.com,https://www.msd-animal-health.com/2024/02/05/msd-animal-health-to-acquire-elanco-aqua-business/,,https://www.msd-animal-health.com/2024/02/05/msd-animal-health-to-acquire-elanco-aqua-business/,,
Elastic N.V.,Elastic NV,elastic.com,https://www.elastic.com/,support@elastic.com,https://www.elastic.com/,support@elastic.com,
"Electriq Power Holdings, Inc.",Electriq Power Holdings Inc,,,,,,
"Electromed, Inc.",Electromed Inc,smartvest.com,https://smartvest.com/about/,info@electromed.com,https://smartvest.com/about/,info@electromed.com,
"Electromedical Technologies, Inc",Electromedical Technologies Inc,electromedicaltechnology.com,https://electromedicaltechnology.com/,info@electromedicaltechnology.com,,,
"Eledon Pharmaceuticals, Inc.",Eledon Pharmaceuticals Inc,eledon.com,https://eledon.com/,,https://eledon.com/,,
Element Solutions Inc,Element Solutions Inc,element-solutionsinc.com,https://www.element-solutionsinc.com/,79baaa8e09c746d2b7401643b99792e0@sentry.wixpress.com,https://www.element-solutionsinc.com/,info@element-solutionsinc.com,
Elevai Labs Inc.,Elevai Labs Inc,elevaiskincare.com,https://elevaiskincare.com/blogs/news/elevai-labs-inc-announces-pricing-of-6-000-000-initial-public-offering,,https://elevaiskincare.com/pages/locate,,
"Elevance Health, Inc.",Elevance Health Inc,apreehealth.com,https://apreehealth.com/resource/news/elevance-health-and-cdr-sign-agreement-to-launch-strategic-partnership/,,https://apreehealth.com/resource/news/elevance-health-and-cdr-sign-agreement-to-launch-strategic-partnership/,,
"Elevation Oncology, Inc.",Elevation Oncology Inc,,,,,,
"Eline Entertainment Group, Inc.",Eline Entertainment Group Inc,otcmarkets.com,https://www.otcmarkets.com/file/company/financial-report/307788/content,,https://www.otcmarkets.com/stock/EEGI/overview,,
Elite Health Systems Inc.,Elite Health Systems Inc,elite-homehealth.com,https://elite-homehealth.com/,elitehomehealth@leaco.net,https://elite-homehealth.com/,elitehomehealth@leaco.net,
Elme Communities,Elme Communities,elmecommunities.com,https://ir.elmecommunities.com/,shareholder@computershare.com,https://elmecommunities.com/contact-us/,,
"Elvictor Group, Inc.",Elvictor Group Inc,,,,,,
"Elys BMG Group, Inc.",Elys BMG Group Inc,elysgame.com,https://elysgame.com/,605a7baede844d278b89dc95ae0a9123@sentry-next.wixpress.com,https://elysgame.com/,605a7baede844d278b89dc95ae0a9123@sentry-next.wixpress.com,
"Embassy Bancorp, Inc.",Embassy Bancorp Inc,embassybank.com,https://investors.embassybank.com/,,https://investors.embassybank.com/,,
Embrace Change Acquisition Corp.,Embrace Change Acquisition Corp,embracechange.top,https://embracechange.top/,contact@embracechange.top,https://embracechange.top/,contact@embracechange.top,
"Emerald Holding, Inc.",Emerald Holding Inc,stockanalysis.com,https://stockanalysis.com/stocks/eex/,,https://stockanalysis.com/stocks/eex/,,
Emergent BioSolutions Inc.,Emergent Biosolutions Inc,emergenthealth.org,https://www.emergenthealth.org/,billinginfo@emergenthealth.org,https://www.emergenthealth.org/,billinginfo@emergenthealth.org,
"Emmaus Life Sciences, Inc.",Emmaus Life Sciences Inc,emmausmedical.com,,,https://www.emmausmedical.com/,,
Emo Capital Corp.,Emo Capital Corp,otcmarkets.com,https://www.otcmarkets.com/stock/NUVI/profile,,https://www.otcmarkets.com/stock/NUVI/profile,,
"Empire State Realty OP, L.P.",Empire State Realty OP LP,empireonline.com,https://www.empireonline.com/movies/news/predator-badlands-dek-like-conan-mad-max-exclusive/,,https://www.empireonline.com/,,
"Employers Holdings, Inc.",Employers Holdings Inc,employers.com,https://www.employers.com/,,https://www.employers.com/,,
"EnLink Midstream, LLC",Enlink Midstream LLC,enlink.com,https://www.enlink.com/,,https://www.enlink.com/contact/,louisianagas@enlink.com,
"Enact Holdings, Inc.",Enact Holdings Inc,enactmi.com,https://ir.enactmi.com/investor-relations,,https://enactmi.com/,yourname@example.com,
Encompass Health Corp,Encompass Health Corp,encompasshealth.com,https://encompasshealth.com/,,https://encompasshealth.com/,,
"Endeavor Group Holdings, Inc.",Endeavor Group Holdings Inc,endeavorco.com,https://endeavorco.com/tko-completes-acquisition-of-sports-assets-from-endeavor/,investor@endeavorco.com,https://endeavorco.com/endeavor-group-holdings-inc-enters-into-agreement-to-sell-frieze/,belinda.bowring@frieze.com,
Endexx Corp,Endexx Corp,otcmarkets.com,https://www.otcmarkets.com/stock/EDXC/news?id=448021,,https://www.otcmarkets.com/stock/EDXC/news?id=448021,,
"Endo, Inc.",Endo Inc,endo.com,https://investor.endo.com/,Favicon@2x.png,https://www.endo.com/,,
EnerSys,Enersys,enersys.com,https://investor.enersys.com/,,https://www.enersys.com/,,
Energous Corp,Energous Corp,energous.com,https://ir.energous.com/shareholder-services/contact-ir,,https://energous.com/contact/,IR@energous.com,
"Energy Recovery, Inc.",Energy Recovery Inc,energyrecovery.com,https://ir.energyrecovery.com/company-information,,https://energyrecovery.com/service-support/,support@energyrecovery.com,
Energy Services of America CORP,Energy Services Of America Corp,energyservicesofamerica.com,https://energyservicesofamerica.com/,,https://energyservicesofamerica.com/,,
Energy Transfer LP,Energy Transfer LP,tradingview.com,https://www.tradingview.com/news/marketbeat:ae02b271d094b:0-energy-transfer-tariff-resistant-midstream-resilience/,,https://www.tradingview.com/news/zacks:235b49114094b:0-can-et-s-growing-ngl-export-infrastructure-place-it-for-global-growth/,,
"Enfusion, Inc.",Enfusion Inc,enfusion.com,https://internal-status.enfusion.com/,,https://cms.enfusion.com/wp-content/uploads/2024/04/ManagedReporting_One-Pager_R1_090424.pdf,A@j.aB,
"Enhabit, Inc.",Enhabit Inc,enhabit.com,https://www.enhabit.com/,info@ehab.com,https://www.enhabit.com/,info@ehab.com,
"Enliven Therapeutics, Inc.",Enliven Therapeutics Inc,enliventherapeutics.com,https://www.enliventherapeutics.com/,ir@enliventherapeutics.com,https://www.enliventherapeutics.com/contact/,info@enliventherapeutics.com,
"Enova International, Inc.",Enova International Inc,enova.com,https://www.enova.com/,contact@enova.com,https://www.enova.com/,peoplehelp@enova.com,
Enovis CORP,Enovis Corp,enovis.com,https://ir.enovis.com/corporate-governance/corporate-social-responsibility,,https://enovis.com/,,
Enovix Corp,Enovix Corp,seekingalpha.com,https://seekingalpha.com/symbol/ENVX/analysis,,https://seekingalpha.com/article/4841009-enovix-commercial-ramps-progress-despite-operational-hiccups,,
"Enphase Energy, Inc.",Enphase Energy Inc,enphaseenergy.com,https://enlighten.enphaseenergy.com/,,https://enlighten.enphaseenergy.com/,,
Enservco Corp,Enservco Corp,otcmarkets.com,https://www.otcmarkets.com/stock/ENSV/overview,,https://www.otcmarkets.com/stock/ENSV/overview,,
Enstar Group LTD,Enstar Group Ltd,enstargroup.com,https://investor.enstargroup.com/media-centre,,https://www.enstargroup.com/,,
"Ensysce Biosciences, Inc.",Ensysce Biosciences Inc,ensysce.com,,,https://ensysce.com/,,
Entera Bio Ltd.,Entera Bio Ltd,enterabio.com,https://investors.enterabio.com/?order=field_nir_sec_description&sort=asc,,https://enterabio.com/,info@enterabio.com,
"Entero Therapeutics, Inc.",Entero Therapeutics Inc,enterothera.com,https://enterothera.com/investors/overview,,,,
"Entrada Therapeutics, Inc.",Entrada Therapeutics Inc,spanishdict.com,https://www.spanishdict.com/translate/entrada,support@spanishdict.com,https://www.spanishdict.com/translate/entrada,support@spanishdict.com,
Envela Corp,Envela Corp,envela.com,https://envela.com/investor/,,https://envela.com/companies/,,
"Enveric Biosciences, Inc.",Enveric Biosciences Inc,enveric.com,https://www.enveric.com/investors/,,https://www.enveric.com/contact/,,
"Envirotech Vehicles, Inc.",Envirotech Vehicles Inc,envirotech-inc.com,https://envirotech-inc.com/,,https://envirotech-inc.com/,,
Envista Holdings Corp,Envista Holdings Corp,envistaco.com,,,https://envistaco.com/en/contact,info@envistaco.com,
"Envoy Medical, Inc.",Envoy Medical Inc,,,,,,
"Eos Energy Enterprises, Inc.",Eos Energy Enterprises Inc,eosworldwide.com,https://www.eosworldwide.com/implementer-posts/harnessing-human-energy-applying-the-first-law-of-thermodynamics-to-eos,patrick.metzger@eosworldwide.com,https://www.eosworldwide.com/blog/10-disciplines,support@eosworldwide.com,
Epsilon Energy Ltd.,Epsilon Energy Ltd,,,,,,
Equity Commonwealth,Equity Commonwealth,,,,,,
"Erasca, Inc.",Erasca Inc,erasca.com,https://investors.erasca.com/investor-resources/contact-ir/,,https://www.erasca.com/,info@erasca.com,
"Esperion Therapeutics, Inc.",Esperion Therapeutics Inc,,,,,,
Essent Group Ltd.,Essent Group Ltd,,,,,,
"Essential Utilities, Inc.",Essential Utilities Inc,marketscreener.com,https://www.marketscreener.com/quote/stock/ESSENTIAL-UTILITIES-INC-14921/news/Essential-Utilities-Inc-Appoints-Hayley-Diminick-Director-of-Investor-Relations-47702721/,,https://www.marketscreener.com/quote/stock/ESSENTIAL-UTILITIES-INC-14921/news/Essential-Utilities-Marks-Five-Years-of-Strength-Innovation-and-Growth-49413321/,,
"Estrella Immunopharma, Inc.",Estrella Immunopharma Inc,estrella.com,https://estrella.com/,,https://estrella.com/contact-us/,team@estrella.com,
Eterna Therapeutics Inc.,Eterna Therapeutics Inc,eterna.com,https://www.eterna.com/,605a7baede844d278b89dc95ae0a9123@sentry-next.wixpress.com,https://www.eterna.com/service-centers,info@timerevolution.com,
"Eton Pharmaceuticals, Inc.",Eton Pharmaceuticals Inc,etonpharma.com,https://ir.etonpharma.com/investor-relations/,,https://www.etonpharma.com/contact/,info@etonpharma.com,
Eureka Acquisition Corp,Eureka Acquisition Corp,eureka.com,https://us.eureka.com/,cq5dam.web.5000.5000_7d3230f4-4c1b-451c-ab11-ad9678655924@3x.png,https://us.eureka.com/,info@stagheaddesigns.com,
"European Wax Center, Inc.",European Wax Center Inc,waxcenter.com,,,https://waxcenter.com/,,
Eva Live Inc,Eva Live Inc,evaxai.com,https://evaxai.com/investors/,invest@eva.live,https://evaxai.com/contact/,publishers@eva.live,
"Eve Holding, Inc.",Eve Holding Inc,eveonline.com,https://forums.eveonline.com/c/eve-information-portal/announcements/82,,https://forums.eveonline.com/c/eve-information-portal/announcements/82,,
"Eventbrite, Inc.",Eventbrite Inc,eventbrite.com,https://investor.eventbrite.com/,,https://www.eventbrite.com/help/en-us/articles/460838/datenschutzrichtlinie-von-eventbrite/,,
EverCommerce Inc.,Evercommerce Inc,evercommerce.com,https://investors.evercommerce.com/investor-relations,,https://www.evercommerce.com/contact-us/,Mark-FullColorCircle@2x.png,
"EverQuote, Inc.",Everquote Inc,everquote.com,https://www.everquote.com/,,https://www.everquote.com/,,
Evercore Inc.,Evercore Inc,evercore.com,https://www.evercore.com/,,https://www.evercore.com/contact-us/,,
Everest Consolidator Acquisition Corp,Everest Consolidator Acquisition Corp,otcmarkets.com,https://www.otcmarkets.com/stock/MNTNW/news,,https://www.otcmarkets.com/stock/EVCOU/overview,,
Evergreen Corp,Evergreen Corp,evergreencorporate.com,https://evergreencorporate.com/,Info@evergreencorporate.com,https://evergreencorporate.com/,Info@evergreencorporate.com,
"Evergy, Inc.",Evergy Inc,,,,,,
Everi Holdings Inc.,Everi Holdings Inc,everi.com,https://ir.everi.com/investor-relations/,,https://www.everi.com/,,
"Everus Construction Group, Inc.",Everus Construction Group Inc,,,,,,
"Everything Blockchain, Inc.",Everything Blockchain Inc,,,,,,
EvoAir Holdings Inc.,Evoair Holdings Inc,otcmarkets.com,https://www.otcmarkets.com/stock/EVOH/profile,,https://www.otcmarkets.com/stock/EVOH/profile,,
"Evofem Biosciences, Inc.",Evofem Biosciences Inc,evofem.com,https://www.evofem.com/contact/investor-contact/,,https://www.evofem.com/contact/,,
Evoke Pharma Inc,Evoke Pharma Inc,evokepharma.com,https://investor.evokepharma.com/investor-overview,,https://evokepharma.com/contact-us/,gimotimedinfo@evokepharma.com,
"Evolent Health, Inc.",Evolent Health Inc,,,,,,
"Evolus, Inc.",Evolus Inc,evolus.com,https://investors.evolus.com/,,https://www.evolus.com/,,
"Evolv Technologies Holdings, Inc.",Evolv Technologies Holdings Inc,coincentral.com,https://coincentral.com/evolv-technologies-evlv-stock-drops-6-as-ai-security-firm-reports-57-revenue-surge-and-smaller-loss/,,https://coincentral.com/evolv-technologies-evlv-stock-drops-6-as-ai-security-firm-reports-57-revenue-surge-and-smaller-loss/,,
"Excelerate Energy, Inc.",Excelerate Energy Inc,excelerateenergy.com,https://ir.excelerateenergy.com/,,https://excelerateenergy.com/contact-us/,,
"Exela Technologies, Inc.",Exela Technologies Inc,,,,,,
"ExlService Holdings, Inc.",Exlservice Holdings Inc,exlservice.com,https://ir.exlservice.com/financial-and-filings/quarterly-results,,https://www.exlservice.com/about/contact-us?urltrack=https://www.exlservice.com/services-and-solutions/data,,
"Exodus Movement, Inc.",Exodus Movement Inc,,,,,,
"Expedia Group, Inc.",Expedia Group Inc,,,,,,
"Expensify, Inc.",Expensify Inc,expensify.com,https://we.are.expensify.com/investors,user@domain.com,https://www.expensify.com/,expenses@domain.com,
Expion360 Inc.,Expion360 Inc,expion360.com,https://expion360.com/,carson.heagen@expion360.com,https://expion360.com/pages/customer-support,support@expion360.com,
"EyePoint Pharmaceuticals, Inc.",Eyepoint Pharmaceuticals Inc,eyepointpharma.com,https://eyepointpharma.com/wp-content/uploads/2025/04/Eyepoint-Investor-Presentation-March-2025.pdf,,https://eyepointpharma.com/contact/,,
EzFill Holdings Inc,Ezfill Holdings Inc,ezfl.com,https://ezfl.com/investors/,,https://ezfl.com/company-information-faq/,,
Ezagoo Ltd,Ezagoo Ltd,otcmarkets.com,https://www.otcmarkets.com/filing/html?id=15747771&guid=0jewkKubDWFQPrh,,https://www.otcmarkets.com/stock/EZOO/profile,,
"F&G Annuities & Life, Inc.",F&G Annuities & Life Inc,fglife.com,https://investors.fglife.com/,,https://www.fglife.com/contact,,
F&M BANK CORP,F&M BANK Corp,,,,,,
FACT II Acquisition Corp.,FACT II Acquisition Corp,,,,,,
FACTSET RESEARCH SYSTEMS INC,Factset Research Systems Inc,factset.com,https://www.factset.com/,,https://www.factset.com/,,
FAIR ISAAC CORP,FAIR Isaac Corp,faire.com,https://www.faire.com/about,,https://www.faire.com/,,
FARADAY FUTURE INTELLIGENT ELECTRIC INC.,Faraday Future Intelligent Electric Inc,,,,,,
FARMER BROTHERS CO,Farmer Brothers Co,farmerbrothers.co.uk,https://www.farmerbrothers.co.uk/,info@farmerbrothers.co.uk,https://www.farmerbrothers.co.uk/,info@farmerbrothers.co.uk,
FARMERS & MERCHANTS BANCORP,Farmers & Merchants Bancorp,,,,,,
FARMERS & MERCHANTS BANCORP INC,Farmers & Merchants Bancorp Inc,,,,,,
FARMERS NATIONAL BANC CORP /OH/,Farmers National BANC Corp,farmersnational.bank,https://farmersnational.bank/,info@farmersnational.bank,https://farmersnational.bank/,info@farmersnational.bank,
"FARMHOUSE, INC. /NV",Farmhouse Inc /Nv,thefarmhouselife.com,https://thefarmhouselife.com/how-to-bind-carpet-edges-at-home/,john@example.com,https://thefarmhouselife.com/,,
FARO TECHNOLOGIES INC,FARO Technologies Inc,faro.com,https://www.faro.com/,,https://www.faro.com/,,
"FB Bancorp, Inc. /MD/",FB Bancorp Inc,bankwithfidelity.com,https://investor.bankwithfidelity.com/overview/,investorrelations@bankwithfidelity.com,https://investor.bankwithfidelity.com/overview/,investorrelations@bankwithfidelity.com,
FB Financial Corp,FB Financial Corp,stackoverflow.com,https://stackoverflow.com/questions/50683354/correct-way-in-2018-to-open-facebook-app-via-website-link,apple-touch-icon@2.png,https://stackoverflow.com/beta/discussions/77497471/for-dating-app-what-companies-can-we-use-for-payment-processing,apple-touch-icon@2.png,
FEDERAL AGRICULTURAL MORTGAGE CORP,Federal Agricultural Mortgage Corp,cityfederalcu.com,https://www.cityfederalcu.com/,MemberServices@CityFederalCU.com,https://www.cityfederalcu.com/,MemberServices@CityFederalCU.com,
FEDERAL HOME LOAN MORTGAGE CORP,Federal HOME LOAN Mortgage Corp,cityfederalcu.com,https://www.cityfederalcu.com/,MemberServices@CityFederalCU.com,https://www.cityfederalcu.com/,MemberServices@CityFederalCU.com,
FEDERAL REALTY INVESTMENT TRUST,Federal Realty Investment Trust,federalrealty.com,https://www.federalrealty.com/investors/overview/,IR@federalrealty.com,https://www.federalrealty.com/contact/,,
"FEDERATED HERMES, INC.",Federated Hermes Inc,federatedhermes.com,https://www.federatedhermes.com/us/home.do,,https://www.federatedhermes.com/us/home.do,,
FEDEX CORP,Fedex Corp,,,,,,
FEMASYS INC,Femasys Inc,femasys.com,https://femasys.com/,kthiel@femasys.com,https://femasys.com/,kthiel@femasys.com,
FENNEC PHARMACEUTICALS INC.,Fennec Pharmaceuticals Inc,fennecpharma.com,https://investors.fennecpharma.com/events-and-presentations/events,,https://investors.fennecpharma.com/news-releases/news-release-details/fennec-pharmaceuticals-reports-second-quarter-2025-financial,,
FIBROGEN INC,Fibrogen Inc,fibrogen.com,https://investor.fibrogen.com/shareholder-services/investor-faqs,,https://www.fibrogen.com/contact-us,605a7baede844d278b89dc95ae0a9123@sentry-next.wixpress.com,
FIDELITY D & D BANCORP INC,Fidelity D & D Bancorp Inc,quarterlytics.com,https://quarterlytics.com/company/fidelity-d-d-bancorp-inc_fdbc/,,https://quarterlytics.com/company/fidelity-d-d-bancorp-inc_fdbc/,,
FIFTH THIRD BANCORP,Fifth Third Bancorp,marketscreener.com,https://www.marketscreener.com/news/fifth-third-bancorp-to-participate-in-the-barclays-global-financial-services-conference-ce7d59dcd981f623,,https://www.marketscreener.com/news/fifth-third-bancorp-to-incur-material-impairment-charge-for-alleged-external-fraudulent-activity-s-ce7d59dcda8cf424,,
"FIGS, Inc.",FIGS Inc,,,,,,
FINANCIAL INSTITUTIONS INC,Financial Institutions Inc,merriam-webster.com,https://www.merriam-webster.com/dictionary/financial,a%20pencil%20broken%20in%20half%20on%20top%20of%20a%20test%20answer%20sheet-9746-91b598ef45b1c6d80850914717a80db8@1x.jpg,https://www.merriam-webster.com/dictionary/financial,a%20pencil%20broken%20in%20half%20on%20top%20of%20a%20test%20answer%20sheet-9746-91b598ef45b1c6d80850914717a80db8@1x.jpg,
"FIREFLY NEUROSCIENCE, INC.",Firefly Neuroscience Inc,fireflyneuro.com,https://investors.fireflyneuro.com/,shareholder@broadridge.com,https://fireflyneuro.com/contact/,info@fireflyneuro.com,
FIRST ADVANTAGE CORP,First Advantage Corp,complaintsboard.com,https://www.complaintsboard.com/first-advantage-corporation-b133748,jennifer.bryan@fadv.com,https://www.complaintsboard.com/first-advantage-corporation-b133748/contacts,bret.jardine@fadv.com,
FIRST BANCORP /NC/,First Bancorp,,,,,,
FIRST BANCORP /PR/,First Bancorp,,,,,,
FIRST BANCSHARES INC /MS/,First Bancshares Inc,southernfirst.com,https://ir.southernfirst.com/,,https://ir.southernfirst.com/other-information/faq/default.aspx,,
FIRST BUSEY CORP /NV/,First Busey Corp,busey.com,https://ir.busey.com/node/611,,https://ir.busey.com/resources/investor-faqs,,
"FIRST BUSINESS FINANCIAL SERVICES, INC.",First Business Financial Services Inc,,,,,,
FIRST CAPITAL INC,First Capital Inc,capitalone.com,https://www.capitalone.com/,Desktop-Enterprise@2x.png,https://www.capitalone.com/,Desktop-Enterprise@2x.png,
FIRST CITIZENS BANCSHARES INC /DE/,First Citizens Bancshares Inc,firstcitizens.com,,,https://www.firstcitizens.com/support/call-us,sys-search@2x.png,
FIRST COMMUNITY BANKSHARES INC /VA/,First Community Bankshares Inc,,,,,,
FIRST COMMUNITY CORP /SC/,First Community Corp,,,,,,
FIRST FINANCIAL BANCORP /OH/,First Financial Bancorp,,,,,,
FIRST FINANCIAL CORP /IN/,First Financial Corp,firsttrinityfinancial.com,https://firsttrinityfinancial.com/,user@domain.com,https://firsttrinityfinancial.com/,user@domain.com,
"FIRST HAWAIIAN, INC.",First Hawaiian Inc,fhb.com,https://ir.fhb.com/,,https://ir.fhb.com/shareholder-services/contact-ir,,
FIRST HORIZON CORP,First Horizon Corp,,,,,,
FIRST INDUSTRIAL REALTY TRUST INC,First Industrial Realty Trust Inc,firstindustrial.com,https://investor.firstindustrial.com/shareholder-services/contact-ir,,https://www.firstindustrial.com/,info@FIRT.com,
FIRST INTERSTATE BANCSYSTEM INC,First Interstate Bancsystem Inc,,,,,,
"FIRST MID BANCSHARES, INC.",First MID Bancshares Inc,,,,,,
FIRST NORTHERN COMMUNITY BANCORP,First Northern Community Bancorp,otcmarkets.com,https://www.otcmarkets.com/stock/FNRN/news/First-Northern-Community-Bancorp-Reports-Third-Quarter-2024-Net-Income-of-55-Million?id=457273,,https://www.otcmarkets.com/stock/FNRN/profile,,
FIRST OF LONG ISLAND CORP,First OF LONG Island Corp,,,,,,
"FIRST SOLAR, INC.",First Solar Inc,firstsolar.com,,,https://investor.firstsolar.com/,,
FIRST UNITED CORP/MD/,First United Corp,unitedcorp1.com,https://unitedcorp1.com/,unitedcorp1@aol.com,https://unitedcorp1.com/,unitedcorp1@aol.com,
FIRSTENERGY CORP,Firstenergy Corp,firstenergycorp.com,https://investors.firstenergycorp.com/,,https://www.firstenergycorp.com/log_in.html,,
FIRSTSUN CAPITAL BANCORP,Firstsun Capital Bancorp,,,,,,
FISERV INC,Fiserv Inc,fiserv.com,https://investors.fiserv.com/,julie.chariell@fiserv.com,https://www.fiserv.com/en/about-fiserv/contact-us.html,,
"FIVE BELOW, INC",FIVE Below Inc,fivebelow.com,,,https://investor.fivebelow.com/governance/contact-the-board/default.aspx,,
FIVE STAR BANCORP,FIVE STAR Bancorp,fivestarbank.com,https://investors.fivestarbank.com/node/5806,,https://www.fivestarbank.com/?source=quarterlytics.com,,
FLANIGANS ENTERPRISES INC,Flanigans Enterprises Inc,flanigans.com,https://flanigans.com/,,https://flanigans.com/dine/bar-menu/,,
FLEX LTD.,FLEX Ltd,,,,,,
FLEXSTEEL INDUSTRIES INC,Flexsteel Industries Inc,flexsteel.com,https://ir.flexsteel.com/stock-information/stock-quote-chart/,,https://www.flexsteel.com/,,
FLOTEK INDUSTRIES INC/CN/,Flotek Industries Inc,flotekind.com,https://ir.flotekind.com/,IR@flotekind.com,https://www.flotekind.com/contact/,GetInfo@Flotekind.com,
FLOWSERVE CORP,Flowserve Corp,flowserve.com,https://www.flowserve.com/,susekar@flowserve.com,https://www.flowserve.com/,susekar@flowserve.com,
FLUSHING FINANCIAL CORP,Flushing Financial Corp,welcometoflushing.com,https://www.welcometoflushing.com/home,605a7baede844d278b89dc95ae0a9123@sentry-next.wixpress.com,https://www.welcometoflushing.com/,605a7baede844d278b89dc95ae0a9123@sentry-next.wixpress.com,
FLYEXCLUSIVE INC.,Flyexclusive Inc,flyexclusive.com,https://ir.flyexclusive.com/,investors@flyexclusive.com,https://www.flyexclusive.com/,marketing@redsharkdigital.com,
"FLYWHEEL ADVANCED TECHNOLOGY, INC.",Flywheel Advanced Technology Inc,,,,,,
FMC CORP,FMC Corp,fmc.com,https://investors.fmc.com/financials/quarterly-results/default.aspx,,https://www.fmc.com/en/contact,AskHR-EMEA@fmc.com,
FOCUS UNIVERSAL INC.,Focus Universal Inc,focusuniversal.com,https://ir.focusuniversal.com/,ir@focusuniversal.com,https://focusuniversal.com/contact/,,
FONAR CORP,Fonar Corp,fonar.com,https://www.fonar.com/investor-relations.html,investor@fonar.com,https://www.fonar.com/customer-service.html,info@fonar.com,
"FOOT LOCKER, INC.",FOOT Locker Inc,footlocker-inc.com,https://investors.footlocker-inc.com/ir,,https://www.footlocker-inc.com/content/flinc-aem-site/en/home/contact.html,,
"FORMATION MINERALS, INC.",Formation Minerals Inc,formationminerals.com,https://www.formationminerals.com/,605a7baede844d278b89dc95ae0a9123@sentry-next.wixpress.com,https://www.formationminerals.com/,605a7baede844d278b89dc95ae0a9123@sentry-next.wixpress.com,
FORMFACTOR INC,Formfactor Inc,formfactor.com,https://www.formfactor.com/,,https://www.formfactor.com/,,
"FORRESTER RESEARCH, INC.",Forrester Research Inc,forrester.com,https://go.forrester.com/china/china-about-us/,apacmarketing@forrester.com,https://blogs.forrester.com/contact-us/,,
"FORUM ENERGY TECHNOLOGIES, INC.",Forum Energy Technologies Inc,,,,,,
FORWARD AIR CORP,Forward AIR Corp,forwardaircorp.com,,,https://ir.forwardaircorp.com/company-information,investorrelations@forwardair.com,
FOSTER L B CO,Foster L B Co,lbfoster.com,https://investors.lbfoster.com/,,https://lbfoster.com/en-gb/customer-payment-portal,,
FOX FACTORY HOLDING CORP,FOX Factory Holding Corp,opencorporates.com,https://opencorporates.com/companies/us_de/4456745,,https://opencorporates.com/companies/us_de/4456745,,
FOXO TECHNOLOGIES INC.,FOXO Technologies Inc,nasdaq.com,https://www.nasdaq.com/market-activity/stocks/foxo,,https://www.nasdaq.com/market-activity/stocks/foxo,,
"FRACTYL HEALTH, INC.",Fractyl Health Inc,fractyl.com,https://ir.fractyl.com/shareholder-services/investor-faqs,,https://www.fractyl.com/contact/,info@fractyl.com,
FRANKLIN COVEY CO,Franklin Covey Co,franklincovey.com,https://ir.franklincovey.com/overview/company-overview/,,https://ir.franklincovey.com/news-releases/news-release-details/franklin-covey-reports-third-quarter-fiscal-2025-financial,,
FRANKLIN ELECTRIC CO INC,Franklin Electric Co Inc,franklin-electric.com,https://www.franklin-electric.com/investors,,https://www.franklin-electric.com/,,
FRANKLIN RESOURCES INC,Franklin Resources Inc,franklinresources.com,https://investors.franklinresources.com/,,https://investors.franklinresources.com/,,
FRANKLIN STREET PROPERTIES CORP /MA/,Franklin Street Properties Corp,franklin.edu,https://www.franklin.edu/myfranklin,admissions@franklin.edu,https://www.franklin.edu/myfranklin,admissions@franklin.edu,
FREEPORT-MCMORAN INC,Freeport-Mcmoran Inc,salezshark.com,https://www.salezshark.com/company/freeport-mcmoran,name@gmail.com,https://www.salezshark.com/company/freeport-mcmoran,name@gmail.com,
FREQUENCY ELECTRONICS INC,Frequency Electronics Inc,epsilonelectronicsinc.com,https://epsilonelectronicsinc.com/,,https://epsilonelectronicsinc.com/,,
FRESH DEL MONTE PRODUCE INC,Fresh DEL Monte Produce Inc,freshdelmonte.com,https://investorrelations.freshdelmonte.com/,,https://freshdelmonte.com/,chosen-sprite@2x.png,
"FREYR Battery, Inc. /DE/",Freyr Battery Inc,,,,,,
FRIEDMAN INDUSTRIES INC,Friedman Industries Inc,friedmanindustries.com,https://friedmanindustries.com/investors/,,https://friedmanindustries.com/,CenturyMetalsSupplies_Logo_RGB@2x-768x453.webp,
"FS Bancorp, Inc.",FS Bancorp Inc,,,,,,
FS Credit Income Fund,FS Credit Income Fund,,,,,,
FS KKR Capital Corp,FS KKR Capital Corp,,,,,,
FTAC Emerald Acquisition Corp.,FTAC Emerald Acquisition Corp,otcmarkets.com,https://www.otcmarkets.com/stock/FLDDW/overview,,https://www.otcmarkets.com/stock/FLDDW/overview,,
FTAI Infrastructure Inc.,FTAI Infrastructure Inc,,,,,,
"FTC Solar, Inc.",FTC Solar Inc,,,,,,
"FTI CONSULTING, INC",FTI Consulting Inc,fticonsulting.com,https://ir.fticonsulting.com/investor-overview?c=82634&p=irol-irhome,,https://www.fticonsulting.com/,mandip.sinh@altudo.co,
"FUEL TECH, INC.",FUEL TECH Inc,fueltech.com,,,https://www.fueltech.com/,sales@fueltech.com,
FULL HOUSE RESORTS INC,FULL House Resorts Inc,fullhouseresorts.com,https://investors.fullhouseresorts.com/,fhri@fullhouseresorts.com,https://fullhouseresorts.com/contact/,fhri@fullhouseresorts.com,
FULLER H B CO,Fuller H B Co,,,,,,
FULLNET COMMUNICATIONS INC,Fullnet Communications Inc,fullnet.net,https://www.fullnet.net/about,,https://www.fullnet.net/contact,,
FULTON FINANCIAL CORP,Fulton Financial Corp,fultonbank.com,https://www.fultonbank.com/,,https://www.fultonbank.com/,,
Fabrinet,Fabrinet,fabrinet.com,https://investor.fabrinet.com/stock-information,,https://fabrinet.com/,,
"Falcon's Beyond Global, Inc.",Falcon S Beyond Global Inc,falconsbeyond.com,https://investors.falconsbeyond.com/,,https://falconsbeyond.com/contact/,email@address.com,
"Farmers & Merchants Bancshares, Inc.",Farmers & Merchants Bancshares Inc,,,,,,
"Fastly, Inc.",Fastly Inc,fastly.com,https://investors.fastly.com/,IR@fastly.com,https://docs.fastly.com/products/product-support,,
"Fat Brands, Inc",Fat Brands Inc,fatbrands.com,https://ir.fatbrands.com/,,https://www.fatbrands.com/contact-us/,,
Fathom Holdings Inc.,Fathom Holdings Inc,fathominc.com,https://ir.fathominc.com/,investorrelations@fathomrealty.com,https://ir.fathominc.com/,investorrelations@fathomrealty.com,
Ferguson Enterprises Inc. /DE/,Ferguson Enterprises Inc,ferguson.com,https://www.ferguson.com/,customer.support@ferguson.com,https://www.ferguson.com/,customer.support@ferguson.com,
"Fidelity National Financial, Inc.",Fidelity National Financial Inc,,,,,,
"Fidelity National Information Services, Inc.",Fidelity National Information Services Inc,,,,,,
"Fifth District Bancorp, Inc.",Fifth District Bancorp Inc,fifthdistrict.com,https://www.fifthdistrict.com/investor-relations,info@pacificstocktransfer.com,https://www.fifthdistrict.com/,,
Finance of America Companies Inc.,Finance Of America Companies Inc,financeofamericacompanies.com,https://ir.financeofamericacompanies.com/,,https://www.financeofamericacompanies.com/contact-us/,ir@financeofamerica.com,
"Finch Therapeutics Group, Inc.",Finch Therapeutics Group Inc,finchtherapeutics.com,https://ir.finchtherapeutics.com/news-and-events/press-releases/,,https://www.finchtherapeutics.com/,,
"FingerMotion, Inc.",Fingermotion Inc,fingermotion.com,https://fingermotion.com/investor-relations,,https://fingermotion.com/contact,,
Finnovate Acquisition Corp.,Finnovate Acquisition Corp,,,,,,
Fintech Scion Ltd,Fintech Scion Ltd,,,,,,
Finward Bancorp,Finward Bancorp,ibankpeoples.com,https://investorrelations.ibankpeoples.com/sec-filings/annual-reports/content/0001437749-25-010182/0001437749-25-010182.pdf,,https://investorrelations.ibankpeoples.com/,InvestorRelations@ibankpeoples.com,
Finwise Bancorp,Finwise Bancorp,,,,,,
"First Bancorp, Inc /ME/",First Bancorp Inc,thefirst.com,https://investors.thefirst.com/,,https://investors.thefirst.com/,,
"First Financial Northwest, Inc.",First Financial Northwest Inc,firstinspires.org,https://community.firstinspires.org/2025-2026-first-program-registration-pricing,,https://community.firstinspires.org/2025-2026-first-program-registration-pricing,,
First Foundation Inc.,First Foundation Inc,americafirstfoundation.org,https://americafirstfoundation.org/,,https://americafirstfoundation.org/,,
"First Guaranty Bancshares, Inc.",First Guaranty Bancshares Inc,firstinspires.org,https://community.firstinspires.org/first-championship-updates-2025-beyond,,https://community.firstinspires.org/first-championship-updates-2025-beyond,,
First Internet Bancorp,First Internet Bancorp,,,,,,
First Northwest Bancorp,First Northwest Bancorp,ourfirstfed.com,https://investor.ourfirstfed.com/corporate-overview/corporate-profile/,,,,
"First Savings Financial Group, Inc.",First Savings Financial Group Inc,firstinspires.org,https://community.firstinspires.org/first-championship-updates-2025-beyond,,https://community.firstinspires.org/2025-2026-first-program-registration-pricing,,
"First Seacoast Bancorp, Inc.",First Seacoast Bancorp Inc,,,,,,
"First Watch Restaurant Group, Inc.",First Watch Restaurant Group Inc,firstwatch.com,https://investors.firstwatch.com/?order=field_nir_sec_form&sort=desc,,https://investors.firstwatch.com/news-and-events/news-releases,,
"FirstCash Holdings, Inc.",Firstcash Holdings Inc,firstcash.com,https://investors.firstcash.com/,,https://firstcash.com/,,
"Firsthand Technology Value Fund, Inc.",Firsthand Technology Value Fund Inc,firsthandfunds.com,https://firsthandfunds.com/index.php?fuseaction=funds.tefqx,investing@firsthandfunds.com,https://firsthandfunds.com/,investing@firsthandfunds.com,
"FiscalNote Holdings, Inc.",Fiscalnote Holdings Inc,fiscalnote.com,https://fiscalnote.com/,,https://fiscalnote.com/,,
"Five Point Holdings, LLC",Five Point Holdings LLC,fivepoint.com,https://ir.fivepoint.com/,,https://ir.fivepoint.com/corporate-governance/contact-board,,
"Five9, Inc.",Five9 Inc,five9.com,https://investors.five9.com/contact-us/,,https://login.five9.com/,cases@five9.com,
Flag Ship Acquisition Corp,Flag Ship Acquisition Corp,flagsdb.com,https://flagsdb.com/,,https://flagsdb.com/,,
"FlexShopper, Inc.",Flexshopper Inc,flexshopper.com,https://www.flexshopper.com/,,https://www.flexshopper.com/,,
"Floor & Decor Holdings, Inc.",Floor & Decor Holdings Inc,stackexchange.com,https://tex.stackexchange.com/questions/118173/how-to-write-ceil-and-floor-in-latex,apple-touch-icon@2.png,https://gaming.stackexchange.com/questions/394461/disable-pvp-in-minecraft-with-a-command,apple-touch-icon@2.png,
Flora Growth Corp.,Flora Growth Corp,floragrowth.com,https://floragrowth.com/investors/,ir@floragrowth.com,https://floragrowth.com/,ir@floragrowth.com,
"Fluence Energy, Inc.",Fluence Energy Inc,fluenceenergy.com,https://ir.fluenceenergy.com/news-releases/news-release-details/fluence-energy-inc-announces-third-quarter-2025-earnings-release,,https://fluenceenergy.com/,,
"Fluent, Inc.",Fluent Inc,fluentco.com,https://investors.fluentco.com/?ref=comdurav.com,,https://fluentco.com/contact/,InvestorRelations@fluentco.com,
Flutter Entertainment plc,Flutter Entertainment PLC,flutter.com,https://flutter.com/investors/ir-contacts-and-advisors/,cosec@flutter.com,https://flutter.com/contact-us/,corporatecomms@flutter.com,
"Flux Power Holdings, Inc.",Flux Power Holdings Inc,stockanalysis.com,https://stockanalysis.com/stocks/flux/,,https://stockanalysis.com/stocks/flux/,,
"Fly-E Group, Inc.",Fly-E Group Inc,,,,,,
Flywire Corp,Flywire Corp,flywire.com,https://assets.flywire.com/collateral/education/payers/Flywire_Education_GettingStartedwithFlywireGeneric.pdf,,https://help.flywire.com/hc/en-us/p/call-us,,
Focus Impact BH3 Acquisition Co,Focus Impact Bh3 Acquisition Co,focus-impact.com,https://focus-impact.com/investors/,info@focusimpactstg.wpengine.com,https://focus-impact.com/,,
"Forge Global Holdings, Inc.",Forge Global Holdings Inc,,,,,,
Forian Inc.,Forian Inc,,,,,,
"Forte Biosciences, Inc.",Forte Biosciences Inc,stackexchange.com,https://english.stackexchange.com/questions/1545/is-forte-pronounced-fort-or-for-tay,apple-touch-icon@2.png,https://english.stackexchange.com/questions/1545/is-forte-pronounced-fort-or-for-tay,apple-touch-icon@2.png,
"Fortinet, Inc.",Fortinet Inc,fortinet.com,https://fusecommunity.fortinet.com/events/event-description?CalendarEventKey=83d7c872-8248-4c96-b8af-7e1e8b6bb0e8&CommunityKey=008a2380-0802-4965-bce9-85dd9fb50f24&Home=/groups/sigroupdetails,,https://fusecommunity.fortinet.com/events/event-description?CalendarEventKey=83d7c872-8248-4c96-b8af-7e1e8b6bb0e8&CommunityKey=008a2380-0802-4965-bce9-85dd9fb50f24&Home=/groups/sigroupdetails,,
Fortitude Gold Corp,Fortitude Gold Corp,fortitudegold.com,,,https://www.fortitudegold.com/,info@fortitudegold.com,
Fortive Corp,Fortive Corp,fortive.com,https://investors.fortive.com/news-events/press-releases,,https://fortive.com/,webmaster@fortive.com,
Fortrea Holdings Inc.,Fortrea Holdings Inc,fortreaclinicaltrials.com,https://www.fortreaclinicaltrials.com/en-us,,https://www.fortreaclinicaltrials.com/en-us,,
"Fortress Biotech, Inc.",Fortress Biotech Inc,fortressbiotech.com,https://www.fortressbiotech.com/investors,ir@fortressbiotech.com,https://www.fortressbiotech.com/contact,info@fortressbiotech.com,
"Fortune Brands Innovations, Inc.",Fortune Brands Innovations Inc,fortune.com,https://fortune.com/,preston.fore@fortune.com,https://fortune.com/,preston.fore@fortune.com,
Fortune Rise Acquisition Corp,Fortune Rise Acquisition Corp,fortune.com,https://fortune.com/,preston.fore@fortune.com,https://fortune.com/,preston.fore@fortune.com,
"Fortune Valley Treasures, Inc.",Fortune Valley Treasures Inc,fortune.com,https://fortune.com/,preston.fore@fortune.com,https://fortune.com/,preston.fore@fortune.com,
"Forward Industries, Inc.",Forward Industries Inc,wordreference.com,https://forum.wordreference.com/threads/forward-to-vs-forward-it-to.2953147/,,https://forum.wordreference.com/threads/forward-to-vs-forward-it-to.2953147/,,
"Forza X1, Inc.",Forza X1 Inc,forza.net,https://forza.net/myforza/banhistory/,,https://forums.forza.net/,,
"Fossil Group, Inc.",Fossil Group Inc,fossilgroup.com,https://www.fossilgroup.com/investors/,,https://www.fossilgroup.com/,,
"Four Corners Property Trust, Inc.",Four Corners Property Trust Inc,merriam-webster.com,https://www.merriam-webster.com/dictionary/four,a%20pencil%20broken%20in%20half%20on%20top%20of%20a%20test%20answer%20sheet-9746-91b598ef45b1c6d80850914717a80db8@1x.jpg,https://www.merriam-webster.com/dictionary/four,a%20pencil%20broken%20in%20half%20on%20top%20of%20a%20test%20answer%20sheet-9746-91b598ef45b1c6d80850914717a80db8@1x.jpg,
Four Leaf Acquisition Corp,Four Leaf Acquisition Corp,fourleaf.investments,,,https://www.fourleaf.investments/,info@fourleaf.investments,
Fox Corp,Fox Corp,foxsports.com,,,https://www.foxsports.com/nfl/scores,,
Foxx Development Holdings Inc.,Foxx Development Holdings Inc,foxxusa.com,https://ir.foxxusa.com/,,https://ir.foxxusa.com/investor-contacts/,,
Franklin BSP Capital Corp,Franklin BSP Capital Corp,franklinresources.com,https://investors.franklinresources.com/news-center/press-releases/press-release-details/2024/Franklin-BSP-Capital-Corp.-Completes-Merger-with-Franklin-BSP-Lending-Corp/default.aspx,,https://investors.franklinresources.com/news-center/press-releases/press-release-details/2024/Franklin-BSP-Capital-Corp.-Completes-Merger-with-Franklin-BSP-Lending-Corp/default.aspx,,
"Franklin BSP Realty Trust, Inc.",Franklin BSP Realty Trust Inc,franklin.edu,https://guides.franklin.edu/c.php?g=423579&p=8462076,library@franklin.edu,https://www.franklin.edu/myfranklin,admissions@franklin.edu,
Franklin Templeton Digital Holdings Trust,Franklin Templeton Digital Holdings Trust,franklintempleton.com,https://www.franklintempleton.com/insights/disruptive-technology/digital-assets,,https://www.franklintempleton.com/about-us/contact-us/office-locations,,
"Free Flow USA, Inc.",Free Flow USA Inc,freeflowplc.com,https://freeflowplc.com/investors/,,https://freeflowplc.com/,,
Freedom Holding Corp.,Freedom Holding Corp,freedomholdingcorp.com,https://ir.freedomholdingcorp.com/,,https://www.freedomholdingcorp.com/contact,,
"Freedom Holdings, Inc.",Freedom Holdings Inc,fredomholdings.com,https://fredomholdings.com/,,https://fredomholdings.com/,,
"FreightCar America, Inc.",Freightcar America Inc,freightcaramerica.com,https://freightcaramerica.com/investors/,,https://freightcaramerica.com/contact/,,
"Fresh Vine Wine, Inc.",Fresh Vine Wine Inc,freshvinewine.com,,,https://www.freshvinewine.com/,9250709ddb2445a9a521e565d80b97c7@o56206.ingest.sentry.io,
Fresh2 Group Ltd,Fresh2 Group Ltd,wps.com,https://ru.wps.com/office-solutions/download-microsoft-office-2024-full-guide/,,https://help.wps.com/faqs/writer,,
"Freshpet, Inc.",Freshpet Inc,freshpet.com,https://investors.freshpet.com/?_gl=1*3fhq92*_gcl_au*MTk0NjA2MjcyNy4xNzQxMzM1MDIw,,https://www.freshpet.com/,,
Freshworks Inc.,Freshworks Inc,freshworks.com,https://ir.freshworks.com/news-releases/news-release-details/freshworks-announce-second-quarter-2025-financial-results-july,,https://www.freshworks.com/,sales@freshworks.com,
"FrontView REIT, Inc.",Frontview REIT Inc,frontviewreit.com,https://investor.frontviewreit.com/overview/default.aspx,investorrelations@frontviewreit.com,https://www.frontviewreit.com/,Info@FrontViewREIT.com,
"Frontdoor, Inc.",Frontdoor Inc,frontdoorhome.com,https://www.frontdoorhome.com/,7b59f7b6abf3449ea4c967fe22f27acb@o525107.ingest.sentry.io,https://www.frontdoorhome.com/,7b59f7b6abf3449ea4c967fe22f27acb@o525107.ingest.sentry.io,
"Frontier Communications Parent, Inc.",Frontier Communications Parent Inc,frontier.com,https://investor.frontier.com/,,https://frontier.com/contact-us,nchrissy.murray@ftr.com,
"Frontier Group Holdings, Inc.",Frontier Group Holdings Inc,flyfrontier.com,https://ir.flyfrontier.com/node/5806,,https://ir.flyfrontier.com/ir-resources/contact-ir/,,
"Fulcrum Therapeutics, Inc.",Fulcrum Therapeutics Inc,,,,,,
"Fulgent Genetics, Inc.",Fulgent Genetics Inc,,,,,,
Fundamental Global Inc.,Fundamental Global Inc,coincentral.com,https://coincentral.com/fundamental-global-inc-fgf-stock-surge-over-5-as-5b-sec-filing-reveals-bold-ethereum-acquisition-plan/,,,,
"Funko, Inc.",Funko Inc,funko.com,https://investor.funko.com/news-and-events/press-releases/Press-Releases/2025/Funko-to-Host-2025-Third-Quarter-Financial-Results-Conference-Call-on-Thursday-November-6-2025/default.aspx,,https://funko.com/Contact-Funko-Customer-Care-Form/,name@email.com,
Fuss Brands Corp.,Fuss Brands Corp,otcmarkets.com,https://www.otcmarkets.com/stock/FBDS/news/Fuss-Brands-Corp-Signs-Licensing-Agreement-with-Anyvention-Ltd-to-Acquire-Intellectual-Property-Rights?id=378978,,https://www.otcmarkets.com/stock/FBDS/overview,,
Future FinTech Group Inc.,Future Fintech Group Inc,cppreference.com,https://cppreference.com/w/cpp/language/operator_precedence.html,,https://en.cppreference.com/w/cpp/thread/future.html,,
Future Vision II Acquisition Corp.,Future Vision II Acquisition Corp,cppreference.com,https://en.cppreference.com/w/cpp/thread/future.html,,https://en.cppreference.com/w/cpp/thread/future.html,,
FutureFuel Corp.,Futurefuel Corp,futurefuelcorporation.com,https://futurefuelcorporation.com/,,https://futurefuelcorporation.com/,,
FutureTech II Acquisition Corp.,Futuretech II Acquisition Corp,futuretech360.com,https://futuretech360.com/home.aspx,,https://futuretech360.com/home.aspx,,
GABELLI MULTIMEDIA TRUST INC.,Gabelli Multimedia Trust Inc,gabelli.com,https://www.gabelli.com/funds/open-ends/,,https://gabelli.com/contact/,sicavinfo@gabelli.com,
"GAIA, INC",GAIA Inc,gaiaonline.com,https://www.gaiaonline.com/,,https://www.gaiaonline.com/cardterms,support@gaiaonline.com,
"GALAXY NEXT GENERATION, INC.",Galaxy NEXT Generation Inc,samsung.com,https://www.samsung.com/us/smartphones/,,https://www.samsung.com/us/smartphones/,,
GALECTIN THERAPEUTICS INC,Galectin Therapeutics Inc,galectintherapeutics.com,https://investor.galectintherapeutics.com/corporate-profile,,https://galectintherapeutics.com/,,
GAP INC,GAP Inc,gapinc.com,https://investors.gapinc.com/,,https://www.gapinc.com/en-us/contact-us,Athleta_press@gap.com,
GARMIN LTD,Garmin Ltd,garmin.com,https://www.garmin.com/en-US/newsroom/press-release/corporate/2013-garmin-reports-first-quarter-2013-results/,,https://support.garmin.com/en-US/,stories@garmin.com,
GATX CORP,GATX Corp,,,,,,
GAXOS.AI INC.,gaxos.ai Inc,gaxos.ai,https://ir.gaxos.ai/,,https://ir.gaxos.ai/ir-contact/,,
GB SCIENCES INC,GB Sciences Inc,gbsciences.com,https://www.gbsciences.com/investors/,zach@gbsciences.com,https://www.gbsciences.com/contact/,info@gbsciences.com,
GBT Technologies Inc.,GBT Technologies Inc,,,,,,
GCM Grosvenor Inc.,GCM Grosvenor Inc,gcmgrosvenor.com,https://www.gcmgrosvenor.com/,,https://www.gcmgrosvenor.com/,,
"GCT Semiconductor Holding, Inc.",GCT Semiconductor Holding Inc,gctsemi.com,https://investors.gctsemi.com/,,https://www.gctsemi.com/contact-2-1,user@domain.com,
GD Culture Group Ltd,GD Culture Group Ltd,,,,,,
GE HealthCare Technologies Inc.,GE Healthcare Technologies Inc,gehealthcare.com,https://investor.gehealthcare.com/news-releases/news-release-details/ge-healthcare-announces-cash-dividend-third-quarter-2025,,https://www.gehealthcare.com/,paymentsupport@gehealthcare.com,
GE Vernova Inc.,GE Vernova Inc,gevernova.com,https://www.gevernova.com/investors,,https://www.gevernova.com/,,
GEE Group Inc.,GEE Group Inc,geegroup.com,https://ir.geegroup.com/,header-logo@2x.png,https://www.geegroup.com/contact,header-logo@2x.png,
"GEN Restaurant Group, Inc.",GEN Restaurant Group Inc,genkoreanbbq.com,https://investor.genkoreanbbq.com/news-events/press-releases,,https://investor.genkoreanbbq.com/ir-resources/contact-ir,,
GENCO SHIPPING & TRADING LTD,Genco Shipping & Trading Ltd,gencoshipping.com,https://investors.gencoshipping.com/,,https://investors.gencoshipping.com/,,
GENCOR INDUSTRIES INC,Gencor Industries Inc,gencor.com,https://www.gencor.com/investors/,,https://www.gencor.com/contact/,,
GENELUX Corp,Genelux Corp,seekingalpha.com,https://seekingalpha.com/article/4843206-genelux-stock-oncolytic-virus-player-near-phase-3-finish-line-shaky-ground,,https://seekingalpha.com/article/4843206-genelux-stock-oncolytic-virus-player-near-phase-3-finish-line-shaky-ground,,
GENERAL ELECTRIC CO,General Electric Co,merriam-webster.com,https://www.merriam-webster.com/,quordle%20game%20word%20lover%20plays%20daily-10992-4f3265db9c6705a164af9079ff213c5c@2x.jpg,https://www.merriam-webster.com/dictionary/general,a%20pencil%20broken%20in%20half%20on%20top%20of%20a%20test%20answer%20sheet-9746-91b598ef45b1c6d80850914717a80db8@1x.jpg,
GENERAL MILLS INC,General Mills Inc,generalmills.com,https://investors.generalmills.com/,,https://www.generalmills.com/,,
"GENERATION INCOME PROPERTIES, INC.",Generation Income Properties Inc,,,,,,
GENESCO INC,Genesco Inc,,,,,,
GENESIS ENERGY LP,Genesis Energy LP,genesisenergy.com,https://www.genesisenergy.com/about-us/board-directors,,https://www.genesisenergy.com/,,
GENTEX CORP,Gentex Corp,gentexcorp.com,https://www.gentexcorp.com/,NAVcapabilitieshelmets-200x200@2x.png,https://www.gentexcorp.com/,NAVcapabilitieshelmets-200x200@2x.png,
GENTHERM Inc,Gentherm Inc,gentherm.com,https://gentherm.com/en/,info@gentherm.com,https://gentherm.com/en/,info@gentherm.com,
GENUINE PARTS CO,Genuine Parts Co,,,,,,
GENWORTH FINANCIAL INC,Genworth Financial Inc,genworth.com,https://www.genworth.com/,webassist.genworth@genworth.com,https://www.genworth.com/,webassist.genworth@genworth.com,
GEO GROUP INC,GEO Group Inc,geogroup.com,https://investors.geogroup.com/?mobile=1&mobile=1,,https://www.geogroup.com/,,
GEORGIA POWER CO,Georgia Power Co,georgia.gov,https://georgia.gov/organization/georgia-secretary-state,soscontact@sos.ga.gov,https://georgia.gov/organization/georgia-secretary-state,soscontact@sos.ga.gov,
GEOSPACE TECHNOLOGIES CORP,Geospace Technologies Corp,geospace.com,https://www.geospace.com/company/investor-relations/,,https://www.geospace.com/contact/,,
"GERMAN AMERICAN BANCORP, INC.",German American Bancorp Inc,germanamerican.com,https://ir.germanamerican.com/,,https://germanamerican.com/about-us/contact-us,html-area@Model.Layout.GetLayoutClasses,
"GEX MANAGEMENT, INC.",GEX Management Inc,gexmanagement.com,https://www.gexmanagement.com/,user@domain.com,https://www.gexmanagement.com/,info@gexmanagement.com,
GHST World Inc.,GHST World Inc,ghostlyworld.org,https://www.ghostlyworld.org/places/battelle-alabama/,makutateridax28@gmail.com,https://www.ghostlyworld.org/contact-us/,,
"GIBRALTAR INDUSTRIES, INC.",Gibraltar Industries Inc,gibraltarindustriesinc.com,https://gibraltarindustriesinc.com/,,https://gibraltarindustriesinc.com/contact_us,,
"GIFTIFY, INC.",Giftify Inc,giftifyinc.com,https://giftifyinc.com/,investors@giftifyinc.com,https://giftifyinc.com/,investors@giftifyinc.com,
"GILEAD SCIENCES, INC.",Gilead Sciences Inc,gilead.com,https://www.gilead.com/,,https://www.gilead.com/,,
"GLACIER BANCORP, INC.",Glacier Bancorp Inc,,,,,,
GLADSTONE COMMERCIAL CORP,Gladstone Commercial Corp,gladstonecommercial.com,https://www.gladstonecommercial.com/investors?author=1,commercial@gladstonecompanies.com,https://www.gladstonecommercial.com/contact-us,howdy@contactme.com,
GLADSTONE INVESTMENT CORPORATION\DE,Gladstone Investment Corporation DE,gladstoneinvestment.com,https://www.gladstoneinvestment.com/investors,investment@gladstonecompanies.com,https://www.gladstoneinvestment.com/contact,howdy@contactme.com,
GLADSTONE LAND Corp,Gladstone LAND Corp,gladstonefarms.com,https://www.gladstonefarms.com/investors,brett.s@gladstoneland.com,https://www.gladstonefarms.com/contact-us,brett.s@gladstoneland.com,
GLEN BURNIE BANCORP,GLEN Burnie Bancorp,idahostork.com,https://www.idahostork.com/,,https://www.idahostork.com/,,
GLOBAL ACQUISITIONS Corp,Global Acquisitions Corp,globalindustrial.com,https://www.globalindustrial.com/,u003etaxexemption@globalindustrial.com,https://investors.globalindustrial.com/,,
GLOBAL DIGITAL SOLUTIONS INC,Global Digital Solutions Inc,om-digitalsolutions.com,https://om-digitalsolutions.com/en/company/business/,,https://om-digitalsolutions.com/en/common/support-launchinfo_en.html,,
GLOBAL INDUSTRIAL Co,Global Industrial Co,globalindustrial.com,https://investors.globalindustrial.com/overview/,gic@theplunkettgroup.com,https://www.globalindustrial.com/?infoParam.campaignId=S9L&cea=62cfab167e8e6e02114c74cf997c009f,u003etaxexemption@globalindustrial.com,
GLOBAL PARTNERS LP,Global Partners LP,globalization-partners.com,https://www.globalization-partners.com/news/globalization-partners-appoints-simone-nardi-as-chief-financial-officer/,info@g-p.com,https://www.globalization-partners.com/,info@g-p.com,
GLOBAL PAYMENTS INC,Global Payments Inc,globalbusinesspays.com,https://globalbusinesspays.com/about-us.html,,https://globalbusinesspays.com/about-us.html,,
"GLOBAL TECH INDUSTRIES GROUP, INC.",Global TECH Industries Group Inc,globalindustrial.com,https://www.globalindustrial.com/?infoParam.campaignId=S9L&cea=62cfab167e8e6e02114c74cf997c009f,u003etaxexemption@globalindustrial.com,https://www.globalindustrial.com/,u003etaxexemption@globalindustrial.com,
GLOBAL TECHNOLOGIES LTD,Global Technologies Ltd,globalindustrial.com,https://www.globalindustrial.com/?infoParam.campaignId=S9L&cea=62cfab167e8e6e02114c74cf997c009f,u003etaxexemption@globalindustrial.com,https://www.globalindustrial.com/,u003etaxexemption@globalindustrial.com,
GLOBALINK INVESTMENT INC.,Globalink Investment Inc,,,,,,
GLOBE LIFE INC.,Globe LIFE Inc,globelifeinsurance.com,https://investors.globelifeinsurance.com/contact-us,jhaworth@globe.life,https://home.globelifeinsurance.com/faq/how-does-globe-life-determine-how-much-a-policy-co,,
GLOBUS MEDICAL INC,Globus Medical Inc,globusmedical.com,https://www.investors.globusmedical.com/financial-information/fundamentals/ratios,,https://www.globusmedical.com/about/contact/,,
GMS Inc.,GMS Inc,coincentral.com,https://coincentral.com/gms-inc-gms-stock-jumps-after-strong-q4-and-unsolicited-acquisition-offer/,,https://coincentral.com/gms-inc-gms-stock-jumps-after-strong-q4-and-unsolicited-acquisition-offer/,,
GMTech Inc.,Gmtech Inc,gmtech.com,https://gmtech.com/service-fees,user@domain.com,https://gmtech.com/support,user@domain.com,
GOLD RESOURCE CORP,GOLD Resource Corp,goldseiten.de,https://www.goldseiten.de/artikel/524541--Gold-Resource-Corporation-Produces-37512-Gold-Equivalent-Ounces-in-2021-and-Ends-Year-With-Strong-Cash-Position-of-34.0-Million.html,Ann.Wilkinson@GRC-USA.com,https://www.goldseiten.de/artikel/666804--Gold-Resource-Corporation-Reports-Financial-Results-for-the-Second-Quarter-of-2025.html,Chet.Holyoak@grc-usa.com,
"GOLD ROCK HOLDINGS, INC.",GOLD ROCK Holdings Inc,goldrockholdings.com,https://goldrockholdings.com/,,https://goldrockholdings.com/,,
"GOLDENWELL BIOTECH, INC.",Goldenwell Biotech Inc,goldenwellbiotech.com,http://www.goldenwellbiotech.com/gongsixinxi.html,,http://www.goldenwellbiotech.com/gongsixinxi.html,,
GOLDMAN SACHS GROUP INC,Goldman Sachs Group Inc,goldmansachs.com,https://www.goldmansachs.com/investor-relations,gs-investor-relations@gs.com,https://www.goldmansachs.com/,,
"GOLUB CAPITAL BDC, Inc.",Golub Capital BDC Inc,golubcapitalbdc.com,,,https://golubcapitalbdc.com/contact-us/,,
"GOOD GAMING, INC.",GOOD Gaming Inc,vertigogaming.net,https://www.vertigogaming.net/main/,,https://www.vertigogaming.net/main/,,
GOODYEAR TIRE & RUBBER CO /OH/,Goodyear TIRE & Rubber Co,goodyear.com,https://corporate.goodyear.com/us/en/investors.html,,,,
GORMAN RUPP CO,Gorman RUPP Co,gormanrupp.com,https://www.gormanrupp.com/en/companies,,https://www.gormanrupp.com/en/companies,,
GP-Act III Acquisition Corp.,GP-Act III Acquisition Corp,gp-act3.com,https://www.gp-act3.com/,605a7baede844d278b89dc95ae0a9123@sentry-next.wixpress.com,https://www.gp-act3.com/,605a7baede844d278b89dc95ae0a9123@sentry-next.wixpress.com,
"GPO Plus, Inc.",GPO Plus Inc,gpoplus.com,https://gpoplus.com/overview/,info@GPOPlus.com,https://gpoplus.com/contact/,info@GPOPlus.com,
GRACO INC,Graco Inc,graco.com,https://www.graco.com/au/en/investor-relations.html,,https://help.graco.com/,,
GRAFTECH INTERNATIONAL LTD,Graftech International Ltd,,,,,,
GRAHAM CORP,Graham Corp,grahamcorp.com,https://ir.grahamcorp.com/,Graham@icrinc.com,https://grahamcorp.com/,,
"GRAIL, Inc.",Grail Inc,grail.com,https://grail.com/,,https://grail.com/,,
GRAN TIERRA ENERGY INC.,GRAN Tierra Energy Inc,grantierra.com,https://www.grantierra.com/investor-relations/why-invest/,,https://www.grantierra.com/contact-us/,,
GRANITE CONSTRUCTION INC,Granite Construction Inc,graniteconstruction.com,,,https://www.graniteconstruction.com/company/contact-us,,
GRAPHIC PACKAGING HOLDING CO,Graphic Packaging Holding Co,,,,,,
GRAPHJET TECHNOLOGY,Graphjet Technology,graphjettech.com,https://investors.graphjettech.com/,,https://graphjettech.com/,sales@graphjettech.com,
GRAY TELEVISION INC,GRAY Television Inc,graymedia.com,https://graymedia.com/investor-relations/,,https://graymedia.com/investor-relations/,,
GREEN DOT CORP,Green DOT Corp,greendot.com,https://ir.greendot.com/index.php/investor-overview/,,https://secure.greendot.com/racing/account/contact-us,,
GREENBRIER COMPANIES INC,Greenbrier Companies Inc,genealogy.com,https://www.genealogy.com/articles/research/00000657.html,,https://www.genealogy.com/forum/surnames/topics/tackett/1464/,,
"GREENLIGHT CAPITAL RE, LTD.",Greenlight Capital RE Ltd,greenlightre.com,,,https://greenlightre.com/contact,greenlightre@greenlightre.ky,
GREENWAY TECHNOLOGIES INC,Greenway Technologies Inc,greenway-technologies.com,https://greenway-technologies.com/,,https://greenway-technologies.com/,,
"GREIF, INC",Greif Inc,greif.com,https://investor.greif.com/contact-ir,,https://www.greif.com/,pin-recycling-reconditioning@2x.svg,
"GRESHAM WORLDWIDE, INC.",Gresham Worldwide Inc,greshamworldwide.com,https://greshamworldwide.com/,info@greshamworldwide.com,https://greshamworldwide.com/contact/,info@greshamworldwide.com,
"GREYSTONE LOGISTICS, INC.",Greystone Logistics Inc,greystonelogistics.com,https://www.greystonelogistics.com/investor-relations.php,,https://www.greystonelogistics.com/contact.php,,
"GRI Bio, Inc.",GRI Bio Inc,gribio.com,https://gribio.com/investors/,,https://gribio.com/contact-us/,gribio@jtcir.com,
"GRID DYNAMICS HOLDINGS, INC.",GRID Dynamics Holdings Inc,griddynamics.com,https://www.griddynamics.com/investors/financial-reports,investorrelations@griddynamics.com,https://www.griddynamics.com/,abuse@griddynamics.com,
GRIFFON CORP,Griffon Corp,gogriffons.com,https://gogriffons.com/sports/2011/11/1/facgisc.aspx?path=general,,https://gogriffons.com/sports/2011/11/1/facgisc.aspx?path=general,,
GROOVE BOTANICALS INC.,Groove Botanicals Inc,groovelife.com,https://www.groovelife.com/,CX@groovelife.com,https://www.groovelife.com/,CX@groovelife.com,
GROUP 1 AUTOMOTIVE INC,Group 1 Automotive Inc,,,,,,
"GROWLIFE, INC.",Growlife Inc,growlifeinc.com,https://growlifeinc.com/investors/,investors@growlifeinc.com,https://growlifeinc.com/,,
GSR III Acquisition Corp.,GSR III Acquisition Corp,,,,,,
"GT Biopharma, Inc.",GT Biopharma Inc,gtbiopharma.com,https://ir.gtbiopharma.com/,,https://www.gtbiopharma.com/contact,,
GUARANTY BANCSHARES INC /TX/,Guaranty Bancshares Inc,seekingalpha.com,https://seekingalpha.com/article/4828810-first-guaranty-bancshares-loan-performance-still-lacking-avoiding-common-and-preferred-shares,,https://seekingalpha.com/article/4776627-guaranty-bancshares-inc-gnty-q1-2025-earnings-call-transcript,,
GUESS INC,Guess Inc,,,,,,
GUIDED THERAPEUTICS INC,Guided Therapeutics Inc,,,,,,
GULF ISLAND FABRICATION INC,GULF Island Fabrication Inc,gulfisland.com,https://ir.gulfisland.com/,,https://www.gulfisland.com/contact/,,
"GULF RESOURCES, INC.",GULF Resources Inc,gulfresourcesinc.com,http://www.gulfresourcesinc.com/,,http://www.gulfresourcesinc.com/,,
GULFPORT ENERGY CORP,Gulfport Energy Corp,gulfportenergy.com,https://www.gulfportenergy.com/investors,investor_relations@gulfportenergy.com,https://www.gulfportenergy.com/about/contact,investor_relations@gulfportenergy.com,
"GXO Logistics, Inc.",GXO Logistics Inc,gxo.com,https://gxo.com/nl/news_article/gxo-reports-third-quarter-2025-results/,,https://gxo.com/careers/,GXO-Logistics-South-Yorkshire-Be-Well-@-Work-Gold-Award.png,
"GYRE THERAPEUTICS, INC.",GYRE Therapeutics Inc,,,,,,
"Gain Therapeutics, Inc.",Gain Therapeutics Inc,gaintherapeutics.com,https://gaintherapeutics.com/investors-media/investor-resources/,ir@gaintherapeutics.com,https://gaintherapeutics.com/contact-us/,rahmed@gaintherapeutics.com,
Galaxy Enterprises Inc. /WY/,Galaxy Enterprises Inc,newgalaxyenterprises.com,https://newgalaxyenterprises.com/,newgalaxybiz@yahoo.com,https://newgalaxyenterprises.com/,newgalaxybiz@yahoo.com,
"Galaxy Gaming, Inc.",Galaxy Gaming Inc,galaxygaming.com,https://ir.galaxygaming.com/,investors@galaxygaming.com,,,
"Galecto, Inc.",Galecto Inc,galecto.com,https://ir.galecto.com/news-and-events/news-releases/,,https://galecto.com/contact/,,
"Galera Therapeutics, Inc.",Galera Therapeutics Inc,,,,,,
"GameSquare Holdings, Inc.",Gamesquare Holdings Inc,gamesquare.com,https://investors.gamesquare.com/,,https://www.gamesquare.com/,605a7baede844d278b89dc95ae0a9123@sentry-next.wixpress.com,
GameStop Corp.,Gamestop Corp,,,,,,
Gamer Pakistan Inc,Gamer Pakistan Inc,k2gamerpakistan.com,https://k2gamerpakistan.com/,,https://k2gamerpakistan.com/,,
"Gaming & Leisure Properties, Inc.",Gaming & Leisure Properties Inc,glpropinc.com,https://investors.glpropinc.com/investor-relations,,https://www.glpropinc.com/,accessibility@glpropinc.com,
Garrett Motion Inc.,Garrett Motion Inc,garrettmotion.com,https://investors.garrettmotion.com/?rel=couponcodereviewdotcom,,https://www.garrettmotion.com/contact/,select@2x.png,
Gates Industrial Corp plc,Gates Industrial Corp PLC,stockanalysis.com,https://stockanalysis.com/stocks/gtes/,,https://stockanalysis.com/stocks/gtes/,,
"Gatos Silver, Inc.",Gatos Silver Inc,gatossilverinc.com,https://gatossilverinc.com/,,https://gatossilverinc.com/,,
"GenFlat Holdings, Inc.",Genflat Holdings Inc,genflat.com,https://www.genflat.com/,info@genflat.com,https://www.genflat.com/,info@genflat.com,
GeneDx Holdings Corp.,Genedx Holdings Corp,nasdaq.com,https://www.nasdaq.com/articles/bosun-sells-all-70k-genedx-holdings-corp-shares-should-investors-follow-suit-0,,https://www.nasdaq.com/articles/bosun-sells-all-70k-genedx-holdings-corp-shares-should-investors-follow-suit,,
"General Enterprise Ventures, Inc.",General Enterprise Ventures Inc,generalenterpriseventures.com,https://generalenterpriseventures.com/,,https://generalenterpriseventures.com/,,
General Motors Co,General Motors Co,thegeneral.com,https://www.thegeneral.com/,,https://www.thegeneral.com/,,
Generation Bio Co.,Generation Bio Co,generationbio.com,https://investors.generationbio.com/,,https://generationbio.com/contact/,info@generationbio.com,
"Generations Bancorp NY, Inc.",Generations Bancorp NY Inc,generationsbancorpny.com,https://www.generationsbancorpny.com/,,https://www.generationsbancorpny.com/contact-us/,investorrelations@mygenbank.com,
Genie Energy Ltd.,Genie Energy Ltd,geniesolarenergy.com,https://geniesolarenergy.com/about-us/,,https://geniesolarenergy.com/,,
Genpact LTD,Genpact Ltd,genpact.com,https://www.genpact.com/contact-us/investor-relations,DPO.Genpact@Genpact.com,https://www.genpact.com/,,
"GeoSolar Technologies, Inc.",Geosolar Technologies Inc,geosolarplus.com,https://www.geosolarplus.com/our-company,,https://www.geosolarplus.com/our-company,,
"Getaround, Inc",Getaround Inc,getaround.com,https://at.getaround.com/careers/d3abb9ce-1d8c-480f-9228-474cdbbbbd23,af4546ab003a40288665ac7ae5c2d027@sentry.io,https://getaround.com/help,af4546ab003a40288665ac7ae5c2d027@sentry.io,
"Getty Images Holdings, Inc.",Getty Images Holdings Inc,gettyimages.com,https://investors.gettyimages.com/news-releases/news-release-details/getty-images-reports-third-quarter-2025-results,,https://investors.gettyimages.com/news-releases/news-release-details/getty-images-reports-second-quarter-2025-results,,
"Gevo, Inc.",Gevo Inc,gevo.com,https://investors.gevo.com/?ref=forwhatitsworth.co,,https://gevo.com/,,
GigCapital7 Corp.,Gigcapital7 Corp,,,,,,
GigaCloud Technology Inc,Gigacloud Technology Inc,,,,,,
"Ginkgo Bioworks Holdings, Inc.",Ginkgo Bioworks Holdings Inc,growbyginkgo.com,https://www.growbyginkgo.com/,,https://www.growbyginkgo.com/contact/,shop@growbyginkgo.com,
Gitlab Inc.,Gitlab Inc,gitlab.com,https://about.gitlab.com/,,https://about.gitlab.com/,,
"GlassBridge Enterprises, Inc.",Glassbridge Enterprises Inc,glassbridge.com,https://glassbridge.com/invest-with-us,user@domain.com,https://glassbridge.com/,user@domain.com,
"Glimpse Group, Inc.",Glimpse Group Inc,theglimpsegroup.com,https://www.theglimpsegroup.com/,info@glimpsegroup.io,https://www.theglimpsegroup.com/,info@glimpsegroup.io,
Global Blockchain Acquisition Corp.,Global Blockchain Acquisition Corp,otcmarkets.com,https://www.otcmarkets.com/stock/GBBK/financials,,https://www.otcmarkets.com/stock/GBBKR/profile,,
"Global Business Travel Group, Inc.",Global Business Travel Group Inc,,,,,,
"Global Clean Energy Holdings, Inc.",Global Clean Energy Holdings Inc,myevent.com,https://myevent.com/,,https://grbclassof81.myevent.com/page.php?componentID=display_content&cont=account-expired,,
Global Crossing Airlines Group Inc.,Global Crossing Airlines Group Inc,globalairlinesgroup.com,https://investors.globalairlinesgroup.com/,ryan.goepel@globalxair.com,https://investors.globalairlinesgroup.com/,ryan.goepel@globalxair.com,
Global Gas Corp,Global Gas Corp,esabcorporation.com,https://esabcorporation.com/,,https://esabcorporation.com/,,
"Global Indemnity Group, LLC",Global Indemnity Group LLC,globaldata.com,,,https://www.globaldata.com/company-profile/global-indemnity-group-llc/,,
Global Lights Acquisition Corp,Global Lights Acquisition Corp,,,,,,
Global Medical REIT Inc.,Global Medical REIT Inc,,,,,,
"Global Net Lease, Inc.",Global Net Lease Inc,globalnetlease.com,https://investors.globalnetlease.com/,,https://corporate.globalnetlease.com/contact/default.aspx,,
"Global Self Storage, Inc.",Global Self Storage Inc,globalselfstorage.us,https://ir.globalselfstorage.us/,Info@globalselfstorage.us,,,
Global Star Acquisition Inc.,Global Star Acquisition Inc,otcmarkets.com,https://www.otcmarkets.com/stock/GLSTR/overview,,https://www.otcmarkets.com/stock/GLSTR/profile,,
"Global Water Resources, Inc.",Global Water Resources Inc,,,,,,
"Globalstar, Inc.",Globalstar Inc,globalstar.com,https://investors.globalstar.com/node/5806,,https://www.globalstar.com/,,
GlobeStar Therapeutics Corp,Globestar Therapeutics Corp,,,,,,
"Glucotrack, Inc.",Glucotrack Inc,glucotrack.com,https://glucotrack.com/investor-relations/,yatin@pixel21.com,https://glucotrack.com/contact-us/,info@glucotrack.com,
"GoHealth, Inc.",Gohealth Inc,gohealth.com,https://www.gohealth.com/,logo-ghblue@2x-300x59.webp,https://www.gohealth.com/,logo-ghblue@2x-300x59.webp,
"GoPro, Inc.",Gopro Inc,,,,,,
Goal Acquisitions Corp.,Goal Acquisitions Corp,,,,,,
Gogo Inc.,Gogo Inc,gogoair.com,https://ir.gogoair.com/financial-information/quarterly-results,,https://www.gogoair.com/about/contact-us,batechsupport@gogoair.com,
Gold Flora Corp.,Gold Flora Corp,goldflora.com,https://www.goldflora.com/investors,user@domain.com,https://www.goldflora.com/contact-us,user@domain.com,
Golden Growers Cooperative,Golden Growers Cooperative,goldengrowers.com,https://goldengrowers.com/,info@fncagstock.com,https://goldengrowers.com/contact-us/,scotts@goldengrowers.com,
"Golden Matrix Group, Inc.",Golden Matrix Group Inc,,,,,,
Golden Minerals Co,Golden Minerals Co,goldenminerals.com,https://www.goldenminerals.com/,investor.relations@goldenminerals.com,https://www.goldenminerals.com/contact/contact_details/,investor.relations@goldenminerals.com,
Golden Star Acquisition Corp,Golden Star Acquisition Corp,,,,,,
Goldenstone Acquisition Ltd.,Goldenstone Acquisition Ltd,,,,,,
"Goldman Sachs BDC, Inc.",Goldman Sachs BDC Inc,goldmansachsbdc.com,,,https://www.goldmansachsbdc.com/,AIMSAtlas@gs.com,
Goldman Sachs Physical Gold ETF,Goldman Sachs Physical Gold ETF,goldman.com,https://gspf.goldman.com/gspf/GSPhilanthropy/tabid/116/Default.aspx?returnurl=/gspf/,,https://www.goldman.com/web/your-wealth/overview,,
Good Times Restaurants Inc.,Good Times Restaurants Inc,goodtimesburgers.com,https://investors.goodtimesburgers.com/,,https://investors.goodtimesburgers.com/,,
"GoodRx Holdings, Inc.",Goodrx Holdings Inc,,,,,,
"Gouverneur Bancorp, Inc./MD/",Gouverneur Bancorp Inc,gouverneurbank.com,https://www.gouverneurbank.com/,,https://www.gouverneurbank.com/,,
"Grace Therapeutics, Inc.",Grace Therapeutics Inc,gracelakeland.com,https://gracelakeland.com/,church@gracelakeland.com,https://gracelakeland.com/,church@gracelakeland.com,
Graf Global Corp.,Graf Global Corp,grafs.com,https://www.grafs.com/,,https://www.grafs.com/,,
Granite Point Mortgage Trust Inc.,Granite Point Mortgage Trust Inc,city-granite.net,https://www.city-granite.net/,,https://www.city-granite.net/,,
"Granite Ridge Resources, Inc.",Granite Ridge Resources Inc,graniteridge.com,https://ir.graniteridge.com/Investors/overview/,,https://www.graniteridge.com/contact/,info@graniteridge.com,
Graphene & Solar Technologies Ltd,Graphene & Solar Technologies Ltd,,,,,,
Grayscale Bitcoin Trust ETF,Grayscale Bitcoin Trust ETF,grayscale.com,https://www.grayscale.com/,,https://etfs.grayscale.com/gbtc,info@grayscale.com,
Grayscale Ethereum Trust ETF,Grayscale Ethereum Trust ETF,grayscale.com,https://www.grayscale.com/,,https://www.grayscale.com/,,
Great Elm Capital Corp.,Great Elm Capital Corp,,,,,,
Green Giant Inc.,Green Giant Inc,greengiantfresh.com,,,https://greengiantfresh.com/,,
Green Plains Inc.,Green Plains Inc,gpreinc.com,https://investor.gpreinc.com/,,https://gpreinc.com/,,
Green Thumb Industries Inc.,Green Thumb Industries Inc,,,,,,
Greenbrook TMS Inc.,Greenbrook TMS Inc,greenbrooktms.com,https://www.greenbrooktms.com/locations,info@greenbrooktms.com,https://www.greenbrooktms.com/,info@greenbrooktms.com,
Greenidge Generation Holdings Inc.,Greenidge Generation Holdings Inc,greenidge.com,https://ir.greenidge.com/?order=field_nir_sec_form&sort=asc,,https://greenidge.com/contact/,media@greenidge.com,
Greenland Technologies Holding Corp.,Greenland Technologies Holding Corp,visitgreenland.com,https://traveltrade.visitgreenland.com/latest-news/new-flight-schedule-will-make-greenland-more-flexible/,,https://visitgreenland.com/,info@visitgreenland.com,
"Greenlane Holdings, Inc.",Greenlane Holdings Inc,greenlane.com,https://wholesale.greenlane.com/investors-resources/,,https://wholesale.greenlane.com/pages/contact,wholesale@greenlane.com,
Greenpro Capital Corp.,Greenpro Capital Corp,greenprocapital.com,https://greenprocapital.com/greenpro-investor-relations/,info@greenprocapital.com,https://greenprocapital.com/,info@greenprocapital.com,
"Greenwave Technology Solutions, Inc.",Greenwave Technology Solutions Inc,greenwave.org,https://www.greenwave.org/story,user@domain.com,https://www.greenwave.org/contact,user@domain.com,
"Greenwich LifeSciences, Inc.",Greenwich Lifesciences Inc,,,,,,
Greystone Housing Impact Investors LP,Greystone Housing Impact Investors LP,ghiinvestors.com,https://www.ghiinvestors.com/,HelpAST@equiniti.com,https://www.ghiinvestors.com/,HelpAST@equiniti.com,
Grocery Outlet Holding Corp.,Grocery Outlet Holding Corp,groceryoutlet.com,https://investors.groceryoutlet.com/news-releases/news-release-details/grocery-outlet-holding-corp-announces-second-quarter-fiscal-6/,,https://www.groceryoutlet.com/,,
"Groupon, Inc.",Groupon Inc,groupon.com,https://investor.groupon.com/home/default.aspx,,https://www.groupon.com/faq?uu=948c3f28-24bf-11e2-8854-00259069d5fe,support@canvaspeople.com,
"Grove Collaborative Holdings, Inc.",Grove Collaborative Holdings Inc,grove.co,https://investors.grove.co/,ir@grove.co,https://www.grove.co/,b489142c589e76556e3dd9b6410938fa@o44115.ingest.us.sentry.io,
GrowGeneration Corp.,Growgeneration Corp,growgeneration.com,https://ir.growgeneration.com/,GrowGen@kcsa.com,https://www.growgeneration.com/contact/,support@growgeneration.com,
"Gryphon Digital Mining, Inc.",Gryphon Digital Mining Inc,,,,,,
"Guardant Health, Inc.",Guardant Health Inc,guardanthealth.com,https://investors.guardanthealth.com/home/default.aspx,,https://guardanthealth.com/contact/,,
"Guardian Pharmacy Services, Inc.",Guardian Pharmacy Services Inc,guardianpharmacy.com,https://investors.guardianpharmacy.com/overview/default.aspx,IR@guardianpharmacy.net,https://guardianpharmacy.com/contact/,,
Guggenheim Taxable Municipal Bond & Investment Grade Debt Trust,Guggenheim Taxable Municipal Bond & Investment Grade Debt Trust,guggenheiminvestments.com,https://www.guggenheiminvestments.com/cef/fund/gbab,,https://www.guggenheiminvestments.com/cef/fund/gbab,,
"Guidewire Software, Inc.",Guidewire Software Inc,guidewire.com,https://ir.guidewire.com/events-and-presentations/upcoming-events,,https://www.guidewire.com/,security@guidewire.com,
Guild Holdings Co,Guild Holdings Co,guild.com,https://guild.com/,,https://guild.com/contact-us,,
Guru App Factory Corp,Guru App Factory Corp,cargurus.com,https://www.cargurus.com/Cars/Discussion-t45099_ds716079,57a3fcecd3a2c85d420990701fa3b277@o47004.ingest.us.sentry.io,https://careers.cargurus.com/us/en/life,,
"Gyrodyne, LLC",Gyrodyne LLC,gyrodyne.com,http://www.gyrodyne.com/investor.php,Nic@TimelapseProductions.com,https://gyrodyne.com/contact.php,ppitsiokos@gyrodyne.com,
"H&E Equipment Services, Inc.",H&E Equipment Services Inc,he-equipment.com,https://he-equipment.com/locations?searchType=state&state=CO,,https://advantage.he-equipment.com/service/service-capabilities,,
H&R BLOCK INC,H&R Block Inc,,,,,,
"HA Sustainable Infrastructure Capital, Inc.",HA Sustainable Infrastructure Capital Inc,hasi.com,https://investors.hasi.com/,investors@hasi.com,https://investors.hasi.com/contact,info@hasi.com,
"HACKETT GROUP, INC.",Hackett Group Inc,thehackettgroup.com,https://www.thehackettgroup.com/hackett-finance-leaders-see-cost-containment-and-cash-flow-optimization-as-top-priorities-for-2024/,info@thehackettgroup.com,https://www.thehackettgroup.com/contact/,info@thehackettgroup.com,
HAEMONETICS CORP,Haemonetics Corp,haemonetics.com,https://www.haemonetics.com/,,https://www.haemonetics.com/contact-support,APTechnicalSupport@Haemonetics.com,
HAIN CELESTIAL GROUP INC,HAIN Celestial Group Inc,hain.com,https://ir.hain.com/,,https://www.hain.com/,,
HALLIBURTON CO,Halliburton Co,halliburton.com,https://ir.halliburton.com/shareholder-services/contact-ir,,https://www.halliburton.com/en/contact-us,,
"HALLMARK VENTURE GROUP, INC.",Hallmark Venture Group Inc,otcmarkets.com,https://www.otcmarkets.com/stock/HLLK/news?id=466502,,https://www.otcmarkets.com/stock/HLLK/profile,,
HANCOCK WHITNEY CORP,Hancock Whitney Corp,hancockwhitney.com,https://www.hancockwhitney.com/,,https://www.hancockwhitney.com/contact-us,,
HANMI FINANCIAL CORP,Hanmi Financial Corp,hanmi.com,https://investors.hanmi.com/,help@equiniti.com,https://www.hanmi.com/contact-us/,,
"HANOVER INSURANCE GROUP, INC.",Hanover Insurance Group Inc,hanover.com,https://www.hanover.com/,,https://www.hanover.com/,,
"HARLEY-DAVIDSON, INC.",Harley-Davidson Inc,harley-davidson.com,https://investor.harley-davidson.com/overview/default.aspx,,https://www.harley-davidson.com/us/en/customer-service/contact-us.html,,
HARMONIC INC,Harmonic Inc,harmonicinc.com,https://investor.harmonicinc.com/index.php/,,https://www.harmonicinc.com/technical-support/,,
"HARROW, INC.",Harrow Inc,,,,,,
HARTE HANKS INC,Harte Hanks Inc,,,,,,
"HARTFORD FINANCIAL SERVICES GROUP, INC.",Hartford Financial Services Group Inc,thehartford.com,https://www.thehartford.com/,,https://www.thehartford.com/,,
HARVARD BIOSCIENCE INC,Harvard Bioscience Inc,harvardbioscience.com,,,https://www.harvardbioscience.com/about-us/contact-us-investment-corporate-relations,info@harvardbioscience.com,
"HASBRO, INC.",Hasbro Inc,hasbro.com,https://corp.hasbro.com/investor-faqs,,https://consumercare.hasbro.com/en-us/contact-information,,
HAVERTY FURNITURE COMPANIES INC,Haverty Furniture Companies Inc,havertyfurniturecompanies.com,https://havertyfurniturecompanies.com/,,https://havertyfurniturecompanies.com/,,
HAWAIIAN ELECTRIC INDUSTRIES INC,Hawaiian Electric Industries Inc,hawaiianelectric.com,https://www.hawaiianelectric.com/about-us/performance-scorecards-and-metrics/financial,,https://www.hawaiianelectric.com/about-us,,
HAWKINS INC,Hawkins Inc,hawkinsinc.com,https://www.hawkinsinc.com/investors/,customer.service@hawkinsinc.com,https://www.hawkinsinc.com/contactus/,customer.service@hawkinsinc.com,
"HAWTHORN BANCSHARES, INC.",Hawthorn Bancshares Inc,,,,,,
"HBT Financial, Inc.",HBT Financial Inc,hbtfinancial.com,https://ir.hbtfinancial.com/?order=field_nir_sec_form&sort=asc,,https://ir.hbtfinancial.com/investor-resources/investor-contact/,,
"HCA Healthcare, Inc.",HCA Healthcare Inc,hcahealthcare.com,https://investor.hcahealthcare.com/,,https://www.hcahealthcare.com/contact-us,,
"HCI Group, Inc.",HCI Group Inc,hcigroup.com,https://investors.hcigroup.com/,contactus@hcigroup.com,https://www.hcigroup.com/contact-us,HCI@gateway-grp.com,
HCM II Acquisition Corp.,HCM II Acquisition Corp,hcmacquisition.com,https://hcmacquisition.com/,info@hcmacquisition.com,https://hcmacquisition.com/contact/,info@hcmacquisition.com,
HEALTHCARE SERVICES GROUP INC,Healthcare Services Group Inc,hcahealthcare.com,https://investor.hcahealthcare.com/,,https://careers.hcahealthcare.com/,,
"HEALTHEQUITY, INC.",Healthequity Inc,,,,,,
HEALTHSTREAM INC,Healthstream Inc,healthstream.com,https://forum.healthstream.com/,,https://www.healthstream.com/contact-us/service,,
HEALTHY CHOICE WELLNESS CORP.,Healthy Choice Wellness Corp,healthychoicewellness.com,https://healthychoicewellness.com/,,https://healthychoicewellness.com/pages/contact,,
HEARTLAND EXPRESS INC,Heartland Express Inc,heartlandexpress.com,https://www.heartlandexpress.com/investors,user@domain.com,https://www.heartlandexpress.com/,user@domain.com,
HEARTLAND FINANCIAL USA INC,Heartland Financial USA Inc,heartlandfinancialinc.com,https://heartlandfinancialinc.com/,,https://heartlandfinancialinc.com/,,
HECLA MINING CO/DE/,Hecla Mining Co,hecla.com,https://ir.hecla.com/,,https://www.hecla.com/contact,Hecla-Menu-Montana@2x.png,
HEICO CORP,Heico Corp,heico.com,https://heico.com/annual-reports/,,https://heico.com/support-form/,sales@heico.com,
HEIDRICK & STRUGGLES INTERNATIONAL INC,Heidrick & Struggles International Inc,heidrick.com,https://investors.heidrick.com/ir-contacts,,https://www.heidrick.com/en/services,,
HELEN OF TROY LTD,Helen OF TROY Ltd,,,,,,
"HELIOS TECHNOLOGIES, INC.",Helios Technologies Inc,heliostechnologies.com,https://www.heliostechnologies.com/investors,tania.almond@HLIO.com,https://www.heliostechnologies.com/,,
HELIX ENERGY SOLUTIONS GROUP INC,Helix Energy Solutions Group Inc,helixesg.com,https://investors.helixesg.com/,,https://investors.helixesg.com/,,
HENNESSY ADVISORS INC,Hennessy Advisors Inc,hennessyadvisors.com,https://www.hennessyadvisors.com/for-investors,info@hennessyadvisors.com,https://www.hennessyadvisors.com/contact,info@hennessyadvisors.com,
HENRY SCHEIN INC,Henry Schein Inc,henryscheinortho.com,https://ifus.henryscheinortho.com/,,https://henryscheinortho.com/faqs/,autopayenrollment@henryschein.com,
HERBALIFE LTD.,Herbalife Ltd,herbalife.com,https://ir.herbalife.com/,thienh@herbalife.com,https://www.herbalife.com/,,
HERC HOLDINGS INC,HERC Holdings Inc,,,,,,
HERITAGE COMMERCE CORP,Heritage Commerce Corp,heritagebankofcommerce.bank,https://heritagebankofcommerce.bank/,,https://heritagebankofcommerce.bank/,,
HERITAGE FINANCIAL CORP /WA/,Heritage Financial Corp,heritageconsultants.com,https://www.heritageconsultants.com/advisors-and-staff/,,https://www.heritageconsultants.com/,,
"HERON THERAPEUTICS, INC. /DE/",Heron Therapeutics Inc,barchart.com,https://www.barchart.com/story/news/35594110/heron-therapeutics-to-report-third-quarter-2025-financial-results-on-tuesday-november-4-2025,iduarte@herontx.com,https://www.barchart.com/story/news/33996280/heron-therapeutics-announces-comprehensive-capital-restructuring-to-support-growth-and-extend-maturity-profile,iduarte@herontx.com,
HERSHEY CO,Hershey Co,thehersheycompany.com,https://www.thehersheycompany.com/en_us/home.html,,https://www.thehersheycompany.com/en_us/home.html,,
"HERTZ GLOBAL HOLDINGS, INC",Hertz Global Holdings Inc,hertz.com,https://ir.hertz.com/,,https://ir.hertz.com/,,
HESS CORP,HESS Corp,hesstoytruck.com,https://hesstoytruck.com/,help@hesstoytruck.com,https://hesstoytruck.com/,help@hesstoytruck.com,
HEXCEL CORP /DE/,Hexcel Corp,hexcel.com,https://investors.hexcel.com/,,https://www.hexcel.com/Contact/,Charles.Cadena@hexcel.com,
HF Foods Group Inc.,HF Foods Group Inc,hffoodsgroup.com,https://investors.hffoodsgroup.com/ir-resources/investor-contacts,,https://hffoodsgroup.com/contact/,,
"HG Holdings, Inc.",HG Holdings Inc,hgholdingsinc.net,,,,,
"HIGH WIRE NETWORKS, INC.",HIGH WIRE Networks Inc,highwirenetworks.com,https://www.highwirenetworks.com/investors/,investors@highwirenetworks.com,https://www.highwirenetworks.com/,,
"HIGHWOODS PROPERTIES, INC.",Highwoods Properties Inc,,,,,,
HILLS BANCORPORATION,Hills Bancorporation,,,,,,
HIRU Corp,HIRU Corp,hirucorporation.net,https://hirucorporation.net/,,https://hirucorporation.net/,,
HNI CORP,HNI Corp,hnicorp.com,https://www.hnicorp.com/,,https://www.hnicorp.com/,,
"HNO International, Inc.",HNO International Inc,,,,,,
HOLOGIC INC,Hologic Inc,hologic.com,https://investors.hologic.com/,,https://www.hologic.com/support,SalesSupport@hologic.com,
HOME BANCSHARES INC,HOME Bancshares Inc,,,,,,
"HOME DEPOT, INC.",HOME Depot Inc,,,,,,
HONEYWELL INTERNATIONAL INC,Honeywell International Inc,honeywellhome.com,https://www.honeywellhome.com/,example@email.com,https://www.honeywellhome.com/us/en/support/?br={73049E71-7810-47F6-A9AA-07ED33058593}&link=https://www.honeywellhome.com/supportsearch,,
HONG YUAN HOLDING GROUP,HONG YUAN Holding Group,discoverhongkong.com,https://www.discoverhongkong.com/us/index.html,,https://www.discoverhongkong.com/ae/index.html,ticketinfo@wkcda.hk,
HOOKER FURNISHINGS Corp,Hooker Furnishings Corp,,,,,,
HOPE BANCORP INC,HOPE Bancorp Inc,,,,,,
HORACE MANN EDUCATORS CORP /DE/,Horace MANN Educators Corp,horacemann.com,https://investors.horacemann.com/,,https://customer.horacemann.com/quote/locator/contact.aspx?id=DwjDszBrI9zKjlQygXpgng==,,
HORIZON BANCORP INC /IN/,Horizon Bancorp Inc,,,,,,
HORMEL FOODS CORP /DE/,Hormel Foods Corp,hormelfoods.com,https://investor.hormelfoods.com/invest/stock-quote/default.aspx,,https://www.hormelfoods.com/about/contact-us/,,
"HOST HOTELS & RESORTS, INC.",HOST Hotels & Resorts Inc,hosthotels.com,https://www.hosthotels.com/Investor-Relations/Investor-Overview,ir@hosthotels.com,https://www.hosthotels.com/Our-Portfolio/Portfolio-Overview,,
HOUSTON AMERICAN ENERGY CORP,Houston American Energy Corp,houstonamerican.com,,,https://houstonamerican.com/contact-us/,MLS@HoustonAmerican.com,
HOVNANIAN ENTERPRISES INC,Hovnanian Enterprises Inc,investorshangout.com,https://investorshangout.com/hovnanian-enterprises-set-to-reveal-q2-fiscal-2025-results-278934-/,IR@khov.com,https://investorshangout.com/companyprofile/HOVNP,contact@investorshangout.com,
HP INC,HP Inc,hpinc.com,https://ir.hpinc.com/,,https://www.hpinc.com/,,
"HST Global, Inc.",HST Global Inc,hst.global,https://www.hst.global/,271e9fa3230b4eec94b02bf95780f5f2@sentry.wixpress.com,https://www.hst.global/,271e9fa3230b4eec94b02bf95780f5f2@sentry.wixpress.com,
HUBBELL INC,Hubbell Inc,hubbell.com,https://investor.hubbell.com/ar2024/,,https://www.hubbell.com/hubbell/en,,
HUBSPOT INC,Hubspot Inc,hubspot.com,https://ir.hubspot.com/news-releases/news-release-details/hubspot-host-analyst-day-inbound-september-3-2025,investors@hubspot.com,https://community.hubspot.com/,,
HUDSON TECHNOLOGIES INC /NY,Hudson Technologies Inc /Ny,hudsontech.com,https://www.hudsontech.com/investor-relations/,hudson@imsinvestorrelations.com,https://www.hudsontech.com/locations/new-york/,tkazarian@hudsontech.com,
"HUMBL, INC.",Humbl Inc,humble.inc,https://www.humble.inc/,605a7baede844d278b89dc95ae0a9123@sentry-next.wixpress.com,https://www.humble.inc/,info@humble.inc,
HUNT J B TRANSPORT SERVICES INC,HUNT J B Transport Services Inc,,,,,,
HUNTINGTON BANCSHARES INC /MD/,Huntington Bancshares Inc,,,,,,
"HUNTINGTON INGALLS INDUSTRIES, INC.",Huntington Ingalls Industries Inc,huntingtoningalls.com,https://careers.huntingtoningalls.com/go/EngineeringDesign/8238000/,buildyourcareer@hii-co.com,https://careers.huntingtoningalls.com/content/Ingalls/,buildyourcareer@hii-co.com,
HURCO COMPANIES INC,Hurco Companies Inc,hurcocompanies.com,https://hurcocompanies.com/,info@hurco.com,https://hurcocompanies.com/,info@hurco.com,
HWH International Inc.,HWH International Inc,hwhintl.com,https://www.hwhintl.com/,79baaa8e09c746d2b7401643b99792e0@sentry.wixpress.com,https://www.hwhintl.com/,79baaa8e09c746d2b7401643b99792e0@sentry.wixpress.com,
HYCROFT MINING HOLDING CORP,Hycroft Mining Holding Corp,hycroftmining.com,https://hycroftmining.com/investors/,info@hycroftmining.com,https://hycroftmining.com/,info@hycroftmining.com,
"HYDROFARM HOLDINGS GROUP, INC.",Hydrofarm Holdings Group Inc,,,,,,
"HYSTER-YALE, INC.",Hyster-YALE Inc,hyster-yale.com,https://www.hyster-yale.com/,,https://www.hyster-yale.com/,,
"Hagerty, Inc.",Hagerty Inc,hagerty.com,https://www.hagerty.com/,,https://www.hagerty.com/,,
Hall of Fame Resort & Entertainment Co,Hall Of Fame Resort & Entertainment Co,ryman.com,https://www.ryman.com/story/what-8217-s-the-difference-between-ryman-auditorium-amp-grand-ole-opry,,https://www.ryman.com/story/what-8217-s-the-difference-between-ryman-auditorium-amp-grand-ole-opry,,
Hamilton Beach Brands Holding Co,Hamilton Beach Brands Holding Co,,,,,,
"Hamilton Insurance Group, Ltd.",Hamilton Insurance Group Ltd,hamiltongroup.com,https://investors.hamiltongroup.com/,,https://www.hamiltongroup.com/,,
Hamilton Lane INC,Hamilton Lane Inc,hamiltonlane.com,https://www.hamiltonlane.com/,,https://www.hamiltonlane.com/en-us/contact-us,evergreenproductsupport@hamiltonlane.com,
Hanesbrands Inc.,Hanesbrands Inc,,,,,,
"Hanover Bancorp, Inc. /NY",Hanover Bancorp Inc /Ny,hanover.com,https://www.hanover.com/,,https://www.hanover.com/,,
"Hanryu Holdings, Inc.",Hanryu Holdings Inc,moomoo.com,https://www.moomoo.com/news/post/21168979/hanryu-holdings-announces-filing-of-registration-statement-for-proposed-initial,,https://www.moomoo.com/en/stock/HRYU-US/company,,
"HarborOne Bancorp, Inc.",Harborone Bancorp Inc,,,,,,
"Harmony Biosciences Holdings, Inc.",Harmony Biosciences Holdings Inc,harmonybiosciences.com,https://ir.harmonybiosciences.com/node/5806,,https://www.harmonybiosciences.com/,,
"Hartford Creative Group, Inc.",Hartford Creative Group Inc,thehartford.com,https://www.thehartford.com/,,https://www.thehartford.com/,,
"Harvard Apparatus Regenerative Technology, Inc.",Harvard Apparatus Regenerative Technology Inc,reddit.com,https://www.reddit.com/r/Harvard/comments/11oss7c/what_are_people_actually_like_at_harvard/,9f057df6115a4bb488c08ea12a835e6e@o418887.ingest.sentry.io,https://www.reddit.com/r/amazonprime/comments/1j932z3/protip_if_you_need_to_actually_call_amazon/,jeff@amazon.com,
"Hawkeye Systems, Inc.",Hawkeye Systems Inc,hawkeyesystemsinc.com,https://hawkeyesystemsinc.com/investors/,IR@hawkeyesystemsinc.com,https://hawkeyesystemsinc.com/,info@hawkeyesystemsinc.com,
Haymaker Acquisition Corp. 4,Haymaker Acquisition Corp 4,haymakeracquisition.com,https://haymakeracquisition.com/haymaker-acquisition-corp-4/,,https://haymakeracquisition.com/contact/,info@haymakeracquisition.com,
"Hayward Holdings, Inc.",Hayward Holdings Inc,hayward.com,https://investor.hayward.com/,,https://hayward.com/,,
"Health Catalyst, Inc.",Health Catalyst Inc,healthcatalyst.com,https://ir.healthcatalyst.com/investor-relations,,https://www.healthcatalyst.com/contact,support@twistle.com,
HealthLynked Corp,Healthlynked Corp,healthlynked.com,https://investors.healthlynked.com/,,https://www.healthlynked.com/job_cat/customer-service/,icon94@3x.png,
Healthcare Realty Trust Inc,Healthcare Realty Trust Inc,healthcarerealty.com,https://www.healthcarerealty.com/,,https://www.healthcarerealty.com/contact-us/,,
"Healthcare Triangle, Inc.",Healthcare Triangle Inc,,,,,,
Healthier Choices Management Corp.,Healthier Choices Management Corp,healthiercmc.com,https://www.healthiercmc.com/,user@domain.com,https://www.healthiercmc.com/contact,user@domain.com,
"HeartBeam, Inc.",Heartbeam Inc,mono-inc.com,https://www.mono-inc.com/shop/Cart,,https://www.mono-inc.com/shop/Cart,,
"HeartCore Enterprises, Inc.",Heartcore Enterprises Inc,heartcore-enterprises.com,https://heartcore-enterprises.com/News.html,HTCR@heartcore-enterprises.com,https://heartcore-enterprises.com/News.html,HTCR@heartcore-enterprises.com,
HeartSciences Inc.,Heartsciences Inc,heartsciences.com,https://ir.heartsciences.com/management,,https://heartsciences.com/contact-us/,info@heartsciences.com,
"Heliogen, Inc.",Heliogen Inc,heliogen.com,https://investors.heliogen.com/,,https://www.heliogen.com/contact-us/,contact-us_image@2x-768x664.png,
Helix Acquisition Corp. II,Helix Acquisition Corp II,,,,,,
"Helmerich & Payne, Inc.",Helmerich & Payne Inc,hpinc.com,https://ir.hpinc.com/,,https://www.hpinc.com/contact,,
Hennessy Capital Investment Corp. VI,Hennessy Capital Investment Corp VI,,,,,,
"Hepion Pharmaceuticals, Inc.",Hepion Pharmaceuticals Inc,hepionpharma.com,https://hepionpharma.com/investors/,info@hepionpharma.com,https://hepionpharma.com/contact-us/,info@hepionpharma.com,
"Hercules Capital, Inc.",Hercules Capital Inc,hercules.com,https://community.hercules.com/,,https://www.hercules.com/en/product/djcontrol-mix-ultra/,,
"Heritage Distilling Holding Company, Inc.",Heritage Distilling Holding Company Inc,heritagedistilling.com,https://ir.heritagedistilling.com/,ir@heritagedistilling.com,https://heritagedistilling.com/pages/contact-us,info@heritagedistilling.com,
Heritage Global Inc.,Heritage Global Inc,hginc.com,https://hginc.com/hg-investor-relations/,Mark.Argento@LakeStreetcm.com,https://hginc.com/,,
"Heritage Insurance Holdings, Inc.",Heritage Insurance Holdings Inc,heritagepci.com,https://investors.heritagepci.com/news-releases,,https://www.heritagepci.com/,,
Hess Midstream LP,Hess Midstream LP,hesstoytruck.com,https://hesstoytruck.com/,help@hesstoytruck.com,https://hesstoytruck.com/return-exchange-and-replacement-policy/,help@hesstoytruck.com,
Hewlett Packard Enterprise Co,Hewlett Packard Enterprise Co,hewlett.org,https://hewlett.org/,,https://hewlett.org/,,
Hi-Great Group Holding Co,Hi-Great Group Holding Co,otcmarkets.com,https://www.otcmarkets.com/stock/HIGR/profile,,https://www.otcmarkets.com/stock/HIGR/profile,,
"High Roller Technologies, Inc.",High Roller Technologies Inc,,,,,,
"HilleVax, Inc.",Hillevax Inc,nature.com,https://www.nature.com/articles/s41579-024-01144-9?error=cookies_not_supported&code=b895f734-ba49-44a5-a416-27ec974dbf62,mestes@bcm.edu,https://support.nature.com/,,
"Hillenbrand, Inc.",Hillenbrand Inc,hillenbrand.com,https://hillenbrand.com/,,https://hillenbrand.com/,,
Hillman Solutions Corp.,Hillman Solutions Corp,hillmangroup.com,https://www.hillmangroup.com/,,https://www.hillmangroup.com/,,
Hilltop Holdings Inc.,Hilltop Holdings Inc,hilltop-holdings.com,https://www.hilltop-holdings.com/home,,https://www.hilltop-holdings.com/home,,
"Hims & Hers Health, Inc.",Hims & Hers Health Inc,,,,,,
Hippo Holdings Inc.,Hippo Holdings Inc,hippo.com,https://investors.hippo.com/,,,,
"HireQuest, Inc.",Hirequest Inc,hirequestinternational.com,https://hirequestinternational.com/,St.LouisMO@snelling.com,https://hirequestinternational.com/,Info@SCalexandria.com,
Holley Inc.,Holley Inc,,,,,,
"HomeStreet, Inc.",Homestreet Inc,homestreet.com,https://www.homestreet.com/,play-store@2x.png,https://www.homestreet.com/customer-contact-info,,
"HomeTrust Bancshares, Inc.",Hometrust Bancshares Inc,htb.com,https://ir.htb.com/news-events/news-releases,,https://htb.com/,,
"Honest Company, Inc.",Honest Company Inc,honest.com,https://www.honest.com/,,https://www.honest.com/,,
"Hongchang International Co., Ltd",Hongchang International Co Ltd,hongchanginternational.com,http://www.hongchanginternational.com/,hongchangfoods@hotmail.com,http://www.hongchanginternational.com/,hongchangfoods@hotmail.com,
Horizon Kinetics Holding Corp,Horizon Kinetics Holding Corp,horizonkinetics.com,https://horizonkinetics.com/,info@horizonkinetics.com,https://horizonkinetics.com/,info@horizonkinetics.com,
Horizon Space Acquisition II Corp.,Horizon Space Acquisition II Corp,forhorizon.com,https://www.forhorizon.com/all-locations/,info@forhorizon.com,https://www.forhorizon.com/,info@forhorizon.com,
Horizon Technology Finance Corp,Horizon Technology Finance Corp,horizontechfinance.com,https://ir.horizontechfinance.com/stock-information,,https://horizontechfinance.com/contact-us/,info@horizontechfinance.com,
"Hour Loop, Inc",Hour Loop Inc,hourloop.com,https://ir.hourloop.com/ir-resources/ir-contacts,,https://hourloop.com/pages/customer-service,help@hourloop.com,
Howard Hughes Holdings Inc.,Howard Hughes Holdings Inc,howardhughes.com,https://investor.howardhughes.com/?ref=comdurav.com,,https://www.howardhughes.com/contact/,press@howardhughes.com,
Howmet Aerospace Inc.,Howmet Aerospace Inc,howmet.com,https://www.howmet.com/,,https://www.howmet.com/contact/,,
Hubilu Venture Corp,Hubilu Venture Corp,,,,,,
Hudson Acquisition I Corp.,Hudson Acquisition I Corp,hudsongracesf.com,https://hudsongracesf.com/,customerservice@hudsongracesf.com,https://hudsongracesf.com/pages/hudson-grace-marin-country-mart-store-page,customerservice@hudsongracesf.com,
"Hudson Global, Inc.",Hudson Global Inc,hudsongracesf.com,https://hudsongracesf.com/,customerservice@hudsongracesf.com,https://hudsongracesf.com/pages/hudson-grace-marin-country-mart-store-page,customerservice@hudsongracesf.com,
"Hudson Pacific Properties, Inc.",Hudson Pacific Properties Inc,hudsonpacificproperties.com,https://investors.hudsonpacificproperties.com/,,https://www.hudsonpacificproperties.com/,madeline.meyersieck@transwestern.com,
"Humacyte, Inc.",Humacyte Inc,humacyte.com,https://investors.humacyte.com/investor-relations,,https://humacyte.com/,customercare@humacyte.com,
Huron Consulting Group Inc.,Huron Consulting Group Inc,huronconsultinggroup.com,https://www.huronconsultinggroup.com/,,https://www.huronconsultinggroup.com/,,
Hut 8 Corp.,Hut 8 Corp,,,,,,
Hyatt Hotels Corp,Hyatt Hotels Corp,,,,,,
Hyliion Holdings Corp.,Hyliion Holdings Corp,hyliion.com,https://investors.hyliion.com/,,https://www.hyliion.com/about-us/,info@hyliion.com,
"Hyperfine, Inc.",Hyperfine Inc,hyperfinemri.com,https://hyperfinemri.com/about/news/press-release-hyperfine-inc-to-announce-fourth-quarter-and-full-year-2024-financial-results-on-march-17-2025,webb@gilmartinir.com,https://hyperfinemri.com/contact-us,,
"Hyperscale Data, Inc.",Hyperscale Data Inc,hyperscaledata.com,,,https://hyperscaledata.com/contact,support@hyperscaledata.com,
Hyzon Motors Inc.,Hyzon Motors Inc,,,,,,
I-ON Digital Corp.,I-ON Digital Corp,,,,,,
IAC Inc.,IAC Inc,,,,,,
IB Acquisition Corp.,IB Acquisition Corp,otcmarkets.com,https://www.otcmarkets.com/stock/IBAC/financials,,https://www.otcmarkets.com/stock/IBAC/profile,,
IBEX Ltd,IBEX Ltd,,,,,,
ICAD INC,ICAD Inc,icad-inc.com,https://icad-inc.com/,,https://icad-inc.com/contact-us/,,
ICAHN ENTERPRISES L.P.,Icahn Enterprises LP,icahn.org,https://icahn.org/services/community-health-needs-assessment/,,https://icahn.org/services/community-health-needs-assessment/,,
"ICC Holdings, Inc.",ICC Holdings Inc,,,,,,
"ICHOR HOLDINGS, LTD.",Ichor Holdings Ltd,ichorsystems.com,https://ir.ichorsystems.com/,,https://www.ichorsystems.com/,,
ICU MEDICAL INC/DE,ICU Medical Inc/De,icumed.com,https://ir.icumed.com/?sh_email=yes,,https://www.icumed.com/contact-us/,ir@icumed.com,
IDACORP INC,Idacorp Inc,,,,,,
"IDEANOMICS, INC.",Ideanomics Inc,ideanomics.com,https://ideanomics.com/,,https://ideanomics.com/,,
IDEX CORP /DE/,IDEX Corp,idexcorp.com,https://www.idexcorp.com/,,https://www.idexcorp.com/,,
IDEXX LABORATORIES INC /DE,Idexx Laboratories Inc /De,marketscreener.com,https://in.marketscreener.com/news/transcript-idexx-laboratories-inc-analyst-investor-day-ce7c51ded18fff2d,,https://www.marketscreener.com/quote/stock/IDEXX-LABORATORIES-INC-9641/news/IDEXX-LABORATORIES-INC-DE-MANAGEMENT-S-DISCUSSION-AND-ANALYSIS-OF-FINANCIAL-CONDITION-AND-RESULTS-43012420/,,
IDT CORP,IDT Corp,idtlearning.com,https://www.idtlearning.com/affiliations,info@idt.edu,https://www.idtlearning.com/affiliations,info@idt.edu,
IEH Corp,IEH Corp,iehcorp.com,https://www.iehcorp.com/about/investors,3d886f500f7b65a7b0f640afec9fa3d4@o4507169936834560.ingest.us.sentry.io,https://www.iehcorp.com/contact,3d886f500f7b65a7b0f640afec9fa3d4@o4507169936834560.ingest.us.sentry.io,
"IES Holdings, Inc.",IES Holdings Inc,iesresidentialinc.com,https://www.iesresidentialinc.com/,605a7baede844d278b89dc95ae0a9123@sentry-next.wixpress.com,https://www.iesresidentialinc.com/,605a7baede844d278b89dc95ae0a9123@sentry-next.wixpress.com,
"IF Bancorp, Inc.",IF Bancorp Inc,thebancorp.com,https://thebancorp.com/,,https://investors.thebancorp.com/,,
"IGC Pharma, Inc.",IGC Pharma Inc,igcpharma.com,https://investor.igcpharma.com/,info@igcinc.us,https://igcpharma.com/,info@igcinc.us,
"IGM Biosciences, Inc.",IGM Biosciences Inc,igmetall.de,https://www.igmetall.de/,,https://www.igmetall.de/service/mein-servicecenter,,
"IIOT-OXYS, Inc.",IIOT-OXYS Inc,oxyscorp.com,https://www.oxyscorp.com/,contact@oxyscorp.com,https://www.oxyscorp.com/,contact@oxyscorp.com,
ILLINOIS TOOL WORKS INC,Illinois TOOL Works Inc,enjoyillinois.com,https://www.enjoyillinois.com/,,https://www.enjoyillinois.com/,,
"ILLUMINA, INC.",Illumina Inc,illumina.com,https://www.illumina.com/,customercare@illumina.com,https://www.illumina.com/,customercare@illumina.com,
IMAX CORP,IMAX Corp,,,,,,
IMMERSION CORP,Immersion Corp,immersion.com,https://www.immersion.com/investor-relations/,,https://www.immersion.com/,,
IMMUCELL CORP /DE/,Immucell Corp,immucell.com,https://immucell.com/,mail@immucell.com,https://immucell.com/,mail@immucell.com,
"IMMUNIC, INC.",Immunic Inc,investorshangout.com,https://investorshangout.com/immunic-hosts-upcoming-conferences-to-share-research-insights-230488-/,contact@investorshangout.com,https://investorshangout.com/immunic-inc-secures-51-million-in-direct-offering-262806-/,contact@investorshangout.com,
IMPERIAL OIL LTD,Imperial OIL Ltd,,,,,,
IMPINJ INC,Impinj Inc,,,,,,
"IN8BIO, INC.",In8Bio Inc,in8bio.com,https://investors.in8bio.com/investor-relations,,https://investors.in8bio.com/ir-resources/investor-contact/,,
INCOME OPPORTUNITY REALTY INVESTORS INC /TX/,Income Opportunity Realty Investors Inc,,,,,,
INCYTE CORP,Incyte Corp,incyte.com,https://investor.incyte.com/?ref=comdurav.com,,https://incyte.com/,,
"INDEPENDENCE REALTY TRUST, INC.",Independence Realty Trust Inc,independencemainstreet.com,https://www.independencemainstreet.com/,user@domain.com,https://www.independencemainstreet.com/,user@domain.com,
INDEPENDENT BANK CORP,Independent BANK Corp,independentbank.com,https://ir.independentbank.com/,,https://www.independentbank.com/support-center,,
INDEPENDENT BANK CORP /MI/,Independent BANK Corp,independentbank.com,https://ir.independentbank.com/,,https://www.independentbank.com/support-center,,
"INDIA FUND, INC.",India FUND Inc,cdslindia.com,https://www.cdslindia.com/Publications/RegForeignInstInvstr.aspx?indexname=A,,https://www.cdslindia.com/Publications/RegForeignInstInvstr.aspx?indexname=A,,
INNO HOLDINGS INC.,INNO Holdings Inc,innoholdings.com,https://innoholdings.com/,,https://innoholdings.com/,,
INNODATA INC,Innodata Inc,innodata.com,https://investor.innodata.com/overview/default.aspx,investor@innodata.com,https://innodata.com/contact-us/,info@innodata.com,
INNOSPEC INC.,Innospec Inc,innospec.com,https://www.innospec.com/investors/,info@test.com,https://investors.innospec.com/ir-resources/contact-us,,
INNOVATE Corp.,Innovate Corp,innovatecorp.com,https://innovatecorp.com/,ir@innovatecorp.com,https://innovatecorp.com/,ir@innovatecorp.com,
INNOVATIVE DESIGNS INC,Innovative Designs Inc,designshanghai.com,https://www.designshanghai.com/global-design-conference,,https://www.designshanghai.com/global-design-conference,,
INNOVATIVE FOOD HOLDINGS INC,Innovative FOOD Holdings Inc,,,,,,
INNOVATIVE INDUSTRIAL PROPERTIES INC,Innovative Industrial Properties Inc,innovativeindustrialproperties.com,https://investors.innovativeindustrialproperties.com/,,https://innovativeindustrialproperties.com/contact/,info@iipreit.com,
"INNOVATIVE MEDTECH, INC.",Innovative Medtech Inc,innovativemedtech.ch,https://innovativemedtech.ch/,,https://innovativemedtech.ch/,,
INNSUITES HOSPITALITY TRUST,Innsuites Hospitality Trust,innsuites.com,https://www.innsuites.com/,,https://www.innsuites.com/,,
INSEEGO CORP.,Inseego Corp,inseego.com,https://inseego.com/,,https://inseego.com/support/,,
INSIGHT ENTERPRISES INC,Insight Enterprises Inc,,,,,,
INSMED Inc,Insmed Inc,insmed.com,https://investor.insmed.com/,media@insmed.com,https://insmed.com/contact-us/,Eventssafety@insmed.com,
"INSPERITY, INC.",Insperity Inc,,,,,,
"INSPIRE VETERINARY PARTNERS, INC.",Inspire Veterinary Partners Inc,,,,,,
INSULET CORP,Insulet Corp,insulet.com,https://investor.insulet.com/,,https://www.insulet.com/contact-us,,
INTEGRA LIFESCIENCES HOLDINGS CORP,Integra Lifesciences Holdings Corp,integralife.com,https://investor.integralife.com/financial-information/quarterly-results,,https://investor.integralife.com/static-files/68f476ed-c12b-4dc9-a0e5-e53eeac31a55,,
INTEGRAL AD SCIENCE HOLDING CORP.,Integral AD Science Holding Corp,integralads.com,https://investors.integralads.com/investor-relations,,https://integralads.com/,,
INTEGRATED BIOPHARMA INC,Integrated Biopharma Inc,ibiopharma.com,https://ir.ibiopharma.com/,,https://ir.ibiopharma.com/,,
INTEGRATED RAIL & RESOURCES ACQUISITION CORP,Integrated RAIL & Resources Acquisition Corp,merriam-webster.com,https://www.merriam-webster.com/dictionary/integral,a%20pencil%20broken%20in%20half%20on%20top%20of%20a%20test%20answer%20sheet-9746-91b598ef45b1c6d80850914717a80db8@1x.jpg,https://www.merriam-webster.com/rhymes/nry/souvenir,325506e3332d487999567a7bc91d151d@bug-reporting-xalgha6.m-w.com,
"INTEGRATED VENTURES, INC.",Integrated Ventures Inc,integratedventuresinc.com,https://www.integratedventuresinc.com/,605a7baede844d278b89dc95ae0a9123@sentry-next.wixpress.com,https://www.integratedventuresinc.com/,605a7baede844d278b89dc95ae0a9123@sentry-next.wixpress.com,
INTEL CORP,Intel Corp,,,,,,
INTELLIGENT BIO SOLUTIONS INC.,Intelligent BIO Solutions Inc,biospace.com,https://www.biospace.com/press-releases/intelligent-bio-solutions-reports-fiscal-2025-fourth-quarter-and-full-year-results-highlighting-progress-on-planned-u-s-market-expansion-revenue-growth-and-increased-operational-efficiencies,info@ibs.inc,https://www.biospace.com/press-releases/intelligent-bio-solutions-to-showcase-fingerprint-drug-testing-at-rise25-conference-from-may-28-31-supporting-innovation-in-u-s-forensic-drug-testing,info@ibs.inc,
"INTELLINETICS, INC.",Intellinetics Inc,,,,,,
"INTENSITY THERAPEUTICS, INC.",Intensity Therapeutics Inc,intensitytherapeutics.com,https://ir.intensitytherapeutics.com/,coreirteam@coreir.com,https://intensitytherapeutics.com/contact/,,
INTERFACE INC,Interface Inc,interface.com,https://investors.interface.com/,,https://www.interface.com/US/en-US/more-from-interface/contact-us.html,,
INTERGROUP CORP,Intergroup Corp,intgla.com,https://www.intgla.com/,,https://www.intgla.com/,,
INTERNATIONAL BUSINESS MACHINES CORP,International Business Machines Corp,internationaltrucks.com,https://mexico.internationaltrucks.com/,contacto@international.com,https://mexico.internationaltrucks.com/,contacto@international.com,
INTERNATIONAL FLAVORS & FRAGRANCES INC,International Flavors & Fragrances Inc,internationaltrucks.com,https://mexico.internationaltrucks.com/,contacto@international.com,https://mexico.internationaltrucks.com/,contacto@international.com,
INTERNATIONAL ISOTOPES INC,International Isotopes Inc,internationaltrucks.com,https://mexico.internationaltrucks.com/,contacto@international.com,https://mexico.internationaltrucks.com/,contacto@international.com,
INTERNATIONAL PAPER CO /NEW/,International Paper Co /New/,internationalpaper.com,https://www.internationalpaper.com/investors,,https://www.internationalpaper.com/contact,,
INTERNATIONAL TOWER HILL MINES LTD,International Tower HILL Mines Ltd,internationaltrucks.com,https://mexico.internationaltrucks.com/,contacto@international.com,https://mexico.internationaltrucks.com/,contacto@international.com,
"INTERPACE BIOSCIENCES, INC.",Interpace Biosciences Inc,,,,,,
INTERPARFUMS INC,Interparfums Inc,interparfumsinc.com,https://www.interparfumsinc.com/,605a7baede844d278b89dc95ae0a9123@sentry-next.wixpress.com,https://www.interparfumsinc.com/contact-us,605a7baede844d278b89dc95ae0a9123@sentry-next.wixpress.com,
"INTERPUBLIC GROUP OF COMPANIES, INC.",Interpublic Group OF Companies Inc,omnicomgroup.com,https://investor.omnicomgroup.com/news/news-details/2024/Omnicom-to-Acquire-Interpublic-Group-to-Create-Premier-Marketing-and-Sales-Company/default.aspx,,https://www.omnicomgroup.com/newsroom/omnicom-to-acquire-interpublic-group-to-create-premier-marketing-and-sales-company/,,
INTEST CORP,Intest Corp,,,,,,
INTEVAC INC,Intevac Inc,,,,,,
INTRUSION INC,Intrusion Inc,intrusion.com,https://ir.intrusion.com/,,https://www.intrusion.com/contact/,info@intrusion.com,
INTUIT INC.,Intuit Inc,intuit.com,https://ttlc.intuit.com/turbotax-support/en-us/help-article/login-password/sign-turbotax-verifying-identity/L8rivMz5O_US_en_US,,https://ttlc.intuit.com/turbotax-support/en-us/help-article/login-password/sign-turbotax-verifying-identity/L8rivMz5O_US_en_US,,
INVESTORS TITLE CO,Investors Title Co,investors-title.com,https://investors-title.com/,,https://investors-title.com/,,
"IO Biotech, Inc.",IO Biotech Inc,iobiotech.com,https://investors.iobiotech.com/,info@iobiotech.com,https://iobiotech.com/contact/,info@iobiotech.com,
IONIS PHARMACEUTICALS INC,Ionis Pharmaceuticals Inc,ionis.com,https://ir.ionis.com/investor-resources/settlement-information,,https://ionis.com/contact-us,medinfo@ionis.com,
"IOVANCE BIOTHERAPEUTICS, INC.",Iovance Biotherapeutics Inc,iovance.com,https://www.iovance.com/,,https://www.iovance.com/,,
IPG PHOTONICS CORP,IPG Photonics Corp,ipgphotonics.com,https://investor.ipgphotonics.com/overview/default.aspx?source=news_body_link,investorrelations@ipgphotonics.com,https://www.ipgphotonics.com/contact-us,,
IQVIA HOLDINGS INC.,Iqvia Holdings Inc,iqvia.com,https://www.iqvia.com/,,https://www.iqvia.com/,,
"IR-Med, Inc.",IR-Med Inc,ir-medical.com,https://www.ir-medical.com/investors/,contact@ir-medical.com,https://www.ir-medical.com/,contact@ir-medical.com,
IRADIMED CORP,Iradimed Corp,iradimed.com,https://www.iradimed.com/,user@domain.com,https://www.iradimed.com/contact-us,user@domain.com,
IRIDEX CORP,Iridex Corp,seekingalpha.com,https://seekingalpha.com/article/4842163-iridex-corporation-irix-q3-2025-earnings-call-prepared-remarks-transcript,,https://seekingalpha.com/article/4842163-iridex-corporation-irix-q3-2025-earnings-call-prepared-remarks-transcript,,
IROBOT CORP,Irobot Corp,irobot.com,https://investor.irobot.com/news-releases/news-release-details/irobot-debuts-new-marketing-campaign-roombar-made,,https://homesupport.irobot.com/s/article/20958,bg-info@2x.png,
IRON MOUNTAIN INC,IRON Mountain Inc,ironmountain.com,https://investors.ironmountain.com/,,https://www.ironmountain.com/support,u003eDigitalPathology.Support@ironmountain.com,
IRONWOOD PHARMACEUTICALS INC,Ironwood Pharmaceuticals Inc,ironwoodpharma.com,https://investor.ironwoodpharma.com/,Stephanie.Ascher@precisionaq.com,https://ironwoodpharma.com/contact-us/,,
ISSUER DIRECT CORP,Issuer Direct Corp,issuerdirect.com,,,https://www.issuerdirect.com/company/contact-us,info@issuerdirect.com,
"ISUN, INC.",ISUN Inc,,,,,,
"IT TECH PACKAGING, INC.",IT TECH Packaging Inc,itpackaging.cn,https://www.itpackaging.cn/about-56-0-0.html,ir@itpackaging.cn,https://itpackaging.cn/,ir@itpackaging.cn,
"ITRON, INC.",Itron Inc,itron.com,https://investors.itron.com/index.php/,,https://na.itron.com/,,
ITT INC.,ITT Inc,itt.com,https://investors.itt.com/?trk=organization_guest_main-feed-card-text,,https://www.itt.com/,,
IX Acquisition Corp.,IX Acquisition Corp,ixacq.com,https://www.ixacq.com/,,https://www.ixacq.com/,,
"IZEA Worldwide, Inc.",IZEA Worldwide Inc,izea.com,https://izea.com/,,https://izea.com/,,
"Ibotta, Inc.",Ibotta Inc,ibotta.com,https://home.ibotta.com/,3@2x.png,https://home.ibotta.com/,3@2x.png,
Idaho Copper Corp,Idaho Copper Corp,,,,,,
"Idaho Strategic Resources, Inc.",Idaho Strategic Resources Inc,idahostrategic.com,https://idahostrategic.com/,tsamuelson@idahostrategic.com,https://idahostrategic.com/,tsamuelson@idahostrategic.com,
Ideal Power Inc.,Ideal Power Inc,idealpower.com,https://ir.idealpower.com/,,https://dev.idealpower.com/contact/,,
"Identiv, Inc.",Identiv Inc,identiv.com,https://www.identiv.com/iot,sales@identiv.com,https://support.identiv.com/,,
"Ikena Oncology, Inc.",Ikena Oncology Inc,ikenaoncology.com,,,https://ir.ikenaoncology.com/news-releases/news-release-details/ikena-oncology-and-inmagene-biopharmaceuticals-announce/,,
Immuneering Corp,Immuneering Corp,immuneering.com,https://ir.immuneering.com/investor-relations,,https://immuneering.com/,Immuneering-logo@2x.png,
"ImmunityBio, Inc.",Immunitybio Inc,immunitybio.com,https://ir.immunitybio.com/,,https://immunitybio.com/contact-new/,info@ImmunityBio.com,
Immunocore Holdings plc,Immunocore Holdings PLC,immunocore.com,https://www.immunocore.com/investors,ir@immunocore.com,https://www.immunocore.com/contact-us,medinfo.eu@immunocore.com,
Immunome Inc.,Immunome Inc,immunome.com,https://investors.immunome.com/,investors@immunome.com,https://immunome.com/contact/,,
"Immunovant, Inc.",Immunovant Inc,immunovant.com,https://www.immunovant.com/investors,info@immunovant.com,https://www.immunovant.com/contact-us,,
"Imunon, Inc.",Imunon Inc,imunon.com,https://investors.imunon.com/financial-information/sec-filings?mobile=1&&&&&items_per_page_toggle=1&page=7,,https://imunon.com/contact/,,
InMed Pharmaceuticals Inc.,Inmed Pharmaceuticals Inc,inmedpharma.com,https://www.inmedpharma.com/investors/,,https://www.inmedpharma.com/contact/,,
"InPoint Commercial Real Estate Income, Inc.",Inpoint Commercial Real Estate Income Inc,inland-investments.com,https://inland-investments.com/inpoint,,https://inland-investments.com/inpoint,,
"Inari Medical, Inc.",Inari Medical Inc,inarimedical.com,https://ir.inarimedical.com/investor-resources/investor-contact/,,https://www.inarimedical.com/,,
Incannex Healthcare Inc.,Incannex Healthcare Inc,,,,,,
Inception Growth Acquisition Ltd,Inception Growth Acquisition Ltd,globenewswire.com,https://www.globenewswire.com/news-release/2025/05/14/3081633/0/en/Inception-Growth-Acquisition-Limited-Announces-Additional-Contribution-to-Trust-Account-to-Extend-Business-Combination-Period.html,,https://www.globenewswire.com/news-release/2025/06/13/3098895/0/en/Inception-Growth-Acquisition-Limited-Announces-Additional-Contribution-to-Trust-Account-to-Extend-Business-Combination-Period.html,,
"Indaptus Therapeutics, Inc.",Indaptus Therapeutics Inc,biospace.com,https://www.biospace.com/press-releases/indaptus-therapeutics-reports-second-quarter-2025-financial-results-and-provides-corporate-update,investors@indaptusrx.com,https://www.biospace.com/press-releases/indaptus-therapeutics-reports-second-quarter-2025-financial-results-and-provides-corporate-update,investors@indaptusrx.com,
"Independence Contract Drilling, Inc.",Independence Contract Drilling Inc,icdrilling.com,https://www.icdrilling.com/,info@icdrilling.com,https://www.icdrilling.com/contact-us/,info@icdrilling.com,
Industrial Logistics Properties Trust,Industrial Logistics Properties Trust,adler-industrial.com,https://adler-industrial.com/,,https://adler-industrial.com/2025/08/property-management-for-logistics-companies/,,
Infinera Corp,Infinera Corp,infinera.com,https://www.infinera.com/investor-relations/,,https://www.infinera.com/technical-assistance-center/,,
Inflection Point Acquisition Corp. II,Inflection Point Acquisition Corp II,,,,,,
Informatica Inc.,Informatica Inc,informatica.com,https://investors.informatica.com/default.aspx,investors@informatica.com,https://www.informatica.com/content/dam/informatica-com/en/collateral/solution-brief/customer-360_solution-brief_3293en.pdf,,
Ingersoll Rand Inc.,Ingersoll Rand Inc,,,,,,
Ingevity Corp,Ingevity Corp,,,,,,
Ingram Micro Holding Corp,Ingram Micro Holding Corp,,,,,,
Ingredion Inc,Ingredion Inc,ingredion.com,https://www.ingredion.com/na/en-us/,,https://www.ingredion.com/na/en-us/company/contact,,
"Inhibikase Therapeutics, Inc.",Inhibikase Therapeutics Inc,inhibikase.com,https://www.inhibikase.com/investors,mmoyer@lifesciadvisors.com,https://www.inhibikase.com/contact,info@inhibikase.com,
"Inhibrx Biosciences, Inc.",Inhibrx Biosciences Inc,,,,,,
"Inland Real Estate Income Trust, Inc.",Inland Real Estate Income Trust Inc,inland-investments.com,https://inland-investments.com/inland-income-trust,,https://inland-investments.com/contact-us,investorservices@inlandprivatecapital.com,
"Inmune Bio, Inc.",Inmune Bio Inc,inmunebio.com,https://inmunebio.com/,,https://inmunebio.com/,,
InnovAge Holding Corp.,Innovage Holding Corp,innovage.com,"https://investor.innovage.com/news-and-events/events-and-presentations?page=0,0,1,0",,https://www.innovage.com/about-innovage/for-providers/claims,,
Innovation Pharmaceuticals Inc.,Innovation Pharmaceuticals Inc,ipharminc.com,https://www.ipharminc.com/investor-faq,user@domain.com,http://www.ipharminc.com/contact-us,user@domain.com,
Innovative Eyewear Inc,Innovative Eyewear Inc,moomoo.com,https://www.moomoo.com/stock/LUCY-US/news/announcement/earning-report,,https://www.moomoo.com/news/post/32095215/innovative-eyewear--inc--receives-notice-of-allowance-for-fourteen-patent-applications,,
"Innovex International, Inc.",Innovex International Inc,innovex-inc.com,https://investors.innovex-inc.com/news/default.aspx,investors@innovex-inc.com,https://www.innovex-inc.com/contact/,,
"Innoviva, Inc.",Innoviva Inc,innovivaspecialtytherapeutics.com,https://innovivaspecialtytherapeutics.com/,,https://innovivaspecialtytherapeutics.com/,,
"Innventure, Inc.",Innventure Inc,innventure.com,https://ir.innventure.com/ir-services/contact-ir,,https://www.innventure.com/contact,Investorrelations@innventure.com,
Inogen Inc,Inogen Inc,inogen.com,https://investor.inogen.com/,,https://provider.inogen.com/en/contact,info-eu@inogen.net,
"Inotiv, Inc.",Inotiv Inc,inotiv.com,https://ir.inotiv.com/overview/default.aspx,shalper@lifesciadvisors.com,https://www.inotiv.com/contact,recruiting@inotiv.com,
"Inozyme Pharma, Inc.",Inozyme Pharma Inc,inozyme.com,https://www.inozyme.com/investors-relation/,stacy.galvin@bmrn.com,https://www.inozyme.com/contact-us/,INFO@INOZYME.COM,
Insight Acquisition Corp. /DE,Insight Acquisition Corp /De,insightacqcorp.com,https://www.insightacqcorp.com/,605a7baede844d278b89dc95ae0a9123@sentry-next.wixpress.com,https://www.insightacqcorp.com/,605a7baede844d278b89dc95ae0a9123@sentry-next.wixpress.com,
Insight Select Income Fund,Insight Select Income Fund,insightinvestment.com,https://www.insightinvestment.com/united-states/capabilities/multi-sector-fi/select-income/insight-select-income-fund/,inquiries@insightinvestment.com,https://www.insightinvestment.com/united-states/capabilities/multi-sector-fi/select-income/insight-select-income-fund/,inquiries@insightinvestment.com,
Inspirato Inc,Inspirato Inc,inspirato.com,https://investor.inspirato.com/resources/contact-ir,,https://www.inspirato.com/,info@inspirato.com,
"Inspire Medical Systems, Inc.",Inspire Medical Systems Inc,inspiresleep.com,https://investors.inspiresleep.com/overview/default.aspx,ir@inspiresleep.com,https://www.inspiresleep.com/en-us/contact/,info@inspiresleep.com,
"InspireMD, Inc.",Inspiremd Inc,inspiremd.com,https://inspiremd.com/investors/,,https://inspiremd.com/contact-us/,USSupport@inspiremd.com,
"Inspired Entertainment, Inc.",Inspired Entertainment Inc,inspiredentertainment.com,https://www.inspiredentertainment.com/,user@domain.com,https://www.inspiredentertainment.com/,info@inspiredentertainment.com,
"Installed Building Products, Inc.",Installed Building Products Inc,installedbuildingproducts.com,https://installedbuildingproducts.com/,,https://installedbuildingproducts.com/,,
"Instil Bio, Inc.",Instil Bio Inc,instilbio.com,https://ir.instilbio.com/,,https://instilbio.com/contact-us/,,
"Intapp, Inc.",Intapp Inc,intapp.com,https://investors.intapp.com/investor-news/default.aspx,,https://www.intapp.com/contact-us/,support@intapp.com,
Integer Holdings Corp,Integer Holdings Corp,,,,,,
Integral Acquisition Corp 1,Integral Acquisition Corp 1,integralacquisition.com,https://www.integralacquisition.com/investors,user@domain.com,https://www.integralacquisition.com/contact-us,info@integralacquisition.com,
Integrated Wellness Acquisition Corp,Integrated Wellness Acquisition Corp,integratedwellnessholdings.com,https://integratedwellnessholdings.com/sec-filings/,ajax-loader@2x.gif,https://integratedwellnessholdings.com/sec-filings/,ajax-loader@2x.gif,
IntelGenx Technologies Corp.,Intelgenx Technologies Corp,annualreports.com,https://www.annualreports.com/Company/intel-corporation,,https://www.annualreports.com/Company/intelgenx-technologies-corp,,
"Intellia Therapeutics, Inc.",Intellia Therapeutics Inc,tradingview.com,https://www.tradingview.com/news/tradingview:5b041b0a4d165:0-intellia-therapeutics-q3-2025-financial-results-and-updates/,,https://www.tradingview.com/support/solutions/43000648248-how-to-get-in-touch-with-the-support-team/,support@tradingview.com,
"Intellicheck, Inc.",Intellicheck Inc,intellicheck.com,https://www.intellicheck.com/investors,gar@globalirgroup.com,https://www.intellicheck.com/contact,,
"InterDigital, Inc.",Interdigital Inc,,,,,,
"Interactive Brokers Group, Inc.",Interactive Brokers Group Inc,,,,,,
"Interactive Strength, Inc.",Interactive Strength Inc,interactivestrength.com,https://interactivestrength.com/,businessethics@lmpah.com,https://interactivestrength.com/,businessethics@lmpah.com,
"Intercontinental Exchange, Inc.",Intercontinental Exchange Inc,,,,,,
International Media Acquisition Corp.,International Media Acquisition Corp,internationaltrucks.com,https://mexico.internationaltrucks.com/,contacto@international.com,https://mexico.internationaltrucks.com/nosotros,contacto@international.com,
"International Money Express, Inc.",International Money Express Inc,internationaltrucks.com,https://mexico.internationaltrucks.com/soluciones-de-servicio,contacto@international.com,https://mexico.internationaltrucks.com/,contacto@international.com,
"International Seaways, Inc.",International Seaways Inc,internationaltrucks.com,http://www.360.internationaltrucks.com/,,https://mexico.internationaltrucks.com/uptime,contacto@navistar.com,
International Stem Cell CORP,International Stem Cell Corp,internationalstemcell.com,https://investors.internationalstemcell.com/,,https://investors.internationalstemcell.com/profiles/investor/ResLibraryView.asp?ResLibraryID=52980&GoTopage=18&Category=958&BzID=1468&G=583,agood@lippetaylor.com,
"Intra-Cellular Therapies, Inc.",Intra-Cellular Therapies Inc,intracellulartherapies.com,https://www.intracellulartherapies.com/,,https://www.intracellulartherapies.com/contact-us/,,
"Intrepid Potash, Inc.",Intrepid Potash Inc,intrepidpotash.com,https://www.intrepidpotash.com/investor-relations/financial-information/,info@intrepidpotash.com,https://www.intrepidpotash.com/contact-us/,info@intrepidpotash.com,
"Inuvo, Inc.",Inuvo Inc,inuvo.com,https://inuvo.com/investor/,shareholder@colonialstock.com,https://inuvo.com/contact-us/,,
"Invech Holdings, Inc.",Invech Holdings Inc,otcmarkets.com,https://www.otcmarkets.com/stock/IVHI/profile,,https://www.otcmarkets.com/stock/IVHI/profile,,
InvenTrust Properties Corp.,Inventrust Properties Corp,inventrustproperties.com,https://www.inventrustproperties.com/investor-relations/,InvestorRelations@InvenTrustProperties.com,https://www.inventrustproperties.com/contact-us/,info@InvenTrustProperties.com,
Invesco CurrencyShares Australian Dollar Trust,Invesco Currencyshares Australian Dollar Trust,invesco.com,https://www.invesco.com/us/en/financial-products/etfs/invesco-currencyshares-australian-dollar-trust.html,,https://www.invesco.com/us/en/financial-products/etfs/invesco-currencyshares-australian-dollar-trust.html,,
Invesco Galaxy Bitcoin ETF,Invesco Galaxy Bitcoin ETF,etfgi.com,https://etfgi.com/news/stories/2024/01/invesco-and-galaxy-offer-efficient-exposure-spot-bitcoin-through-invesco,stephanie.diiorio@invesco.com,https://etfgi.com/news/stories/2024/01/invesco-and-galaxy-offer-efficient-exposure-spot-bitcoin-through-invesco,stephanie.diiorio@invesco.com,
Invesco Mortgage Capital Inc.,Invesco Mortgage Capital Inc,,,,,,
Investar Holding Corp,Investar Holding Corp,freedomholdingcorp.com,https://ir.freedomholdingcorp.com/,,https://www.freedomholdingcorp.com/,,
Investcorp AI Acquisition Corp.,Investcorp AI Acquisition Corp,investcorp.com,https://www.investcorp.com/investor-relations/,investcorp-logo-black@2x.png,https://www.investcorp.com/,investcorp-logo-black@2x.png,
"Investcorp Credit Management BDC, Inc.",Investcorp Credit Management BDC Inc,icmbdc.com,https://icmbdc.com/investor-relation/,,https://icmbdc.com/,ICMBinfo@investcorp.com,
Investcorp Europe Acquisition Corp I,Investcorp Europe Acquisition Corp I,investcorp.com,https://www.investcorp.com/investor-relations/,investcorp-logo-black@2x.png,https://www.investcorp.com/what-we-do/private-equity/private-equity-europe/,investcorp-logo-black@2x.png,
"Investview, Inc.",Investview Inc,investview.com,https://investview.com/investors/,pr@investview.com,https://investview.com/investors/,pr@investview.com,
Invitation Homes Inc.,Invitation Homes Inc,invitationhomes.com,https://www.invitationhomes.com/,,https://www.invitationhomes.com/contact-us,,
"Invivyd, Inc.",Invivyd Inc,invivyd.com,https://www.investors.invivyd.com/news-releases/news-release-details/invivyd-reports-third-quarter-2025-financial-results-and-recent,,https://www.invivyd.com/,medinfo@invivyd.com,
Invizyne Technologies Inc,Invizyne Technologies Inc,invizyne.com,https://investors.invizyne.com/,,https://www.invizyne.com/,info@invizyne.com,
"IonQ, Inc.",Ionq Inc,ionq.com,https://investors.ionq.com/financials/quarterly-results/default.aspx,,https://ionq.com/,,
Iridium Communications Inc.,Iridium Communications Inc,iridium.com,https://investor.iridium.com/,supernav_auto@2x.jpg,https://www.iridium.com/,supernav_auto@2x.jpg,
Iris Acquisition Corp,Iris Acquisition Corp,otcmarkets.com,https://www.otcmarkets.com/stock/IRAA/profile,,https://www.otcmarkets.com/stock/IRAAW/profile,,
Iron Horse Acquisitions Corp.,Iron Horse Acquisitions Corp,,,,,,
Israel Acquisitions Corp,Israel Acquisitions Corp,israelacquisitionscorp.com,https://israelacquisitionscorp.com/,contact@israelspac.com,https://israelacquisitionscorp.com/,contact@israelspac.com,
Iterum Therapeutics plc,Iterum Therapeutics PLC,leadiq.com,https://leadiq.com/c/iterum-therapeutics-plc/5a1d9dbe2300005b008da153,Last@iterumtx.com,https://leadiq.com/c/adaptimmune-us/5a1d973d230000540085c961,support@leadiq.com,
Ivanhoe Electric Inc.,Ivanhoe Electric Inc,ivanhoeelectric.com,https://ivanhoeelectric.com/investors/reports-and-filings/,,https://ivanhoeelectric.com/contact-us/contact-us/,,
"Iveda Solutions, Inc.",Iveda Solutions Inc,iveda.com,https://iveda.com/ir/,invest@iveda.com,https://iveda.com/contact-us/,,
J M SMUCKER Co,J M Smucker Co,jmsmucker.com,https://investors.jmsmucker.com/,,https://www.jmsmucker.com/contact-us,email@domain.com,
J&J SNACK FOODS CORP,J&J Snack Foods Corp,jjsnackfoodservice.com,https://www.jjsnackfoodservice.com/,,https://www.jjsnackfoodservice.com/contact-us/,ConsumerRelations@jjsnack.com,
"J.Jill, Inc.",Jjill Inc,jjill.com,https://investors.jjill.com/Investors-Relations/Financial-Information/Financial-Summary/default.aspx,,https://investors.jjill.com/Investors-Relations/Investor-Resources/Contact-Us/default.aspx,,
JAAG Enterprises Ltd.,JAAG Enterprises Ltd,otcmarkets.com,https://www.otcmarkets.com/stock/JAGL/profile,,https://www.otcmarkets.com/stock/JAGL/profile,,
JACK HENRY & ASSOCIATES INC,JACK Henry & Associates Inc,jackhenry.com,https://ir.jackhenry.com/press-releases?mobile=1&page=1,,https://www.jackhenry.com/contact-us,,
JACK IN THE BOX INC,JACK IN THE BOX Inc,jackinthebox-menu.com,https://jackinthebox-menu.com/jack-in-the-box-value-menu/,,https://jackinthebox-menu.com/contact-us/,contact@jackinthebox-menu.com,
JACOBS SOLUTIONS INC.,Jacobs Solutions Inc,jacobs.com,https://invest.jacobs.com/,,https://www.jacobs.com/,,
JAKKS PACIFIC INC,Jakks Pacific Inc,,,,,,
JANUS HENDERSON GROUP PLC,Janus Henderson Group PLC,janushenderson.com,https://ir.janushenderson.com/financials/quarterly-results/default.aspx,,https://www.janushenderson.com/corporate/contact-us/,support@janushenderson.com,
JAPAN SMALLER CAPITALIZATION FUND INC,Japan Smaller Capitalization FUND Inc,japan-guide.com,https://www.japan-guide.com/forum/quereadisplay.html?0+149087,,https://www.japan-guide.com/forum/quereadisplay.html?0+84439,,
JBG SMITH Properties,JBG Smith Properties,jbgsmithliving.com,https://www.jbgsmithliving.com/searchlisting,,https://www.jbgsmithliving.com/termsandconditions,,
JEWETT CAMERON TRADING CO LTD,Jewett Cameron Trading Co Ltd,jewettcameron.com,https://jewettcameron.com/pages/investor-relations,info@jewettcameron.com,https://jewettcameron.com/pages/contact,info@jewettcameron.com,
JFrog Ltd,Jfrog Ltd,jfrog.com,https://investors.jfrog.com/financials/quarterly-results/default.aspx,,https://jfrog.com/contact-us/,inquiries@jfrog.com,
"JOHN WILEY & SONS, INC.",JOHN Wiley & SONS Inc,wiley.com,https://investors.wiley.com/why-invest/default.aspx,,https://www.wiley.com/en-us/about-us/contact/,,
JOHNSON & JOHNSON,Johnson & Johnson,johnsonsbaby.com,https://www.johnsonsbaby.com/purpose-standards/science-safety,,https://www.johnsonsbaby.com/contact-us,,
JOHNSON OUTDOORS INC,Johnson Outdoors Inc,johnsonoutdoors.com,https://www.johnsonoutdoors.com/us/investors/investor-snapshot,,https://www.johnsonoutdoors.com/us/contact-us,,
JOINT Corp,Joint Corp,jointcorp.com,https://www.jointcorp.com/?id=1,example@example.com,https://www.jointcorp.com/services/,example@example.com,
JONES LANG LASALLE INC,Jones LANG Lasalle Inc,,,,,,
JONES SODA CO,Jones SODA Co,jonessoda.com,https://investors.jonessoda.com/,JSDA@gatewayir.com,https://www.jonessoda.com/pages/contact-us,info@stagheaddesigns.com,
JPMORGAN CHASE & CO,Jpmorgan Chase & Co,jpmorganchase.com,https://www.jpmorganchase.com/ir,JPMCinvestorrelations@jpmchase.com,https://www.jpmorganchase.com/,,
JRSIS HEALTH CARE Corp,Jrsis Health CARE Corp,gehealthcare.com,https://investor.gehealthcare.com/,,https://www.gehealthcare.com/about/contact-us,paymentsupport@gehealthcare.com,
JUNIATA VALLEY FINANCIAL CORP,Juniata Valley Financial Corp,,,,,,
JUNIPER NETWORKS INC,Juniper Networks Inc,juniper.net,https://investor.juniper.net/investor-relations/press-releases/default.aspx,,https://support.juniper.net/support/requesting-support/,JSPMobileSupport@juniper.net,
"JUPITER NEUROSCIENCES, INC.",Jupiter Neurosciences Inc,jupiterneurosciences.com,https://jupiterneurosciences.com/,,https://jupiterneurosciences.com/,,
JVSPAC Acquisition Corp.,Jvspac Acquisition Corp,,,,,,
Jackson Acquisition Co II,Jackson Acquisition Co II,,,,,,
Jackson Financial Inc.,Jackson Financial Inc,jackson.financial,https://www.jackson.financial/,,https://www.jackson.financial/contact-us/,,
"James River Group Holdings, Ltd.",James River Group Holdings Ltd,jamesriverins.com,https://www.jamesriverins.com/default.aspx,info@jamesiverins.com,https://www.jamesriverins.com/default.aspx,info@jamesiverins.com,
Jamf Holding Corp.,Jamf Holding Corp,jamf.com,https://ir.jamf.com/overview/default.aspx,ir@jamf.com,https://ir.jamf.com/,,
Janover Inc.,Janover Inc,janoverinsurance.com,https://janoverinsurance.com/,,https://janoverinsurance.com/,,
"Janus International Group, Inc.",Janus International Group Inc,janusintl.com,https://ir.janusintl.com/,ir@janusintl.com,https://www.janusintl.com/contact,smartentrysupport@janusintl.com,
"Janux Therapeutics, Inc.",Janux Therapeutics Inc,,,,,,
"Japan Food Tech Holdings, Inc.",Japan Food Tech Holdings Inc,japanfoodtech.co.jp,http://www.japanfoodtech.co.jp/company/,,http://www.japanfoodtech.co.jp/contact/,info@japanfoodtech.co.jp,
"Jasper Therapeutics, Inc.",Jasper Therapeutics Inc,jaspertherapeutics.com,https://ir.jaspertherapeutics.com/news-events/presentations,,https://ir.jaspertherapeutics.com/ir-resources/contact-ir,,
Jaws Mustang Acquisition Corp,Jaws Mustang Acquisition Corp,,,,,,
Jazz Pharmaceuticals plc,Jazz Pharmaceuticals PLC,jazzpharma.com,https://investor.jazzpharma.com/,,https://www.jazzpharma.com/contact,corporateaffairsmediainfo@jazzpharma.com,
Jefferies Financial Group Inc.,Jefferies Financial Group Inc,jefferies.com,https://ir.jefferies.com/overview/,,https://www.jefferies.com/contact-us/,,
"Jerash Holdings (US), Inc.",Jerash Holdings US Inc,jerashholdings.com,https://ir.jerashholdings.com/,,https://jerashholdings.com/contact-us/,enquiry@jerashholdings.com,
Jet.AI Inc.,jet.ai Inc,jettoken.com,https://jettoken.com/About,,https://jettoken.com/jet-cards,,
"Jingbo Technology, Inc.",Jingbo Technology Inc,stockanalysis.com,https://stockanalysis.com/quote/otc/SVMB/statistics/,,https://stockanalysis.com/quote/otc/SVMB/company/,,
"Joby Aviation, Inc.",Joby Aviation Inc,jobyaviation.com,https://ir.jobyaviation.com/,investors@jobyaviation.com,https://www.jobyaviation.com/,,
John Bean Technologies CORP,John Bean Technologies Corp,johnbean.com,https://www.johnbean.com/us/,,https://www.johnbean.com/us/wheel-alignment-machines/,,
"John Marshall Bancorp, Inc.",John Marshall Bancorp Inc,johnmarshallbank.com,https://investor.johnmarshallbank.com/,,https://www.johnmarshallbank.com/about-us/contact-us/,jmbconsumerlending@johnmarshallbank.com,
Johnson Controls International plc,Johnson Controls International PLC,johnsoncontrols.com,https://investors.johnsoncontrols.com/news-and-events/press-releases/johnson-controls-international-plc/2025/02-05-2025-115519190,,https://investors.johnsoncontrols.com/news-and-events/press-releases/johnson-controls-international-plc/2025/02-05-2025-115519190,,
Journey Medical Corp,Journey Medical Corp,journeymedicalcorp.com,https://ir.journeymedicalcorp.com/,ir@jmcderm.com,https://journeymedicalcorp.com/contact-us/,,
KAANAPALI LAND LLC,Kaanapali LAND LLC,kaanapaliland.com,http://kaanapaliland.com/pages/,,http://www.kaanapaliland.com/pages/contact.php,,
KADANT INC,Kadant Inc,kadant.com,https://investor.kadant.com/static-files/f016dc37-4104-4d40-9064-d3175e1a6bc7,,https://kadant.com/en/contact,,
"KALA BIO, Inc.",KALA BIO Inc,kalabrand.com,https://kalabrand.com/blogs/home,,https://kalabrand.com/collections/solid-wood,,
KALTURA INC,Kaltura Inc,,,,,,
KB HOME,KB HOME,newhomesource.com,https://www.newhomesource.com/builder/kb-home/reviews/5/page-394,NewHomeSource_logo@2x.png,https://www.newhomesource.com/builder/kb-home/reviews/5/colorado/denver-area,NewHomeSource_logo@2x.png,
"KBR, INC.",KBR Inc,kbr.com,https://investors.kbr.com/resources/contact-us/default.aspx,investors@kbr.com,https://www.kbr.com/,,
"KBS Real Estate Investment Trust III, Inc.",KBS Real Estate Investment Trust III Inc,kbs-cmg.com,https://kbs-cmg.com/offerings/kbs-real-estate-investment-trust-iii/investor-information/,,https://kbs-cmg.com/contact-us/,,
KEEMO Fashion Group Ltd,Keemo Fashion Group Ltd,,,,,,
KELLANOVA,Kellanova,,,,,,
KELLY SERVICES INC,Kelly Services Inc,kellyservices.com,https://ir.kellyservices.com/board-composition-matrix,,https://www.kellyservices.com/contact-us/,,
KEMPER Corp,Kemper Corp,kemper.com,https://investors.kemper.com/stock-info/default.aspx,,https://wwwi0.kemper.com/about-kemper/contact-us,service@kemperdirect.com,
KEY TRONIC CORP,KEY Tronic Corp,,,,,,
KEYCORP /NEW/,Keycorp /New/,keycorpltd.com,http://www.keycorpltd.com/pages/option/financial-results-annual-reports,,http://keycorpltd.com/pages/download/bWVkaWEvY29ycG9yYXRlLWdvdmVybmFuY2UtY29kZS1vZi1jb25kdWN0L0NvZGUgb2YgQ29uZHVjdC5wZGY=,,
KFORCE INC,Kforce Inc,workingincontent.com,https://workingincontent.com/companies/kforce-inc,,https://workingincontent.com/companies/kforce-inc,,
KHEOBA CORP.,Kheoba Corp,marketscreener.com,https://www.marketscreener.com/quote/stock/KHEOBA-CORP-170409556/news/Kheoba-Annual-Report-for-Fiscal-Year-Ending-10-31-2024-Form-10-K-48682077/,,https://www.marketscreener.com/quote/stock/KHEOBA-CORP-170409556/company/,,
KIDPIK CORP.,Kidpik Corp,kidpik.com,https://investor.kidpik.com/,,https://shop.kidpik.com/pages/contact-us,hello@kidpik.com,
KILROY REALTY CORP,Kilroy Realty Corp,kilroyrealty.com,https://investors.kilroyrealty.com/investors/shareholders/presentations/default.aspx,,https://kilroyrealty.com/?source=quarterlytics.com,,
KIMBERLY CLARK CORP,Kimberly Clark Corp,,,,,,
KIMCO REALTY CORP,Kimco Realty Corp,kimcorealty.com,https://investors.kimcorealty.com/corporate-profile-1/default.aspx,IR@kimcorealty.com,https://www.kimcorealty.com/?aspxerrorpath=/corporateresponsibility/csrkeysprogram.aspx,,
"KINDER MORGAN, INC.",Kinder Morgan Inc,kindermorgan.com,https://ir.kindermorgan.com/events-and-presentations/default.aspx,,https://www.kindermorgan.com/Contact-Us/Contact-Us,michael_breazeale@kindermorgan.com,
"KINETA, INC./DE",Kineta Inc./De,kineta.com,https://kineta.com/en/,,https://www.kineta.com/en/contact.php/location.php,info@kineta.com,
KINETIC GROUP INC.,Kinetic Group Inc,thekineticgroupinc.com,https://thekineticgroupinc.com/,,https://thekineticgroupinc.com/,,
KINGSWAY FINANCIAL SERVICES INC,Kingsway Financial Services Inc,kingsway-financial.com,https://kingsway-financial.com/investor-relations/,james@haydenir.com,https://kingsway-financial.com/,james@haydenir.com,
KIORA PHARMACEUTICALS INC,Kiora Pharmaceuticals Inc,kiorapharma.com,https://ir.kiorapharma.com/,investors@kiorapharma.com,https://kiorapharma.com/contact/,info@kiorapharma.com,
KIRBY CORP,Kirby Corp,kirbycorp.com,https://kirbycorp.com/,investor.relations@kirbycorp.com,https://kirbycorp.com/contact/,public.affairs@kirbycorp.com,
"KIRKLAND'S, INC",Kirkland S Inc,,,,,,
KITE REALTY GROUP TRUST,KITE Realty Group Trust,kiterealty.com,https://kiterealty.com/,,https://kiterealty.com/company/contact,,
KKR Income Opportunities Fund,KKR Income Opportunities Fund,kkrfunds.com,https://www.kkrfunds.com/kio/,,https://www.kkrfunds.com/kio/,,
KKR Real Estate Finance Trust Inc.,KKR Real Estate Finance Trust Inc,kkr.com,https://www.kkr.com/invest/real-estate,,https://www.kkr.com/invest/real-estate,,
KLA CORP,KLA Corp,kla.com,https://ir.kla.com/,media@kla.com,https://www.kla.com/services,,
KLDiscovery Inc.,Kldiscovery Inc,kldiscovery.com,https://investors.kldiscovery.com/financials/quarterly-results/default.aspx,,https://www.kldiscovery.com/contact,info@kldiscovery.com,
"KLX Energy Services Holdings, Inc.",KLX Energy Services Holdings Inc,hartenergy.com,https://www.hartenergy.com/exclusives/klx-energy-services-expands-82-million-worth-acquisitions-178530,Krysta.Turner@energynet.com,https://www.hartenergy.com/companies/klx-energy-services-holdings-inc,darren.barbee@crain.com,
"KNOW LABS, INC.",KNOW LABS Inc,knowlabsintl.com,https://knowlabsintl.com/,hello@rfuenzalida.com,https://knowlabsintl.com/,hello@rfuenzalida.com,
"KONA GOLD BEVERAGE, INC.",KONA GOLD Beverage Inc,,,,,,
KOPIN CORP,Kopin Corp,kopin.com,https://www.kopin.com/investors/,,https://www.kopin.com/about/contact/,kmanso@kopin.com,
"KORE Group Holdings, Inc.",KORE Group Holdings Inc,koreessentials.com,https://www.koreessentials.com/,ecom-swiper@11.css,https://www.koreessentials.com/pages/contact-us,support@starapps.studio,
KORN FERRY,KORN Ferry,kornferry.com,https://ir.kornferry.com/,IR@KornFerry.com,https://www.kornferry.com/customer-support,cts-support@kornferry.com,
"KORU Medical Systems, Inc.",KORU Medical Systems Inc,korumedical.com,https://investors.korumedical.com/,louisa@gilmartinir.com,https://korumedical.com/contact-us/,info@korumedical.com,
KOSS CORP,KOSS Corp,kosscorp.com,https://www.kosscorp.com/,605a7baede844d278b89dc95ae0a9123@sentry-next.wixpress.com,https://www.kosscorp.com/,info@kosscorp.com,
"KRATOS DEFENSE & SECURITY SOLUTIONS, INC.",Kratos Defense & Security Solutions Inc,kratosdefense.com,https://ir.kratosdefense.com/,,https://www.kratosdefense.com/,,
KROGER CO,Kroger Co,kroger-mytime.com,https://www.kroger-mytime.com/,admin@kroger-mytime.com,https://www.kroger-mytime.com/www-kroger-com-i-feedback/,admin@kroger-mytime.com,
KRONOS ADVANCED TECHNOLOGIES INC,Kronos Advanced Technologies Inc,kronosair.com,https://kronosair.com/,,https://kronosair.com/,,
KRONOS WORLDWIDE INC,Kronos Worldwide Inc,kronos-worldwide.com,https://kronos-worldwide.com/,,https://kronos-worldwide.com/,,
KULICKE & SOFFA INDUSTRIES INC,Kulicke & Soffa Industries Inc,,,,,,
"KULR Technology Group, Inc.",KULR Technology Group Inc,kulr.ai,https://kulr.ai/kulr-releases-new-investor-presentation/,ir@kulrtechnology.com,https://kulr.ai/,email@domain.com,
"KURA SUSHI USA, INC.",KURA Sushi USA Inc,kurasushi.com,https://kurasushi.com/newsroom,customerservice@kurausa.com,https://kurasushi.com/contact,customerservice@kurausa.com,
KVH INDUSTRIES INC DE,KVH Industries Inc DE,kvh.com,https://ir.kvh.com/,,https://www.kvh.com/,,
"Kairos Pharma, LTD.",Kairos Pharma Ltd,kairospharma.com,https://investors.kairospharma.com/ir-resources/investor-faq/default.aspx,,https://kairospharma.com/contact/,investors@kairospharma.com,
Kairous Acquisition Corp. Ltd,Kairous Acquisition Corp Ltd,kairous.com,https://kairous.com/,enquiry@kairous.com,https://kairous.com/contact-us/,enquiry@kairous.com,
"Kaival Brands Innovations Group, Inc.",Kaival Brands Innovations Group Inc,kaival.net,https://kaival.net/,,https://kaival.net/,,
"KalVista Pharmaceuticals, Inc.",Kalvista Pharmaceuticals Inc,kalvista.com,https://ir.kalvista.com/news-releases/news-release-details/kalvista-pharmaceuticals-reports-inducement-grants-under-42/,,https://www.kalvista.com/,,
Karbon-X Corp.,Karbon-X Corp,karbonhq.com,https://karbonhq.com/resources/karbon-values-connectivity-openness/,,https://karbonhq.com/contact-us/,press@karbonhq.com,
"Kartoon Studios, Inc.",Kartoon Studios Inc,joeydrewstudios.com,https://joeydrewstudios.com/archive,user@domain.com,https://joeydrewstudios.com/terms,user@domain.com,
"Katapult Holdings, Inc.",Katapult Holdings Inc,katapultholdings.com,https://ir.katapultholdings.com/financial-information/quarterly-financial-results/default.aspx,,https://ir.katapultholdings.com/resources/investor-contact/default.aspx,,
"Kaya Holdings, Inc.",Kaya Holdings Inc,kayaholdings.com,https://kayaholdings.com/investors/,info@kayaholdings.com,https://kayaholdings.com/contact-us-2/,info@kayaholdings.com,
"Kayne Anderson BDC, Inc.",Kayne Anderson BDC Inc,,,,,,
Kearny Financial Corp.,Kearny Financial Corp,kearnybank.com,https://www.kearnybank.com/,hmoskal@kearnybank.com,https://www.kearnybank.com/,hmoskal@kearnybank.com,
Kentucky First Federal Bancorp,Kentucky First Federal Bancorp,kentuckytourism.com,https://www.kentuckytourism.com/detail/articles/2025/06/23/discover-kentucky-s-early-story--frontier-beginnings-and-founding-history,,https://www.kentuckytourism.com/contact/staff-directory,,
Kenvue Inc.,Kenvue Inc,kenvue.com,https://investors.kenvue.com/financial-news/default.aspx,,https://www.kenvue.com/contact-us,,
Keurig Dr Pepper Inc.,Keurig Dr Pepper Inc,keurigdrpepper.com,https://news.keurigdrpepper.com/news-releases,splash-multi02@2x.png,https://careers.keurigdrpepper.com/,,
"Kezar Life Sciences, Inc.",Kezar Life Sciences Inc,kezarlifesciences.com,https://ir.kezarlifesciences.com/investor-resources/investor-contact,,https://kezarlifesciences.com/contact,,
"Kimball Electronics, Inc.",Kimball Electronics Inc,kimballelectronics.com,https://investors.kimballelectronics.com/financials/quarterly-results/default.aspx,,https://www.kimballelectronics.com/,sample@email.com,
"Kimbell Royalty Partners, LP",Kimbell Royalty Partners LP,kimbellrp.com,https://kimbellrp.com/,,https://kimbellrp.com/contact/,,
"KinderCare Learning Companies, Inc.",Kindercare Learning Companies Inc,kindercare.com,https://investors.kindercare.com/financials/quarterly-results/default.aspx,,https://investors.kindercare.com/,,
"Kindly MD, Inc.",Kindly MD Inc,kindlymd.com,https://investors.kindlymd.com/,investors@kindlymd.com,https://kindlymd.com/contact-us/,eliot@utthc.com,
Kinetic Seas Inc.,Kinetic Seas Inc,kineticseas.com,http://www.kineticseas.com/,,http://www.kineticseas.com/,,
Kinetik Holdings Inc.,Kinetik Holdings Inc,kinetik.com,https://ir.kinetik.com/news/default.aspx,,https://www.kinetik.com/about-us/our-team/,,
"Kiniksa Pharmaceuticals International, plc",Kiniksa Pharmaceuticals International PLC,kiniksa.com,https://www.kiniksa.com/,,https://www.kiniksa.com/medinfo,,
"Kinsale Capital Group, Inc.",Kinsale Capital Group Inc,kinsalecapitalgroup.com,https://ir.kinsalecapitalgroup.com/news/default.aspx,,https://ir.kinsalecapitalgroup.com/resources/investor-contacts/default.aspx,,
"Kiromic Biopharma, Inc.",Kiromic Biopharma Inc,,,,,,
Kisses From Italy Inc.,Kisses From Italy Inc,,,,,,
"Klaviyo, Inc.",Klaviyo Inc,klaviyo.com,https://investors.klaviyo.com/overview/default.aspx,ir@klaviyo.com,https://www.klaviyo.com/contact-us,reportphishing@klaviyo.com,
"Klotho Neurosciences, Inc.",Klotho Neurosciences Inc,klothoneuro.com,https://ir.klothoneuro.com/,,https://klothoneuro.com/contact/,,
Knife River Corp,Knife River Corp,kniferiver.com,https://investors.kniferiver.com/stock-info/default.aspx,,https://www.kniferiver.com/about-us/,,
Knight-Swift Transportation Holdings Inc.,Knight-Swift Transportation Holdings Inc,knight-swift.com,https://investor.knight-swift.com/events-and-presentations/default.aspx,,https://knight-swift.com/services/,,
"Knightscope, Inc.",Knightscope Inc,knightscope.com,https://ir.knightscope.com/,sbuck@hcwresearch.com,https://knightscope.com/contact,security@knightscope.com,
Knowles Corp,Knowles Corp,knowles.com,https://investor.knowles.com/,,https://www.knowles.com/,,
"Kodiak Gas Services, Inc.",Kodiak Gas Services Inc,kodiakgas.com,https://ir.kodiakgas.com/,IR@kodiakgas.com,https://kodiakgas.com/contact-us/,sales@kodiakgas.com,
Kodiak Sciences Inc.,Kodiak Sciences Inc,kodiak.com,https://ir.kodiak.com/financial-information/quarterly-results,,https://kodiak.com/our-company/,info@kodiak.com,
"Koil Energy Solutions, Inc.",Koil Energy Solutions Inc,koilenergy.com,https://www.koilenergy.com/Investors/Press-Releases/,,https://www.koilenergy.com/Contact/,ir@koilenergy.com,
"KonaTel, Inc.",Konatel Inc,konatel.com,https://konatel.com/news/news.aspx,,https://konatel.com/aboutus.aspx,,
"Kontoor Brands, Inc.",Kontoor Brands Inc,kontoorbrands.com,https://www.kontoorbrands.com/investors,IR@KontoorBrands.com,https://www.kontoorbrands.com/contact,julia.burge@kontoorbrands.com,
Koppers Holdings Inc.,Koppers Holdings Inc,koppers.com,https://investors.koppers.com/corporate-overview?c=194019&p=irol-irhome,,https://www.koppers.com/,,
"Korro Bio, Inc.",Korro Bio Inc,korrobio.com,https://ir.korrobio.com/shareholder-services/investor-faqs,,https://www.korrobio.com/contact/,,
Kosmos Energy Ltd.,Kosmos Energy Ltd,kosmosenergy.com,https://www.kosmosenergy.com/,,https://www.kosmosenergy.com/contact-us/,,
Kraft Heinz Co,Kraft Heinz Co,kraftheinz.com,https://www.kraftheinz.com/,name@example.com,https://contactus.kraftheinz.com/en-us,,
"Kraig Biocraft Laboratories, Inc",Kraig Biocraft Laboratories Inc,,,,,,
"Krispy Kreme, Inc.",Krispy Kreme Inc,krispykreme.com,https://investors.krispykreme.com/ir-home/default.aspx,,https://www.krispykreme.com/,,
"Kronos Bio, Inc.",Kronos Bio Inc,kronosbio.com,https://www.kronosbio.com/about-us/,,https://www.kronosbio.com/about-us/,,
Kuber Resources Corp,Kuber Resources Corp,kuberresources.com,https://kuberresources.com/,info@kuberresources.com,https://kuberresources.com/,info@kuberresources.com,
"Kubient, Inc.",Kubient Inc,kubient.com,https://kubient.com/ir-sub/index/,,https://kubient.com/privacy/,,
"Kura Oncology, Inc.",Kura Oncology Inc,kuraoncology.com,https://ir.kuraoncology.com/,,https://kuraoncology.com/contact/,email@domain.url,
"KwikClick, Inc.",Kwikclick Inc,stockanalysis.com,https://stockanalysis.com/quote/otc/KWIK/,,https://stockanalysis.com/quote/otc/KWIK/,,
"Kymera Therapeutics, Inc.",Kymera Therapeutics Inc,,,,,,
"Kyndryl Holdings, Inc.",Kyndryl Holdings Inc,kyndryl.com,https://investors.kyndryl.com/news-events/presentations,,https://investors.kyndryl.com/news-releases/news-release-details/kyndryl-and-nova-intelligence-announce-strategic-collaboration,,
"L3HARRIS TECHNOLOGIES, INC. /DE/",L3Harris Technologies Inc,l3harris.com,https://investors.l3harris.com/,,https://www.l3harris.com/all-capabilities/pspc-customer-care,PSPC_intcustfocus@L3Harris.com,
LA-Z-BOY INC,LA-Z-BOY Inc,la-z-boy.com,https://www.la-z-boy.com/content/AboutLaZBoy/financial-responsibility,,https://www.la-z-boy.com/content/CustomerCare,name@site.com,
"LAKE SHORE BANCORP, INC.",LAKE Shore Bancorp Inc,lakeshoresavings.com,https://ir.lakeshoresavings.com/,,https://ir.lakeshoresavings.com/resources/contact-us,,
LAKELAND FINANCIAL CORP,Lakeland Financial Corp,lakelandedc.com,https://lakelandedc.com/,,https://lakelandedc.com/,,
LAKELAND INDUSTRIES INC,Lakeland Industries Inc,lakeland.com,https://ir.lakeland.com/,LAKE@mzgroup.us,https://www.lakeland.com/customer-service/,,
LAM RESEARCH CORP,LAM Research Corp,lamresearch.com,https://investor.lamresearch.com/,Investor.Relations@lamresearch.com,https://www.lamresearch.com/customer-support/,LAM-newmachine-130_fix@2x.png,
LANCASTER COLONY CORP,Lancaster Colony Corp,lancaster.com,https://www.lancaster.com/en,contact@lancaster.com,https://www.lancaster.com/en-us/pages/faq,contact@lancaster.com,
LANDMARK BANCORP INC,Landmark Bancorp Inc,banklandmark.com,https://investor.banklandmark.com/corporate-overview/corporate-profile/default.aspx,,https://www.banklandmark.com/about-us/contact-us/,LNBmail@banklandmark.com,
"LANDS' END, INC.",Lands END Inc,landsend.com,https://investors.landsend.com/financials-filings/sec-filings,,https://www.landsend.com/customer-service/contact-us/,landsend@landsend.com,
LANDSTAR SYSTEM INC,Landstar System Inc,landstar.com,https://investor.landstar.com/analysts,,https://www.landstar.com/contact/,,
LANTRONIX INC,Lantronix Inc,nasdaq.com,https://www.nasdaq.com/articles/lantronix-inc-ltrx-q4-earnings-meet-estimates,,https://www.nasdaq.com/contact-us,,
LAS VEGAS SANDS CORP,LAS Vegas Sands Corp,,,,,,
LATTICE SEMICONDUCTOR CORP,Lattice Semiconductor Corp,lattice-semiconductor.com,https://www.lattice-semiconductor.com/,,https://www.lattice-semiconductor.com/,,
"LAUREATE EDUCATION, INC.",Laureate Education Inc,laureate.net,https://investors.laureate.net/news/default.aspx,,https://www.laureate.net/terms-and-conditions,,
LAZARD GLOBAL TOTAL RETURN & INCOME FUND INC,Lazard Global Total Return & Income FUND Inc,lazardassetmanagement.com,https://www.lazardassetmanagement.com/us/en_us/investment-solutions/how-to-invest/3/19,,https://www.lazardassetmanagement.com/us/en_us/investment-solutions/how-to-invest/3/19,,
LCI INDUSTRIES,LCI Industries,lcindustries.com,https://www.lcindustries.com/,,https://www.lcindustries.com/contact/,,
LCNB CORP,LCNB Corp,,,,,,
"LEAFBUYER TECHNOLOGIES, INC.",Leafbuyer Technologies Inc,leafbuyer.com,https://www.leafbuyer.com/investor,,https://www.leafbuyer.com/contactus,roger@leafbuyer.com,
"LEAP THERAPEUTICS, INC.",LEAP Therapeutics Inc,leaptodigital.com,https://leaptodigital.com/blog/leap-makes-inc-5000-list-for-third-straight-year,,https://leaptodigital.com/,,
LEAR CORP,LEAR Corp,lear.com,https://ir.lear.com/financial-information/,,https://www.lear.com/contact-us,,
"LEE ENTERPRISES, Inc",LEE Enterprises Inc,,,,,,
"LEGALZOOM.COM, INC.",legalzoom.com Inc,legalzoom.com,https://investors.legalzoom.com/?page=4,,https://divorce.legalzoom.com/contact/,press@legalzoom.com,
LEGGETT & PLATT INC,Leggett & Platt Inc,leggett.com,https://leggett.com/,,https://leggett.com/contact,sample@example.com,
LEHMAN ABS CORP GOLDMAN SACHS CAP 1 SEC BACKED SER 2004-6,Lehman ABS Corp Goldman Sachs CAP 1 SEC Backed SER 2004-6,goldmansachs.com,https://www.goldmansachs.com/investor-relations,gs-investor-relations@gs.com,https://www.goldmansachs.com/our-firm/locations,,
LEMAITRE VASCULAR INC,Lemaitre Vascular Inc,lemaitre.com,https://ir.lemaitre.com/webcasts,,https://www.lemaitre.com/,,
"LENDWAY, INC.",Lendway Inc,lendway.com,https://lendway.com/author/investors/,,https://lendway.com/contact/,info@lendway.com,
LENNAR CORP /NEW/,Lennar Corp /New/,lennar.com,https://investors.lennar.com/,,https://investors.lennar.com/information-request/contact-us,,
LENNOX INTERNATIONAL INC,Lennox International Inc,lennoxglobal.com,https://www.lennoxglobal.com/en/,,https://www.lennoxglobal.com/en/contact,,
"LENSAR, Inc.",Lensar Inc,lensar.com,https://ir.lensar.com/news/default.aspx,,https://lensar.com/contact-us/,RING22Asset-1@2x-1.png,
"LENZ Therapeutics, Inc.",LENZ Therapeutics Inc,lenzinc.com,https://lenzinc.com/,,https://lenzinc.com/content/contact,,
LEVI STRAUSS & CO,LEVI Strauss & Co,levistrauss.com,https://investors.levistrauss.com/,,https://www.levistrauss.com/,,
"LEXICON PHARMACEUTICALS, INC.",Lexicon Pharmaceuticals Inc,stackexchange.com,https://law.stackexchange.com/questions/112403/to-what-extent-can-competitors-cooperate-on-product-safety-without-running-afoul,apple-touch-icon@2.png,https://english.stackexchange.com/questions/598437/how-to-put-possessive-s-after-a-full-company-name,apple-touch-icon@2.png,
"LGI Homes, Inc.",LGI Homes Inc,lgihomes.com,https://investor.lgihomes.com/news-releases/news-release-details/lgi-homes-inc-reports-third-quarter-2025-results,,https://www.lgihomes.com/,info@lgihomes.com,
LGL GROUP INC,LGL Group Inc,lglgroup.com,https://lglgroup.com/investor-relations,info@lglgroup.com,https://www.lglgroup.com/contact/contact_the_lgl_group,info@lglgroup.com,
LIBERTY STAR URANIUM & METALS CORP.,Liberty STAR Uranium & Metals Corp,,,,,,
"LIFECORE BIOMEDICAL, INC. \DE\",Lifecore Biomedical Inc DE,lifecore.com,https://www.lifecore.com/,,https://www.lifecore.com/contact/,,
"LIFETIME BRANDS, INC",Lifetime Brands Inc,lifetimebrands.com,https://lifetimebrands.com/,questions@lifetimebrands.com,https://lifetimebrands.com/pages/customer-care,questions@lifetimebrands.com,
LIGAND PHARMACEUTICALS INC,Ligand Pharmaceuticals Inc,ligand.com,https://investor.ligand.com/,investors@ligand.com,https://www.ligand.com/contact/,,
LIGHTBRIDGE Corp,Lightbridge Corp,lightbridgeacademy.com,https://lightbridgeacademy.com/,smccue@lightbridgeacademy.com,https://lightbridgeacademy.com/,smccue@lightbridgeacademy.com,
LIGHTPATH TECHNOLOGIES INC,Lightpath Technologies Inc,lightpath.com,https://www.lightpath.com/investors,luke.zimmerman@mzgroup.us,https://www.lightpath.com/contact,acctsrecv@Lightpath.com,
LINCOLN EDUCATIONAL SERVICES CORP,Lincoln Educational Services Corp,lincolneducationalservices.com,https://investors.lincolneducationalservices.com/shareholder-services,,https://investors.lincolneducationalservices.com/shareholder-services,,
LINCOLN ELECTRIC HOLDINGS INC,Lincoln Electric Holdings Inc,,,,,,
LINCOLN NATIONAL CORP,Lincoln National Corp,,,,,,
"LINDBLAD EXPEDITIONS HOLDINGS, INC.",Lindblad Expeditions Holdings Inc,expeditions.com,https://investors.expeditions.com/presentations/default.aspx,,https://investors.expeditions.com/contact/default.aspx,,
LINDE PLC,Linde PLC,linde.com,https://www.linde.com/investors/regulated-information,votingrightslindeplc@linde.com,https://www.linde.com/contact-us,Investor.Relations@Linde.com,
LINDSAY CORP,Lindsay Corp,lindsay.com,https://www.lindsay.com/usca/en/about/investor-relations,Alicia.Pfeifer@lindsay.com,https://www.lindsay.com/usca/en/contact,email@example.com,
"LINGERIE FIGHTING CHAMPIONSHIPS, INC.",Lingerie Fighting Championships Inc,foxylingerie.com,https://www.foxylingerie.com/collections/spicy-lingerie,service@foxylingerie.com,https://www.foxylingerie.com/collections/spicy-lingerie,service@foxylingerie.com,
"LINKBANCORP, Inc.",Linkbancorp Inc,,,,,,
LION COPPER & GOLD CORP.,LION Copper & GOLD Corp,lioncg.com,https://lioncg.com/investors/presentations/,,https://lioncg.com/contact/,info@lioncg.com,
LIONS GATE ENTERTAINMENT CORP /CN/,Lions GATE Entertainment Corp,lionsgate.com,https://investors.lionsgate.com/financials/quarterly-results/default.aspx,,https://www.lionsgate.com/,,
LIPELLA PHARMACEUTICALS INC.,Lipella Pharmaceuticals Inc,lipella.com,https://ir.lipella.com/,,https://lipella.com/contact-us,info@lipella.com,
LIQTECH INTERNATIONAL INC,Liqtech International Inc,liqtech.com,https://liqtech.com/,,https://liqtech.com/about-liqtech/contact/,info@liqtech.com,
LIQUIDITY SERVICES INC,Liquidity Services Inc,liquidityservices.com,https://investors.liquidityservices.com/shareholder-services/investor-faqs,,https://liquidityservices.com/company/contact-us,Info@LiquidityServices.com,
LIQUIDMETAL TECHNOLOGIES INC,Liquidmetal Technologies Inc,liquidmetal.com,https://www.liquidmetal.com/,sales@liquidmetal.com,https://www.liquidmetal.com/contact,sales@liquidmetal.com,
"LISATA THERAPEUTICS, INC.",Lisata Therapeutics Inc,turntherapeutics.com,https://turntherapeutics.com/announcement-of-expected-first-day-of-trading-on-nasdaq-global-market/,,https://turntherapeutics.com/,,
LITHIA MOTORS INC,Lithia Motors Inc,,,,,,
LITTELFUSE INC /DE,Littelfuse Inc /De,,,,,,
LIVE VENTURES Inc,LIVE Ventures Inc,liveventures.com,https://ir.liveventures.com/,support@liveventures.com,https://www.liveventures.com/,support@liveventures.com,
LIVEPERSON INC,Liveperson Inc,liveperson.com,https://ir.liveperson.com/stock-information,,https://www.liveperson.com/solutions/customer-care/,,
LKQ CORP,LKQ Corp,lkqcorp.com,https://investor.lkqcorp.com/news/default.aspx,jpboutross@lkqcorp.com,https://www.lkqcorp.com/contact-us/,,
LOCKHEED MARTIN CORP,Lockheed Martin Corp,lockheedmartin.com,https://investors.lockheedmartin.com/shareholder-services/investor-kit/,,https://www.lockheedmartin.com/en-us/contact.html,vms.lmsecurity@lmco.com,
LOEWS CORP,Loews Corp,,,,,,
"LOGIQ, INC.",Logiq Inc,logiqair.com,https://logiqair.com/,hiring@logiqair.com,https://logiqair.com/,info@stagheaddesigns.com,
LOGITECH INTERNATIONAL S.A.,Logitech International SA,logitech.com,https://ir.logitech.com/,,https://ir.logitech.com/investor-resources/contact/default.aspx,,
LOWES COMPANIES INC,Lowes Companies Inc,lowes.com,https://corporate.lowes.com/investors,,https://www.lowes.com/l/about/store-services,react-dom@16.14.0.js,
LPL Financial Holdings Inc.,LPL Financial Holdings Inc,,,,,,
LQR House Inc.,LQR House Inc,lqrhouse.com,https://invest.lqrhouse.com/,,https://lqrhouse.com/,,
"LSB INDUSTRIES, INC.",LSB Industries Inc,lsbindustries.com,https://investors.lsbindustries.com/ir-resources/contact-ir,,https://lsbindustries.com/,,
LSEB Creative Corp.,LSEB Creative Corp,lsebcreative.com,https://lsebcreative.com/investors/,info@lsebcreative.com,https://lsebcreative.com/,,
LSI INDUSTRIES INC,LSI Industries Inc,lsicorp.com,https://investors.lsicorp.com/news/default.aspx,LYTS@vallumadvisors.com,https://lsicorp.com/about-lsi/contact-us/,,
LTC PROPERTIES INC,LTC Properties Inc,ltcreit.com,https://ir.ltcreit.com/,shareholder@broadridge.com,https://www.ltcreit.com/contact/,,
"LUMOS PHARMA, INC.",Lumos Pharma Inc,lumos-pharma.com,https://investors.lumos-pharma.com/corporate-governance/board-of-directors,,https://lumos-pharma.com/,ir@lumos-pharma.com,
LUXFER HOLDINGS PLC,Luxfer Holdings PLC,luxfer.com,https://www.luxfer.com/investors/,,https://www.luxfer.com/contact/,investor.relations@luxfer.com,
LUXURBAN HOTELS INC.,Luxurban Hotels Inc,luxurbanhotels.com,https://investor.luxurbanhotels.com/financials/sec-filings/sec-filings-details/default.aspx?FilingId=16184857,,https://email.luxurbanhotels.com/,,
LVPAI GROUP Ltd,Lvpai Group Ltd,moomoo.com,https://www.moomoo.com/stock/LVPA-US/news/news,,https://www.moomoo.com/stock/LVPA-US/financial/key-indicators,,
LXP Industrial Trust,LXP Industrial Trust,lxp.com,https://www.lxp.com/,,https://www.lxp.com/contact-us/,,
"LZG INTERNATIONAL, INC.",LZG International Inc,,,,,,
La Rosa Holdings Corp.,La Rosa Holdings Corp,larosaholdings.com,https://larosaholdings.com/,info@larosaholdings.com,https://larosaholdings.com/,info@larosaholdings.com,
LadRx Corp,Ladrx Corp,,,,,,
Ladder Capital Corp,Ladder Capital Corp,laddercapital.com,https://ir.laddercapital.com/stock-information/default.aspx,,https://www.laddercapital.com/contact/,contact@laddercapital.com,
"Laird Superfood, Inc.",Laird Superfood Inc,lairdsuperfood.com,https://investors.lairdsuperfood.com/news/default.aspx,investors@lairdsuperfood.com,https://lairdsuperfood.com/pages/contact-us,aloha@lairdsuperfood.com,
Lakeside Holding Ltd,Lakeside Holding Ltd,lakeside-holding.com,https://investors.lakeside-holding.com/,,https://lakeside-holding.com/,matthrew@strategic-ir.com,
"Lamb Weston Holdings, Inc.",Lamb Weston Holdings Inc,lambweston.com,https://investors.lambweston.com/stock-and-filings/stock-information,,https://www.lambweston.com/,xxxx@yyyy.zzz,
LandBridge Co LLC,Landbridge Co LLC,,,,,,
Landsea Homes Corp,Landsea Homes Corp,landseahomes.com,https://landseahomes.com/blog/landsea-homes-announces-merger-agreement,info@landseahomes.com,https://landseahomes.com/,info@landseahomes.com,
Lantern Pharma Inc.,Lantern Pharma Inc,lanternpharma.com,https://ir.lanternpharma.com/financials/quarterly-results/default.aspx,,https://www.lanternpharma.com/contact,info@lanternpharma.com,
"Lantheus Holdings, Inc.",Lantheus Holdings Inc,lantheus.com,https://investor.lantheus.com/news-events/presentations,,https://ecommerce.lantheus.com/eng/home,,
"LanzaTech Global, Inc.",Lanzatech Global Inc,lanzatech.com,https://lanzatech.com/lanzatech-announces-fourth-quarter-and-full-year-2023-financial-results-and-provides-full-year-2024-financial-outlook/,LanzatechIR@icrinc.com,https://lanzatech.com/,,
"Laredo Oil, Inc.",Laredo Oil Inc,laredo-oil.com,https://www.laredo-oil.com/,605a7baede844d278b89dc95ae0a9123@sentry-next.wixpress.com,https://www.laredo-oil.com/,info@stranded-oil.com,
"Larimar Therapeutics, Inc.",Larimar Therapeutics Inc,larimar.com,https://larimar.com/,,https://larimar.com/,,
Laser Photonics Corp,Laser Photonics Corp,laserphotonics.com,https://laserphotonics.com/investors/,fiberlaser@laserphotonics.com,https://laserphotonics.com/contact/,fiberlaser@laserphotonics.com,
"Latch, Inc.",Latch Inc,latch.com,https://www.latch.com/pages/investors?page=x</j,,https://support.latch.com/,,
"Latham Group, Inc.",Latham Group Inc,lathampool.com,https://ir.lathampool.com/news-events/press-releases/,,https://www.lathampool.com/contact-us/,,
Launch One Acquisition Corp.,Launch One Acquisition Corp,launchoneacquisitioncorp.com,https://launchoneacquisitioncorp.com/,jurgen@launchpad.vc,https://launchoneacquisitioncorp.com/,jurgen@launchpad.vc,
Launch Two Acquisition Corp.,Launch Two Acquisition Corp,launchtwoacquisitioncorp.com,https://launchtwoacquisitioncorp.com/,jurgen@launchpad.vc,https://launchtwoacquisitioncorp.com/,jurgen@launchpad.vc,
"Lazard, Inc.",Lazard Inc,lazard.com,https://www.lazard.com/,,https://www.lazard.com/,,
"Lazydays Holdings, Inc.",Lazydays Holdings Inc,lazydays.com,https://investors.lazydays.com/,investors@lazydays.com,https://investors.lazydays.com/test-rebrand/,customerexperience@lazydays.com,
"Leafly Holdings, Inc. /DE",Leafly Holdings Inc /De,leafly.com,https://investor.leafly.com/events-presentations/default.aspx,,https://www.leafly.com/info/contact,support@leafly.com,
Leatt Corp,Leatt Corp,leatt-corp.com,https://leatt-corp.com/,,https://leatt-corp.com/contact-us/,,
Leet Technology Inc.,Leet Technology Inc,leettechnology.com,https://www.leettechnology.com/,,https://www.leettechnology.com/index.html,,
"Legacy Education Alliance, Inc.",Legacy Education Alliance Inc,legacyeducation.com,https://www.legacyeducation.com/,customerservice@legacyea.com,https://www.legacyeducation.com/,customerservice@legacyea.com,
Legacy Housing Corp,Legacy Housing Corp,legacyhousingcorp.com,https://investors.legacyhousingcorp.com/investor-relations/?order=field_nir_sec_form&sort=asc,,https://consignment.legacyhousingcorp.com/login.php,support@keenthemes.com,
Legato Merger Corp. III,Legato Merger Corp III,legatomerger.com,https://legatomerger.com/,hello@rfuenzalida.com,https://legatomerger.com/contact-us,hello@rfuenzalida.com,
"Leidos Holdings, Inc.",Leidos Holdings Inc,leidos.com,https://www.leidos.com/authors/investor-relations,ir@leidos.com,https://www.leidos.com/,,
"Lemonade, Inc.",Lemonade Inc,lemonade.com,https://www.lemonade.com/investor/faq,,https://www.lemonade.com/?ref=driverlayer.com,,
"Leonardo DRS, Inc.",Leonardo DRS Inc,,,,,,
"Leopard Energy, Inc.",Leopard Energy Inc,leopard-energy.com,https://leopard-energy.com/,info@zenithenergy.ca,https://leopard-energy.com/,info@zenithenergy.ca,
"Leslie's, Inc.",Leslie S Inc,lesliespool.com,https://ir.lesliespool.com/,LesliesIR@icrinc.com,https://lesliespool.com/,accubluehome@lesliespool.com,
Lexaria Bioscience Corp.,Lexaria Bioscience Corp,lexariabioscience.com,https://lexariabioscience.com/investors/ir-contact/,,https://lexariabioscience.com/contact/,,
"Lexeo Therapeutics, Inc.",Lexeo Therapeutics Inc,,,,,,
Li-Cycle Holdings Corp.,Li-Cycle Holdings Corp,li-cycle.com,https://li-cycle.com/investors/?source=content_type:react|first_level_url:article|section:main_content|button:body_link,GBRinfo@glencore.com,https://li-cycle.com/press-releases/li-cycle-further-expands-commercial-footprint-in-eu-with-additional-exclusive-recycling-partnership-for-its-germany-spoke/,GBRinfo@glencore.com,
LianBio,Lianbio,,,,,,
Liberty Energy Inc.,Liberty Energy Inc,libertyenergy.com,https://investors.libertyenergy.com/,,https://libertyenergy.com/contact/,media@libertyenergy.com,
Liberty Global Ltd.,Liberty Global Ltd,,,,,,
Liberty Latin America Ltd.,Liberty Latin America Ltd,lla.com,https://investors.lla.com/overview/,,https://lla.com/,,
"Life Time Group Holdings, Inc.",Life Time Group Holdings Inc,lifetime.life,https://ir.lifetime.life/,publicrelations@lifetime.life,https://ir.lifetime.life/company-information/contacts,publicrelations@lifetime.life,
"Life360, Inc.",Life360 Inc,,,,,,
"LifeMD, Inc.",Lifemd Inc,lifemd.com,https://ir.lifemd.com/,,https://lifemd.com/contact,,
"LifeStance Health Group, Inc.",Lifestance Health Group Inc,,,,,,
"Lifeloc Technologies, Inc",Lifeloc Technologies Inc,lifeloc.com,https://lifeloc.com/investor,corporateinfo@lifeloc.com,https://lifeloc.com/contactus,techsupport@lifeloc.com,
Lifevantage Corp,Lifevantage Corp,lifevantage.com,https://investor.lifevantage.com/contact-us,,https://www.lifevantage.com/us-en/support/faqs/how-do-i-contact-distributor-support,support@lifevantage.com,
Lifeward Ltd.,Lifeward Ltd,golifeward.com,https://ir.golifeward.com/press-releases,,https://golifeward.com/service/,kontakt@golifeward.com,
"Lifeway Foods, Inc.",Lifeway Foods Inc,lifeway.com,https://www.lifeway.com/en/about/company-leadership,scott.pruett@lifeway.com,https://www.lifeway.com/en/about/return-policy,customerservice@lifeway.com,
"Light & Wonder, Inc.",Light & Wonder Inc,,,,,,
"Lightning eMotors, Inc.",Lightning Emotors Inc,,,,,,
"Lightwave Logic, Inc.",Lightwave Logic Inc,lightwavelogic.com,https://www.lightwavelogic.com/investor-relations,investor.relations@lightwavelogic.com,https://www.lightwavelogic.com/contact-us,investor.relations@lightwavelogic.com,
"Limbach Holdings, Inc.",Limbach Holdings Inc,limbachinc.com,https://www.limbachinc.com/investor-relations/,LMB@finprofiles.com,https://www.limbachinc.com/,home-ticker@2x.jpg,
Limitless X Holdings Inc.,Limitless X Holdings Inc,limitlessmens.com,https://www.limitlessmens.com/faqthedifference,79baaa8e09c746d2b7401643b99792e0@sentry.wixpress.com,https://www.limitlessmens.com/,79baaa8e09c746d2b7401643b99792e0@sentry.wixpress.com,
"Lineage Cell Therapeutics, Inc.",Lineage Cell Therapeutics Inc,lineagecell.com,https://investor.lineagecell.com/static-files/ac611996-6e2b-4146-b7bb-da1085b754d1,,https://investor.lineagecell.com/node/23906/pdf,,
"Lineage, Inc.",Lineage Inc,lineage2.com,https://forums.lineage2.com/topic/18228-lineage-2-remastered-unreal-engine-40/,,https://forums.lineage2.com/topic/26773-customer-support-process-update/,,
Lionheart Holdings,Lionheart Holdings,lionheartholdingco.com,https://lionheartholdingco.com/about,filler@godaddy.com,https://lionheartholdingco.com/,impallari@gmail.com,
Lionsgate Studios Corp.,Lionsgate Studios Corp,lionsgate.com,https://investors.lionsgate.com/news-events/news/news-details/2025/LIONSGATE-REPORTS-RESULTS-FOR-FOURTH-QUARTER-FISCAL-2025/default.aspx,,https://www.lionsgate.com/,,
Lipocine Inc.,Lipocine Inc,,,,,,
Liquidia Corp,Liquidia Corp,,,,,,
LivaNova PLC,Livanova PLC,livanova.com,https://investor.livanova.com/annual-reports,,https://www.livanova.com/en-us/contact-us,u003Ecustomerservice.australia@livanova.com,
"Live Nation Entertainment, Inc.",Live Nation Entertainment Inc,livenationentertainment.com,https://investors.livenationentertainment.com/,,https://www.livenationentertainment.com/contact/,,
"Live Oak Bancshares, Inc.",Live Oak Bancshares Inc,liveoak.bank,https://investor.liveoak.bank/events-and-presentations/default.aspx,,https://investor.liveoak.bank/resources/investor-contacts/default.aspx,,
"LiveOne, Inc.",Liveone Inc,liveone.com,https://www.liveone.com/,contact@liveone.com,https://support.liveone.com/hc/en-us/requests/new,,
"LiveRamp Holdings, Inc.",Liveramp Holdings Inc,liveramp.com,https://investors.liveramp.com/news-events/news-releases?page=0,,https://liveramp.com/,Group@2x-e1644173588146-1.png,
"LiveWire Group, Inc.",Livewire Group Inc,livewire.group,https://livewire.group/,,https://livewire.group/contact/,,
"Livento Group, Inc.",Livento Group Inc,liventogroup.com,https://www.liventogroup.com/investors/,,https://www.liventogroup.com/,,
Loar Holdings Inc.,Loar Holdings Inc,loargroup.com,https://ir.loargroup.com/,IR@loargroup.com,https://ir.loargroup.com/company-information/contacts,help@astfinancial.com,
Local Bounti Corporation/DE,Local Bounti Corporation/de,localbounti.com,https://investors.localbounti.com/,investors@localbounti.com,https://investors.localbounti.com/company-information/contacts,avanderlaan@orrick.com,
Lode-Star Mining Inc.,Lode-Star Mining Inc,lodestarmetals.ca,https://lodestarmetals.ca/,,https://lodestarmetals.ca/,,
Logan Ridge Finance Corp.,Logan Ridge Finance Corp,,,,,,
"LogicMark, Inc.",Logicmark Inc,logicmark.com,https://investors.logicmark.com/press-releases/,,https://www.logicmark.com/contact-us/,,
"Longboard Pharmaceuticals, Inc.",Longboard Pharmaceuticals Inc,,,,,,
Longduoduo Co Ltd,Longduoduo Co Ltd,,,,,,
Longeveron Inc.,Longeveron Inc,longeveron.com,https://investors.longeveron.com/news/default.aspx,info@longeveron.com,https://longeveron.com/,info@longeveron.com,
"Loop Industries, Inc.",Loop Industries Inc,loopindustries.com,https://loopindustries.com/investors/qa/,info@loopindustries.com,https://loopindustries.com/contact/,,
"Loop Media, Inc.",Loop Media Inc,looperman.com,https://www.looperman.com/,,https://www.looperman.com/contact,,
Lovesac Co,Lovesac Co,lovesac.com,https://investor.lovesac.com/,InvestorRelations@lovesac.com,https://www.lovesac.com/contactus,,
Lucky Strike Entertainment Corp,Lucky Strike Entertainment Corp,luckystrikeent.com,https://ir.luckystrikeent.com/investor-relations/default.aspx,ir@lsent.com,https://ir.luckystrikeent.com/resources/information-request-form/default.aspx,,
"Lucy Scientific Discovery, Inc.",Lucy Scientific Discovery Inc,,,,,,
"Lumen Technologies, Inc.",Lumen Technologies Inc,,,,,,
"Lument Finance Trust, Inc.",Lument Finance Trust Inc,lumentfinancetrust.com,https://www.lumentfinancetrust.com/investor-relations/summary/,LFTInvestorRelations@lument.com,https://www.lumentfinancetrust.com/contact/,james.briggs@lument.com,
Lumentum Holdings Inc.,Lumentum Holdings Inc,lumentum.com,https://investor.lumentum.com/,web.queries@computershare.com,https://www.lumentum.com/en/company/contact-us,Customer.Service@lumentum.com,
"Luminar Technologies, Inc./DE",Luminar Technologies Inc./de,luminartech.com,https://investors.luminartech.com/,investors@luminartech.com,https://www.luminartech.com/contact,inquiries@luminartech.com,
"Luvu Brands, Inc.",Luvu Brands Inc,luvubrands.com,https://www.luvubrands.com/,user@domain.com,https://www.luvubrands.com/news/oe8wdun91iepizhfwdobrwmr47o0gn,user@domain.com,
"Lyell Immunopharma, Inc.",Lyell Immunopharma Inc,lyell.com,https://ir.lyell.com/investor-relations,,https://lyell.com/,clinicaltrials@lyell.com,
"Lyft, Inc.",Lyft Inc,lyft.com,https://investor.lyft.com/financials-and-reports/sec-filings/default.aspx,,https://www.lyft.com/business/contact-us,EV@Lyft.com,
"Lyra Therapeutics, Inc.",Lyra Therapeutics Inc,lyratherapeutics.com,https://investors.lyratherapeutics.com/ir-resources/investor-faqs/,,https://lyratherapeutics.com/contact/,contactus@lyratx.com,
M&T BANK CORP,M&T BANK Corp,americanbankingnews.com,https://www.americanbankingnews.com/2024/05/10/mt-bank-corp-invests-2-11-million-in-ishares-global-energy-etf-nysearcaixc.html,,https://www.americanbankingnews.com/2025/07/14/mt-bank-corp-grows-holdings-in-huntington-bancshares-incorporated-nasdaqhban.html,,
"M-tron Industries, Inc.",M-Tron Industries Inc,mtron.com,https://ir.mtron.com/stock-info/default.aspx,,https://mtron.com/,,
"M/I HOMES, INC.",M/I Homes Inc,mihomes.com,https://investors.mihomes.com/investor-relations/default.aspx,,https://www.mihomes.com/support/general,you@example.com,
M3-Brigade Acquisition V Corp.,M3-Brigade Acquisition V Corp,m3-brigade.com,https://www.m3-brigade.com/m3-brigade-acquisition-iii-corp,271e9fa3230b4eec94b02bf95780f5f2@sentry.wixpress.com,https://www.m3-brigade.com/spacs,271e9fa3230b4eec94b02bf95780f5f2@sentry.wixpress.com,
MACERICH CO,Macerich Co,macerich.com,https://investing.macerich.com/,,https://www.macerich.com/,,
MACH NATURAL RESOURCES LP,MACH Natural Resources LP,machnr.com,https://ir.machnr.com/,ir@machnr.com,https://ir.machnr.com/company-information/contacts,ir@machnr.com,
"MACOM Technology Solutions Holdings, Inc.",Macom Technology Solutions Holdings Inc,macom.com,https://ir.macom.com/contact-us/,,https://www.macom.com/contact,,
MACREPORT NET INC,Macreport NET Inc,macreport.net,https://macreport.net/team/gary-jones/,Info.macreportnet@gmail.com,https://macreport.net/,Info.macreportnet@gmail.com,
MACROGENICS INC,Macrogenics Inc,macrogenics.com,https://macrogenics.com/news/macrogenics-reports-third-quarter-2025-financial-results-and-provides-update-on-corporate-progress/,macrogenics@argotpartners.com,https://macrogenics.com/contact-us/,info@macrogenics.com,
"MADRIGAL PHARMACEUTICALS, INC.",Madrigal Pharmaceuticals Inc,madrigalpharma.com,https://ir.madrigalpharma.com/,,https://www.madrigalpharma.com/contact-us/,info@madrigalpharma.com,
MAGELLAN COPPER & GOLD INC.,Magellan Copper & GOLD Inc,magellancoppergold.com,https://www.magellancoppergold.com/blog,605a7baede844d278b89dc95ae0a9123@sentry-next.wixpress.com,https://www.magellancoppergold.com/blog,605a7baede844d278b89dc95ae0a9123@sentry-next.wixpress.com,
MAGNACHIP SEMICONDUCTOR Corp,Magnachip Semiconductor Corp,magnachip.com,https://www.magnachip.com/embed/,mike@bishopir.co,https://www.magnachip.com/,info@magnachip.com,
"MAGNITE, INC.",Magnite Inc,magnite.com,https://investor.magnite.com/news-releases/news-release-details/magnite-reports-first-quarter-2025-results,,https://www.magnite.com/contact-us/,,
"MAIA Biotechnology, Inc.",MAIA Biotechnology Inc,maiabiotech.com,https://ir.maiabiotech.com/,ir@maiabiotech.com,https://ir.maiabiotech.com/,info@maiabiotech.com,
"MALIBU BOATS, INC.",Malibu Boats Inc,,,,,,
"MAMMOTH ENERGY SERVICES, INC.",Mammoth Energy Services Inc,mammothenergy.com,https://ir.mammothenergy.com/,TUSK@vizaraadvisors.com,https://www.mammothenergy.com/,info@MammothEnergy.com,
"MANGOCEUTICALS, INC.",Mangoceuticals Inc,mangoceuticals.com,https://www.mangoceuticals.com/sec-filings,investors@mangorx.com,https://www.mangoceuticals.com/,investors@mangorx.com,
MANHATTAN ASSOCIATES INC,Manhattan Associates Inc,manh.com,https://ir.manh.com/investor-relations?c=113502&p=irol-IRHome,,https://www.manh.com/contact-us,ClientSupport@manh.com,
"MANHATTAN BRIDGE CAPITAL, INC",Manhattan Bridge Capital Inc,,,,,,
MANHATTAN SCIENTIFICS INC,Manhattan Scientifics Inc,marketscreener.com,https://www.marketscreener.com/quote/stock/MANHATTAN-SCIENTIFICS-INC-120787882/company/,,https://www.marketscreener.com/quote/stock/MANHATTAN-SCIENTIFICS-INC-120787882/company/,,
MANITOWOC CO INC,Manitowoc Co Inc,manitowoc.com,https://ir.manitowoc.com/resources/investor-contacts/default.aspx,,https://www.manitowoc.com/company/contact-us,example@email.com,
MANNATECH INC,Mannatech Inc,mannatech.com,https://ir.mannatech.com/overview/default.aspx,IR@mannatech.com,https://www.mannatech.com/AboutMannatech/ContactUs.aspx,,
MANNKIND CORP,Mannkind Corp,mannkindcorp.com,https://mannkindcorp.com/,,https://mannkindcorp.com/contact/,contact@mannkindcorp.com,
"MARA Holdings, Inc.",MARA Holdings Inc,mara.com,https://ir.mara.com/,ir@mara.com,https://ir.mara.com/contact,info@mara.com,
"MARAVAI LIFESCIENCES HOLDINGS, INC.",Maravai Lifesciences Holdings Inc,maravai.com,https://investors.maravai.com/,ir@maravai.com,https://investors.maravai.com/,ir@maravai.com,
MARCHEX INC,Marchex Inc,marchex.io,https://www.marchex.io/,migrationsupport@marchex.com,https://speech.marchex.io/,migrationsupport@marchex.com,
MARCUS CORP,Marcus Corp,,,,,,
MARIMED INC.,Marimed Inc,marimedinc.com,https://ir.marimedinc.com/,IR@marimedinc.com,https://www.marimedinc.com/,,
MARIN SOFTWARE INC,Marin Software Inc,marinsoftware.com,https://investor.marinsoftware.com/Investor-News/default.aspx,,https://www.marinsoftware.com/contact-us,support@marinsoftware.com,
"MARINUS PHARMACEUTICALS, INC.",Marinus Pharmaceuticals Inc,marinuspharma.com,https://ir.marinuspharma.com/news/default.aspx,investors@marinuspharma.com,https://marinuspharma.com/contact-us/,Info@marinuspharma.com,
"MARIZYME, INC.",Marizyme Inc,,,,,,
"MARKETWISE, INC.",Marketwise Inc,marketwise.com,https://investors.marketwise.com/news-releases/news-release-details/marketwise-declares-quarterly-and-special-dividend-totaling-040,,https://corporate.marketwise.com/,info@marketwise.com,
MARKY CORP.,Marky Corp,markys.com,https://www.markys.com/,support@markys.com,https://www.markys.com/,support@markys.com,
MARRIOTT INTERNATIONAL INC /MD/,Marriott International Inc,,,,,,
MARRIOTT VACATIONS WORLDWIDE Corp,Marriott Vacations Worldwide Corp,marriottvacationsworldwide.com,https://ir.marriottvacationsworldwide.com/events-presentations,,https://www.marriottvacationsworldwide.com/contact-us/,customer.advocacy@vacationclub.com,
"MARSH & MCLENNAN COMPANIES, INC.",Marsh & Mclennan Companies Inc,marshmclennan.com,https://www.marshmclennan.com/investors.html,erick.gustafson@mmc.com,https://www.marshmclennan.com/contact.html,amelia.woltering@mmc.com,
MARTEN TRANSPORT LTD,Marten Transport Ltd,driveformartentransport.com,https://www.driveformartentransport.com/,name@example.com,https://driveformartentransport.com/,name@example.com,
MARTIN MARIETTA MATERIALS INC,Martin Marietta Materials Inc,martinmarietta.com,https://ir.martinmarietta.com/,,https://www.martinmarietta.com/contact-us/corporate,,
MARTIN MIDSTREAM PARTNERS L.P.,Martin Midstream Partners LP,cityofmartin.net,https://www.cityofmartin.net/pay-my-water-bill/,,https://www.cityofmartin.net/departments/public-works/,,
MASCO CORP /DE/,Masco Corp,masco.com,https://investor.masco.com/stock-information/default.aspx,,https://masco.com/contact-us/,MascoInvestorRelations@mascohq.com,
MASIMO CORP,Masimo Corp,,,,,,
MASS MEGAWATTS WIND POWER INC,MASS Megawatts WIND Power Inc,massmegawatts.com,https://www.massmegawatts.com/for-investors/overview/,info@massmegawatts.com,https://www.massmegawatts.com/contact/,info@massmegawatts.com,
MASTEC INC,Mastec Inc,mastec.com,https://investors.mastec.com/,,https://www.mastec.com/,services@mastec.com,
MATERION Corp,Materion Corp,materion.com,https://investor.materion.com/home/default.aspx,,https://www.materion.com/en/contact-us,,
MATTEL INC /DE/,Mattel Inc,mattel.com,https://investors.mattel.com/overview/default.aspx,Investor.Relations@Mattel.com,https://service.mattel.com/us/ContactUs.aspx,,
MAUI LAND & PINEAPPLE CO INC,MAUI LAND & Pineapple Co Inc,,,,,,
"MAXCYTE, INC.",Maxcyte Inc,maxcyte.com,https://investors.maxcyte.com/news-releases/news-release-details/maxcyte-reports-second-quarter-2025-financial-results-and,,https://maxcyte.com/contact/,ATx_03_shadow-132@2x.jpg,
"MAXIMUS, INC.",Maximus Inc,maximus.com,https://investor.maximus.com/,IR@maximus.com,https://maximus.com/contact-us/programs-we-operate,PAIEBSupport@maximus.com,
"MAXLINEAR, INC",Maxlinear Inc,maxlinear.com,https://investors.maxlinear.com/,IR@MaxLinear.com,https://www.maxlinear.com/support/terms-and-conditions-of-sale,LegalDepartment@MaxLinear.com,
MAYS J W INC,MAYS J W Inc,maysfuneralhome.com,https://www.maysfuneralhome.com/,,https://www.maysfuneralhome.com/contact-us,,
MBIA INC,MBIA Inc,mbia.com,https://investor.mbia.com/investor-relations/financial-information/default.aspx,,https://investor.mbia.com/investor-relations/contact-us/default.aspx,,
"MBX Biosciences, Inc.",MBX Biosciences Inc,mbxbio.com,https://mbxbio.com/investors/,rbartram@mbxbio.com,https://mbxbio.com/contact-us/,info@mbxbio.com,
MCCORMICK & CO INC,Mccormick & Co Inc,mccormick.com,https://ir.mccormick.com/taxonomy/term/3886?page=1,,https://www.mccormick.com/pages/contact,,
MCDONALDS CORP,Mcdonalds Corp,mcdonalds.com,https://corporate.mcdonalds.com/corpmcd/investors.html,,https://www.mcdonalds.com/us/en-us/contact-us.html,info@mcdonalds.com,
MCGRATH RENTCORP,Mcgrath Rentcorp,,,,,,
MCKESSON CORP,Mckesson Corp,mckesson.com,https://investor.mckesson.com/resources/investor-contacts/default.aspx,,https://www.mckesson.com/contact-us/,,
"MDB Capital Holdings, LLC",MDB Capital Holdings LLC,mdb.com,https://investors.mdb.com/,,https://investors.mdb.com/contact,info@vstocktransfer.com,
MDU RESOURCES GROUP INC,MDU Resources Group Inc,mdu.com,https://investor.mdu.com/news/default.aspx,investor@mduresources.com,https://www.mdu.com/,,
"MDWerks, Inc.",Mdwerks Inc,mdwerksinc.com,https://ir.mdwerksinc.com/,info@MDWerks.com,https://mdwerksinc.com/contact/,info@mdwerksinc.com,
MEDALLION FINANCIAL CORP,Medallion Financial Corp,medallionfinancial.com.au,https://www.medallionfinancial.com.au/,605a7baede844d278b89dc95ae0a9123@sentry-next.wixpress.com,https://www.medallionfinancial.com.au/,605a7baede844d278b89dc95ae0a9123@sentry-next.wixpress.com,
MEDICAL PROPERTIES TRUST INC,Medical Properties Trust Inc,medicalpropertiestrust.com,https://ir.medicalpropertiestrust.com/news/default.aspx,,https://www.medicalpropertiestrust.com/contact,information@medicalpropertiestrust.com,
MEDIFAST INC,Medifast Inc,medifastinc.com,https://medifastinc.com/investor-relations/,,https://medifastinc.com/contact/,contact@medifastinc.com,
"MEI Pharma, Inc.",MEI Pharma Inc,meipharma.com,https://investor.meipharma.com/news-and-media/press-releases,,https://investor.meipharma.com/static-files/33ddd628-e39b-4bb8-8506-4c39b9edfc15,,
MERCADOLIBRE INC,Mercadolibre Inc,mercadolibre.com,https://investor.mercadolibre.com/,,https://global-selling.mercadolibre.com/learning-center/news/after-sales-service/,,
MERCANTILE BANK CORP,Mercantile BANK Corp,mercantile-bank.com,https://mercantile-bank.com/invester-relations/,investor@mercantile-bank.com,https://mercantile-bank.com/contact-us/,intro@mercantile-bank.com,
MERCER INTERNATIONAL INC.,Mercer International Inc,mercer.com,https://investorportal.mercer.com/overview,,https://www.mercer.com/en-us/about/contact/contact-us/,,
MERCURY GENERAL CORP,Mercury General Corp,mercuryinsurance.com,https://www.mercuryinsurance.com/investor-information/,,https://www.mercuryinsurance.com/contact.html,,
MERCURY SYSTEMS INC,Mercury Systems Inc,mercurysystemsinc.com,https://www.mercurysystemsinc.com/solutions/,jobs@mercurysystemsinc.com,https://www.mercurysystemsinc.com/contact-us/,jobs@mercurysystemsinc.com,
MERIT MEDICAL SYSTEMS INC,Merit Medical Systems Inc,meritsensor.com,https://meritsensor.com/,,https://meritsensor.com/contact/,,
MERRILL LYNCH DEPOSITOR INC INDEXPLUS TRUST SERIES 2003-1,Merrill Lynch Depositor Inc Indexplus Trust Series 2003-1,mymerrill.com,https://www.mymerrill.com/SVE/Pages/ArticleViewer.aspx,,https://www.mymerrill.com/,xxx@xxx.xxx,
MESA AIR GROUP INC,MESA AIR Group Inc,mesa-air.com,https://investor.mesa-air.com/index.php/press-releases,,https://www.mesa-air.com/jonathan-ornstein-chairman-ceo,user@domain.com,
MESA LABORATORIES INC /CO/,MESA Laboratories Inc,mesalabs.com,https://investors.mesalabs.com/stock-information/default.aspx,,https://mesalabs.com/contact,customerservice@mesalabs.com,
MESA ROYALTY TRUST/TX,MESA Royalty Trust/Tx,visitmesa.com,https://www.visitmesa.com/events/,info@visitmesa.com,https://www.visitmesa.com/trip-planning/transportation/allegiant-air/,info@visitmesa.com,
MESABI TRUST,Mesabi Trust,mesabi-trust.com,https://mesabi-trust.com/,,https://mesabi-trust.com/contact/,,
META MATERIALS INC.,META Materials Inc,metamaterial.com,https://metamaterial.com/investors-sub/index/,ir@metamaterial.com,https://metamaterial.com/,,
METHODE ELECTRONICS INC,Methode Electronics Inc,methode.com,https://ir.methode.com/news/news-details/2025/Methode-Electronics-Announces-Leadership-Updatesin-Accounting-and-Investor-Relations/default.aspx,,https://methode.com/contact-us/,,
METLIFE INC,Metlife Inc,metlife.com,https://www.metlife.com/metlife-investor/,,https://www.metlife.com/support-and-manage/contact-us/general-contact-information/,,
METRO ONE TELECOMMUNICATIONS INC,Metro ONE Telecommunications Inc,metroone.com,https://www.metroone.com/,,https://www.metroone.com/,,
"MFA FINANCIAL, INC.",MFA Financial Inc,mfafinancial.com,https://www.mfafinancial.com/,InvestorRelations@mfafinancial.com,https://www.mfafinancial.com/,InvestorRelations@mfafinancial.com,
MGE ENERGY INC,MGE Energy Inc,mgeenergyinc.com,https://mgeenergyinc.com/about,support@mgeenergy.com,https://mgeenergyinc.com/contact,support@mgeenergy.com,
MGIC INVESTMENT CORP,MGIC Investment Corp,mgic.com,https://mtg.mgic.com/events-and-presentations,,https://www.mgic.com/contact/,customer_service@mgic.com,
MGM Resorts International,MGM Resorts International,,,,,,
MGO Global Inc.,MGO Global Inc,,,,,,
MGP INGREDIENTS INC,MGP Ingredients Inc,mgpingredients.com,https://ir.mgpingredients.com/,amit.sharma@mgpingredients.com,https://www.mgpingredients.com/,,
"MGT CAPITAL INVESTMENTS, INC.",MGT Capital Investments Inc,mgtci.com,https://mgtci.com/wp-content/uploads/2018/07/MGT-Capital-Investments-Inc.-External-Communications-Policy_July-2018-7.2.2018.pdf,IR@MGTCI.com,https://mgtci.com/wp-content/uploads/2018/07/MGT-Capital-Investments-Inc.-External-Communications-Policy_July-2018-7.2.2018.pdf,GLivingston@MGTCI.com,
MIAMI BREEZE CAR CARE INC,Miami Breeze CAR CARE Inc,,,,,,
MICROCHIP TECHNOLOGY INC,Microchip Technology Inc,microchip.com,https://ir.microchip.com/,,https://onlinedocs.microchip.com/oxy/GUID-1084615F-EDE7-4FAF-9AEC-657EFAF5CF06-en-US-1/GUID-F05182E4-B102-4775-A746-1FF37F465312.html,,
MICRON TECHNOLOGY INC,Micron Technology Inc,micron.com,https://investors.micron.com/contact-us,investorrelations@micron.com,https://www.micron.com/sales-support/customer-support,,
MICROPAC INDUSTRIES INC,Micropac Industries Inc,,,,,,
MICROSTRATEGY Inc,Microstrategy Inc,microstrategy.com,https://community.microstrategy.com/s/contact-us?language=en_US,bg-info@2x.png,https://community.microstrategy.com/s/contact-us?language=en_US,bg-info@2x.png,
"MICROVISION, INC.",Microvision Inc,microvision.com,https://ir.microvision.com/,mvis@darrowir.com,https://microvision.com/,,
MID AMERICA APARTMENT COMMUNITIES INC.,MID America Apartment Communities Inc,,,,,,
MID PENN BANCORP INC,MID PENN Bancorp Inc,midpennbank.com,https://investors.midpennbank.com/corporate-information/corporate-profile/,,https://midpennbank.com/about-us/,online@midpennbank.com,
MIDDLEBY Corp,Middleby Corp,middleby.com,https://investors.middleby.com/,,https://www.middleby.com/contact-us/,,
MIDDLEFIELD BANC CORP,Middlefield BANC Corp,,,,,,
MILLER INDUSTRIES INC /TN/,Miller Industries Inc,millerind.com,https://www.millerind.com/investors,Investor.Relations@millerind.com,https://www.millerind.com/?/support,verifyemployment@millerind.com,
"MILLERKNOLL, INC.",Millerknoll Inc,millerknoll.com,https://www.millerknoll.com/investor-relations,,https://www.millerknoll.com/contact-us,,
MILLS MUSIC TRUST,Mills Music Trust,petemillsmusic.com,https://www.petemillsmusic.com/the-flood,user@domain.com,https://www.petemillsmusic.com/contact,user@domain.com,
"MIMEDX GROUP, INC.",Mimedx Group Inc,,,,,,
"MIND TECHNOLOGY, INC",MIND Technology Inc,mind-technology.com,https://mind-technology.com/ir/,,https://mind-technology.com/contact-us/,,
MINERALS TECHNOLOGIES INC,Minerals Technologies Inc,mineraltechnologies.com,https://mineraltechnologies.com/,,https://mineraltechnologies.com/,,
"MIRA PHARMACEUTICALS, INC.",MIRA Pharmaceuticals Inc,mirapharmaceuticals.com,https://mirapharmaceuticals.com/investors/,info@mirapharma.com,https://mirapharmaceuticals.com/contact/,businessethics@lmpah.com,
MITEK SYSTEMS INC,Mitek Systems Inc,miteksystems.com,https://investors.miteksystems.com/,IR@miteksystems.com,https://www.miteksystems.com/contact,ir@miteksystems.com,
"MJ Holdings, Inc.",MJ Holdings Inc,,,,,,
MKS INSTRUMENTS INC,MKS Instruments Inc,mks.com,https://investor.mks.com/news-releases/news-release-details/mks-instruments-announces-first-quarter-2025-earnings-conference,,https://www.mks.com/,,
MMEX Resources Corp,MMEX Resources Corp,mmexresources.com,https://mmexresources.com/investor-relations/,,https://mmexresources.com/contact/,,
MOBIVITY HOLDINGS CORP.,Mobivity Holdings Corp,mobivity.com,https://ir.mobivity.com/,,https://www.mobivity.com/about-us-contact,,
"MOBIX LABS, INC",Mobix LABS Inc,,,,,,
MODINE MANUFACTURING CO,Modine Manufacturing Co,modine.com,https://investors.modine.com/stock-info/default.aspx,,https://www.modine.com/contact-us/,,
"MODIV INDUSTRIAL, INC.",Modiv Industrial Inc,modiv.com,https://modiv.com/investors/,,https://modiv.com/contact-us/,info@modiv.com,
MOHAWK INDUSTRIES INC,Mohawk Industries Inc,mohawkind.com,https://ir.mohawkind.com/index.php/,,https://mohawkind.com/contact.php,,
"MOLINA HEALTHCARE, INC.",Molina Healthcare Inc,molinahealthcare.com,https://investors.molinahealthcare.com/,,https://www.molinahealthcare.com/members/common/en-US/abtmolina/compinfo/contactus.aspx,,
MOLSON COORS BEVERAGE CO,Molson Coors Beverage Co,molsoncoors.com,https://www.molsoncoors.com/investor-relations,,https://www.molsoncoors.com/contact-us,,
MONARCH CASINO & RESORT INC,Monarch Casino & Resort Inc,monarchcasino.com,https://monarchcasino.com/corporate-overview/investor-presentations,,https://monarchcasino.com/contact-us,,
MONEYLION INC.,Moneylion Inc,moneylion.com,https://investors.moneylion.com/?nowprocket=1,,https://www.moneylion.com/contactus,customercare@moneylion.com,
MONOLITHIC POWER SYSTEMS INC,Monolithic Power Systems Inc,monolithicpower.com,https://www.monolithicpower.com/en/about-mps/investor-relations.html,,https://www.monolithicpower.com/,,
"MONRO, INC.",Monro Inc,monro.com,https://corporate.monro.com/investors/default.aspx,,https://corporate.monro.com/contact/,,
MOODYS CORP /DE/,Moodys Corp,moodys.com,https://ir.moodys.com/investor-relations/default.aspx,ir@moodys.com,https://ir.moodys.com/contacts/default.aspx,,
MOOG INC.,MOOG Inc,moogmusic.com,https://www.moogmusic.com/,,https://www.moogmusic.com/support/,,
MORGAN STANLEY,Morgan Stanley,morganstanley.com,https://www.morganstanley.com/about-us-ir,,https://www.morganstanley.com/contact-us,msfs-queries@morganstanley.com,
MOSAIC CO,Mosaic Co,mosaicco.com,https://mosaicco.com/investors,m@tias.me,https://mosaicco.com/,m@tias.me,
MOTORCAR PARTS OF AMERICA INC,Motorcar Parts OF America Inc,motorcarparts.com,https://investors.motorcarparts.com/financials/quarterly-results/default.aspx,,https://motorcarparts.com/contact/,technicalsupport@motorcarparts.com,
MOVADO GROUP INC,Movado Group Inc,movadogroup.com,https://www.movadogroup.com/investors/overview,shareholder@broadridge.com,https://www.movadogroup.com/contact,,
MOVING iMAGE TECHNOLOGIES INC.,Moving Image Technologies Inc,movingimagetech.com,https://investors.movingimagetech.com/assets/uploads/2025/09/MITQ-transcript-fiscal-Q4-25.pdf,,https://www.movingimagetech.com/about-us/contact-us,sales@movingimagetech.com,
MSCI Inc.,MSCI Inc,mscinc.ca,https://mscinc.ca/,info@mscinc.ca,https://mscinc.ca/solutions/commercial.html,info@mscinc.ca,
"MSP Recovery, Inc.",MSP Recovery Inc,msprecovery.com,https://www.msprecovery.com/investorpresentation/,investors@msprecovery.com,https://www.msprecovery.com/,media@msprecovery.com,
MUELLER INDUSTRIES INC,Mueller Industries Inc,muellerinc.com,https://www.muellerinc.com/,,https://www.muellerinc.com/contractor-support,,
MULLEN AUTOMOTIVE INC.,Mullen Automotive Inc,mullencommercial.com,https://mullencommercial.com/,commercial@mullenusa.com,https://mullencommercial.com/contact-us,,
"MULTI SOLUTIONS II, INC",Multi Solutions II Inc,solutions-ii.com,https://www.solutions-ii.com/,,https://www.solutions-ii.com/,,
MUNCY COLUMBIA FINANCIAL Corp,Muncy Columbia Financial Corp,,,,,,
MURPHY OIL CORP,Murphy OIL Corp,murphyoilcorp.com,https://ir.murphyoilcorp.com/news-releases/news-release-details/murphy-oil-corporation-schedules-first-quarter-2025-conference,,https://www.murphyoilcorp.com/environmental-protection-conservation/,,
"MUSTANG BIO, INC.",Mustang BIO Inc,mustangbio.com,https://ir.mustangbio.com/,IR@mustangbio.com,https://www.mustangbio.com/about-mustang-bio/contact/,info@mustangbio.com,
MVB FINANCIAL CORP,MVB Financial Corp,,,,,,
MYERS INDUSTRIES INC,Myers Industries Inc,myersindustries.com,https://investor.myersindustries.com/contact-investor-relations/default.aspx,,https://www.myersindustries.com/contact-us/,,
"MYOMO, INC.",Myomo Inc,myomo.com,https://ir.myomo.com/,IR@myomo.com,https://myomo.com/,customerexperience@myomo.com,
MYR GROUP INC.,MYR Group Inc,myrgroup.com,https://investor.myrgroup.com/investor-resources/information-request,,https://myrgroup.com/contact/,info@powerlineplus.com,
MYRIAD GENETICS INC,Myriad Genetics Inc,myriad.com,https://investor.myriad.com/,myriad-logo@2x.png,https://myriad.com/,,
"MacKenzie Realty Capital, Inc.",Mackenzie Realty Capital Inc,mackenziecapital.com,https://mackenziecapital.com/,image-1@2x.png,https://mackenziecapital.com/,image-1@2x.png,
"MachTen, Inc.",Machten Inc,machteninc.com,https://www.machteninc.com/,user@domain.com,https://www.machteninc.com/,info@machteninc.com,
"Macy's, Inc.",Macy S Inc,,,,,,
Madison Square Garden Entertainment Corp.,Madison Square Garden Entertainment Corp,msgentertainment.com,https://investor.msgentertainment.com/financials/quarterly-results/default.aspx,,https://www.msgentertainment.com/contact/,,
Madison Square Garden Sports Corp.,Madison Square Garden Sports Corp,msgsports.com,https://investor.msgsports.com/press-releases/news-details/2025/MADISON-SQUARE-GARDEN-SPORTS-CORP--REPORTS-FISCAL-2025-THIRD-QUARTER-RESULTS/default.aspx,,https://www.msgsports.com/contact/,,
Mag Magna Corp,Mag Magna Corp,magna.com,https://www.magna.com/contact/investor-relations,,https://www.magna.com/contact,,
Magnera Corp,Magnera Corp,magnera.com,https://magnera.com/news/magnera-reports-third-quarter-results-provides-updated-outlook/,IR@magnera.com,https://magnera.com/contact/,,
"Magnolia Bancorp, Inc.",Magnolia Bancorp Inc,,,,,,
Magnolia Oil & Gas Corp,Magnolia Oil & Gas Corp,magnoliaoilgas.com,https://www.magnoliaoilgas.com/investors,,https://www.magnoliaoilgas.com/,,
"Magyar Bancorp, Inc.",Magyar Bancorp Inc,magyarize.com,https://www.magyarize.com/,79baaa8e09c746d2b7401643b99792e0@sentry.wixpress.com,https://www.magyarize.com/service-page/free-hungarian-trial-lesson-unavailable,79baaa8e09c746d2b7401643b99792e0@sentry.wixpress.com,
Main Street Capital CORP,Main Street Capital Corp,mainstreetexchangecorp.com,https://mainstreetexchangecorp.com/auth/login.html,,https://mainstreetexchangecorp.com/auth/login.html,,
"MainStreet Bancshares, Inc.",Mainstreet Bancshares Inc,mainstreetinc.com,https://mainstreetinc.com/main-street-rebrands-why-were-changing-whats-coming-next/,,https://mainstreetinc.com/who-we-are/the-main-street-difference/,,
Maison Solutions Inc.,Maison Solutions Inc,maisonsolutionsinc.com,https://investors.maisonsolutionsinc.com/,MSS@gateway-grp.com,https://maisonsolutionsinc.com/contact/,info@maisonsolutionsinc.com,
"Mama's Creations, Inc.",Mama S Creations Inc,mamascreations.com,https://ir.mamascreations.com/,MAMA@mzgroup.us,https://mamascreations.com/,Mamas-Creations-Logo@2x.png,
"Manitex International, Inc.",Manitex International Inc,,,,,,
ManpowerGroup Inc.,Manpowergroup Inc,manpowergroupusa.com,https://www.manpowergroupusa.com/,,https://www.manpowergroupusa.com/contact-us,,
Maplebear Inc.,Maplebear Inc,,,,,,
Maquia Capital Acquisition Corp,Maquia Capital Acquisition Corp,maquiacapital.com,https://maquiacapital.com/private-equity/maquia-capital,,https://maquiacapital.com/private-equity/maquia-capital,,
"Marathon Bancorp, Inc. /MD/",Marathon Bancorp Inc,marathonbancorp.com,https://marathonbancorp.com/investor-relations/,julied@marathonbank.com,https://marathonbancorp.com/,julied@marathonbank.com,
Marathon Petroleum Corp,Marathon Petroleum Corp,marathonpetroleumcorps.com,https://marathonpetroleumcorps.com/,careers@marathonpetroleumcorps.com,https://marathonpetroleumcorps.com/,info@marathonpetroleumcorps.com,
Marblegate Acquisition Corp.,Marblegate Acquisition Corp,marblegatecapitalcorp.com,https://marblegatecapitalcorp.com/,,https://marblegatecapitalcorp.com/,,
"Marcus & Millichap, Inc.",Marcus & Millichap Inc,marcusmillichap.com,https://ir.marcusmillichap.com/,Investorrelations@marcusmillichap.com,https://ir.marcusmillichap.com/company-information/contacts,Investorrelations@marcusmillichap.com,
"Marker Therapeutics, Inc.",Marker Therapeutics Inc,markertherapeutics.com,https://markertherapeutics.com/,,https://markertherapeutics.com/our-company/contact-us/,,
Markforged Holding Corp,Markforged Holding Corp,,,,,,
"Marpai, Inc.",Marpai Inc,mymarpai.com,https://mymarpai.com/,csmanagers@marpaihealth.com,https://mymarpai.com/,csmanagers@marpaihealth.com,
"Marqeta, Inc.",Marqeta Inc,marqeta.com,https://investors.marqeta.com/news-releases/news-release-details/marqeta-reports-third-quarter-2025-financial-results,,https://www.marqeta.com/contact-us,notices@marqeta.com,
"Marquie Group, Inc.",Marquie Group Inc,themarquiegroup.com,https://themarquiegroup.com/investors,,https://themarquiegroup.com/news,,
Mars Acquisition Corp.,Mars Acquisition Corp,,,,,,
"Marvell Technology, Inc.",Marvell Technology Inc,marvell.com,https://investor.marvell.com/,ir@marvell.com,https://www.marvell.com/support/contact/cust_support.html,,
Marvion Inc.,Marvion Inc,marvion.net,https://www.marvion.net/,605a7baede844d278b89dc95ae0a9123@sentry-next.wixpress.com,https://www.marvion.net/,info@Marvion.Media,
"Marygold Companies, Inc.",Marygold Companies Inc,themarygoldcompanies.com,https://themarygoldcompanies.com/,,https://themarygoldcompanies.com/contact-us/,info@themarygoldcompanies.com,
Massimo Group,Massimo Group,massimo-group.com,https://massimo-group.com/,,https://massimo-group.com/,,
"Mastech Digital, Inc.",Mastech Digital Inc,mastechdigital.com,https://www.mastechdigital.com/investors/,experience@mastechdigital.com,https://www.mastechdigital.com/contact/,experience@mastechdigital.com,
"MasterBrand, Inc.",Masterbrand Inc,masterbrandcabinets.com,https://www.masterbrandcabinets.com/,,https://www.masterbrandcabinets.com/contact-us,,
"MasterCraft Boat Holdings, Inc.",Mastercraft Boat Holdings Inc,mastercraft.com,https://investors.mastercraft.com/,,https://www.mastercraft.com/contact,,
Mastercard Inc,Mastercard Inc,,,,,,
Matador Resources Co,Matador Resources Co,,,,,,
"Match Group, Inc.",Match Group Inc,matchgroup-safety.com,https://www.matchgroup-safety.com/,,https://www.matchgroup-safety.com/,,
"Matinas BioPharma Holdings, Inc.",Matinas Biopharma Holdings Inc,matinasbiopharma.com,https://www.matinasbiopharma.com/investors,info@matinasbiopharma.com,https://www.matinasbiopharma.com/contact,info@matinasbiopharma.com,
"Mativ Holdings, Inc.",Mativ Holdings Inc,mativ.com,https://ir.mativ.com/resources/investor-contacts/default.aspx,,https://mativ.com/,,
"Matson, Inc.",Matson Inc,matson-inc.com,https://matson-inc.com/,,https://matson-inc.com/,,
"Matterport, Inc./DE",Matterport Inc./de,matterport.com,https://matterport.com/news/matterport-announces-fourth-quarter-and-full-year-2023-financial-results,ir@matterport.com,"https://matterport.com/resources/support?page=6div>
++++++++<�",,
Mawson Infrastructure Group Inc.,Mawson Infrastructure Group Inc,mawsoninc.com,https://www.mawsoninc.com/sec-filings/,,https://www.mawsoninc.com/contact/,,
"Mayville Engineering Company, Inc.",Mayville Engineering Company Inc,mecinc.com,https://ir.mecinc.com/events-and-presentations/default.aspx,,https://www.mecinc.com/our-company/about-us/,,
McEwen Mining Inc.,Mcewen Mining Inc,,,,,,
"MedMen Enterprises, Inc.",Medmen Enterprises Inc,medmen.com,https://www.medmen.com/,,https://medmen.com/visit-us/,,
"Medalist Diversified REIT, Inc.",Medalist Diversified REIT Inc,medalistreit.com,https://investor.medalistreit.com/,,https://www.medalistreit.com/contact,user@domain.com,
"MediaAlpha, Inc.",Mediaalpha Inc,mediaalpha.com,https://investors.mediaalpha.com/news-releases/news-release-details/mediaalpha-announces-third-quarter-2025-financial-results,,https://mediaalpha.com/,,
Mediaco Holding Inc.,Mediaco Holding Inc,mediacoholding.com,https://mediacoholding.com/investor-relations/corporate-governance/,,https://mediacoholding.com/investor-relations/transfer-agent/,,
"Medicine Man Technologies, Inc.",Medicine Man Technologies Inc,medicinemangallery.com,https://www.medicinemangallery.com/,sales@medicinemangallery.com,https://www.medicinemangallery.com/pages/contactus,sales@medicinemangallery.com,
Medies,Medies,medies.net,https://medies.net/,tink@schoolEULogo948x632.png,https://medies.net/,info@medies.net,
Medinotec Inc.,Medinotec Inc,medinotecinc.com,https://medinotecinc.com/about-medinotec-inc,vrech@kris.co.za,https://medinotecinc.com/contact-us,vrech@kris.co.za,
"Medpace Holdings, Inc.",Medpace Holdings Inc,medpace.com,https://investor.medpace.com/financial-information/quarterly-results,,https://www.medpace.com/,,
Medtronic plc,Medtronic PLC,medtronic.com,https://investorrelations.medtronic.com/,investor.relations@medtronic.com,https://www.medtronic.com/en-us/contact-us.html,DLAEMSUPPORTHELP@medtronic.onmicrosoft.com,
MeiraGTx Holdings plc,Meiragtx Holdings PLC,,,,,,
Melar Acquisition Corp. I/Cayman,Melar Acquisition Corp I/cayman,,,,,,
"Mentor Capital, Inc.",Mentor Capital Inc,mentorcapital.com,https://ir.mentorcapital.com/,Info@MentorCapital.com,https://www.mentorcapital.com/contact/funding-application,info@mentorcapital.com,
"Mercer Bancorp, Inc.",Mercer Bancorp Inc,mercer.com,https://investorportal.mercer.com/overview,,https://www.mercer.com/content/mercersubdomain/global/en/mmx-retiree/home/contact-us.html,,
Merchants Bancorp,Merchants Bancorp,,,,,,
"Merck & Co., Inc.",Merck & Co Inc,merck.com,https://www.merck.com/investor-relations/,investor_relations@merck.com,https://www.merck.com/contact-us/,ahglobalmedia@merck.com,
Mereo BioPharma Group plc,Mereo Biopharma Group PLC,mereobiopharma.com,https://www.mereobiopharma.com/investors/overview/,,https://www.mereobiopharma.com/contact-us/,,
Meridian Corp,Meridian Corp,meridian-corp.com,https://www.meridian-corp.com/index.php/trane/,markw@meridian-corp.com,https://www.meridian-corp.com/index.php/printing-services/,markw@meridian-corp.com,
"MeridianLink, Inc.",Meridianlink Inc,meridianlink.com,https://ir.meridianlink.com/news/default.aspx,InvestorRelations@meridianlink.com,https://www.meridianlink.com/contact/,info@meridianlink.com,
Meritage Homes CORP,Meritage Homes Corp,meritagehomes.com,https://investors.meritagehomes.com/,Investors@MeritageHomes.com,https://www.meritagehomes.com/contact/,,
"Mersana Therapeutics, Inc.",Mersana Therapeutics Inc,mersana.com,https://www.mersana.com/investors-media/,,https://www.mersana.com/contact/,info@mersana.com,
Merus N.V.,Merus NV,meruscase.com,https://meruscase.com/web/,,https://meruscase.com/web/contact-us/,,
"Meta Platforms, Inc.",Meta Platforms Inc,meta.com,https://www.meta.com/about/,,https://www.meta.com/help/,,
MetaVia Inc.,Metavia Inc,,,,,,
"Metagenomi, Inc.",Metagenomi Inc,metagenomi.co,https://ir.metagenomi.co/stock-information/overview,,https://metagenomi.co/,info@onedesigncompany.com,
Metal Sky Star Acquisition Corp,Metal Sky Star Acquisition Corp,metal.de,https://www.metal.de/reviews/,metalde_logo@2x.png,https://www.metal.de/reviews/,metalde_logo@2x.png,
Metallus Inc.,Metallus Inc,metallus.com,https://investors.metallus.com/news/default.aspx,ir@metallus.com,https://metallus.com/contact-us/,,
Metropolitan Bank Holding Corp.,Metropolitan Bank Holding Corp,mcbankny.com,https://investors.mcbankny.com/news-events/news/news-details/2025/Metropolitan-Bank-Holding-Corp--Announces-Second-Quarter-2025-Earnings-Release-and-Conference-Call-Date/default.aspx,,https://investors.mcbankny.com/news-events/news/news-details/2023/Metropolitan-Bank-Holding-Corp.-Announces-Third-Quarter-2023-Earnings-Release-and-Conference-Call-Date/default.aspx,,
Microbot Medical Inc.,Microbot Medical Inc,microbotmedical.com,https://ir.microbotmedical.com/,,https://microbotmedical.com/,info@microbotmedical.com,
"Microvast Holdings, Inc.",Microvast Holdings Inc,microvast.com,https://ir.microvast.com/?trk=organization_guest_main-feed-card-text,,https://microvast.com/support/,,
MidCap Financial Investment Corp,Midcap Financial Investment Corp,midcapfinancialic.com,https://midcapfinancialic.com/,calexander@compasspointllc.com,https://midcapfinancialic.com/,calexander@compasspointllc.com,
"Midland States Bancorp, Inc.",Midland States Bancorp Inc,midlandstatesbank.com,https://www.midlandstatesbank.com/dbank/live/app/home,,https://www.midlandstatesbank.com/dbank/live/app/home,,
Milestone Pharmaceuticals Inc.,Milestone Pharmaceuticals Inc,milestonepharma.com,https://investors.milestonepharma.com/press-releases/,,https://milestonepharma.com/contact-us/,info@milestonepharma.com,
"Mill City Ventures III, Ltd",Mill City Ventures III Ltd,marketscreener.com,https://www.marketscreener.com/news/mill-city-announces-commencement-of-options-trading-on-cboe-exchange-ce7c50d8d880f720,MCVT@elevate-ir.com,https://www.marketscreener.com/news/mill-city-ventures-iii-ltd-announced-that-it-expects-to-receive-500-million-in-funding-from-a-g-p-ce7c5fd3dd80f526,,
Mind Medicine (MindMed) Inc.,Mind Medicine Mindmed Inc,mindmed.co,https://ir.mindmed.co/,gjain@mindmed.co,https://mindmed.co/contact-us/,you@yours.com,
"Mineralys Therapeutics, Inc.",Mineralys Therapeutics Inc,turntherapeutics.com,https://turntherapeutics.com/open-investor-session-on-9-25-25/,,https://turntherapeutics.com/turn-therapeutics-gx-03-technology-named-as-one-of-five-novel-mechanisms-reshaping-atopic-dermatitis-treatment-by-patient-care-online-magazine/,,
Minerva Gold Inc.,Minerva Gold Inc,minervafoods.com,https://ri.minervafoods.com/en/,,https://minervafoods.com/en/contact-us/,,
"Minerva Neurosciences, Inc.",Minerva Neurosciences Inc,minervaneurosciences.com,https://ir.minervaneurosciences.com/stock-information,,https://www.minervaneurosciences.com/contact/,info@minervaneurosciences.com,
"Mirion Technologies, Inc.",Mirion Technologies Inc,,,,,,
"Mirum Pharmaceuticals, Inc.",Mirum Pharmaceuticals Inc,mirumclinicaltrials.com,https://mirumclinicaltrials.com/,,https://mirumclinicaltrials.com/,,
"Mission Produce, Inc.",Mission Produce Inc,missionproduce.com,https://investors.missionproduce.com/node/5806,,https://missionproduce.com/contact-us/,,
"Mister Car Wash, Inc.",Mister Car Wash Inc,,,,,,
"Mistras Group, Inc.",Mistras Group Inc,mistrasgroup.com,https://www.mistrasgroup.com/site/ir-header/,,https://www.mistrasgroup.com/,,
"Moatable, Inc.",Moatable Inc,moatable.com,https://www.moatable.com/documents-charters/,,https://www.moatable.com/contact_us/,,
"Mobile Global Esports, Inc.",Mobile Global Esports Inc,,,,,,
Mobile Infrastructure Corp,Mobile Infrastructure Corp,mobileit.com,https://ir.mobileit.com/,beepir@advisiry.com,https://ir.mobileit.com/,beepir@advisiry.com,
Mobileye Global Inc.,Mobileye Global Inc,mobileye.com,https://ir.mobileye.com/news-events/news-releases?cb='+or+true()+or+'&mobile=1&page=1,,https://www.mobileye.com/,,
"Mobiquity Technologies, Inc.",Mobiquity Technologies Inc,mobiquitytechnologies.com,https://mobiquitytechnologies.com/investor-relations/,,https://mobiquitytechnologies.com/contact/,info@mobiquitytechnologies.com,
"Moderna, Inc.",Moderna Inc,modernadirect.com,https://modernadirect.com/en-US,,https://modernadirect.com/contact-us,,
ModivCare Inc,Modivcare Inc,modivcare.com,https://investors.modivcare.com/news-and-media/news-releases/default.aspx,,https://www.modivcare.com/contact-us-business/,,
"Modular Medical, Inc.",Modular Medical Inc,modular-medical.com,https://ir.modular-medical.com/,info@modular-medical.com,https://ir.modular-medical.com/,info@modular-medical.com,
Moelis & Co,Moelis & Co,moelis.com,https://investors.moelis.com/press-releases/default.aspx,,https://www.moelis.com/our-team/,leadership-bg-pattern@2x.jpg,
"Molecular Templates, Inc.",Molecular Templates Inc,mtem.com,https://www.mtem.com/,MTEM@vlpc.com,https://www.mtem.com/,MTEM@vlpc.com,
"Moleculin Biotech, Inc.",Moleculin Biotech Inc,moleculin.com,https://moleculin.com/investors/,mbrx@jtcir.com,https://moleculin.com/contact/,info@moleculin.com,
"Mondee Holdings, Inc.",Mondee Holdings Inc,mondee.com,https://www.mondee.com/about/press-releases/,,https://www.mondee.com/contact/,,
"Mondelez International, Inc.",Mondelez International Inc,mondelezinternational.com,https://www.mondelezinternational.com/investors/,,https://www.mondelezinternational.com/contact-us/consumers/,,
"MongoDB, Inc.",Mongodb Inc,mongodb.com,https://investors.mongodb.com/?mod=article_inline,,https://www.mongodb.com/company/contact,13x13-dot-dark@3x-wmem1vevpx.svg,
Monogram Technologies Inc.,Monogram Technologies Inc,monogramtechnologies.com,https://www.monogramtechnologies.com/,info@monogramorthopedics.com,https://www.monogramtechnologies.com/,info@monogramorthopedics.com,
Monopar Therapeutics,Monopar Therapeutics,daytraders.com,https://daytraders.com/news/2025/11/13/monopar-therapeutics-reports-third-quarter-2025-financial-results-and-recent-developments,,https://daytraders.com/news/2025/11/13/monopar-therapeutics-reports-third-quarter-2025-financial-results-and-recent-developments,,
"Monroe Federal Bancorp, Inc.",Monroe Federal Bancorp Inc,monroefederal.com,https://www.monroefederal.com/investor-relations/,info@pacificstocktransfer.com,https://www.monroefederal.com/contact-us/,,
Monster Beverage Corp,Monster Beverage Corp,,,,,,
"Montauk Renewables, Inc.",Montauk Renewables Inc,montaukrenewables.com,https://ir.montaukrenewables.com/?order=field_nir_sec_description&sort=asc,,https://montaukrenewables.com/operations/,,
"Monte Rosa Therapeutics, Inc.",Monte Rosa Therapeutics Inc,montenido.com,https://www.montenido.com/press-release/monte-nido-appoints-andy-blankemeyer-as-new-ceo,stayconnected@montenido.com,https://www.montenido.com/,info@montenido.com,
"Montrose Environmental Group, Inc.",Montrose Environmental Group Inc,montrose-env.com,https://investors.montrose-env.com/financials/quarterly-results/default.aspx,,https://montrose-env.com/contactus/,,
MoonLake Immunotherapeutics,Moonlake Immunotherapeutics,globenewswire.com,https://www.globenewswire.com/news-release/2025/11/05/3181261/0/en/MoonLake-Immunotherapeutics-Reports-Third-Quarter-2025-Financial-Results-and-Announces-New-Data-from-Clinical-Trials-of-its-Nanobody-Sonelokimab.html,ir@moonlaketx.com,https://www.globenewswire.com/news-release/2025/11/01/3178716/0/en/MLTX-INVESTOR-REMINDER-MoonLake-Immunotherapeutics-Investors-may-have-been-Affected-by-Fraud-Contact-BFA-Law-if-You-Suffered-Losses.html,ross@bfalaw.com,
Mosaic ImmunoEngineering Inc.,Mosaic Immunoengineering Inc,joinmosaic.com,https://joinmosaic.com/category/press-releases/,support@solarservicingllc.com,https://joinmosaic.com/2025/06/06/mosaic-update/,support@solarservicingllc.com,
"Motorola Solutions, Inc.",Motorola Solutions Inc,motorolasolutions.com,https://www.motorolasolutions.com/investors.html,example@company.com,https://www.motorolasolutions.com/en_us/managed-support-services/customer-hub.html,,
Motorsport Games Inc.,Motorsport Games Inc,motorsportgames.com,https://motorsportgames.com/motorsport-games-reports-third-quarter-2025-financial-results/,Investors@motorsportgames.com,https://motorsportgames.com/,,
"Motus GI Holdings, Inc.",Motus GI Holdings Inc,motusgi.com,https://motusgi.com/about-us/,,https://www.motusgi.com/help/,info@motusgi.com,
Mountain Crest Acquisition Corp. V,Mountain Crest Acquisition Corp V,mountainzone.com,https://www.mountainzone.com/,,https://www.mountainzone.com/,,
Mountain Lake Acquisition Corp.,Mountain Lake Acquisition Corp,mountainzone.com,https://www.mountainzone.com/map/map-46-adirondack-high-peaks/,,https://www.mountainzone.com/contact/,,
Movano Inc.,Movano Inc,movanohealth.com,https://movanohealth.com/,,https://movanohealth.com/contact-us/,support@eviering.com,
Movella Holdings Inc.,Movella Holdings Inc,movella.com,https://www.movella.com/investors,MVLA@scpllc.com,https://www.movella.com/support/request-support,,
"Mueller Water Products, Inc.",Mueller Water Products Inc,muellerwaterproducts.com,https://ir.muellerwaterproducts.com/,,https://www.muellerwaterproducts.com/contact,,
MultiPlan Corp,Multiplan Corp,,,,,,
"MultiSensor AI Holdings, Inc.",Multisensor AI Holdings Inc,multisensorai.com,https://investors.multisensorai.com/,IR@multisensorai.com,https://www.multisensorai.com/,,
Mural Oncology plc,Mural Oncology PLC,muraloncology.com,https://ir.muraloncology.com/stock-information,,https://www.muraloncology.com/contact/,,
Murphy USA Inc.,Murphy USA Inc,murphyusa.com,https://ir.corporate.murphyusa.com/investor-relations/news-releases/default.aspx,Ash.Aulds@MurphyUSA.com,https://ir.corporate.murphyusa.com/home/default.aspx,Ash.Aulds@MurphyUSA.com,
"My City Builders, Inc.",My City Builders Inc,mycitybuilders.com,https://www.mycitybuilders.com/,Contactus@mycitybuilders.com,https://www.mycitybuilders.com/contact,example@youremail.com,
"My Size, Inc.",My Size Inc,mysizeid.com,https://mysizeid.com/investors/,,https://mysizeid.com/reports/mysizeid-now-available-for-wix-ecommerce-apparel-brands-helps-retailers-drive-customer-size-confidence-revenue-growth/,,
"N2OFF, Inc.",N2Off Inc,n2off.com,https://www.n2off.com/investors-relations-company-presentation/,,https://www.n2off.com/,,
NABORS INDUSTRIES LTD,Nabors Industries Ltd,nabors.com,https://investor.nabors.com/,shareholder@computershare.com,https://www.nabors.com/,MG_2890@2x.png,
NACCO INDUSTRIES INC,Nacco Industries Inc,nacco.com,https://ir.nacco.com/,,https://nacco.com/contact/,NACCO.marketing@nacco.com,
NANOPHASE TECHNOLOGIES Corp,Nanophase Technologies Corp,otcmarkets.com,https://www.otcmarkets.com/stock/NANX/news?id=469929,,https://www.otcmarkets.com/stock/NANX/news?id=448305,,
"NANOVIRICIDES, INC.",Nanoviricides Inc,nanoviricides.com,https://www.nanoviricides.com/investor-info,info@nanoviricides.com,https://www.nanoviricides.com/,info@nanoviricides.com,
"NAPC Defense, Inc.",NAPC Defense Inc,napcdefense.com,https://www.napcdefense.com/investor-relations,,https://www.napcdefense.com/investor-relations,,
"NASDAQ, INC.",Nasdaq Inc,nasdaq.com,https://www.nasdaq.com/topic/investor-relations,,https://www.nasdaq.com/contact-us,,
NATE'S FOOD CO.,NATE S FOOD Co,natesfood.com,https://natesfood.com/,,https://natesfood.com/contact/,,
"NATHANS FAMOUS, INC.",Nathans Famous Inc,nathansfamous.com,https://nathansfamous.com/,,https://restaurants.nathansfamous.com/contact-us/,,
NATIONAL BANKSHARES INC,National Bankshares Inc,,,,,,
NATIONAL HEALTH INVESTORS INC,National Health Investors Inc,nationalcar.com,https://www.nationalcar.com/en/reserve.html,paypal@2x.png,https://www.nationalcar.com/en/support/car-rental-faqs.html,paypal@2x.png,
NATIONAL HEALTHCARE CORP,National Healthcare Corp,nationalhealthcorps.org,https://www.nationalhealthcorps.org/site/florida,kdawson@nefhsc.org,https://www.nationalhealthcorps.org/site/florida,kdawson@nefhsc.org,
NATIONAL PRESTO INDUSTRIES INC,National Presto Industries Inc,gopresto.com,https://www.gopresto.com/content/corporate-information/investor-relations,,https://www.gopresto.com/contact-us.php?sent=1,,
NATIONAL RESEARCH CORP,National Research Corp,nationalresearchcompany.com,https://nationalresearchcompany.com/,,https://nationalresearchcompany.com/,,
NATIONAL RURAL UTILITIES COOPERATIVE FINANCE CORP /DC/,National Rural Utilities Cooperative Finance Corp,cooperative.com,https://www.cooperative.com/cfc/Pages/CFC-A-Half-Century-of-Powering-Americas-Electric-Cooperatives.aspx,member-support@cooperative.com,https://www.cooperative.com/nreca/Pages/default.aspx,member-support@cooperative.com,
NATURAL GAS SERVICES GROUP INC,Natural GAS Services Group Inc,cmegroup.com,https://www.cmegroup.com/investor-relations.html,investors@cmegroup.com,https://www.cmegroup.com/education/courses/introduction-to-natural-gas/natural-gas-overview.html,,
NATURAL HEALTH TRENDS CORP,Natural Health Trends Corp,naturalhealthtrendscorp.com,https://ir.naturalhealthtrendscorp.com/,shareholder@broadridge.com,https://ir.naturalhealthtrendscorp.com/contacts,investor.relations@nhtglobal.com,
NATURAL RESOURCE PARTNERS LP,Natural Resource Partners LP,naturalgrocers.com,https://investors.naturalgrocers.com/,,https://www.naturalgrocers.com/customer-service-faq,cculp@naturalgrocers.com,
NATURES SUNSHINE PRODUCTS INC,Natures Sunshine Products Inc,naturessunshine.com,https://ir.naturessunshine.com/,NATR@gateway-grp.com,https://www.naturessunshine.com/contact-us,,
NAVIENT CORP,Navient Corp,navient.com,https://www.navient.com/investors/,Jen.Earyes@navient.com,https://navient.com/contact-us/,advocate@navient.com,
"NAYA Biosciences, Inc.",NAYA Biosciences Inc,nayabiosciences.com,https://www.nayabiosciences.com/copy-of-home-5,271e9fa3230b4eec94b02bf95780f5f2@sentry.wixpress.com,https://www.nayabiosciences.com/copy-of-home-5,271e9fa3230b4eec94b02bf95780f5f2@sentry.wixpress.com,
"NB Bancorp, Inc.",NB Bancorp Inc,,,,,,
NBT BANCORP INC,NBT Bancorp Inc,,,,,,
NCR Atleos Corp,NCR Atleos Corp,,,,,,
NCR Voyix Corp,NCR Voyix Corp,ncr.com,"https://investor.ncr.com/?page=0,4,0,0",,https://www.ncr.com/,,
"NCS Multistage Holdings, Inc.",NCS Multistage Holdings Inc,ncsmultistage.com,https://ir.ncsmultistage.com/corporate-profile/,,https://ir.ncsmultistage.com/news-releases/news-release-details/ncs-multistage-holdings-inc-announces-second-quarter-2024,,
NEKTAR THERAPEUTICS,Nektar Therapeutics,nektar.com,https://ir.nektar.com/news-releases/news-release-details/nektar-therapeutics-reports-fourth-quarter-and-full-year-2024,,https://www.nektar.com/contact/,,
NELNET INC,Nelnet Inc,nelnetinc.com,https://nelnetinc.com/investors/,,https://nelnetinc.com/capabilities/business-process-outsourcing/contact-center/,,
NEOGEN CORP,Neogen Corp,neogen.com,https://www.neogen.com/en/investor-relations/,,https://www.neogen.com/en/usac/contact/,DNAhelp@neogen.com,
NEOGENOMICS INC,Neogenomics Inc,neogenomics.com,https://ir.neogenomics.com/,Kendra.sweeney@neogenomics.com,https://www.neogenomics.com/contact-us/,contactPharma@neogenomics.com,
NEPHROS INC,Nephros Inc,nephros.com,https://www.nephros.com/investors/,,https://www.nephros.com/,,
"NERDWALLET, INC.",Nerdwallet Inc,nerdwallet.com,https://investors.nerdwallet.com/news-events/news-releases?mobile=1&page=1,,https://www.nerdwallet.com/,84dcf2cd2d3d44cbac84f52aad13b72e@o23637.ingest.sentry.io,
NET Power Inc.,NET Power Inc,netpowerinc.com,https://netpowerinc.com/,flags@2x.png,https://netpowerinc.com/,flags@2x.png,
NETFLIX INC,Netflix Inc,netflix.net,https://ir.netflix.net/home/default.aspx,,https://ir.netflix.net/resources/investor-contacts/default.aspx,,
"NETGEAR, INC.",Netgear Inc,netgear.com,https://investor.netgear.com/overview/default.aspx,investors@netgear.com,https://www.netgear.com/support/,,
NETLIST INC,Netlist Inc,netlist.com,https://investors.netlist.com/,,https://netlist.com/about/contact/,info@netlist.com,
NETSCOUT SYSTEMS INC,Netscout Systems Inc,netscout.com,https://ir.netscout.com/home/default.aspx,,https://www.netscout.com/,,
NETSOL TECHNOLOGIES INC,Netsol Technologies Inc,netsoltech.com,https://ir.netsoltech.com/,,https://netsoltech.com/en-us/contact-us,,
NETSTREIT Corp.,Netstreit Corp,netstreit.com,https://investors.netstreit.com/financials/quarterly-results/default.aspx,,https://netstreit.com/contact-us,,
NETWORK CN INC,Network CN Inc,network.com.tr,https://www.network.com.tr/en,xxxxx@aymarka.com.tr,https://www.network.com.tr/content/teslimat-iade-bilgileri-v2,HERO@3x-mobile.png,
NEURALBASE AI LTD.,Neuralbase AI Ltd,neuralbase.ai,http://neuralbase.ai/markets/,info@bmpaitech.com,https://neuralbase.ai/contact/,info@bmpaitech.com,
NEUROCRINE BIOSCIENCES INC,Neurocrine Biosciences Inc,neurocrinemedical.com,https://www.neurocrinemedical.com/,medinfo@neurocrine.com,https://www.neurocrinemedical.com/contact/,medinfo@neurocrine.com,
NEUROONE MEDICAL TECHNOLOGIES Corp,Neuroone Medical Technologies Corp,nmtc1.com,https://ir.nmtc1.com/,,https://nmtc1.com/contact,,
NEUTRA CORP.,Neutra Corp,neutrainc.com,https://neutrainc.com/investors,filler@godaddy.com,https://neutrainc.com/contact-us,filler@godaddy.com,
NEVRO CORP,Nevro Corp,nevro.com,https://www.nevro.com/investors/,,https://intl.nevro.com/English/us/about/contact-us/default.aspx,,
NEW ENGLAND REALTY ASSOCIATES LIMITED PARTNERSHIP,NEW England Realty Associates Limited Partnership,newenglandrealtyassociates.com,https://www.newenglandrealtyassociates.com/,Accessibility@incomrealestate.com,https://www.newenglandrealtyassociates.com/,Accessibility@incomrealestate.com,
NEW ERA HELIUM INC.,NEW ERA Helium Inc,newerainfra.ai,https://www.newerainfra.ai/,ir@newerainfra.ai,https://www.newerainfra.ai/,ir@newerainfra.ai,
NEW JERSEY RESOURCES CORP,NEW Jersey Resources Corp,njresources.com,https://www.njresources.com/investor-relations/,,https://www.njresources.com/,,
NEW PEOPLES BANKSHARES INC,NEW Peoples Bankshares Inc,newpeoples.bank,https://www.newpeoples.bank/about-us/investor-news,,https://www.newpeoples.bank/about-us/contact-npb/contact-us,,
NEW YORK MORTGAGE TRUST INC,NEW YORK Mortgage Trust Inc,globenewswire.com,https://www.globenewswire.com/news-release/2025/07/15/3116060/0/en/New-York-Mortgage-Trust-Inc-Acquires-Remaining-Interest-in-Constructive-Loans-LLC-Advancing-NYMT-s-Business-Purpose-Lending-Strategy.html,InvestorRelations@nymtrust.com,https://www.globenewswire.com/de/news-release/2025/01/08/3006751/0/en/New-York-Mortgage-Trust-Inc-Announces-Pricing-of-Public-Offering-of-Senior-Notes.html,wfscustomerservice@wellsfargo.com,
NEW YORK TIMES CO,NEW YORK Times Co,nytimes.com,https://www.nytimes.com/,,https://help.nytimes.com/115015385887-Contact-The-New-York-Times,,
NEWELL BRANDS INC.,Newell Brands Inc,newellbrands.com,https://ir.newellbrands.com/contact-ir/,,https://www.newellbrands.com/contact,globaltalentacquisition@newellco.com,
"NEWMARK GROUP, INC.",Newmark Group Inc,newmark-grp.com,https://newmark-grp.com/investing/,,https://newmark-grp.com/,,
NEWMONT Corp /DE/,Newmont Corp,,,,,,
NEWS CORP,NEWS Corp,newscorp.com,https://investors.newscorp.com/sec-filings,,https://newscorp.com/news-corp-contact/,arudnick@nypost.com,
"NEXGEL, INC.",Nexgel Inc,nexgel.com,https://ir.nexgel.com/,valter@kcsa.com,https://nexgel.com/contact-us/,info@nexgel.com,
"NEXSTAR MEDIA GROUP, INC.",Nexstar Media Group Inc,nexstar.tv,https://www.nexstar.tv/investor-relations/,nxst@jcir.com,https://www.nexstar.tv/contact/,info@theworknumber.com,
NEXT-ChemX Corporation.,NEXT-Chemx Corporation,nextchem.com,https://www.nextchem.com/en/,,https://www.nextchem.com/en/about-us/contact-us/,info@groupmaire.com,
NEXTERA ENERGY INC,Nextera Energy Inc,nexteraenergy.com,https://www.investor.nexteraenergy.com/,,https://www.investor.nexteraenergy.com/investor-resources/contact-investor-relations,,
NEXTNAV INC.,Nextnav Inc,nextnav.com,https://ir.nextnav.com/news/default.aspx,IR@nextnav.com,https://nextnav.com/contact/,,
NFiniTi inc.,Nfiniti Inc,infinitiusa.com,https://www.infinitiusa.com/,,https://www.infinitiusa.com/parts-service/Dealer/Search?lang=ru,,
"NI Holdings, Inc.",NI Holdings Inc,,,,,,
NICOLET BANKSHARES INC,Nicolet Bankshares Inc,nicoletbank.com,https://investors.nicoletbank.com/stock-information/default.aspx,,https://www.nicoletbank.com/,,
"NIKA PHARMACEUTICALS, INC",NIKA Pharmaceuticals Inc,nikapharmaceuticals.com,https://www.nikapharmaceuticals.com/investorrelations,user@domain.com,https://www.nikapharmaceuticals.com/,info@nikapharmaceuticals.com,
"NIKE, Inc.",NIKE Inc,nikeinc.com,https://investors.nikeinc.com/Investors/default.aspx,,https://investors.nikeinc.com/Investors/Corporate-Governance/Board-Committee-Charters/Audit-Committee/default.aspx,,
NIOCORP DEVELOPMENTS LTD,Niocorp Developments Ltd,niocorp.com,https://www.niocorp.com/investor-center/,jim.sims@NioCorp.com,https://www.niocorp.com/contact-us/,jim.sims@niocorp.com,
NISOURCE INC.,Nisource Inc,nisource.com,https://investors.nisource.com/investor-home/default.aspx,,https://www.nisource.com/company/contact-us,ni-source-logo@3x.tmb-nisource-l.png,
NITCHES INC,Nitches Inc,,,,,,
"NKGen Biotech, Inc.",Nkgen Biotech Inc,nkgenbiotech.com,https://nkgenbiotech.com/investors/,investors@nkgenbiotech.com,https://nkgenbiotech.com/contact/,info@nkgenbiotech.com,
NL INDUSTRIES INC,NL Industries Inc,lourdesinc.com,https://lourdesinc.com/,micah@micahrich.com,https://lourdesinc.com/,micah@micahrich.com,
"NMI Holdings, Inc.",NMI Holdings Inc,nmi.com,https://www.nmi.com/about-us/news/nmi-announces-strategic-growth-investment-from-insight-partners/,,https://www.nmi.com/,,
NN INC,NN Inc,nninc.com,https://investors.nninc.com/overview,,https://www.nninc.com/contact/,,
"NNN REIT, INC.",NNN REIT Inc,nnnreit.com,https://www.nnnreit.com/investor-relations/,,https://www.nnnreit.com/about-us/contact-us/,nnn-investorrelations@nnnreit.com,
NOBILITY HOMES INC,Nobility Homes Inc,nobilityhomes.com,http://nobilityhomes.com/AnnualReports.aspx,me@example.com,http://www.nobilityhomes.com/floorplan.aspx,me@example.com,
"NOCERA, INC.",Nocera Inc,,,,,,
NOCOPI TECHNOLOGIES INC/MD/,Nocopi Technologies Inc,nocopitechnologies.com,https://nocopitechnologies.com/,hello@nocopi.com,https://nocopitechnologies.com/,hello@nocopi.com,
NON INVASIVE MONITORING SYSTEMS INC /FL/,NON Invasive Monitoring Systems Inc,stackexchange.com,https://electronics.stackexchange.com/questions/541361/why-most-non-invasive-current-sensors-have-a-minijack-at-the-other-end,apple-touch-icon@2.png,https://electronics.stackexchange.com/questions/541361/why-most-non-invasive-current-sensors-have-a-minijack-at-the-other-end,apple-touch-icon@2.png,
NOODLES & Co,Noodles & Co,noodles.com,https://investor.noodles.com/?nomobile=1,,https://www.noodles.com/contact-us,,
NORDSON CORP,Nordson Corp,,,,,,
NORDSTROM INC,Nordstrom Inc,nordstrom.com,https://investor.nordstrom.com/investor-relations/?order=field_nir_sec_form&sort=asc,,https://www.nordstrom.com/,,
NORFOLK SOUTHERN CORP,Norfolk Southern Corp,norfolksouthern.com,https://www.norfolksouthern.com/en/newsroom/news-archive/2024/norfolk-southern-names-michael-barr-vice-president-investor-rela,media.relations@nscorp.com,https://www.norfolksouthern.com/en/contact-us,info@astfinancial.com,
NORTECH SYSTEMS INC,Nortech Systems Inc,nortechsystems.com,https://www.nortechsystems.com/building-systems-design/,,https://www.nortechsystems.com/building-systems-design/,,
"NORTHERN OIL & GAS, INC.",Northern OIL & GAS Inc,,,,,,
NORTHERN TECHNOLOGIES INTERNATIONAL CORP,Northern Technologies International Corp,northerntech.com,https://www.northerntech.com/,,https://www.northerntech.com/contact-us/,,
NORTHRIM BANCORP INC,Northrim Bancorp Inc,northrim.com,https://ir.northrim.com/overview/default.aspx,investors@northrim.com,https://ir.northrim.com/information-request/default.aspx,,
NORTHROP GRUMMAN CORP /DE/,Northrop Grumman Corp,northropgrumman.com,https://investor.northropgrumman.com/,,https://www.northropgrumman.com/who-we-are/contact-us-northrop-grumman?vendor=here,u003eweb.queries@computershare.com,
NORTHWEST BIOTHERAPEUTICS INC,Northwest Biotherapeutics Inc,northwest-bank.com,https://www.northwest-bank.com/,,https://www.northwest-bank.com/,,
NORTHWEST PIPE CO,Northwest PIPE Co,northwestpipe.com,https://www.northwestpipe.com/,poster@2x.jpg,https://www.northwestpipe.com/,poster@2x.jpg,
NORWOOD FINANCIAL CORP,Norwood Financial Corp,norwood.com,https://www.norwood.com/,info@norwood.com,https://www.norwood.com/contact-us/,info@norwood.com,
NOV Inc.,NOV Inc,nov.com,https://investors.nov.com/,,https://www.nov.com/,,
NOVAGOLD RESOURCES INC,Novagold Resources Inc,novagold.com,https://novagold.com/,,https://novagold.com/,,
NOVANTA INC,Novanta Inc,novanta.com,https://investors.novanta.com/overview/default.aspx,InvestorRelations@novanta.com,https://novanta.com/contact/,,
NOVAVAX INC,Novavax Inc,novavaxcovidvaccine.com,https://www.novavaxcovidvaccine.com/,,https://www.novavaxcovidvaccine.com/,,
NPK International Inc.,NPK International Inc,,,,,,
"NRG ENERGY, INC.",NRG Energy Inc,nrgenergy.com,"https://careers.nrgenergy.com/nrg/go/Finance,-Risk-and-Accounting/8597200/",,https://careers.nrgenergy.com/nrg/go/Customer-Operations-Retail/8597400/,,
"NRX Pharmaceuticals, Inc.",NRX Pharmaceuticals Inc,nrxpharma.com,https://www.nrxpharma.com/,,https://www.nrxpharma.com/contact-us/,press@nrxpharma.com,
NSTAR ELECTRIC CO,Nstar Electric Co,electricityrates.com,https://electricityrates.com/how-to-compare/electric-bills/eversource-energy-nstar-bill/,support@electricityrates.com,https://electricityrates.com/massachusetts/eversource-energy-nstar/,support@electricityrates.com,
"NSTS Bancorp, Inc.",NSTS Bancorp Inc,thebancorp.com,https://investors.thebancorp.com/financial-information/sec-filings/default.aspx,,https://thebancorp.com/account-card-holder-assistance/,info@thebancorp.com,
"NU SKIN ENTERPRISES, INC.",NU SKIN Enterprises Inc,nuskin.com,https://www.nuskin.com/content/corpcom/en_US/newsroom/press_releases1/2025/nu-skin-enterprises-reports-fourth-quarter-and-full-year-2024-re.html,,https://www.nuskin.com/content/nuskin/en_NO/corporate/compliance-corner/company.html,,
NUCOR CORP,Nucor Corp,,,,,,
NUSCALE POWER Corp,Nuscale Power Corp,nuscalepower.com,https://www.nuscalepower.com/Investors,,https://www.nuscalepower.com/contact,,
NUTRA PHARMA CORP,Nutra Pharma Corp,qnutrapharma.com,https://www.qnutrapharma.com/,info@qnutrapharma.com,https://www.qnutrapharma.com/,info@qnutrapharma.com,
"NV5 Global, Inc.",Nv5 Global Inc,,,,,,
NVE CORP /NEW/,NVE Corp /New/,nve.com,https://www.nve.com/investors,,https://www.nve.com/webstore/contact,orders@nve.com,
NVR INC,NVR Inc,nvrinc.com,https://www.nvrinc.com/,,https://www.nvrinc.com/contact-us/,,
NXG Cushing Midstream Energy Fund,NXG Cushing Midstream Energy Fund,nxgim.com,https://nxgim.com/nxg-cushing-midstream-energy-fund.html,info@nxgim.com,https://nxgim.com/nxg-cushing-midstream-energy-fund.html,info@nxgim.com,
NXG NextGen Infrastructure Income Fund,NXG Nextgen Infrastructure Income Fund,nxgim.com,https://nxgim.com/nxg-nextgen-infrastructure-income-fund,info@nxgim.com,https://www.nxgim.com/assets/pdfs/NXG-NextGen-Infrastructure-Income-Fund-Factsheet-June-2025.pdf,,
NXP Semiconductors N.V.,NXP Semiconductors NV,nxp.com,https://investors.nxp.com/news-releases/news-release-details/nxp-eleqtron-and-parityqc-reveal-their-first-quantum-computing/,,https://contact.nxp.com/email-validation-error,,
NYLI CBRE Global Infrastructure Megatrends Term Fund,NYLI CBRE Global Infrastructure Megatrends Term Fund,,,,,,
Nabors Energy Transition Corp. II,Nabors Energy Transition Corp II,,,,,,
Nano Magic Inc.,Nano Magic Inc,nanomagic.com,https://nanomagic.com/,ecom-swiper@11.css,https://nanomagic.com/pages/contact-us,ecom-swiper@11.css,
Nano Nuclear Energy Inc.,Nano Nuclear Energy Inc,nanonuclearenergy.com,https://nanonuclearenergy.com/,info@nanonuclearenergy.com,https://nanonuclearenergy.com/contact-us/,info@nanonuclearenergy.com,
"NanoVibronix, Inc.",Nanovibronix Inc,,,,,,
"NantHealth, Inc.",Nanthealth Inc,nanthealth.com,https://nanthealth.com/resources/press-releases/nanthealth-to-report-2022-third-quarter-financial-results-and-host-conference-call-on-thursday-november-3/,NantHealth-RGB@240.png,https://helpcenter.nanthealth.com/login,,
"Natera, Inc.",Natera Inc,natera.com,https://investor.natera.com/events-and-presentations/default.aspx,,https://www.natera.com/company/contact-us/,signateracc@natera.com,
"National CineMedia, Inc.",National Cinemedia Inc,nationalinvestornetwork.com,https://www.nationalinvestornetwork.com/,,https://www.nationalinvestornetwork.com/company-profile/spiro-technologies-inc,,
National Storage Affiliates Trust,National Storage Affiliates Trust,nsastorage.com,https://ir.nsastorage.com/,,https://ir.nsastorage.com/company-information/contacts,,
"National Vision Holdings, Inc.",National Vision Holdings Inc,nationalvision.com,https://ir.nationalvision.com/,,https://www.nationalvision.com/contact/,,
NaturalShrimp Inc,Naturalshrimp Inc,,,,,,
Nature's Miracle Holding Inc.,Nature S Miracle Holding Inc,nature-miracle.com,https://investors.nature-miracle.com/,investors@ascent-ir.com,https://www.nature-miracle.com/contact-us/,info@nature-miracle.com,
"Nauticus Robotics, Inc.",Nauticus Robotics Inc,nauticusrobotics.com,https://ir.nauticusrobotics.com/,,https://nauticusrobotics.com/contact/,,
"Nautilus Biotechnology, Inc.",Nautilus Biotechnology Inc,nautilus.com,https://www.nautilus.com/,info@nautilus.com,https://www.nautilus.com/,info@nautilus.com,
Navitas Semiconductor Corp,Navitas Semiconductor Corp,navitassemi.com,https://ir.navitassemi.com/shareholder-resources/investor-faqs,,https://navitassemi.com/contact-navitas/,,
Nemaura Medical Inc.,Nemaura Medical Inc,,,,,,
NeoVolta Inc.,Neovolta Inc,neovolta.com,https://neovolta.com/investors/,,https://neovolta.com/contact-us/,,
Nerdy Inc.,Nerdy Inc,nerdy.com,https://investors.nerdy.com/financials/quarterly-results/default.aspx,,https://nerdy.com/,,
"NetApp, Inc.",Netapp Inc,,,,,,
NetBrands Corp.,Netbrands Corp,netbrandscorp.com,https://netbrandscorp.com/,,https://netbrandscorp.com/,,
Netcapital Inc.,Netcapital Inc,netcapitalinc.com,https://netcapitalinc.com/sec-filings,,https://netcapitalinc.com/contact,,
"NeueHealth, Inc.",Neuehealth Inc,neuehealth.com,https://investors.neuehealth.com/news/default.aspx,IR@neuehealth.com,https://eznetedi.neuehealth.com/EZ-NET60/Login.aspx,,
"Neumora Therapeutics, Inc.",Neumora Therapeutics Inc,neutherapeutics.com,https://www.neutherapeutics.com/research-team,user@domain.com,https://www.neutherapeutics.com/research-team/drew,user@domain.com,
"Neuraxis, INC",Neuraxis Inc,neuraxis.com,https://neuraxis.com/investor-relations/,info@neuraxis.com,https://neuraxis.com/contact-us/,info@neuraxis.com,
NeuroMind AI Corp.,Neuromind AI Corp,neuromind-ai.com,https://www.neuromind-ai.com/,605a7baede844d278b89dc95ae0a9123@sentry-next.wixpress.com,https://www.neuromind-ai.com/,605a7baede844d278b89dc95ae0a9123@sentry-next.wixpress.com,
NeuroPace Inc,Neuropace Inc,neuropace.com,https://investors.neuropace.com/financial-information/sec-filings/,,https://www.neuropace.com/about-neuropace/contact-neuropace/,customerservice@neuropace.com,
Neurogene Inc.,Neurogene Inc,neurogene.com,https://ir.neurogene.com/shareholder-services/investor-contacts,,https://www.neurogene.com/contact-us/,patientinfo@neurogene.com,
"Neuronetics, Inc.",Neuronetics Inc,neuronetics.com,https://ir.neuronetics.com/node/11636/pdf,,https://ir.neuronetics.com/investor-resources/contact-ir/,,
Nevada Canyon Gold Corp.,Nevada Canyon Gold Corp,nevadacanyongold.com,https://nevadacanyongold.com/investors/,info@nevadacanyongold.com,https://nevadacanyongold.com/contact/,info@nevadacanyongold.com,
"New Asia Holdings, Inc.",New Asia Holdings Inc,globenewswire.com,https://www.globenewswire.com/news-release/2024/10/23/2967817/0/en/New-Asia-Holdings-Inc-NAHD-Announces-Shareholder-Update.html,mikem@olenox.com,https://www.globenewswire.com/news-release/2024/10/23/2967817/0/en/New-Asia-Holdings-Inc-NAHD-Announces-Shareholder-Update.html,mikem@olenox.com,
"New Concept Energy, Inc.",New Concept Energy Inc,,,,,,
New Fortress Energy Inc.,New Fortress Energy Inc,newfortressenergy.com,https://ir.newfortressenergy.com/,,https://www.newfortressenergy.com/,,
New Horizon Aircraft Ltd.,New Horizon Aircraft Ltd,horizonaircraft.com,https://ir.horizonaircraft.com/,HOVR@fnkir.com,https://www.horizonaircraft.com/,,
NewAmsterdam Pharma Co N.V.,Newamsterdam Pharma Co NV,newamsterdampharma.com,https://ir.newamsterdampharma.com/news-events/press-releases,,https://www.newamsterdampharma.com/contact-us/,info@NewAmsterdamPharma.com,
"NewHydrogen, Inc.",Newhydrogen Inc,,,,,,
"NewLake Capital Partners, Inc.",Newlake Capital Partners Inc,newlake.com,https://ir.newlake.com/,Valter@KCSA.com,https://newlake.com/contact-us/,info@newlake.com,
Newbury Street Acquisition Corp,Newbury Street Acquisition Corp,,,,,,
Newbury Street II Acquisition Corp,Newbury Street II Acquisition Corp,,,,,,
"NexImmune, Inc.",Neximmune Inc,neximmune.com,https://neximmune.com/,ajax-loader@2x.gif,https://neximmune.com/contact/,ajax-loader@2x.gif,
"NexPoint Real Estate Finance, Inc.",Nexpoint Real Estate Finance Inc,,,,,,
Next Technology Holding Inc.,Next Technology Holding Inc,nexttechnologygroup.com,https://nexttechnologygroup.com/,info@nexttechnologygroup.com,https://nexttechnologygroup.com/,info@nexttechnologygroup.com,
"NextCure, Inc.",Nextcure Inc,nextcure.com,https://ir.nextcure.com/financial-information/sec-filings?items_per_page_toggle=0&page=1,,https://nextcure.com/contact-us/,,
NextDecade Corp.,Nextdecade Corp,next-decade.com,https://www.investors.next-decade.com/presentations,,https://www.next-decade.com/contact/,info@next-decade.com,
NextPlat Corp,Nextplat Corp,nextplat.com,https://ir.nextplat.com/,investors@nextplat.com,https://www.nextplat.com/,info@nextplat.com,
"NextTrip, Inc.",Nexttrip Inc,nexttrip.com,https://investors.nexttrip.com/,,https://nexttrip.com/contact,,
"Nextdoor Holdings, Inc.",Nextdoor Holdings Inc,nextdoor.com,https://investors.nextdoor.com/,,https://nextdoor.com/?next=/help_map/?is=helpmap,,
Nextracker Inc.,Nextracker Inc,nextracker.com,https://investors.nextracker.com/financials/quarterly-results/default.aspx,,https://www.nextracker.com/contact/,media@nextpower.com,
"NightFood Holdings, Inc.",Nightfood Holdings Inc,nightfoodholdings.com,https://nightfoodholdings.com/,ir@nightfoodholdings.com,https://nightfoodholdings.com/pages/contact-us/,,
Nikola Corp,Nikola Corp,nikolamotor.com,https://nikolamotor.com/investors,,https://www.nikolamotor.com/contact,,
"Nine Energy Service, Inc.",Nine Energy Service Inc,nineenergyservice.com,https://investor.nineenergyservice.com/,,https://www.nineenergyservice.com/contact,u003ehr.support@nineenergyservice.com,
"Nkarta, Inc.",Nkarta Inc,,,,,,
Noble Corp plc,Noble Corp PLC,,,,,,
Nordicus Partners Corp,Nordicus Partners Corp,nordicuspartners.com,https://nordicuspartners.com/investors/,Kontakt@ulvemanborsting.com,https://nordicuspartners.com/,,
North Haven Private Income Fund LLC,North Haven Private Income Fund LLC,,,,,,
"NorthEast Community Bancorp, Inc./MD/",Northeast Community Bancorp Inc,northeast.edu,https://northeast.edu/about-us/strategic-plan/reports-and-publications/,,https://northeast.edu/about-us/contact-us,,
NorthView Acquisition Corp,Northview Acquisition Corp,northviewacquisition.com,https://northviewacquisition.com/investors/,,https://northviewacquisition.com/,,
"NorthWestern Energy Group, Inc.",Northwestern Energy Group Inc,northwesternenergy.com,https://northwesternenergy.com/investors/earnings,,https://northwesternenergy.com/customer-service,,
Northann Corp.,Northann Corp,northann.com,https://ir.northann.com/lp-agm,,https://www.northann.com/contact,271e9fa3230b4eec94b02bf95780f5f2@sentry.wixpress.com,
"Northfield Bancorp, Inc.",Northfield Bancorp Inc,enorthfield.com,https://ir.enorthfield.com/overview/default.aspx,wjacobs@eNorthfield.com,https://www.enorthfield.com/customer-service,,
"Northwest Bancshares, Inc.",Northwest Bancshares Inc,northwest.bank,https://investorrelations.northwest.bank/corporate-profile/default.aspx,,https://www.northwest.bank/help-center-new/,info@northwest.com,
Northwest Natural Holding Co,Northwest Natural Holding Co,,,,,,
Norwegian Cruise Line Holdings Ltd.,Norwegian Cruise Line Holdings Ltd,nclhltd.com,https://www.nclhltd.com/investors,InvestorRelations@nclcorp.com,https://www.nclhltd.com/contact,,
"Notable Labs, Ltd.",Notable Labs Ltd,eiceu.com,https://www.eiceu.com/eic-accelerator-funding-vascular-biogenics-ltds-growth-and-merger-with-notable-labs,,https://www.eiceu.com/eic-accelerator-funding-vascular-biogenics-ltds-growth-and-merger-with-notable-labs,,
NovAccess Global Inc.,Novaccess Global Inc,novaccessglobal.com,https://novaccessglobal.com/,info@novaccessglobal.com,https://novaccessglobal.com/,info@novaccessglobal.com,
"Nova Lifestyle, Inc.",Nova Lifestyle Inc,novalifestyle.com,https://novalifestyle.com/investor-relations-copy,user@domain.com,https://novalifestyle.com/contact-us,info@novalifestyle.com,
"NovaBay Pharmaceuticals, Inc.",Novabay Pharmaceuticals Inc,novabay.com,https://investors.novabay.com/,helpAST@equiniti.com,https://novabay.com/contact/,,
"Novo Integrated Sciences, Inc.",Novo Integrated Sciences Inc,novointegrated.com,https://novointegrated.com/,,https://novointegrated.com/,,
NovoCure Ltd,Novocure Ltd,novocure.com,https://www.novocure.com/investor-relations/investor-relations/home,investorinfo@novocure.com,https://www.novocure.com/contact-us,,
Nowtransit Inc,Nowtransit Inc,,,,,,
"Nu-Med Plus, Inc.",Nu-Med Plus Inc,nu-medplus.org,https://nu-medplus.org/,,https://nu-medplus.org/,,
"Nuburu, Inc.",Nuburu Inc,nuburu.net,https://ir.nuburu.net/overview/,,https://www.nuburu.net/contact/,info@laser2000.nl,
Nukkleus Inc.,Nukkleus Inc,nukkleus.com,https://nukkleus.com/,,https://nukkleus.com/,,
"Nurix Therapeutics, Inc.",Nurix Therapeutics Inc,nurix.ai,https://www.nurix.ai/company,your@email.com,https://www.nurix.ai/industry/ai-agents-for-health-and-fitness,your@email.com,
"Nutanix, Inc.",Nutanix Inc,nutanixbible.com,https://www.nutanixbible.com/,,https://www.nutanixbible.com/,,
"Nutex Health, Inc.",Nutex Health Inc,nutexhealth.com,https://www.nutexhealth.com/investors/,info@nutexhealth.com,https://www.nutexhealth.com/contact/,info@nutexhealth.com,
NutriBand Inc.,Nutriband Inc,nutriband.com,https://www.nutriband.com/investors,1eeb89147c984dc6bc3ffafd9e6cd089@sentry.wixpress.com,https://www.nutriband.com/contact-us,info@nutriband.com,
"Nuvalent, Inc.",Nuvalent Inc,nuvalent.com,https://investors.nuvalent.com/,,https://nuvalent.com/contact,no-reply@greenhouse.io,
Nuvation Bio Inc.,Nuvation Bio Inc,nuvationbio.com,https://investors.nuvationbio.com/investors/default.aspx,,https://nuvationbio.com/contact/,info@nuvationbio.com,
"Nuvectis Pharma, Inc.",Nuvectis Pharma Inc,,,,,,
Nuveen Mortgage & Income Fund/MA/,Nuveen Mortgage & Income Fund,nuveen.com,https://www.nuveen.com/en-us/closed-end-funds/jls-nuveen-mortgage-and-income-fund,email@email.com,https://www.nuveen.com/en-us/contact-us,,
Nuveen NASDAQ 100 Dynamic Overwrite Fund,Nuveen Nasdaq 100 Dynamic Overwrite Fund,nuveen.com,https://www.nuveen.com/en-us/closed-end-funds/qqqx-nuveen-nasdaq-100-dynamic-overwrite-fund,email@email.com,https://www.nuveen.com/en-us/closed-end-funds/qqqx-nuveen-nasdaq-100-dynamic-overwrite-fund,email@email.com,
"Nuvera Communications, Inc.",Nuvera Communications Inc,nuvera.net,https://nuvera.net/investor-updates/,Blog-Placeholder@4x-1536x1187.png,https://nuvera.net/support/,,
"Nuwellis, Inc.",Nuwellis Inc,nuwellis.com,https://ir.nuwellis.com/investor-relations,,https://www.nuwellis.com/about-nuwellis/contact-us/,support@nuwellis.com,
"Nxu, Inc.",Nxu Inc,nxuenergy.com,https://investors.nxuenergy.com/news-events/news-releases,,https://nxuenergy.com/,customerservice@nxuenergy.com,
O REILLY AUTOMOTIVE INC,O Reilly Automotive Inc,,,,,,
"O-I Glass, Inc. /DE/",O-I Glass Inc,glass-catalog.com,https://glass-catalog.com/na-en/,,https://glass-catalog.com/na-en/,,
OCA Acquisition Corp.,OCA Acquisition Corp,ocaacquisition.com,https://www.ocaacquisition.com/,media@ocaacquisition.com,https://www.ocaacquisition.com/,info@ocaacquisition.com,
OCEANFIRST FINANCIAL CORP,Oceanfirst Financial Corp,oceanfirst.com,https://ir.oceanfirst.com/overview/default.aspx,,https://oceanfirst.com/,,
"OCULAR THERAPEUTIX, INC",Ocular Therapeutix Inc,barchart.com,https://www.barchart.com/story/news/34661347/ocular-therapeutix-to-host-investor-day-on-september-30-2025,bslattery@ocutx.com,https://www.barchart.com/stocks/quotes/OCUL,,
OCULUS VISIONTECH INC.,Oculus Visiontech Inc,oculus.com,https://www.oculus.com/casting/,,https://auth.oculus.com/login-with-oculus/?redirect_uri=https,,
ODP Corp,ODP Corp,,,,,,
ODYSSEY MARINE EXPLORATION INC,Odyssey Marine Exploration Inc,odysseymarine.com,https://ir.odysseymarine.com/news/default.aspx,ir@odysseymarine.com,https://www.odysseymarine.com/contact,2062d0a4929b45348643784b5cb39c36@sentry.wixpress.com,
OFFICE PROPERTIES INCOME TRUST,Office Properties Income Trust,,,,,,
OFS Capital Corp,OFS Capital Corp,ofscapitalcorp.com,https://ir.ofscapitalcorp.com/,,https://ir.ofscapitalcorp.com/,,
OGE ENERGY CORP.,OGE Energy Corp,oge.com,https://www.oge.com/wps/portal/ord/investors/investor-center/events-presentations/,,https://www.oge.com/wps/portal/ord/customer-service,,
"OIL STATES INTERNATIONAL, INC",OIL States International Inc,oilstatesintl.com,https://www.ir.oilstatesintl.com/,,https://www.oilstatesintl.com/contact-us-1707.html,osii-info@oilstates.com,
"OLAPLEX HOLDINGS, INC.",Olaplex Holdings Inc,,,,,,
"OLB GROUP, INC.",OLB Group Inc,olb.com,https://investors.olb.com/olb-group-reports-fy-results/,,https://olb.com/contact/,info@company.comsupport,
"OLD DOMINION FREIGHT LINE, INC.",OLD Dominion Freight LINE Inc,oldtownscottsdaleaz.com,https://oldtownscottsdaleaz.com/,,https://oldtownscottsdaleaz.com/,,
OLD MARKET CAPITAL Corp,OLD Market Capital Corp,oldmarketcapital.com,https://ir.oldmarketcapital.com/overview/default.aspx,investorrelations@oldmarketcapital.com,https://www.oldmarketcapital.com/,investorservices@nicfn.com,
OLD NATIONAL BANCORP /IN/,OLD National Bancorp,oldnational.com,https://ir.oldnational.com/overview/default.aspx,scott.reinhard@oldnational.com,https://www.oldnational.com/customer-service-faqs/,mortops@oldnational.com,
OLD POINT FINANCIAL CORP,OLD Point Financial Corp,oldpoint.com,https://www.oldpoint.com/about/press-room/recent-press-releases,info@oldpoint.com,https://www.oldpoint.com/about/contact,info@oldpoint.com,
OLD REPUBLIC INTERNATIONAL CORP,OLD Republic International Corp,oldrepublic.com,https://ir.oldrepublic.com/,,https://www.oldrepublic.com/,,
OLYMPIC STEEL INC,Olympic Steel Inc,iamolympicsteel.com,https://www.iamolympicsteel.com/olympic-steel-one-company,,https://www.iamolympicsteel.com/contact,Julie.Yeiter@olysteel.com,
OMEGA HEALTHCARE INVESTORS INC,Omega Healthcare Investors Inc,omegahealthcare.com,https://www.omegahealthcare.com/investors,InvestorRelations@OmegaHealthcare.com,https://www.omegahealthcare.com/investors/company-information/contact-us,acquisitions@omegahealthcare.com,
OMEROS CORP,Omeros Corp,,,,,,
"OMNICELL, INC.",Omnicell Inc,omnicell.com,https://ir.omnicell.com/overview/default.aspx,ir@omnicell.com,https://www.omnicell.com/,,
OMNICOM GROUP INC.,Omnicom Group Inc,omnicomgroup.com,https://investor.omnicomgroup.com/news/default.aspx,IR@OmnicomGroup.com,https://www.omnicomgroup.com/,,
ON24 INC.,On24 Inc,on24.com,https://investors.on24.com/overview/default.aspx,InvestorRelations@ON24.com,https://www.on24.com/contact-us/,europe@on24.com,
"ONE Gas, Inc.",ONE Gas Inc,,,,,,
"ONE Group Hospitality, Inc.",ONE Group Hospitality Inc,toghospitality.com,http://toghospitality.com/,,http://toghospitality.com/,,
ONE LIBERTY PROPERTIES INC,ONE Liberty Properties Inc,1liberty.com,https://1liberty.com/investor-relations,investments@1liberty.com,https://1liberty.com/about/contact,larryr@1liberty.com,
"ONE STOP SYSTEMS, INC.",ONE STOP Systems Inc,onestopsystems.com,https://onestopsystems.com/pages/contact-us-ir,u003esales@onestopsystems.com,https://onestopsystems.com/pages/contact_us,u003esales@onestopsystems.com,
ONESPAWORLD HOLDINGS Ltd,Onespaworld Holdings Ltd,onespaworld.com,https://onespaworld.com/investor-relations/,,https://onespaworld.com/contact/,,
ONITY GROUP INC.,Onity Group Inc,,,,,,
ONTO INNOVATION INC.,ONTO Innovation Inc,ontoinnovation.com,https://investors.ontoinnovation.com/overview/default.aspx,investors@ontoinnovation.com,https://investors.ontoinnovation.com/,,
OOMA INC,OOMA Inc,ooma.com,https://investors.ooma.com/financial-information/sec-filings,,https://www.ooma.com/contact/,support@broadsmart.com,
OP Bancorp,OP Bancorp,,,,,,
OPAL Fuels Inc.,OPAL Fuels Inc,opalfuels.com,https://investors.opalfuels.com/news-releases/news-release-details/opal-fuels-announces-second-quarter-2025-earnings-release-date,,https://opalfuels.com/contact/,,
OPEN TEXT CORP,OPEN TEXT Corp,opentext.com,https://investors.opentext.com/events-and-presentations/event-details/2025/OTW2025/default.aspx,,https://www.opentext.com/support,,
"OPENLANE, Inc.",Openlane Inc,,,,,,
OPGEN INC,Opgen Inc,opgen.com,https://ir.opgen.com/,,https://www.opgen.com/contact-us/,,
OPPENHEIMER HOLDINGS INC,Oppenheimer Holdings Inc,oppenheimer.com,https://www.oppenheimer.com/about-us/investor-relations/,brokercheck-white@3x.png,https://www.oppenheimer.com/about-us/contact-us,expand-copy@3x.png,
OPTICAL CABLE CORP,Optical Cable Corp,fiber-opticalcable.com,https://www.fiber-opticalcable.com/,jiqian@gzjqofc.com,https://www.fiber-opticalcable.com/sale-36220369-adss-optical-cable-4000m-roll-self-supporting-96-core-fiber-optic-cable.html,lillian@gzjqofc.com,
ORACLE CORP,Oracle Corp,,,,,,
ORAGENICS INC,Oragenics Inc,oragenics.com,https://ir.oragenics.com/,ir@oragenics.com,https://www.oragenics.com/about/contact-us,info@oragenics.com,
ORAMED PHARMACEUTICALS INC.,Oramed Pharmaceuticals Inc,oramed.com,https://oramed.com/investor-relations/,office@oramed.com,https://oramed.com/contact-us/,office@oramed.com,
ORASURE TECHNOLOGIES INC,Orasure Technologies Inc,orasure.com,https://orasure.com/,,https://orasure.com/,,
"ORGANOVO HOLDINGS, INC.",Organovo Holdings Inc,organovo.com,https://organovo.com/investors/,,https://organovo.com/contact/,,
"ORIGINCLEAR, INC.",Originclear Inc,originclear.com,https://www.originclear.com/,water@originclear.com,https://www.originclear.com/contact/,water@originclear.com,
"ORION ENERGY SYSTEMS, INC.",Orion Energy Systems Inc,oriones.com,https://investor.oriones.com/news-releases/news-release-details/301-gross-margin-and-lower-operating-expenses-enable-orion,,https://investor.oriones.com/news-releases/news-release-details/led-lighting-energy-systems-and-project-solutions-provider-orion,,
"ORMAT TECHNOLOGIES, INC.",Ormat Technologies Inc,ormat.com,https://investor.ormat.com/stock-information/stock-quote/,,https://www.ormat.com/en/company/contact/main/?mode=thanks&formID=6,,
ORTHOPEDIATRICS CORP,Orthopediatrics Corp,orthopediatrics.com,https://ir.orthopediatrics.com/,,https://www.orthopediatrics.com/contact/,info@orthopediatrics.com,
OS Therapies Inc,OS Therapies Inc,ostherapies.com,https://ostherapies.com/,jld@ostherapies.com,https://ostherapies.com/contact/,irpr@ostherapies.com,
OSHKOSH CORP,Oshkosh Corp,oshkoshcorp.com,https://www.investors.oshkoshcorp.com/,,https://www.oshkoshcorp.com/contact-us,,
OSI SYSTEMS INC,OSI Systems Inc,osi-systems.com,https://www.osi-systems.com/investor-relations/,,https://www.osi-systems.com/contact/,,
OUTFRONT Media Inc.,Outfront Media Inc,,,,,,
OWENS & MINOR INC/VA/,Owens & Minor Inc,owens-minor.com,https://investors.owens-minor.com/contact-ir/default.aspx,,https://www.owens-minor.com/contact/,,
OXBRIDGE RE HOLDINGS Ltd,Oxbridge RE Holdings Ltd,oxbridgere.com,https://oxbridgere.com/investor-alerts/,,https://oxbridgere.com/contact-us/,ContactUs@SurancePlus.com,
OXFORD INDUSTRIES INC,Oxford Industries Inc,oxfordinc.com,https://investor.oxfordinc.com/investor-relations,,https://www.oxfordinc.com/,info@oxfordinc.com,
"OZOP ENERGY SOLUTIONS, INC.",OZOP Energy Solutions Inc,ozopenergy.com,https://ozopenergy.com/investors/,,https://ozopenergy.com/contact/,,
Oak Valley Bancorp,Oak Valley Bancorp,ovcb.com,https://investors.ovcb.com/about-us/default.aspx,,https://www.ovcb.com/,,
Oak Woods Acquisition Corp,Oak Woods Acquisition Corp,,,,,,
Oaktree Acquisition Corp. III Life Sciences,Oaktree Acquisition Corp III Life Sciences,datainsightsmarket.com,https://www.datainsightsmarket.com/companies/OACC,sales@datainsightsmarket.com,https://www.datainsightsmarket.com/companies/OACC,sales@datainsightsmarket.com,
Oaktree Specialty Lending Corp,Oaktree Specialty Lending Corp,oaktreespecialtylending.com,https://investors.oaktreespecialtylending.com/overview/default.aspx,ocsl-ir@oaktreecapital.com,https://www.oaktreespecialtylending.com/contact-us,ocsl-ir@oaktreecapital.com,
"Oblong, Inc.",Oblong Inc,oblonginc.com,https://oblonginc.com/,otto@oblonginc.com,https://oblonginc.com/,otto@oblonginc.com,
"Ocean Biomedical, Inc.",Ocean Biomedical Inc,oceanbiomedical.com,https://www.oceanbiomedical.com/financial,user@domain.com,https://www.oceanbiomedical.com/connect,connect@oceanbiomedical.com,
"Ocean Power Technologies, Inc.",Ocean Power Technologies Inc,oceanpowertechnologies.com,https://investors.oceanpowertechnologies.com/,,https://oceanpowertechnologies.com/customer-support/,,
"Ocugen, Inc.",Ocugen Inc,ocugen.com,https://ir.ocugen.com/press-releases/,,https://ocugen.com/contact/,img-location01@2x.webp,
Odysight.ai Inc.,odysight.ai Inc,odysight.ai,https://www.odysight.ai/investor-relations/,,https://www.odysight.ai/about/,,
"Odyssey Health, Inc.",Odyssey Health Inc,odysseyhealthinc.com,https://www.odysseyhealthinc.com/investor-relations,info@odysseyhealthinc.com,https://www.odysseyhealthinc.com/contact,info@odysseyhealthinc.com,
Offerpad Solutions Inc.,Offerpad Solutions Inc,offerpad.com,https://investor.offerpad.com/news-releases/,,https://www.offerpad.com/contact/,info@offerpad.com,
Oil-Dri Corp of America,Oil-Dri Corp Of America,oildri.com,https://investors.oildri.com/resources/frequently-asked-questions,,https://www.oildri.com/contact/,,
Oklo Inc.,Oklo Inc,,,,,,
"Okta, Inc.",Okta Inc,okta.com,https://investor.okta.com/,,https://www.okta.com/contact/,,
"Olema Pharmaceuticals, Inc.",Olema Pharmaceuticals Inc,olema.com,https://ir.olema.com/financial-and-filings/sec-filings,,https://olema.com/contact/,medinfo@olema.com,
"Ollie's Bargain Outlet Holdings, Inc.",Ollie S Bargain Outlet Holdings Inc,ollies.com,https://investors.ollies.com/annual-report-proxy,,https://www.ollies.com/pages/contact-us,,
Olo Inc.,Olo Inc,olo.com,https://investors.olo.com/overview/default.aspx,InvestorRelations@olo.com,https://www.olo.com/contact,,
"Omega Therapeutics, Inc.",Omega Therapeutics Inc,omegatherapeutics.com,https://ir.omegatherapeutics.com/?order=field_nir_sec_form&sort=asc,,https://ir.omegatherapeutics.com/ir-resources/contact-ir/,,
"OmniAb, Inc.",Omniab Inc,omniab.com,https://investors.omniab.com/investors/default.aspx,,https://www.omniab.com/contact/,mailtoBD@OmniAb.com,
Omnitek Engineering Corp,Omnitek Engineering Corp,omnitekcorp.com,https://www.omnitekcorp.com/investors.htm,info@omnitekcorp.com,https://www.omnitekcorp.com/contact.htm,info@omnitekthailand.com,
Oncocyte Corp,Oncocyte Corp,oncocyte.com,https://investors.oncocyte.com/site-services/site-map,info@oncocyte.com,https://oncocyte.com/vitagraft-kidney-billing-guidelines/,info@imdxinc.com,
"Oncology Institute, Inc.",Oncology Institute Inc,theoncologyinstitute.com,https://investors.theoncologyinstitute.com/news-releases/news-release-details/oncology-institute-reports-third-quarter-2025-financial-results,,https://theoncologyinstitute.com/contact-us/,medicalrecordsrequest@theoncologyinstitute.com,
"Onconetix, Inc.",Onconetix Inc,tracxn.com,https://tracxn.com/d/companies/onconetix/__90yCsGVsAWd5_dRYyiuib18AXec_EWl6UXmyHO0xNnY,hi@tracxn.com,https://tracxn.com/d/companies/onconetix/__90yCsGVsAWd5_dRYyiuib18AXec_EWl6UXmyHO0xNnY,hi@tracxn.com,
"Oncotelic Therapeutics, Inc.",Oncotelic Therapeutics Inc,oncotelic.com,https://www.oncotelic.com/investors/,ir@oncotelic.com,https://www.oncotelic.com/contact/,ir@oncotelic.com,
"Oncternal Therapeutics, Inc.",Oncternal Therapeutics Inc,oncternaltherapeutics.com,https://oncternaltherapeutics.com/,,https://oncternaltherapeutics.com/contact,info@oncternal.com,
Ondas Holdings Inc.,Ondas Holdings Inc,ondas.com,https://ir.ondas.com/,Shareholder@broadridge.com,https://ir.ondas.com/contacts,Shareholder@broadridge.com,
"One World Products, Inc.",One World Products Inc,oneworldproducts.com,https://oneworldproducts.com/investors/,contact@oneworldproducts.com,https://oneworldproducts.com/,contact@oneworldproducts.com,
"OneMain Holdings, Inc.",Onemain Holdings Inc,onemainfinancial.com,https://investor.onemainfinancial.com/news/news-details/2025/ONEMAIN-HOLDINGS-INC--REPORTS-SECOND-QUARTER-2025-RESULTS/default.aspx,,https://www.onemainfinancial.com/help-center,REModifications@onemainfinancial.com,
OneMedNet Corp,Onemednet Corp,onemednet.com,https://www.onemednet.com/investor-relations/,,https://www.onemednet.com/,,
OneMeta Inc.,Onemeta Inc,onemeta.ai,https://www.onemeta.ai/investor-relations,,https://www.onemeta.ai/,,
OneSolution Technology Inc.,Onesolution Technology Inc,onesolutiontechnology.com,https://www.onesolutiontechnology.com/,,https://www.onesolutiontechnology.com/,,
OneSpan Inc.,Onespan Inc,onespan.com,https://investors.onespan.com/OVERVIEW/DEFAULT.ASPX,,https://www.onespan.com/support,,
"OneStream, Inc.",Onestream Inc,onestream.com,https://investor.onestream.com/,,https://www.onestream.com/support/,support@onestream.com,
OneWater Marine Inc.,Onewater Marine Inc,onewatermarine.com,https://investor.onewatermarine.com/overview/default.aspx,ir@onewatermarine.com,https://www.onewatermarine.com/contact/,media@onewatermarine.com,
"Onfolio Holdings, Inc",Onfolio Holdings Inc,onfolio.com,https://investors.onfolio.com/,,https://onfolio.com/contact/,,
"Ontrak, Inc.",Ontrak Inc,,,,,,
Open Lending Corp,Open Lending Corp,openlending.com,https://investors.openlending.com/,,https://www.openlending.com/,,
Opendoor Technologies Inc.,Opendoor Technologies Inc,opendoor.com,https://investor.opendoor.com/investor-relations,,https://www.opendoor.com/contact-us,support@opendoor.com,
Oportun Financial Corp,Oportun Financial Corp,oportun.com,https://investor.oportun.com/,,https://oportun.com/contact-us/,,
OppFi Inc.,Oppfi Inc,oppfi.com,https://investors.oppfi.com/,,https://www.oppfi.com/,info@opploans.com,
Optex Systems Holdings Inc,Optex Systems Holdings Inc,optexamerica.com,https://optexamerica.com/,,https://optexamerica.com/contact-us,fchavez@optexamerica.com,
"OptiNose, Inc.",Optinose Inc,optinose.com,https://optinose.com/,,https://optinose.com/,,
OptimizeRx Corp,Optimizerx Corp,investorshangout.com,https://investorshangout.com/optimizerx-conference-call-details-join-us-for-insightful-updates-427237-/,shalper@lifesciadvisors.com,https://investorshangout.com/optimizerx-conference-call-details-join-us-for-insightful-updates-427237-/,shalper@lifesciadvisors.com,
"OptimumBank Holdings, Inc.",Optimumbank Holdings Inc,optimumbank.com,https://www.optimumbank.com/,,https://www.optimumbank.com/,,
"Option Care Health, Inc.",Option Care Health Inc,optioncarehealth.com,https://investors.optioncarehealth.com/?mobile=1&order=field_nir_news_date&sort=asc,,https://optioncarehealth.com/contact,GEWA_Seal_Blk@2x.png,
"Opus Genetics, Inc.",Opus Genetics Inc,opus-group.com,https://www.opus-group.com/About/Board-of-Directors,,https://www.opus-group.com/About/Offices/Phoenix-Real-Estate,,
"Orange County Bancorp, Inc. /DE/",Orange County Bancorp Inc,orangebanktrust.com,https://investors.orangebanktrust.com/?id=49,,https://www.orangebanktrust.com/,,
"Orchestra BioMed Holdings, Inc.",Orchestra Biomed Holdings Inc,orchestrabiomed.com,https://www.orchestrabiomed.com/,,https://www.orchestrabiomed.com/contact-us,info@orchestrabiomed.com,
Organogenesis Holdings Inc.,Organogenesis Holdings Inc,organogenesis.com,https://investors.organogenesis.com/investor-resources/investor-contact/,,https://www.organogenesis.com/,,
Organon & Co.,Organon & Co,organon.com,https://www.organon.com/investor-relations/,investor_relations@organon.com,https://www.organon.com/contact-us/,media@organon.com,
Orgenesis Inc.,Orgenesis Inc,orgenesis.com,https://ir.orgenesis.com/presentations,,https://orgenesis.com/contact-us,info@orgenesis.com,
"Oric Pharmaceuticals, Inc.",Oric Pharmaceuticals Inc,oricpharma.com,https://investors.oricpharma.com/news-releases?mobile=1&page=0,,https://oricpharma.com/,info@oricpharma.com,
"Origin Bancorp, Inc.",Origin Bancorp Inc,thebancorp.com,https://investors.thebancorp.com/financial-information/sec-filings/default.aspx,,https://thebancorp.com/account-card-holder-assistance/,info@thebancorp.com,
"Origin Materials, Inc.",Origin Materials Inc,originmaterials.com,https://investors.originmaterials.com/investor-relations/,,https://www.originmaterials.com/,hello@originmaterials.com,
Orion Bliss Corp.,Orion Bliss Corp,otcmarkets.com,https://www.otcmarkets.com/stock/ORIB/financials,,https://www.otcmarkets.com/stock/ORIB/profile,,
Orion Group Holdings Inc,Orion Group Holdings Inc,oriongroupholdingsinc.com,https://www.oriongroupholdingsinc.com/,,https://www.oriongroupholdingsinc.com/,,
Orion Office REIT Inc.,Orion Office REIT Inc,reitnotes.com,https://www.reitnotes.com/reit/symbol/ONL,,https://www.reitnotes.com/reit/symbol/ONL,,
Orion S.A.,Orion SA,orioncarbons.com,https://investor.orioncarbons.com/financial-press-releases/press-releases-details/2025/Orion-S-A--to-rationalize-production-lines-in-Americas-EMEA/default.aspx,,https://investor.orioncarbons.com/home/default.aspx,,
Orthofix Medical Inc.,Orthofix Medical Inc,medicaldevice-network.com,https://www.medicaldevice-network.com/data-insights/orthofix-medical-patent-activity/,,https://www.medicaldevice-network.com/data-insights/orthofix-medical-patent-activity/,,
"Oruka Therapeutics, Inc.",Oruka Therapeutics Inc,globenewswire.com,https://www.globenewswire.com/news-release/2025/11/12/3186800/0/en/Oruka-Therapeutics-Reports-Third-Quarter-2025-Financial-Results-and-Provides-Corporate-Update.html,alan.lada@orukatx.com,https://www.globenewswire.com/news-release/2024/08/29/2938141/0/en/ARCA-biopharma-Announces-Completion-of-Merger-with-Oruka-Therapeutics-and-Implementation-of-Reverse-Stock-Split.html,alan.lada@orukatx.com,
"Oscar Health, Inc.",Oscar Health Inc,oscarhealthplan.com,https://oscarhealthplan.com/,,https://oscarhealthplan.com/contact-us/,,
Osprey Bitcoin Trust,Osprey Bitcoin Trust,,,,,,
Otis Worldwide Corp,Otis Worldwide Corp,,,,,,
Otter Tail Corp,Otter Tail Corp,,,,,,
"Ouster, Inc.",Ouster Inc,ouster.com,https://investors.ouster.com/ir-resources/investor-contacts,,https://ouster.com/company/contact-us,,
Outbrain Inc.,Outbrain Inc,outbrain.com,https://www.investors.outbrain.com/?who=publisher&who=publisher&gclid=undefined,,https://www.outbrain.com/contact/,ob-press@teads.com,
"Outdoor Specialty Products, Inc.",Outdoor Specialty Products Inc,,,,,,
"Outlook Therapeutics, Inc.",Outlook Therapeutics Inc,outlooktherapeutics.com,https://ir.outlooktherapeutics.com/news-and-events/press-releases?page=1,,https://outlooktherapeutics.com/contact/,info@outlooktherapeutics.com,
"Outset Medical, Inc.",Outset Medical Inc,outsetmedical.com,https://investors.outsetmedical.com/news-releases/news-release-details/outset-medical-reports-third-quarter-results,,https://www.outsetmedical.com/contact-us/,,
Ovid Therapeutics Inc.,Ovid Therapeutics Inc,,,,,,
Ovintiv Inc.,Ovintiv Inc,ovintiv.com,https://investor.ovintiv.com/,investor.relations@ovintiv.com,https://www.ovintiv.com/contacts/,openinvoicesupport@oildex.com,
Owens Corning,Owens Corning,owenscorning.com,https://investor.owenscorning.com/home/,,https://www.owenscorning.com/?customer=commercial,,
"Owlet, Inc.",Owlet Inc,owletcare.com,https://investors.owletcare.com/overview/default.aspx,ir@owletcare.com,https://owletcare.com/pages/warranty,,
"P10, Inc.",P10 Inc,p10alts.com,https://ir.p10alts.com/,,https://p10alts.com/contact/,info@p10alts.com,
"P2 Solar, Inc.",P2 Solar Inc,solarindustriesinc.com,https://solarindustriesinc.com/,,https://solarindustriesinc.com/contact-closet-door-skylights-manufacture/,,
P3 Health Partners Inc.,P3 Health Partners Inc,kuhealthpartners.org,https://kuhealthpartners.org/,,https://www.kuhealthpartners.org/audiology/,audiology@kumc.edu,
PACCAR INC,Paccar Inc,paccar.com,https://investors.paccar.com/resources/investor-contacts/default.aspx,,https://www.paccar.com/,internetproducer@paccar.com,
"PACIFIC BIOSCIENCES OF CALIFORNIA, INC.",Pacific Biosciences OF California Inc,pacificbiosciences.com,https://investor.pacificbiosciences.com/events/event-details/pacific-biosciences-california-inc-second-quarter-2025-earnings-conference,,https://investor.pacificbiosciences.com/static-files/be2df757-adbf-437c-a896-0acff94736ce,,
PACIFIC HEALTH CARE ORGANIZATION INC,Pacific Health CARE Organization Inc,pacifichealthcareorganization.com,https://pacifichealthcareorganization.com/,,https://www.pacifichealthcareorganization.com/,,
PACIFIC PREMIER BANCORP INC,Pacific Premier Bancorp Inc,ppbancorp.com,http://ppbancorp.com/investments,,https://ppbancorp.com/,,
PACIFICORP /OR/,Pacificorp,pacificorp.com,https://www.pacificorp.com/about/financial-regulatory.html,acctspayhelp@PacifiCorp.com,https://www.pacificorp.com/contact-us.html,acctspayhelp@PacifiCorp.com,
"PACS Group, Inc.",PACS Group Inc,pacs.com,https://ir.pacs.com/,shareholder@broadridge.com,https://pacs.com/contact/,contact@pacs.com,
PALATIN TECHNOLOGIES INC,Palatin Technologies Inc,palatin.com,https://palatin.com/investors/,,https://palatin.com/about-us/,,
"PALISADE BIO, INC.",Palisade BIO Inc,palisadebio.com,https://palisadebio.com/investors-news/,,https://palisadebio.com/contact/,info@palisadebio.com,
"PALTALK, INC.",Paltalk Inc,paltalk.com,https://www.paltalk.com/maintenance/?app=express,,https://id.paltalk.com/support/,,
PAMT CORP,PAMT Corp,mgcorporation.org,https://mgcorporation.org/,,https://mgcorporation.org/,,
"PANACEA LIFE SCIENCES HOLDINGS, INC.",Panacea LIFE Sciences Holdings Inc,panacealife.com,https://panacealife.com/panacea-life-sciences-quarterly-report/,help@panacealife.com,https://panacealife.com/refunds-and-return-policy/,help@panacealife.com,
PAPA JOHNS INTERNATIONAL INC,PAPA Johns International Inc,papajohns.com,https://ir.papajohns.com/,,https://www.papajohns.com/,,
"PAR PACIFIC HOLDINGS, INC.",PAR Pacific Holdings Inc,parinc.com,https://www.parinc.com/,6258778446397440@6258778446397440.dialpad.com,https://www.parinc.com/customer-support,6258778446397440@6258778446397440.dialpad.com,
PAR TECHNOLOGY CORP,PAR Technology Corp,parinc.com,https://www.parinc.com/customer-support,6258778446397440@6258778446397440.dialpad.com,https://www.parinc.com/customer-support,6258778446397440@6258778446397440.dialpad.com,
PARK AEROSPACE CORP,PARK Aerospace Corp,parkaerospace.com,https://parkaerospace.com/shareholders/,,https://parkaerospace.com/,,
PARK NATIONAL CORP /OH/,PARK National Corp,,,,,,
PARK OHIO HOLDINGS CORP,PARK OHIO Holdings Corp,,,,,,
"PARKE BANCORP, INC.",Parke Bancorp Inc,parkebank.com,https://www.parkebank.com/about-parkebank/,info@parkebank.com,https://www.parkebank.com/contact-parkebank/,Info@ParkeBank.com,
PARKER HANNIFIN CORP,Parker Hannifin Corp,,,,,,
PARKERVISION INC,Parkervision Inc,parkervision.com,https://parkervision.com/investors,media@parkervision.com,https://parkervision.com/,media@parkervision.com,
"PARKS AMERICA, INC",Parks America Inc,parksamerica.com,https://www.parksamerica.com/,2062d0a4929b45348643784b5cb39c36@sentry.wixpress.com,https://www.parksamerica.com/,2062d0a4929b45348643784b5cb39c36@sentry.wixpress.com,
PARSONS CORP,Parsons Corp,parsonscorp.in,https://parsonscorp.in/,,https://parsonscorp.in/contact,,
"PATHWARD FINANCIAL, INC.",Pathward Financial Inc,,,,,,
PATRICK INDUSTRIES INC,Patrick Industries Inc,patrickind.com,https://ir.patrickind.com/,irrequests@patrickind.com,https://www.patrickind.com/,,
PATRIOT NATIONAL BANCORP INC,Patriot National Bancorp Inc,,,,,,
"PATTERSON COMPANIES, INC.",Patterson Companies Inc,,,,,,
PATTERSON UTI ENERGY INC,Patterson UTI Energy Inc,patenergy.com,https://investor.patenergy.com/overview/default.aspx,investor.relations@patenergy.com,https://patenergy.com/about-us,,
PAYCHEX INC,Paychex Inc,barchart.com,https://www.barchart.com/story/news/36116156/paychex-stock-analyst-estimates-ratings,,https://www.barchart.com/solutions/contact,solutions@barchart.com,
"PAYCOR HCM, INC.",Paycor HCM Inc,paycor.com,https://investors.paycor.com/,,https://www.paycor.com/?trk=organization-update_share-update_update-text,example@yourdomain.com,
"PB Bankshares, Inc.",PB Bankshares Inc,presencebank.com,https://ir.presencebank.com/news/default.aspx,investors@presencebank.com,https://ir.presencebank.com/overview/default.aspx,investors@presencebank.com,
PBF Energy Inc.,PBF Energy Inc,pbfenergy.com,https://investors.pbfenergy.com/resources/investor-contacts/default.aspx,,https://www.pbfenergy.com/,,
PC CONNECTION INC,PC Connection Inc,,,,,,
PCB BANCORP,PCB Bancorp,mypcbbank.com,https://www.mypcbbank.com/about-us/investor-relations,sam.lee@mypcbbank.com,https://www.mypcbbank.com/about-us/contact,digitalbanking@mypcbbank.com,
"PCS Edventures!, Inc.",PCS Edventures Inc,edventures.com,https://investors.edventures.com/,,https://edventures.com/pages/customer-support,sales@edventures.com,
PDF SOLUTIONS INC,PDF Solutions Inc,pdf.com,https://www.pdf.com/,,https://www.pdf.com/,,
PDS Biotechnology Corp,PDS Biotechnology Corp,pdsbiotech.com,https://www.pdsbiotech.com/index.php/investors,,https://www.pdsbiotech.com/,,
PEABODY ENERGY CORP,Peabody Energy Corp,,,,,,
PEAPACK GLADSTONE FINANCIAL CORP,Peapack Gladstone Financial Corp,peapackprivate.com,https://www.peapackprivate.com/company-news,,https://www.peapackprivate.com/about-us/contact-us,info@peapackprivate.com,
PEDEVCO CORP,Pedevco Corp,pedevco.com,https://www.pedevco.com/investor-relations,PR@pedevco.com,https://www.pedevco.com/,,
PEGASYSTEMS INC,Pegasystems Inc,seekingalpha.com,https://seekingalpha.com/article/4831878-pegasystems-inc-pega-q3-2025-earnings-call-transcript,,https://seekingalpha.com/symbol/PEGA,,
"PELOTON INTERACTIVE, INC.",Peloton Interactive Inc,onepeloton.com,https://investor.onepeloton.com/,,https://support.onepeloton.com/s/contact-us?language=en_US,bg-info@2x.png,
"PENN Entertainment, Inc.",PENN Entertainment Inc,,,,,,
PENNS WOODS BANCORP INC,Penns Woods Bancorp Inc,thebancorp.com,https://investors.thebancorp.com/financial-information/sec-filings/default.aspx,,https://investors.thebancorp.com/,,
"PENSKE AUTOMOTIVE GROUP, INC.",Penske Automotive Group Inc,,,,,,
PENTAIR plc,Pentair PLC,pentair.com,https://investors.pentair.com/ir-resources/investor-faqs,,https://www.pentair.com/en-us/education-support/contact-us.html,,
PEOPLES BANCORP INC,Peoples Bancorp Inc,peoplesbancorp.com,https://investors.peoplesbancorp.com/overview/default.aspx,,https://locations.peoplesbancorp.com/,,
PEOPLES FINANCIAL CORP /MS/,Peoples Financial Corp,peoplesbancorp.com,https://investors.peoplesbancorp.com/overview/default.aspx,,https://www.peoplesbancorp.com/contact-us/,,
PEOPLES FINANCIAL SERVICES CORP.,Peoples Financial Services Corp,peoplesbancorp.com,https://investors.peoplesbancorp.com/overview/default.aspx,,https://www.peoplesbancorp.com/contact-us/,,
PEPSICO INC,Pepsico Inc,pepsico.com,https://www.pepsico.com/investors/sec-filings,,https://contact.pepsico.com/pepsi/contact-us,,
PERDOCEO EDUCATION Corp,Perdoceo Education Corp,perdoceoed.com,https://www.perdoceoed.com/website-accessibility,,https://www.perdoceoed.com/privacy,,
PERMA FIX ENVIRONMENTAL SERVICES INC,Perma FIX Environmental Services Inc,perma.org,https://www.perma.org/,,https://www.perma.org/,,
PERRIGO Co plc,Perrigo Co PLC,perrigo.com,https://investor.perrigo.com/,bradley.joseph@perrigo.com,https://www.perrigo.com/contact-us,,
PETMED EXPRESS INC,Petmed Express Inc,1800petmeds.com,https://www.1800petmeds.com/who-we-are/who-we-are-investors.html,customerservice@1800petmeds.com,https://dev.1800petmeds.com/help.html,customerservice@1800PetMeds.com,
PFIZER INC,Pfizer Inc,pfizer.com,https://investors.pfizer.com/Investors/Overview/,,https://www.pfizer.com/contact,leadIndependentDirector@pfizer.com,
PG&E Corp,Pg&E Corp,,,,,,
PHI GROUP INC,PHI Group Inc,phigroupllc.com,https://www.phigroupllc.com/,,https://www.phigroupllc.com/,,
PHIBRO ANIMAL HEALTH CORP,Phibro Animal Health Corp,phibropro.com,https://www.phibropro.com/,,https://www.phibropro.com/,,
PHINIA INC.,Phinia Inc,phinia.com,https://investors.phinia.com/news/news-details/2025/PHINIA-Inc--to-Report-Q3-2025-Earnings/default.aspx,,https://www.phinia.com/contacts,,
PHOENIX MOTOR INC.,Phoenix Motor Inc,phoenixmotorworks.com,https://phoenixmotorworks.com/,,https://phoenixmotorworks.com/,,
PHOTRONICS INC,Photronics Inc,photronics.com,https://www.photronics.com/investor-relations/,,https://www.photronics.com/contact-us/,mtollan@photronics.com,
PHX MINERALS INC.,PHX Minerals Inc,stockanalysis.com,https://stockanalysis.com/stocks/phx/,,https://stockanalysis.com/stocks/phx/,,
"PIERIS PHARMACEUTICALS, INC.",Pieris Pharmaceuticals Inc,,,,,,
PILGRIMS PRIDE CORP,Pilgrims Pride Corp,,,,,,
PIMCO CORPORATE & INCOME OPPORTUNITY FUND,Pimco Corporate & Income Opportunity FUND,pimco.com,https://www.pimco.com/us/en/investments/closed-end-fund/pimco-corporate-income-opportunity-fund/common-usd,,https://www.pimco.com/us/en/about-us/contact-us,,
PINEAPPLE EXPRESS CANNABIS Co,Pineapple Express Cannabis Co,pineappleinc.com,https://pineappleinc.com/,,https://pineappleinc.com/,,
"PINEAPPLE, INC.",Pineapple Inc,pineappleinc.com,https://pineappleinc.com/,,https://pineappleinc.com/,,
PINNACLE FINANCIAL PARTNERS INC,Pinnacle Financial Partners Inc,pinnacle.com,https://www.pinnacle.com/affiliates/commission-structure,,https://www.pinnacle.com/en/help/payment-faqs,,
PINNACLE WEST CAPITAL CORP,Pinnacle WEST Capital Corp,,,,,,
"PINTEREST, INC.",Pinterest Inc,,,,,,
"PIONEER POWER SOLUTIONS, INC.",Pioneer Power Solutions Inc,pioneerpowersolutions.com,https://www.pioneerpowersolutions.com/investors/,PPSI@haydenir.com,https://www.pioneerpowersolutions.com/,e-blocsales1@pioneerpowersolutions.com,
PIPER SANDLER COMPANIES,Piper Sandler Companies,pipersandler.com,https://www.pipersandler.com/investor-relations,investorrelations@psc.com,https://www.pipersandler.com/,,
PITNEY BOWES INC /DE/,Pitney Bowes Inc,pitneybowes.com,https://www.investorrelations.pitneybowes.com/,,https://www.pitneybowes.com/us/support/contact-us.html,,
"PIXELWORKS, INC",Pixelworks Inc,pixelworks-inc.com,http://pixelworks-inc.com/,,http://pixelworks-inc.com/,,
PJT Partners Inc.,PJT Partners Inc,pjtpartners.com,https://ir.pjtpartners.com/,investorrelations@pjtpartners.com,https://www.pjtpartners.com/contact,info@pjtpartners.com,
PLAINS ALL AMERICAN PIPELINE LP,Plains ALL American Pipeline LP,plains.com,https://www.plains.com/,,https://www.plains.com/,,
PLAINS GP HOLDINGS LP,Plains GP Holdings LP,plains.com,https://www.plains.com/,,https://www.plains.com/contact-us,u003equestions@plains.com,
"PLAYSTUDIOS, Inc.",Playstudios Inc,playstudios.com,https://ir.playstudios.com/,IR@playstudios.com,https://www.playstudios.com/support/,support@playstudios.com,
"PLBY Group, Inc.",PLBY Group Inc,playboy.com,https://investors.playboy.com/investors/,,https://shop.playboy.com/pages/contact,help@playboystudios.comPhone,
PLEXUS CORP,Plexus Corp,plexus.com,https://investor.plexus.com/,,https://www.plexus.com/contact/,,
"PLIANT THERAPEUTICS, INC.",Pliant Therapeutics Inc,businessinsider.com,https://markets.businessinsider.com/news/stocks/pliant-therapeutics-inc-plrx-investors-with-losses-are-urged-to-contact-levi-korsinsky-to-discuss-their-rights-1034340362,jlevi@levikorsinsky.com,https://markets.businessinsider.com/news/stocks/pliant-therapeutics-pauses-enrollment-dosing-in-beacon-ipf-phase-2b-trial-1034329454,,
PLUG POWER INC,PLUG Power Inc,plugpower.com,https://www.ir.plugpower.com/,,https://www.plugpower.com/contact-us1/,,
PLUMAS BANCORP,Plumas Bancorp,,,,,,
"PLUS THERAPEUTICS, INC.",PLUS Therapeutics Inc,plustherapeutics.com,https://ir.plustherapeutics.com/stock-information/stock-quote,,https://plustherapeutics.com/contact/,logomark-light@1x.svg,
"PMV Pharmaceuticals, Inc.",PMV Pharmaceuticals Inc,pmvpharma.com,https://ir.pmvpharma.com/,,https://www.pmvpharma.com/contact/,info@pmvpharma.com,
"PNC FINANCIAL SERVICES GROUP, INC.",PNC Financial Services Group Inc,,,,,,
POOL CORP,POOL Corp,poolcorp.com,https://ir.poolcorp.com/non-gaap-financial-measures/,,https://www.poolcorp.com/contact-us/,,
PORTLAND GENERAL ELECTRIC CO /OR/,Portland General Electric Co,portlandgeneral.com,https://portlandgeneral.com/portland-general-electric-investor-relations,,https://portlandgeneral.com/,,
POTBELLY CORP,Potbelly Corp,,,,,,
POTLATCHDELTIC CORP,Potlatchdeltic Corp,potlatchdeltic.com,https://investors.potlatchdeltic.com/investor-resources/default.aspx,,https://www.potlatchdeltic.com/about-contacts-and-hotlines,investor@potlatchdeltic.com,
POWELL INDUSTRIES INC,Powell Industries Inc,,,,,,
POWER INTEGRATIONS INC,Power Integrations Inc,monolithicpower.com,https://www.monolithicpower.com/en/about-mps/investor-relations.html,,https://www.monolithicpower.com/en/about-mps/careers/job-listings.html,,
"POWER SOLUTIONS INTERNATIONAL, INC.",Power Solutions International Inc,powersolutionsinc.com,https://www.powersolutionsinc.com/about-us/,INFO@POWERSOLUTIONSINC.COM,https://www.powersolutionsinc.com/,INFO@POWERSOLUTIONSINC.COM,
PPL Corp,PPL Corp,pplweb.com,https://investors.pplweb.com/,invrel@pplweb.com,https://www.pplweb.com/contact-us/,pplnews@pplweb.com,
PPLUS Trust Series GSC-2,Pplus Trust Series GSC-2,,,,,,
PRA GROUP INC,PRA Group Inc,pragroup.com,https://ir.pragroup.com/,,https://www.pragroup.com/contact-us/,BusinessDevelopment@PRAGroup.com,
PREAXIA HEALTH CARE PAYMENT SYSTEMS INC.,Preaxia Health CARE Payment Systems Inc,highlakeshealthcare.com,https://highlakeshealthcare.com/,,https://highlakeshealthcare.com/,,
"PRECIGEN, INC.",Precigen Inc,precigen.com,https://investors.precigen.com/investors,,https://precigen.com/contact/,ABT.info@actobio.com,
PRECISION BIOSCIENCES INC,Precision Biosciences Inc,precisionbiosciences.com,https://investor.precisionbiosciences.com/press-releases/,,https://precisionbiosciences.com/contact/,clinical@precisionbiosciences.com,
PREFORMED LINE PRODUCTS CO,Preformed LINE Products Co,preformed.com,https://preformed.com/preformed-gb/index.php/energy/distribution/wildlife-protection/raptor-protector,,http://configure.preformed.com/user/signup.html?c=user&a=signup,,
PREMIER FINANCIAL CORP,Premier Financial Corp,premierfinancial.com,https://premierfinancial.com/,,https://premierfinancial.com/contact/,pfg@premierfinancial.com,
PRESSURE BIOSCIENCES INC,Pressure Biosciences Inc,pressurebiosciences.com,https://ir.pressurebiosciences.com/financial-results,info@pressurebiosciences.com,https://www.pressurebiosciences.com/contact-us/,,
PRICE T ROWE GROUP INC,Price T ROWE Group Inc,troweprice.com,https://investors.troweprice.com/,,https://www.troweprice.com/financial-intermediary/us/en/about/contact-us.html?showMap=ria,AdvisorServices@troweprice.com,
PRICESMART INC,Pricesmart Inc,pricesmart.com,https://investors.pricesmart.com/overview/default.aspx,ir@pricesmart.com,https://www.pricesmart.com/en-JM/contact-us,,
PRIMEENERGY RESOURCES CORP,Primeenergy Resources Corp,primeenergyresources.com,https://www.primeenergyresources.com/,enquires@primeenergyresources.com,https://www.primeenergyresources.com/project-1,605a7baede844d278b89dc95ae0a9123@sentry-next.wixpress.com,
PRINCIPAL FINANCIAL GROUP INC,Principal Financial Group Inc,principal.com,https://investors.principal.com/news-events/financial-news,,https://www.principal.com/contact-us,,
PRO DEX INC,PRO DEX Inc,proedinc.com,https://www.proedinc.com/Pages/Item/8495/FAQS.aspx,deskcopy@proedinc.com,https://www.proedinc.com/Privacy-Policy.aspx,privacy@proedinc.com,
PROASSURANCE CORP,Proassurance Corp,proassurance.com,https://investor.proassurance.com/overview/default.aspx,,https://proassurance.com/contact-us,Info@norcal-group.com,
PROCEPT BioRobotics Corp,Procept Biorobotics Corp,procept-biorobotics.com,https://ir.procept-biorobotics.com/news-releases/news-release-details/procept-biorobotics-reports-third-quarter-2025-financial-results,,https://www.procept-biorobotics.com/,,
"PROCORE TECHNOLOGIES, INC.",Procore Technologies Inc,procore.com,https://investors.procore.com/financials/quarterly-results/default.aspx,,https://support.procore.com/references/contact-support,support@procore.com,
PROCTER & GAMBLE Co,Procter & Gamble Co,,,,,,
PROCYON CORP,Procyon Corp,procyoncorp.com,http://procyoncorp.com/investor-relations/,,https://procyoncorp.com/,,
PROFIRE ENERGY INC,Profire Energy Inc,profireenergy.com,https://profireenergy.com/,solutions@profireenergy.com,https://profireenergy.com/contact-us/,solutions@profireenergy.com,
"PROG Holdings, Inc.",PROG Holdings Inc,progholdings.com,https://www.progholdings.com/,media@progleasing.com,https://www.progholdings.com/,media@progleasing.com,
PROGRESS SOFTWARE CORP /MA,Progress Software Corp /Ma,progress.com,https://www.investors.progress.com/,,https://www.progress.com/support/customer-portal/contact-com,support@marklogic.com,
PROGRESSIVE CORP/OH/,Progressive Corp,,,,,,
PROKIDNEY CORP.,Prokidney Corp,prokidney.com,https://investors.prokidney.com/investor-contact,,https://prokidney.com/contact-2/,info@prokidney.com,
"PROS Holdings, Inc.",PROS Holdings Inc,pros.com,https://ir.pros.com/overview/default.aspx,ir@pros.com,https://pros.com/news-type/press-release/,,
PROSPECT CAPITAL CORP,Prospect Capital Corp,,,,,,
PROSPERITY BANCSHARES INC,Prosperity Bancshares Inc,prosperitybankusa.com,https://www.prosperitybankusa.com/Investor-Relations/,,https://www.prosperitybankusa.com/,,
PROTHENA CORP PUBLIC LTD CO,Prothena Corp Public Ltd Co,prothena.com,https://ir.prothena.com/overview/default.aspx,,https://www.prothena.com/contact-us/,info@prothena.com,
PROVIDENT FINANCIAL HOLDINGS INC,Provident Financial Holdings Inc,provident.com,https://investorrelations.provident.com/,,https://www.provident.com/ContactUs.aspx?wsmenu=1,,
PROVIDENT FINANCIAL SERVICES INC,Provident Financial Services Inc,providencefinancialinc.com,https://providencefinancialinc.com/,info@providencefinancialinc.com,https://providencefinancialinc.com/,info@providencefinancialinc.com,
PRUDENTIAL FINANCIAL INC,Prudential Financial Inc,prudential.com,https://www.investor.prudential.com/overview/default.aspx,,https://www.prudential.com/links/help-center,,
"PSQ Holdings, Inc.",PSQ Holdings Inc,nasdaq.com,https://www.nasdaq.com/market-activity/stocks/psqh/financials,,https://www.nasdaq.com/market-activity/stocks/psqh,,
PSYCHEMEDICS CORP,Psychemedics Corp,psychemedics.com,https://www.psychemedics.com/investors-presentation/,,https://www.psychemedics.com/contact/,,
PTC INC.,PTC Inc,,,,,,
"PTC THERAPEUTICS, INC.",PTC Therapeutics Inc,ptcbio.com,https://ir.ptcbio.com/,,https://www.ptcbio.com/contact-us/,medinfo@ptcbio.com,
PUBLIC CO MANAGEMENT CORP,Public Co Management Corp,pubcomanagement.com,https://www.pubcomanagement.com/,info@pubcomanagement.com,https://www.pubcomanagement.com/,info@pubcomanagement.com,
PUBLIC SERVICE CO OF NEW MEXICO,Public Service Co OF NEW Mexico,open-public-records.com,https://www.open-public-records.com/california_public_records.htm,,https://www.open-public-records.com/new_mexico/albuquerque_data.htm,,
PUBLIC SERVICE ENTERPRISE GROUP INC,Public Service Enterprise Group Inc,,,,,,
"PULSE BIOSCIENCES, INC.",Pulse Biosciences Inc,pulsebiosciences.com,https://investors.pulsebiosciences.com/financial-information/quarterly-results,,https://investors.pulsebiosciences.com/corporate-governance/management,,
PULTEGROUP INC/MI/,Pultegroup Inc,,,,,,
"PUMA BIOTECHNOLOGY, INC.",PUMA Biotechnology Inc,pumabiotechnology.com,https://investor.pumabiotechnology.com/investors-home/default.aspx,,https://www.pumabiotechnology.com/,info@pumabiotechnology.com,
"PURE BIOSCIENCE, INC.",PURE Bioscience Inc,purebio.com,https://www.purebio.com/investors,carolyn@transferonline.com,https://www.purebio.com/,,
PURE CYCLE CORP,PURE Cycle Corp,purecyclewater.com,https://www.purecyclewater.com/investors,info@purecyclewater.com,https://www.purecyclewater.com/contact,,
PVH CORP. /DE/,PVH Corp,pvh.com,https://www.pvh.com/investor-relations,investorrelations@pvh.com,https://www.pvh.com/,investorrelations@pvh.com,
"Pacific Oak Strategic Opportunity REIT, Inc.",Pacific Oak Strategic Opportunity REIT Inc,pacificoakcapitaladvisors.com,https://pacificoakcapitaladvisors.com/offerings/reit,,https://pacificoakcapitaladvisors.com/offerings/reit,,
Pacific Sports Exchange Inc.,Pacific Sports Exchange Inc,oregonpacificbank.com,https://www.oregonpacificbank.com/investor-relations/,ron.green@opbc.com,https://www.oregonpacificbank.com/,,
"Pacific Ventures Group, Inc.",Pacific Ventures Group Inc,,,,,,
"Pacira BioSciences, Inc.",Pacira Biosciences Inc,pacira.com,https://investor.pacira.com/,,https://www.pacira.com/contact/,,
Pactiv Evergreen Inc.,Pactiv Evergreen Inc,pactivevergreen.com,https://pactivevergreen.com/,,https://pactivevergreen.com/contact,,
Pagaya Technologies Ltd.,Pagaya Technologies Ltd,pagaya.com,https://investor.pagaya.com/,,https://pagaya.com/,u003epress@pagaya.com,
"PagerDuty, Inc.",Pagerduty Inc,pagerduty.com,https://investor.pagerduty.com/overview/default.aspx,investor@pagerduty.com,https://www.pagerduty.com/contact-us/customer-service-operations/,,
Palantir Technologies Inc.,Palantir Technologies Inc,palantir.com,https://investors.palantir.com/,investors@palantir.com,https://www.palantir.com/contact/,employee-verifications@palantir.com,
Palladyne AI Corp.,Palladyne AI Corp,palladyneai.com,https://investor.palladyneai.com/,,https://www.palladyneai.com/contact-us/,you@company.com,
Palmer Square Capital BDC Inc.,Palmer Square Capital BDC Inc,palmersquarebdc.com,https://www.palmersquarebdc.com/,investors@palmersquarebdc.com,https://www.palmersquarebdc.com/resources/contacts,investors@palmersquarebdc.com,
Palo Alto Networks Inc,Palo Alto Networks Inc,paloaltonetworks.com,https://investors.paloaltonetworks.com/,,https://www.paloaltonetworks.com/,,
"Palomar Holdings, Inc.",Palomar Holdings Inc,palomarspecialty.com,https://ir.palomarspecialty.com/,,https://ir.palomarspecialty.com/,,
Panamera Holdings Corp,Panamera Holdings Corp,panameraholdings.com,https://www.panameraholdings.com/investor-relations,ninfo@panameraholdings.com,http://panameraholdings.com/contact-us,ninfo@panameraholdings.com,
"Panbela Therapeutics, Inc.",Panbela Therapeutics Inc,panbela.com,https://panbela.com/investor-relations/,ir@panbela.com,https://panbela.com/contact/,55387ir@panbela.com,
Pangaea Logistics Solutions Ltd.,Pangaea Logistics Solutions Ltd,pangaeals.com,https://www.pangaeals.com/investors/,,https://www.pangaeals.com/contact-us/,,
Papaya Growth Opportunity Corp. I,Papaya Growth Opportunity Corp I,opencorpdata.com,https://opencorpdata.com/,,https://opencorpdata.com/,,
Paramount Gold Nevada Corp.,Paramount Gold Nevada Corp,paramountnevada.com,https://paramountnevada.com/PageBuilder/contact,questions@example.com,https://paramountnevada.com/PageBuilder/contact,info@paramountnevada.com,
"Paramount Group, Inc.",Paramount Group Inc,paramountgroup.com,http://paramountgroup.com/,,https://paramountgroup.com/,,
"Pathfinder Bancorp, Inc.",Pathfinder Bancorp Inc,pathfinderbank.com,https://ir.pathfinderbank.com/,,https://www.pathfinderbank.com/about-us/who-we-are/about-pathfinder-bank.html,,
"PaxMedica, Inc.",Paxmedica Inc,,,,,,
"PayPal Holdings, Inc.",Paypal Holdings Inc,,,,,,
Paylocity Holding Corp,Paylocity Holding Corp,paylocity.com,https://investors.paylocity.com/,,https://www.paylocity.com/,,
"Paymentus Holdings, Inc.",Paymentus Holdings Inc,paymentus.com,https://ir.paymentus.com/home/default.aspx,,https://www.paymentus.com/contact/,sales@paymentus.com,
Payoneer Global Inc.,Payoneer Global Inc,payoneer.com,https://investor.payoneer.com/overview/default.aspx?LanguageId=1,,https://www.payoneer.com/customer-disclosures-and-complaints/,info@afca.org.au,
"Paysign, Inc.",Paysign Inc,paysign.com,https://paysign.com/investors/,sprites@2.png,https://paysign.com/contact-us/,sales@paysign.com,
Peakstone Realty Trust,Peakstone Realty Trust,pkst.com,https://investors.pkst.com/investors/news/default.aspx,,https://pkst.com/contact/,ir@pkst.com,
Pebblebrook Hotel Trust,Pebblebrook Hotel Trust,pebblebrookhotels.com,https://pebblebrookhotels.com/,,https://pebblebrookhotels.com/contact/,,
"Pediatrix Medical Group, Inc.",Pediatrix Medical Group Inc,pediatrixmd.com,https://www.pediatrixmd.com/,pediatrix@pediatrixmd.com,https://www.pediatrixmd.com/,pediatrix@pediatrixmd.com,
"Pedro's List, Inc.",Pedro S List Inc,pedroslist.us,https://pedroslist.us/,,https://pedroslist.us/,,
"Pennant Group, Inc.",Pennant Group Inc,pennantgroup.com,https://investor.pennantgroup.com/contact-ir/,,https://pennantgroup.com/contact/,,
PennantPark Floating Rate Capital Ltd.,Pennantpark Floating Rate Capital Ltd,pennantpark.com,https://pflt.pennantpark.com/news-releases?page=1,,https://www.pennantpark.com/,,
"PennyMac Financial Services, Inc.",Pennymac Financial Services Inc,pennymac.com,https://pfsi.pennymac.com/home/,,https://www.pennymac.com/contact-us,,
PepGen Inc.,Pepgen Inc,pepgen.com,https://investors.pepgen.com/ir-resources/investor-faqs,,https://www.pepgen.com/contact/,info@pepgen.com,
Peraso Inc.,Peraso Inc,perasoinc.com,https://investors.perasoinc.com/,sheltonir@sheltongroup.com,https://perasoinc.com/contact-us/,sales@miliwave.co.kr,
Perception Capital Corp. IV,Perception Capital Corp IV,perceptioncapitalpartners.com,https://www.perceptioncapitalpartners.com/,,https://www.perceptioncapitalpartners.com/contact-us/,,
Perceptive Capital Solutions Corp,Perceptive Capital Solutions Corp,perceptive.capital,https://perceptive.capital/,user@domain.com,https://perceptive.capital/,user@domain.com,
Perella Weinberg Partners,Perella Weinberg Partners,pwpartners.com,https://pwpartners.com/,,https://pwpartners.com/,,
Perfect Moment Ltd.,Perfect Moment Ltd,perfectmoment.com,https://investors.perfectmoment.com/,,https://www.perfectmoment.com/us/en/contact,customerservice@perfectmoment.com,
Performance Food Group Co,Performance Food Group Co,performancefoodservice.com,https://www.performancefoodservice.com/News/Performance-Food-Group-Company-Completes-the-Acquisition-of-Reinhart-Foodservice,name@email.com,https://www.performancefoodservice.com/Company/Contact-Us,name@email.com,
"Perimeter Solutions, Inc.",Perimeter Solutions Inc,perimeter-solutions.com,https://ir.perimeter-solutions.com/,ir@perimeter-solutions.com,https://www.perimeter-solutions.com/en/contact/,,
PermRock Royalty Trust,Permrock Royalty Trust,permrock.com,https://permrock.com/,,https://permrock.com/contact-us/,trustee@permrock.com,
"Perma-Pipe International Holdings, Inc.",Perma-Pipe International Holdings Inc,permapipe.com,https://investors.permapipe.com/news/default.aspx,Investor@permapipe.com,https://www.permapipe.com/,user@domain.com,
Permex Petroleum Corp,Permex Petroleum Corp,permexpetroleum.com,https://permexpetroleum.com/,,https://permexpetroleum.com/,,
Permian Resources Corp,Permian Resources Corp,permianres.com,https://permianres.com/investor-relations/,info@permianres.com,https://permianres.com/contact/,info@permianres.com,
"Personalis, Inc.",Personalis Inc,personalis.com,https://investors.personalis.com/node/5806,,https://www.personalis.com/contact-us/,info@personalis.com,
"Perspective Therapeutics, Inc.",Perspective Therapeutics Inc,perspectivetherapeutics.com,https://perspectivetherapeutics.com/investors,shareholder@computershare.com,https://perspectivetherapeutics.com/,,
"PetVivo Holdings, Inc.",Petvivo Holdings Inc,petvivo.com,https://www.petvivo.com/investors,user@domain.com,https://www.petvivo.com/contact,investors@petvivo.com,
"Petco Health & Wellness Company, Inc.",Petco Health & Wellness Company Inc,,,,,,
PetroGas Co,Petrogas Co,petrogasep.com,https://www.petrogasep.com/,,https://www.petrogasep.com/page.aspx?i=204,,
"Petros Pharmaceuticals, Inc.",Petros Pharmaceuticals Inc,,,,,,
"Pharma-Bio Serv, Inc.",Pharma-Bio Serv Inc,,,,,,
"Phathom Pharmaceuticals, Inc.",Phathom Pharmaceuticals Inc,phathompharma.com,https://investors.phathompharma.com/financials-and-filings/sec-filings?items_per_page_toggle=0&&&&page=3,,https://www.phathompharma.com/connect-with-us/,info@phathompharma.com,
PhenixFIN Corp,Phenixfin Corp,pfin-corp.com,https://pfin-corp.com/,support@pfin-corp.com,https://pfin-corp.com/,support@pfin-corp.com,
Philip Morris International Inc.,Philip Morris International Inc,philipmorrisusa.com,https://www.philipmorrisusa.com/,,https://www.philipmorrisusa.com/contact-us,,
Phillips 66,Phillips 66,phillips.com,https://www.phillips.com/team,cmoure@phillips.com,https://www.phillips.com/customer-service,,
"Phillips Edison & Company, Inc.",Phillips Edison & Company Inc,phillipsinc.com,https://phillipsinc.com/,,https://phillipsinc.com/,,
Phoenix Plus Corp.,Phoenix Plus Corp,phoenix-plus.be,https://phoenix-plus.be/en/who-are-we/activities/,,https://phoenix-plus.be/en/,,
"Phreesia, Inc.",Phreesia Inc,phreesia.com,https://ir.phreesia.com/company-overview/default.aspx,,https://www.phreesia.com/company/contact-us/,support@phreesia.com,
"Phunware, Inc.",Phunware Inc,phunware.com,https://investors.phunware.com/,PHUN@mzgroup.us,https://www.phunware.com/contact/,,
Piedmont Lithium Inc.,Piedmont Lithium Inc,piedmontlithium.com,https://www.piedmontlithium.com/ir/,,https://www.piedmontlithium.com/wp-content/uploads/Press-Release-Exhibit-99.1-Q22024-US.pdf,,
"Piedmont Office Realty Trust, Inc.",Piedmont Office Realty Trust Inc,,,,,,
Pineapple Financial Inc.,Pineapple Financial Inc,gopineapple.com,https://gopineapple.com/investor-relations,ir@gopineapple.com,https://gopineapple.com/homeowners/contact,info@gopineapple.com,
"Pinstripes Holdings, Inc.",Pinstripes Holdings Inc,pinstripes.com,https://investor.pinstripes.com/news/default.aspx,investor@pinstripes.com,https://investor.pinstripes.com/resources/investor-contacts/default.aspx,,
"Pioneer Bancorp, Inc./MD",Pioneer Bancorp Inc./md,pioneerny.com,https://investors.pioneerny.com/overview/default.aspx,investorrelations@pioneerny.com,https://www.pioneerny.com/,,
"Pioneer Green Farms, Inc.",Pioneer Green Farms Inc,pioneergreenusa.com,https://pioneergreenusa.com/2022/04/21/pioneer-green-farms-and-fresh-from-florida/,beverly@pioneergreenfarm.com,https://pioneergreenusa.com/contact-us/,,
"PishPosh, Inc.",Pishposh Inc,pishposhbaby.com,https://pishposhbaby.com/blogs/blog/celebrating-pishposh-babys-16th-anniversary,Customerservice@pishposhbaby.com,https://pishposhbaby.com/pages/faq,Customerservice@pishposhbaby.com,
Planet 13 Holdings Inc.,Planet 13 Holdings Inc,,,,,,
"Planet Fitness, Inc.",Planet Fitness Inc,,,,,,
Planet Green Holdings Corp.,Planet Green Holdings Corp,planetgreenholdings.com,https://planetgreenholdings.com/investors/,ir@planetgreenholdings.com,https://planetgreenholdings.com/contact-us/,,
Planet Labs PBC,Planet Labs PBC,planet.com,https://investors.planet.com/overview/default.aspx,IR@PLANET.COM,https://www.planet.com/contact/,press@planet.com,
"PlayAGS, Inc.",Playags Inc,,,,,,
Playa Hotels & Resorts N.V.,Playa Hotels & Resorts NV,playaresorts.com,https://www.playaresorts.com/about-playa-resorts,,https://www.playaresorts.com/contact-us,PRESS@PLAYARESORTS.COM,
Plum Acquisition Corp. III,Plum Acquisition Corp III,plumpartners.com,https://plumpartners.com/investors/,,https://plumpartners.com/contact-us/,plumir@icrinc.com,
Pluri Inc.,Pluri Inc,,,,,,
"Plymouth Industrial REIT, Inc.",Plymouth Industrial REIT Inc,plymouthreit.com,https://ir.plymouthreit.com/,Leasing@plymouthreit.com,https://www.plymouthreit.com/contact,info@plymouthreit.com,
"Polar Power, Inc.",Polar Power Inc,polarpowerinc.net,https://polarpowerinc.net/product-select/,,https://polarpowerinc.net/product-select/,,
Polaris Inc.,Polaris Inc,,,,,,
Polished.com Inc.,polished.com Inc,polished.com,https://www.polished.com/,,https://www.polished.com/,,
"Polomar Health Services, Inc.",Polomar Health Services Inc,polomarhealth.com,https://polomarhealth.com/,,https://polomarhealth.com/,,
"Ponce Financial Group, Inc.",Ponce Financial Group Inc,cambridgefinancialgroup.com,https://cambridgefinancialgroup.com/,,https://cambridgefinancialgroup.com/,,
"Porch Group, Inc.",Porch Group Inc,porchgroup.com,https://ir.porchgroup.com/home/default.aspx,,https://porchgroup.com/,user@domain.com,
Portillo's Inc.,Portillo S Inc,portillos.com,https://investors.portillos.com/,,https://www.portillos.com/service/,,
Portman Ridge Finance Corp,Portman Ridge Finance Corp,,,,,,
"Poseida Therapeutics, Inc.",Poseida Therapeutics Inc,poseida.com,https://poseida.com/news/poseida-therapeutics-inc-announces-agreement-to-be-acquired-by-roche-holdings-inc/,,https://poseida.com/,,
"Post Holdings, Inc.",Post Holdings Inc,postholdings.com,https://www.postholdings.com/investors/,,https://www.postholdings.com/contact/,,
"Postal Realty Trust, Inc.",Postal Realty Trust Inc,postalrealtytrust.com,https://postalrealtytrust.com/investors/,,https://postalrealtytrust.com/,,
Power REIT,Power REIT,reit.com,https://www.reit.com/investing/investor-resources,,https://www.reit.com/news/articles/retail-reits-supported-by-tight-supply-pricing-power-resilient-consumer-base,,
PowerUp Acquisition Corp.,Powerup Acquisition Corp,,,,,,
"Powerfleet, Inc.",Powerfleet Inc,powerfleet.com,https://ir.powerfleet.com/,,https://www.powerfleet.com/na-support/,,
Prairie Operating Co.,Prairie Operating Co,prairieopco.com,https://investors.prairieopco.com/,info@prairieopco.com,https://prairieopco.com/contact-us,info@prairieopco.com,
"Praxis Precision Medicines, Inc.",Praxis Precision Medicines Inc,praxismedicines.com,https://ir.praxismedicines.com/press-releases?page=1,,https://praxismedicines.com/contact/,careers@praxismedicines.com,
"Precipio, Inc.",Precipio Inc,precipio.com,https://precipio.com/index.php/placeholder/precipio-elearning,info@precipio.com,https://www.precipio.com/,info@precipio.com,
Predictive Oncology Inc.,Predictive Oncology Inc,predictive-oncology.com,https://predictive-oncology.com/for-investors/,,https://predictive-oncology.com/about-us/,,
Prelude Therapeutics Inc,Prelude Therapeutics Inc,preludeedc.com,https://preludeedc.com/resources/,,https://preludeedc.com/resources/,,
"Premier, Inc.",Premier Inc,premierinc.com,https://investors.premierinc.com/,,https://premierinc.com/contact-us,Public_Relations@premierinc.com,
Premium Nickel Resources Ltd.,Premium Nickel Resources Ltd,premiumresources.com,https://premiumresources.com/site/assets/files/5913/pnrl_-_news_release_announcing_completion_of_rto_august_3_2022.pdf,,https://premiumresources.com/site/assets/files/6910/2023_pnrl_agm_notice_of_meeting.pdf,,
"Presidio Property Trust, Inc.",Presidio Property Trust Inc,tucsonpresidiotrust.org,https://tucsonpresidiotrust.org/,,https://tucsonpresidiotrust.org/,,
Prestige Consumer Healthcare Inc.,Prestige Consumer Healthcare Inc,,,,,,
Presto Automation Inc.,Presto Automation Inc,prestoautomation.com,https://prestoautomation.com/,filler@godaddy.com,https://prestoautomation.com/contact-us,filler@godaddy.com,
"Prime Medicine, Inc.",Prime Medicine Inc,primemedicine.com,https://primemedicine.com/,info@primemedicine.com,https://primemedicine.com/,info@primemedicine.com,
Prime Meridian Holding Co,Prime Meridian Holding Co,primemeridianbank.com,https://investors.primemeridianbank.com/home/default.aspx,,https://www.primemeridianbank.com/,,
"Primerica, Inc.",Primerica Inc,primerica.com,https://investors.primerica.com/,,https://www.primerica.com/public/our-impact.html,,
Primis Financial Corp.,Primis Financial Corp,primisbank.com,https://investors.primisbank.com/overview/default.aspx,Investor@Primisbank.com,https://primisbank.com/contact-us/,name@gmail.com,
Primoris Services Corp,Primoris Services Corp,,,,,,
"Princeton Bancorp, Inc.",Princeton Bancorp Inc,thebankofprinceton.com,https://ir.thebankofprinceton.com/corporate-profile/default.aspx,,https://thebankofprinceton.com/,,
Principal Real Estate Income Fund,Principal Real Estate Income Fund,principal.com,https://www.principal.com/help/help-individuals/tax-center/dividends-capital-gains-distributions,,https://www.principal.com/contact-us,,
"Priority Technology Holdings, Inc.",Priority Technology Holdings Inc,,,,,,
"Privia Health Group, Inc.",Privia Health Group Inc,priviahealth.com,https://ir.priviahealth.com/search?f[0]=type:nir_news&op=Search&query=2024&page=1,,https://www.priviahealth.com/contact-us/,priviapress@priviahealth.com,
ProFrac Holding Corp.,Profrac Holding Corp,pfholdingscorp.com,https://ir.pfholdingscorp.com/,investors@profrac.com,https://www.pfholdingscorp.com/contact,info@pfholdingscorp.com,
ProMIS Neurosciences Inc.,Promis Neurosciences Inc,promisneurosciences.com,https://www.promisneurosciences.com/investors,,https://www.promisneurosciences.com/contact,,
ProPetro Holding Corp.,Propetro Holding Corp,propetroservices.com,https://ir.propetroservices.com/,investors@propetroservices.com,https://www.propetroservices.com/contact/,verifiersolutionssupport@Equifax.com,
"ProPhase Labs, Inc.",Prophase Labs Inc,prophaselabs.com,https://ir.prophaselabs.com/financial-information/financial-results,,https://www.prophaselabs.com/contact/,info@prophaselabs.com,
ProShares Trust II,Proshares Trust II,proshares.com,https://www.proshares.com/,,https://www.proshares.com/about/contact,info@proshares.com,
"Processa Pharmaceuticals, Inc.",Processa Pharmaceuticals Inc,processapharmaceuticals.com,https://www.processapharmaceuticals.com/investors,ir@processapharma.com,https://www.processapharmaceuticals.com/contact,processa_logo@2x.png,
"Professional Diversity Network, Inc.",Professional Diversity Network Inc,,,,,,
"Proficient Auto Logistics, Inc",Proficient Auto Logistics Inc,proficientautologistics.com,https://proficientautologistics.com/,info@proautologistics.com,https://proficientautologistics.com/,info@proautologistics.com,
"Progyny, Inc.",Progyny Inc,progyny.com,https://investors.progyny.com/investors/,,https://progyny.com/contact-us/,info@progyny.com,
"Prologis, Inc.",Prologis Inc,,,,,,
"Propanc Biopharma, Inc.",Propanc Biopharma Inc,propanc.com,https://ir.propanc.com/,irteam@propanc.com,https://www.propanc.com/contact,,
"Protagenic Therapeutics, Inc.new",Protagenic Therapeutics Inc.new,protagenic.com,https://protagenic.com/investor/press-release/,,https://protagenic.com/contact-us/,,
"Protalix BioTherapeutics, Inc.",Protalix Biotherapeutics Inc,,,,,,
"Protara Therapeutics, Inc.",Protara Therapeutics Inc,globenewswire.com,https://www.globenewswire.com/news-release/2025/11/10/3184499/0/en/Protara-Therapeutics-Announces-Third-Quarter-2025-Financial-Results-and-Provides-Business-Update.html,protara_therapeutics@2x.png,https://www.globenewswire.com/news-release/2025/07/01/3108786/0/en/protara-therapeutics-inc-reports-inducement-grants-under-nasdaq-listing-rule-5635-c-4.html,protara_therapeutics@2x.png,
Proto Labs Inc,Proto Labs Inc,protolabs.com,https://investors.protolabs.com/search?page=1,,https://www.protolabs.com/,,
"Provident Bancorp, Inc. /MD/",Provident Bancorp Inc,provident.com,https://investorrelations.provident.com/,,https://www.provident.com/ContactUs.aspx?wsmenu=1,,
"PubMatic, Inc.",Pubmatic Inc,pubmatic.com,https://investors.pubmatic.com/,,https://pubmatic.com/contact-us/,pune-info@pubmatic.com,
Public Storage,Public Storage,publicstorage.com,https://investors.publicstorage.com/financial-reports/quarterly-results/default.aspx,,https://help.publicstorage.com/troubleshooting/technical-issues/z-contact-us,,
"Pulmatrix, Inc.",Pulmatrix Inc,,,,,,
Pulmonx Corp,Pulmonx Corp,pulmonxstratxusa.com,https://pulmonxstratxusa.com/login,,https://pulmonxstratxusa.com/login/TermsOfUseUS,,
"Pure Storage, Inc.",Pure Storage Inc,purestorage.com,https://investor.purestorage.com/news-and-events/press-releases/press-release-details/2025/Pure-Storage-Announces-Fiscal-Fourth-Quarter-and-Full-Year-2025-Financial-Results/default.aspx,ir@purestorage.com,https://www.purestorage.com/contact.html,info@purestorage.com,
PureBase Corp,Purebase Corp,purebase.com,https://purebase.com/investors/,,https://purebase.com/contact/,david.harvey@purebase.com,
"Purple Innovation, Inc.",Purple Innovation Inc,purple.com,https://investors.purple.com/overview/,ir@purple.com,https://support.purple.com/hc/en-us/articles/360020024872-Contact-Us,,
Pyrophyte Acquisition Corp.,Pyrophyte Acquisition Corp,pyrophytespac.com,https://pyrophytespac.com/investors,info@ndiscovered.com,https://pyrophytespac.com/contact,info@ndiscovered.com,
"Q2 Holdings, Inc.",Q2 Holdings Inc,tischendorf.com,https://www.tischendorf.com/2014/12/01/qtwo-q2-holdings-bullish-all-time-high-stock-trade-idea/,,https://www.tischendorf.com/2014/12/01/qtwo-q2-holdings-bullish-all-time-high-stock-trade-idea/,,
Q32 Bio Inc.,Q32 Bio Inc,q32bio.com,https://ir.q32bio.com/news-releases/news-release-details/q32-bio-reports-second-quarter-2025-financial-results-and,,https://www.q32bio.com/,info@q32bio.com,
QCR HOLDINGS INC,QCR Holdings Inc,,,,,,
QDM International Inc.,QDM International Inc,qdmi.net,https://www.qdmi.net/,matthew@strategic-ir.com,https://www.qdmi.net/,matthew@strategic-ir.com,
"QHSLab, Inc.",Qhslab Inc,qhslab.com,https://www.qhslab.com/for-investors,ir@usaqcorp.com,https://www.qhslab.com/contact-us,hello@qhslab.com,
QNB CORP,QNB Corp,qnbbank.com,https://ir.qnbbank.com/news/press-releases/default.aspx,,https://www.qnbbank.com/contact-us/,flags@2x.webp,
"QT IMAGING HOLDINGS, INC.",QT Imaging Holdings Inc,qtimaging.com,https://ir.qtimaging.com/,Stephen.Kilmer@qtimaging.com,https://www.qtimaging.com/contact/,,
QUAINT OAK BANCORP INC,Quaint OAK Bancorp Inc,quaintoak.com,https://www.quaintoak.com/investors/,RStrong@QuaintOak.com,https://www.quaintoak.com/contact/,,
QUAKER CHEMICAL CORP,Quaker Chemical Corp,quakeroats.com,https://www.quakeroats.com/about-quaker-oats,,https://www.quakeroats.com/about-quaker-oats/quaker-oats-center-of-excellence/oats-resources,,
QUALCOMM INC/DE,Qualcomm Inc/De,qualcomm.com,https://investor.qualcomm.com/news-events/press-releases/,,https://www.qualcomm.com/support/contact,,
"QUALYS, INC.",Qualys Inc,qualys.com,https://investor.qualys.com/index.php/,,https://success.qualys.com/discussions/s/article/000003610,bg-info@2x.png,
"QUANTA SERVICES, INC.",Quanta Services Inc,quantaservices.com,https://investors.quantaservices.com/,investors@quantaservices.com,https://www.quantaservices.com/,,
QUEST DIAGNOSTICS INC,Quest Diagnostics Inc,questdiagnostics.com,https://ir.questdiagnostics.com/overview/default.aspx,Investor@QuestDiagnostics.com,https://www.questdiagnostics.com/contact-us/customer-service,,
QUEST PATENT RESEARCH CORP,Quest Patent Research Corp,ipwatchdog.com,https://ipwatchdog.com/partners/quest-patent-research-corporation/,partner-2@2x.png,https://ipwatchdog.com/partners/quest-patent-research-corporation/,partner-2@2x.png,
QUICKLOGIC Corp,Quicklogic Corp,quicklogic.com,https://ir.quicklogic.com/,ir@quicklogic.com,https://www.quicklogic.com/company/contact-us/,,
"QUINSTREET, INC",Quinstreet Inc,quinstreet.com,https://investor.quinstreet.com/?order=field_nir_news_date&sort=asc,,https://www.quinstreet.com/,,
"Qorvo, Inc.",Qorvo Inc,qorvo.com,https://ir.qorvo.com/,,https://www.qorvo.com/support,appsupport@qorvo.com,
Qrons Inc.,Qrons Inc,otcmarkets.com,https://www.otcmarkets.com/stock/QRON/profile,,https://www.otcmarkets.com/customer_support,,
"Quad/Graphics, Inc.",Quad/graphics Inc,quad.com,https://www.quad.com/investor-relations,IR@quad.com,https://www.quad.com/about/locations,,
"Qualigen Therapeutics, Inc.",Qualigen Therapeutics Inc,,,,,,
Quanterix Corp,Quanterix Corp,nasdaq.com,https://www.nasdaq.com/press-release/quanterix-releases-preliminary-financial-results-third-quarter-2024-2024-11-12,ir@quanterix.com,https://www.nasdaq.com/market-activity/stocks/qtrx/press-releases,,
Quantum-Si Inc,Quantum-Si Inc,quantum-si.com,https://www.quantum-si.com/press-releases/quantum-si-to-host-investor-analyst-event-in-new-york-city-on-november-19-2025/,,https://www.quantum-si.com/contact/success/,support@quantum-si.com,
QuantumScape Corp,Quantumscape Corp,quantumscape.com,https://ir.quantumscape.com/home/default.aspx,,https://www.quantumscape.com/,info@quantumscape.com,
"Quarta-Rad, Inc.",Quarta-Rad Inc,quartarad.com,https://quartarad.com/,,https://quartarad.com/,,
Quest Resource Holding Corp,Quest Resource Holding Corp,,,,,,
Quetta Acquisition Corp,Quetta Acquisition Corp,quetta.net,https://www.quetta.net/,press@quetta.net,https://www.quetta.net/faq,support@quetta.net,
QuidelOrtho Corp,Quidelortho Corp,quidelortho.com,https://ir.quidelortho.com/financials/default.aspx,,https://www.quidelortho.com/us/en/contact-us,US-CustomerService@quidelortho.com,
"Quince Therapeutics, Inc.",Quince Therapeutics Inc,quince.com,https://www.quince.com/,care@onequince.com,https://www.quince.com/contact-us,care@onequince.com,
Quipt Home Medical Corp.,Quipt Home Medical Corp,quipthomemedical.com,https://quipthomemedical.com/investors/,,https://quipthomemedical.com/contact-us/,,
"Quoin Pharmaceuticals, Ltd.",Quoin Pharmaceuticals Ltd,quoinpharma.com,https://quoinpharma.com/,,https://quoinpharma.com/contact/,,
R F INDUSTRIES LTD,R F Industries Ltd,rfindustries.com,https://rfindustries.com/investor-overview/,RFIL@finprofiles.com,https://rfindustries.com/contact/,techsupport@schrofftech.com,
RADIAN GROUP INC,Radian Group Inc,radiangroup.com,https://www.radiangroup.com/,,https://www.radiangroup.com/contact/,,
"RADIANT LOGISTICS, INC",Radiant Logistics Inc,radiantgloballogistics.com,https://radiantgloballogistics.com/,jfk@radiantdelivers.com,https://radiantgloballogistics.com/,RGL_Info@radiantdelivers.com,
"RADIUS RECYCLING, INC.",Radius Recycling Inc,radiusrecycling.com,https://www.radiusrecycling.com/company/investors/news-releases,,https://radiusrecycling.com/service-lines,,
RALPH LAUREN CORP,Ralph Lauren Corp,,,,,,
RAMBUS INC,Rambus Inc,rambus.com,https://investor.rambus.com/investor-home/default.aspx,,https://www.rambus.com/,ebiz@rambus.com,
RAND CAPITAL CORP,RAND Capital Corp,randcapital.com,https://ir.randcapital.com/,cstmail@continentalstock.com,https://www.randcapital.com/contact-us,,
"RANGE IMPACT, INC.",Range Impact Inc,rangeimpact.com,https://rangeimpact.com/investors/,,https://rangeimpact.com/company/,,
"RAPID MICRO BIOSYSTEMS, INC.",Rapid Micro Biosystems Inc,rapidmicrobiology.com,https://www.rapidmicrobiology.com/,info@rapidmicrobiology.com,https://www.rapidmicrobiology.com/supplier/rapid-micro-biosystems,info@rapidmicrobiology.com,
"RAPT Therapeutics, Inc.",RAPT Therapeutics Inc,rapt.com,https://rapt.com/press-releases/,inquiries@rapt.com,https://rapt.com/contact/,inquiries@rapt.com,
RARE ELEMENT RESOURCES LTD,RARE Element Resources Ltd,rareelementresources.com,https://www.rareelementresources.com/investor-information/,wrich@rareelementresources.com,https://www.rareelementresources.com/contact-us/,,
"RAVE RESTAURANT GROUP, INC.",RAVE Restaurant Group Inc,raverg.com,https://investors.raverg.com/,investorrelations@raverg.com,https://www.raverg.com/contact/,media@raverg.com,
RAYMOND JAMES FINANCIAL INC,Raymond James Financial Inc,,,,,,
RAYONIER ADVANCED MATERIALS INC.,Rayonier Advanced Materials Inc,rayonier.com,https://ir.rayonier.com/financial-information/,,https://www.rayonier.com/,,
RAYONIER INC,Rayonier Inc,rayonierinc.com,https://rayonierinc.com/,,https://rayonierinc.com/,,
RBB Bancorp,RBB Bancorp,rbbusa.com,https://ir.rbbusa.com/news-and-events/events,,https://ir.rbbusa.com/corporate-governance/management,,
RBC Bearings INC,RBC Bearings Inc,rbcbearings.com,https://investor.rbcbearings.com/,,https://www.rbcbearings.com/Customer-Service,AeroInfo@RBCBearings.com,
"RCI HOSPITALITY HOLDINGS, INC.",RCI Hospitality Holdings Inc,rcihospitality.com,https://www.rcihospitality.com/investor-relations,,https://www.rcihospitality.com/contact,,
"RCM TECHNOLOGIES, INC.",RCM Technologies Inc,rcmt.com,https://www.rcmt.com/investor-relations/,,https://www.rcmt.com/contact-us/,,
"RE/MAX Holdings, Inc.",Re/Max Holdings Inc,remaxholdings.com,https://investors.remaxholdings.com/overview/default.aspx,investorrelations@remax.com,https://investors.remaxholdings.com/resources/contact-investor-relations/default.aspx,,
READING INTERNATIONAL INC,Reading International Inc,,,,,,
REALTY INCOME CORP,Realty Income Corp,realtyincome.com,https://www.realtyincome.com/investors,,https://www.realtyincome.com/contact,,
REAVES UTILITY INCOME FUND,Reaves Utility Income FUND,utilityincomefund.com,https://utilityincomefund.com/,info@reavesam.com,https://utilityincomefund.com/contact_us/,info@reavesam.com,
"RECURSION PHARMACEUTICALS, INC.",Recursion Pharmaceuticals Inc,recursion.com,https://ir.recursion.com/,,https://www.recursion.com/,info@recursion.com,
RED RIVER BANCSHARES INC,RED River Bancshares Inc,redriverbank.net,https://ir.redriverbank.net/news-releases/news-release-details/red-river-bancshares-inc-reports-first-quarter-2024-financial,,https://www.redriverbank.net/contactus,example@domain.com,
RED ROBIN GOURMET BURGERS INC,RED Robin Gourmet Burgers Inc,redrobin.com,https://ir.redrobin.com/,investor@redrobin.com,https://ir.redrobin.com/about/contacts,investor@redrobin.com,
"REED'S, INC.",REED S Inc,drinkreeds.com,https://drinkreeds.com/,,https://drinkreeds.com/pages/contact-us-1,info@reedsinc.com,
REGAL REXNORD CORP,Regal Rexnord Corp,,,,,,
REGENCY CENTERS CORP,Regency Centers Corp,regencycenters.com,https://investors.regencycenters.com/shareholder-services/investor-faqs,,https://www.regencycenters.com/,in-dev-dropdown-leasing-agent@2x.png,
"REGENEREX PHARMA, INC.",Regenerex Pharma Inc,regenerexpharmainc.com,https://regenerexpharmainc.com/category/press-release/,,https://regenerexpharmainc.com/privacy-policy/,,
"REGENERON PHARMACEUTICALS, INC.",Regeneron Pharmaceuticals Inc,regeneron.com,https://investor.regeneron.com/,,https://www.regeneron.com/contact,,
REGENXBIO Inc.,Regenxbio Inc,,,,,,
"REGIONAL HEALTH PROPERTIES, INC",Regional Health Properties Inc,regionalhealthproperties.com,https://ir.regionalhealthproperties.com/,,https://regionalhealthproperties.com/,,
REGIONS FINANCIAL CORP,Regions Financial Corp,regions.com,https://ir.regions.com/home/default.aspx,,https://www.regions.com/help/contact-us-by-phone,,
REGIS CORP,Regis Corp,regiscorp.com,https://www.regiscorp.com/investor-relations,investorrelations@regiscorp.com,https://www.regiscorp.com/contact-regis,MediaRelations@regiscorp.com,
REINSURANCE GROUP OF AMERICA INC,Reinsurance Group OF America Inc,americanbankingnews.com,https://www.americanbankingnews.com/2024/05/24/reinsurance-group-of-america-incorporated-nyserga-shares-sold-by-panagora-asset-management-inc.html,,https://www.americanbankingnews.com/2025/06/29/reinsurance-group-of-america-incorporated-nyserga-shares-sold-by-bessemer-group-inc.html,,
"RELIANCE, INC.",Reliance Inc,reliance.com,https://investor.reliance.com/press-releases/,,https://reliance.com/contact/,,
"RELMADA THERAPEUTICS, INC.",Relmada Therapeutics Inc,relmada.com,https://www.relmada.com/for-investors,info@relmada.com,https://www.relmada.com/contact,info@relmada.com,
RENAISSANCERE HOLDINGS LTD,Renaissancere Holdings Ltd,fitchratings.com,https://www.fitchratings.com/entity/renaissancere-holdings-ltd-80090754,,https://www.fitchratings.com/entity/renaissancere-holdings-ltd-80090754,,
RENASANT CORP,Renasant Corp,,,,,,
"RENN Fund, Inc.",RENN Fund Inc,,,,,,
RENOVARO INC.,Renovaro Inc,renovarogroup.com,https://www.renovarogroup.com/,info@biosymetrics.com,https://www.renovarogroup.com/,info@biosymetrics.com,
REPLIGEN CORP,Repligen Corp,repligen.com,https://investors.repligen.com/press-releases/news-details/2025/Repligen-Reports-Third-Quarter-2025-Financial-Results-and-Updates-Full-Year-2025-Financial-Guidance/default.aspx,,https://www.repligen.com/support,alex-support-md@2x.webp,
REPUBLIC BANCORP INC /KY/,Republic Bancorp Inc,republicbank.com,https://www.republicbank.com/about-us/,supplierdiversity@republicbank.com,https://www.republicbank.com/contact-us/,supplierdiversity@republicbank.com,
REPUBLIC FIRST BANCORP INC,Republic First Bancorp Inc,republicbank.com,https://www.republicbank.com/about-us/,supplierdiversity@republicbank.com,https://www.republicbank.com/contact-us/,supplierdiversity@republicbank.com,
"REPUBLIC SERVICES, INC.",Republic Services Inc,republicservices.com,https://investor.republicservices.com/?ref=forwhatitsworth.co,,https://www.republicservices.com/customer-support,,
RESEARCH FRONTIERS INC,Research Frontiers Inc,,,,,,
"RESIDEO TECHNOLOGIES, INC.",Resideo Technologies Inc,resideo.com,https://investor.resideo.com/overview/default.aspx,shareholder@broadridge.com,https://customer.resideo.com/en-US/contactus/Pages/default.aspx,,
RESMED INC,Resmed Inc,resmed.com,https://investor.resmed.com/,InvestorRelations@resmed.com,https://www.resmed.com/en-us/contact-us/,yourname@example.com,
"RESOURCES CONNECTION, INC.",Resources Connection Inc,iciba.com,https://www.iciba.com/word?w=component,,https://module4app.iciba.com/,,
RETAIL OPPORTUNITY INVESTMENTS CORP,Retail Opportunity Investments Corp,blackstone.com,https://www.blackstone.com/news/press/blackstone-real-estate-completes-privatization-of-retail-opportunity-investments-corp-for-4-billion/,noleary@roireit.net,https://www.blackstone.com/news/press/blackstone-real-estate-completes-privatization-of-retail-opportunity-investments-corp-for-4-billion/,noleary@roireit.net,
"REV Group, Inc.",REV Group Inc,revgroup.com,https://investors.revgroup.com/,,https://revgroup.com/,security@revgroup.com,
"REVIVA PHARMACEUTICALS HOLDINGS, INC.",Reviva Pharmaceuticals Holdings Inc,revivapharma.com,https://revivapharma.com/investors/,,https://revivapharma.com/contact-us/,,
REX AMERICAN RESOURCES Corp,REX American Resources Corp,,,,,,
RF Acquisition Corp II,RF Acquisition Corp II,otcmarkets.com,https://www.otcmarkets.com/stock/RFAI/profile,,https://www.otcmarkets.com/stock/RFAIU/profile,,
RF Acquisition Corp.,RF Acquisition Corp,globenewswire.com,https://www.globenewswire.com/news-release/2024/07/02/2907127/0/en/RF-Acquisition-Corp-II-Announces-the-Separate-Trading-of-its-Ordinary-Shares-and-Rights-Commencing-July-5-2024.html,tsemeng.ng@ruifengwealth.com,https://www.globenewswire.com/news-release/2025/02/13/3026319/0/en/GCL-and-RF-Acquisition-Corp-Complete-Business-Combination-GCL-to-Commence-Trading-on-Nasdaq-Under-Ticker-GCL-and-Announces-Bell-Ringing-to-Commemorate-Listing.html,crocker.coulson@aummedia.org,
RH,RH,,,,,,
"RHYTHM PHARMACEUTICALS, INC.",Rhythm Pharmaceuticals Inc,gotrhythm.com,https://www.gotrhythm.com/press,support@gotrhythm.com,https://www.gotrhythm.com/,support@gotrhythm.com,
"RICHARDSON ELECTRONICS, LTD.",Richardson Electronics Ltd,richardsonelectricltd.com,http://richardsonelectricltd.com/content/about-us,Office@richardsonelectricltd.com,http://richardsonelectricltd.com/,Office@richardsonelectricltd.com,
RICHTECH ROBOTICS INC.,Richtech Robotics Inc,,,,,,
RIGEL PHARMACEUTICALS INC,Rigel Pharmaceuticals Inc,rigel.com,https://www.rigel.com/investors,ir@rigel.com,https://www.rigel.com/contact-us,producthelp@rigel.com,
"RING ENERGY, INC.",RING Energy Inc,ringenergy.com,https://www.ringenergy.com/investors,info@standardtransferco.com,https://www.ringenergy.com/contact,HR@ringenergy.com,
RIVERVIEW BANCORP INC,Riverview Bancorp Inc,riverviewbank.com,https://investors.riverviewbank.com/resources/investor-contacts/default.aspx,,https://www.riverviewbank.com/,,
RLI CORP,RLI Corp,rlicorp.com,https://investors.rlicorp.com/overview/default.aspx,,https://www.rlicorp.com/contact?src=redirect,,
RMR GROUP INC.,RMR Group Inc,,,,,,
ROBERT HALF INC.,Robert HALF Inc,roberthalf.com,https://www.roberthalf.com/us/en/about/investor-center,,https://www.roberthalf.com/us/en/contact,,
"ROCKET PHARMACEUTICALS, INC.",Rocket Pharmaceuticals Inc,rocketpharma.com,https://rocketpharma.com/,rocket-pharma-logo-2016-outline@2x.png,https://rocketpharma.com/contact-us/,rocket-pharma-logo-2016-outline@2x.png,
"ROCKWELL AUTOMATION, INC",Rockwell Automation Inc,rockwellautomation.com,https://www.rockwellautomation.com/en-us/company/investor-relations.html,,https://www.rockwellautomation.com/en-us.html,,
"ROCKWELL MEDICAL, INC.",Rockwell Medical Inc,rockwellmed.com,https://ir.rockwellmed.com/resources/investor-contacts/default.aspx,,https://www.rockwellmed.com/contact/,sales@rockwellmed.com,
"ROCKY BRANDS, INC.",Rocky Brands Inc,rockybrands.com,https://investors.rockybrands.com/,,https://www.rockybrands.com/about-us/contact-us/,info@example.com,
ROGERS CORP,Rogers Corp,rogerscorp.com,https://rogerscorp.com/investors,,https://rogerscorp.com/support,,
"ROKU, INC",ROKU Inc,roku.com,https://www.roku.com/investor,,https://support.roku.com/,,
ROLLINS INC,Rollins Inc,rollins.com,https://www.rollins.com/investor-relations,,https://www.rollins.com/about/contacts,InvestorRelations@rollins.com,
ROPER TECHNOLOGIES INC,Roper Technologies Inc,,,,,,
"ROSS STORES, INC.",ROSS Stores Inc,rossstores.com,https://investors.rossstores.com/,,https://www.rossstores.com/contact-us/,,
ROYAL CARIBBEAN CRUISES LTD,Royal Caribbean Cruises Ltd,royalcaribbean.com,https://www.royalcaribbean.com/about-us,email@email.com,https://www.royalcaribbean.com/,email@email.com,
ROYAL GOLD INC,Royal GOLD Inc,royalgoldinc.com,https://www.royalgoldinc.com/investment-tools,info@royalgoldinc.com,https://www.royalgoldinc.com/return-policy,info@royalgoldinc.com,
"ROYCE GLOBAL TRUST, INC.",Royce Global Trust Inc,royceinvest.com,https://www.royceinvest.com/insights/commentary/annual/royce-global-trust,name@domain.com,https://www.royceinvest.com/contact/,name@domain.com,
RPC INC,RPC Inc,rpc-rabrenco.com,https://rpc-rabrenco.com/,orders@rpc-rabrenco.com,https://rpc-rabrenco.com/contact-us,name@domain.com,
RTX Corp,RTX Corp,rtx.dk,https://www.rtx.dk/investors/investor-relations/,ir@rtx.dk,https://www.rtx.dk/,,
RUSH ENTERPRISES INC TX,RUSH Enterprises Inc TX,rushenterprises.com,https://investor.rushenterprises.com/company-news/press-releases,,https://investor.rushenterprises.com/corporate-information/board-of-directors,,
RVL Pharmaceuticals plc,RVL Pharmaceuticals PLC,rvlpharma.com,https://ir.rvlpharma.com/,IR@rvlpharma.com,https://rvlpharma.com/contact-us,MedicalInfo@rvlpharma.com,
"RXO, Inc.",RXO Inc,rxo.com,https://investors.rxo.com/financials/quarterly-results/default.aspx,,https://rxo.com/contact-us/,HomeDeliveryHelp@rxo.com,
"RYAN SPECIALTY HOLDINGS, INC.",RYAN Specialty Holdings Inc,ryanspecialty.com,https://ir.ryanspecialty.com/,IR@ryanspecialty.com,https://ryanspecialty.com/contact/,info@ryansg.com,
RYDER SYSTEM INC,Ryder System Inc,ryder.com,https://investors.ryder.com/ir-home/,,https://www.ryder.com/en-us/contact-us,u003ervsnow@ryder.com,
RYVYL Inc.,Ryvyl Inc,ryvyl.com,https://investors.ryvyl.com/,,https://www.ryvyl.com/,RVYL@mzgroup.us,
"Rackspace Technology, Inc.",Rackspace Technology Inc,rackspace.com,https://ir.rackspace.com/news-releases/news-release-details/rackspace-technology-reports-third-quarter-2025-results,,https://www.rackspace.com/contact,raxpartnerhelp@rackspace.com,
"RadNet, Inc.",Radnet Inc,radnet.com,https://www.radnet.com/corp/corp/corp/about-radnet/investor-relations,,https://www.radnet.com/about-radnet/contact-radnet,,
"Rafael Holdings, Inc.",Rafael Holdings Inc,rafaelholdings.com,https://rafaelholdings.com/,careers@rafaelholdings.com,https://rafaelholdings.com/,careers@rafaelholdings.com,
Rallybio Corp,Rallybio Corp,rallybio.com,https://investors.rallybio.com/q4-2024,,https://rallybio.com/contact/,,
"Ramaco Resources, Inc.",Ramaco Resources Inc,ramacoresources.com,https://ramacoresources.com/investors/,,https://ramacoresources.com/contact-us/,,
Ranger Gold Corp.,Ranger Gold Corp,,,,,,
"Rani Therapeutics Holdings, Inc.",Rani Therapeutics Holdings Inc,ranitherapeutics.com,https://ir.ranitherapeutics.com/investor-relations,,https://www.ranitherapeutics.com/,,
Ranpak Holdings Corp.,Ranpak Holdings Corp,,,,,,
Raphael Pharmaceutical Inc.,Raphael Pharmaceutical Inc,raphaelpharmaceutical.com,https://www.raphaelpharmaceutical.com/research-development,460ff4620fa44cba8df530afde949785@sentry.wixpress.com,https://www.raphaelpharmaceutical.com/,kahl@equityny.com,
"Rapport Therapeutics, Inc.",Rapport Therapeutics Inc,patsnap.com,https://synapse.patsnap.com/organization/47ef97b82ac2f6010a2553fa3f6802a2,jdicarlo@rapportrx.com,https://synapse.patsnap.com/organization/47ef97b82ac2f6010a2553fa3f6802a2,jdicarlo@rapportrx.com,
ReShape Lifesciences Inc.,Reshape Lifesciences Inc,medtimo.com,https://medtimo.com/,info@ReShapeLifesci.com,https://medtimo.com/contact-us/,info@ReShapeLifesci.com,
Ready Capital Corp,Ready Capital Corp,readycapital.com,https://ir.readycapital.com/investor-relations/Investor-Relations-Overview/default.aspx,,https://readycapital.com/general-inquiry/,,
"Real Good Food Company, Inc.",Real Good Food Company Inc,realgoodfoods.com,https://ir.realgoodfoods.com/,IR@realgoodfoods.com,https://realgoodfoods.com/pages/contact,u003econtactus@realgoodfoods.com,
"Reborn Coffee, Inc.",Reborn Coffee Inc,reborncoffee.com,https://reborncoffee.com/,email@example.com,https://reborncoffee.com/pages/contact-us,email@example.com,
"Red Cat Holdings, Inc.",Red Cat Holdings Inc,redcatholdings.com,https://ir.redcatholdings.com/,investors@redcat.red,https://ir.redcatholdings.com/company-information/contacts,investors@redcat.red,
"Red Violet, Inc.",Red Violet Inc,redviolet.com,https://investors.redviolet.com/investor-overview,,https://www.redviolet.com/,,
"Reddit, Inc.",Reddit Inc,redditinc.com,https://investor.redditinc.com/overview/default.aspx,,https://redditinc.com/,HOMEPAGE%20GRAPHICS%20_%20Post@2x.png,
Redfin Corp,Redfin Corp,corporateofficehq.com,https://corporateofficehq.com/redfin-corporate-office/,,https://corporateofficehq.com/redfin-corporate-office/,,
Redwire Corp,Redwire Corp,redwirespace.com,https://ir.redwirespace.com/,investorrelations@redwirespace.com,https://ir.redwirespace.com/contact,sales@redwirespace.com,
Regenerative Medical Technology Group Inc.,Regenerative Medical Technology Group Inc,medicaltechnologygroup.com,https://medicaltechnologygroup.com/about/,,https://www.medicaltechnologygroup.com/,,
Regional Management Corp.,Regional Management Corp,,,,,,
Regulus Therapeutics Inc.,Regulus Therapeutics Inc,,,,,,
"Rekor Systems, Inc.",Rekor Systems Inc,rekor.ai,https://www.rekor.ai/investors,David.Klimczak@issuerdirect.com,https://www.rekor.ai/contact,info@rekor.ai,
"Relay Therapeutics, Inc.",Relay Therapeutics Inc,relayfi.com,https://relayfi.com/blog/series-b,customerservice@thread.bank,https://relayfi.com/contact,customerservice@thread.bank,
"Reliance Global Group, Inc.",Reliance Global Group Inc,relianceglobalgroup.com,https://relianceglobalgroup.com/investor-relations/,info@relianceglobalgroup.com,https://relianceglobalgroup.com/contact-us/,info@relianceglobalgroup.com,
"Reliant Holdings, Inc.",Reliant Holdings Inc,reliantholdings.com,https://www.reliantholdings.com/,,https://www.reliantholdings.com/corp/v3/contact_us.php,,
RemSleep Holdings Inc.,Remsleep Holdings Inc,remsleep.com,https://remsleep.com/investors/,info@remsleep.com,https://remsleep.com/order/,,
"Remitly Global, Inc.",Remitly Global Inc,remitly.com,https://investorday2025.remitly.com/,,https://www.remitly.com/,FLK_32x21@2x-7f18d76fac7a092a1383.png,
"RenovoRx, Inc.",Renovorx Inc,globenewswire.com,https://www.globenewswire.com/news-release/2025/10/27/3174593/0/en/index.html,RenovoRX@KCSA.com,https://www.globenewswire.com/search/organization/RenovoRxδ%20Inc§,,
Repare Therapeutics Inc.,Repare Therapeutics Inc,claretoxpro.com,https://claretoxpro.com/Privacy-Policy.html,contact@claritoxpro.com,https://claretoxpro.com/Privacy-Policy.html,contact@claritoxpro.com,
"ReposiTrak, Inc.",Repositrak Inc,repositrak.com,https://repositrak.com/investor-relations/presentation-events/,,https://repositrak.com/contact-us/,,
"Research Solutions, Inc.",Research Solutions Inc,researchsolutionsinc.org,https://researchsolutionsinc.org/,hello@rfuenzalida.com,https://researchsolutionsinc.org/,hello@rfuenzalida.com,
"Reservoir Media, Inc.",Reservoir Media Inc,reservoir-media.com,https://investors.reservoir-media.com/,,https://www.reservoir-media.com/contact-us/,info@reservoir-media.com,
"Resonate Blends, Inc.",Resonate Blends Inc,,,,,,
RespireRx Pharmaceuticals Inc.,Respirerx Pharmaceuticals Inc,drug-dev.com,https://drug-dev.com/respirerx-announces-dod-award-to-fund-phase-2-clinical-study-to-determine-safety-efficacy-of-its-lead-ampakine-to-improve-bladder-function-in-patients-with-spinal-cord-injury/,,https://drug-dev.com/respirerx-announces-dod-award-to-fund-phase-2-clinical-study-to-determine-safety-efficacy-of-its-lead-ampakine-to-improve-bladder-function-in-patients-with-spinal-cord-injury/,,
Restaurant Brands International Limited Partnership,Restaurant Brands International Limited Partnership,restaurantguru.com,https://restaurantguru.com/Ruffolos-International-Foods-Kenosha,,https://restaurantguru.com/deli-Brands-International-Inc-West-Palm-Beach,,
RetinalGenix Technologies Inc.,Retinalgenix Technologies Inc,otcmarkets.com,https://www.otcmarkets.com/stock/RTGN/profile,,https://www.otcmarkets.com/stock/RTGN/disclosure,,
"Revance Therapeutics, Inc.",Revance Therapeutics Inc,revance.com,https://www.revance.com/news/press-releases,,https://www.revance.com/contact,support@revance.com,
"Revelyst, Inc.",Revelyst Inc,revelyst.com,https://www.revelyst.com/contactus.html,media.relations@revelyst.com,https://www.revelyst.com/contactus.html,media.relations@revelyst.com,
"Revolution Medicines, Inc.",Revolution Medicines Inc,revolutionmedicinesclinicaltrial.com,https://www.revolutionmedicinesclinicaltrial.com/,,https://revolutionmedicinesclinicaltrial.com/,,
"Revolve Group, Inc.",Revolve Group Inc,,,,,,
"Rexford Industrial Realty, Inc.",Rexford Industrial Realty Inc,rexfordindustrial.com,https://ir.rexfordindustrial.com/,investorrelations@rexfordindustrial.com,https://www.rexfordindustrial.com/contact/,contact@rexfordindustrial.com,
Reynolds Consumer Products Inc.,Reynolds Consumer Products Inc,reynoldsconsumerproducts.com,https://investors.reynoldsconsumerproducts.com/news-and-events/financial-releases/,,https://www.reynoldsconsumerproducts.com/contact,,
"Rezolute, Inc.",Rezolute Inc,rezolutebio.com,https://ir.rezolutebio.com/,,https://ir.rezolutebio.com/,,
"Rhinebeck Bancorp, Inc.",Rhinebeck Bancorp Inc,rhinebeckbank.com,https://www.rhinebeckbank.com/Investor-Relations,msmith@rhinebeckbank.com,https://www.rhinebeckbank.com/resource-center,,
Ribbon Communications Inc.,Ribbon Communications Inc,ribboncommunications.com,https://investors.ribboncommunications.com/,,https://ribboncommunications.com/company/get-help,contactus@rbbn.com,
RiceBran Technologies,Ricebran Technologies,,,,,,
"Richmond Mutual Bancorporation, Inc.",Richmond Mutual Bancorporation Inc,firstbankrichmond.com,https://ir.rmbi.firstbankrichmond.com/financial-information,,https://www.firstbankrichmond.com/,,
Rigel Resource Acquisition Corp.,Rigel Resource Acquisition Corp,rigelresource.com,https://www.rigelresource.com/investors,1eeb89147c984dc6bc3ffafd9e6cd089@sentry.wixpress.com,https://www.rigelresource.com/contact-8,info@rigelresource.com,
"Rimini Street, Inc.",Rimini Street Inc,riministreet.com,https://www.riministreet.com/company/newsroom/,,https://www.riministreet.com/company/contact-us/,,
"RingCentral, Inc.",Ringcentral Inc,ringcentral.com,https://ir.ringcentral.com/home/default.aspx,,https://support.ringcentral.com/,,
"Riot Platforms, Inc.",Riot Platforms Inc,riotplatforms.com,https://www.riotplatforms.com/investors/,,https://www.riotplatforms.com/,,
Rise Gold Corp.,Rise Gold Corp,risegoldcorp.com,https://www.risegoldcorp.com/presentation,,https://www.risegoldcorp.com/contact,,
Rising Dragon Acquisition Corp.,Rising Dragon Acquisition Corp,iposcoop.com,https://www.iposcoop.com/ipo/rising-dragon-acquisition-corp/,,https://www.iposcoop.com/ipo/rising-dragon-acquisition-corp/,,
Rithm Capital Corp.,Rithm Capital Corp,rithmcap.com,https://ir.rithmcap.com/investors/events-and-presentations/default.aspx,,https://ir.rithmcap.com/investors/resources/investor-contacts/default.aspx,,
Rithm Property Trust Inc.,Rithm Property Trust Inc,,,,,,
River Financial Corp,River Financial Corp,,,,,,
"Rivulet Entertainment, Inc.",Rivulet Entertainment Inc,rivuletentertainmentinc.com,https://rivuletentertainmentinc.com/,,https://rivuletentertainmentinc.com/,,
Roadzen Inc.,Roadzen Inc,roadzen.io,https://investors.roadzen.io/news-releases/news-release-details/roadzen-reports-its-best-fiscal-first-quarter-results-q1-2025,,https://investors.roadzen.io/node/7926/pdf,,
"Robinhood Markets, Inc.",Robinhood Markets Inc,robinhood.com,https://investors.robinhood.com/,,https://robinhood.com/contact,,
Roblox Corp,Roblox Corp,corporateofficehq.com,https://corporateofficehq.com/roblox-corporate-office/,,https://corporateofficehq.com/roblox-corporate-office/,,
"Rocket Companies, Inc.",Rocket Companies Inc,rocketcompanies.com,https://ir.rocketcompanies.com/financials/sec-filings/default.aspx,,https://www.rocketcompanies.com/,,
"Rocket Lab USA, Inc.",Rocket Lab USA Inc,rocketlabusa.com,https://www.rocketlabusa.com/?ref=joshuniverse.com,,https://shop.rocketlabusa.com/,u003Eprivacy@bamko.net,
"Rocky Mountain Chocolate Factory, Inc.",Rocky Mountain Chocolate Factory Inc,rockychoc.com,https://shop.rockychoc.com/pages/contact-us,info@rockychoc.com,https://shop.rockychoc.com/pages/contact-us,info@rockychoc.com,
Roivant Sciences Ltd.,Roivant Sciences Ltd,roivant.com,https://investor.roivant.com/contact-ir/,,https://www.roivant.com/contact,,
Roman DBDR Acquisition Corp. II,Roman DBDR Acquisition Corp II,romandbdr.com,https://www.romandbdr.com/investor-relations,info@romandbdr.com,https://www.romandbdr.com/,info@romandbdr.com,
Roth CH Acquisition V Co.,Roth CH Acquisition V Co,rothch.com,https://rocl.rothch.com/,rothch@roth.com,https://rocl.rothch.com/,rothch@roth.com,
"Royale Energy, Inc.",Royale Energy Inc,,,,,,
Royalty Management Holding Corp,Royalty Management Holding Corp,royaltymgmtcorp.com,https://www.royaltymgmtcorp.com/investors,info@royaltymgmtcorp.com,https://www.royaltymgmtcorp.com/,info@royaltymgmtcorp.com,
"Rubicon Technologies, Inc.",Rubicon Technologies Inc,rubicon.com,https://www.rubicon.com/news/rubicon-announces-sale-of-fleet-technology-business-unit-and-issuance-of-preferred-equity/,benjamin.spall@rubicon.com,https://www.rubicon.com/get-support/,site-logo@2x.png,
Rumble Inc.,Rumble Inc,,,,,,
Runway Growth Finance Corp.,Runway Growth Finance Corp,runwaygrowth.com,https://investors.runwaygrowth.com/news-releases/news-release-details/runway-growth-finance-corp-reports-fourth-quarter-and-fiscal-1,,https://runwaygrowth.com/contact/,,
"Rush Street Interactive, Inc.",Rush Street Interactive Inc,rushstreetinteractive.com,https://ir.rushstreetinteractive.com/news/default.aspx,ir@rushstreetinteractive.com,https://www.rushstreetinteractive.com/about,,
"RxSight, Inc.",Rxsight Inc,rxsight.com,https://investors.rxsight.com/news-releases/news-release-details/rxsight-inc-reports-second-quarter-2025-financial-results,,https://rxsight.com/,,
Ryerson Holding Corp,Ryerson Holding Corp,ryerson.com,https://ir.ryerson.com/investor-resources/contact-ir/default.aspx,info@amstock.com,https://www.ryerson.com/?__geo=635953605319390385&sc_lang=en,Matt.DeBoalt@ryerson.com,
"Ryman Hospitality Properties, Inc.",Ryman Hospitality Properties Inc,ryman.com,https://www.ryman.com/terms-conditions,PrivacyLegal@rymanhp.com,https://www.ryman.com/contact/,mswann@ryman.com,
S&P Global Inc.,S&P Global Inc,,,,,,
S&T BANCORP INC,S&T Bancorp Inc,,,,,,
S&W Seed Co,S&W Seed Co,,,,,,
"SAB Biotherapeutics, Inc.",SAB Biotherapeutics Inc,,,,,,
SAFE & GREEN HOLDINGS CORP.,SAFE & Green Holdings Corp,safeandgreenholdings.com,https://ir.safeandgreenholdings.com/,investors@safeandgreenholdings.com,https://www.safeandgreenholdings.com/contact,info@sgblocks.com,
SAFEGUARD SCIENTIFICS INC,Safeguard Scientifics Inc,safeguardscientifics.com,https://safeguardscientifics.com/value/,,http://safeguardscientifics.com/contact-us/,,
SAFETY INSURANCE GROUP INC,Safety Insurance Group Inc,safetyinsurance.com,https://www.safetyinsurance.com/about/investor.html,,https://www.safetyinsurance.com/,,
SAGA COMMUNICATIONS INC,SAGA Communications Inc,sagacom.com,https://ir.sagacom.com/ir-resources/contact-ir,,https://ir.sagacom.com/corporate-governance/contact-the-board,,
"SALEM MEDIA GROUP, INC. /DE/",Salem Media Group Inc,salemmedia.com,https://investor.salemmedia.com/,evan@salemmedia.com,https://investor.salemmedia.com/company-information/contacts,evan@salemmedia.com,
SAN JUAN BASIN ROYALTY TRUST,SAN JUAN Basin Royalty Trust,san.org,https://www.san.org/,,https://www.san.org/,,
SANDRIDGE ENERGY INC,Sandridge Energy Inc,sandridgeenergy.com,https://investors.sandridgeenergy.com/investor-relations/press-releases/default.aspx,,https://sandridgeenergy.com/contact/,Sandridge-OwnerRelations@eag1source.com,
SANDY SPRING BANCORP INC,Sandy Spring Bancorp Inc,sandyspringbank.com,https://www.sandyspringbank.com/news/sandy-spring-bancorp-reports-second-quarter-earnings-247-million,,https://www.sandyspringbank.com/node/368,,
SANFILIPPO JOHN B & SON INC,Sanfilippo JOHN B & SON Inc,jbssinc.com,https://jbssinc.com/investors/,,https://jbssinc.com/,,
"SANGAMO THERAPEUTICS, INC",Sangamo Therapeutics Inc,sangamo.com,https://investor.sangamo.com/,,https://www.sangamo.com/about/contact/,info@sangamo.com,
"SANUWAVE Health, Inc.",Sanuwave Health Inc,sanuwave.com,https://sanuwave.com/investors/,order@sanuwave.com,https://sanuwave.com/contact,info@sanuwave.com,
SARATOGA INVESTMENT CORP.,Saratoga Investment Corp,saratogainvestmentcorp.com,https://ir.saratogainvestmentcorp.com/,,https://saratogainvestmentcorp.com/,,
SATIVUS TECH CORP.,Sativus TECH Corp,sativus-tech.com,https://sativus-tech.com/ir/,investor@sativus-tech.com,https://sativus-tech.com/ir/,investor@sativus-tech.com,
"SAUL CENTERS, INC.",SAUL Centers Inc,saulcenters.com,https://ir.saulcenters.com/ir-site-map/default.aspx,,http://saulcenters.com/,,
"SB FINANCIAL GROUP, INC.",SB Financial Group Inc,sbfinancialgroup.com,http://sbfinancialgroup.com/,info@insightadvisor.com,http://sbfinancialgroup.com/,info@insightadvisor.com,
SBA COMMUNICATIONS CORP,SBA Communications Corp,,,,,,
SBC Medical Group Holdings Inc,SBC Medical Group Holdings Inc,,,,,,
SCANDIUM INTERNATIONAL MINING CORP.,Scandium International Mining Corp,scandiummining.com,https://scandiummining.com/investors/corporate-presentations/,,https://scandiummining.com/,,
"SCANSOURCE, INC.",Scansource Inc,scansource.com,https://www.scansource.com/en/about/investors/,investor@scansource.com,https://www.scansource.com/services/customer-service,nacs@scansource.com,
SCHLUMBERGER LIMITED/NV,Schlumberger Limited/Nv,schlumberger.group,http://schlumberger.group/,,http://schlumberger.group/,,
SCHOLASTIC CORP,Scholastic Corp,scholastic.com,https://investor.scholastic.com/financial-information/annual-reports,,https://scholasticlibrary.digital.scholastic.com/contact-us,,
SCHWAB CHARLES CORP,Schwab Charles Corp,schwab.com,https://www.schwab.com/legal/financials,investor.relations@schwab.com,https://www.schwab.com/contact-us,,
"SCIENTIFIC ENERGY, INC",Scientific Energy Inc,siemens-energy.com,https://www.siemens-energy.com/global/en/home/investor-relations/share.html,,https://www.siemens-energy.com/us/en/home.html,,
SCOTTS MIRACLE-GRO CO,Scotts Miracle-GRO Co,scottsmiraclegro.com,https://scottsmiraclegro.com/innovation/meet-our-management-investor-day-2024/,,https://scottsmiraclegro.com/contact-us/,,
SCWorx Corp.,Scworx Corp,stockanalysis.com,https://stockanalysis.com/stocks/worx/,,https://stockanalysis.com/stocks/worx/,,
SCYNEXIS INC,Scynexis Inc,scynexis.com,https://ir.scynexis.com/,Ivor.macleod@scynexis.com,https://www.scynexis.com/about/contact-us/,,
SEABOARD CORP /DE/,Seaboard Corp,seaboardcorp.com,https://www.seaboardcorp.com/investors/,seaboard@seaboardcorp.com,https://www.seaboardcorp.com/contact-us/,info@seaboardfoods.com,
SEACOAST BANKING CORP OF FLORIDA,Seacoast Banking Corp OF Florida,,,,,,
SEACOR Marine Holdings Inc.,Seacor Marine Holdings Inc,seacormarine.com,https://ir.seacormarine.com/investor-relations/?page=1,,https://seacormarine.com/contact/,InvestorRelations@seacormarine.com,
SEAFARER EXPLORATION CORP,Seafarer Exploration Corp,seafarerexplorationcorp.com,https://seafarerexplorationcorp.com/financial/,,https://seafarerexplorationcorp.com/contact/,info@seafarerx.com,
SEALED AIR CORP/DE,Sealed AIR Corp/De,sealedair.com,https://ir.sealedair.com/node/5806,,https://www.sealedair.com/contact,,
SEATech Ventures Corp.,Seatech Ventures Corp,,,,,,
SECURITY FEDERAL CORP,Security Federal Corp,securityfederalbank.com,https://www.securityfederalbank.com/stock-info-investor-relations,,https://www.securityfederalbank.com/contact-us,,
SECURITY NATIONAL FINANCIAL CORP,Security National Financial Corp,securitynational.com,https://www.securitynational.com/investor-relations/,,https://www.securitynational.com/contact/,,
"SEELOS THERAPEUTICS, INC.",Seelos Therapeutics Inc,seelostherapeutics.com,https://seelostherapeutics.com/investors-and-media/,anthony.marciano@seelostx.com,https://seelostherapeutics.com/contact/,info@seelostx.com,
SEI INVESTMENTS CO,SEI Investments Co,seic.com,https://ir.seic.com/,,https://www.seic.com/ent/login-clients,AdvisorInfo@seic.com,
SELECT MEDICAL HOLDINGS CORP,Select Medical Holdings Corp,,,,,,
"SELECTIS HEALTH, INC.",Selectis Health Inc,,,,,,
SELECTIVE INSURANCE GROUP INC,Selective Insurance Group Inc,selective.com,https://www.selective.com/investors,itservicedesk@selective.com,https://www.selective.com/contact-us,itservicedesk@selective.com,
"SELLAS Life Sciences Group, Inc.",Sellas Life Sciences Group Inc,sellaslifesciences.com,https://ir.sellaslifesciences.com/overview/default.aspx,info@sellaslife.com,https://sellaslifesciences.com/,,
SEMTECH CORP,Semtech Corp,semtech.com,https://investors.semtech.com/,,https://www.semtech.com/company/contact/support,,
"SEMrush Holdings, Inc.",Semrush Holdings Inc,semrush.com,https://investors.semrush.com/overview/default.aspx,atir@semrush.com,https://www.semrush.com/company/,,
SENSIENT TECHNOLOGIES CORP,Sensient Technologies Corp,sensient.com,https://investor.sensient.com/overview/default.aspx,investor.relations@sensient.com,https://www.sensient.com/contact-us/,FlavorMX.CustomerCare@sensient.com,
SENTIENT BRANDS HOLDINGS INC.,Sentient Brands Holdings Inc,sentientbrands.com,https://www.sentientbrands.com/about,,https://www.sentientbrands.com/investor-relations,,
"SERA PROGNOSTICS, INC.",SERA Prognostics Inc,seraprognostics.com,https://investors.seraprognostics.com/,,https://investors.seraprognostics.com/,,
SERVOTRONICS INC /DE/,Servotronics Inc,servotronics.com,https://www.servotronics.com/investors,user@domain.com,https://www.servotronics.com/contact/,careers@servotronics.com,
SES AI Corp,SES AI Corp,ses.ai,https://investors.ses.ai/events-and-presentations/presentations/default.aspx,,https://www.ses.ai/contact-us,,
SHARING SERVICES GLOBAL Corp,Sharing Services Global Corp,otcmarkets.com,https://www.otcmarkets.com/stock/SHRG/news,,https://www.otcmarkets.com/stock/SHRG/news,,
SHERWIN WILLIAMS CO,Sherwin Williams Co,sherwin-williams.com,https://investors.sherwin-williams.com/,,https://www.sherwin-williams.com/homeowners/contact-us,yourname@address.com,
"SHINECO, INC.",Shineco Inc,shineco.com,https://shineco.com/,,https://shineco.com/pages/contact-us,customerservice@shineco.com,
SHOE CARNIVAL INC,SHOE Carnival Inc,shoecarnival.com,https://investors.shoecarnival.com/why-invest/default.aspx,,https://www.shoecarnival.com/faqs/customer-service?selpage=contactUs,customerservice@shoecarnival.com,
SHORE BANCSHARES INC,Shore Bancshares Inc,shoreunitedbank.com,https://www.shoreunitedbank.com/shore-bancshares,marketing@shoreunitedbank.com,https://www.shoreunitedbank.com/contact-us,marketing@shoreunitedbank.com,
"SHYFT GROUP, INC.",Shyft Group Inc,theshyftgroup.com,https://theshyftgroup.com/investor-relations/,,https://theshyftgroup.com/contact-us/,,
"SI-BONE, Inc.",SI-BONE Inc,si-bone.com,https://investor.si-bone.com/news-releases/,,https://si-bone.com/company/contact,info@SI-BONE.com,
SIEBERT FINANCIAL CORP,Siebert Financial Corp,siebert.com,https://www.siebert.com/investor-relation/investor-relations,service@siebert.com,https://www.siebert.com/contact/contact-us,comment.service@siebert.com,
SIERRA BANCORP,Sierra Bancorp,bankofthesierra.com,https://www.bankofthesierra.com/sierra-bancorp-reports-year-end-2024-results-and-quarterly-earnings/,,https://www.bankofthesierra.com/our-story/about-us/contact-us/,,
SIFCO INDUSTRIES INC,Sifco Industries Inc,sifco.com,https://sifco.com/investor-relations/,,https://sifco.com/contact-us/,info@sifco.com,
SIGA TECHNOLOGIES INC,SIGA Technologies Inc,siga.com,https://investor.siga.com/investors/financials/results/default.aspx,,https://investor.siga.com/investors/governance/contact-the-board/default.aspx,,
SIGNET JEWELERS LTD,Signet Jewelers Ltd,,,,,,
SILGAN HOLDINGS INC,Silgan Holdings Inc,,,,,,
SILICON LABORATORIES INC.,Silicon Laboratories Inc,,,,,,
"SILVER BULL RESOURCES, INC.",Silver BULL Resources Inc,silverbullresources.com,https://silverbullresources.com/,,https://silverbullresources.com/contact/contact-info/,info@silverbullresources.com,
"SILVERTON ENERGY, INC.",Silverton Energy Inc,silvertonenergyinc.com,https://silvertonenergyinc.com/,,https://silvertonenergyinc.com/,,
SIM Acquisition Corp. I,SIM Acquisition Corp I,simspacs.io,https://www.simspacs.io/spacs/sim-acquisition-corp,spac@sauvegarder.io,https://www.simspacs.io/spacs/sim-acquisition-corp,spac@sauvegarder.io,
SIMMONS FIRST NATIONAL CORP,Simmons First National Corp,simmonsbank.com,https://ir.simmonsbank.com/,,https://www.simmonsbank.com/about,support@simmonsbank.com,
SIMON PROPERTY GROUP INC /DE/,Simon Property Group Inc,simonpropertygroup.com,https://www.simonpropertygroup.com/simon-ventures,dave@bradshaw.net,https://www.simonpropertygroup.com/simon-innovation-group,dave@bradshaw.net,
SIRIUS XM HOLDINGS INC.,Sirius XM Holdings Inc,siriusxm.com,https://investor.siriusxm.com/,Investor.Relations@siriusxm.com,https://www.siriusxm.com/contact-us,press@siriusxm.com,
SITE Centers Corp.,SITE Centers Corp,sitecenters.com,https://ir.sitecenters.com/,,https://www.sitecenters.com/contact,,
SITIME Corp,Sitime Corp,,,,,,
SJW GROUP,SJW Group,sjwater.com,https://www.sjwater.com/our-company/investors,,https://www.sjwater.com/our-company,,
SK Growth Opportunities Corp,SK Growth Opportunities Corp,,,,,,
SKECHERS USA INC,Skechers USA Inc,skechers.com,https://investors.skechers.com/?displayId=104,,https://www.skechers.com/help-center.html?url=HelpCenter/s/article/How-do-I-contact-Skechers-Customer-Care&u=10331949&sfmc_sub=24110444&mid=100007688&list=25_HTML&jb=1159&j=163028&a=9015853979&SubKey=9015853979&REFID=TRG_US_EN_CART_1_06042025,,
"SKINVISIBLE, INC.",Skinvisible Inc,skinvisible.com,https://skinvisible.com/,info@skinvisible.com,https://skinvisible.com/contact-us/,,
SKYWEST INC,Skywest Inc,skywest.com,https://inc.skywest.com/investor-relations/stock-quote/,,https://skywest.com/contact-skywest#!customer-service,,
"SKYWORKS SOLUTIONS, INC.",Skyworks Solutions Inc,skyworksinc.com,https://investors.skyworksinc.com/news-releases/news-release-details/skyworks-sets-date-first-quarter-fiscal-2025-earnings-release,,https://www.skyworksinc.com/contact-us-page,hrglobalservices@skyworksinc.com,
SKYX Platforms Corp.,SKYX Platforms Corp,skyxplatforms.com,https://www.skyxplatforms.com/,,https://www.skyxplatforms.com/customer-support,,
SL GREEN REALTY CORP,SL Green Realty Corp,slgreen-realty.com,http://www.slgreen-realty.com/,,http://www.slgreen-realty.com/,,
SLM Corp,SLM Corp,slmcorporate.com.au,https://slmcorporate.com.au/,info@slmcorporate.com.au,https://slmcorporate.com.au/contact/,info@slmcorporate.com.au,
SLR Investment Corp.,SLR Investment Corp,slrinvestmentcorp.com,https://slrinvestmentcorp.com/,info@slrcp.com,https://slrinvestmentcorp.com/Investors/Contact,info@slrcp.com,
SM Energy Co,SM Energy Co,sm-energy.com,https://www.sm-energy.com/investors,ir@sm-energy.com,https://www.sm-energy.com/contact,,
SMARTFINANCIAL INC.,Smartfinancial Inc,,,,,,
SMARTSHEET INC,Smartsheet Inc,smartsheet.com,https://www.smartsheet.com/,,https://app.smartsheet.com/b/response?type=11&dlm=112,,
"SMC Entertainment, Inc.",SMC Entertainment Inc,smceinc.com,https://www.smceinc.com/investors,605a7baede844d278b89dc95ae0a9123@sentry-next.wixpress.com,https://www.smceinc.com/,605a7baede844d278b89dc95ae0a9123@sentry-next.wixpress.com,
SMITH A O CORP,Smith A O Corp,aosmith.com,https://investor.aosmith.com/stocks/stock-information,,https://www.aosmith.com/about-us/contact.html,help@hotwater.com,
"SMITH MICRO SOFTWARE, INC.",Smith Micro Software Inc,smithmicro.com,https://www.smithmicro.com/company/investors/,,https://www.smithmicro.com/contact/,webmaster@smithmicro.com,
SMITH MIDLAND CORP,Smith Midland Corp,smithmidland.com,https://smithmidland.com/investors/,investors@smithmidland.com,https://smithmidland.com/customer-service/,info@smith-carolina.com,
SOCIETY PASS INCORPORATED.,Society PASS Incorporated,thesocietypass.com,https://www.thesocietypass.com/investor-relations,,https://www.thesocietypass.com/,,
"SOCKET MOBILE, INC.",Socket Mobile Inc,socketmobile.com,https://www.socketmobile.com/about-us/investor-relations,,https://www.socketmobile.com/about-us/contact-us,sales@socketmobile.com,
"SOLAREDGE TECHNOLOGIES, INC.",Solaredge Technologies Inc,solaredge.com,https://investors.solaredge.com/?tg=SEO&tag1=Entail&tag2=Entail,,https://www.solaredge.com/registration/recover-customer-number,,
"SOLIGENIX, INC.",Soligenix Inc,biospace.com,https://www.biospace.com/press-releases/soligenix-to-present-at-upcoming-investor-conferences,ir@soligenix.com,https://www.biospace.com/press-releases/soligenix-announces-recent-accomplishments-and-first-quarter-2025-financial-results,,
SOLITARIO RESOURCES CORP.,Solitario Resources Corp,solitarioresources.com,https://www.solitarioresources.com/news/06202025.pdf,,https://www.solitarioresources.com/news/06212023.pdf,,
SOLITRON DEVICES INC,Solitron Devices Inc,,,,,,
SONIC AUTOMOTIVE INC,Sonic Automotive Inc,,,,,,
SONIC FOUNDRY INC,Sonic Foundry Inc,,,,,,
"SONIDA SENIOR LIVING, INC.",Sonida Senior Living Inc,sonidaseniorliving.com,https://investors.sonidaseniorliving.com/news/press-releases/default.aspx,,https://www.sonidaseniorliving.com/contact-us/,,
SONIM TECHNOLOGIES INC,Sonim Technologies Inc,sonimtech.com,https://ir.sonimtech.com/,ir@sonimtech.com,https://www.sonimtech.com/contact,support@sonimtech.com,
"SOUNDHOUND AI, INC.",Soundhound AI Inc,soundhound.com,https://investors.soundhound.com/,,https://www.soundhound.com/voice-ai-solutions/contact-centers/,,
"SOUNDTHINKING, INC.",Soundthinking Inc,soundthinking.com,https://ir.soundthinking.com/,info@shotspotter.com,https://www.soundthinking.com/contact/support-and-training/support/,plateranger.support@soundthinking.com,
SOUTH DAKOTA SOYBEAN PROCESSORS LLC,South Dakota Soybean Processors LLC,sdsoybean.org,https://www.sdsoybean.org/,,https://www.sdsoybean.org/,,
"SOUTH PLAINS FINANCIAL, INC.",South Plains Financial Inc,,,,,,
SOUTHERN CALIFORNIA EDISON Co,Southern California Edison Co,edison.com,https://www.edison.com/investors/,invrel@edisonintl.com,https://www.edison.com/contact-us,,
SOUTHERN CALIFORNIA GAS CO,Southern California GAS Co,socalgas.com,https://www.socalgas.com/about-us,,https://www.socalgas.com/about-us/contact-us,,
SOUTHERN COPPER CORP/,Southern Copper Corp/,southerncoppercorp.com,https://southerncoppercorp.com/eng/financial-information/,,https://southerncoppercorp.com/eng/,,
SOUTHERN FIRST BANCSHARES INC,Southern First Bancshares Inc,southernfirst.com,https://ir.southernfirst.com/,,https://m.southernfirst.com/,logo-stacked@1x.png,
"SOUTHERN MISSOURI BANCORP, INC.",Southern Missouri Bancorp Inc,bankwithsouthern.com,https://investors.bankwithsouthern.com/news-events/news/default.aspx,,https://www.bankwithsouthern.com/support/,,
SOUTHWEST AIRLINES CO,Southwest Airlines Co,southwestairlinesinvestorrelations.com,https://www.southwestairlinesinvestorrelations.com/,investor.relations@wnco.com,https://www.southwestairlinesinvestorrelations.com/company-information/contacts,investor.relations@wnco.com,
"SPAR Group, Inc.",SPAR Group Inc,sparinc.com,https://investors.sparinc.com/sec-filings,,https://sparinc.com/contact/,,
"SPARTA COMMERCIAL SERVICES, INC.",Sparta Commercial Services Inc,spartacommercial.com,https://www.spartacommercial.com/,info@spartacommercial.com,https://www.spartacommercial.com/,info@spartacommercial.com,
"SPECIFICITY, INC.",Specificity Inc,,,,,,
SPECTRAL CAPITAL Corp,Spectral Capital Corp,spectralcapital.com,https://www.spectralcapital.com/,IR@spectralcapital.com,https://www.spectralcapital.com/,IR@spectralcapital.com,
"SPI Energy Co., Ltd.",SPI Energy Co Ltd,spigroups.com,https://spigroups.com/investor-relations/,,https://spigroups.com/,,
SPIRE INC,Spire Inc,spireenergy.com,https://investors.spireenergy.com/stock-info/default.aspx,,https://www.spireenergy.com/customer-service,,
"SPIRITS TIME INTERNATIONAL, INC.",Spirits TIME International Inc,vinepair.com,https://vinepair.com/articles/empirical-spirits-press-coverage/,info@vinepair.com,https://vinepair.com/articles/flair-bartending-instagram/,info@vinepair.com,
"SPORTSMAN'S WAREHOUSE HOLDINGS, INC.",Sportsman S Warehouse Holdings Inc,,,,,,
"SPRUCE BIOSCIENCES, INC.",Spruce Biosciences Inc,sprucebio.com,https://investors.sprucebio.com/investor-relations,,https://sprucebio.com/,,
SPRUCE POWER HOLDING CORP,Spruce Power Holding Corp,sprucepower.com,https://investors.sprucepower.com/news/default.aspx,investors@sprucepower.com,https://investors.sprucepower.com/,,
SPS COMMERCE INC,SPS Commerce Inc,spscommerce.com,https://investors.spscommerce.com/corporate-governance,,https://www.spscommerce.com/customer-support/support/,analyticssupport@spscommerce.com,
"SR Bancorp, Inc.",SR Bancorp Inc,somersetsavings.com,https://ir.somersetsavings.com/stock-info/default.aspx,,https://ir.somersetsavings.com/resources/investor-contacts/default.aspx,,
"SRAX, Inc.",SRAX Inc,,,,,,
"SRM Entertainment, Inc.",SRM Entertainment Inc,srmentertainment.com,https://srmentertainment.com/investor-relations/,,https://srmentertainment.com/contact-us/,,
"SS Innovations International, Inc.",SS Innovations International Inc,,,,,,
SSHT S&T Group Ltd.,SSHT S&T Group Ltd,otcmarkets.com,https://www.otcmarkets.com/file/company/financial-report/485461/content,,https://www.otcmarkets.com/stock/SSHT/overview,,
SSR MINING INC.,SSR Mining Inc,ssrmining.com,https://ir.ssrmining.com/investors/news/default.aspx,email@example.com,https://www.ssrmining.com/,contactus@kingsdaleadvisors.com,
ST JOE Co,ST JOE Co,joe.com,https://ir.joe.com/,,https://www.joe.com/,contact@joe.com,
STAAR SURGICAL CO,Staar Surgical Co,staar.com,https://investors.staar.com/,,https://www.staar.com/contact-us,,
"STAG Industrial, Inc.",STAG Industrial Inc,stagindustrial.com,https://ir.stagindustrial.com/CorporateProfile/default.aspx,,https://www.stagindustrial.com/contact-us/,ar@stagindisturial.com,
STANDARD BIOTOOLS INC.,Standard Biotools Inc,standardbio.com,https://investors.standardbio.com/,,https://www.standardbio.com/about/contactus,,
"STANDARD PREMIUM FINANCE HOLDINGS, INC.",Standard Premium Finance Holdings Inc,standardpremium.com,https://www.standardpremium.com/investors,info@standardpremium.com,https://www.standardpremium.com/,,
STANDEX INTERNATIONAL CORP/DE/,Standex International Corp,internationalcorp.org,https://www.internationalcorp.org/globaluck-international-limited,,https://www.internationalcorp.org/standex-international-inc,,
"STANLEY BLACK & DECKER, INC.",Stanley Black & Decker Inc,,,,,,
"STAR EQUITY HOLDINGS, INC.",STAR Equity Holdings Inc,,,,,,
"STAR GROUP, L.P.",STAR Group LP,stargrouplp.com,https://investors.stargrouplp.com/investor-relations,,https://www.stargrouplp.com/contact/,info@stargroup.com,
STARBUCKS CORP,Starbucks Corp,starbucks.com,https://investor.starbucks.com/,,https://www.starbucks.com/contact/,partnerships@starbucks.com,
"STARGUIDE GROUP, INC.",Starguide Group Inc,katyperry.com,https://shopuk.katyperry.com/privacy/,,https://shopde.katyperry.com/en/pages/hinweise-zur-ahnlichkeitswerbung,datenschutz@universal-music.de,
"STARWOOD PROPERTY TRUST, INC.",Starwood Property Trust Inc,starwoodpropertytrust.com,http://www.ir.starwoodpropertytrust.com/home/default.aspx,,https://www.starwoodpropertytrust.com/contact/,sfr_inquiries@starwood.com,
STEEL DYNAMICS INC,Steel Dynamics Inc,steeldynamics.com,https://ir.steeldynamics.com/,,https://www.steeldynamics.com/,,
STEELCASE INC,Steelcase Inc,steelcase.com,https://ir.steelcase.com/news-and-events/events-and-presentations/default.aspx,,https://www.steelcase.com/about/connect/contact-us/,customercare@steelcase.com,
"STEM, INC.",STEM Inc,stem.com,https://investors.stem.com/overview/default.aspx,IR@stem.com,https://www.stem.com/?ref=bm,,
STEPAN CO,Stepan Co,,,,,,
STERIS plc,Steris PLC,steris.com,https://www.steris.com/sustainability/corporate-governance,,https://www.steris.com/contact/contact-information,,
"STERLING INFRASTRUCTURE, INC.",Sterling Infrastructure Inc,strlco.com,https://www.strlco.com/investor-relations/overview/,,https://www.strlco.com/contact-us/,estimating@tealstonelp.com,
"STEVEN MADDEN, LTD.",Steven Madden Ltd,stevemadden.com,https://investor.stevemadden.com/news-releases/news-release-details/steve-madden-announces-second-quarter-2025-earnings-release-date,,https://www.stevemadden.com/pages/contact-us,info@stevemaddendirect.com,
STEWART INFORMATION SERVICES CORP,Stewart Information Services Corp,corporateofficehq.com,https://corporateofficehq.com/stewart-information-services-corporate-office/,,https://corporateofficehq.com/stewart-information-services-corporate-office/,,
STIFEL FINANCIAL CORP,Stifel Financial Corp,stifel.com,https://www.stifel.com/investor-relations/corporate-governance/corporate-governance-guidelines,,https://www.stifel.com/contact-us,,
STONERIDGE INC,Stoneridge Inc,stoneridge.com,https://www.stoneridge.com/investors/,kelly.harvey@stoneridge.com,https://www.stoneridge.com/contact/,commande@stoneridge.com,
"STRATA Skin Sciences, Inc.",Strata Skin Sciences Inc,,,,,,
"STRATS SM TRUST FOR WAL-MART STORES, INC. SECURITIES, SERIES 2005-4",Strats SM Trust FOR WAL-MART Stores Inc Securities Series 2005-4,snowball-income.com,https://snowball-income.com/public/asset/GJO.NYSE.USD,support@snowball-income.com,https://snowball-income.com/public/asset/GJO.NYSE.USD,support@snowball-income.com,
STRATTEC SECURITY CORP,Strattec Security Corp,strattec.com,https://investors.strattec.com/news-releases,,https://www.strattec.com/contact,juarezinfo@strattec.com,
STRATUS PROPERTIES INC,Stratus Properties Inc,stratusproperties.com,https://stratusproperties.com/investors/,,https://stratusproperties.com/,,
STREAMLINE HEALTH SOLUTIONS INC.,Streamline Health Solutions Inc,streamlinehealthcare.com,https://streamlinehealthcare.com/,,https://streamlinehealthcare.com/contact-us/,info@streamlinehealthcare.com,
STRUCTURED PRODUCTS CORP CORTS TR FOR PECO ENERGY CAP TR III,Structured Products Corp Corts TR FOR PECO Energy CAP TR III,forbes.com,https://filings.advisor.forbes.com/company/1283464,,https://filings.advisor.forbes.com/company/1283464,,
STRUCTURED PRODUCTS CORP CRED ENHANCE CORTS TR FOR AON CAP A,Structured Products Corp CRED Enhance Corts TR FOR AON CAP A,last10k.com,https://last10k.com/sec-filings/ktn,,https://last10k.com/sec-filings/ktn/0001068238-25-000149.htm,,
STRYKER CORP,Stryker Corp,stryker.com,https://investors.stryker.com/investor-resources/investor-contacts/default.aspx,,https://cmf.stryker.com/customer-service,,
STURM RUGER & CO INC,Sturm Ruger & Co Inc,sturmruger.com,https://sturmruger.com/corporate/,,https://sturmruger.com/,,
SUBURBAN PROPANE PARTNERS LP,Suburban Propane Partners LP,suburbanpropane.com,https://investor.suburbanpropane.com/,,https://www.suburbanpropane.com/support/,,
SUN COMMUNITIES INC,SUN Communities Inc,suncommunities.com,https://www.suncommunities.com/,,https://careers.suncommunities.com/,,
"SUNHYDROGEN, INC.",Sunhydrogen Inc,sunhydrogen.com,https://www.sunhydrogen.com/investors,info@srff.com,https://www.sunhydrogen.com/,user@domain.com,
SUNLINK HEALTH SYSTEMS INC,Sunlink Health Systems Inc,sunlinkhealth.com,https://www.sunlinkhealth.com/?page_id=264,,https://www.sunlinkhealth.com/,,
SUNRISE REAL ESTATE GROUP INC,Sunrise REAL Estate Group Inc,sunriserealestatellc.com,https://sunriserealestatellc.com/,cropped-Logo-Sunrise-Real-Estate@3x-192x192.png,https://sunriserealestatellc.com/,cropped-Logo-Sunrise-Real-Estate@3x-192x192.png,
"SUNation Energy, Inc.",Sunation Energy Inc,sunation.com,https://ir.sunation.com/,IR@sunation.com,https://www.sunation.com/contact/,info@sunation.com,
"SUPERIOR GROUP OF COMPANIES, INC.",Superior Group OF Companies Inc,,,,,,
SUPERIOR INDUSTRIES INTERNATIONAL INC,Superior Industries International Inc,superior-industries.com,https://www.superior-industries.com/info/aboutus.html,,https://www.superior-industries.com/contactus.html,,
"SUPERNUS PHARMACEUTICALS, INC.",Supernus Pharmaceuticals Inc,supernus.com,https://www.supernus.com/Investors,info@supernus.com,https://www.supernus.com/contact-us,info@supernus.com,
SURF AIR MOBILITY INC.,SURF AIR Mobility Inc,surfair.com,https://investors.surfair.com/,,https://www.surfair.com/,memberships@surfair.com,
SURGE COMPONENTS INC,Surge Components Inc,surgecomponents.com,https://surgecomponents.com/america/about/investor-relations,surgehk@surgecomponents.com.hk,https://surgecomponents.com/,emea@surgecomponents.com,
SURMODICS INC,Surmodics Inc,surmodics.com,https://shop.surmodics.com/investors,,https://www.surmodics.com/contact-us,contact@surmodics.com,
SURO CAPITAL CORP.,SURO Capital Corp,,,,,,
"SUTRO BIOPHARMA, INC.",Sutro Biopharma Inc,sutrobio.com,https://ir.sutrobio.com/,ewhite@sutrobio.com,https://www.sutrobio.com/contact-us/,general@sutrobio.com,
"SWISS HELVETIA FUND, INC.",Swiss Helvetia FUND Inc,,,,,,
SWK Holdings Corp,SWK Holdings Corp,swkhold.com,https://investors.swkhold.com/,investorrelations@swkhold.com,https://www.swkhold.com/contact-us/,investorrelations@swkhold.com,
SYNAPTICS Inc,Synaptics Inc,synaptics.com,https://investor.synaptics.com/index.php/,,https://www.synaptics.com/contact,info@genesismidatlantic.com,
"SYNLOGIC, INC.",Synlogic Inc,leadiq.com,https://leadiq.com/c/saddleback--purpose-driven-ministries/5a1d966f2300005200850f8e,JohnD@saddleback.com,https://leadiq.com/c/synlogic-inc/5a1d8a6c240000240063cf4a,support@leadiq.com,
SYNOPSYS INC,Synopsys Inc,synopsys.com,https://investor.synopsys.com/overview/default.aspx,synopsys-ir@synopsys.com,https://www.synopsys.com/company/contact-synopsys.html,,
SYNOVUS FINANCIAL CORP,Synovus Financial Corp,synovus.com,https://www.synovus.com/about-us/news/2023/2023-07-12-synovus-names-jennifer-demba-director-of-investor-relations,,https://www.synovus.com/,,
"SYNTEC OPTICS HOLDINGS, INC.",Syntec Optics Holdings Inc,syntecoptics.com,https://syntecoptics.com/investors/,InvestorRelations@SyntecOptics.com,https://syntecoptics.com/about-us/contact/,info@syntecoptics.com,
SYPRIS SOLUTIONS INC,Sypris Solutions Inc,sypris.com,https://ir.sypris.com/financial-information/sec-filings?items_per_page_toggle=0&&&&&page=6,,https://www.sypris.com/contact/?locale=en_us,info@sypris.com,
SYSCO CORP,Sysco Corp,sysco.com,https://investors.sysco.com/,,https://www.sysco.com/contact/contact-us,,
Sable Offshore Corp.,Sable Offshore Corp,,,,,,
"Sabra Health Care REIT, Inc.",Sabra Health Care REIT Inc,sabrahealth.com,https://sabrahealth.com/,,https://sabrahealth.com/contact/,888.393.8248investorrelations@sabrahealth.com,
Sabre Corp,Sabre Corp,sabre.com,https://investors.sabre.com/financial-information/sec-filings,,https://www.sabre.com/contact-us/,,
Sachem Capital Corp.,Sachem Capital Corp,,,,,,
"Sacks Parente Golf, Inc.",Sacks Parente Golf Inc,pluggedingolf.com,https://pluggedingolf.com/tag/sacks-parente-golf/,,https://pluggedingolf.com/sacks-parente-series-39-putter-review/,,
Sadot Group Inc.,Sadot Group Inc,sadotgroupinc.com,https://www.sadotgroupinc.com/investor-alerts,,https://www.sadotgroupinc.com/contact,,
Safe & Green Development Corp,Safe & Green Development Corp,safeandgreenholdings.com,https://ir.safeandgreenholdings.com/,investors@safeandgreenholdings.com,https://www.safeandgreenholdings.com/,user@domain.com,
Safe Pro Group Inc.,Safe Pro Group Inc,safeprogroup.com,https://safeprogroup.com/investors/,info@safeprogroup.com,https://safeprogroup.com/contact-us/,,
Safehold Inc.,Safehold Inc,safeholdinc.com,https://ir.safeholdinc.com/,,https://www.safeholdinc.com/contact-us/,customers@safeholdinc.com,
"Sage Therapeutics, Inc.",Sage Therapeutics Inc,,,,,,
Sagimet Biosciences Inc.,Sagimet Biosciences Inc,sagimet.com,https://sagimet.com/,,https://www.sagimet.com/,,
"Salarius Pharmaceuticals, Inc.",Salarius Pharmaceuticals Inc,salariuspharma.com,https://investors.salariuspharma.com/news-releases/news-release-details/salarius-pharmaceuticals-reports-2024-financial-results-and,,https://salariuspharma.com/contact-us/,Info@SalariusPharma.com,
"Salesforce, Inc.",Salesforce Inc,salesforce.com,https://investor.salesforce.com/overview/default.aspx,investor@salesforce.com,https://www.salesforce.com/company/contact-us/?bc=OTH,,
"Sally Beauty Holdings, Inc.",Sally Beauty Holdings Inc,sallybeautyholdings.com,https://www.sallybeautyholdings.com/investor-relations/investor-overview,,https://www.sallybeautyholdings.com/contact-us,,
Samsara Inc.,Samsara Inc,samsara.com,https://investors.samsara.com/stock-info/default.aspx,,https://www.samsara.com/company/contact,partners@samsara.com,
Sanara MedTech Inc.,Sanara Medtech Inc,,,,,,
"Sarepta Therapeutics, Inc.",Sarepta Therapeutics Inc,sareptatherapeutics.ch,https://www.sareptatherapeutics.ch/,,https://www.sareptatherapeutics.ch/about-us/contact-us,medinfo@sarepta.com,
Savara Inc,Savara Inc,savarapharma.com,https://savarapharma.com/investors/press-releases/,ir@savarapharma.com,https://savarapharma.com/contact/,info@savarapharma.com,
"Savers Value Village, Inc.",Savers Value Village Inc,valuevillage.com,https://www.valuevillage.com/partners,,https://www.valuevillage.com/about-us.,,
"Schneider National, Inc.",Schneider National Inc,schneider.com,https://investors.schneider.com/financial/,,https://schneider.com/contact-us/carrier/thank-you,,
Scholar Rock Holding Corp,Scholar Rock Holding Corp,scholarrock.com,https://investors.scholarrock.com/investors-media/investor-faqs/,,https://scholarrock.com/contact-us/,,
"Schrodinger, Inc.",Schrodinger Inc,schrodinger.com,https://ir.schrodinger.com/press-releases/default.aspx,IR@schrodinger.com,https://www.schrodinger.com/salespolicies/,orders@schrodinger.com,
Science Applications International Corp,Science Applications International Corp,,,,,,
"Scienture Holdings, Inc.",Scienture Holdings Inc,scientureholdings.com,https://scientureholdings.com/,,https://scientureholdings.com/,,
Scilex Holding Co,Scilex Holding Co,scilexholding.com,https://www.scilexholding.com/investors/overview,info@scilexholding.com,https://www.scilexholding.com/contact-us,info@scilexholding.com,
"Scorpius Holdings, Inc.",Scorpius Holdings Inc,scorpiusbiologics.com,https://ir.scorpiusbiologics.com/,ir@scorpiusbiologics.com,https://ir.scorpiusbiologics.com/,SCPX@crescendo-ir.com,
SeaStar Medical Holding Corp,Seastar Medical Holding Corp,seastarmedical.com,https://investors.seastarmedical.com/resources/investor-faq/default.aspx,,https://seastarmedical.com/contact/,info@seastarmed.com,
Seagate Technology Holdings plc,Seagate Technology Holdings PLC,seagate.com,https://investors.seagate.com/,,https://www.seagate.com/contacts/,data.protection.officer@seagate.com,
Seaport Entertainment Group Inc.,Seaport Entertainment Group Inc,seaportentertainment.com,https://ir.seaportentertainment.com/,ir@seaportentertainment.com,https://www.seaportentertainment.com/,,
SecureWorks Corp,Secureworks Corp,secureworks.com,https://www.secureworks.com/,u003eunsubscribe@sophos.com,https://www.secureworks.com/customer-support,u003esecurity-alert@sophos.com,
"Securetech Innovations, Inc.",Securetech Innovations Inc,securetechinnovations.com,https://securetechinnovations.com/,ir@securetechinnovations.com,https://securetechinnovations.com/,info@securetechinnovations.com,
"Seer, Inc.",Seer Inc,seer-corp.com,https://ir.seer-corp.com/,receptionist@seer-corp.com,https://seer-corp.com/,receptionist@seer-corp.com,
"Select Water Solutions, Inc.",Select Water Solutions Inc,selectwater.com,https://investors.selectwater.com/,ir@selectwater.com,https://www.selectwater.com/contact-us/,hr@selectwater.com,
"SelectQuote, Inc.",Selectquote Inc,selectquote.com,https://ir.selectquote.com/financials/quarterly-results/default.aspx,,https://www.selectquote.com/contact-us,donotcall@selectquote.com,
SemiLEDs Corp,Semileds Corp,semileds.com,https://www.semileds.com/investors,investor@semileds.com,https://www.semileds.com/,sales@semileds.com,
"SenesTech, Inc.",Senestech Inc,senestech.com,https://senestech.com/,,https://senestech.com/pages/contact-new,mark.shearer@senestech.com,
Senmiao Technology Ltd,Senmiao Technology Ltd,coltd.hk,https://coltd.hk/company-77218692-details.htm,,https://coltd.hk/company-77218692-details.htm,,
Sensata Technologies Holding plc,Sensata Technologies Holding PLC,,,,,,
"Sensei Biotherapeutics, Inc.",Sensei Biotherapeutics Inc,senseibio.com,https://www.senseibio.com/,info@senseibio.com,https://www.senseibio.com/,info@senseibio.com,
"Senseonics Holdings, Inc.",Senseonics Holdings Inc,senseonics.com,https://www.senseonics.com/investor-relations,,https://www.senseonics.com/,,
"Sensus Healthcare, Inc.",Sensus Healthcare Inc,sensushealthcare.com,https://sensushealthcare.com/investors/,ahulme@mediqinc.com,https://sensushealthcare.com/contact/,ahulme@mediqinc.com,
"Senti Biosciences, Inc.",Senti Biosciences Inc,,,,,,
"SentinelOne, Inc.",Sentinelone Inc,sentinelone.com,https://investors.sentinelone.com/press-releases/default.aspx,,https://www.sentinelone.com/contact/,,
"Septerna, Inc.",Septerna Inc,septerna.com,https://ir.septerna.com/news-releases/news-release-details/septerna-provides-corporate-overview-and-reports-fourth-quarter,,https://www.septerna.com/contact/,info@septerna.com,
"Serina Therapeutics, Inc.",Serina Therapeutics Inc,,,,,,
Seritage Growth Properties,Seritage Growth Properties,seritage.com,https://ir.seritage.com/corporate-profile/default.aspx,IR@Seritage.com,https://www.seritage.com/,,
Serve Robotics Inc. /DE/,Serve Robotics Inc,serverobotics.com,https://investors.serverobotics.com/ir-resources/investor-faqs,,https://www.serverobotics.com/contact,investor.relations@serverobotics.com,
Service Properties Trust,Service Properties Trust,,,,,,
"ServiceNow, Inc.",Servicenow Inc,,,,,,
"ServiceTitan, Inc.",Servicetitan Inc,servicetitan.com,https://investors.servicetitan.com/news-releases/news-release-details/servicetitan-announces-fiscal-second-quarter-financial-results,,https://www.servicetitan.com/,,
"ServisFirst Bancshares, Inc.",Servisfirst Bancshares Inc,servisfirstbancshares.com,https://www.servisfirstbancshares.com/,dmange@servisfirstbank.com,https://www.servisfirstbancshares.com/,dmange@servisfirstbank.com,
Seven Hills Realty Trust,Seven Hills Realty Trust,alyeskaresort.com,https://www.alyeskaresort.com/seven-glaciers/,FnBHost@alyeskaresort.com,https://www.alyeskaresort.com/seven-glaciers/,FnBHost@alyeskaresort.com,
Sezzle Inc.,Sezzle Inc,sezzle.com,https://investors.sezzle.com/,investorrelations@sezzle.com,https://shopper-help.sezzle.com/hc/en-us/articles/360059976472-How-do-I-contact-Sezzle-Shopper-Support,,
Shake Shack Inc.,Shake Shack Inc,shakeshack.com,https://investor.shakeshack.com/financials/annual-reports/default.aspx,,https://shakeshack.com/,,
"Shapeways Holdings, Inc.",Shapeways Holdings Inc,shapeways.com,https://www.shapeways.com/,,https://www.shapeways.com/contact,,
"SharpLink Gaming, Inc.",Sharplink Gaming Inc,sharplink.com,https://investors.sharplink.com/,ir@sharplink.com,https://www.sharplink.com/connect,info@sharplink.com,
Sharps Technology Inc.,Sharps Technology Inc,sharpstechnology.com,https://www.sharpstechnology.com/investors,ir@sharpstechnology.com,https://www.sharpstechnology.com/contact,ir@sharpstechnology.com,
"Shattuck Labs, Inc.",Shattuck Labs Inc,shattucklabs.com,https://ir.shattucklabs.com/overview/default.aspx,InvestorRelations@shattucklabs.com,https://www.shattucklabs.com/,,
Shepherd Ave Capital Acquisition Corp,Shepherd Ave Capital Acquisition Corp,renaissancecapital.com,https://www.renaissancecapital.com/IPO-Center/News/105847/SPAC-Shepherd-Ave-Capital-Acquisition-files-for-a-$75-million-IPO,,https://www.renaissancecapital.com/IPO-Center/News/108068/SPAC-Shepherd-Ave-Capital-Acquisition-prices-$75-million-IPO,,
"Shift4 Payments, Inc.",Shift4 Payments Inc,shift4.com,https://investors.shift4.com/,investors@shift4.com,https://www.shift4.com/,,
Shimmick Corp,Shimmick Corp,shimmick.com,https://www.shimmick.com/,,https://www.shimmick.com/contact-us/,,
"Shoals Technologies Group, Inc.",Shoals Technologies Group Inc,shoals.com,https://investors.shoals.com/overview/default.aspx,investors@shoals.com,https://shoals.com/en/contact-us/,cropped-Artboard-1@4x-32x32.png,
ShoulderUP Technology Acquisition Corp.,Shoulderup Technology Acquisition Corp,globenewswire.com,https://www.globenewswire.com/news-release/2025/04/22/3065972/0/en/ShoulderUp-Technology-Acquisition-Corp-Announces-Proposed-7-Million-PIPE-and-ELOC.html,,https://www.globenewswire.com/news-release/2025/04/22/3065972/0/en/ShoulderUp-Technology-Acquisition-Corp-Announces-Proposed-7-Million-PIPE-and-ELOC.html,,
"Shutterstock, Inc.",Shutterstock Inc,,,,,,
"Shuttle Pharmaceuticals Holdings, Inc.",Shuttle Pharmaceuticals Holdings Inc,shuttlepharma.com,https://shuttlepharma.com/investor-relations/,info@vstocktransfer.com,https://shuttlepharma.com/contact/,info@shuttlepharma.com,
"SideChannel, Inc.",Sidechannel Inc,sidechannel.com,https://investors.sidechannel.com/,ir@sidechannel.com,https://sidechannel.com/contact-us/,info@sidechannel.com,
Sidus Space Inc.,Sidus Space Inc,sidusspace.com,https://investors.sidusspace.com/,info@sidusspace.com,https://sidusspace.com/,info@sidusspace.com,
"Sight Sciences, Inc.",Sight Sciences Inc,sightsciences.com,https://www.sightsciences.com/us/sight-sciences-reports-first-quarter-2025-financial-results-and-reaffirms-full-year-2025-revenue-guidance/,investor.relations@sightsciences.com,https://www.sightsciences.com/us/,,
"Signing Day Sports, Inc.",Signing Day Sports Inc,signingdaysports.com,https://ir.signingdaysports.com/,logo_signing_day-sports_white_yellow@2x.png,https://signingdaysports.com/contact/,help@signingdaysports.com,
"Sigyn Therapeutics, Inc.",Sigyn Therapeutics Inc,sigyntherapeutics.com,https://www.sigyntherapeutics.com/investors,info@vstocktransfer.com,https://www.sigyntherapeutics.com/contact,,
"Sila Realty Trust, Inc.",Sila Realty Trust Inc,silarealtytrust.com,https://silarealtytrust.com/,,https://silarealtytrust.com/contact-us/,,
Silexion Therapeutics Corp,Silexion Therapeutics Corp,silexion.com,https://silexion.com/,,https://silexion.com/,,
"Silo Pharma, Inc.",Silo Pharma Inc,silopharma.com,https://ir.silopharma.com/,investors@silopharma.com,https://silopharma.com/contact-us/,,
"Silvaco Group, Inc.",Silvaco Group Inc,silvaco.com,https://investors.silvaco.com/stock-information,,https://silvaco.com/corporate/contact-us/,info@icmic.com,
SilverBox Corp IV,Silverbox Corp IV,sbcap.com,https://www.sbcap.com/silverbox-corp-iv/,info@sbcap.com,https://www.sbcap.com/silverbox-corp-iv/,info@sbcap.com,
Simply Good Foods Co,Simply Good Foods Co,,,,,,
"Simpson Manufacturing Co., Inc.",Simpson Manufacturing Co Inc,simpsonmfg.com,https://ir.simpsonmfg.com/home/default.aspx,,https://ir.simpsonmfg.com/resources/contact-information/default.aspx,,
SinglePoint Inc.,Singlepoint Inc,singlepoint.com,https://singlepoint.com/contact-us/,investors@singlepoint.com,https://singlepoint.com/contact-us/,info@singlepoint.com,
"Singular Genomics Systems, Inc.",Singular Genomics Systems Inc,singulargenomics.com,https://www.singulargenomics.com/,care@singulargenomics.com,https://www.singulargenomics.com/contact-us,info@singulargenomics.com,
Singularity Future Technology Ltd.,Singularity Future Technology Ltd,singularity.us,https://www.singularity.us/,inquiry@singularity.us,https://www.singularity.us/,inquiry@singularity.us,
Sino Green Land Corp.,Sino Green Land Corp,otcmarkets.com,https://www.otcmarkets.com/stock/SGLA/profile,,https://www.otcmarkets.com/stock/SGLA/security,,
"SiteOne Landscape Supply, Inc.",Siteone Landscape Supply Inc,siteone.com,https://investors.siteone.com/,,https://investors.siteone.com/contact-us,,
Six Flags Entertainment Corporation/NEW,Six Flags Entertainment Corporation/new,sixflags.com,https://investors.sixflags.com/news/press-releases/default.aspx,,https://www.sixflags.com/contact-us,,
"Sixth Street Specialty Lending, Inc.",Sixth Street Specialty Lending Inc,sixthstreetspecialtylending.com,https://sixthstreetspecialtylending.com/?portfolios=ems-linq-inc,,https://sixthstreetspecialtylending.com/?portfolios=ems-linq-inc,,
Skillsoft Corp.,Skillsoft Corp,,,,,,
Skillz Inc.,Skillz Inc,skillzinc.com,https://skillzinc.com/,info@skillzinc.com,https://skillzinc.com/en/,info@skillzinc.com,
"Skkynet Cloud Systems, Inc.",Skkynet Cloud Systems Inc,,,,,,
Sky Harbour Group Corp,Sky Harbour Group Corp,skyharbour.group,https://ir.skyharbour.group/news/default.aspx,,https://skyharbour.group/,info@skyharbour.group,
Sky Quarry Inc.,Sky Quarry Inc,skyquarry.com,https://skyquarry.com/,,https://skyquarry.com/,,
"SkyWater Technology, Inc",Skywater Technology Inc,skywatertechnology.com,https://ir.skywatertechnology.com/,,https://www.skywatertechnology.com/contact-us/,blake.anderson@skywatertechnology.com,
"Skye Bioscience, Inc.",Skye Bioscience Inc,skyebioscience.com,https://ir.skyebioscience.com/,shareholder@broadridge.com,https://skyebioscience.com/contact/,info@skyebioscience.com,
"Skyward Specialty Insurance Group, Inc.",Skyward Specialty Insurance Group Inc,skywardinsurance.com,https://investors.skywardinsurance.com/press-releases?page=1,,https://skywardinsurance.com/,alliedHealth_image_v1_1@2x-2.png,
Slam Corp.,Slam Corp,,,,,,
Smart Powerr Corp.,Smart Powerr Corp,smartpowerco.com,https://smartpowerco.com/about-us/,,https://smartpowerco.com/,frank@smartpowerco.com,
"Smart Sand, Inc.",Smart Sand Inc,smartsand.com,https://ir.smartsand.com/,,https://smartsand.com/contact/,rwhelan@smartsand.com,
"SmartKem, Inc.",Smartkem Inc,smartkem.com,https://ir.smartkem.com/,s.kirkwood@smartkem.com,https://www.smartkem.com/contact/,,
"SmartRent, Inc.",Smartrent Inc,smartrent.com,https://investors.smartrent.com/resources/investor-faqs/default.aspx,,https://smartrent.com/contact-smartrent/,,
"SmartStop Self Storage REIT, Inc.",Smartstop Self Storage REIT Inc,smartstopselfstorage.com,https://investors.smartstopselfstorage.com/overview/default.aspx,ir@smartstop.com,https://smartstopselfstorage.com/support/contact-us,,
Smith Douglas Homes Corp.,Smith Douglas Homes Corp,smithdouglas.com,https://investors.smithdouglas.com/events-and-presentations/default.aspx,,https://www.smithdouglas.com/contact-us,cmclientsupport@wellsfargo.com.This,
"Snail, Inc.",Snail Inc,snail.com,"https://investor.snail.com/news-events/news-releases?page=0,0",,https://investor.snail.com/static-files/06649854-62f8-4ac6-80db-1fce8cc546cb,,
Snowflake Inc.,Snowflake Inc,,,,,,
"SoFi Technologies, Inc.",Sofi Technologies Inc,,,,,,
Soho House & Co Inc.,Soho House & Co Inc,,,,,,
"SolarMax Technology, Inc.",Solarmax Technology Inc,solarmaxtech.com,https://solarmaxtech.com/,,https://solarmaxtech.com/,,
"SolarWindow Technologies, Inc.",Solarwindow Technologies Inc,solarwindow.com,https://www.solarwindow.com/investors/,info@solarwindow.com,https://www.solarwindow.com/,Asset-2@2x-75x75.png,
SolarWinds Corp,Solarwinds Corp,solarwinds.com,https://investors.solarwinds.com/news/news-details/2024/SolarWinds-Receives-Global-Recognitions-for-Powerful-IT-Management-Solutions-and-Industry-Excellence/default.aspx,,https://support.solarwinds.com/SuccessCenter/s/customer-service?language=en_US,bg-info@2x.png,
"Solaris Energy Infrastructure, Inc.",Solaris Energy Infrastructure Inc,solaris-energy.com,https://ir.solaris-energy.com/,,https://www.solaris-energy.com/contact-us,info@solaris-energy.com,
Solid Biosciences Inc.,Solid Biosciences Inc,solidbio.com,https://investors.solidbio.com/news-and-events/press-releases,,https://www.solidbio.com/contact-us/,businessdevelopment@www.solidbio.com,
"Solid Power, Inc.",Solid Power Inc,,,,,,
Solidion Technology Inc.,Solidion Technology Inc,solidiontech.com,https://ir.solidiontech.com/,,https://www.solidiontech.com/contact-us,sales@solidiontech.com,
"Solo Brands, Inc.",Solo Brands Inc,solobrands.com,https://investors.solobrands.com/financials/quarterly-results/default.aspx,,https://solobrands.com/contact,user@domain.com,
"Soluna Holdings, Inc",Soluna Holdings Inc,solunacomputing.com,https://www.solunacomputing.com/investors/,ir@soluna.io,https://www.solunacomputing.com/contact/,hello@soluna.io,
Solventum Corp,Solventum Corp,solventum.com,https://investors.solventum.com/,investors@solventum.com,https://www.solventum.com/en-us/home/our-company/contact-us/,news@solventum.com,
Sonder Holdings Inc.,Sonder Holdings Inc,sonder.com,https://investors.sonder.com/media-page,,https://www.sonder.com/contact-info,reservations@sonder.com,
"Sonendo, Inc.",Sonendo Inc,sonendo.com,https://sonendo.com/press-releases,info@sonendo.com,https://sonendo.com/,info@sonendo.com,
"Sonnet BioTherapeutics Holdings, Inc.",Sonnet Biotherapeutics Holdings Inc,sonnetbio.com,https://www.sonnetbio.com/investors,SONN@jtcir.com,https://www.sonnetbio.com/,,
"Sonoma Pharmaceuticals, Inc.",Sonoma Pharmaceuticals Inc,,,,,,
Sonos Inc,Sonos Inc,sonos.com,https://investors.sonos.com/investors/default.aspx,,https://www.sonos.com/en/trades/connect,tplassman@wrayward.com,
Sotera Health Co,Sotera Health Co,soterahealth.com,https://investors.soterahealth.com/annual-reports,,https://soterahealth.com/contact/,,
"Sound Financial Bancorp, Inc.",Sound Financial Bancorp Inc,soundcb.com,https://investor.soundcb.com/corporate-information/corporate-profile/default.aspx,,https://www.soundcb.com/,,
"Sound Point Meridian Capital, Inc.",Sound Point Meridian Capital Inc,,,,,,
SouthState Corp,Southstate Corp,,,,,,
"Southern States Bancshares, Inc.",Southern States Bancshares Inc,southernstatesbank.net,https://ir.southernstatesbank.net/,,https://ir.southernstatesbank.net/search/,,
"Southland Holdings, Inc.",Southland Holdings Inc,,,,,,
Southport Acquisition Corp,Southport Acquisition Corp,cityofsouthport.com,https://cityofsouthport.com/wp-content/uploads/2025/03/Southport-2024-Audit-Final.pdf,rS@G.jw,https://cityofsouthport.com/,,
"Southwest Gas Holdings, Inc.",Southwest Gas Holdings Inc,,,,,,
Sow Good Inc.,Sow Good Inc,sowginc.com,https://sowginc.com/overview/,ir@sowginc.com,https://sowginc.com/,ir@sowginc.com,
Spark I Acquisition Corp,Spark I Acquisition Corp,spark1ac.com,https://www.spark1ac.com/,1eeb89147c984dc6bc3ffafd9e6cd089@sentry.wixpress.com,https://www.spark1ac.com/,info@spark1ac.com,
SpartanNash Co,Spartannash Co,spartannash.com,https://corporate.spartannash.com/investor-relations,press@spartannash.com,https://www.spartannash.com/contact/,,
Spectaire Holdings Inc.,Spectaire Holdings Inc,spectaire.com,https://www.spectaire.com/,contact@spectaire.com,https://www.spectaire.com/,contact@spectaire.com,
"Spectral AI, Inc.",Spectral AI Inc,spectral-ai.com,https://www.spectral-ai.com/press-releases/,,https://www.spectral-ai.com/about/contact/,,
"Spectrum Brands Holdings, Inc.",Spectrum Brands Holdings Inc,spectrumbrands.com,https://investor.spectrumbrands.com/,,https://investor.spectrumbrands.com/investor-relations/,,
"Spero Therapeutics, Inc.",Spero Therapeutics Inc,sperotherapeutics.com,https://www.sperotherapeutics.com/investor-relations,IR@sperotherapeutics.com,https://www.sperotherapeutics.com/about-us/contact-us,IR@sperotherapeutics.com,
Sphere 3D Corp.,Sphere 3D Corp,producersphere.com,https://www.producersphere.com/category/plugins/,george@producersphere.com,https://www.producersphere.com/tag/lofi-sample-packs/,george@producersphere.com,
Sphere Entertainment Co.,Sphere Entertainment Co,sphereentertainmentco.com,https://investor.sphereentertainmentco.com/press-releases/default.aspx,,https://investor.sphereentertainmentco.com/information-request/integrity-hotline/default.aspx,,
"Spire Global, Inc.",Spire Global Inc,spire.com,https://ir.spire.com/?trk=organization-update_share-update_update-text,legal@spire.com,https://ir.spire.com/sec-filings/all-sec-filings/content/0000950170-25-047695/0000950170-25-047695.pdf,,
"Spirit AeroSystems Holdings, Inc.",Spirit Aerosystems Holdings Inc,spiritaero.com,https://investor.spiritaero.com/corporate-profile/default.aspx,,https://www.spiritaero.com/company/global-locations-contacts/,investorrelations@spiritaero.com,
"Spirit Airlines, Inc.",Spirit Airlines Inc,spirit.com,https://ir.spirit.com/,investorrelations@spirit.com,https://customersupport.spirit.com/en-US/,,
"Spok Holdings, Inc",Spok Holdings Inc,spok.com,https://investors.spok.com/,,https://www.spok.com/,,
Spring Valley Acquisition Corp. II,Spring Valley Acquisition Corp II,spring.io,https://spring.io/blog/2009/08/10/springsource-chapter-two,,https://spring.io/,,
"SpringBig Holdings, Inc.",Springbig Holdings Inc,springbig.com,https://investors.springbig.com/ir-resources/contact-ir,,https://springbig.com/,support@springbig.com,
"SpringWorks Therapeutics, Inc.",Springworks Therapeutics Inc,,,,,,
"Sprinklr, Inc.",Sprinklr Inc,sprinklr.com,https://investors.sprinklr.com/corporate-governance/leadership-team,,https://www.sprinklr.com/contact-us/,pr@sprinklr.com,
"Sprout Social, Inc.",Sprout Social Inc,sproutsocial.com,https://investors.sproutsocial.com/events-and-presentations/default.aspx,,https://sproutsocial.com/contact-us/,info@sproutsocial.com,
"Sprouts Farmers Market, Inc.",Sprouts Farmers Market Inc,sprouts.com,https://investors.sprouts.com/stock-info/default.aspx,,https://www.sprouts.com/contact/,,
"Stabilis Solutions, Inc.",Stabilis Solutions Inc,stabilis-solutions.com,https://investors.stabilis-solutions.com/,info@stabilis-solutions.com,https://stabilis-solutions.com/contact-us/,info@stabilis-solutions.com,
"Staffing 360 Solutions, Inc.",Staffing 360 Solutions Inc,,,,,,
Stagwell Inc,Stagwell Inc,stagwellglobal.com,https://www.stagwellglobal.com/investors/,IR@STAGWELLGLOBAL.COM,https://www.stagwellglobal.com/,hello@stagwellglobal.com,
"StandardAero, Inc.",Standardaero Inc,standardaero.com,https://standardaero.com/,,https://standardaero.com/aboutus/contactus/,,
Star Alliance International Corp.,Star Alliance International Corp,staralliancemines.com,https://staralliancemines.com/,,https://staralliancemines.com/,,
Star Holdings,Star Holdings,starholdingsco.com,https://www.starholdingsco.com/ir-resources/contact-us,,https://www.starholdingsco.com/corporate-governance/governance-overview,,
"Starco Brands, Inc.",Starco Brands Inc,starcobrands.com,https://starcobrands.com/,,https://starcobrands.com/contact,Info@Northequities.com,
"Stellar Bancorp, Inc.",Stellar Bancorp Inc,,,,,,
Stemtech Corp,Stemtech Corp,stemtech.com,https://stemtech.com/us/en/Company/Investors,,https://www.stemtech.com/us/Company/Contact,,
StepStone Group Inc.,Stepstone Group Inc,stepstonegroup.com,https://www.stepstonegroup.com/department/investor-relations/,,https://www.stepstonegroup.com/contact-us/,,
"Stereotaxis, Inc.",Stereotaxis Inc,stereotaxis.com,https://www.stereotaxis.com/about-us/,info@stereotaxis.com,https://www.stereotaxis.com/legal/,info@stereotaxis.com,
"Sterling Bancorp, Inc.",Sterling Bancorp Inc,sterlingbank.com,https://investors.sterlingbank.com/,,https://www.sterlingbank.com/customer-service,,
Stimcell Energetics Inc.,Stimcell Energetics Inc,stimcell.com,https://stimcell.com/,info@stimcell.com,https://stimcell.com/,info@stimcell.com,
"Stitch Fix, Inc.",Stitch Fix Inc,theglobeandmail.com,https://www.theglobeandmail.com/investing/markets/stocks/SFIX/pressreleases/35393496/sfix-investors-have-opportunity-to-join-stitch-fix-inc-fraud-investigation-with-the-schall-law-firm/,publiceditor@globeandmail.com,https://www.theglobeandmail.com/investing/markets/stocks/SFIX/pressreleases/35393528/stitch-fix-inc-investigated-for-securities-fraud-violations-contact-the-djs-law-group-to-discuss-your-rights-sfix/,publiceditor@globeandmail.com,
"Stock Yards Bancorp, Inc.",Stock Yards Bancorp Inc,stockanalysis.com,https://stockanalysis.com/,,https://stockanalysis.com/stocks/sybt/,,
"Stoke Therapeutics, Inc.",Stoke Therapeutics Inc,stoketherapeutics.com,https://investor.stoketherapeutics.com/investor-relations,,https://www.stoketherapeutics.com/contact-us/,info@stoketherapeutics.com,
"Stran & Company, Inc.",Stran & Company Inc,stran.com,https://ir.stran.com/,strn@crescendo-ir.com,https://www.stran.com/contact,,
"Strategic Environmental & Energy Resources, Inc.",Strategic Environmental & Energy Resources Inc,merriam-webster.com,https://www.merriam-webster.com/dictionary/energy,icon_cite_active@2x.png,https://www.merriam-webster.com/dictionary/strategic,icon_cite_active@2x.png,
"Strategic Realty Trust, Inc.",Strategic Realty Trust Inc,,,,,,
"Strategic Student & Senior Housing Trust, Inc.",Strategic Student & Senior Housing Trust Inc,strategicreit.com,https://strategicreit.com/products,info@StrategicREIT.com,https://strategicreit.com/wp-content/uploads/2025/01/f8937-SSHT-2024-Class-A-01.14.25-signed.pdf,,
"Stride, Inc.",Stride Inc,strideinc.com,https://www.strideinc.com/,info@stridewrite.com,https://www.strideinc.com/contact-us,info@stridewrite.com,
"Stronghold Digital Mining, Inc.",Stronghold Digital Mining Inc,strongholdkingdoms.com,https://www.strongholdkingdoms.com/,,https://www.strongholdkingdoms.com/,,
Structure Therapeutics Inc.,Structure Therapeutics Inc,,,,,,
"Summit Hotel Properties, Inc.",Summit Hotel Properties Inc,hotel-online.com,https://www.hotel-online.com/press_releases/release/summit-hotel-properties-acquires-residence-inn-scottsdale-north-for-29-million/,info@hotel-online.com,https://www.hotel-online.com/news/summit-hotel-properties-names-william-trey-h-conkling-executive-vice-president-and-chief-financial-officer,info@hotel-online.com,
"Summit Materials, Inc.",Summit Materials Inc,summit-materials.com,https://summit-materials.com/summit-merger/,,https://summit-materials.com/contact-us/,,
Summit Midstream Corp,Summit Midstream Corp,summitmidstream.com,https://summitmidstream.com/,,https://summitmidstream.com/contact,info@summitmidstream.com,
Summit Networks Inc.,Summit Networks Inc,reddit.com,https://www.reddit.com/r/KusuriyaNoHitorigoto/comments/17ycsm1/maomao_and_jinshi_relationship_spoiler/,9f057df6115a4bb488c08ea12a835e6e@o418887.ingest.sentry.io,https://www.reddit.com/r/amazonprime/comments/1j932z3/protip_if_you_need_to_actually_call_amazon/,jeff@amazon.com,
Summit Therapeutics Inc.,Summit Therapeutics Inc,seekingalpha.com,https://seekingalpha.com/article/4831250-summit-therapeutics-inc-smmt-q3-2025-earnings-call-transcript,,https://seekingalpha.com/article/4831250-summit-therapeutics-inc-smmt-q3-2025-earnings-call-transcript,,
"Sun Country Airlines Holdings, Inc.",Sun Country Airlines Holdings Inc,suncountry.com,https://ir.suncountry.com/news-events/news-releases,,https://ir.suncountry.com/static-files/157509d3-8a97-47d5-a8f0-0c0ff554bb43,,
"SunCoke Energy, Inc.",Suncoke Energy Inc,suncoke.com,https://www.suncoke.com/en/investors/overview,,https://www.suncoke.com/en/about-us/contact/corporate-contact,,
SunOpta Inc.,Sunopta Inc,sunopta.com,https://investor.sunopta.com/,,https://www.sunopta.com/,info@sunopta.com,
Sunnova Energy International Inc.,Sunnova Energy International Inc,sunnova.com,https://investors.sunnova.com/HOME/DEFAULT.ASPX,,https://account.sunnova.com/contact,,
Sunoco LP,Sunoco LP,sunoco.com,https://www.sunoco.com/contact-us,,https://www.sunoco.com/contact-us,,
"Sunrise Realty Trust, Inc.",Sunrise Realty Trust Inc,sunriserealtytrust.com,https://sunriserealtytrust.com/,ir@theTCG.com,https://sunriserealtytrust.com/,ir@theTCG.com,
Sunrun Inc.,Sunrun Inc,sunrun.com,https://investors.sunrun.com/,investors@sunrun.com,https://www.sunrun.com/,,
Sunshine Biopharma Inc.,Sunshine Biopharma Inc,sunshinebiopharma.com,https://sunshinebiopharma.com/,info@sunshinebiopharma.com,https://sunshinebiopharma.com/,info@sunshinebiopharma.com,
"Sunstock, Inc.",Sunstock Inc,otcmarkets.com,https://www.otcmarkets.com/stock/SSOK/profile,,https://www.otcmarkets.com/stock/SSOK/overview,,
"Sunstone Hotel Investors, Inc.",Sunstone Hotel Investors Inc,,,,,,
"Sunworks, Inc.",Sunworks Inc,,,,,,
"Super League Enterprise, Inc.",Super League Enterprise Inc,superleague.com,https://ir.superleague.com/,press@superleague.com,https://www.superleague.com/contact,8c4075d5481d476e945486754f783364@sentry.io,
"Super Micro Computer, Inc.",Super Micro Computer Inc,,,,,,
"SurgePays, Inc.",Surgepays Inc,surgepays.com,https://ir.surgepays.com/,,https://ir.surgepays.com/,,
"Surgery Partners, Inc.",Surgery Partners Inc,surgerypartners.com,https://surgerypartners.com/,home-investors@2x.jpg,https://surgerypartners.com/,home-investors@2x.jpg,
"Surrozen, Inc./DE",Surrozen Inc./de,surrozen.com,https://investors.surrozen.com/financial-information/sec-filings,,https://www.surrozen.com/company/contact-us,,
SusGlobal Energy Corp.,Susglobal Energy Corp,susglobalenergy.com,https://investor.susglobalenergy.com/,info@susglobalenergy.com,https://susglobalenergy.com/contact,info@susglobalenergy.com,
"Sustainable Green Team, Ltd.",Sustainable Green Team Ltd,otcmarkets.com,https://www.otcmarkets.com/stock/SGTM/news?id=456898,,https://www.otcmarkets.com/stock/SGTM/profile,,
Sustainable Projects Group Inc.,Sustainable Projects Group Inc,sustainable-group.com,https://sustainable-group.com/,,https://sustainable-group.com/,,
"Sweetgreen, Inc.",Sweetgreen Inc,sweetgreen.com,https://www.sweetgreen.com/menu/,,https://careers.sweetgreen.com/faq/can-i-contact-a-store-directly-,,
Swiftmerge Acquisition Corp.,Swiftmerge Acquisition Corp,otcmarkets.com,https://www.otcmarkets.com/stock/IVCPU/profile,,https://www.otcmarkets.com/stock/IVCPW/profile,,
Symbotic Inc.,Symbotic Inc,symbotic.com,https://www.symbotic.com/,favicon@3x.png,https://www.symbotic.com/contact/,favicon@3x.png,
"Synaptogenix, Inc.",Synaptogenix Inc,chaincatcher.com,https://www.chaincatcher.com/en/tags/synaptogenix,,https://www.chaincatcher.com/en/article/2188376,,
Synchrony Financial,Synchrony Financial,synchrony.com,https://www.synchrony.com/,main_logo@0.5x.png,https://www.synchrony.com/help/contact-us,,
Syndax Pharmaceuticals Inc,Syndax Pharmaceuticals Inc,globaldata.com,https://www.globaldata.com/store/report/syndax-pharmaceuticals-inc-revumenib-npv-drug-analysis-381479/,reportstore@globaldata.com,https://www.globaldata.com/company-profile/syndax-pharmaceuticals-inc/,,
Synergy CHC Corp.,Synergy CHC Corp,synergychc.com,https://investors.synergychc.com/,info@synergychc.com,https://synergychc.com/,,
Syra Health Corp,Syra Health Corp,syrahealth.com,https://ir.syrahealth.com/,shamsian@lythampartners.com,https://www.syrahealth.com/contact-us,info@syrahealth.com,
"Syros Pharmaceuticals, Inc.",Syros Pharmaceuticals Inc,,,,,,
"System1, Inc.",System1 Inc,system1inc.com,https://system1inc.com/,knash@system1inc.com,https://system1inc.com/contact/,knash@system1inc.com,
T Stamp Inc,T Stamp Inc,stamps-maker.com,,,https://stamps-maker.com/,support@stamps-maker.com,
"T-Mobile US, Inc.",T-Mobile US Inc,t-mobile.com,https://investor.t-mobile.com/overview/default.aspx,HelpAST@equiniti.com,https://investor.t-mobile.com/overview/,HelpAST@equiniti.com,
T-REX Acquisition Corp.,T-REX Acquisition Corp,trexacquisition.com,https://www.trexacquisition.com/,605a7baede844d278b89dc95ae0a9123@sentry-next.wixpress.com,https://www.trexacquisition.com/,info@t-rexminingsolutions.com,
"T2 Biosystems, Inc.",T2 Biosystems Inc,,,,,,
TABLE TRAC INC,Table TRAC Inc,casinotrac.com,https://www.casinotrac.com/news/table-trac-reports-2024-second-quarter-earnings,investorrelations@casinotrac.com,https://www.casinotrac.com/contact,info@casinotrac.com,
TACTILE SYSTEMS TECHNOLOGY INC,Tactile Systems Technology Inc,tactilemedical.com,https://investors.tactilemedical.com/news?mobile=1&page=1,,https://investors.tactilemedical.com/investor-contacts,,
TAITRON COMPONENTS INC,Taitron Components Inc,,,,,,
TAKE TWO INTERACTIVE SOFTWARE INC,TAKE TWO Interactive Software Inc,take2games.com,https://www.take2games.com/ir,contact@take2games.com,https://www.take2games.com/,,
TALOS ENERGY INC.,Talos Energy Inc,,,,,,
TANDEM DIABETES CARE INC,Tandem Diabetes CARE Inc,tandemdiabetes.com,https://investor.tandemdiabetes.com/?trk=article-ssr-frontend-pulse_little-text-block,,https://www.tandemdiabetes.com/en-ie/contact-tandem,,
TANDY LEATHER FACTORY INC,Tandy Leather Factory Inc,tandyleather.com,https://tandyleather.com/collections/tools,tlfhelp@tandyleather.com,https://tandyleather.com/,tlfhelp@tandyleather.com,
TANGER INC.,Tanger Inc,tanger.inc,https://investors.tanger.inc/,,https://www.tanger.inc/contact-us,info@tanger.com,
"TAPESTRY, INC.",Tapestry Inc,shoptapestryinc.com,https://shoptapestryinc.com/,,https://shoptapestryinc.com/,,
TARGET CORP,Target Corp,target.com,https://corporate.target.com/investors,,https://www.target.com/,,
TAUTACHROME INC.,Tautachrome Inc,otcmarkets.com,https://www.otcmarkets.com/stock/ttcm/profile,,https://www.otcmarkets.com/stock/TTCM/news,,
"TAYLOR DEVICES, INC.",Taylor Devices Inc,taylordevices.com,https://www.taylordevices.com/about-us/investors/,,https://www.taylordevices.com/contact-us/,,
"TC Bancshares, Inc.",TC Bancshares Inc,tcfederal.com,https://investors.tcfederal.com/,,https://investors.tcfederal.com/resources/investor-contacts/default.aspx,,
TC BioPharm (Holdings) plc,TC Biopharm Holdings PLC,tcbiopharm.com,https://ir.tcbiopharm.com/,IR@tcbiopharm.com,https://ir.tcbiopharm.com/,info@tcbiopharm.com,
TCW STRATEGIC INCOME FUND INC,TCW Strategic Income FUND Inc,tcw.com,https://www.tcw.com/en/Products/Closed-End-Fund,,https://www.tcw.com/Products/Closed-End-Fund,,
TD SYNNEX CORP,TD Synnex Corp,synnex365.com,https://synnex365.com/,,https://synnex365.com/,,
TE Connectivity plc,TE Connectivity PLC,mediaroom.com,,,https://teconnectivity.mediaroom.com/,,
TEAM INC,TEAM Inc,teaminc.com,http://investor.teaminc.com/,,https://psp.teaminc.com/contact-valve-solutions/,,
TECHPRECISION CORP,Techprecision Corp,,,,,,
TECOGEN INC.,Tecogen Inc,tecogen.com,https://www.tecogen.com/,,https://www.tecogen.com/,,
TEGNA INC,Tegna Inc,tegna.com,https://investors.tegna.com/node/5806,,https://www.tegna.com/contact-us/,verify.support@experian.com,
TEJON RANCH CO,Tejon Ranch Co,tejonranch.com,https://ir.tejonranch.com/financial-information/quarterly-results/,,https://tejonranch.com/,info@tejonranch.com,
"TELA Bio, Inc.",TELA Bio Inc,telabio.com,https://www.telabio.com/investors/,,https://www.telabio.com/,,
TELEDYNE TECHNOLOGIES INC,Teledyne Technologies Inc,teledyne.com,https://www.teledyne.com/investors/investor-information,,https://www.teledyne.com/en-us/it-helpdesk,,
TELEFLEX INC,Teleflex Inc,,,,,,
TELEPHONE & DATA SYSTEMS INC /DE/,Telephone & DATA Systems Inc,,,,,,
TELOS CORP,Telos Corp,telos.com,https://www.telos.com/,,https://www.telos.com/,,
"TEMPUR SEALY INTERNATIONAL, INC.",Tempur Sealy International Inc,tempursealy.com,https://www.tempursealy.com/newsroom/,8b949f51e1028b075f94884511169c1c@o19836.ingest.us.sentry.io,https://www.tempursealy.com/,8b949f51e1028b075f94884511169c1c@o19836.ingest.us.sentry.io,
"TENAX THERAPEUTICS, INC.",Tenax Therapeutics Inc,tenaxthera.com,https://investors.tenaxthera.com/ir-resources/investor-faqs,,https://tenaxthera.com/contact/,info@tenaxthera.com,
TENET HEALTHCARE CORP,Tenet Healthcare Corp,,,,,,
TENNANT CO,Tennant Co,tennantco.com,https://www.tennantco.com/en_us.html,,https://www.tennantco.com/en_us.html,,
TERADATA CORP /DE/,Teradata Corp,teradata.com,https://www.teradata.com/,industry-telco-498@2x.svg,https://www.teradata.com/about-us/contact,hr.support@teradata.com,
"TERADYNE, INC",Teradyne Inc,teradyne.com,https://investors.teradyne.com/,shareholder@broadridge.com,https://www.teradyne.com/,,
TERAWULF INC.,Terawulf Inc,terawulf.com,https://www.terawulf.com/,,https://www.terawulf.com/contact,,
TEREX CORP,Terex Corp,,,,,,
TETRA TECH INC,Tetra TECH Inc,tetratech.com,https://investor.tetratech.com/news/default.aspx,jim.wu@tetratech.com,https://investor.tetratech.com/news/news-details/2025/Tetra-Tech-Reports-Strong-Fourth-Quarter-and-Fiscal-2025-Results/default.aspx,,
TETRA TECHNOLOGIES INC,Tetra Technologies Inc,,,,,,
TEVA PHARMACEUTICAL INDUSTRIES LTD,TEVA Pharmaceutical Industries Ltd,,,,,,
TEXAS CAPITAL BANCSHARES INC/TX,Texas Capital Bancshares Inc/Tx,texascapitalbank.com,https://investors.texascapitalbank.com/press-releases/default.aspx,,https://texascapitalbank.com/helpful-information/contact-us,,
TEXAS INSTRUMENTS INC,Texas Instruments Inc,traveltexas.com,https://www.traveltexas.com/,Example@email.com,https://www.traveltexas.com/,Example@email.com,
"TFF Pharmaceuticals, Inc.",TFF Pharmaceuticals Inc,tffpharma.com,https://tffpharma.com/,TFF@vlpc.com,https://tffpharma.com/,TFF@vlpc.com,
TFS Financial CORP,TFS Financial Corp,tfsfinancial.com,https://www.tfsfinancial.com/,,https://www.tfsfinancial.com/contact-us/,contact@tfsfinancial.com,
"THERALINK TECHNOLOGIES, INC.",Theralink Technologies Inc,theralinkapp.com,https://theralinkapp.com/,,https://theralinkapp.com/,,
"THERAPEUTIC SOLUTIONS INTERNATIONAL, INC.",Therapeutic Solutions International Inc,therapeuticsolutionsint.com,https://therapeuticsolutionsint.com/1-2/,,https://therapeuticsolutionsint.com/1-2/,,
THOR INDUSTRIES INC,THOR Industries Inc,thorindustries.com,https://ir.thorindustries.com/,,https://ir.thorindustries.com/investor-resources/contact-information/default.aspx,,
THUMZUP MEDIA Corp,Thumzup Media Corp,,,,,,
TIDEWATER INC,Tidewater Inc,tidewater.com,https://www.tidewater.com/news,jennifer.riddle@tidewater.com,https://www.tidewater.com/contact-us,info@tidewater.com,
"TIGO ENERGY, INC.",TIGO Energy Inc,tigoenergy.com,https://investors.tigoenergy.com/news-events/news-releases?page=1,,https://www.tigoenergy.com/contacts,,
"TILE SHOP HOLDINGS, INC.",TILE SHOP Holdings Inc,tileshop.com,https://www.tileshop.com/,,https://investors.tileshop.com/news-releases/news-release-details/tile-shop-reports-fourth-quarter-and-full-year-2024-results,,
"TILLY'S, INC.",Tilly S Inc,,,,,,
TILT Holdings Inc.,TILT Holdings Inc,tiltholdings.com,https://investors.tiltholdings.com/,investors@tiltholdings.com,https://www.tiltholdings.com/contact,,
TIMBERLAND BANCORP INC,Timberland Bancorp Inc,timberlandbank.com,https://www.timberlandbank.com/,,https://www.timberlandbank.com/about/contact-us,,
TIMKEN CO,Timken Co,timkenstore.com,https://www.timkenstore.com/,,https://www.timkenstore.com/home?navbartype=Store&selectedcountry=USA&viewstore=true&selectedstore=Timken&bflag=false&selectedlanguage=English,,
TIPTREE INC.,Tiptree Inc,tiptreeinc.com,https://investors.tiptreeinc.com/,,https://www.tiptreeinc.com/contact-us/,,
TITAN INTERNATIONAL INC,Titan International Inc,titanintl.com,https://titanintl.com/,,https://titanintl.com/,,
TITAN PHARMACEUTICALS INC,Titan Pharmaceuticals Inc,titanpharm.com,https://ir.titanpharm.com/,header-logo@2x.png,https://www.titanpharm.com/contact,header-logo@2x.png,
TJX COMPANIES INC /DE/,TJX Companies Inc,finviz.com,https://finviz.com/news/229945/heres-what-boosted-the-tjx-companies-tjx-in-q3,,https://finviz.com/quote.ashx?t=TJX,,
"TKO Group Holdings, Inc.",TKO Group Holdings Inc,tkogrp.com,https://tkogrp.com/,investor@tkogrp.com,https://tkogrp.com/contact/,investor@tkogrp.com,
TMC the metals Co Inc.,TMC The Metals Co Inc,metals.co,https://investors.metals.co/investor-relations,,https://metals.co/,Rock_Composition@2x-1280x557.png,
TOFUTTI BRANDS INC,Tofutti Brands Inc,tofutti.com,https://www.tofutti.com/,info@tofutti.com,https://www.tofutti.com/,info@tofutti.com,
TOKEN COMMUNITIES LTD.,Token Communities Ltd,,,,,,
"TOMI Environmental Solutions, Inc.",TOMI Environmental Solutions Inc,tomimist.com,https://investor.tomimist.com/,info@tomimist.com,https://investor.tomimist.com/,info@tomimist.com,
TOMPKINS FINANCIAL CORP,Tompkins Financial Corp,tompkinsfinancialcorporation.com,,,https://tompkinsfinancialcorporation.com/,,
TORO CO,TORO Co,,,,,,
TORTOISE ENERGY INFRASTRUCTURE CORP,Tortoise Energy Infrastructure Corp,tortoisecapital.com,https://tortoisecapital.com/,info@tortoisecapital.com,https://cef.tortoisecapital.com/funds/tyg/,info@tortoisecapital.com,
"TORTOISE PIPELINE & ENERGY FUND, INC.",Tortoise Pipeline & Energy FUND Inc,tortoisecapital.com,https://tortoisecapital.com/,info@tortoisecapital.com,https://cef.tortoisecapital.com/funds/ttp/,info@tortoisecapital.com,
TPG Inc.,TPG Inc,tpg.com,https://shareholders.tpg.com/financial-information/sec-filings,,https://www.tpg.com/contact-us,tpg-africa@portland-communications.com,
"TPG RE Finance Trust, Inc.",TPG RE Finance Trust Inc,tpgrefinance.com,https://investors.tpgrefinance.com/investor-faq/default.aspx,,https://www.tpgrefinance.com/,,
"TPI COMPOSITES, INC",TPI Composites Inc,tpicomposites.com,https://ir.tpicomposites.com/,,https://tpicomposites.com/contact-tpi/,,
"TPT GLOBAL TECH, INC.",TPT Global TECH Inc,,,,,,
TRACTOR SUPPLY CO /DE/,Tractor Supply Co,,,,,,
TRANS LUX Corp,Trans LUX Corp,,,,,,
TRANSACT TECHNOLOGIES INC,Transact Technologies Inc,transact-tech.com,https://transact-tech.com/,Home_Logo-BOHA@2x.webp,https://transact-tech.com/contact-fst/,,
TRANSCAT INC,Transcat Inc,transcat.com,https://www.transcat.com/investor-relations,,https://www.transcat.com/customer-service,,
TRANSUITE.ORG INC.,transuite.org Inc,sunbiz.org,https://search.sunbiz.org/Inquiry/CorporationSearch/ConvertTiffToPDF?storagePath=COR\2024\0516\29543906.Tif&documentNumber=N24000003215,,https://search.sunbiz.org/Inquiry/CorporationSearch/SearchResultDetail?inquirytype=EntityName&directionType=Initial&searchNameOrder=GOOGLE+M170000092390&aggregateId=forl-m17000009239-1f44a9bb-d622-40b5-a01b-c036df490911,,
"TRAVELERS COMPANIES, INC.",Travelers Companies Inc,travelers.com,https://investor.travelers.com/home/default.aspx,,https://www.travelers.com/contact-us/email,,
TRAVELZOO,Travelzoo,travelzoo.com,https://ir.travelzoo.com/overview/default.aspx,ir@travelzoo.com,https://www.travelzoo.com/help-faq/,service_us@travelzoo.com,
"TREACE MEDICAL CONCEPTS, INC.",Treace Medical Concepts Inc,treace.com,https://investors.treace.com/investor-relations,,https://www.treace.com/contact/,cs@treace.net,
TREDEGAR CORP,Tredegar Corp,tredegar.com,https://tredegar.com/,,https://tredegar.com/contact-us/,,
TREES Corp (Colorado),Trees Corp Colorado,colorado-corp.com,https://colorado-corp.com/,,https://colorado-corp.com/,,
TREVENA INC,Trevena Inc,trevena.com,https://www.trevena.com/investors,ir@trevena.com,https://www.trevena.com/contact,medinfo@trevena.com,
TRICO BANCSHARES /,Trico Bancshares /,tricoproducts.com,https://www.tricoproducts.com/resources/first-brands-group-formerly-trico-group-acquires-brake-parts-inc-bpi-and-champion-laboratories-inc-champ-labs.html,Footer-Map@2x.png,https://www.tricoproducts.com/connect,Footer-Map@2x.png,
TRIMAS CORP,Trimas Corp,trimascorp.com,https://ir.trimascorp.com/stock-information,,https://ir.trimascorp.com/annual-reports,,
TRIMBLE INC.,Trimble Inc,trimble.com,https://investor.trimble.com/,,https://assetlifecycle.trimble.com/en/learn/support,,
"TRINET GROUP, INC.",Trinet Group Inc,trinet.com,https://investor.trinet.com/investor-relations/default.aspx,email@example.com,https://www.trinet.com/contact-us,employees@trinet.com,
TRINITY INDUSTRIES INC,Trinity Industries Inc,trinity-industrial.com,https://www.trinity-industrial.com/,Dispatch@Trinity-Industrial.com,https://www.trinity-industrial.com/contact/,Dispatch@Trinity-Industrial.com,
TRIO-TECH INTERNATIONAL,TRIO-TECH International,triotechinternational.com,https://triotechinternational.com/,info@triotechinternational.com,https://triotechinternational.com/,info@triotechinternational.com,
TRIUMPH GROUP INC,Triumph Group Inc,triumphgroup.com,https://www.triumphgroup.com/files/TGI+Investor+Day+Presentation+(Sep+2023).pdf,,https://www.triumphgroup.com/contact-us,CustomerService@triumphgroup.com,
TRUIST FINANCIAL CORP,Truist Financial Corp,truist.com,https://ir.truist.com/,investors@truist.com,https://www.truist.com/branch/nc/gastonia/28054/120-s-new-hope-rd?cid=local-seo,,
"TRUPANION, INC.",Trupanion Inc,,,,,,
TRUSTCO BANK CORP N Y,Trustco BANK Corp N Y,trustcobank.com,https://www.trustcobank.com/wp-content/uploads/2025/03/2024-Annual-Report.pdf,,https://www.trustcobank.com/help-support/,,
TRUSTMARK CORP,Trustmark Corp,trustmarkcorp.com,https://trustmarkcorp.com/,contactus@trustmarkcorp.com,https://trustmarkcorp.com/,contactus@trustmarkcorp.com,
"TSS, Inc.",TSS Inc,tssinc.com,https://www.tssinc.com/,,https://www.tssinc.com/contact-us/,TSSinfo@tssinc.com,
"TScan Therapeutics, Inc.",Tscan Therapeutics Inc,tscan.com,https://www.tscan.com/leadership/investors/,,https://www.tscan.com/contact-us/,info@tscan.com,
"TTEC Holdings, Inc.",TTEC Holdings Inc,ttec.com,https://investors.ttec.com/shareholder-services/contact-ir/,,https://www.ttec.com/about-us,,
TTM TECHNOLOGIES INC,TTM Technologies Inc,ttm.com,https://investors.ttm.com/?ttm=ya,investor@ttmtech.com,https://www.ttm.com/,,
TUCOWS INC /PA/,Tucows Inc,tucows.com,https://www.tucows.com/investors/overview,IR@tucows.com,https://www.tucows.com/contact,info@tucows.com,
TUPPERWARE BRANDS CORP,Tupperware Brands Corp,,,,,,
TUTOR PERINI CORP,Tutor Perini Corp,,,,,,
"TWFG, Inc.",TWFG Inc,twfginsurance.com,https://www.twfginsurance.com/,jrichards@twfg.com,https://www.twfginsurance.com/,jrichards@twfg.com,
TWO HARBORS INVESTMENT CORP.,TWO Harbors Investment Corp,twoinv.com,https://www.twoinv.com/investors,investors@twoinv.com,https://www.twoinv.com/,,
"TXO Partners, L.P.",TXO Partners LP,txopartners.com,https://www.txopartners.com/investors/company-information/contacts,ir@txopartners.com,https://www.txopartners.com/investors/company-information/contacts,ir@txopartners.com,
TYLER TECHNOLOGIES INC,Tyler Technologies Inc,visittyler.com,https://www.visittyler.com/location/3711-brookside-drive-suite-c--tyler-texas-75701,,https://www.visittyler.com/,,
"TYSON FOODS, INC.",Tyson Foods Inc,tysonfoods.com,https://www.tysonfoods.com/investors,ir@tyson.com,https://www.tysonfoods.com/contact-us,ethics@tyson.com,
Taboola.com Ltd.,taboola.com Ltd,taboola.com,https://investors.taboola.com/,,https://www.taboola.com/contact,privacy@taboola.com,
Talen Energy Corp,Talen Energy Corp,talenenergy.com,https://ir.talenenergy.com/node/8801/html,,https://www.talenenergy.com/contact-us/,InvestorRelations@TalenEnergy.com,
Talis Biomedical Corp,Talis Biomedical Corp,talissecuritieslitigation.com,https://talissecuritieslitigation.com/,info@TalisSecuritiesLitigation.com,https://talissecuritieslitigation.com/contact-us/,info@TalisSecuritiesLitigation.com,
"Talkspace, Inc.",Talkspace Inc,talkspace.com,https://investors.talkspace.com/investor-relations,,https://www.talkspace.com/public/contact-us,,
Tamboran Resources Corp,Tamboran Resources Corp,tamboran.com,https://ir.tamboran.com/,investors@tamboran.com,https://www.tamboran.com/contact/,,
"Tango Therapeutics, Inc.",Tango Therapeutics Inc,tangocare.com,https://tangocare.com/,hello@tangocare.com,https://tangocare.com/,hello@tangocare.com,
Targa Resources Corp.,Targa Resources Corp,,,,,,
Target Global Acquisition I Corp.,Target Global Acquisition I Corp,target.com,https://corporate.target.com/investors,,https://corporate.target.com/careers/career-areas/corporate/service-centers-and-business-enablement,,
Target Hospitality Corp.,Target Hospitality Corp,targethospitality.com,https://investors.targethospitality.com/home/default.aspx,,https://www.targethospitality.com/contact/,Targethospitality_BlueWhite_RGB_horizontal_50@1x.png,
"Tarsus Pharmaceuticals, Inc.",Tarsus Pharmaceuticals Inc,tarsuscfo.com,https://tarsuscfo.com/,info@tarsuscfo.com,https://tarsuscfo.com/,info@tarsuscfo.com,
"TaskUs, Inc.",Taskus Inc,taskus.com,https://www.taskus.com/press-release/taskus-announces-fiscal-first-quarter-2025-results/,atoms-logo-dark@3x-1-5c41a6e9.webp,https://www.taskus.com/contact-us/,atoms-logo-dark@3x-1-5c41a6e9.webp,
"Tattooed Chef, Inc.",Tattooed Chef Inc,tattooedchef.com,https://tattooedchef.com/,,https://tattooedchef.com/,,
Tavia Acquisition Corp.,Tavia Acquisition Corp,tavia.co,https://oxus.tavia.co/,,https://acquisition.tavia.co/,info@tavia.co,
Taylor Morrison Home Corp,Taylor Morrison Home Corp,taylormorrison.com,https://investors.taylormorrison.com/investor-relations/default.aspx,investors@taylormorrison.com,https://www.taylormorrison.com/contact-us,ContactTampa@taylormorrison.com,
"Taysha Gene Therapies, Inc.",Taysha Gene Therapies Inc,globenewswire.com,https://www.globenewswire.com/news-release/2025/11/04/3180164/0/en/Taysha-Gene-Therapies-Reports-Third-Quarter-2025-Financial-Results-and-Provides-Corporate-Update.html,hcollins@tayshagtx.com,https://www.globenewswire.com/news-release/2025/10/16/3168291/0/en/Taysha-Gene-Therapies-Regains-Full-Rights-to-Lead-TSHA-102-Program-in-Clinical-Evaluation-for-the-Treatment-of-Rett-Syndrome.html,hcollins@tayshagtx.com,
"TechCom, Inc.",Techcom Inc,techcom.com,https://www.techcom.com/about/,,https://www.techcom.com/contact/,gsaucerman@techcom.com,
"TechTarget, Inc.",Techtarget Inc,techtarget.com,https://www.techtarget.com/,,https://www.techtarget.com/,,
Technology & Telecommunication Acquisition Corp,Technology & Telecommunication Acquisition Corp,tete-acquisition.com,https://www.tete-acquisition.com/,enquiries@tete-acquisition.com,https://www.tete-acquisition.com/,enquiries@tete-acquisition.com,
"Techpoint, Inc.",Techpoint Inc,techpointinc.com,https://techpointinc.com/,sales@techpointinc.com,https://techpointinc.com/,sales@techpointinc.com,
Tecnoglass Inc.,Tecnoglass Inc,tecnoglass.com,https://investors.tecnoglass.com/overview/,investorrelations@tecnoglass.com,https://www.tecnoglass.com/,email@address.com,
"Tectonic Therapeutic, Inc.",Tectonic Therapeutic Inc,merriam-webster.com,https://www.merriam-webster.com/thesaurus/tectonic,icon_cite_active@2x.png,https://www.merriam-webster.com/dictionary/tectonic,icon_cite_active@2x.png,
"Teladoc Health, Inc.",Teladoc Health Inc,teladochealth.com,https://ir.teladochealth.com/investors/default.aspx,,https://www.teladochealth.com/contact,help@teladochealth.com,
"Telomir Pharmaceuticals, Inc.",Telomir Pharmaceuticals Inc,telomirpharma.com,https://ir.telomirpharma.com/,,https://telomirpharma.com/contact/,Info@telomirpharma.com,
"Tempest Therapeutics, Inc.",Tempest Therapeutics Inc,nasdaq.com,https://www.nasdaq.com/market-activity/stocks/tpst/sec-filings,,https://www.nasdaq.com/market-activity/stocks/tpst,,
"Tenable Holdings, Inc.",Tenable Holdings Inc,tenable.com,https://investors.tenable.com/investor-relations,,https://www.tenable.com/about-tenable/contact-tenable,,
"Tenaya Therapeutics, Inc.",Tenaya Therapeutics Inc,tenayatherapeutics.com,https://investors.tenayatherapeutics.com/,,https://www.tenayatherapeutics.com/contact-us/,ir@tenayathera.com,
Tennessee Valley Authority,Tennessee Valley Authority,,,,,,
"Tenon Medical, Inc.",Tenon Medical Inc,tenonmedical.net,https://www.tenonmedical.net/,cpellegrin@TenonMed.com,https://www.tenonmedical.net/,cpellegrin@TenonMed.com,
"Terns Pharmaceuticals, Inc.",Terns Pharmaceuticals Inc,ternspharma.com,https://www.ternspharma.com/investors/,terns_logo_RGB@4x.webp,https://www.ternspharma.com/,terns_logo_RGB@4x.webp,
TerrAscend Corp.,Terrascend Corp,terrascend.com,https://ir.terrascend.com/,ir@terrascend.com,https://terrascend.com/,info@terrascend.com,
"Terra Property Trust, Inc.",Terra Property Trust Inc,terrapropertytrust.com,https://www.terrapropertytrust.com/,ir@mavikcapital.com,https://www.terrapropertytrust.com/,ir@mavikcapital.com,
Terreno Realty Corp,Terreno Realty Corp,terreno.com,https://investors.terreno.com/financial-information/sec-filings/default.aspx,,https://terreno.com/contact/,investors@terreno.com,
Territorial Bancorp Inc.,Territorial Bancorp Inc,,,,,,
"Tesla, Inc.",Tesla Inc,,,,,,
Teucrium Commodity Trust,Teucrium Commodity Trust,teucrium.com,https://teucrium.com/,Teucrium%20Mark%20and%20Logotype%20Reverse@2x.png,https://teucrium.com/,Teucrium%20Mark%20and%20Logotype%20Reverse@2x.png,
Tevogen Bio Holdings Inc.,Tevogen Bio Holdings Inc,tevogen.com,https://ir.tevogen.com/stock-info/default.aspx,,https://tevogen.com/,ir@tevogen.com,
Texas Mineral Resources Corp.,Texas Mineral Resources Corp,tmrcorp.com,https://tmrcorp.com/,amarchese@tmrcorp.com,https://tmrcorp.com/,amarchese@tmrcorp.com,
Texas Pacific Land Corp,Texas Pacific Land Corp,texaspacific.com,https://www.texaspacific.com/investors,IR@texaspacific.com,https://www.texaspacific.com/contact,,
"Texas Roadhouse, Inc.",Texas Roadhouse Inc,,,,,,
"Tharimmune, Inc.",Tharimmune Inc,tharimmune.com,https://ir.tharimmune.com/,,https://tharimmune.com/contact-us/,info@tharimmune.com,
"TheRealReal, Inc.",Therealreal Inc,,,,,,
"TherapeuticsMD, Inc.",Therapeuticsmd Inc,therapeuticsmd.com,https://ir.therapeuticsmd.com/press-releases,,https://www.therapeuticsmd.com/contact-us.php,us.customerservice@maynepharma.com,
"ThermoGenesis Holdings, Inc.",Thermogenesis Holdings Inc,thermogenesis.com,https://thermogenesis.com/,,https://thermogenesis.com/contact/,customerservice@thermogenesis.com,
"Thermon Group Holdings, Inc.",Thermon Group Holdings Inc,thermon.com,https://ir.thermon.com/,,https://ir.thermon.com/company-information/contacts,shareholder@broadridge.com,
"Third Coast Bancshares, Inc.",Third Coast Bancshares Inc,thirdcoast.bank,https://ir.thirdcoast.bank/overview/default.aspx,gkimbrell@tcbssb.com,https://www.thirdcoast.bank/About-Locations/Contact-Us,,
"Third Harmonic Bio, Inc.",Third Harmonic Bio Inc,thirdharmonicbio.com,https://thirdharmonicbio.com/news/third-harmonic-bio-announces-fourth-quarter-and-full-year-2023-financial-results/,info@thirdharmonicbio.com,https://thirdharmonicbio.com/,info@thirdharmonicbio.com,
ThredUp Inc.,Thredup Inc,,,,,,
"Thryv Holdings, Inc.",Thryv Holdings Inc,thryv.com,https://investor.thryv.com/financials/quarterly-results/default.aspx,,https://www.thryv.com/,Onboarding-Support@2x.webp,
"Thunder Bridge Capital Partners IV, Inc.",Thunder Bridge Capital Partners IV Inc,capital.com,https://capital.com/en-gb/markets/shares/thunder-bridge-share-price,support@capital.com,https://capital.com/en-eu/markets/shares/thunder-bridge-share-price,support@capital.com,
"Thunder Power Holdings, Inc.",Thunder Power Holdings Inc,espn.com,https://www.espn.com/nba/teams/powerchart?team=okc,,https://www.espn.com/nba/team/depth/_/name/okc/oklahoma-city-thunder,,
"Tianci International, Inc.",Tianci International Inc,tianci-ciit.com,https://tianci-ciit.com/news/ciit-10k-reports/,ir@rqscapital.com,https://tianci-ciit.com/contact-us/,,
Tidal Commodities Trust I,Tidal Commodities Trust I,tidal.com,https://my.tidal.com/,,https://my.tidal.com/,,
"Tilray Brands, Inc.",Tilray Brands Inc,tilray.com,https://ir.tilray.com/news-events/news-releases/?mobile=1&page=1,,https://www.tilray.com/contact/,,
"Tingo Group, Inc.",Tingo Group Inc,hindenburgresearch.com,https://hindenburgresearch.com/tingo/,,https://hindenburgresearch.com/tingo/,,
"Tipmefast, Inc.",Tipmefast Inc,csimarket.com,https://csimarket.com/news/tipmefast-paving-the-way-for-a-greener-future-with-strategic-mining-acquisitions2024-12-19181017,,https://csimarket.com/news/tipmefast-inc-sets-new-industry-standard-with-acquisition-of-lucent-inc-pioneering-clean-energy-solut2024-08-01120399,,
Titan Environmental Solutions Inc.,Titan Environmental Solutions Inc,titanenvironmentalsolution.com,https://titanenvironmentalsolution.com/,sales@titanenvironmentalsolution.com,https://titanenvironmentalsolution.com/,sales@titanenvironmentalsolution.com,
Titan Machinery Inc.,Titan Machinery Inc,titanmachinery.com,https://ir.titanmachinery.com/,jeff.sonnek@icrinc.com,https://www.titanmachinery.com/parts-service/service/customer-repair-support,,
"Tivic Health Systems, Inc.",Tivic Health Systems Inc,tivichealth.com,https://tivichealth.com/investors/investor-resources/,,https://tivichealth.com/,,
"Toast, Inc.",Toast Inc,toastinc.in,https://www.toastinc.in/,605a7baede844d278b89dc95ae0a9123@sentry-next.wixpress.com,https://www.toastinc.in/,605a7baede844d278b89dc95ae0a9123@sentry-next.wixpress.com,
Tofla Megaline Inc.,Tofla Megaline Inc,,,,,,
"Toll Brothers, Inc.",Toll Brothers Inc,tollbrothers.com,https://investors.tollbrothers.com/,,https://www.tollbrothers.com/contact,,
TopBuild Corp,Topbuild Corp,,,,,,
Topgolf Callaway Brands Corp.,Topgolf Callaway Brands Corp,topgolfcallawaybrands.com,https://www.topgolfcallawaybrands.com/investor-overview,,https://www.topgolfcallawaybrands.com/,,
Torrid Holdings Inc.,Torrid Holdings Inc,torrid.com,https://investors.torrid.com/news/default.aspx,IR@torrid.com,https://www.torrid.com/torrid/customer-service/torrid-rewards/torrid-cash.html?utm_theme=Promotional-Product&ogmap=EM|PROMO|SF|||||2024017_PRO_TC_STARTSNOW_24M_6AM&ogemid=6624346f4ec8bc924e0ecee1&ogemh=3c445f1eea7faba252c1ee18a6c557b8d0fdf6821c00f2f312abe9c236f522a5,,
"Toughbuilt Industries, Inc",Toughbuilt Industries Inc,toughbuilt.com,https://ir.toughbuilt.com/,IR@toughbuilt.com,https://toughbuilt.com/customer-service,user@domain.com,
"Tourmaline Bio, Inc.",Tourmaline Bio Inc,tourmalinebio.com,https://ir.tourmalinebio.com/events-presentations/presentations,,https://www.tourmalinebio.com/contact/,info@tourmalinebio.com,
"Townsquare Media, Inc.",Townsquare Media Inc,townsquaremedia.com,https://www.townsquaremedia.com/press/townsquare-announces-conference-call-to-discuss-second-quarter-2025-results,investors@townsquaremedia.com,https://www.townsquaremedia.com/contact,,
"Track Group, Inc.",Track Group Inc,trackgrp.com,https://trackgrp.com/investor-relations/,,https://trackgrp.com/,,
"Trade Desk, Inc.",Trade Desk Inc,thetradedesk.com,https://investors.thetradedesk.com/overview/default.aspx,ir@thetradedesk.com,https://investors.thetradedesk.com/resources/investor-faqs/default.aspx,,
Tradeweb Markets Inc.,Tradeweb Markets Inc,,,,,,
"Traeger, Inc.",Traeger Inc,traeger.com,https://investors.traeger.com/financials/quarterly-results/default.aspx,,https://www.traeger.com/support/contact-us,,
Trailblazer Merger Corp I,Trailblazer Merger Corp I,,,,,,
Trane Technologies plc,Trane Technologies PLC,tranetechnologies.com,https://investors.tranetechnologies.com/investor-resources/investor-information/default.aspx,,https://password.tranetechnologies.com/en/contactus.html,,
"Trans American Aquaculture, Inc",Trans American Aquaculture Inc,transamerica.com,https://www.transamerica.com/press-release,,https://www.transamerica.com/contact-us,tii.customerservice@transamerica.com,
TransDigm Group INC,Transdigm Group Inc,,,,,,
"TransMedics Group, Inc.",Transmedics Group Inc,,,,,,
TransUnion,Transunion,,,,,,
"Transcode Therapeutics, Inc.",Transcode Therapeutics Inc,transcodetherapeutics.com,https://ir.transcodetherapeutics.com/,,https://www.transcodetherapeutics.com/contact.html,info@transcodetherapeutics.com,
Travel & Leisure Co.,Travel & Leisure Co,travelandleisureco.com,https://investor.travelandleisureco.com/,ir@travelandleisure.com,https://www.travelandleisureco.com/about-us/contact,info@extraholidays.com,
"Travere Therapeutics, Inc.",Travere Therapeutics Inc,travere.com,https://ir.travere.com/press-releases/,,https://travere.com/contact-us/,,
"Traws Pharma, Inc.",Traws Pharma Inc,trawspharma.com,https://www.trawspharma.com/financial-information,user@domain.com,https://www.trawspharma.com/,user@domain.com,
"Trevi Therapeutics, Inc.",Trevi Therapeutics Inc,trevitherapeutics.com,https://ir.trevitherapeutics.com/,,https://www.trevitherapeutics.com/contact/,info@trevitherapeutics.com,
"Tri Pointe Homes, Inc.",Tri Pointe Homes Inc,tripointehomes.com,https://investors.tripointehomes.com/investors/overview/default.aspx,,https://investors.tripointehomes.com/contact-us/,,
"TriSalus Life Sciences, Inc.",Trisalus Life Sciences Inc,trisaluslifesci.com,https://investors.trisaluslifesci.com/governance/governance-overview,,https://trisaluslifesci.com/,,
Tribal Rides International Corp.,Tribal Rides International Corp,stockanalysis.com,https://stockanalysis.com/quote/otc/XNDA/,,https://stockanalysis.com/quote/otc/XNDA/company/,,
Triller Group Inc.,Triller Group Inc,trillertv.com,https://www.trillertv.com/,,https://www.trillertv.com/?ad_nid=1&ad_cid=1918854900&ad_gid=70813816545&ad_kw=fite.tv&gclsrc=aw.ds,,
Trilogy Metals Inc.,Trilogy Metals Inc,trilogymetals.com,https://trilogymetals.com/investors/investor-centre/,,https://trilogymetals.com/contact/contact-us/,,
Trinity Capital Inc.,Trinity Capital Inc,trinitycapital.com,https://ir.trinitycapital.com/financials/sec-filings/,,https://trinitycapital.com/contact/,,
Trinity Place Holdings Inc.,Trinity Place Holdings Inc,trinitysf.com,https://www.trinitysf.com/resident-resources/,,https://www.trinitysf.com/trinity-place/parking/,,
Trinseo PLC,Trinseo PLC,trinseo.com,https://investor.trinseo.com/home/about-us/default.aspx,,https://www.trinseo.com/contact-us,,
Trio Petroleum Corp.,Trio Petroleum Corp,trio-petroleum.com,https://trio-petroleum.com/presentations/investor-presentation/,michael@redwoodefc.com,https://trio-petroleum.com/contact/,michael@redwoodefc.com,
TriplePoint Venture Growth BDC Corp.,Triplepoint Venture Growth BDC Corp,bdcinvestor.com,https://www.bdcinvestor.com/tpvg/,,https://www.bdcinvestor.com/tpvg/,,
Triton International Ltd,Triton International Ltd,tritoninternational.com,https://www.tritoninternational.com/company/investors,,https://www.tritoninternational.com/contact-us,,
"Triumph Financial, Inc.",Triumph Financial Inc,triumphfinancialinc.com,http://triumphfinancialinc.com/,,http://triumphfinancialinc.com/,,
Tronox Holdings plc,Tronox Holdings PLC,seekingalpha.com,https://seekingalpha.com/article/4839639-tronox-holdings-plc-trox-q3-2025-earnings-call-transcript,,https://seekingalpha.com/symbol/TROX/earnings/transcripts,,
"TruBridge, Inc.",Trubridge Inc,trubridge.com,https://investors.trubridge.com/,,https://trubridge.com/contact/support/,,
"TruGolf Holdings, Inc.",Trugolf Holdings Inc,trugolf.com,https://ir.trugolf.com/wp-content/uploads/2023/11/TruGolf-Presentation.pdf,L@p.OLJJJNN,https://trugolf.com/pages/contact,,
"TrueBlue, Inc.",Trueblue Inc,trueblue.com,https://investor.trueblue.com/,InvestorRelations@TrueBlue.com,https://www.trueblue.com/,,
"TrueCar, Inc.",Truecar Inc,truecar.com,https://ir.truecar.com/,investors@true.com,https://www.truecar.com/contact-us/,pr@truecar.com,
Trulieve Cannabis Corp.,Trulieve Cannabis Corp,trulieve.com,https://investors.trulieve.com/,,https://www.trulieve.com/contact-us,,
Trump Media & Technology Group Corp.,Trump Media & Technology Group Corp,tmtgcorp.com,https://ir.tmtgcorp.com/,press@tmtgcorp.com,https://tmtgcorp.com/,,
"Trutankless, Inc.",Trutankless Inc,trutanklessinc.com,http://trutanklessinc.com/trutankless-inc-sets-sales-record-in-first-half-of-2020/,,https://trutanklessinc.com/inquiries/,,
TuSimple Holdings Inc.,Tusimple Holdings Inc,tusimplesecuritiessettlement.com,https://www.tusimplesecuritiessettlement.com/,,https://tusimplesecuritiessettlement.com/,,
"Turning Point Brands, Inc.",Turning Point Brands Inc,,,,,,
Turnstone Biologics Corp.,Turnstone Biologics Corp,,,,,,
Turtle Beach Corp,Turtle Beach Corp,turtlebeach.com,https://corp.turtlebeach.com/overview/default.aspx,,https://corp.turtlebeach.com/resources/contacts/default.aspx,,
"Twin Vee PowerCats, Co.",Twin Vee Powercats Co,twinvee.com,https://ir.twinvee.com/,investor@twinvee.com,https://twinvee.com/contact/,,
Twist Bioscience Corp,Twist Bioscience Corp,twistbioscience.com,https://investors.twistbioscience.com/investor-relations/,,https://www.twistbioscience.com/contact,,
"Tyra Biosciences, Inc.",Tyra Biosciences Inc,tyra.bio,https://ir.tyra.bio/news-releases/news-release-details/tyra-biosciences-reports-fourth-quarter-and-full-year-2024,,https://tyra.bio/contact/,info@tyra.bio,
U S GLOBAL INVESTORS INC,U S Global Investors Inc,usglobaletfs.com,https://usglobaletfs.com/,,https://usglobaletfs.com/contact-us/,info@usfunds.com,
U S PHYSICAL THERAPY INC /NV,U S Physical Therapy Inc /Nv,usph.com,https://www.usph.com/investor-relations/presentations/,info@usph.com,https://www.usph.com/contact/,info@usph.com,
U-Haul Holding Co /NV/,U-Haul Holding Co,uhaul.com,https://investors.uhaul.com/,IR@uhaul.com,https://www.uhaul.com/,th-hero-sm@3x.jpg,
U.S. GOLD CORP.,US GOLD Corp,usgoldcorp.com,https://ir.usgoldcorp.com/,ir@usgoldcorp.com,https://www.usgoldcorp.com/contact,,
U.S. GoldMining Inc.,US Goldmining Inc,goldmining.com,https://www.goldmining.com/investors/media/,,https://www.goldmining.com/contact/contact-details/,,
"U.S. Lighting Group, Inc.",US Lighting Group Inc,,,,,,
UBUYHOLDINGS INC,Ubuyholdings Inc,stockanalysis.com,https://stockanalysis.com/,,https://stockanalysis.com/quote/otc/UBYH/company/,,
"UDR, Inc.",UDR Inc,udr.com,https://ir.udr.com/stock-information/stock-quote/default.aspx,,https://www.udr.com/contact-us/,,
UFP INDUSTRIES INC,UFP Industries Inc,ufpi.com,https://ufpi.com/contact-us/,,https://ufpi.com/contact-us/,,
UFP TECHNOLOGIES INC,UFP Technologies Inc,ufpt.com,https://ufpt.com/investors/,info@ufpt.com,https://ufpt.com/contact-us/,info@ufpt.com,
UGI CORP /PA/,UGI Corp,,,,,,
UL Solutions Inc.,UL Solutions Inc,stockanalysis.com,https://stockanalysis.com/stocks/uls/,,https://stockanalysis.com/stocks/uls/company/,,
ULTRALIFE CORP,Ultralife Corp,ultralifecorporation.com,https://investor.ultralifecorporation.com/index.php/,,https://www.ultralifecorporation.com/contact,,
UMB FINANCIAL CORP,UMB Financial Corp,umb.com,https://investorrelations.umb.com/overview/default.aspx,,https://www.umb.com/contact-us,TalentAcquisition@umb.com,
UNIFI INC,Unifi Inc,unifi.com,https://investor.unifi.com/sec-filings,,https://unifi.com/,,
UNIFIRST CORP,Unifirst Corp,unifirst.com,https://investors.unifirst.com/events-and-presentations,,https://unifirst.com/contact/customer-service-request/,,
UNION BANKSHARES INC,Union Bankshares Inc,uninorthb-inc.com,https://uninorthb-inc.com/investors-relation.html,info@uninorthb-inc.com,https://uninorthb-inc.com/,info@uninorthb-inc.com,
UNION ELECTRIC CO,Union Electric Co,,,,,,
UNION PACIFIC CORP,Union Pacific Corp,unionpacific.com,https://investor.unionpacific.com/ir-resources/resources,,https://investor.unionpacific.com/node/25946/html,,
UNISYS CORP,Unisys Corp,unisys.com,https://www.unisys.com/investor-relations/,investor@unisys.com,https://www.unisys.com/support/call-us/,,
UNITED BANCORP INC /OH/,United Bancorp Inc,,,,,,
UNITED BANKSHARES INC/WV,United Bankshares Inc/Wv,,,,,,
UNITED COMMUNITY BANKS INC,United Community Banks Inc,ucbbanks.com,https://ucbbanks.com/our-story/our-directors,,https://secure.ucbbanks.com/FAQs.aspx,,
UNITED FIRE GROUP INC,United FIRE Group Inc,unitedfire.net,https://www.unitedfire.net/,sales@ufec.com,https://www.unitedfire.net/faq,customerservice@ufec.com,
UNITED GUARDIAN INC,United Guardian Inc,u-g.com,https://www.u-g.com/corporate/investor_relations.html,pgc@u-g.com,https://u-g.com/contact/,info@u-g.com,
UNITED NATURAL FOODS INC,United Natural Foods Inc,,,,,,
"UNITED RENTALS, INC.",United Rentals Inc,,,,,,
UNITED SECURITY BANCSHARES,United Security Bancshares,unitedsecuritybank.com,https://investors.unitedsecuritybank.com/resource/investor-contacts/default.aspx,,https://www.unitedsecuritybank.com/,support@unitedsecuritybank.com,
UNITED STATES ANTIMONY CORP,United States Antimony Corp,usantimony.com,https://www.usantimony.com/investors,605a7baede844d278b89dc95ae0a9123@sentry-next.wixpress.com,https://www.usantimony.com/contact,info@usantimony.com,
UNITED STATES LIME & MINERALS INC,United States LIME & Minerals Inc,intratio.com,https://www.intratio.com/en/stock-forecast/USLM/,support@intratio.com,https://www.intratio.com/en/stock-forecast/USLM/,support@intratio.com,
UNITED STATES STEEL CORP,United States Steel Corp,,,,,,
UNITED THERAPEUTICS Corp,United Therapeutics Corp,unitedtherapeutics.com,https://www.unitedtherapeutics.com/,,https://www.unitedtherapeutics.com/,,
UNITEDHEALTH GROUP INC,Unitedhealth Group Inc,unitedhealthgroup.com,https://www.unitedhealthgroup.com/?wayne_david_collins,,https://www.unitedhealthgroup.com/contact-us.html,,
UNITIL CORP,Unitil Corp,unitil.com,https://unitil.com/investors,,https://unitil.com/web-support,,
UNITY BANCORP INC /NJ/,Unity Bancorp Inc,,,,,,
UNIVERSAL CORP /VA/,Universal Corp,,,,,,
UNIVERSAL DISPLAY CORP \PA\,Universal Display Corp PA,target.com,https://corporate.target.com/investors,,https://contactus.target.com/?selection=Corporate+Information,targetcontactus@targetguestservice.force.com,
UNIVERSAL ELECTRONICS INC,Universal Electronics Inc,ueinc.com,http://www.ueinc.com/news.php,info@ueinc.com,http://www.k.ueinc.com/about.php,info@ueinc.com,
UNIVERSAL HEALTH REALTY INCOME TRUST,Universal Health Realty Income Trust,healthcarerealty.com,https://investors.healthcarerealty.com/corporate-profile/,,https://www.healthcarerealty.com/,,
UNIVERSAL HEALTH SERVICES INC,Universal Health Services Inc,,,,,,
"UNIVERSAL INSURANCE HOLDINGS, INC.",Universal Insurance Holdings Inc,universalinsuranceholdings.com,https://universalinsuranceholdings.com/investors/,asoleimani@universalproperty.com,https://universalinsuranceholdings.com/contact/,,
"UNIVERSAL LOGISTICS HOLDINGS, INC.",Universal Logistics Holdings Inc,universallogistics.com,https://investors.universallogistics.com/investor-overview,,https://www.universallogistics.com/contact/,youremail@provider.com,
UNIVERSAL SECURITY INSTRUMENTS INC,Universal Security Instruments Inc,universalsecurity.com,https://www.universalsecurity.com/,,https://www.universalsecurity.com/pages/contact-us,info@universalsecurity.com,
UNIVERSAL STAINLESS & ALLOY PRODUCTS INC,Universal Stainless & Alloy Products Inc,universalstainlessinc.com,https://www.universalstainlessinc.com/,54b4aac306184111a223c0f4aea635c3@sentry.wixpress.com,https://www.universalstainlessinc.com/,54b4aac306184111a223c0f4aea635c3@sentry.wixpress.com,
UNIVERSAL TECHNICAL INSTITUTE INC,Universal Technical Institute Inc,aijourn.com,https://aijourn.com/universal-technical-institute-inc-announces-san-antonio-as-inaugural-site-for-skilled-trades-focused-campus/,tom.allen@aijourn.com,https://aijourn.com/universal-technical-institute-inc-announces-san-antonio-as-inaugural-site-for-skilled-trades-focused-campus/,tom.allen@aijourn.com,
UNIVEST FINANCIAL Corp,Univest Financial Corp,toyotafinancial.com,https://www.toyotafinancial.com/us/en/investor_relations.html,,https://www.toyotafinancial.com/us/en/contact_us.html,,
"UPBOUND GROUP, INC.",Upbound Group Inc,,,,,,
"UPEXI, INC.",Upexi Inc,upexi.com,https://ir.upexi.com/,Upexi@KCSA.com,https://ir.upexi.com/company-information/contacts,info@vstocktransfer.com,
"UPWORK, INC",Upwork Inc,,,,,,
UR-ENERGY INC,UR-Energy Inc,ur-energy.com,https://www.ur-energy.com/investors,info@ur-energy.com,https://www.ur-energy.com/,,
URANIUM ENERGY CORP,Uranium Energy Corp,uraniumenergy.com,https://www.uraniumenergy.com/invest/investor-presentations/,,https://www.uraniumenergy.com/contact/,,
"URBAN ONE, INC.",Urban ONE Inc,urbanonetvcolumbus.com,https://urbanonetvcolumbus.com/439055/urban-one-launches-urban-one-podcast-network/,,https://urbanonetvcolumbus.com/439055/urban-one-launches-urban-one-podcast-network/,,
URBAN OUTFITTERS INC,Urban Outfitters Inc,urbanoutfitters.com,https://www.urbanoutfitters.com/about/investors,,https://www.urbanoutfitters.com/?ref=logo,DataPrivacyOfficer@urbn.com,
US BANCORP \DE\,US Bancorp DE,mxbancorp.com,https://mxbancorp.com/,usmx@mxbancorp.mx,https://mxbancorp.com/,usmx@mxbancorp.mx,
US ENERGY CORP,US Energy Corp,usenergycorporation.com,https://www.usenergycorporation.com/,sales@usenergystarters.com,https://www.usenergycorporation.com/contact-us/,sam@usenergystarters.com,
US Foods Holding Corp.,US Foods Holding Corp,,,,,,
US NUCLEAR CORP.,US Nuclear Corp,usnuclearcorp.com,https://usnuclearcorp.com/investor-relations/,,https://usnuclearcorp.com/contact/,info@usnuclearcorp.com,
USANA HEALTH SCIENCES INC,Usana Health Sciences Inc,,,,,,
"USCB FINANCIAL HOLDINGS, INC.",USCB Financial Holdings Inc,uscbamerica.com,https://b2b.uscbamerica.com/,,https://b2b.uscbamerica.com/customer-service-call-center/,,
UTG INC,UTG Inc,ordinary-inc.com,https://www.ordinary-inc.com/,,https://www.ordinary-inc.com/feed/,,
UWHARRIE CAPITAL CORP,Uwharrie Capital Corp,uwharrie.com,https://www.uwharrie.com/about-us/investors/,mortgage@uwharrie.com,https://www.uwharrie.com/about-us/contact-us/,mortgage@uwharrie.com,
UWM Holdings Corp,UWM Holdings Corp,,,,,,
"Uber Technologies, Inc",Uber Technologies Inc,,,,,,
Ubiquiti Inc.,Ubiquiti Inc,ru-ubiquiti.com,https://ru-ubiquiti.com/,sale@ru-ubiquiti.com,https://ru-ubiquiti.com/,sale@ru-ubiquiti.com,
"Udemy, Inc.",Udemy Inc,,,,,,
"UiPath, Inc.",Uipath Inc,uipath.com,https://ir.uipath.com/,investor.relations@uipath.com,https://www.uipath.com/company/contact-us,,
"Ulta Beauty, Inc.",Ulta Beauty Inc,ulta.com,https://www.ulta.com/investor,InvestorRelations@ulta.com,https://www.ulta.com/guestservices/all,,
"Ultra Clean Holdings, Inc.",Ultra Clean Holdings Inc,,,,,,
Ultragenyx Pharmaceutical Inc.,Ultragenyx Pharmaceutical Inc,biospace.com,https://www.biospace.com/press-releases/ultragenyx-reports-third-quarter-2025-financial-results-and-corporate-update,ir@ultragenyx.com,https://www.biospace.com/employer/396999/ultragenyx-pharmaceutical-inc,,
Un Monde International Ltd.,Un Monde International Ltd,stockanalysis.com,https://stockanalysis.com/quote/otc/ARMC/,,https://stockanalysis.com/quote/otc/ARMC/,,
"Under Armour, Inc.",Under Armour Inc,,,,,,
"Unicycive Therapeutics, Inc.",Unicycive Therapeutics Inc,unicycive.com,https://ir.unicycive.com/,ir@unicycive.com,https://unicycive.com/,info@unicycive.com,
"Unique Logistics International, Inc.",Unique Logistics International Inc,,,,,,
"United Airlines Holdings, Inc.",United Airlines Holdings Inc,,,,,,
"United Health Products, Inc.",United Health Products Inc,unitedhealthgroup.com,https://www.unitedhealthgroup.com/investors.html,,https://www.unitedhealthgroup.com/contact-us.html,,
"United Homes Group, Inc.",United Homes Group Inc,unitedhomesgroup.com,https://ir.unitedhomesgroup.com/news/default.aspx,investors@unitedhomesgroup.com,https://www.unitedhomesgroup.com/,,
United Parks & Resorts Inc.,United Parks & Resorts Inc,,,,,,
"United States 12 Month Natural Gas Fund, LP",United States 12 Month Natural Gas Fund LP,alpsfunds.com,https://www.alpsfunds.com/funds,favicon-ssctech-2021@48px.png,https://www.alpsfunds.com/funds,favicon-ssctech-2021@48px.png,
"United States Natural Gas Fund, LP",United States Natural Gas Fund LP,,,,,,
Uniti Group Inc.,Uniti Group Inc,uniti.com,https://investor.uniti.com/,,https://uniti.com/contact/,,
Unity Software Inc.,Unity Software Inc,unity.com,https://investors.unity.com/overview/default.aspx,ir@unity3d.com,https://unity.com/support-services,,
Unum Group,Unum Group,unumgroup.com,https://www.unumgroup.com/newsroom/categories/news-releases,,https://www.unumgroup.com/about/,,
"Unusual Machines, Inc.",Unusual Machines Inc,unusualmachinesinc.com,https://www.unusualmachinesinc.com/,8c4075d5481d476e945486754f783364@sentry.io,https://www.unusualmachinesinc.com/,8c4075d5481d476e945486754f783364@sentry.io,
"UpHealth, Inc.",Uphealth Inc,,,,,,
"Upland Software, Inc.",Upland Software Inc,uplandsoftware.com,https://investor.uplandsoftware.com/overview/default.aspx,investor-relations@uplandsoftware.com,https://uplandsoftware.com/contact/,,
"Upstart Holdings, Inc.",Upstart Holdings Inc,upstart.com,https://ir.upstart.com/,,https://ir.upstart.com/static-files/3f0e0720-c290-4a95-9cfc-74eed1a4add3,,
Urban Edge Properties,Urban Edge Properties,dcurbanedge.com,https://dcurbanedge.com/,matt@pixelspread.com,https://dcurbanedge.com/contact,matt@pixelspread.com,
Urgent.ly Inc.,Urgent.ly Inc,geturgently.com,https://investors.geturgently.com/news-events/news-releases?mobile=1&page=0,,https://www.geturgently.com/contact,towsupport@geturgently.com,
UroGen Pharma Ltd.,Urogen Pharma Ltd,urogen.com,"https://investors.urogen.com/?page=0,0,0",,https://www.urogen.com/connect,info@urogen.com,
"Usio, Inc.",Usio Inc,usio.com,https://usio.com/investor-relations/,paul.manley@usio.com,https://usio.com/contact/,paul.manley@usio.com,
"Utz Brands, Inc.",Utz Brands Inc,utzbrands.com,https://www.utzbrands.com/,,https://www.utzbrands.com/,,
V F CORP,V F Corp,opencorporates.com,https://opencorporates.com/companies/us_ca/1239980,,https://opencorporates.com/companies/us_ca/1239980,,
"V2X, Inc.",V2X Inc,,,,,,
VAALCO ENERGY INC /DE/,Vaalco Energy Inc,vaalco.com,https://www.vaalco.com/investors,vaalco@buchanan.uk.com,https://www.vaalco.com/contact-us,hrgabon@vaalco.com,
"VACCINEX, INC.",Vaccinex Inc,,,,,,
VAIL RESORTS INC,VAIL Resorts Inc,vailresorts.com,https://investors.vailresorts.com/,,https://www.vailresorts.com/contact/,accountsreceivable@vailresorts.com,
VALERO ENERGY CORP/TX,Valero Energy Corp/Tx,valero.com,https://www.valero.com/about/news-room,valeromedia@valero.com,https://www.valero.com/contact-us,CustomerSupport@valero.com,
VALLEY NATIONAL BANCORP,Valley National Bancorp,valleynationalbank.com,https://ir.valleynationalbank.com/events-and-presentations/default.aspx,,https://ir.valleynationalbank.com/resources/investor-faq/default.aspx,,
VALMONT INDUSTRIES INC,Valmont Industries Inc,,,,,,
VALUE LINE INC,Value LINE Inc,valueline.com,https://investors.valueline.com/,,https://investors.valueline.com/,,
VARONIS SYSTEMS INC,Varonis Systems Inc,varonis.com,https://www.varonis.com/company,,https://www.varonis.com/company/contact,investors@varonis.com,
VASO Corp,VASO Corp,vasocorporation.com,https://vasocorporation.com/,ir@vasocorporation.com,https://vasocorporation.com/about/contact/,info@vasocorporation.com,
VEEA INC.,VEEA Inc,veea.com,https://www.veea.com/company/investors,ir@veea.com,https://www.veea.com/contact-us,,
VEECO INSTRUMENTS INC,Veeco Instruments Inc,,,,,,
VEEVA SYSTEMS INC,Veeva Systems Inc,veeva.com,https://ir.veeva.com/news/default.aspx,ir@veeva.com,https://www.veeva.com/contact-us/,ir@veeva.com,
"VERACYTE, INC.",Veracyte Inc,veracyte.com,https://investor.veracyte.com/,,https://www.veracyte.com/contact/,,
"VERDE RESOURCES, INC.",Verde Resources Inc,verderesources.com,https://investors.verderesources.com/,info@verderesources.com,https://www.verderesources.com/,,
VERINT SYSTEMS INC,Verint Systems Inc,verintsysteminc.com,https://verintsysteminc.com/,,https://verintsysteminc.com/,,
VERISIGN INC/CA,Verisign Inc/Ca,verisign.com,https://investor.verisign.com/investor-relations,,https://www.verisign.com/support/,info@verisign-grs.com,
VERRA MOBILITY Corp,Verra Mobility Corp,verramobility.com,https://ir.verramobility.com/news-releases/news-release-details/verra-mobility-announces-fourth-quarter-and-full-year-2023,,https://www.verramobility.com/contact/,info@verramobility.com,
VIAD CORP,VIAD Corp,,,,,,
VIAVI SOLUTIONS INC.,Viavi Solutions Inc,viavisolutions.com,https://investor.viavisolutions.com/overview/default.aspx,,https://www.viavisolutions.com/en-us/support/customer-support,,
VICI PROPERTIES INC.,VICI Properties Inc,vicipropertiesinc.com,https://www.vicipropertiesinc.com/about,VICIPropertiesInc@gmail.com,https://www.vicipropertiesinc.com/contact,VICIPropertiesInc@gmail.com,
VICOR CORP,Vicor Corp,vicorpower.com,https://www.vicorpower.com/,,https://www.vicorpower.com/about-the-company/fact-sheet,,
"VIEMED HEALTHCARE, INC.",Viemed Healthcare Inc,viemed.com,https://www.viemed.com/investors/,,https://www.viemed.com/contact-us/,,
VILLAGE SUPER MARKET INC,Village Super Market Inc,myvillagesupermarket.com,https://myvillagesupermarket.com/,,https://myvillagesupermarket.com/contact/,green@2x.png,
VINCE HOLDING CORP.,Vince Holding Corp,vince.com,https://investors.vince.com/,,https://investors.vince.com/,,
VIRCO MFG CORPORATION,Virco MFG Corporation,virco.com,https://virco.com/investors/,,https://virco.com/,,
"VIRTUS INVESTMENT PARTNERS, INC.",Virtus Investment Partners Inc,virtus.com,https://ir.virtus.com/ir-home/default.aspx,,https://ir.virtus.com/resources/investor-contacts/default.aspx,,
VISA INC.,VISA Inc,visa.com,https://investor.visa.com/,,https://usa.visa.com/contact-us.html,,
VISHAY INTERTECHNOLOGY INC,Vishay Intertechnology Inc,,,,,,
"VISIUM TECHNOLOGIES, INC.",Visium Technologies Inc,visiumtechnologies.com,https://www.visiumtechnologies.com/investor-relations/,info@visiumtechnologies.com,https://www.visiumtechnologies.com/,info@visiumtechnologies.com,
VISTA GOLD CORP,Vista GOLD Corp,vistagold.com,https://vistagold.com/,,https://www.vistagold.com/contact/contact,,
VISTEON CORP,Visteon Corp,,,,,,
VIVOS INC,Vivos Inc,vivosinc.com,https://vivosinc.com/,info@indiantypefoundry.com,https://vivosinc.com/,info@indiantypefoundry.com,
VOC Energy Trust,VOC Energy Trust,stockanalysis.com,https://stockanalysis.com/stocks/voc/dividend/,,https://stockanalysis.com/stocks/voc/,,
VOLITIONRX LTD,Volitionrx Ltd,seekingalpha.com,https://seekingalpha.com/symbol/VNRX/earnings/transcripts,,https://seekingalpha.com/news/4522440-volitionrx-signals-transformative-period-as-new-partnerships-target-85m-aps-market-and-drive,,
VORNADO REALTY TRUST,Vornado Realty Trust,vno.com,https://www.vno.com/contact-us/investor-relations,,https://www.vno.com/contact-us/general-contact,inquiries@vno.com,
VOXX International Corp,VOXX International Corp,voxxintl.com,https://investors.voxxintl.com/encrypted-node/5811,,https://www.voxxintl.com/,,
"VPR Brands, LP.",VPR Brands LP,vprbrands.com,https://vprbrands.com/,,https://vprbrands.com/contact/,,
VS Trust,VS Trust,mygoodtrust.com,https://mygoodtrust.com/,happy_women_behind_mobile@2x.jpg,https://mygoodtrust.com/articles/how-to-delete-or-get-access-to-a-loved-ones-trust-and-will-account,legalpoc-support@yahoo-inc.com,
VSE CORP,VSE Corp,vsecorp.com,https://ir.vsecorp.com/,investors@vsecorp.com,https://vsecorp.com/contact/,support-ie@vseaviation.com,
"VWF Bancorp, Inc.",VWF Bancorp Inc,thebancorp.com,https://investors.thebancorp.com/press-releases/news-details/2025/The-Bancorp-Inc--Sets-First-Quarter-2025-Financial-Results-Release-Date-and-Conference-Call/default.aspx,,https://thebancorp.com/account-card-holder-assistance/,info@thebancorp.com,
VYNE Therapeutics Inc.,VYNE Therapeutics Inc,vynetherapeutics.com,https://vynetherapeutics.com/investors-media/investor-overview/,,https://vynetherapeutics.com/contact-us/,customerservice@vynetx.com,
"Vacasa, Inc.",Vacasa Inc,vacasa.com,https://www.vacasa.com/real-estate?ID=122,,https://www.vacasa.com/?gaad_id=501836408545&utm_campaignid=914997480&utm_adgroupid=79773099284&utm_adposition=&utm_physicalid=9029181,info@vacasa.com,
Vado Corp.,Vado Corp,,,,,,
Valaris Ltd,Valaris Ltd,,,,,,
"Value Exchange International, Inc.",Value Exchange International Inc,valueexch.com,https://www.valueexch.com/company-info,allsales@value-exch.com,https://www.valueexch.com/,allsales@value-exch.com,
VanEck Bitcoin ETF,Vaneck Bitcoin ETF,vaneck.com,https://www.vaneck.com/us/en/investments/bitcoin-etf-hodl/overview/?ref=tokenmetrics_ai,someone@example.com,https://www.vaneck.com/ucits/bitcoin,someone@example.com,
Vanda Pharmaceuticals Inc.,Vanda Pharmaceuticals Inc,vandapharma.com,https://www.vandapharma.com/investors,pr@vandapharma.com,https://www.vandapharma.com/,,
Vanguard Green Investment Ltd,Vanguard Green Investment Ltd,vanguard.com,https://corporate.vanguard.com/,,https://corporate.vanguard.com/content/corporatesite/us/en/corp/contact-us.html,,
Varex Imaging Corp,Varex Imaging Corp,vareximaging.com,https://www.vareximaging.com/investor-relations/,,https://www.vareximaging.com/contact/,,
"Vaxart, Inc.",Vaxart Inc,vaxart.com,https://investors.vaxart.com/?items_per_page=2&promote=All&sort_order=DESC&page=1,,https://vaxart.com/about/contact/,,
"Vaxcyte, Inc.",Vaxcyte Inc,vaxcyte.com,https://investors.vaxcyte.com/?order=field_nir_sec_date_filed&sort=desc,,https://vaxcyte.com/,,
"Vaxxinity, Inc.",Vaxxinity Inc,vaxxinity.com,https://ir.vaxxinity.com/node/7791/pdf,,https://vaxxinity.com/,,
"Velo3D, Inc.",Velo3d Inc,velo3d.com,https://ir.velo3d.com/,investors@velo3d.com,https://velo3d.com/,,
"Velocity Financial, Inc.",Velocity Financial Inc,velocityfinancial.org,https://www.velocityfinancial.org/,velocityfinancialorg@gmail.com,https://www.velocityfinancial.org/,velocityfinancialorg@gmail.com,
"Vemanti Group, Inc.",Vemanti Group Inc,vemanti.com,https://vemanti.com/,,https://vemanti.com/,,
"Ventas, Inc.",Ventas Inc,,,,,,
"Ventyx Biosciences, Inc.",Ventyx Biosciences Inc,ventyxbio.com,https://ir.ventyxbio.com/investors,,https://ventyxbio.com/contact-us/,,
Venus Concept Inc.,Venus Concept Inc,venusconcept.com,https://ir.venusconcept.com/shareholder-services/investor-faqs/,,https://www.venusconcept.com/en-id/contact-us.htm,info@venusconcept.com,
"Vera Bradley, Inc.",Vera Bradley Inc,verabradley.com,https://investors.verabradley.com/,,https://verabradley.com/pages/customer-service,,
"Vera Therapeutics, Inc.",Vera Therapeutics Inc,,,,,,
Veradigm Inc.,Veradigm Inc,veradigm.com,https://investor.veradigm.com/?s=mdrx,,https://veradigm.com/contact/?category=healthplansandpayers&areaofinterest=qualityanalytics,eccsupport@veradigm.com,
Veralto Corp,Veralto Corp,veralto.com,https://investors.veralto.com/,investors@veralto.com,https://www.veralto.com/contact/,,
Verano Holdings Corp.,Verano Holdings Corp,verano.com,https://investors.verano.com/shareholder-services/investor-faqs,,https://verano.com/contact-us/,ZenLeaf_Logo_Stacked_Black_Border@2x.svg,
"Verb Technology Company, Inc.",Verb Technology Company Inc,cacompanyregistry.com,https://www.cacompanyregistry.com/companies/verb-technology-company-inc/,,https://www.cacompanyregistry.com/companies/verb-technology-company-inc/,,
"Verde Clean Fuels, Inc.",Verde Clean Fuels Inc,verdecleanfuels.com,https://verdecleanfuels.com/,,https://verdecleanfuels.com/,,
Vericel Corp,Vericel Corp,forneriaoriginal.com,,,https://forneriaoriginal.com/?post_type=product&s=2,,
"Veris Residential, Inc.",Veris Residential Inc,verisresidential.com,https://investors.verisresidential.com/,investors@verisresidential.com,https://verisresidential.com/contact-us/,info@verisresidential.com,
"Verisk Analytics, Inc.",Verisk Analytics Inc,verisk.com,https://investor.verisk.com/overview/default.aspx,ir@verisk.com,https://www.verisk.com/company/contact/,,
"Veritone, Inc.",Veritone Inc,veritone.com,https://investors.veritone.com/,investors@veritone.com,https://www.veritone.com/careers/contact-us/,support@veritone.com,
Verona Pharma plc,Verona Pharma PLC,veronapharma.com,https://www.veronapharma.com/investors/,,https://www.veronapharma.com/contact-us/,tbcverona@tenbridgecommunications.com,
Verrica Pharmaceuticals Inc.,Verrica Pharmaceuticals Inc,verrica.com,https://verrica.com/investor-overview/,,https://verrica.com/contact/,%20info@verrica.com,
Versus Systems Inc.,Versus Systems Inc,versussystems.com,https://ir.versussystems.com/,ir@versussystems.com,https://www.versussystems.com/contact,user@domain.com,
Vertex Energy Inc.,Vertex Energy Inc,vertexenergy.com,https://www.vertexenergy.com/,,https://www.vertexenergy.com/contact-us/,u003einfo@VertexEnergy.com,
"Vertex, Inc.",Vertex Inc,vertexinc.com,https://www.vertexinc.com/company/news/latest-news/vertex-announces-third-quarter-2025-financial-results-and-150-million-class-common-stock-repurchase,investors@vertexinc.com,https://www.vertexinc.com/contact-us,,
Vertiv Holdings Co,Vertiv Holdings Co,vertiv.com,https://investors.vertiv.com/overview/default.aspx,ir@vertiv.com,https://www.vertiv.com/en-us/contacts/,salescloudsupport@vertivco.com,
"Verve Therapeutics, Inc.",Verve Therapeutics Inc,vervetrials.com,https://vervetrials.com/,,https://vervetrials.com/,,
"Vestiage, Inc.",Vestiage Inc,patsnap.com,https://discovery.patsnap.com/company/vestiage/,,https://discovery.patsnap.com/company/vestiage/,,
Vestis Corp,Vestis Corp,vestis.com,https://ir.vestis.com/,ir@vestis.com,https://www.vestis.com/customer-support,,
"Via Renewables, Inc.",Via Renewables Inc,viarenewables.com,https://viarenewables.com/,ir@viarenewables.com,https://viarenewables.com/contact-us/,customercare@sparkenergy.com,
Viant Technology Inc.,Viant Technology Inc,viantinc.com,https://www.viantinc.com/company/news/press-releases/viant-announces-appointment-of-vp-of-investor-relations/,press@viantinc.com,https://www.viantinc.com/contact/,,
Viatris Inc,Viatris Inc,viatris.com,https://investor.viatris.com/?elqTrackId=e5b2776a66224c4ab925d0c7cb0fff3e&elqaid=229&elqat=2,,https://www.viatris.com/en/newsroom/contact-us,customer.service@viatris.com,
Vicarious Surgical Inc.,Vicarious Surgical Inc,vicarioussurgical.com,https://investor.vicarioussurgical.com/news/default.aspx,ir@vicarioussurgical.com,https://www.vicarioussurgical.com/contact,info@vicarioussurgical.com,
Victoria's Secret & Co.,Victoria S Secret & Co,,,,,,
"Victory Capital Holdings, Inc.",Victory Capital Holdings Inc,zacks.com,https://www.zacks.com/stock/research/VCTR/company-reports,,https://www.zacks.com/stock/quote/VCTR,,
Viewbix Inc.,Viewbix Inc,globenewswire.com,https://www.globenewswire.com/news-release/2025/06/04/3093993/0/en/Viewbix-Announces-Uplist-to-Nasdaq.html,michal@efraty.com,https://www.globenewswire.com/news-release/2025/06/04/3093993/0/en/Viewbix-Announces-Uplist-to-Nasdaq.html,michal@efraty.com,
"Vigil Neuroscience, Inc.",Vigil Neuroscience Inc,vigilneuro.com,https://investors.vigilneuro.com/node/7391/ixbrl-viewer,,https://www.vigilneuro.com/clinical-trials-privacy-policy,,
"Viking Therapeutics, Inc.",Viking Therapeutics Inc,vikingtherapeutics.com,https://ir.vikingtherapeutics.com/,info@vikingtherapeutics.com,https://vikingtherapeutics.com/contact/,info@vikingtherapeutics.com,
Village Bank & Trust Financial Corp.,Village Bank & Trust Financial Corp,bankatvillage.com,https://www.bankatvillage.com/,,https://www.bankatvillage.com/about-your-bank/connect-with-us/contact.html,,
"Village Farms International, Inc.",Village Farms International Inc,villagefarms.com,https://villagefarms.com/investors/,girishforiosys@gmail.com,https://villagefarms.com/contact/,,
"Vimeo, Inc.",Vimeo Inc,vimeo.com,https://investors.vimeo.com/,,https://vimeo.com/help/contact,,
Vine Hill Capital Investment Corp.,Vine Hill Capital Investment Corp,vinehillcapital.com,https://vinehillcapital.com/,info@vinehillcapital.com,https://vinehillcapital.com/,info@vinehillcapital.com,
"Vintage Wine Estates, Inc.",Vintage Wine Estates Inc,wineindustryadvisor.com,https://wineindustryadvisor.com/2022/02/14/vintage-wine-estates-reports-revenue-growth-84-million-in-second-quarter/,contact@wineindustrynetwork.com,https://wineindustryadvisor.com/2023/01/12/vintage-wine-estates-advances-leadership-team/,contact@wineindustrynetwork.com,
"Viper Energy, Inc.",Viper Energy Inc,,,,,,
"Vir Biotechnology, Inc.",Vir Biotechnology Inc,virnow.com,https://virnow.com/about/history/,info@virnow.com,https://virnow.com/contact/,info@virnow.com,
"VirTra, Inc",Virtra Inc,virtra.com,https://www.virtra.com/investors-hub/,,https://www.virtra.com/support/,,
"Viracta Therapeutics, Inc.",Viracta Therapeutics Inc,viracta.com,https://viracta.com/,Viracta@vlpc.com,http://www.viracta.com/,Viracta@vlpc.com,
Vireo Growth Inc.,Vireo Growth Inc,vireogrowth.com,https://investors.vireogrowth.com/home/default.aspx,,https://vireogrowth.com/contact/,samgibbons@vireohealth.com,
"Virgin Galactic Holdings, Inc",Virgin Galactic Holdings Inc,virgingalactic.com,https://investors.virgingalactic.com/news/news-details/2025/Virgin-Galactic-Announces-Date-of-First-Quarter-2025-Financial-Results-and-Conference-Call/default.aspx,,https://investors.virgingalactic.com/news/news-details/2025/Virgin-Galactic-Announces-Second-Quarter-2025-Financial-Results-and-Provides-Business-Update/default.aspx,,
"Viridian Therapeutics, Inc.\DE",Viridian Therapeutics Inc DE,viridiantherapeutics.com,https://investors.viridiantherapeutics.com/overview/default.aspx,IR@viridiantherapeutics.com,https://www.viridiantherapeutics.com/,,
VirnetX Holding Corp,Virnetx Holding Corp,stockanalysis.com,https://stockanalysis.com/stocks/vhc/,,https://stockanalysis.com/stocks/vhc/company/,,
"Virpax Pharmaceuticals, Inc.",Virpax Pharmaceuticals Inc,virpaxpharma.com,https://virpaxpharma.com/investors/,pr@virpaxpharma.com,https://virpaxpharma.com/contact/,info@virpaxpharma.com,
"Virtu Financial, Inc.",Virtu Financial Inc,virtu.com,https://ir.virtu.com/news-releases/news-release-details/virtu-announces-third-quarter-2025-results,,https://www.virtu.com/contact/,info@virtu.com,
"Vishay Precision Group, Inc.",Vishay Precision Group Inc,,,,,,
"Vislink Technologies, Inc.",Vislink Technologies Inc,vislink.com,https://www.vislink.com/investors/,investors@vislink.com,https://www.vislink.com/contact/support/,support@vislink.com,
"Vistagen Therapeutics, Inc.",Vistagen Therapeutics Inc,,,,,,
Vistra Corp.,Vistra Corp,vistracorp.com,https://investor.vistracorp.com/,investor@vistracorp.com,https://investor.vistracorp.com/contact/,media.relations@vistracorp.com,
"Vita Coco Company, Inc.",Vita Coco Company Inc,,,,,,
"Vital Energy, Inc.",Vital Energy Inc,vitalenergyinc.com,https://www.vitalenergyinc.com/,8c4075d5481d476e945486754f783364@sentry.io,https://www.vitalenergyinc.com/,info@vitalenergyinvestments.com,
"Vitesse Energy, Inc.",Vitesse Energy Inc,vitesse-vts.com,https://ir.vitesse-vts.com/,benmessier@vitesse-vts.com,https://ir.vitesse-vts.com/,info@vitesse-vts.com,
"Vivakor, Inc.",Vivakor Inc,vivakor.com,https://vivakor.com/,info@vivakor.com,https://vivakor.com/contact-us/,support@consulting.com,
"Vivani Medical, Inc.",Vivani Medical Inc,vivani.com,https://investors.vivani.com/investors/news-events,,https://vivani.com/contact/,investors@vivani.com,
"Vivos Therapeutics, Inc.",Vivos Therapeutics Inc,vivosinc.com,https://vivosinc.com/,info@indiantypefoundry.com,https://vivosinc.com/,info@indiantypefoundry.com,
Vizio Holding Corp.,Vizio Holding Corp,vizio.com,https://investors.vizio.com/financials/sec-filings/default.aspx,,https://support.vizio.com/s/contact-us?language=en_US,bg-info@2x.png,
Vocodia Holdings Corp,Vocodia Holdings Corp,vocodia.com,https://ir.vocodia.com/,,https://vocodia.com/,,
"Volato Group, Inc.",Volato Group Inc,flyvolato.com,https://ir.flyvolato.com/news-events/press-releases,,https://flyvolato.com/,email@address.com,
Vontier Corp,Vontier Corp,vontier.com,https://investors.vontier.com/events-and-presentations/default.aspx,,https://www.vontier.com/,investor.relations@vontier.com,
Vor Biopharma Inc.,Vor Biopharma Inc,vorbio.com,https://ir.vorbio.com/news-releases/,,https://www.vorbio.com/contact/,info@vorbio.com,
"Voya Financial, Inc.",Voya Financial Inc,voya.com,https://investors.voya.com/overview/default.aspx,IR@voya.com,https://www.voya.com/contact-us,,
Voyager Acquisition Corp./Cayman Islands,Voyager Acquisition Corp./cayman Islands,voyageracq.com,https://www.voyageracq.com/,info@voyageracq.com,https://www.voyageracq.com/,info@voyageracq.com,
"Voyager Therapeutics, Inc.",Voyager Therapeutics Inc,voyagertherapeutics.com,https://www.voyagertherapeutics.com/,,https://www.voyagertherapeutics.com/,,
"Vroom, Inc.",Vroom Inc,vroom.com,https://ir.vroom.com/shareholder-resources/contact-ir/,,https://www.vroom.com/faq,support@vroom.com,
Vulcan Materials CO,Vulcan Materials Co,vulcanmaterials.com,https://www.vulcanmaterials.com/investors,,https://www.vulcanmaterials.com/contacts,media@vmcmail.com,
Vuzix Corp,Vuzix Corp,visualvisitor.com,https://www.visualvisitor.com/companies/3922122/vuzix_corporation,,https://www.visualvisitor.com/companies/5335855/xensys_corporation,,
"Vynleads, Inc.",Vynleads Inc,vynleads.com,https://vynleads.com/home/,investors@vynleads.com,https://vynleads.com/contact/,support@wearedwd.com,
Vystar Corp,Vystar Corp,vystarcorp.com,https://vystarcorp.com/company-home/investo-relations/,,https://vystarcorp.com/contact-us/,,
W&T OFFSHORE INC,W&T Offshore Inc,wtoffshore.com,https://www.wtoffshore.com/investors,investorrelations@wtoffshore.com,https://www.wtoffshore.com/contact,investorrelations@wtoffshore.com,
W. P. Carey Inc.,W P Carey Inc,wpcarey.com,https://ir.wpcarey.com/financials/quarterly-results/default.aspx,,https://www.wpcarey.com/contact-us,AM@wpcarey.com,
"W.W. GRAINGER, INC.",WW Grainger Inc,grainger.com,https://invest.grainger.com/investor-news/default.aspx,,https://www.grainger.com/content/mc/serving-customers,,
WAFD INC,WAFD Inc,wafdbank.com,https://www.wafdbank.com/about-us/investor-relations,shareholder@broadridge.com,https://www.wafdbank.com/online-and-mobile-banking-service-agreement,onlinebanking@wafd.com,
WARPSPEED TAXI INC.,Warpspeed TAXI Inc,warpspeedtaxi.com,https://warpspeedtaxi.com/warpspeed-taxi-inc-wrpt-monthly-update-with-a-signed-usa-licensing-agreement-five-year-plan-and-beta-testing/,,https://warpspeedtaxi.com/warpspeed-taxi-inc-wrpt-monthly-update-with-a-signed-usa-licensing-agreement-five-year-plan-and-beta-testing/,,
"WARRIOR MET COAL, INC.",Warrior MET COAL Inc,warriormetcoal.com,https://investors.warriormetcoal.com/,,https://warriormetcoal.com/contact/,johndoe@email.com,
WASTE MANAGEMENT INC,Waste Management Inc,,,,,,
WATERS CORP /DE/,Waters Corp,,,,,,
WATSCO INC,Watsco Inc,watsco.com,https://investors.watsco.com/presentations-webcasts,,https://www.watsco.com/,,
WATTS WATER TECHNOLOGIES INC,Watts Water Technologies Inc,wattswater.com,https://investors.wattswater.com/why-invest/default.aspx,,https://investors.wattswater.com/resources/contact-ir/default.aspx,,
WD 40 CO,WD 40 Co,,,,,,
WEBSTER FINANCIAL CORP,Webster Financial Corp,websterbank.com,https://investors.websterbank.com/News--Events/news-releases/news-details/2025/Webster-Financial-Corporation-Announces-Q2-2025-Earnings-Release-and-Conference-Call/default.aspx,reportfraud@websterbank.com,https://www.websterbank.com/personal-banking/wealth-services/contact/,,
WEBTOON Entertainment Inc.,Webtoon Entertainment Inc,webtoons.com,https://www.webtoons.com/en/notice/detail?noticeNo=3248,prospectus-ny@ny.email.gs.com,https://www.webtoons.com/en/contact,webtoonsupport@webtoon.com,
"WEC ENERGY GROUP, INC.",WEC Energy Group Inc,wecenergygroup.com,https://www.wecenergygroup.com/invest/investor.htm,,https://www.wecenergygroup.com/contact/contactus.htm,media@wecenergygroup.com,
WEIS MARKETS INC,WEIS Markets Inc,,,,,,
WELLS FARGO & COMPANY/MN,Wells Fargo & Company/Mn,wellsfargo.com,https://www.wellsfargo.com/about/investor-relations/,investorrelations@wellsfargo.com,https://www.wellsfargo.com/help/contact-us/,,
WERNER ENTERPRISES INC,Werner Enterprises Inc,werner.com,https://investor.werner.com/home/default.aspx?LanguageId=1,,https://investor.werner.com/home/default.aspx,,
WESBANCO INC,Wesbanco Inc,wesbanco.com,https://investor.wesbanco.com/overview/default.aspx,,https://www.wesbanco.com/investment/brokerage/products-services/,WSI@WesBanco.com,
WESCO INTERNATIONAL INC,Wesco International Inc,,,,,,
WEST BANCORPORATION INC,WEST Bancorporation Inc,westernalliancebancorporation.com,https://investors.westernalliancebancorporation.com/ir_home/default.aspx,,https://www.westernalliancebancorporation.com/contact-us,,
WEST PHARMACEUTICAL SERVICES INC,WEST Pharmaceutical Services Inc,westpharma.com,https://investor.westpharma.com/press-releases,,https://www.westpharma.com/,exton.ordermanagement@westpharma.com,
WESTERN ALLIANCE BANCORPORATION,Western Alliance Bancorporation,westernalliancebancorporation.com,https://investors.westernalliancebancorporation.com/ir_home/default.aspx,,https://www.westernalliancebancorporation.com/contact-us,,
WESTERN DIGITAL CORP,Western Digital Corp,westerndigital.com,https://www.westerndigital.com/company/newsroom/press-releases/2025/2025-07-30-western-digital-reports-fiscal-fourth-quarter-and-fiscal-year-2025-financial-results,WD.Mediainquiries@wdc.com,https://www.westerndigital.com/en-ap/support/contact-us,DL-IT-AEM-Support@wdc.com,
WESTINGHOUSE AIR BRAKE TECHNOLOGIES CORP,Westinghouse AIR Brake Technologies Corp,wabteccorp.com,https://ir.wabteccorp.com/sec-filings/sec-filing/10-q/0001628280-25-019005,,https://www.wabteccorp.com/contact-us,,
"WESTWATER RESOURCES, INC.",Westwater Resources Inc,westwaterresources.net,https://westwaterresources.net/investors/investor-overview/,,https://westwaterresources.net/contact/,jon.jacobs@wwr.net,
WEX Inc.,WEX Inc,wexinc.com,https://ir.wexinc.com/overview/default.aspx,steve.elder@wexinc.com,https://customer.wexinc.com/contact/,,
WEYERHAEUSER CO,Weyerhaeuser Co,weyerhaeuser.com,"https://investor.weyerhaeuser.com/2025-01-30-Weyerhaeuser-Reports-Fourth-Quarter,-Full-Year-2024-Results",nancy.thompson@weyerhaeuser.com,https://www.weyerhaeuser.com/company/contact-us-locations/,,
WHIRLPOOL CORP /DE/,Whirlpool Corp,whirlpoolcorp.com,https://investors.whirlpoolcorp.com/why-invest/investor-overview/default.aspx,,https://www.whirlpoolcorp.com/contact.html,info@kitchenaid.com.hk,
WHITE MOUNTAINS INSURANCE GROUP LTD,White Mountains Insurance Group Ltd,whitemountains.com,https://www.whitemountains.com/,,https://www.whitemountains.com/contact/,,
WILLAMETTE VALLEY VINEYARDS INC,Willamette Valley Vineyards Inc,willamettevalley.org,https://www.willamettevalley.org/wine-resources,,https://www.willamettevalley.org/,,
"WILLIAMS COMPANIES, INC.",Williams Companies Inc,williams.com,https://investor.williams.com/events-and-presentations,,https://login.williams.com/gk/contactus-gk.html,helpcenter@williams.com,
WILLIAMS SONOMA INC,Williams Sonoma Inc,williams-sonomainc.com,https://ir.williams-sonomainc.com/investor-information/events-and-presentations/default.aspx,,https://www.williams-sonomainc.com/,,
WILLIS TOWERS WATSON PLC,Willis Towers Watson PLC,willisauto.com,https://www.willisauto.com/new/INFINITI/2025-INFINITI-QX80-9878e9d6ac1808b7d60ed373b52ee2fc.htm,,https://www.willisauto.com/,sales@willisautomotive.edealerhub.com,
WILSON BANK HOLDING CO,Wilson BANK Holding Co,wilsonbank.com,https://www.wilsonbank.com/about-us/who-we-are,,https://www.wilsonbank.com/about-us/contact-us,HR@wilsonbank.com,
WINMARK CORP,Winmark Corp,winmarkcorporation.com,https://winmarkcorporation.com/investors/investor-relations/,,https://winmarkcorporation.com/contact-us/,,
WINNEBAGO INDUSTRIES INC,Winnebago Industries Inc,winnebago.com,https://www.winnebago.com/news/winnebago-industries-announces-inaugural-corporate-responsibility-report,mrssmith@dynamicweb.com,https://www.winnebago.com/?msclkid=6c943b06057111c1d61b5ef79a4cb76b,mrssmith@dynamicweb.com,
WINTRUST FINANCIAL CORP,Wintrust Financial Corp,wintrust.com,https://ir.wintrust.com/investor-news-events/press-releases/default.aspx,,https://www.wintrust.com/contact-us.html,,
"WISA TECHNOLOGIES, INC.",WISA Technologies Inc,wisatechnologies.com,https://ir.wisatechnologies.com/news-events/press-releases/detail/281/wisa-technologies-reports-q1-2024-results?Ã°Å¸Å¡â‚¬&el=de,wisa@lhai.com,https://itsupport.wisatechnologies.com/,,
WK Kellogg Co,WK Kellogg Co,wkkellogg.com,https://www.wkkellogg.com/investors,,https://www.wkkellogg.com/who-we-are/ethics-and-compliance/contact-us,,
"WM TECHNOLOGY, INC.",WM Technology Inc,stockanalysis.com,https://stockanalysis.com/stocks/maps/company/,,https://stockanalysis.com/stocks/maps/company/,,
WNS (HOLDINGS) LTD,WNS Holdings Ltd,wnstalentturf.com,https://wns.wnstalentturf.com/TTurfWNSWebApp/UI/Common/Error.aspx?errmsg=Either+you+are+not+authorised+to+view+this+page+or+trying+to+access+it+directly&r=,,https://wns.wnstalentturf.com/TTurfWNSWebApp/UI/Common/Logout.aspx,,
"WOLFSPEED, INC.",Wolfspeed Inc,wolfspeed.com,https://investor.wolfspeed.com/news/default.aspx,investorrelations@wolfspeed.com,https://www.wolfspeed.com/contact/,,
WOLVERINE WORLD WIDE INC /DE/,Wolverine World WIDE Inc,wolverineworldwide.com,https://www.wolverineworldwide.com/about-us/contact-us/investor-contact/,wolverine-logo@2x.png,https://www.wolverineworldwide.com/about-us/contact-us/,wolverine-logo@2x.png,
WORKIVA INC,Workiva Inc,,,,,,
WORLD ACCEPTANCE CORP,World Acceptance Corp,worldacceptance.com,https://www.worldacceptance.com/,customercommunication@worldacceptance.com,https://www.worldacceptance.com/,customercommunication@worldacceptance.com,
"WORLD HEALTH ENERGY HOLDINGS, INC.",World Health Energy Holdings Inc,whengroup.com,https://www.whengroup.com/investors/,info@worldhealthenergy.com,https://www.whengroup.com/contact-us/,info@worldhealthenergy.com,
WORLD KINECT CORP,World Kinect Corp,world-kinect.com,https://ir.world-kinect.com/investor-tools,,https://www.world-kinect.com/about-us/contact-world-kinect,,
WORLDS INC,Worlds Inc,worlds.com,https://worlds3.worlds.com/investorrelations.html,,https://www.worlds.com/about-worlds,,
"WORTHINGTON ENTERPRISES, INC.",Worthington Enterprises Inc,worthingtonenterprises.com,https://ir.worthingtonenterprises.com/resources/investor-contacts/default.aspx,,https://www.worthingtonenterprises.com/company/working-with-us/contact-us,,
"WRAP TECHNOLOGIES, INC.",WRAP Technologies Inc,phoenixautowrap.com,https://www.phoenixautowrap.com/,,https://www.phoenixautowrap.com/contact.html,,
WSFS FINANCIAL CORP,WSFS Financial Corp,wsfsbank.com,https://investors.wsfsbank.com/resources/investor-contacts/,stockholderrelations@wsfsbank.com,https://www.wsfsbank.com/support/,wallet-cards@3x.png,
"WW INTERNATIONAL, INC.",WW International Inc,weightwatchers.com,https://www.weightwatchers.com/ca/en/,name@email.com,https://www.weightwatchers.com/us/article/contact-us,name@email.com,
"WYNDHAM HOTELS & RESORTS, INC.",Wyndham Hotels & Resorts Inc,wyndhamhotels.com,https://investor.wyndhamhotels.com/,shareholder@broadridge.com,https://www.wyndhamhotels.com/contact-us/about-my-stay,accessibility@wyndham.com,
WYNN RESORTS LTD,WYNN Resorts Ltd,wynnresorts.com,https://investors.wynnresorts.com/press-releases,,https://www.wynnresorts.com/contact,pr@wynnlasvegas.com,
WYTEC INTERNATIONAL INC,Wytec International Inc,,,,,,
Wag! Group Co.,Wag Group Co,wagwaygroup.com,https://wagwaygroup.com/,info@wagwaygroup.com,https://wagwaygroup.com/,info@wagwaygroup.com,
Waitr Holdings Inc.,Waitr Holdings Inc,,,,,,
"Walgreens Boots Alliance, Inc.",Walgreens Boots Alliance Inc,walgreensbootsalliance.com,https://www.walgreensbootsalliance.com/investors,,https://www.walgreensbootsalliance.com/,,
"Walker & Dunlop, Inc.",Walker & Dunlop Inc,walkerdunlop.com,https://investors.walkerdunlop.com/,,https://www.walkerdunlop.com/contact,info@walkerdunlop.com,
Walmart Inc.,Walmart Inc,walmart.com,https://stock.walmart.com/,IR@walmart.com,https://corporate.walmart.com/about/contact,,
Walt Disney Co,Walt Disney Co,thewaltdisneycompany.com,https://thewaltdisneycompany.com/investor-relations/,Corp.Shareholder.Services@disney.com,https://thewaltdisneycompany.com/contact-us/,Corp.supplierdiversity@disney.com,
Warby Parker Inc.,Warby Parker Inc,,,,,,
"Warner Bros. Discovery, Inc.",Warner Bros Discovery Inc,warnerbrosgames.com,https://warnerbrosgames.com/,,https://warnerbrosgames.com/,,
Warner Music Group Corp.,Warner Music Group Corp,warnermusic.com,https://store.warnermusic.com/,,https://eurostore.warnermusic.com/gb/contact_us-music-store.html,hello@wmgcustomerservice.com,
"Waste Connections, Inc.",Waste Connections Inc,wasteconnections.com,https://investors.wasteconnections.com/home?ref=forwhatitsworth.co,,https://www.wasteconnections.com/contact-us/,,
"Waterstone Financial, Inc.",Waterstone Financial Inc,waterstonefinancialpartners.com,https://waterstonefinancialpartners.com/,info@WaterstoneFP.com,https://waterstonefinancialpartners.com/,info@WaterstoneFP.com,
Wave Life Sciences Ltd.,Wave Life Sciences Ltd,wavelifesciences.com,https://ir.wavelifesciences.com/investor-faqs,,https://wavelifesciences.com/company/contact/,,
Wayfair Inc.,Wayfair Inc,aboutwayfair.com,https://www.aboutwayfair.com/category/company-news/wayfair-announces-second-quarter-2025-results-reports-highest-revenue-growth-and-profitability-since-2021,IR@wayfair.com,https://www.aboutwayfair.com/,,
Waystar Holding Corp.,Waystar Holding Corp,waystar.com,https://investors.waystar.com/news-releases/news-release-details/waystar-reports-second-quarter-2025-results,,https://www.waystar.com/contact-us/,,
"Weave Communications, Inc.",Weave Communications Inc,getweave.com,https://investors.getweave.com/overview/default.aspx,ir@getweave.com,https://www.getweave.com/contact-us/,support@getweave.com,
Welsbach Technology Metals Acquisition Corp.,Welsbach Technology Metals Acquisition Corp,welsbach.group,https://welsbach.group/,contact@welsbach.sg,https://welsbach.group/,contact@welsbach.sg,
Welsis Corp.,Welsis Corp,welsis.com,https://www.welsis.com/index.html,,https://www.welsis.com/payment-solutions.html,,
Wendy's Co,Wendy S Co,wendys.com,https://www.wendys.com/online-investor-kit,,https://www.wendys.com/index.php/en-ca/contact-us,fill16@2x.png,
"Western Midstream Partners, LP",Western Midstream Partners LP,westernmidstream.com,https://investors.westernmidstream.com/,Investors@WesternMidstream.com,https://www.westernmidstream.com/contact-us/,mediainquiries@WesternMidstream.com,
"Western New England Bancorp, Inc.",Western New England Bancorp Inc,globenewswire.com,https://www.globenewswire.com/news-release/2025/06/03/3093219/0/en/Western-New-England-Bancorp-Inc-Announces-Completion-of-2024-Repurchase-Plan.html,,https://www.globenewswire.com/news-release/2025/04/22/3065893/0/en/Western-New-England-Bancorp-Inc-Reports-Results-for-Three-Months-Ended-March-31-2025-and-Declares-Quarterly-Cash-Dividend.html,,
Western Uranium & Vanadium Corp.,Western Uranium & Vanadium Corp,western-uranium.com,https://www.western-uranium.com/,ir@western-uranium.com,https://www.western-uranium.com/contactus.html,ir@western-uranium.com,
Westlake Chemical Partners LP,Westlake Chemical Partners LP,westlake.com,https://www.westlake.com/investor-relations,,https://www.westlake.com/customer-service-and-supply-chain,,
Westrock Coffee Co,Westrock Coffee Co,westrockcoffee.com,https://investors.westrockcoffee.com/news-releases/news-release-details/westrock-coffee-company-report-second-quarter-2025-financial,,https://westrockcoffee.com/contact/,customerexpteam@westrockcoffee.com,
Wetouch Technology Inc.,Wetouch Technology Inc,wetouchinc.com,https://www.wetouchinc.com/investors.html,,https://www.wetouchinc.com/,,
"Wheeler Real Estate Investment Trust, Inc.",Wheeler Real Estate Investment Trust Inc,wheelertools.com,https://www.wheelertools.com/,support@wheelertools.com,https://www.wheelertools.com/customer-service/,support@wheelertools.com,
Wheels Up Experience Inc.,Wheels Up Experience Inc,wheelsup.com,https://investors.wheelsup.com/resources/investor-contacts/default.aspx,,https://wheelsup.com/,,
"Where Food Comes From, Inc.",Where Food Comes From Inc,wherefoodcomesfrom.com,https://www.wherefoodcomesfrom.com/investor-relations,605a7baede844d278b89dc95ae0a9123@sentry-next.wixpress.com,https://www.wherefoodcomesfrom.com/,info@wherefoodcomesfrom.com,
White River Energy Corp.,White River Energy Corp,white-river.com,https://white-river.com/,,https://white-river.com/about/,,
"WhiteHorse Finance, Inc.",Whitehorse Finance Inc,,,,,,
Whitestone REIT,Whitestone REIT,whitestonereit.com,https://ir.whitestonereit.com/corporate-profile/default.aspx,,https://www.whitestonereit.com/contact-us/,cropped-logo_w@2x-192x192.png,
"WideOpenWest, Inc.",Wideopenwest Inc,wowway.com,https://ir.wowway.com/investor-relations/overview/default.aspx,,https://ir.wowway.com/investor-relations/resources/contact-investor-relations/default.aspx,,
"Wilhelmina International, Inc.",Wilhelmina International Inc,wilhelmina.com,https://www.wilhelmina.com/investor-relations,,https://www.wilhelmina.com/contact-us,nycshowroom@wilhelmina.com,
WillScot Holdings Corp,Willscot Holdings Corp,,,,,,
"Willdan Group, Inc.",Willdan Group Inc,willdangroup.com,https://ir.willdangroup.com/management,,https://ir.willdangroup.com/contact-board,,
William Penn Bancorporation,William Penn Bancorporation,midpennbank.com,https://investors.midpennbank.com/news-events/press-releases/default.aspx,,https://midpennbank.com/welcome-to-mid-penn-bank/,jordan.space@midpennbank.com,
Willow Lane Acquisition Corp.,Willow Lane Acquisition Corp,willowspac.com,https://www.willowspac.com/investor-relations,,https://willowspac.com/,,
WinVest Acquisition Corp.,Winvest Acquisition Corp,globenewswire.com,https://www.globenewswire.com/de/news-release/2025/05/06/3075604/0/en/WinVest-Acquisition-Corp-Announces-Postponement-of-Special-Meeting-of-Stockholders-to-May-30-2025.html,,https://www.globenewswire.com/news-release/2025/03/13/3042633/0/en/WinVest-Acquisition-Corp-Announces-Extension-of-Termination-Date-and-Additional-Contribution-to-Trust-Account-to-Extend-Termination-Date.html,,
Wingstop Inc.,Wingstop Inc,wingstop.com,https://ir.wingstop.com/,,https://www.wingstop.com/contact-us,,
Winvest Group Ltd,Winvest Group Ltd,winvestgroup.co,https://www.winvestgroup.co/investor-relations/news-publications/,,https://www.winvestgroup.co/about/,info@winvestgroup.co,
WisdomTree Bitcoin Fund,Wisdomtree Bitcoin Fund,,,,,,
"WisdomTree, Inc.",Wisdomtree Inc,,,,,,
Wolverine Resources Corp.,Wolverine Resources Corp,wolverineresourcescorp.com,https://wolverineresourcescorp.com/investors/,investor@wolverinetechnologiescorp.com,https://wolverineresourcescorp.com/,investor@wolverineresourcescorp.com,
"Woodward, Inc.",Woodward Inc,woodwardinc.com,https://woodwardinc.com/,info@woodwardinc.com,https://woodwardinc.com/contact-us-now-because-success-starts-with-communication,info@woodwardinc.com,
"Workday, Inc.",Workday Inc,workday.com,https://investor.workday.com/,,https://www.workday.com/en-us/services/support.html,,
Workhorse Group Inc.,Workhorse Group Inc,workhorse.com,https://ir.workhorse.com/,,https://workhorse.com/,,
Worksport Ltd,Worksport Ltd,worksport.com,https://investors.worksport.com/,investors@worksport.com,https://checkout.worksport.com/pages/support/Support,customerservice@worksport.com,
World Gold Trust,World Gold Trust,trustgoldco.com,https://trustgoldco.com/,,https://trustgoldco.com/,,
"World Scan Project, Inc.",World Scan Project Inc,world-scan-project.com,https://world-scan-project.com/en/about-us/,,https://world-scan-project.com/en/contact/,,
"Worthington Steel, Inc.",Worthington Steel Inc,worthingtonsteel.com,https://ir.worthingtonsteel.com/site-map/default.aspx,,https://www.worthingtonsteel.com/our-company/working-with-us/contact-us,communications@worthingtonsteel.com,
"X4 Pharmaceuticals, Inc",X4 Pharmaceuticals Inc,zonebourse.com,https://www.zonebourse.com/cours/action/X4-PHARMACEUTICALS-INC-55942346/actualite/,,https://www.zonebourse.com/cours/action/X4-PHARMACEUTICALS-INC-55942346/societe/,,
XAI Madison Equity Premium Income Fund,XAI Madison Equity Premium Income Fund,madisonfunds.com,https://madisonfunds.com/,,https://madisonfunds.com/contact/,,
XAI Octagon Floating Rate & Alternative Income Trust,XAI Octagon Floating Rate & Alternative Income Trust,octagoncredit.com,https://www.octagoncredit.com/about-us/press-releases/xflt-announces-portfolio-management-change,KFlynn@XAInvestments.com,https://www.octagoncredit.com/,,
"XBP Europe Holdings, Inc.",XBP Europe Holdings Inc,xbpeurope.com,https://xbpeurope.com/about-xbp-europe/,,https://xbpeurope.com/about-xbp-europe/,,
XBiotech Inc.,Xbiotech Inc,xbiotech.com,https://investors.xbiotech.com/contact-ir/,,https://www.xbiotech.com/contact-us,publicrelations@xbiotech.com,
XCEL ENERGY INC,XCEL Energy Inc,xcelenergy.com,https://investors.xcelenergy.com/overview/default.aspx,darin.norman@xcelenergy.com,https://co.my.xcelenergy.com/customersupport/s/contactsupport,bg-info@2x.png,
"XCel Brands, Inc.",Xcel Brands Inc,xcelbrands.com,https://www.xcelbrands.com/pages/investor-relations,,https://www.xcelbrands.com/pages/contact,info@xcelbrands.com,
"XERIANT, INC.",Xeriant Inc,xeriant.com,https://www.xeriant.com/investor/contact,corporate@xeriant.com,https://www.xeriant.com/,corporate@xeriant.com,
XOMA Royalty Corp,XOMA Royalty Corp,,,,,,
"XPEL, Inc.",XPEL Inc,xpel.com,https://investor.xpel.com/overview/default.aspx,xpel@imsinvestorrelations.com,https://www.xpel.com/contact-us,support@XPEL.com,
"XPO, Inc.",XPO Inc,xpo.com,https://www.xpo.com/investor-presentation/,,https://www.xpo.com/contact-us/,trailerinfo@xpo.com,
"XTI Aerospace, Inc.",XTI Aerospace Inc,xtiaerospace.com,https://ir.xtiaerospace.com/,XTIA@redchip.com,https://xtiaerospace.com/contact/,XTIA@redchip.com,
"XWELL, Inc.",Xwell Inc,,,,,,
Xencor Inc,Xencor Inc,xencor.com,https://investors.xencor.com/,,https://xencor.com/contact-us/,info@xencor.com,
"Xenetic Biosciences, Inc.",Xenetic Biosciences Inc,xeneticbio.com,https://ir.xeneticbio.com/,xbio@jtcir.com,https://www.xeneticbio.com/contact,info@xeneticbio.com,
"Xenia Hotels & Resorts, Inc.",Xenia Hotels & Resorts Inc,xeniaresorts.com,https://xeniaresorts.com/,villa.com.gr@gmail.com,https://xeniaresorts.com/contact-us/,villa.com.gr@gmail.com,
Xenon Pharmaceuticals Inc.,Xenon Pharmaceuticals Inc,xenon-pharma.com,https://investor.xenon-pharma.com/news-releases,,https://xenon-pharma.com/patients,,
"Xeris Biopharma Holdings, Inc.",Xeris Biopharma Holdings Inc,,,,,,
"Xometry, Inc.",Xometry Inc,xometry.com,https://investors.xometry.com/news-releases/news-release-details/xometry-announce-third-quarter-2025-financial-results-november-4,,https://www.xometry.com/contact-us/,support@xometry.com,
"Xos, Inc.",Xos Inc,xos.com,https://www.xos.com/,info@xos.com,https://www.xos.com/service,service@xos.com,
Xperi Inc.,Xperi Inc,xperi.com,https://investor.xperi.com/events-and-presentations/default.aspx,,https://xperi.com/company/contact/,support@play-fi.com,
"Xponential Fitness, Inc.",Xponential Fitness Inc,xponential.com,https://investor.xponential.com/,investor@xponential.com,https://www.xponential.com/contact,,
"Xtant Medical Holdings, Inc.",Xtant Medical Holdings Inc,xtantmedical.com,https://investor.xtantmedical.com/i-r-kit,,https://investor.xtantmedical.com/news-releases/news-release-details/xtant-medical-reports-first-quarter-2025-financial-results,,
Xylem Inc.,Xylem Inc,xyleminc.com,https://eproc.xyleminc.com/XylemPortal/Home/LogOn,,https://myaccess.xyleminc.com/SecurityTokenService/Support.aspx,,
"Y-mAbs Therapeutics, Inc.",Y-Mabs Therapeutics Inc,ymabs.com,https://ir.ymabs.com/news-events/press-releases/,,https://ir.ymabs.com/investor-resources/contact-ir,,
YELP INC,YELP Inc,yelp.com,https://www.yelp.com/about?section=contactUs,,https://business.yelp.com/resources/articles/how-to-contact-yelp/?domain=local-business,restaurantsupport@yelp.com,
YERBAE BRANDS CORP.,Yerbae Brands Corp,yerbae.com,https://yerbae.com/blogs/news/49ers-superstar-brock-purdy-joins-yerbae-s-family-of-investors,,https://yerbae.com/pages/frequently-asked-questions,customerservice@yerbae.com,
"YETI Holdings, Inc.",YETI Holdings Inc,,,,,,
YHN Acquisition I Ltd,YHN Acquisition I Ltd,yhn-acq.com,https://yhn-acq.com/,,https://yhn-acq.com/,,
YIJIA GROUP CORP.,Yijia Group Corp,yijiainternational.com,https://yijiainternational.com/en/investor-relations,,https://www.yijiainternational.com/en/contact/contact-us,,
YORK WATER CO,YORK Water Co,yorkwater.com,https://www.yorkwater.com/investor-relations/,,https://www.yorkwater.com/customer-service/,,
"YOUNEEQAI TECHNICAL SERVICES, INC.",Youneeqai Technical Services Inc,youneeqai.com,https://youneeqai.com/investors/,support@youneeq.ca,https://youneeqai.com/,support@youneeq.ca,
YUM BRANDS INC,YUM Brands Inc,yumbrands.org,https://yumbrands.org/index,,https://yumbrands.org/,,
YUNHONG GREEN CTI LTD.,Yunhong Green CTI Ltd,ctiindustries.com,https://ctiindustries.com/,New_Banner4_2000x@3x.jpg,https://ctiindustries.com/pages/contact-us,Info@ctiindustries.com,
"Yale Transaction Finders, Inc.",Yale Transaction Finders Inc,otcmarkets.com,https://www.otcmarkets.com/stock/YTFD/overview,,https://www.otcmarkets.com/stock/YTFD/profile,,
Yellow Corp,Yellow Corp,myyellow.com,https://investors.myyellow.com/printed-materials/,,https://myyellow.com/contact-us/,,
"Yext, Inc.",Yext Inc,yext.com,https://investors.yext.com/,ir@yext.com,https://www.yext.com/contact/sales,,
Yong Bai Chao New Retail Corp,Yong Bai Chao New Retail Corp,eintaxid.com,https://eintaxid.com/company/203626387-yong-bai-chao-new-retail-corp/,,https://eintaxid.com/company/203626387-yong-bai-chao-new-retail-corp/,,
Yoshiharu Global Co.,Yoshiharu Global Co,yoshiharuglobal.com,https://yoshiharuglobal.com/,,https://yoshiharuglobal.com/,,
Yotta Acquisition Corp,Yotta Acquisition Corp,withyotta.com,https://www.withyotta.com/,support@withyotta.com,https://help.withyotta.com/en/articles/5108571-how-can-i-contact-yotta,support@withyotta.com,
Yuenglings Ice Cream Corp,Yuenglings Ice Cream Corp,yuenglingsicecream.com,https://yuenglingsicecream.com/,,https://yuenglingsicecream.com/contact-us/,jd@yic-onlinedistributors.com,
"Yum China Holdings, Inc.",Yum China Holdings Inc,,,,,,
ZEBRA TECHNOLOGIES CORP,Zebra Technologies Corp,zebra.com,https://investors.zebra.com/overview/default.aspx,InvestorRelations@Zebra.com,https://www.zebra.com/us/en/about-zebra/contact-zebra/contact-tech-support.html,,
"ZEVRA THERAPEUTICS, INC.",Zevra Therapeutics Inc,zevra.com,https://zevra.com/,,https://zevra.com/contact/,,
"ZIFF DAVIS, INC.",ZIFF Davis Inc,ziffdavis.com,https://investor.ziffdavis.com/presentations-reports/default.aspx,,https://investor.ziffdavis.com/resources/contact-us/default.aspx,,
"ZILLOW GROUP, INC.",Zillow Group Inc,zillowgroup.com,https://investors.zillowgroup.com/investors/overview/default.aspx,,https://www.zillowgroup.com/about-us/our-services/,,
"ZIMMER BIOMET HOLDINGS, INC.",Zimmer Biomet Holdings Inc,zimmerbiomet.com,https://investor.zimmerbiomet.com/,keri.mattox@zimmerbiomet.com,https://www.zimmerbiomet.com/en/about-us/contact-us.html,,
ZION OIL & GAS INC,ZION OIL & GAS Inc,zionoil.com,https://www.zionoil.com/investor-center/,,https://www.zionoil.com/contact-us/,,
"ZIPRECRUITER, INC.",Ziprecruiter Inc,ziprecruiter.com,https://www.ziprecruiter.com/blog/investor-day/,,https://www.ziprecruiter.com/contact/,,
ZYNEX INC,Zynex Inc,zynexinc.com,http://zynexinc.com/,,https://zynexinc.com/,,
Zai Lab Ltd,Zai Lab Ltd,zailaboratory.com,https://ir.zailaboratory.com/investor-overview/,,https://www.zailaboratory.com/contact-us/,medinfo@zailaboratory.com,
Zalatoris II Acquisition Corp,Zalatoris II Acquisition Corp,,,,,,
Zapata Computing Holdings Inc.,Zapata Computing Holdings Inc,thequantuminsider.com,https://thequantuminsider.com/2024/10/12/zapata-computing-holdings-inc-ceases-operations/,matt@thequantuminsider.com,https://thequantuminsider.com/2024/10/12/zapata-computing-holdings-inc-ceases-operations/,matt@thequantuminsider.com,
"Zedge, Inc.",Zedge Inc,zedge.net,https://investor.zedge.net/,,https://help.zedge.net/hc/en-us,,
"Zenas BioPharma, Inc.",Zenas Biopharma Inc,zenasbio.com,https://investors.zenasbio.com/ir-resources/investor-faqs,,https://zenasbio.com/contact-us/,masthead_our-science@2x.jpg,
"Zentalis Pharmaceuticals, Inc.",Zentalis Pharmaceuticals Inc,zentalis.com,https://www.zentalis.com/ir-home,alevy@zentalis.com,https://www.zentalis.com/about/contact,,
Zeo Energy Corp.,Zeo Energy Corp,zeoenergy.com,https://investors.zeoenergy.com/,ZEO@gateway-grp.com,https://zeoenergy.com/service,support@zeoenergy.com,
"Zeo ScientifiX, Inc.",Zeo Scientifix Inc,zeo.org,https://zeo.org/hello,hello@zeo.org,https://zeo.org/hello,hello@zeo.org,
Zeta Global Holdings Corp.,Zeta Global Holdings Corp,zetaglobal.com,https://investors.zetaglobal.com/news/news-details/2025/Zeta-Global-to-Announce-Second-Quarter-2025-Results-on-August-5-2025/default.aspx,,https://zetaglobal.com/about/contact-us/,,
Zevia PBC,Zevia PBC,drinkzevia.com,https://www.drinkzevia.com/terms-of-use,zevia@zevia.com,https://www.drinkzevia.com/terms-of-use,zevia@zevia.com,
Zhanling International Ltd,Zhanling International Ltd,,,,,,
ZimVie Inc.,Zimvie Inc,zimvie.com,https://investor.zimvie.com/news-releases/news-release-details/zimvie-report-second-quarter-2025-financial-results-july-30-2025,,https://zimvie.com/content/zimvie-corporate/na/supplier-T&C.html,,
"Zivo Bioscience, Inc.",Zivo Bioscience Inc,zivobioscience.com,https://ir.zivobioscience.com/,ID@equiniti.com,https://www.zivobioscience.com/contact,info@zivobioscience.com,
"Zoned Properties, Inc.",Zoned Properties Inc,zonedproperties.com,https://ir.zonedproperties.com/,investors@zonedproperties.com,https://zonedproperties.com/,clients@ZonedProperties.com,
"Zoom Communications, Inc.",Zoom Communications Inc,zoom.com,https://www.zoom.com/,,https://support.zoom.com/hc/en,,
ZoomInfo Technologies Inc.,Zoominfo Technologies Inc,,,,,,
"Zoomcar Holdings, Inc.",Zoomcar Holdings Inc,zoomcar.com,https://investor-relations.zoomcar.com/in/investor-relations/,investors@zoomcar.com,https://www.zoomcar.com/,,
"Zscaler, Inc.",Zscaler Inc,zscaler.com,https://ir.zscaler.com/financial-information/sec-filings,,https://www.zscaler.com/company/contact,,
Zumiez Inc,Zumiez Inc,zumiez.com,https://ir.zumiez.com/,,https://www.zumiez.com/help,,
Zura Bio Ltd,Zura Bio Ltd,zurabio.com,https://investors.zurabio.com/ir-resources/faqs,,https://zurabio.com/contact/,info@zurabio.com,
Zurn Elkay Water Solutions Corp,Zurn Elkay Water Solutions Corp,zurnelkay.com,https://investors.zurnelkay.com/news/news-details/2025/Zurn-Elkay-Water-Solutions-Reports-Second-Quarter-2025-Financial-Results/default.aspx,,https://zurnelkay.com/contact-us,%20zurn.customercare@Zurn.com,
"ZyVersa Therapeutics, Inc.",Zyversa Therapeutics Inc,zyversa.com,https://www.zyversa.com/,,https://www.zyversa.com/contact,,
Zymeworks Inc.,Zymeworks Inc,zymeworks.com,https://ir.zymeworks.com/investor-relations/,,https://www.zymeworks.com/contact/,,
aTYR PHARMA INC,Atyr Pharma Inc,atyrpharma.com,https://investors.atyrpharma.com/index.php/investors,,https://atyrpharma.com/,,
abrdn Gold ETF Trust,Abrdn Gold ETF Trust,,,,,,
"agilon health, inc.",Agilon Health Inc,agilonhealth.com,https://investors.agilonhealth.com/news/news-details/2025/agilon-health-Reports-Second-Quarter-2025-Results/default.aspx,,https://www.agilonhealth.com/contact-us/,,
authID Inc.,Authid Inc,authid.ai,https://investors.authid.ai/,,https://authid.ai/contact-us/,,
"bioAffinity Technologies, Inc.",Bioaffinity Technologies Inc,bioaffinitytech.com,https://ir.bioaffinitytech.com/,jao@bioaffinitytech.com,https://bioaffinitytech.com/contact/,info@bioaffinitytech.com,
biote Corp.,Biote Corp,biote.com,https://ir.biote.com/financial-information/quarterly-results,,https://biote.com/,,
"bluebird bio, Inc.",Bluebird Bio Inc,bluebirdbio.com,https://investor.bluebirdbio.com/news-releases/,,https://prodadmin.bluebirdbio.com/contact-us,info@bluebirdbio.com,
"bowmo, Inc.",Bowmo Inc,bowmo.com,https://bowmo.com/newsroom/,wordpress@example.com,https://bowmo.com/contact-us/,info@bowmo.com,
byNordic Acquisition Corp,Bynordic Acquisition Corp,bynordic.se,https://www.bynordic.se/investor-relations,inbound@bynordic.se,https://www.bynordic.se/,inbound@bynordic.se,
"cbdMD, Inc.",Cbdmd Inc,cbdmd.com,https://www.cbdmd.com/pages/investors,,https://www.cbdmd.com/pages/support,support@cbdmd.com,
"dMY Squared Technology Group, Inc.",Dmy Squared Technology Group Inc,dmysquared.com,https://www.dmysquared.com/dmy-squared/,,https://www.dmysquared.com/,,
"e.l.f. Beauty, Inc.",E.l.f Beauty Inc,elfbeauty.com,https://investor.elfbeauty.com/stock-and-financial/press-releases/landing-news/2025/05-28-2025-210551641,,https://www.elfbeauty.com/contact-us,ir@elfbeauty.com,
"eFFECTOR Therapeutics, Inc.",Effector Therapeutics Inc,effector.com,https://effector.com/,EFFECTOR@vlpc.com,https://effector.com/,EFFECTOR@vlpc.com,
"eHealth, Inc.",Ehealth Inc,,,,,,
enGene Holdings Inc.,Engene Holdings Inc,engene.com,https://engene.com/investors/,,https://engene.com/contact/,,
enVVeno Medical Corp,Envveno Medical Corp,,,,,,
fuboTV Inc. /FL,Fubotv Inc /Fl,cordcutting.com,https://cordcutting.com/services/fubotv/,,https://cordcutting.com/services/fubotv/,,
"i3 Verticals, Inc.",I3 Verticals Inc,i3verticals.com,https://investors.i3verticals.com/overview,,https://www.i3verticals.com/contact/,info@i3verticals.com,
"iANTHUS CAPITAL HOLDINGS, INC.",Ianthus Capital Holdings Inc,ianthus.com,https://www.ianthus.com/investors,Investors@ianthuscapital.com,https://www.ianthus.com/contact,careers@ianthuscapital.com,
"iBio, Inc.",Ibio Inc,ibioinc.com,https://ir.ibioinc.com/,ir@ibioinc.com,https://ir.ibioinc.com/company-information,info@ibioinc.com,
"iLearningEngines, Inc.",Ilearningengines Inc,,,,,,
iPower Inc.,Ipower Inc,ipower.com,http://www1.ipower.com/support/contact.html,compliance@ipower-inc.com,http://www1.ipower.com/support/contact.html,compliance@ipower-inc.com,
iQSTEL Inc,Iqstel Inc,iqstel.com,https://www.iqstel.com/investors,contact@iqstel.com,https://www.iqstel.com/,contact@iqstel.com,
"iRhythm Technologies, Inc.",Irhythm Technologies Inc,irhythmtech.com,https://investors.irhythmtech.com/resources/investor-faqs/default.aspx,,https://www.irhythmtech.com/us/en/who-we-are/contact-us/patient-support,support@irhythmtech.com,
iShares Silver Trust,Ishares Silver Trust,ishares.com,https://www.ishares.com/us/products/239855/ishares-silver-trust-fund,,https://www.ishares.com/us/products/239855/ishares-silver-trust-fund,,
iSpecimen Inc.,Ispecimen Inc,ispecimen.com,https://investors.ispecimen.com/,info@ispecimen.com,https://www.ispecimen.com/contact-us/,info@ispecimen.com,
"iTeos Therapeutics, Inc.",Iteos Therapeutics Inc,,,,,,
iWallet Corp,Iwallet Corp,iwallet.com,https://blog.iwallet.com/,wordpress@example.com,https://blog.iwallet.com/contact/,wordpress@example.com,
"indie Semiconductor, Inc.",Indie Semiconductor Inc,indie.inc,https://investors.indie.inc/news/,,https://www.indie.inc/contact/,dgkim@omacom.co.kr,
"loanDepot, Inc.",Loandepot Inc,loandepot.com,https://investors.loandepot.com/events-and-presentations/default.aspx,,https://www.loandepot.com/about/contactus,customercare@loandepot.com,
lululemon athletica inc.,Lululemon Athletica Inc,,,,,,
micromobility.com Inc.,micromobility.com Inc,micromobility.com,https://micromobility.com/,,https://micromobility.com/pages/contact,support@micromobility.com,
"nCino, Inc.",Ncino Inc,ncino.com,https://www.ncino.com/news/ncino-reports-fourth-quarter-fiscal-2025-results,Natalia.moose@ncino.com,https://www.ncino.com/,,
nVent Electric plc,Nvent Electric PLC,nvent.com,https://investors.nvent.com/investor-relations/default.aspx,Tony.Riter@nVent.com,https://www.nvent.com/en-us/nVent-Contact-Us,,
reAlpha Tech Corp.,Realpha Tech Corp,,,,,,
scPharmaceuticals Inc.,Scpharmaceuticals Inc,scpharmaceuticals.com,https://ir.scpharmaceuticals.com/stock-information/stock-quote,,https://scpharmaceuticals.com/,,
uniQure N.V.,Uniqure NV,uniqure.com,https://www.uniqure.com/investors-media/press-releases,,https://www.uniqure.com/pioneers-leaders/leadership,,
vTv Therapeutics Inc.,Vtv Therapeutics Inc,vtvtherapeutics.com,https://ir.vtvtherapeutics.com/stock-information/,,https://vtvtherapeutics.com/contact-us/,info@vtvtherapeutics.com,
"zSpace, Inc.",Zspace Inc,zspace.com,https://investor.zspace.com/,investor@zspace.com,https://zspace.com/contact,,
