company,filing_type,executive_name,executive_title,confidence
"Gryphon Digital Mining, Inc.",8-K,Jessica Billingsley,Chief Executive Officer,high
FOCUS UNIVERSAL INC.,8-K,Desheng Wang,Chief Executive Officer,high
BlackRock TCP Capital Corp.,8-K,Rajneesh Vig,Chairman and Chief Executive Officer By,high
CENTERPOINT ENERGY INC,8-K,Christopher A. Foster,"Executive Vice President and Chief Financial Officer Accepted as of the date first written above BOFA SECURITIES, INC",high
CENTERPOINT ENERGY INC,8-K,Dev Gandhi,"Managing Director RBC CAPITAL MARKETS, LLC As Manager and Forward Seller By",high
Osprey Bitcoin Trust,8-K,Gregory D. King,Chief Executive Officer,high
ASPEN AEROGELS INC,8-K,Ricardo C. Rodriguez,Chief Financial Officer and Treasurer,high
"HERTZ GLOBAL HOLDINGS, INC",8-K,Alexandra Brooks,Executive Vice President and Chief Financial Officer Date,high
ANGIODYNAMICS INC,8-K,Stephen A. Trowbridge,Executive Vice President and Chief Financial Officer,high
Worksport Ltd,8-K,Steven Rossi,Chief Executive Officer,high
Bone Biologics Corp,8-K,Jeffrey Frelick,Chief Executive Officer INDEX TO EXHIBITS Exhibit Number Description,high
Titan Environmental Solutions Inc.,8-K,Glen Miller,Chief Executive Officer By,high
Janover Inc.,8-K,Blake Janover,Chief Executive Officer and President,high
ENTERPRISE PRODUCTS PARTNERS L.P.,8-K,Christian M. Nelly,Executive Vice President,high
ENTERPRISE PRODUCTS PARTNERS L.P.,8-K,Brian Jensen,Vice President Thirty,high
New Horizon Aircraft Ltd.,8-K,Davin Kazama,Chief Executive Officer,high
"American Healthcare REIT, Inc.",8-K,Danny Prosky,Chief Executive Officer and President,high
MAGELLAN COPPER & GOLD INC.,8-K,Michael Lavigne,Chief Executive Officer,high
EMCORE CORP,8-K,Jeffrey Rittichier,President and CEO,high
EMCORE CORP,8-K,Bradley L. Radoff,Director,high
"CONSTELLATION BRANDS, INC.",8-K,Michael Reitz,Vice President and Treasurer Signature Page,high
SeaStar Medical Holding Corp,8-K,Eric Schlorff,Chief Executive Officer,high
FEDERAL REALTY INVESTMENT TRUST,8-K,Daniel Guglielmone,Executive Vice President,high
FEDERAL REALTY INVESTMENT TRUST,8-K,Gaurav Maria,"Managing Director BOFA SECURITIES, INC",high
FEDERAL REALTY INVESTMENT TRUST,8-K,Hicham Hamdouch,"Managing Director WELLS FARGO SECURITIES, LLC By",high
"Concrete Pumping Holdings, Inc.",8-K,Iain Humphries,Chief Financial Officer and Secretary Dated,high
"Heritage Insurance Holdings, Inc.",8-K,Joseph Vattamattam,Chairman of the Compensation Committee EXECUTIVE,high
3D SYSTEMS CORP,8-K,Jeffrey A. Graves,President and Chief Executive Officer,high
LIVE VENTURES Inc,8-K,Jon Isaac,Chief Executive Officer Dated,high
"Ampio Pharmaceuticals, Inc.",8-K,Michael A. Martino,Chief Executive Officer,high
INTERNATIONAL FLAVORS & FRAGRANCES INC,8-K,Jennifer Johnson,"Executive Vice President, General Counsel and Corporate SecretaryDate",high
"MFA FINANCIAL, INC.",8-K,Craig Knutson,Chief Executive Officer and President,high
"MFA FINANCIAL, INC.",8-K,Carolyn Hurley,Managing Director MORGAN STANLEY & CO,high
"MFA FINANCIAL, INC.",8-K,Hector Vazquez,Executive Director PIPER SANDLER & CO,high
"MFA FINANCIAL, INC.",8-K,John Sciales,Director,high
SUN COMMUNITIES INC,8-K,Jully Jiang,Authorized Officer Signature Page to Fifth Supplemental Indenture EXHIBIT A,high
EnerSys,8-K,Andrea Harris,Vice President,high
SUPERIOR INDUSTRIES INTERNATIONAL INC,8-K,Thomas Lynch,Managing Director,high
"RELMADA THERAPEUTICS, INC.",8-K,Sergio Traversa,Chief Executive Officer,high
Energy Transfer LP,8-K,Dylan A. Bramhall,Chief Financial Officer Signature Page to Underwriting Agreement Accepted,high
Energy Transfer LP,8-K,Adam D. Bordner,Managing Director Credit Agricole Securities,high
Energy Transfer LP,8-K,Ivan Hrazdira,Managing Director By,high
Energy Transfer LP,8-K,Kevin Prior,Director By,high
Energy Transfer LP,8-K,Valerie Shadeck,"Managing Director RBC Capital Markets, LLC By",high
ALLIANCE ENTERTAINMENT HOLDING CORP,8-K,Bruce Ogilvie,Executive Chairman,high
"CareMax, Inc.",8-K,Kevin Wirges,"Executive Vice President, Chief Financial Officer and Treasurer",high
Jaws Mustang Acquisition Corp,8-K,Andrew Klaber,Chief Executive Officer,high
HOVNANIAN ENTERPRISES INC,8-K,Shirley Nessralla,Vice President and Manager,high
"Evofem Biosciences, Inc.",8-K,Saundra Pelletier,Chief Executive Officer,high
"Scorpius Holdings, Inc.",8-K,Jeff Wolf,Chief Executive Officer,high
"Vivakor, Inc.",8-K,James Ballengee,Chief Executive Officer,high
"Summit Materials, Inc.",8-K,Christopher B. Gaskill,"EVP, Chief Legal Officer & Secretary Date",high
Bukit Jalil Global Acquisition 1 Ltd.,8-K,Seck Chyn Foo,Chief Executive Officer,high
GROUP 1 AUTOMOTIVE INC,8-K,Gillian A. Hobson,Senior Vice President,high
Nukkleus Inc.,8-K,Emil Assentato,Chief Executive Officer,high
Ovintiv Inc.,8-K,Dawna I. Gibb,Assistant Corporate Secretary,high
"ADVENT TECHNOLOGIES HOLDINGS, INC.",8-K,Vassilios Gregoriou,Chairman and Chief Executive Officer,high
Israel Acquisitions Corp,8-K,Ziv Elul,Chief Executive Officer Date,high
Israel Acquisitions Corp,8-K,Felix Orihuela,Senior Vice President ISRAEL ACQUISITIONS CORP By,high
"Glucotrack, Inc.",8-K,Paul Goode,Chief Executive Officer,high
"Scienture Holdings, Inc.",8-K,Suren Ajjarapu,Chief Executive Officer Dated,high
"Tenon Medical, Inc.",8-K,Steven M. Foster,Chief Executive Officer and President,high
AirJoule Technologies Corp.,8-K,Patrick C. Eilers,Chief Executive Officer,high
"Avenir Wellness Solutions, Inc.",8-K,Joel Bennett,Chief Financial Officer,high
"NKGen Biotech, Inc.",8-K,Paul Y. Song,Chief Executive Officer,high
Tidal Commodities Trust I,8-K,Guillermo Trias,"Chief Executive Officer of Tidal Investment LLC, as Sponsor",high
Franklin Templeton Digital Holdings Trust,8-K,David Mann,"President and Chief Executive Officer FRANKLIN TEMPLETON DIGITAL HOLDINGS TRUST, on behalf of Franklin Bitcoin ETF by DELAWARE TRUST COMPANY, as Delaware Trustee By",high
Blue Owl Capital Corp,8-K,Jonathan Lamm,Chief Operating Officer and Chief Financial Officer,high
SemiLEDs Corp,8-K,Christopher Lee,Chief Financial Officer,high
OCA Acquisition Corp.,8-K,David Shen,Chief Executive Officer and President,high
CARTERS INC,8-K,Antonio D. Robinson,"Senior Vice President, General Counsel, Corporate Secretary, CSR & Chief Compliance Officer",high
Canoo Inc.,8-K,Hector Ruiz,General Counsel and Corporate Secretary,high
Canoo Inc.,8-K,Tony Aquila,Chief Executive Officer INVESTOR,high
COMMERCIAL METALS Co,8-K,Jody K. Absher,"Senior Vice President, Chief Legal Officer and Corporate Secretary",high
Prairie Operating Co.,8-K,Edward Kovalik,Chief Executive Officer PRAIRIE OPERATING CO,high
"Bark, Inc.",8-K,Allison Koehler,General Counsel and Secretary Date,high
"Groupon, Inc.",8-K,Jiri Ponrt,Chief Financial Officer,high
"Zoomcar Holdings, Inc.",8-K,Greg Moran,Chief Executive Officer and Director,high
"CarGurus, Inc.",8-K,Javier Zamora,General Counsel & Corporate Secretary,high
TopBuild Corp,8-K,Robert Kuhns,Vice President and Chief Financial Officer Dated,high
Hennessy Capital Investment Corp. VI,8-K,Nicholas Petruska,Chief Financial Officer Dated,high
Hennessy Capital Investment Corp. VI,8-K,Daniel J. Hennessy,Chairman and Chief Executive Officer,high
Bravo Multinational Inc.,8-K,Richard Kaiser,Director,high
Broad Capital Acquisition Corp,8-K,Johann Tse,Chief Executive Officer,high
Broad Capital Acquisition Corp,8-K,Francis Wolf,Senior Vice President and Director of Shareholder Services BROAD CAPITAL ACQUISITION CORP,high
MICRON TECHNOLOGY INC,8-K,Mark Murphy,Executive Vice President and Chief Financial Officer,high
"Lightning eMotors, Inc.",8-K,Timothy Reeser,Chief Executive Officer and President,high
Maquia Capital Acquisition Corp,8-K,Jeronimo Peralta,Chief Financial Officer,high
Versus Systems Inc.,8-K,Matthew Pierce,Chief Executive Officer,high
TERAWULF INC.,8-K,Stefanie C. Fleischmann,Chief Legal Officer & Corporate Secretary Dated,high
"Knightscope, Inc.",8-K,William Santana Li,Chief Executive Officer and President,high
NETSTREIT Corp.,8-K,Cathleen Burke,Managing Director Accepted and confirmed as of the date first above written,high
NETSTREIT Corp.,8-K,Daniel P. Donlan,Chief Financial Officer and Treasurer,high
NETSTREIT Corp.,8-K,Rohan Handa,Managing Director Accepted and confirmed as of the date first above written,high
Aquaron Acquisition Corp.,8-K,Yi Zhou,Chief Executive Officer,high
Main Street Capital CORP,8-K,Jason B. Beauvais,General Counsel,high
Main Street Capital CORP,8-K,Dwayne L. Hyzak,"Chief Executive OfficerConfirmed and Accepted, as of the date first above written",high
Main Street Capital CORP,8-K,Thomas Bausano,Managing DirectorFor itself and on behalf of the other Underwriters named on Schedule A hereto,high
Main Street Capital CORP,8-K,April Bradley,Vice President,high
COLUMBUS MCKINNON CORP,8-K,Gregory P. Rustowicz,"Executive Vice President, Finance and Chief Financial Officer Dated",high
"Voya Financial, Inc.",8-K,My Chi To,"Executive Vice President, Chief Legal Officer and Corporate Secretary Dated",high
ACADIA REALTY TRUST,8-K,John Gottfried,Executive Vice President and Chief Financial Officer,high
ACADIA REALTY TRUST,8-K,Jason Blacksberg,Executive Vice President and Chief Legal Officer ACADIA REALTY LIMITED PARTNERSHIP By,high
WinVest Acquisition Corp.,8-K,Manish Jhunjhunwala,Chief Executive Officer and Chief Financial Officer,high
"NEWMARK GROUP, INC.",8-K,Michael J. Rispoli,"Chief Financial Officer REGIONS BANK, as Trustee By",high
"NEWMARK GROUP, INC.",8-K,Michael Rispoli,Chief Financial Officer Confirmed and accepted as of the date first written above,high
ALT5 Sigma Corp,8-K,Tony Isaac,President and Chief Executive Officer Dated,high
"DIH HOLDING US, INC.",8-K,Zachary Wang,Chief Executive Officer and Chairman,high
"Franklin BSP Realty Trust, Inc.",8-K,Micah Goodman,General Counsel and Secretary,high
CNH Industrial N.V.,8-K,Roberto Russo,Chief Legal and Compliance Officer Date,high
"iLearningEngines, Inc.",8-K,Matthew Safaii,Chief Executive Officer,high
Brixmor Property Group Inc.,8-K,Steven F. Siegel,"Executive Vice President, General Counsel and Secretary BRIXMOR OPERATING PARTNERSHIP LP By",high
Brixmor Property Group Inc.,8-K,Stacey B. Poindexter,Vice President,high
Brixmor Property Group Inc.,8-K,Som Bhattacharyya,Executive Director PNC Capital Markets LLC By,high
"TKO Group Holdings, Inc.",8-K,Andrew Schleimer,Chief Financial Officer Date,high
"TKO Group Holdings, Inc.",8-K,Mark Shapiro,President and Chief Operating Officer EMPLOYEE,high
"Utz Brands, Inc.",8-K,Ajay Kataria,"Executive Vice President, Chief Financial Officer",high
"Petros Pharmaceuticals, Inc.",8-K,Fady Boctor,President and Chief Commercial Officer,high
"T-Mobile US, Inc.",8-K,Johannes Thorsteinsson,"Senior Vice President, Treasury & Treasurer T",high
"T-Mobile US, Inc.",8-K,Taylor D. Joss,Managing Director,high
"T-Mobile US, Inc.",8-K,Nicholas Tatlow,Managing Director,high
"T-Mobile US, Inc.",8-K,Todd Mahoney,"Managing Director, Head of DCM Syndicate Americas By",high
"T-Mobile US, Inc.",8-K,Carol Ng,Vice President By,high
"Marygold Companies, Inc.",8-K,Nicholas Gerber,Chief Executive Officer Dated,high
Xperi Inc.,8-K,Rebecca K. Marquez,Chief Legal Officer and Corporate Secretary,high
KILROY REALTY CORP,8-K,Eliott Trencher,"EVP, Chief Financial Officer and Chief Investment Officer By",high
KILROY REALTY CORP,8-K,Jeff Horowitz,Managing Director J,high
KILROY REALTY CORP,8-K,Michael Ravanesi,Managing Director & Head of U,high
Assure Holdings Corp.,8-K,John Farlinger,Chief Executive Officer,high
ENDI Corp.,8-K,David Sherman,Chief Executive Officer Agreed and Accepted as of the date first written above,high
ENDI Corp.,8-K,Alea Kleinhammer,Chief Financial Officer Confirmed and Agreed,high
HWH International Inc.,8-K,Rongguo Wei,Chief Financial Officer,high
HWH International Inc.,8-K,Heng Fai Ambrose Chan,Chief Executive Officer,high
HWH International Inc.,8-K,Lui Wai Leung Alan,Chief Financial Officer,high
"PaxMedica, Inc.",8-K,Howard J. Weisman,Chief Executive Officer Date,high
"Global Business Travel Group, Inc.",8-K,Eric J. Bock,"Chief Legal Officer, Global Head of M&A and Compliance and Corporate Secretary Date",high
"Global Business Travel Group, Inc.",8-K,Katharine B. Douglas,Treasurer,high
"BioSig Technologies, Inc.",8-K,Kenneth L. Londoner,Executive Chairman,high
PRUDENTIAL FINANCIAL INC,8-K,Brian P. Spitser,Vice President and Assistant Secretary,high
DYNATRONICS CORP,8-K,Brian Baker,President & Chief Executive Officer,high
U.S. GoldMining Inc.,8-K,Tim Smith,Chief Executive Officer,high
"F&G Annuities & Life, Inc.",8-K,Jodi Ahlman,"Senior Vice President, General Counsel & Secretary",high
AMERICAN EXPRESS CO,8-K,Kristina V. Fink,Corporate Secretary Date,high
KALTURA INC,8-K,Zvi Maayan,General Counsel and Corporate Secretary,high
Amerant Bancorp Inc.,8-K,Julio V. Pena,"Senior Vice President, Securities Counsel and Corporate Secretary",high
"EAGLE PHARMACEUTICALS, INC.",8-K,Brian Cahill,"Chief Financial Officer Signature Page to Waiver and First Amendment to Third Amended and Restated Credit Agreement Eagle Pharmaceuticals, Inc",high
"EAGLE PHARMACEUTICALS, INC.",8-K,Andy Reidell,"Executive Director Signature Page to Waiver and First Amendment to Third Amended and Restated Credit Agreement Eagle Pharmaceuticals, Inc",high
"EAGLE PHARMACEUTICALS, INC.",8-K,Ryan Debski,Secretary ACACIA PHARMA GROUP LIMITED By,high
GUARANTY BANCSHARES INC /TX/,8-K,Tyson T. Abston,Chairman of the Board and Chief Executive Officer,high
Restaurant Brands International Limited Partnership,8-K,Jill Granat,General Counsel and Secretary,high
RF Acquisition Corp.,8-K,Tse Meng Ng,Chief Executive Officer Date,high
DocGo Inc.,8-K,Norman Rosenberg,Chief Financial Officer and Treasurer Date,high
Rumble Inc.,8-K,Michael Ellis,General Counsel and Corporate Secretary,high
SAFE & GREEN HOLDINGS CORP.,8-K,Paul Galvin,Chief Executive Officer BUYER,high
SAFE & GREEN HOLDINGS CORP.,8-K,Patricia Kaelin,Chief Financial Officer,high
ANSYS INC,8-K,Sassine Ghazi,Chief Executive Officer ALTA ACQUISITION CORP,high
"MARA Holdings, Inc.",8-K,Zabi Nowaid,General Counsel,high
RENOVARO INC.,8-K,Luisa Puche,Chief Financial Officer Date,high
Applied Digital Corp.,8-K,David Rench,Chief Financial Officer,high
MORGAN STANLEY,8-K,Raja Akram,Deputy Chief Financial Officer,high
CARVANA CO.,8-K,Paul Breaux,"Vice President, General Counsel, and Secretary",high
TALOS ENERGY INC.,8-K,Michael T. Dane,Chief Executive Officer EQUITYHOLDERS,high
CSLM ACQUISITION CORP.,8-K,Charles Cassel,Chief Executive Officer,high
FIRST CITIZENS BANCSHARES INC /DE/,8-K,Craig L. Nix,Chief Financial Officer,high
Compass Diversified Holdings,8-K,Raj Dalal,"President & CEOMERGER SUBTHP MERGER SUB, LLCBy",high
Compass Diversified Holdings,8-K,Beatrice Dixon,Chief Executive Officer,high
Compass Diversified Holdings,8-K,Darryl Thompson,Sole DirectorBLOCKER II SELLER,high
"Amprius Technologies, Inc.",8-K,Sandra Wallach,Chief Financial Officer,high
BranchOut Food Inc.,8-K,Eric Healy,Chief Executive Officer Company,high
Johnson Controls International plc,8-K,Richard J. Dancy,Vice President and Corporate Secretary,high
"Falcon's Beyond Global, Inc.",8-K,Bruce A. Brown,"Executive Vice President of Legal, General Counsel and Corporate Secretary",high
Pyrophyte Acquisition Corp.,8-K,Sten Gustafson,Chief Financial Officer,high
"EKSO BIONICS HOLDINGS, INC.",8-K,Jerome Wong,Chief Financial Officer Dated,high
EVOME MEDICAL TECHNOLOGIES INC.,8-K,Natalia Vakhitova,Chief Financial Officer,high
AMETEK INC/,8-K,Thomas M. Montgomery,Senior Vice President,high
SEAFARER EXPLORATION CORP,8-K,Kyle Kennedy,Chief Executive Officer,high
"60 DEGREES PHARMACEUTICALS, INC.",8-K,Geoffrey Dow,Chief Executive Officer and President,high
African Agriculture Holdings Inc.,8-K,Harry Green,Chief Financial Officer,high
"Transcode Therapeutics, Inc.",8-K,Thomas Fitzgerald,Chief Financial Officer,high
INNO HOLDINGS INC.,8-K,Dekui Liu,"Chief Executive Officer, Director and Chairman Date",high
"Interactive Brokers Group, Inc.",8-K,Paul J. Brody,"Chief Financial Officer, Treasurer and Secretary",high
NN INC,8-K,Michael C. Felcher,Senior Vice President,high
FARO TECHNOLOGIES INC,8-K,Peter J. Lau,President & CEODate,high
"Sixth Street Specialty Lending, Inc.",8-K,Ian T. Simmonds,Chief Financial Officer U,high
"Sixth Street Specialty Lending, Inc.",8-K,Timothy Stephens,Managing Director,high
CoJax Oil & Gas Corp,8-K,Jeffrey J. Guzy,Chief Financial Officer,high
"Armour Residential REIT, Inc.",8-K,Mark Gruber,Chief Investment Officer,high
"ADIAL PHARMACEUTICALS, INC.",8-K,Cary J. Claiborne,President and Chief Executive Officer,high
KINGSWAY FINANCIAL SERVICES INC,8-K,Kent A. Hansen,Chief Financial Officer,high
Southport Acquisition Corp,8-K,Jeb Spencer,Chief Executive Officer,high
Sable Offshore Corp.,8-K,Gregory D. Patrinely,Executive Vice President and Chief Financial Officer,high
White River Energy Corp.,8-K,Jay Puchir,Chief Financial Officer,high
"Reborn Coffee, Inc.",8-K,Jay Kim,Chief Executive Officer,high
"Reborn Coffee, Inc.",8-K,Jay Y. Kim,Chief Executive Officer Notice Address,high
"Volato Group, Inc.",8-K,Mark Heinen,Chief Financial Officer,high
COMPASS MINERALS INTERNATIONAL INC,8-K,Mary L. Frontczak,Chief Legal and Administrative Officer and Corporate Secretary,high
Plum Acquisition Corp. III,8-K,Kanishka Roy,President and Chief Executive Officer,high
Kairous Acquisition Corp. Ltd,8-K,Athiwat Apichote,Chief Executive Officer,high
"Camping World Holdings, Inc.",8-K,Lindsey Christen,Chief Administrative and Legal Officer Date,high
"Eve Holding, Inc.",8-K,Johann Bordais,Chief Executive Officer,high
Coronado Global Resources Inc.,8-K,Christopher P. Meyering,"Vice President, Chief Legal Officer Date",high
"Solid Power, Inc.",8-K,James Liebscher,Chief Legal Officer and Secretary,high
"Five Point Holdings, LLC",8-K,Kim Tobler,Vice President FIVE POINT CAPITAL CORP,high
"Five Point Holdings, LLC",8-K,Michael Alvarado,"Chief Legal Officer, Vice President and Secretary",high
"EnLink Midstream, LLC",8-K,Benjamin D. Lamb,Executive Vice President and Chief Financial Officer,high
"EnLink Midstream, LLC",8-K,Gregg Myers,"Chief Financial Officer GIP III STETSON II, L",high
Star Holdings,8-K,Jay Sugarman,Chief Executive Officer,high
Smith Douglas Homes Corp.,8-K,Russ Devendorf,"Executive Vice President and Chief Financial Officer SMITH DOUGLAS BUILDING SERVICES LLC, a Georgia limited liability company By",high
Smith Douglas Homes Corp.,8-K,Andrew Beardan,Director,high
Smith Douglas Homes Corp.,8-K,Nadeige Dang,Executive Director,high
Smith Douglas Homes Corp.,8-K,Ted Smith,Senior Vice President,high
Smith Douglas Homes Corp.,8-K,Brett A. Steele,"Vice President, General Counsel, and Secretary MANAGER",high
"Light & Wonder, Inc.",8-K,James Sottile,"Executive Vice President, Chief Legal Officer and Corporate Secretary",high
"Light & Wonder, Inc.",8-K,Carolina Arean,Vice President,high
Eagle Point Credit Co Inc.,8-K,Kenneth P. Onorio,Chief Financial Officer EAGLE POINT CREDIT MANAGEMENT LLC By,high
Eagle Point Credit Co Inc.,8-K,Jeffrey Caliva,Managing Director,high
FIVE STAR BANCORP,8-K,Heather Luck,Senior Vice President and Chief Financial Officer Date,high
"Electriq Power Holdings, Inc.",8-K,Petrina Thomson,Chief Financial Officer,high
Trump Media & Technology Group Corp.,8-K,Eric Swider,Chief Executive Officer,high
"Aveanna Healthcare Holdings, Inc.",8-K,Ed Reisz,Chief Administrative Officer Dated,high
TuSimple Holdings Inc.,8-K,Cheng Lu,Chief Executive Officer EXECUTIVE By,high
EVgo Inc.,8-K,Olga Shevorenkova,Chief Financial Officer,high
Hyzon Motors Inc.,8-K,Parker Meeks,Chief Executive Officer,high
"Prologis, Inc.",8-K,Timothy D. Arndt,"Chief Financial Officer PROLOGIS, L",high
"KINETA, INC./DE",8-K,Shawn Iadonato,Chief Executive Officer and Director,high
EQT Corp,8-K,Jeremy T. Knop,Chief Financial Officer,high
EQT Corp,8-K,Sofia Barrera Jaime,"Vice President Signature Page to Third Amendment to Credit Agreement MIZUHO BANK, LTD",high
EQT Corp,8-K,Edward Sacks,"Executive Director Signature Page to Third Amendment to Credit Agreement ROYAL BANK OF CANADA, as a Third Amendment Consenting Lender By",high
EQT Corp,8-K,John Mammen,"Managing Director Signature Page to Third Amendment to Credit Agreement BANK OF AMERICA, N",high
EQT Corp,8-K,Salman Samar,"Director Signature Page to Third Amendment to Credit Agreement BOK Financial, as a Third Amendment Consenting Lender By",high
EQT Corp,8-K,Maureen Maroney,"Vice President Signature Page to Third Amendment to Credit Agreement First National Bank of Pennsylvania, as a Third Amendment Consenting Lender By",high
EQT Corp,8-K,Alkesh Nanavaty,"Executive Director Signature Page to Third Amendment to Credit Agreement The Bank of Nova Scotia, Houston Branch, as a Third Amendment Consenting Lender By",high
EQT Corp,8-K,James Giordano,Managing Director Signature Page to Third Amendment to Credit Agreement U,high
EQT Corp,8-K,Paul V. Farrell,"Vice President Signature Page to Third Amendment to Credit Agreement M&T Bank, as a Third Amendment Consenting Lender By",high
"GOLUB CAPITAL BDC, Inc.",8-K,Christopher C. Ericson,Chief Financial Officer,high
SMARTSHEET INC,8-K,Pete Godbole,Chief Financial Officer & Treasurer Date,high
"TIGO ENERGY, INC.",8-K,Bill Roeschlein,Chief Financial Officer,high
"TruBridge, Inc.",8-K,Chris Fowler,President and Chief Executive Officer BUYER,high
"TruBridge, Inc.",8-K,Dave Wessinger,Chief Executive Officer SELLER,high
"TruBridge, Inc.",8-K,George Hunter,"Vice President COMPUTER PROGRAMS AND SYSTEMS, INC",high
"TruBridge, Inc.",8-K,Jeetu Pandian,"Senior Vice President COMPUTER PROGRAMS AND SYSTEMS, INC",high
"TruBridge, Inc.",8-K,Megan Wood,"Vice President II COMPUTER PROGRAMS AND SYSTEMS, INC",high
"TruBridge, Inc.",8-K,Angela Dunn,"Senior Vice President COMPUTER PROGRAMS AND SYSTEMS, INC",high
"TruBridge, Inc.",8-K,H. Hope Walker,"Senior Vice President COMPUTER PROGRAMS AND SYSTEMS, INC",high
Idaho Copper Corp,8-K,Robert Scannell,Chief Financial Officer and Treasurer,high
"Tingo Group, Inc.",8-K,Kenneth Denos,Chief Executive Officer,high
"Toughbuilt Industries, Inc",8-K,Martin Galstyan,Chief Financial Officer,high
"GoodRx Holdings, Inc.",8-K,Karsten Voermann,Chief Financial Officer,high
"Marpai, Inc.",8-K,Damien Lamendola,Chief Executive Officer,high
"Carlyle Secured Lending, Inc.",8-K,Thomas M. Hennigan,Chief Financial Officer,high
"BERRY GLOBAL GROUP, INC.",8-K,Jason K. Greene,"Executive Vice President, Chief Legal Officer and Secretary",high
"BERRY GLOBAL GROUP, INC.",8-K,Chris Wood,Managing Director J,high
EzFill Holdings Inc,8-K,Yehuda Levy,Interim Chief Executive Officer,high
PLUG POWER INC,8-K,Paul Middleton,Chief Financial Officer,high
PLUG POWER INC,8-K,Paul B. Middleton,Chief Financial Officer ACCEPTED as of the date first,high
KITE REALTY GROUP TRUST,8-K,Heath Fear,Executive Vice President and Chief Financial Officer,high
KITE REALTY GROUP TRUST,8-K,Linda Garcia,Vice President,high
"My Size, Inc.",8-K,Ronen Luzon,Chief Executive Officer,high
Discover Financial Services,8-K,Hope D. Mehlman,"Executive Vice President, Chief Legal Officer, General Counsel and Secretary",high
"PENSKE AUTOMOTIVE GROUP, INC.",8-K,Shane M. Spradlin,Executive Vice President,high
"MYOMO, INC.",8-K,David A. Henry,Chief Financial Officer,high
"MYOMO, INC.",8-K,Thomas Higgins,Managing Director Address for notice,high
Synchrony Financial,8-K,Jonathan Mothner,"Executive Vice President, Chief Risk and Legal Officer EXHIBIT INDEX Number Description",high
"NanoVibronix, Inc.",8-K,Stephen Brown,Chief Financial Officer,high
IMPERIAL OIL LTD,8-K,Cathryn Walker,Assistant corporate secretary,high
Palmer Square Capital BDC Inc.,8-K,Jeffrey D. Fox,Chief Financial Officer,high
"System1, Inc.",8-K,Tridivesh Kidambi,Chief Financial Officer,high
VAALCO ENERGY INC /DE/,8-K,Jason Doornik,Chief Accounting Officer,high
PHOENIX MOTOR INC.,8-K,Chris Wang,Chief Financial Officer,high
"Childrens Place, Inc.",8-K,Jane Elfers,President and Chief Executive Officer,high
Yotta Acquisition Corp,8-K,Hui Chen,Chief Executive Officer,high
"Sila Realty Trust, Inc.",8-K,Kay C. Neely,Chief Financial Officer,high
Spring Valley Acquisition Corp. II,8-K,Christopher Sorrells,Chief Executive Officer,high
Spring Valley Acquisition Corp. II,8-K,David Levinson,Corporate Secretary,high
Jet.AI Inc.,8-K,George Murnane,Interim Chief Financial Officer Date,high
COGNIZANT TECHNOLOGY SOLUTIONS CORP,8-K,John Kim,"Executive Vice President, General Counsel, Chief Corporate Affairs Officer and Secretary Date",high
Gamer Pakistan Inc,8-K,James Knopf,Chief Executive Officer,high
"NEXSTAR MEDIA GROUP, INC.",8-K,Lee Ann Gliha,Chief Financial Officer,high
"MAIA Biotechnology, Inc.",8-K,Vlad Vitoc,Chief Executive Officer,high
"BALLY, CORP.",8-K,Haiping Hu,Chief Executive Officer,high
"BrightView Holdings, Inc.",8-K,Jonathan M. Gottsegen,"Executive Vice President, Chief Legal Officer and Corporate Secretary",high
TARGET CORP,8-K,Melissa K. Kremer,Executive Vice President and Chief Human Resources Officer,high
"Caesars Entertainment, Inc.",8-K,Bret Yunker,Chief Financial Officer,high
ALLSTATE CORP,8-K,John C. Pintozzi,"Senior Vice President, Controller and Chief Accounting Officer Date",high
"Processa Pharmaceuticals, Inc.",8-K,James Stanker,Chief Financial Officer,high
"KONA GOLD BEVERAGE, INC.",8-K,Robert Clark,President and Chief Executive Officer,high
"Surrozen, Inc./DE",8-K,Charles Williams,Chief Financial Officer,high
Data Storage Corp,8-K,Charles M. Piluso,Chief Executive Officer,high
"Southern States Bancshares, Inc.",8-K,Lynn Joyce,Senior Executive Vice President and Chief Financial Officer,high
Direct Selling Acquisition Corp.,8-K,Dave Wentz,Chief Executive Officer HUNCH TECHNOLOGIES LIMITED By,high
Direct Selling Acquisition Corp.,8-K,Melissa Tomkiel,President QUICK RESPONSE SERVICES PROVIDER LLP By,high
Direct Selling Acquisition Corp.,8-K,Amit Dutta,Director FLYBLADE,high
Direct Selling Acquisition Corp.,8-K,Brig Rajeev Varma,Director HTL MERGER SUB LLC By,high
"FLYWHEEL ADVANCED TECHNOLOGY, INC.",8-K,Tang Siu Fung,Chief Executive Officer,high
"Microvast Holdings, Inc.",8-K,Craig Webster,Chief Financial Officer,high
"FIREFLY NEUROSCIENCE, INC.",8-K,Jon Olsen,"Chief Executive Officer MERGER SUB FFN MERGER SUB, INC",high
NorthView Acquisition Corp,8-K,Fred Knechtel,Chief Financial Officer,high
Battery Future Acquisition Corp.,8-K,Stephen Gill,Director,high
Battery Future Acquisition Corp.,8-K,Nazan Akdeniz,Chief Operating Officer Accepted and agreed as of the date set forth above,high
SOUTHERN FIRST BANCSHARES INC,8-K,D. Andrew Borrmann,Chief Financial Officer January,high
"CITIUS ONCOLOGY, INC.",8-K,Xiaofeng Yuan,Chairman and Chief Executive Officer,high
"CITIUS ONCOLOGY, INC.",8-K,Taylor Zhang,Chief Financial Officer and Director,high
"AVIS BUDGET GROUP, INC.",8-K,Jean M. Sera,"Senior Vice President, General Counsel, Chief Compliance Officer and Corporate Secretary Date",high
"AVIS BUDGET GROUP, INC.",8-K,David Calabria,Senior Vice President and Treasurer Signature Page to AESOP,high
"AVIS BUDGET GROUP, INC.",8-K,Vassilena Ouzounova,"Vice President THE BANK OF NEW YORK MELLON TRUST COMPANY, N",high
"AVIS BUDGET GROUP, INC.",8-K,Mitchell L. Brumwell,"Vice President JPMORGAN CHASE BANK, N",high
"AVIS BUDGET GROUP, INC.",8-K,Catherine V. Frank,"Managing Director AGREED, ACKNOWLEDGED AND CONSENTED",high
"AVIS BUDGET GROUP, INC.",8-K,Douglas Noe,"Managing Director CAFCO, LLC, as a CP Conduit Purchaser under the Series",high
"AVIS BUDGET GROUP, INC.",8-K,Martin Finan,"Managing Director SOCIETE GENERALE, as a Funding Agent and an APA Bank under the Series",high
"AVIS BUDGET GROUP, INC.",8-K,Michael Ryan,"Managing Director CREDIT AGRICOLE CORPORATE AND INVESTMENT BANK, as a Funding Agent and an APA Bank under the Series",high
"AVIS BUDGET GROUP, INC.",8-K,Andrew Estes,"Director THUNDER BAY FUNDING, LLC, as a CP Conduit Purchaser under the Series",high
"AVIS BUDGET GROUP, INC.",8-K,Steven Parsons,Director By,high
"AVIS BUDGET GROUP, INC.",8-K,Benjamin Keskic,"Vice President FAIRWAY FINANCE COMPANY, LLC, as a CP Conduit Purchaser under the Series",high
"AVIS BUDGET GROUP, INC.",8-K,Irina Khaimova,Vice President BMO CAPITAL MARKETS CORP,high
"AVIS BUDGET GROUP, INC.",8-K,Matt Peters,"Managing Director VICTORY RECEIVABLES CORPORATION, as CP Conduit Purchaser under the Series",high
"AVIS BUDGET GROUP, INC.",8-K,Brian Chin,"Director MUFG BANK, LTD",high
"AVIS BUDGET GROUP, INC.",8-K,Edward Leng,Director By,high
"AVIS BUDGET GROUP, INC.",8-K,Emily Shields,"Senior Vice President MORGAN STANLEY BANK, N",high
"AVIS BUDGET GROUP, INC.",8-K,Leigh Poltrack,Director U,high
"AVIS BUDGET GROUP, INC.",8-K,Pawel Bania,"Vice President MIZUHO BANK, LTD",high
"AVIS BUDGET GROUP, INC.",8-K,Jeremy Ebrahim,"Managing Director AESOP LEASING, L",high
"AVIS BUDGET GROUP, INC.",8-K,Neil Bautista,"Director BARCLAYS BANK PLC, as an APA Bank under the Series",high
"UpHealth, Inc.",8-K,Jennifer J. Provenzano,Senior Vice President Address,high
"UpHealth, Inc.",8-K,Michael C. Jenkins,Vice President Address,high
"UpHealth, Inc.",8-K,Jeremy Livianu,SecretaryEXHIBIT C NOTICETo the Holders of,high
ASP Isotopes Inc.,8-K,Paul Mann,Chief Executive Officer,high
WillScot Holdings Corp,8-K,Hezron Timothy Lopez,"Executive Vice President, Chief Legal & Compliance Officer & ESG",high
"ARTIVION, INC.",8-K,Lance A. Berry,"Executive Vice President, Chief Financial Officer and Treasurer",high
"ARTIVION, INC.",8-K,K. Patel,Director By,high
"ARTIVION, INC.",8-K,Stephen Nesbitt,President,high
"Aimei Health Technology Co., Ltd.",8-K,Juan Fernandez Pascual,Chief Executive Officer Dated,high
Ally Financial Inc.,8-K,Jeffrey A. Belisle,Corporate Secretary,high
PEPSICO INC,8-K,Cynthia A. Nastanski,"Senior Vice President, Corporate Law and Deputy Corporate Secretary",high
"AST SpaceMobile, Inc.",8-K,Sean Wallace,Chief Financial Officer Place of Execution,high
"AST SpaceMobile, Inc.",8-K,Sanjay Kapoor,"Vice President, Corporate Development Place of Execution",high
REGENCY CENTERS CORP,8-K,Craig V. Koshkarian,Director,high
REGENCY CENTERS CORP,8-K,Andrew T. White,Senior Vice President,high
REGENCY CENTERS CORP,8-K,Trudy Wilson,Vice President,high
REGENCY CENTERS CORP,8-K,Steve Hall,Senior Vice President,high
REGENCY CENTERS CORP,8-K,George Skoufis,Vice President,high
REGENCY CENTERS CORP,8-K,Rebecca Liu Chabanon,Director,high
REGENCY CENTERS CORP,8-K,Abdullah Dahman,Director,high
REGENCY CENTERS CORP,8-K,Lisa Palmer,President and Chief Executive Officer REGENCY CENTERS CORPORATION By,high
REGENCY CENTERS CORP,8-K,Sheryl Lear,Vice President,high
REGENCY CENTERS CORP,8-K,Michael J. Mas,Executive Vice President and Chief Financial Officer Trustee,high
Hall of Fame Resort & Entertainment Co,8-K,Michael Crawford,President and Chief Executive Officer,high
Hall of Fame Resort & Entertainment Co,8-K,John A. Mase,Chief Executive Officer Lender,high
Hall of Fame Resort & Entertainment Co,8-K,Stuart Lichter,President Second Amendment to Second A&R Note CH Capital Lending,high
Hall of Fame Resort & Entertainment Co,8-K,John Mase,"Chief Executive Officer ACKNOWLEDGMENT A notary public or other officer completing this certificate verifies only the identity of the individual who signed the document to which this certificate is attached, and not the truthfulness, accuracy, or validity of that document",high
DATASEA INC.,8-K,Zhixin Liu,Chief Executive Officer,high
Green Giant Inc.,8-K,Yuhuai Luo,Chief Executive Officer and Chairman,high
TETRA TECHNOLOGIES INC,8-K,Brady Murphy,Director Fifth Amendment to Credit Agreement,high
TETRA TECHNOLOGIES INC,8-K,Jacek Mucha,Vice President,high
TETRA TECHNOLOGIES INC,8-K,Devin Mock,Authorized OfficerFifth Amendment to Credit Agreement,high
TETRA TECHNOLOGIES INC,8-K,Thomas Pietro,Assistant Vice PresidentFifth Amendment to Credit Agreement,high
PEABODY ENERGY CORP,8-K,Mark A. Spurbeck,Executive Vice President and Chief Financial Officer,high
PEABODY ENERGY CORP,8-K,Gabriel X. Garcia,"Executive Director TEXAS CAPITAL BANK, as an Issuing Lender By",high
PEABODY ENERGY CORP,8-K,Joe Kucik,"Senior Vice President FIRST FOUNDATION BANK, as an Issuing Lender By",high
PEABODY ENERGY CORP,8-K,Jim Esinduy,"Managing Director NORTHWEST BANK, as a Lender By",high
PEABODY ENERGY CORP,8-K,Stephen J. Orban,"Senior Vice President STIFEL BANK & TRUST, as a Lender By",high
Bannix Acquisition Corp.,8-K,Douglas Davis,Chief Executive Officer,high
"loanDepot, Inc.",8-K,David Hayes,Chief Financial Officer Date,high
"loanDepot, Inc.",8-K,Valerie Delgado,Senior Trust Officer,high
"loanDepot, Inc.",8-K,Jonathan Davis,Executive Director,high
"HALLMARK VENTURE GROUP, INC.",8-K,Steven Arenal,President and Chief Executive Officer,high
REGIONS FINANCIAL CORP,8-K,Karin K. Allen,Executive Vice President and Assistant Controller,high
GD Culture Group Ltd,8-K,Xiao Jian Wang,"Chief Executive Officer, President and Chairman of the Board",high
"Spirit Airlines, Inc.",8-K,Thomas Canfield,Senior Vice President and General Counsel,high
AdvanSix Inc.,8-K,Achilles B. Kintiroglou,"Senior Vice President, General Counsel and Corporate Secretary",high
Liquidia Corp,8-K,Roger Jeffs,Chief Executive Officer,high
AES CORP,8-K,Paul L. Freedman,"Executive Vice President, General Counsel and Corporate Secretary",high
AVANT TECHNOLOGIES INC.,8-K,Vitalis Racius,"Chief Financial Officer, Director & Treasurer",high
"RYAN SPECIALTY HOLDINGS, INC.",8-K,Patrick G. Ryan,Managing Director,high
"RYAN SPECIALTY HOLDINGS, INC.",8-K,Milena Kolev,Vice President,high
Spectaire Holdings Inc.,8-K,Brian Semkiw,Chief Executive Officer,high
"Arena Group Holdings, Inc.",8-K,Douglas B. Smith,Chief Financial Officer,high
"GenFlat Holdings, Inc.",8-K,Drew D. Hall,Chief Executive Officer and Chief Financial Officer Dated,high
METRO ONE TELECOMMUNICATIONS INC,8-K,Elchanan Maoz,"Chief Executive Officer, President and Director",high
FOXO TECHNOLOGIES INC.,8-K,Mark White,Interim Chief Executive Officer,high
"Acadia Healthcare Company, Inc.",8-K,Heather B. Dixon,Vice President and Treasurer,high
"Abpro Holdings, Inc.",8-K,Shahraab Ahmad,Chief Executive Officer Dated,high
"Abpro Holdings, Inc.",8-K,Jin Sang Yang,President Address for Notice,high
"Abpro Holdings, Inc.",8-K,Ian Chan,Chief Executive Officer Address for Notice,high
MGO Global Inc.,8-K,Maximiliano Ojeda,Chief Executive Officer,high
Venus Concept Inc.,8-K,Hemanth Varghese,President and General Manager VENUS CONCEPT LTD,high
Venus Concept Inc.,8-K,Luis F. Moran,Vice President,high
RYVYL Inc.,8-K,Fredi Nisan,Chief Executive Officer false,high
"Eos Energy Enterprises, Inc.",8-K,Nathan Kroeker,Chief Financial Officer,high
EVERSOURCE ENERGY,8-K,David Mikula,"Managing Director BNY MELLON CAPITAL MARKETS, LLC By",high
EVERSOURCE ENERGY,8-K,Kevin Dirkse,Managing Director MIZUHO SECURITIES USA LLC By,high
EVERSOURCE ENERGY,8-K,Luiz Lanfredi,"Director WELLS FARGO SECURITIES, LLC By",high
Cannabist Co Holdings Inc.,8-K,David Sirolly,Chief Legal Officer & General CounselDate,high
Booking Holdings Inc.,8-K,Peter J. Millones,Executive Vice President and General Counsel Date,high
"ASSURANT, INC.",8-K,Mariana Wisk,Senior Vice President and Corporate Secretary,high
BTC Digital Ltd.,8-K,Siguang Peng,Chief Executive Officer,high
"Vislink Technologies, Inc.",8-K,Carleton M. Miller,Chief Executive Officer,high
IX Acquisition Corp.,8-K,Noah Aptekar,Chief Financial Officer and Chief Operating Officer Dated,high
Hut 8 Corp.,8-K,Aniss Amdiss,Chief Legal Officer and Corporate Secretary,high
PROKIDNEY CORP.,8-K,Todd Girolamo,Chief Legal Officer,high
PROKIDNEY CORP.,8-K,Donald Lynaugh,Managing Director EXHIBIT A ISSUANCE NOTICE,high
"Rimini Street, Inc.",8-K,Seth A. Ravin,President and Chief Executive Officer,high
Palladyne AI Corp.,8-K,Stephen Sonne,Chief Legal Officer PARENT,high
Palladyne AI Corp.,8-K,Dennis Weibling,Chairman of the Board EXECUTIVE,high
"WRAP TECHNOLOGIES, INC.",8-K,Jared Novick,Chief Operating Officer,high
"Dare Bioscience, Inc.",8-K,Sabrina Martucci Johnson,President and Chief Executive Officer,high
ADC Therapeutics SA,8-K,Peter J. Graham,Chief Legal Officer,high
ADC Therapeutics SA,8-K,Ameet Mallik,Chief Executive Officer GUARANTORS,high
ADC Therapeutics SA,8-K,Matthew Stewart,Managing Director By,high
Embrace Change Acquisition Corp.,8-K,Jingyu Wang,Chief Executive Officer,high
"Thunder Power Holdings, Inc.",8-K,Yuanmei Ma,Chief Financial Officer,high
"Thunder Power Holdings, Inc.",8-K,Wellen Sham,Chief Executive Officer of TPH,high
ITT INC.,8-K,Lori B. Marino,"Senior Vice President, General Counsel and Corporate Secretary",high
"Fluent, Inc.",8-K,Donald Patrick,Chief Executive Officer,high
"NANOVIRICIDES, INC.",8-K,Anil Diwan,"Chairman, President",high
ORAMED PHARMACEUTICALS INC.,8-K,Nadav Kidron,President and CEO January,high
Cartesian Growth Corp II,8-K,Peter Yu,Chief Executive Officer Date,high
Cartesian Growth Corp II,8-K,Beth Michelson,Manager and Vice President,high
"Nauticus Robotics, Inc.",8-K,Nicholas J. Bigney,General Counsel,high
BIOVIE INC.,8-K,Joanne Wendy Kim,Chief Financial Officer,high
"Viridian Therapeutics, Inc.\DE",8-K,Seth Harmon,Senior Vice President of Finance and Accounting,high
"Viridian Therapeutics, Inc.\DE",8-K,Dustin Tyner,Managing Director LEERINK PARTNERS LLC By,high
"Mondee Holdings, Inc.",8-K,Jesus Portillo,Chief Financial Officer,high
"Mondee Holdings, Inc.",8-K,Suzanne Grosso,Managing Director,high
"Mondee Holdings, Inc.",8-K,William Gassman,Executive Director,high
"Allarity Therapeutics, Inc.",8-K,Thomas Jensen,Chief Executive Officer Facsimile No,high
W&T OFFSHORE INC,8-K,Jonathan Curth,"Executive Vice President, General Counsel and Corporate Secretary",high
"SOLAREDGE TECHNOLOGIES, INC.",8-K,Ronen Faier,Chief Financial Officer,high
"TILLY'S, INC.",8-K,Michael L. Henry,"Executive Vice President, Chief Financial Officer",high
"Dianthus Therapeutics, Inc. /DE/",8-K,Marino Garcia,"President & Chief Executive Officer IN WITNESS WHEREOF, the parties hereto have caused this Securities Purchase Agreement to be duly executed by their respective authorized signatories as of the date first indicated above",high
"Dianthus Therapeutics, Inc. /DE/",8-K,Darshan Patel,"Director RTW INNOVATION MASTER FUND, LTD",high
"Dianthus Therapeutics, Inc. /DE/",8-K,Tavi Yehudai,"Managing Director of Great Point Partners, LLC",high
"Dianthus Therapeutics, Inc. /DE/",8-K,Ilko Menkov,"Director IN WITNESS WHEREOF, the parties hereto have caused this Securities Purchase Agreement to be duly executed by their respective authorized signatories as of the date first indicated above",high
"MainStreet Bancshares, Inc.",8-K,Thomas J. Chmelik,Chief Financial Officer,high
"ADTRAN Holdings, Inc.",8-K,Ulrich Dopfer,"President and Chief Financial Officer ADTRAN HOLDINGS, INC",high
"ADTRAN Holdings, Inc.",8-K,John C. Canty,"Senior Vice President ADTRAN, INC",high
"ADTRAN Holdings, Inc.",8-K,Nathan Muller,"Senior Vice President ADTRAN, INC",high
"ADTRAN Holdings, Inc.",8-K,Sven Walther,Vice President By,high
"ADTRAN Holdings, Inc.",8-K,Jeremy Fernandez,"Senior Vice President ADTRAN, INC",high
"ADTRAN Holdings, Inc.",8-K,Ketak Sampat,"Senior Vice President ADTRAN, INC",high
"ADTRAN Holdings, Inc.",8-K,Eric Sanders,"Executive Vice President ADTRAN, INC",high
ACACIA RESEARCH CORP,8-K,Jason Soncini,General Counsel,high
"Coherus BioSciences, Inc.",8-K,Dennis M. Lanfear,Chief Executive Officer,high
"Coherus BioSciences, Inc.",8-K,Keren Haruvi,"President, Sandoz North America",high
"SEELOS THERAPEUTICS, INC.",8-K,Michael Golembiewski,Chief Financial Officer,high
Adient plc,8-K,Heather M. Tiltmann,"Executive Vice President, Chief Legal and Human Resources Officer, and Corporate Secretary",high
INTERNATIONAL TOWER HILL MINES LTD,8-K,Karl Hanneman,President and Chief Executive Officer,high
"Oric Pharmaceuticals, Inc.",8-K,Patrick Heron,"Managing Director FRAZIER LIFE SCIENCES XI, L",high
"Oric Pharmaceuticals, Inc.",8-K,Albert Cha,"Managing Director FRAZIER LIFE SCIENCES PUBLIC OVERAGE FUND, L",high
NEXTNAV INC.,8-K,Christian D. Gates,Chief Financial Officer,high
"Gyrodyne, LLC",8-K,Gary Fitlin,"President, Chief Executive Officer, Chief Financial Officer and Treasurer",high
"United Airlines Holdings, Inc.",8-K,Michael Leskinen,Executive Vice President and Chief Financial Officer Date,high
SIGA TECHNOLOGIES INC,8-K,Daniel J. Luckshire,Chief Financial Officer Date,high
Capital Bancorp Inc,8-K,Jay Walker,Chief Financial Officer January,high
Agape ATP Corp,8-K,How Kok Choong,"Chief Executive Officer, President, Director, Secretary and Treasurer",high
MKS INSTRUMENTS INC,8-K,Kathleen F. Burke,"Executive Vice President, General Counsel & Secretary",high
MKS INSTRUMENTS INC,8-K,Timothy D. Lee,"Executive Director JPMORGAN CHASE BANK, N",high
"Motus GI Holdings, Inc.",8-K,Mark Pomeranz,Chief Executive Officer,high
"Eastern Bankshares, Inc.",8-K,Kathleen C. Henry,"Executive Vice President, General Counsel and Corporate Secretary",high
ALTA EQUIPMENT GROUP INC.,8-K,Ryan Greenawalt,Chief Executive Officer,high
"Alaunos Therapeutics, Inc.",8-K,Michael Wong,"Vice President, Finance",high
SAFEGUARD SCIENTIFICS INC,8-K,G. Matthew Barnard,Special Counsel,high
"DSS, INC.",8-K,Frank D. Heuszel,Chief Executive Officer,high
Triton International Ltd,8-K,Carla L. Heiss,"Senior Vice President, General Counsel and Secretary",high
"B. Riley Financial, Inc.",8-K,Phillip Ahn,"Chief Financial Officer, Chief Operating Officer Signature Page to Guaranty ACKNOWLEDGED AND AGREED, WITH RESPECT TO SECTIONS",high
"B. Riley Financial, Inc.",8-K,David Park,Executive Vice President Signature Page to Guaranty,high
Aircastle LTD,8-K,Michael J. Inglese,Chief Executive Officer,high
Aircastle LTD,8-K,Christopher L. Beers,Chief Legal Officer and Secretary Date,high
"OPENLANE, Inc.",8-K,Brad Lakhia,Executive Vice President and Chief Financial Officer CANADIAN BORROWER,high
"OPENLANE, Inc.",8-K,Richard Barritt,Executive Director OPENLANE,high
"OPENLANE, Inc.",8-K,Thomas Hasenauer,Managing Director By,high
"OPENLANE, Inc.",8-K,Craig Malloy,Director OPENLANE,high
"OPENLANE, Inc.",8-K,Michael Woo,Vice President OPENLANE,high
"OPENLANE, Inc.",8-K,Jerrod Clements,Vice President OPENLANE,high
"OPENLANE, Inc.",8-K,John P. Wofford,Authorized Officer OPENLANE,high
"OPENLANE, Inc.",8-K,Rajesh Bakhshi,Vice President OPENLANE,high
"OPENLANE, Inc.",8-K,Phil Andresen,Vice President OPENLANE,high
Iron Horse Acquisitions Corp.,8-K,Jose A. Bengochea,Chief Executive Officer false,high
Presto Automation Inc.,8-K,Susan Shinoff,General Counsel and Corporate Secretary Dated,high
Presto Automation Inc.,8-K,Xavier Casanova,Chief Executive Officer PARENT,high
Presto Automation Inc.,8-K,Steven Carlino,Chief Financial Officer,high
Sunoco LP,8-K,Dylan Bramhall,Chief Financial Officer Date,high
Sunoco LP,8-K,Joesph Kim,"President and Chief Executive Officer SATURN MERGER SUB, LLC By",high
Sunoco LP,8-K,Joseph Kim,President and Chief Executive Officer NUSTAR ENERGY L,high
Sunoco LP,8-K,Bradley C. Barron,"President and Chief Executive Officer RIVERWALK LOGISTICS, L",high
SPRUCE POWER HOLDING CORP,8-K,Jonathan Norling,General Counsel,high
CrossAmerica Partners LP,8-K,Keenan D. Lynch,General Counsel and Chief Administrative Officer Dated,high
"Distribution Solutions Group, Inc.",8-K,Ronald J. Knutson,Executive Vice President and Chief Financial Officer,high
"BeiGene, Ltd.",8-K,Chan Lee,"Senior Vice President, General Counsel",high
"Kodiak Gas Services, Inc.",8-K,Kelly M. Battle,"Executive Vice President, Chief Legal Officer, Chief Compliance Officer and Corporate Secretary",high
"Kodiak Gas Services, Inc.",8-K,John B. Griggs,"Executive Vice President and Chief Financial Officer KODIAK GAS SERVICES, LLC By",high
"Kodiak Gas Services, Inc.",8-K,Umar Hassan,Authorized Officer,high
"Kodiak Gas Services, Inc.",8-K,Michael Song,Director,high
"Kodiak Gas Services, Inc.",8-K,Griffin Bayoud,Vice President,high
"Kodiak Gas Services, Inc.",8-K,Willard Dickerson,Senior Vice President,high
"Kodiak Gas Services, Inc.",8-K,Brad Miller,Vice President,high
"Kodiak Gas Services, Inc.",8-K,William Kane,Vice president,high
"Kodiak Gas Services, Inc.",8-K,Eric Morse,Managing Director,high
"Kodiak Gas Services, Inc.",8-K,Melissa Mok,Director,high
"Kodiak Gas Services, Inc.",8-K,Sydney G. Dennis,Director,high
"Kodiak Gas Services, Inc.",8-K,Pasqual Slaughter,Vice President,high
"Kodiak Gas Services, Inc.",8-K,Dan Clubb,Director,high
"Kodiak Gas Services, Inc.",8-K,Christopher Solley,Vice President,high
"Kodiak Gas Services, Inc.",8-K,David Risen,Vice President,high
"Kodiak Gas Services, Inc.",8-K,Daryn Veney,Vice President,high
ATAI Life Sciences N.V.,8-K,Florian Brand,Chief Executive Officer,high
"Lantheus Holdings, Inc.",8-K,Daniel M. Niedzwiecki,Chief Administrative Officer and General Counsel Date,high
"Aclarion, Inc.",8-K,John Lorbiecki,Chief Financial Officer,high
NFiniTi inc.,8-K,Michael Noble,President,high
Simply Good Foods Co,8-K,Shaun P. Mara,Chief Financial Officer,high
GRAPHJET TECHNOLOGY,8-K,Swee Guan Hoo,Chief Executive Officer,high
"MDWerks, Inc.",8-K,Steven C. Laker,Chief Executive Officer,high
"Veritone, Inc.",8-K,Ryan Steelberg,Chief Executive Officer Address for Notice,high
CONNECTICUT LIGHT & POWER CO,8-K,Yuri Tanaka,Assistant Vice President By,high
"Indaptus Therapeutics, Inc.",8-K,Nir Sassi,Chief Financial Officer,high
PERDOCEO EDUCATION Corp,8-K,Michele A. Peppers,Accounting & Reporting and Chief Accounting Officer,high
PERDOCEO EDUCATION Corp,8-K,Joe Arnold,First Vice President,high
"Investcorp Credit Management BDC, Inc.",8-K,Andrew Shuster,Managing Director,high
"Investcorp Credit Management BDC, Inc.",8-K,Anthony Smaniotto,Vice President,high
Hewlett Packard Enterprise Co,8-K,Jonathan Sturz,"Vice President, Deputy General Counsel and Assistant Corporate Secretary",high
"Purple Innovation, Inc.",8-K,Todd Vogensen,Chief Financial Officer and Treasurer,high
"Triumph Financial, Inc.",8-K,Adam D. Nelson,Executive Vice President & General Counsel Date,high
"Zedge, Inc.",8-K,Jonathan Reich,Chief Executive Officer Dated,high
"NRX Pharmaceuticals, Inc.",8-K,Stephen Willard,Acting General Counsel,high
INSEEGO CORP.,8-K,Kurt Scheuerman,Chief Administrative Officer & General Counsel Date,high
"PAYCOR HCM, INC.",8-K,Alice Geene,Chief Legal Officer and Secretary,high
Vistra Corp.,8-K,Margaret Montemayor,"Senior Vice President, Chief Accounting Officer and Controller",high
Amalgamated Financial Corp.,8-K,Priscilla Sims Brown,Chief Executive Officer Date,high
DIGIASIA CORP.,8-K,Bhargav Marepally,Chief Executive Officer Date,high
ARES CAPITAL CORP,8-K,Penni F. Roll,Chief Financial Officer,high
ARES CAPITAL CORP,8-K,Joshua M. Bloomstein,Vice President and Assistant Secretary ADMINISTRATOR,high
ARES CAPITAL CORP,8-K,Anthony Aceto,Managing Director By,high
ARES CAPITAL CORP,8-K,Stephen L. Sheiner,Executive Director By,high
ARES CAPITAL CORP,8-K,Brandon Bonfig,Vice President,high
Clean Vision Corp,8-K,Daniel Bates,Chief Executive Officer,high
WINNEBAGO INDUSTRIES INC,8-K,Stacy L. Bogart,"Senior Vice President, General Counsel, Secretary and Corporate Responsibility",high
WINNEBAGO INDUSTRIES INC,8-K,Bryan L. Hughes,Chief Financial Officer and Senior Vice President U,high
WINNEBAGO INDUSTRIES INC,8-K,Brian Riley,"Managing Director, Global Markets",high
BLACKBERRY Ltd,8-K,Steve Rai,Chief Financial Officer,high
"KBR, INC.",8-K,J. Jay Ibrahim,"President, Sustainable Technology Solutions",high
"KBR, INC.",8-K,William Byron Bright,"President, Government Solutions",high
"KBR, INC.",8-K,Doug Hill,Chairman,high
"KBR, INC.",8-K,Sonia Galindo,"Executive Vice President, General Counsel & Corporate Secretary",high
"KBR, INC.",8-K,Mukesh Singh,Director,high
"MOBIX LABS, INC",8-K,Keyvan Samini,President and Chief Financial Officer Date,high
"MOBIX LABS, INC",8-K,Jiong Ma,Chief Executive Officer Date,high
"Angel Oak Mortgage REIT, Inc.",8-K,Brandon Filson,Chief Financial Officer and Treasurer,high
"Marquie Group, Inc.",8-K,Marc Angell,Chief Executive Officer,high
"Creatd, Inc.",8-K,Jeremy Frommer,Chief Executive Officer,high
"DuPont de Nemours, Inc.",8-K,Michael G. Goss,Vice President and Controller EXHIBIT INDEX Exhibit No,high
STIFEL FINANCIAL CORP,8-K,James M. Marischen,Chief Financial Officer,high
"Desktop Metal, Inc.",8-K,Meg Broderick,General Counsel and Corporate Secretary,high
"United States Natural Gas Fund, LP",8-K,John P. Love,"President and Chief Executive Officer, and Management Director",high
FORWARD AIR CORP,8-K,Thomas Schmitt,President and Chief Executive Officer,high
PROGRESSIVE CORP/OH/,8-K,Mariann Wojtkun Marshall,Vice President and Chief Accounting Officer,high
SCOTTS MIRACLE-GRO CO,8-K,Dimiter Todorov,"Executive Vice President, General Counsel, Corporate Secretary & Chief Compliance Officer",high
BATTALION OIL CORP,8-K,Matthew B. Steele,Chief Executive Officer,high
Sidus Space Inc.,8-K,Carol Craig,Chief Executive Officer,high
"IIOT-OXYS, Inc.",8-K,Clifford L. Emmons,Chief Executive Officer,high
FIRST BANCORP /PR/,8-K,Orlando Berges,EVP and Chief Financial Officer,high
Mars Acquisition Corp.,8-K,Karl Brenza,Chief Executive Officer,high
Bowen Acquisition Corp,8-K,Xiaoqin Lin,Director,high
VISA INC.,8-K,Kelly Mahon Tullier,Corporate Secretary,high
JVSPAC Acquisition Corp.,8-K,Albert Wong,Chief Executive Officer,high
JVSPAC Acquisition Corp.,8-K,Claudius Tsang,Chief Financial Officer MAXIM GROUP LLC Acknowledged and Agreed,high
Philip Morris International Inc.,8-K,Darlene Quashie Henry,"Vice President, Associate General Counsel & Corporate Secretary Date",high
Philip Morris International Inc.,8-K,Henrik Slotsaa,Vice President Signature page,high
Philip Morris International Inc.,8-K,Caryn Bell,Managing Director Signature page,high
Philip Morris International Inc.,8-K,Cara Younger,Managing Director By,high
Philip Morris International Inc.,8-K,Andres Barbosa,Managing Director By,high
Philip Morris International Inc.,8-K,Albert Wheeler,Vice President Signature page,high
Philip Morris International Inc.,8-K,Mark Pope,Vice President Signature page,high
Philip Morris International Inc.,8-K,Kate Khoo,Vice President Signature page,high
Philip Morris International Inc.,8-K,Ming K. Chu,Director By,high
Philip Morris International Inc.,8-K,Rod Stoyle,Vice President Signature page,high
Philip Morris International Inc.,8-K,Tracy Rahn,Executive Director Signature page,high
Philip Morris International Inc.,8-K,Simon Derrick,Managing Director Signature page,high
Philip Morris International Inc.,8-K,Danijel Radulovic,Director By,high
Philip Morris International Inc.,8-K,Chantal Schmidli,Associate Director By,high
Philip Morris International Inc.,8-K,Jonathan Childs,Director Signature page,high
Seagate Technology Holdings plc,8-K,Gianluca Romano,Executive Vice President and Chief Financial Officer,high
SolarWinds Corp,8-K,J. Barton Kalsu,"President SOLARWINDS HOLDINGS, INC",high
CONNS INC,8-K,Melissa Allen,SVP & Treasurer,high
CONNS INC,8-K,Alexander Wiener,Executive Director Conn,high
ARK RESTAURANTS CORP,8-K,Michael Weinstein,Chief Executive Officer Date,high
BERKLEY W R CORP,8-K,Richard M. Baio,Executive Vice President,high
AIR LEASE CORP,8-K,Gregory B. Willis,Executive Vice President and Chief Financial Officer,high
Warner Music Group Corp.,8-K,Paul M. Robinson,"Executive Vice President, General Counsel and Assistant Secretary",high
Tevogen Bio Holdings Inc.,8-K,Surendra Ajjarapu,Chief Executive Officer,high
"Manitex International, Inc.",8-K,Joseph Doolan,Chief Financial Officer Date,high
"Baldwin Insurance Group, Inc.",8-K,Bradford L. Hale,Chief Financial Officer,high
"Fortune Valley Treasures, Inc.",8-K,Yumin Lin,Chief Executive Officer,high
SUBURBAN PROPANE PARTNERS LP,8-K,Michael A. Kuglin,Chief Financial Officer,high
Bristow Group Inc.,8-K,Jennifer D. Whalen,"Senior Vice President, Chief Financial Officer",high
"FIVE BELOW, INC",8-K,Kristy Chipman,Chief Financial Officer & Treasurer,high
MINERALS TECHNOLOGIES INC,8-K,Timothy J. Jordan,"Vice President, General Counsel, Secretary and Chief Compliance Officer Date",high
Franklin BSP Capital Corp,8-K,Nina K. Baryski,Chief Financial Officer and Treasurer FRANKLIN BSP CAPITAL ADVISER L,high
Franklin BSP Capital Corp,8-K,Bryan Martoken,Chief Financial Officer,high
"NeueHealth, Inc.",8-K,Jeff Craig,General Counsel and Corporate Secretary,high
"Tourmaline Bio, Inc.",8-K,Ryan Robinson,"Interim Chief Financial Officer, Vice President,Finance and Controller",high
American Homes 4 Rent,8-K,Christopher C. Lau,Chief Financial Officer Accepted,high
American Homes 4 Rent,8-K,Shawn Cepeda,Managing Director J,high
American Homes 4 Rent,8-K,Robert Bottamedi,Executive Director,high
"SpringBig Holdings, Inc.",8-K,Jeffrey Harris,Chief Executive Officer,high
"SpringBig Holdings, Inc.",8-K,Paul Sykes,Chief Financial Officer EXHIBIT A Definitions,high
FIRST COMMUNITY CORP /SC/,8-K,D. Shawn Jordan,Chief Financial Officer Dated,high
"Blackstone Real Estate Income Trust, Inc.",8-K,Leon Volchyok,Chief Legal Officer and Secretary,high
"STANLEY BLACK & DECKER, INC.",8-K,Janet M. Link,"Senior Vice President, General Counsel and Secretary",high
"Accelerate Diagnostics, Inc",8-K,David Patience,"Chief Financial Officer Broadridge Corporate Issuer Solutions, Inc",high
Jamf Holding Corp.,8-K,Jeff Lendino,Chief Legal Officer,high
"Virtu Financial, Inc.",8-K,Justin Waldie,"Senior Vice President, Secretary and General Counsel Dated",high
Welsbach Technology Metals Acquisition Corp.,8-K,Christopher Clower,Chief Operating Officer and Director,high
Mobileye Global Inc.,8-K,Moran Shemesh Rojansky,Chief Financial Officer Date,high
SHERWIN WILLIAMS CO,8-K,Stephen J. Perisutti,"Vice President, Deputy General Counsel and Assistant Secretary",high
WEST BANCORPORATION INC,8-K,Jane M. Funk,"Executive Vice President, Treasurer and Chief Financial Officer",high
Agrify Corp,8-K,Josh Savitz,General Counsel,high
Agrify Corp,8-K,Joshua Savitz,General Counsel,high
Currenc Group Inc.,8-K,Alexander Edgarov,Chief Executive Officer Date,high
"GCT Semiconductor Holding, Inc.",8-K,Jeff Tuder,Chief Executive Officer Date,high
CASS INFORMATION SYSTEMS INC,8-K,Martin H. Resch,President and Chief Executive Officer By,high
UNIVEST FINANCIAL Corp,8-K,Brian J. Richardson,"Senior Executive Vice President, Chief Financial Officer January",high
Zeo Energy Corp.,8-K,Andrea Bernatova,Chief Executive Officer,high
"Lumen Technologies, Inc.",8-K,Chris Stansbury,Executive Vice President & Chief Financial Officer LEVEL,high
CPI Card Group Inc.,8-K,Jessica Browne,Acting Chief Legal and Compliance Officer and Corporate Secretary,high
"STRATS SM TRUST FOR WAL-MART STORES, INC. SECURITIES, SERIES 2005-4",8-K,Barbara Garafalo,President Date,high
"USCB FINANCIAL HOLDINGS, INC.",8-K,Robert Anderson,Chief Financial Officer Date,high
PROSPECT CAPITAL CORP,8-K,M. Grier Eliasek,Chief Operating Officer Date,high
RED ROBIN GOURMET BURGERS INC,8-K,Sarah A. Mussetter,Chief Legal Officer,high
"L3HARRIS TECHNOLOGIES, INC. /DE/",8-K,Kenneth L. Bedingfield,Senior Vice President and Chief Financial Officer Date,high
Cue Health Inc.,8-K,Aasim Javed,Chief Financial Officer,high
WEX Inc.,8-K,Jennifer Kimball,"Treasurer and PresidentTRANSPLATINUM SERVICE, LLCBy",high
WEX Inc.,8-K,Erica Martin,SecretaryWEX CAPITAL LLCBy,high
WEX Inc.,8-K,Angela Larkin,Vice President,high
WEX Inc.,8-K,Jeremy Kearns,Vice President,high
Grocery Outlet Holding Corp.,8-K,Luke D. Thompson,"Senior Vice President, General Counsel and Secretary",high
KLA CORP,8-K,Bren D. Higgins,Executive Vice President and Chief Financial Officer,high
MYR GROUP INC.,8-K,William F. Fry,"Vice President, Chief Legal Officer and Secretary",high
"Porch Group, Inc.",8-K,Matt Ehrlichman,Chief Executive OfficerAddress for Notices,high
"Porch Group, Inc.",8-K,Matthew Cullen,General Counsel Date,high
"Bancorp, Inc.",8-K,Paul Frenkiel,Chief Financial Officer and Secretary,high
"Easterly Government Properties, Inc.",8-K,Allison Marino,Chief Financial Officer and Chief Accounting Officer PARENT,high
"Easterly Government Properties, Inc.",8-K,Germaine Korhone,"Senior Vice President TRUIST BANK, as a Lender By",high
"SmartRent, Inc.",8-K,Lucas Haldeman,Chief Executive Officer,high
TEGNA INC,8-K,Marc Sher,"Vice President, Associate General Counsel and Secretary",high
TEGNA INC,8-K,Inderjeet Aneja,Executive Director,high
TEGNA INC,8-K,Neel Patel,Director,high
TEGNA INC,8-K,Nabeel Shah,Director,high
TEGNA INC,8-K,Kyle Giesel,Vice President,high
TEGNA INC,8-K,Jason Shrader,Director,high
TEGNA INC,8-K,Kimberly A. Crotty,Vice President,high
APPFOLIO INC,8-K,Fay Sien Goon,Chief Financial Officer,high
"Cellectar Biosciences, Inc.",8-K,Chad J. Kolean,Chief Financial Officer,high
"PINEAPPLE, INC.",8-K,Shawn Credle,Chief Executive Officer,high
"PetVivo Holdings, Inc.",8-K,John Lai,Chief Executive Officer,high
"FIRST BUSINESS FINANCIAL SERVICES, INC.",8-K,Brian D. Spielmann,Chief Financial Officer,high
"SALEM MEDIA GROUP, INC. /DE/",8-K,Christopher J. Henderson,"Executive Vice President, General Counsel, and Secretary BORROWERS",high
"HIGHWOODS PROPERTIES, INC.",8-K,Jeffrey D. Miller,"Executive Vice President, General Counsel and SecretaryHIGHWOODS PROPERTIES, INC",high
"SANUWAVE Health, Inc.",8-K,Morgan C. Frank,Chief Executive Officer Address for Notice,high
"SANUWAVE Health, Inc.",8-K,Toni Rinow,Chief Financial Officer,high
"SANUWAVE Health, Inc.",8-K,William Reiland,Managing Director Address for Notice,high
SBA COMMUNICATIONS CORP,8-K,David Sams,Vice President,high
SBA COMMUNICATIONS CORP,8-K,Keith Lukasavich,Vice President & Managing Director GOLDMAN SACHS BANK USA By,high
SBA COMMUNICATIONS CORP,8-K,Melanie George,Vice President,high
SBA COMMUNICATIONS CORP,8-K,Gambo Audu,Vice President,high
"Core & Main, Inc.",8-K,Rima Simson,"Vice President, Treasurer and Secretary",high
Goldenstone Acquisition Ltd.,8-K,Eddie Ni,Chief Executive Officer,high
Perception Capital Corp. IV,8-K,Rick Gaenzle,Chief Executive Officer,high
Jazz Pharmaceuticals plc,8-K,Patricia Carr,Principal Accounting Officer and Interim Principal Financial Officer Date,high
Jazz Pharmaceuticals plc,8-K,Hugh Kiely,"Director JAZZ FINANCING I DESIGNATED ACTIVITY COMPANY, as an Irish Borrower By",high
Jazz Pharmaceuticals plc,8-K,Aislinn Doody,"Director JAZZ FINANCING HOLDINGS LIMITED, as an Irish Borrower By",high
Jazz Pharmaceuticals plc,8-K,David Spackman,"Director JAZZ PHARMACEUTICALS, INC",high
Jazz Pharmaceuticals plc,8-K,Alan Campion,Vice President and Chief Financial Officer JAZZ CAPITAL LIMITED,high
Jazz Pharmaceuticals plc,8-K,Kathleen Gibbons,"Director JAZZ FINANCING II LIMITED, as a Guarantor By",high
Jazz Pharmaceuticals plc,8-K,Bernard Zammit,"Director GW PHARMACEUTICALS LIMITED, as a Guarantor By",high
Jazz Pharmaceuticals plc,8-K,Aislinn Jane Doody,"Director GW PHARMA LIMITED, as a Guarantor By",high
Jazz Pharmaceuticals plc,8-K,Elizabeth Uribe,Assistant Vice President,high
Jazz Pharmaceuticals plc,8-K,Jimmy Ko,Vice President,high
Jazz Pharmaceuticals plc,8-K,Christopher J. Grell,Vice President,high
"Customers Bancorp, Inc.",8-K,Carla A. Leibold,Executive Vice President,high
ALPHA & OMEGA SEMICONDUCTOR Ltd,8-K,Yifan Liang,Chief Financial Officer and Corporate Secretary,high
iQSTEL Inc,8-K,Tolga Alemdar,Director BUYER,high
iQSTEL Inc,8-K,Leandro Jose Iglesias,Chief Executive Officer,high
iQSTEL Inc,8-K,Daniel Kordash,President,high
"TEMPUR SEALY INTERNATIONAL, INC.",8-K,Bhaskar Rao,Executive Vice President & Chief Financial Officer,high
CALIFORNIA WATER SERVICE GROUP,8-K,David B. Healey,Principal Financial Officer,high
AUTOLIV INC,8-K,Anthony J. Nellis,"Executive Vice President, Legal Affairs and General Counsel Date",high
"Premier, Inc.",8-K,Michael J. Alkire,President and Chief Executive Officer Date,high
"Cheniere Energy Partners, L.P.",8-K,Zach Davis,Executive Vice President and Chief Financial Officer,high
FOSTER L B CO,8-K,John F. Kasel,President and CEO,high
Genie Energy Ltd.,8-K,Michael Stein,Chief Executive Officer Dated,high
Autolus Therapeutics plc,8-K,Christian Itin,Chief Executive Officer,high
OptimizeRx Corp,8-K,Edward Stelmakh,Chief Financial Officer,high
CIMG Inc.,8-K,Randell Weaver,"President, Chief Financial Officer, and Chief Operating Officer",high
"LogicMark, Inc.",8-K,Mark Archer,Chief Financial Officer,high
"Kura Oncology, Inc.",8-K,Mark Lampert,"Chief Executive Officer of BVF I GP LLC, General Partner of Biotechnology Value Fund, L",high
United Parks & Resorts Inc.,8-K,G. Anthony Taylor,"Chief Legal Officer, General Counsel, and Corporate Secretary SEAWORLD ENTERTAINMENT, INC",high
United Parks & Resorts Inc.,8-K,Laura Woodward,Vice President,high
Edible Garden AG Inc,8-K,James Kras,President and Chief Executive Officer,high
Local Bounti Corporation/DE,8-K,Kathleen Valiasek,Chief Financial Officer Holder,high
"Post Holdings, Inc.",8-K,Diedre J. Gray,"Executive Vice President, General Counsel & Chief Administrative Officer, Secretary",high
"Tivic Health Systems, Inc.",8-K,Jennifer Ernst,Chief Executive Officer,high
"HCI Group, Inc.",8-K,Andrew L. Graham,General Counsel,high
"indie Semiconductor, Inc.",8-K,Thomas Schiller,Chief Financial Officer & EVP of Strategy,high
"eFFECTOR Therapeutics, Inc.",8-K,Michael Byrnes,Chief Financial Officer,high
Finnovate Acquisition Corp.,8-K,Calvin Kung,Chief Executive Officer,high
INTEGRATED RAIL & RESOURCES ACQUISITION CORP,8-K,Mark A. Michel,Chief Executive Officer and Chairman,high
"AG Mortgage Investment Trust, Inc.",8-K,Jenny B. Neslin,General Counsel and Secretary,high
"AG Mortgage Investment Trust, Inc.",8-K,Anthony Rossiello,"Chief Financial OfficerAG REIT MANAGEMENT, LLCBy",high
INTELLIGENT BIO SOLUTIONS INC.,8-K,Spiro Sakiris,Chief Financial Officer,high
INTELLIGENT BIO SOLUTIONS INC.,8-K,Harry Simeonidis,Chief Executive Officer,high
"NightFood Holdings, Inc.",8-K,Sean Folkson,Chief Executive Officer,high
Avinger Inc,8-K,Jeffrey M. Soinski,Chief Executive Officer,high
REPUBLIC FIRST BANCORP INC,8-K,Thomas X. Geisel,Chief Executive Officer,high
"Castellum, Inc.",8-K,Mark C. Fuller,Chief Executive Officer,high
"Castellum, Inc.",8-K,Mark Fuller,President & CEOAddress for Notice,high
"REV Group, Inc.",8-K,Mark A. Skonieczny,"President and Chief Executive Officer, Interim Chief Financial Officer, and Director",high
Inception Growth Acquisition Ltd,8-K,Cheuk Hang Chow,Chief Executive Officer Date,high
Inception Growth Acquisition Ltd,8-K,Felix Yun Pun Wong,Chief Financial Officer Accepted and Agreed,high
"SoFi Technologies, Inc.",8-K,Christopher Lapointe,Chief Financial Officer,high
enGene Holdings Inc.,8-K,Jason D. Hanson,Chief Executive Officer,high
TIPTREE INC.,8-K,Jonathan Ilany,Chief Executive Officer,high
MSCI Inc.,8-K,Henry A. Fernandez,Chairman and Chief Executive Officer,high
MSCI Inc.,8-K,Andrew C. Wiechmann,Chief Financial Officer,high
MSCI Inc.,8-K,Barbara Ingrassia,Vice President,high
MSCI Inc.,8-K,Maryann Fitzmaurice,Director,high
MSCI Inc.,8-K,Angela Reilly,Senior Vice President,high
MSCI Inc.,8-K,Steve Levi,Senior Vice President,high
MSCI Inc.,8-K,Gordon Yip,Director By,high
MSCI Inc.,8-K,Joseph Ward,Managing Director,high
MSCI Inc.,8-K,Ryan Benefiel,Vice President,high
"SRM Entertainment, Inc.",8-K,Richard Miller,Chief Executive Officer,high
Cingulate Inc.,8-K,Shane J. Schaffer,Chief Executive Officer,high
Ready Capital Corp,8-K,Andrew Ahlborn,Chief Financial Officer,high
IROBOT CORP,8-K,Glen D. Weinstein,Interim Chief Executive Officer,high
IROBOT CORP,8-K,Peter Krawiec,"Senior Vice President, Worldwide Corporate Development IROBOT CORPORATION By",high
"Privia Health Group, Inc.",8-K,David Mountcastle,"Executive Vice President, Chief Financial Officer and Authorized Officer",high
COHU INC,8-K,Jeffrey D. Jones,Senior VP Finance and Chief Financial Officer Exhibit Index Exhibit No,high
"PlayAGS, Inc.",8-K,Kimo Akiona,Chief Financial Officer,high
ESSA Pharma Inc.,8-K,David Wood,Chief Financial Officer,high
Vicarious Surgical Inc.,8-K,Adam Sachs,Chief Executive Officer Date,high
"Quince Therapeutics, Inc.",8-K,Dirk Thye,Chief Executive Officer,high
SIRIUS XM HOLDINGS INC.,8-K,Patrick Donnelly,"Executive Vice President, General Counsel and Secretary",high
SIRIUS XM HOLDINGS INC.,8-K,Peter Thauer,Managing Director,high
SIRIUS XM HOLDINGS INC.,8-K,Christina M. Terry,Vice President,high
SIRIUS XM HOLDINGS INC.,8-K,Barbara Nash,Managing Director By,high
SIRIUS XM HOLDINGS INC.,8-K,Jill Wong,Director By,high
SIRIUS XM HOLDINGS INC.,8-K,Carlos Cruz,Director,high
SIRIUS XM HOLDINGS INC.,8-K,Jack Stutesman,Director,high
SIRIUS XM HOLDINGS INC.,8-K,Stacey Hansen,Senior Vice President,high
SIRIUS XM HOLDINGS INC.,8-K,Laila Shehata,Assistant Vice President,high
SIRIUS XM HOLDINGS INC.,8-K,Sean Duggan,Director,high
SIRIUS XM HOLDINGS INC.,8-K,Victor Davida,Director,high
"Bergio International, Inc.",8-K,Berge Abajian,Chief Executive Officer,high
Merchants Bancorp,8-K,John F. Macke,Chief Financial Officer,high
"Data443 Risk Mitigation, Inc.",8-K,Jason Remillard,Chief Executive Officer,high
"TransMedics Group, Inc.",8-K,Stephen Gordon,Chief Financial Officer and Treasurer,high
RAND CAPITAL CORP,8-K,Daniel P. Penberthy,President and Chief Executive Officer,high
Fintech Scion Ltd,8-K,Lim Chun Hoo,Chief Executive Officer,high
"NexPoint Real Estate Finance, Inc.",8-K,Brian Mitts,"Chief Financial Officer, Executive VP",high
"United Homes Group, Inc.",8-K,Keith Feldman,Chief Financial Officer,high
"United Homes Group, Inc.",8-K,Michael P. Nieri,"Chief Executive Officer UNITED HOMES GROUP, INC",high
"United Homes Group, Inc.",8-K,Darci Morris,Managing Director,high
"United Homes Group, Inc.",8-K,Justin Smith,Senior Vice President,high
"United Homes Group, Inc.",8-K,Jay Ratterree,Senior Vice President,high
"United Homes Group, Inc.",8-K,Tiffany Weber,Bank Officer,high
"Stronghold Digital Mining, Inc.",8-K,Gregory A. Beard,Chief Executive Officer and Chairman,high
"Helmerich & Payne, Inc.",8-K,William H. Gault,Corporate Secretary Date,high
Invesco Galaxy Bitcoin ETF,8-K,Adam Henkel,"Secretary and Head of Legal, US ETFs Date",high
"Fresh Vine Wine, Inc.",8-K,Michael Pruitt,"Chief Executive Officer FVW Merger Sub, Inc",high
CLEVELAND-CLIFFS INC.,8-K,James D. Graham,"Executive Vice President, Chief Legal and Administrative Officer & Secretary",high
"dMY Squared Technology Group, Inc.",8-K,Harry L. You,Chief Financial Officer and Chairman Dated,high
Zapata Computing Holdings Inc.,8-K,William M. Brown,President and Chief Financial Officer,high
Fresh2 Group Ltd,8-K,Haohan Xu,Chief Executive Officer,high
OFFICE PROPERTIES INCOME TRUST,8-K,Anatole Wedmid,Director,high
OFFICE PROPERTIES INCOME TRUST,8-K,Cheryl Sneor,Vice President,high
OFFICE PROPERTIES INCOME TRUST,8-K,William Chalmers,Senior Vice President,high
OFFICE PROPERTIES INCOME TRUST,8-K,David C. Heyson,Senior Vice President,high
OFFICE PROPERTIES INCOME TRUST,8-K,Mary Harold,Executive Director,high
OFFICE PROPERTIES INCOME TRUST,8-K,Jack J. Kane,Managing Director,high
OFFICE PROPERTIES INCOME TRUST,8-K,Adam Harding,Senior Vice President,high
OFFICE PROPERTIES INCOME TRUST,8-K,Stephen Picard,Assistant Vice President,high
OFFICE PROPERTIES INCOME TRUST,8-K,Hanul Vera Abraham,Vice President,high
OFFICE PROPERTIES INCOME TRUST,8-K,Michael King,Vice President,high
OFFICE PROPERTIES INCOME TRUST,8-K,Danielle Calo,Associate Director By,high
ARVANA INC,8-K,Ruairidh Campbell,"Chief Executive Officer LCF SALONS, LLC By",high
"Velo3D, Inc.",8-K,Bernard Chung,Acting Chief Financial Officer,high
"Powerfleet, Inc.",8-K,David Wilson,Chief Financial Officer Date,high
Marathon Petroleum Corp,8-K,John J. Quaid,Executive Vice President and Chief Financial Officer,high
NELNET INC,8-K,James D. Kruger,Chief Financial Officer,high
"CG Oncology, Inc.",8-K,Arthur Kuan,Chairman and Chief Executive Officer,high
"Akebia Therapeutics, Inc.",8-K,John P. Butler,President and Chief Executive Officer,high
HUBBELL INC,8-K,Jonathan M. Del Nero,"Vice President, Controller Date",high
JACOBS SOLUTIONS INC.,8-K,Justin Johnson,SecretaryDated,high
"SideChannel, Inc.",8-K,Brian Haugli,Chief Executive Officer,high
GRAY TELEVISION INC,8-K,James C. Ryan,Executive Vice President and Chief Financial Officer,high
CHEETAH NET SUPPLY CHAIN SERVICE INC.,8-K,Huan Liu,President,high
REGIS CORP,8-K,Kersten D. Zupfer,Executive Vice President & Chief Financial Officer,high
REGIS CORP,8-K,Kersten Zupfer,"Executive Vice President & Chief Financial Officer EQUINITI TRUST COMPANY, LLC By",high
GENERAL MILLS INC,8-K,Kofi A. Bruce,Chief Financial Officer,high
GENERAL MILLS INC,8-K,Keith Harman,Managing Director GOLDMAN SACHS & CO,high
GENERAL MILLS INC,8-K,Iva Vukina,Managing Director J,high
GENERAL MILLS INC,8-K,Thomas Hadley,Managing Director SCHEDULE I Underwriting Agreement dated,high
"United States 12 Month Natural Gas Fund, LP",8-K,Stuart P. Crumbaugh,Chief Financial Officer,high
"HAWTHORN BANCSHARES, INC.",8-K,Brent M. Giles,C hief Executive Officer,high
"KURA SUSHI USA, INC.",8-K,Jeffrey Uttz,Chief Financial Officer,high
"Kartoon Studios, Inc.",8-K,Andy Heyward,Chief Executive Officer,high
Singularity Future Technology Ltd.,8-K,Ziyuan Liu,Chief Executive Officer,high
ROBERT HALF INC.,8-K,Michael C. Buckley,"Executive Vice President, Chief Financial Officer",high
"Mondelez International, Inc.",8-K,Luca Zaramella,Executive Vice President and Chief Financial Officer Date,high
CARLISLE COMPANIES INC,8-K,Kevin P. Zdimal,Vice President & Chief Financial OfficerAMPHENOL CORPORATIONBy,high
"SKYWORKS SOLUTIONS, INC.",8-K,Kris Sennesael,Senior Vice President and Chief Financial Officer,high
Finward Bancorp,8-K,Benjamin J. Bochnowski,President and Chief Executive Officer,high
"Quoin Pharmaceuticals, Ltd.",8-K,Gordon Dunn,Chief Financial Officer,high
"KonaTel, Inc.",8-K,Charles D. Griffin,President COMPANY,high
"SPECIFICITY, INC.",8-K,Jason Wood,Chief Executive Officer,high
ADVANCED MICRO DEVICES INC,8-K,Jean Hu,"Executive Vice President, Chief Financial Officer & Treasurer",high
JUNIPER NETWORKS INC,8-K,Kenneth B. Miller,"Executive Vice President, Chief Financial Officer",high
"Rubicon Technologies, Inc.",8-K,Kevin Schubert,"Chief Financial Officer, President and Secretary Date",high
"Rubicon Technologies, Inc.",8-K,Jose Miguel Enrich,Director Notice Address,high
Unum Group,8-K,J. Paul Jullienne,"Vice President, Managing Counsel, and Corporate Secretary",high
NAVIENT CORP,8-K,Mark L. Heleen,Chief Legal Officer Date,high
"BrightSpring Health Services, Inc.",8-K,Jon Rousseau,"Chairman, President and Chief Executive Officer U",high
"BrightSpring Health Services, Inc.",8-K,Shannon Matthews,Assistant Vice President U,high
"BrightSpring Health Services, Inc.",8-K,Elizabeth Wood,Managing Director For themselves and the other several Underwriters named in Schedule I to the foregoing Agreement,high
"LiveOne, Inc.",8-K,Aaron Sullivan,Chief Financial Officer,high
"GULF RESOURCES, INC.",8-K,Min Li,Chief Financial Officer Dated,high
Cenntro Inc.,8-K,Peter Wang,Chief Executive Officer,high
"Comera Life Sciences Holdings, Inc.",8-K,Michael Campbell,Executive Vice President and Chief Financial Officer,high
"Piedmont Office Realty Trust, Inc.",8-K,Laura P. Moon,"Chief Accounting Officer PIEDMONT OFFICE REALTY TRUST, INC",high
"Piedmont Office Realty Trust, Inc.",8-K,Helen Chan,Vice President,high
"Checkpoint Therapeutics, Inc.",8-K,James F. Oliviero,President and Chief Executive Officer,high
Movella Holdings Inc.,8-K,Stephen Smith,Chief Financial Officer,high
UR-ENERGY INC,8-K,Penne A. Goplerud,Corporate Secretary and General Counsel,high
Walmart Inc.,8-K,Gordon Y. Allison,"Senior Vice President, Office of the Corporate Secretary, and Chief Counsel for Finance and Governance",high
"Savers Value Village, Inc.",8-K,Jay Stasz,Chief Financial Officer and Treasurer,high
GOLD RESOURCE CORP,8-K,Allen Palmiere,Chief Executive Officer and President,high
"Sally Beauty Holdings, Inc.",8-K,Denise Paulonis,President and Chief Executive Officer,high
"Evolv Technologies Holdings, Inc.",8-K,Peter George,Chief Executive Officer,high
APPLIED DNA SCIENCES INC,8-K,James A. Hayward,Chief Executive Officer,high
LENNOX INTERNATIONAL INC,8-K,Monica M. Brown,Assistant Secretary,high
TEVA PHARMACEUTICAL INDUSTRIES LTD,8-K,Eli Kalif,"Executive Vice President, Chief Financial Officer",high
"NASDAQ, INC.",8-K,John A. Zecca,Executive Vice President and Chief Legal Officer,high
HESS CORP,8-K,John P. Rielly,Executive Vice President and Chief Financial Officer,high
NOVAVAX INC,8-K,Mark J. Casey,"Executive Vice President, Chief Legal Officer and Corporate Secretary",high
"InspireMD, Inc.",8-K,Craig Shore,Chief Financial Officer,high
Polished.com Inc.,8-K,Robert D. Barry,Interim Chief Financial Officer Dated,high
Beam Global,8-K,Lisa A. Potok,Chief Financial Officer,high
"Schneider National, Inc.",8-K,Thomas G. Jackson,"Executive Vice President, General Counsel and Corporate Secretary",high
GLOBAL TECHNOLOGIES LTD,8-K,Fredrick Cutcher,Chief Executive Officer,high
"DELCATH SYSTEMS, INC.",8-K,Gerard Michel,Chief Executive Officer,high
"Sun Country Airlines Holdings, Inc.",8-K,Erin Rose Neale,"Senior Vice President, General Counsel and Secretary",high
"bioAffinity Technologies, Inc.",8-K,Maria Zannes,President and Chief Executive Officer By,high
KULICKE & SOFFA INDUSTRIES INC,8-K,Lester Wong,Executive Vice President and Chief Financial Officer,high
"Robinhood Markets, Inc.",8-K,Jason Warnick,Chief Financial Officer,high
"NETGEAR, INC.",8-K,Bryan D. Murray,Chief Financial Officer,high
"Oruka Therapeutics, Inc.",8-K,C. Jeffrey Dekker,Chief Financial Officer,high
GLOBALINK INVESTMENT INC.,8-K,Say Leong Lim,Chief Executive Officer,high
Accenture plc,8-K,Joel Unruch,General Counsel & Corporate Secretary,high
LANDSTAR SYSTEM INC,8-K,James P. Todd,"Vice President, Chief Financial Officer and Assistant Secretary",high
"Altus Power, Inc.",8-K,Dylan Seff,President and CEO,high
Blue Bird Corp,8-K,Ted Scartz,Senior Vice President and General Counsel Dated,high
Bunker Hill Mining Corp.,8-K,Sam Ash,President and CEO,high
METLIFE INC,8-K,Tamara L. Schock,Executive Vice President andChief Accounting Officer Date,high
"AMERICAN INTERNATIONAL GROUP, INC.",8-K,Christina Banthin,Senior Vice President and Corporate Secretary,high
"DermTech, Inc.",8-K,Kevin Sun,Chief Financial Officer,high
"LAKE SHORE BANCORP, INC.",8-K,Taylor M. Gilden,Chief Financial Officer,high
RiceBran Technologies,8-K,William J. Keneally,Interim Chief Financial Officer and Secretary,high
AMERICAN SHARED HOSPITAL SERVICES,8-K,Raymond Stachowiak,"Executive Chairman of the Board PBRT ORLANDO, LLC, a Delaware limited liability company By",high
Veradigm Inc.,8-K,Chad Kerner,"Vice President of Finance and Treasurer VERADIGM LLC, as Co",high
Veradigm Inc.,8-K,Melanie Her,Vice President,high
Veradigm Inc.,8-K,Shailesh H. Patel,Managing Director,high
Veradigm Inc.,8-K,Alyssa Suckow,Vice President,high
Veradigm Inc.,8-K,Eugene Stunson,Director,high
Veradigm Inc.,8-K,Karen Yap,Vice President,high
Veradigm Inc.,8-K,Raj Nambar,Senior Vice President,high
Veradigm Inc.,8-K,Sarah Willett,Managing Director,high
Veradigm Inc.,8-K,Victoria Willard,Officer,high
Veradigm Inc.,8-K,Dawn Mase,Senior Vice President,high
"Gain Therapeutics, Inc.",8-K,C. Evan Ballantyne,Chief Financial Officer,high
Workhorse Group Inc.,8-K,James D. Harrington,"General Counsel, Chief Compliance Officer and Secretary",high
ROYAL CARIBBEAN CRUISES LTD,8-K,Naftali Holtz,Chief Financial Officer,high
TENET HEALTHCARE CORP,8-K,Thomas Arnst,"Executive Vice President, Chief Administrative Officer, General Counsel and Corporate Secretary",high
"Lazard, Inc.",8-K,Shari Soloway,Corporate Secretary Dated,high
BrightSphere Investment Group Inc.,8-K,Suren Rana,Chief Executive Officer EXHIBIT INDEX Exhibit No,high
"Clear Channel Outdoor Holdings, Inc.",8-K,Lynn A. Feldman,"Executive Vice President, Chief Legal Officer and Corporate Secretary",high
OneWater Marine Inc.,8-K,Jack Ezzell,Chief Financial Officer Dated,high
INTERNATIONAL PAPER CO /NEW/,8-K,Holly G. Goughnour,Vice President,high
"Fidelity National Information Services, Inc.",8-K,Stephanie Ferris,"Chief Executive Officer & President NEW BOOST HOLDCO, LLC By",high
NATURAL GAS SERVICES GROUP INC,8-K,Stephen C. Taylor,Interim Chief Executive OfficerEXECUTIVE,high
TRACTOR SUPPLY CO /DE/,8-K,Kurt D. Barton,Executive Vice President,high
EON Resources Inc.,8-K,Mitchell B. Trotter,Chief Financial Officer,high
Innovation Pharmaceuticals Inc.,8-K,Leo Ehrlich,Chief Executive Officer,high
ENZO BIOCHEM INC,8-K,Patricia Eckert,Chief Financial Officer Date,high
"Okta, Inc.",8-K,Brett Tighe,Chief Financial Officer,high
"Rocket Companies, Inc.",8-K,Tina V. John,General Counsel and Secretary,high
"GT Biopharma, Inc.",8-K,Michael Breen,Executive Chairman of the Board and Interim Chief Executive Officer,high
"MGT CAPITAL INVESTMENTS, INC.",8-K,Robert B. Ladd,Chief Executive Officer,high
"Clearside Biomedical, Inc.",8-K,Charles A. Deignan,Chief Financial Officer,high
"Usio, Inc.",8-K,Louis A. Hoch,Chief Executive Officer and President,high
"Intellia Therapeutics, Inc.",8-K,John M. Leonard,Chief Executive Officer and President,high
"Academy Sports & Outdoors, Inc.",8-K,Rene G. Casares,"Senior Vice President, General Counsel and Secretary",high
LPL Financial Holdings Inc.,8-K,Matthew J. Audette,Chief Financial Officer Dated,high
SKECHERS USA INC,8-K,John Vandemore,Chief Financial Officer,high
"HARTFORD FINANCIAL SERVICES GROUP, INC.",8-K,Allison G. Niderno,Senior Vice President and Controller,high
DXC Technology Co,8-K,Rob Del Bene,Executive Vice President and Chief Financial Officer,high
"Janus International Group, Inc.",8-K,Anselm Wong,Chief Financial Officer,high
CROSS COUNTRY HEALTHCARE INC,8-K,William J. Burns,Executive Vice President & Chief Financial Officer,high
Integrated Wellness Acquisition Corp,8-K,Steven Schapera,Chief Executive Officer Dated,high
FLYEXCLUSIVE INC.,8-K,Matthew Lux,Senior Managing Director & General Counsel WIRE INSTRUCTIONS,high
reAlpha Tech Corp.,8-K,Michael J. Logozzo,Chief Operating Officer and President EMPLOYEE,high
reAlpha Tech Corp.,8-K,Giri Devanur,Chief Executive Officer EMPLOYEE,high
"AiAdvertising, Inc.",8-K,Gerard Hug,Chief Executive Officer,high
"Apollo Global Management, Inc.",8-K,Jessica L. Lomm,Vice President and Secretary,high
"Calidi Biotherapeutics, Inc.",8-K,Andrew Jackson,Chief Financial Officer,high
"Calidi Biotherapeutics, Inc.",8-K,Allan Camaisa,Chief Executive Officer,high
La Rosa Holdings Corp.,8-K,Kent Metzroth,Chief Financial Officer,high
"Tyra Biosciences, Inc.",8-K,Alan Fuhrman,Chief Financial Officer,high
Everest Consolidator Acquisition Corp,8-K,Adam Dooley,Chief Executive Officer,high
"GameSquare Holdings, Inc.",8-K,Justin Kenna,Chief Executive Officer and Director EXHIBIT INDEX Exhibit Description,high
LQR House Inc.,8-K,Sean Dollinger,Chief Executive Officer,high
Hudson Acquisition I Corp.,8-K,Jiang Hui,Chief Executive Officer,high
"LifeStance Health Group, Inc.",8-K,Ryan Pardo,Chief Legal Officer and Secretary,high
"Granite Ridge Resources, Inc.",8-K,Luke C. Brandenberg,President and Chief Executive Officer,high
"VIRTUS INVESTMENT PARTNERS, INC.",8-K,Michael A. Angerthal,Chief Financial Officer,high
CHURCH & DWIGHT CO INC /DE/,8-K,Richard A. Dierker,Executive Vice President and Chief Financial Officer,high
BRISTOL MYERS SQUIBB CO,8-K,Kimberly M. Jablonski,Corporate Secretary,high
"Spectral AI, Inc.",8-K,Wensheng Fan,Chief Executive Officer,high
"W.W. GRAINGER, INC.",8-K,Deidra C. Merriwether,Senior Vice President and Chief Financial Officer,high
HIRU Corp,8-K,Gerald Mounger,Chief Executive Officer,high
"SpringWorks Therapeutics, Inc.",8-K,Saqib Islam,Chief Executive Officer,high
Waitr Holdings Inc.,8-K,Thomas C. Pritchard,General Counsel,high
"Notable Labs, Ltd.",8-K,Thomas A. Bock,Chief Executive Officer,high
CervoMed Inc.,8-K,William Elder,General Counsel EXECUTIVE By,high
Entera Bio Ltd.,8-K,Miranda Toledano,Chief Executive Officer,high
RADIAN GROUP INC,8-K,Preston James,Senior Vice President Federal ID,high
RADIAN GROUP INC,8-K,Jason Lenzini,"Senior Vice President, Chief Investment Officer and Treasurer Federal ID",high
RADIAN GROUP INC,8-K,Tara Greene,Vice President Addresses for Notices,high
Finance of America Companies Inc.,8-K,Matthew A. Engel,Chief Financial Officer,high
"cbdMD, Inc.",8-K,T. Ronan Kennedy,Chief Financial Officer,high
"RADIUS RECYCLING, INC.",8-K,James Matthew Vaughn,"Senior Vice President, General Counsel, Chief Compliance Officer and Secretary",high
Ares Management Corp,8-K,Jarrod Phillips,Chief Financial Officer,high
PBF Energy Inc.,8-K,Trecia Canty,"Senior Vice President, General Counsel",high
Borealis Foods Inc.,8-K,Kanat Mynzhanov,Chief Executive Officer Date,high
HARTE HANKS INC,8-K,Robert Wyman,Secretary and General Counsel,high
"HeartBeam, Inc.",8-K,Branislav Vajdic,Chief Executive Officer,high
LUXURBAN HOTELS INC.,8-K,Brian Ferdinand,Chairman and Co,high
"WESTWATER RESOURCES, INC.",8-K,Steven M. Cates,Senior Vice President,high
Elanco Animal Health Inc,8-K,Todd Young,Executive Vice President and Chief Financial Officer,high
Elanco Animal Health Inc,8-K,Michel Deinum,Director,high
"AFFILIATED MANAGERS GROUP, INC.",8-K,Kavita Padiyar,"Managing Director, Chief Corporate Counsel, and Corporate Secretary",high
Sphere Entertainment Co.,8-K,David F. Byrnes,"Executive Vice President, Chief Financial Officer and Treasurer Dated",high
LivaNova PLC,8-K,Michael Hutchinson,"SVP, Company Secretary & Chief Legal Officer",high
"Frontier Communications Parent, Inc.",8-K,Mark D. Nielsen,"Executive Vice President, Chief Legal & Regulatory Officer",high
"Verb Technology Company, Inc.",8-K,Rory J. Cutaia,President and Chief Executive Officer,high
Wheels Up Experience Inc.,8-K,George Mattson,Chief Executive Officer,high
Slam Corp.,8-K,Himanshu Gulati,Chairman,high
Slam Corp.,8-K,Alexander Rodriguez,Chief Executive Officer SPONSOR,high
Slam Corp.,8-K,Charles Miller,Chief Executive Officer TOPCO,high
Allegiant Travel CO,8-K,Robert J. Neal,Senior Vice President and Chief Financial Officer EXHIBIT INDEX Exhibit No,high
"Forward Industries, Inc.",8-K,Kathleen Weisberg,Chief Financial Officer,high
Symbotic Inc.,8-K,Carol Hibbard,Chief Financial Officer and Treasurer,high
VARONIS SYSTEMS INC,8-K,Guy Melamed,Chief Financial Officer and Chief Operating Officer,high
"SHINECO, INC.",8-K,Jennifer Zhan,Chief Executive Officer,high
Trinity Place Holdings Inc.,8-K,Matthew Messinger,President and Chief Executive Officer,high
"Shuttle Pharmaceuticals Holdings, Inc.",8-K,Anatoly Dritschilo,Chief Executive Officer,high
Better Home & Finance Holding Co,8-K,Kevin Ryan,Chief Financial Officer and President,high
Madison Square Garden Entertainment Corp.,8-K,Mark Cresitello,Secretary,high
Vanda Pharmaceuticals Inc.,8-K,Timothy Williams,"Senior Vice President, General Counsel and Secretary",high
Trio Petroleum Corp.,8-K,Michael L. Peterson,Chief Executive Officer,high
"BELLRING BRANDS, INC.",8-K,Paul A. Rode,Chief Financial Officer,high
"XTI Aerospace, Inc.",8-K,Nadir Ali,Chief Executive Officer XTI AIRCRAFT COMPANY By,high
CABOT CORP,8-K,Lisa M. Dumont,Vice President and Controller Date,high
Solidion Technology Inc.,8-K,Jaymes Winters,Chief Executive Officer,high
GLADSTONE INVESTMENT CORPORATION\DE,8-K,David Gladstone,Chief Executive Officer GLADSTONE MANAGEMENT CORPORATION By,high
GLADSTONE INVESTMENT CORPORATION\DE,8-K,Richard Andersen,Senior Vice President Signature page to Amendment No,high
GLADSTONE INVESTMENT CORPORATION\DE,8-K,Pawan Churiwal,Director Signature page to Amendment No,high
GLADSTONE INVESTMENT CORPORATION\DE,8-K,Amir Oveissi,"Vice President, Relationship Manager Signature page to Amendment No",high
WILLIS TOWERS WATSON PLC,8-K,Andrew Krasner,Chief Financial Officer,high
"CERO THERAPEUTICS HOLDINGS, INC.",8-K,Chris Ehrlich,Chief Executive Officer,high
PJT Partners Inc.,8-K,Helen T. Meates,Chief Financial Officer Date,high
Hamilton Lane INC,8-K,Lydia A. Gavalis,General Counsel and Secretary,high
WATERS CORP /DE/,8-K,Amol Chaubal,Senior Vice President and Chief Financial Officer,high
Tradeweb Markets Inc.,8-K,Douglas Friedman,General Counsel,high
LEAR CORP,8-K,Jason M. Cardew,Senior Vice President and Chief Financial Officer,high
ELI LILLY & Co,8-K,Donald A. Zakrowski,"Senior Vice President, Finance, and Chief Accounting Officer Date",high
Cerence Inc.,8-K,Thomas L. Beaudoin,Executive Vice President and Chief Financial Officer,high
Magnolia Oil & Gas Corp,8-K,Timothy D. Yang,"Executive Vice President, General Counsel, Corporate Secretary & Land",high
Madison Square Garden Sports Corp.,8-K,Victoria M. Mink,"Executive Vice President, Chief Financial Officer and Treasurer Dated",high
"VERACYTE, INC.",8-K,Rebecca Chambers,Chief Financial Officer Principal Financial Officer,high
"Wheeler Real Estate Investment Trust, Inc.",8-K,M. Andrew Franklin,Chief Executive Officer and President Dated,high
"Velocity Financial, Inc.",8-K,Roland T. Kelly,"General Counsel VELOCITY FINANCIAL, INC",high
PHIBRO ANIMAL HEALTH CORP,8-K,Judith Weinstein,"Senior Vice President, General Counsel and Corporate Secretary",high
"Ayala Pharmaceuticals, Inc.",8-K,Kenneth A. Berlin,President and Chief Executive Officer,high
"Jasper Therapeutics, Inc.",8-K,Ronald Martell,President and Chief Executive Officer Accepted as of the date first above written,high
"Jasper Therapeutics, Inc.",8-K,Herb Cross,Chief Financial Officer,high
"Jasper Therapeutics, Inc.",8-K,Bill Folis,Managing Director By,high
"Jasper Therapeutics, Inc.",8-K,Gloria Tang,Managing Director,high
"CLEANSPARK, INC.",8-K,Zachary Bradford,Chief Executive Officer,high
Greenidge Generation Holdings Inc.,8-K,Christian Mulvihill,Chief Financial Officer,high
MUELLER INDUSTRIES INC,8-K,Anthony J. Steinriede,Vice President,high
International Media Acquisition Corp.,8-K,Shibasish Sarkar,Chief Executive Officer,high
"SONIDA SENIOR LIVING, INC.",8-K,Kevin J. Detz,Executive Vice President and Chief Financial Officer,high
"SONIDA SENIOR LIVING, INC.",8-K,Brandon M. Ribar,Chief Executive Officer and President,high
Kinetik Holdings Inc.,8-K,Todd Carpenter,"General Counsel, Assistant Secretary and Chief Compliance Officer",high
"AVIAT NETWORKS, INC.",8-K,David M. Gray,Senior Vice President and Chief Financial Officer,high
Safe & Green Development Corp,8-K,David Villarreal,Chief Executive Officer,high
Fortune Rise Acquisition Corp,8-K,Ryan Spick,Principal Executive Officer,high
InnovAge Holding Corp.,8-K,Benjamin C. Adams,Chief Financial Officer,high
"Intapp, Inc.",8-K,Steven Todd,General Counsel,high
Vestis Corp,8-K,Rick Dillon,Executive Vice President and Chief Financial Officer,high
EVOLUTION PETROLEUM CORP,8-K,Ryan Stash,Senior Vice President and Chief Financial Officer,high
"Enact Holdings, Inc.",8-K,Hardin Dean Mitchell,"Executive Vice President, Chief Financial Officer and Treasurer Dated",high
"Airship AI Holdings, Inc.",8-K,Victor Huang,Chief Executive Officer,high
AMGEN INC,8-K,Peter H. Griffith,Executive Vice President and Chief Financial Officer,high
Keurig Dr Pepper Inc.,8-K,Anthony Shoemaker,"Chief Legal Officer, General Counsel and Secretary",high
"Yum China Holdings, Inc.",8-K,Pingping Liu,Chief Legal Officer Date,high
Veralto Corp,8-K,James A. Tanaka,"Vice President, Securities & Governance and Secretary",high
Beneficient,8-K,James G. Silk,Executive Vice President and Chief Legal Officer Dated,high
"Barnes & Noble Education, Inc.",8-K,Michael C. Miller,"Chief Legal Officer and Executive Vice President, Corporate Development & Affairs",high
"Tilray Brands, Inc.",8-K,Mitchell Gendel,Global General Counsel,high
Ares Commercial Real Estate Corp,8-K,Brandon Feitelson,Senior Vice President Exhibit AConformed Credit Agreement,high
"BigBear.ai Holdings, Inc.",8-K,Sean Ricker,Chief Accounting Officer,high
NABORS INDUSTRIES LTD,8-K,Mark D. Andrews,Corporate Secretary,high
Legato Merger Corp. III,8-K,Gregory Monahan,"Chief Executive Officer EQUINITI TRUST COMPANY, LLC By",high
Legato Merger Corp. III,8-K,Paul Wood,Managing Director,high
Legato Merger Corp. III,8-K,Michael Legregin,"Senior Vice President, Corporate Actions Relationship Management & Operations LEGATO MERGER CORP",high
"Aeries Technology, Inc.",8-K,Rajeev Nair,Chief Financial Officer,high
"Apollo Commercial Real Estate Finance, Inc.",8-K,Stuart A. Rothstein,President and Chief Executive Officer Date,high
FARADAY FUTURE INTELLIGENT ELECTRIC INC.,8-K,Jonathan Maroko,Interim Chief Financial Officer,high
FARADAY FUTURE INTELLIGENT ELECTRIC INC.,8-K,Matthias Aydt,Global Chief Executive Officer,high
"Tango Therapeutics, Inc.",8-K,Douglas Barry,General Counsel,high
APx Acquisition Corp. I,8-K,Kyle Bransfield,Chief Executive Officer,high
HAIN CELESTIAL GROUP INC,8-K,Lee A. Boyce,Executive Vice President and Chief Financial Officer,high
Criteo S.A.,8-K,Sarah Glickman,Chief Financial Officer,high
VISHAY INTERTECHNOLOGY INC,8-K,Lori Lipcaman,Executive Vice President and Chief Financial Officer,high
"SelectQuote, Inc.",8-K,Ryan Clement,Chief Financial Officer,high
"Getty Images Holdings, Inc.",8-K,Kjelti Kellough,"Senior Vice President, General Counsel, and Corporate Secretary",high
Global Crossing Airlines Group Inc.,8-K,Ryan Goepel,President,high
"Reservoir Media, Inc.",8-K,Golnar Khosrowshahi,Chief Executive Officer,high
"ORGANOVO HOLDINGS, INC.",8-K,Keith Murphy,Executive Chairman,high
Fox Corp,8-K,Adam G. Ciongoli,Chief Legal and Policy Officer February,high
iPower Inc.,8-K,Kevin Vassily,Chief Financial Officer,high
Chilean Cobalt Corp.,8-K,Duncan T. Blount,Chief Executive Officer,high
"MachTen, Inc.",8-K,Daniel M. Miller,Chairman and Chief Executive Officer,high
STEELCASE INC,8-K,Rajesh K. Mehan,"Vice President, Finance & Treasurer Signature Page to Fourth Amended and Restated Credit Agreement Steelcase Inc",high
STEELCASE INC,8-K,Christopher Salek,Executive Director Signature Page to Fourth Amended and Restated Credit Agreement Steelcase Inc,high
STEELCASE INC,8-K,Jillian Clemmons,Senior Vice President Signature Page to Fourth Amended and Restated Credit Agreement Steelcase Inc,high
STEELCASE INC,8-K,Mylissa Merten,Vice President Signature Page to Fourth Amended and Restated Credit Agreement Steelcase Inc,high
STEELCASE INC,8-K,Will Hicks,Vice President Signature Page to Fourth Amended and Restated Credit Agreement Steelcase Inc,high
STEELCASE INC,8-K,Kelsey Hehman,Vice President Signature Page to Fourth Amended and Restated Credit Agreement Steelcase Inc,high
STEELCASE INC,8-K,Brandon Derusha,Director Signature Page to Fourth Amended and Restated Credit Agreement Steelcase Inc,high
STEELCASE INC,8-K,Todd Kennedy,Managing Director Signature Page to Fourth Amended and Restated Credit Agreement Steelcase Inc,high
"VACCINEX, INC.",8-K,Maurice Zauderer,"President and Chief Executive Officer IN WITNESS WHEREOF, the parties have executed and delivered this Registration Rights Agreement as of the date first written above",high
Crypto Co,8-K,Ron Levy,"Chief Executive Officer, Chief Operating Officer and Secretary",high
MATTEL INC /DE/,8-K,Jonathan Anschell,"Executive Vice President, Chief Legal Officer, and Secretary Dated",high
FORMFACTOR INC,8-K,Shai Shahar,Chief Financial Officer,high
"INTENSITY THERAPEUTICS, INC.",8-K,Lewis H. Bender,Chief Executive Officer,high
ANNALY CAPITAL MANAGEMENT INC,8-K,Anthony C. Green,Chief Corporate Officer & Chief Legal Officer Dated,high
Regional Management Corp.,8-K,Harpreet Rana,Executive Vice President and Chief Financial Officer,high
Regional Management Corp.,8-K,Merle Becker,"Director LENDERS WELLS FARGO BANK, NATIONAL ASSOCIATION, as a Lender By",high
Regional Management Corp.,8-K,Daniel A. Ryan,"Director FIRST HORIZON BANK, f",high
Regional Management Corp.,8-K,Thomas Drake,"Vice President TEXAS CAPITAL BANK, as a Lender By",high
Goal Acquisitions Corp.,8-K,William T. Duffy,Chief Financial Officer and Chief Operating Officer,high
Goal Acquisitions Corp.,8-K,Harvey Schiller,Chief Executive Officer,high
"Nuburu, Inc.",8-K,Brian Knaley,Chief Executive Officer,high
HORACE MANN EDUCATORS CORP /DE/,8-K,Kimberly A. Johnson,Senior Vice President & Controller,high
STREAMLINE HEALTH SOLUTIONS INC.,8-K,Blake Reid,Senior Director,high
RMR GROUP INC.,8-K,Matthew P. Jordan,"Executive Vice President, Chief Financial Officer and Treasurer Date",high
"BM Technologies, Inc.",8-K,Luvleen Sidhu,Chief Executive Officer,high
"ESPORTS ENTERTAINMENT GROUP, INC.",8-K,Alex Igelman,Chief Executive Officer,high
Serve Robotics Inc. /DE/,8-K,Jake Dadd,"Senior Director, Engineering",high
Serve Robotics Inc. /DE/,8-K,Matteo Del Sorbo,Executive Vice President By,high
Magnera Corp,8-K,Jill L. Urey,"Vice President, General Counsel & Compliance",high
HAEMONETICS CORP,8-K,Christopher A. Simon,President and Chief Executive Officer,high
"Digital Locations, Inc.",8-K,Rich Berliner,Chief Executive Officer,high
"Dynatrace, Inc.",8-K,James Benson,"Senior Vice President, Chief Financial Officer & Treasurer",high
"ZIMMER BIOMET HOLDINGS, INC.",8-K,Chad F. Phipps,"Senior Vice President, General Counsel and Secretary",high
ASBURY AUTOMOTIVE GROUP INC,8-K,Michael D. Welch,Senior Vice President and Chief Financial Officer,high
TransDigm Group INC,8-K,Sarah Wynne,Chief Financial Officer,high
BAXTER INTERNATIONAL INC,8-K,Joel T. Grade,Executive Vice President and Chief Financial Officer,high
OPGEN INC,8-K,Oliver Schacht,Chief Executive Officer,high
Gates Industrial Corp plc,8-K,L. Brooks Mallard,Chief Financial Officer Date,high
Sabre Corp,8-K,Ann Bruder,Executive Vice President and Chief Legal Officer,high
ANI PHARMACEUTICALS INC,8-K,Stephen P. Carey,Senior Vice President Finance and Chief Financial Officer,high
"National Vision Holdings, Inc.",8-K,Jared Brandman,"Senior Vice President, General Counsel and Secretary",high
Lumentum Holdings Inc.,8-K,Wajid Ali,Chief Financial Officer February,high
"Tenaya Therapeutics, Inc.",8-K,Bill Follis,Managing Director,high
"INTERPUBLIC GROUP OF COMPANIES, INC.",8-K,Andrew Bonzani,Executive Vice President and General Counsel,high
Ezagoo Ltd,8-K,Tan Xiaohao,Chief Executive Officer,high
RBC Bearings INC,8-K,John J. Feeney,"Vice President, General Counsel & Secretary",high
"Collective Audience, Inc.",8-K,Peter Bordes,Chief Executive Officer,high
"Expedia Group, Inc.",8-K,Robert Dzielak,Chief Legal OfficerDated,high
POWER INTEGRATIONS INC,8-K,Sandeep Nayyar,Chief Financial Officer Dated,high
PETMED EXPRESS INC,8-K,Christine Chambers,"Chief Financial Officer, Treasurer and Secretary",high
"CHINA PHARMA HOLDINGS, INC.",8-K,Zhilin Li,President and Chief Executive Officer,high
"Affirm Holdings, Inc.",8-K,Michael Linford,Chief Financial Officer Date,high
"Spire Global, Inc.",8-K,Peter Platzer,Chief Executive Officer,high
"i3 Verticals, Inc.",8-K,Clay Whitson,Chief Financial Officer,high
"Banzai International, Inc.",8-K,Joseph Davy,Chief Executive Officer ACKNOWLEDGED AND AGREED by the PAYEE as of the date first above written,high
Genpact LTD,8-K,Heather D. White,"Senior Vice President, Chief Legal Officer and Secretary",high
"CISCO SYSTEMS, INC.",8-K,Evan Sloves,Secretary,high
"CISCO SYSTEMS, INC.",8-K,Greg Bromberger,"Vice President, Finance and Assistant Treasurer CISCO SYSTEMS, INC",high
"CISCO SYSTEMS, INC.",8-K,Liliana Claar,"Vice President CISCO SYSTEMS, INC",high
"CISCO SYSTEMS, INC.",8-K,Herman Chang,"Vice President CISCO SYSTEMS, INC",high
"CISCO SYSTEMS, INC.",8-K,Daniel Boselli,"Vice President CISCO SYSTEMS, INC",high
"CISCO SYSTEMS, INC.",8-K,Abhishek Joshi,"Vice President CISCO SYSTEMS, INC",high
"CISCO SYSTEMS, INC.",8-K,Michelle Frederick,"Vice President CISCO SYSTEMS, INC",high
"CISCO SYSTEMS, INC.",8-K,Theodore Olsen,Managing Director By,high
"CISCO SYSTEMS, INC.",8-K,Alfonso Brigham,"Director CISCO SYSTEMS, INC",high
"CISCO SYSTEMS, INC.",8-K,Lillian Kim,"Director CISCO SYSTEMS, INC",high
"CBIZ, Inc.",8-K,Jaileah X. Huddleston,Chief Legal Officer & Corporate Secretary,high
"ILLUMINA, INC.",8-K,Joydeep Goswami,"Chief Financial Officer, Chief Strategy and Corporate Development Officer Table of Contents Exhibit Index Exhibit Number Description",high
"Motorola Solutions, Inc.",8-K,Katherine Maher,Corporate Vice President and Chief Accounting Officer,high
Zymeworks Inc.,8-K,Kenneth Galbraith,Chair and Chief Executive Officer,high
Zalatoris II Acquisition Corp,8-K,Paul Davis,Chief Executive Officer,high
"Victory Capital Holdings, Inc.",8-K,Michael D. Policarpo,"President, Chief Financial Officer and Chief Administrative Officer",high
INTERNATIONAL ISOTOPES INC,8-K,Eric K. Rockett,President SCHEDULE A Seller,high
"Mineralys Therapeutics, Inc.",8-K,Adam Levy,Chief Financial Officer and Secretary,high
Predictive Oncology Inc.,8-K,Josh Blacher,Chief Financial Officer,high
Bitcoin Depot Inc.,8-K,Brandon Mintz,President and Chief Executive Officer,high
"Digerati Technologies, Inc.",8-K,Seth Block,"Executive Vice President AEGIS VENTURE FUND, LLC",high
"Digerati Technologies, Inc.",8-K,Michael Fussell,President AGENT,high
"Digerati Technologies, Inc.",8-K,Antonio Estrada,Chief Financial Officer LOAN AND SECURITY AGREEMENT,high
"Digerati Technologies, Inc.",8-K,Jerry Ou,President Jerry Ou,high
"Digerati Technologies, Inc.",8-K,Patrick Hassani,Chief Investment Officer,high
SENSIENT TECHNOLOGIES CORP,8-K,John J. Manning,"Senior Vice President, General Counsel, and Secretary Date",high
Global Gas Corp,8-K,Shachi Shah,Chief Financial Officer,high
Ubiquiti Inc.,8-K,Robert J. Pera,Chief Executive Officer EXHIBIT INDEX Exhibit Number Description,high
"INSPIRE VETERINARY PARTNERS, INC.",8-K,Kimball Carr,Chief Executive Officer Address for notice,high
"INSPIRE VETERINARY PARTNERS, INC.",8-K,Kim Monchik,Chief Administrative Officer Address for notice,high
"Humacyte, Inc.",8-K,Dale A. Sander,"Chief Financial Officer, Chief Corporate Development Officer and Treasurer",high
PLAINS ALL AMERICAN PIPELINE LP,8-K,Sharon Spurlin,Senior Vice President and Treasurer,high
PLAINS GP HOLDINGS LP,8-K,Al Swanson,Executive Vice President and Chief Financial Officer,high
FEDERAL AGRICULTURAL MORTGAGE CORP,8-K,Stephen P. Mullery,Executive Vice President,high
"N2OFF, Inc.",8-K,David Palach,Chief Executive Officer,high
Owens Corning,8-K,Todd Fister,Executive Vice President and Chief Financial Officer MT ACQUISITION CO ULC By,high
Owens Corning,8-K,Howard C. Heckes,President and Chief Executive Officer Signature Page to Arrangement Agreement Schedule,high
Graphene & Solar Technologies Ltd,8-K,Jason May,Chief Executive Officer and Director,high
"Presidio Property Trust, Inc.",8-K,Ed Bentzen,Chief Financial Officer Dated,high
AMTECH SYSTEMS INC,8-K,Lisa D. Gibbs,Vice President and Chief Financial Officer,high
HF Foods Group Inc.,8-K,Carlos Rodriguez,"Chief Financial OfficerB&R GLOBAL HOLDINGS, INC",high
HF Foods Group Inc.,8-K,Jason Ward,"Vice PresidentCOMERICA BANK, as a LenderBy",high
OneMedNet Corp,8-K,Paul J. Casey,Chief Executive Officer,high
Broadcom Inc.,8-K,Kirsten M. Spears,Chief Financial Officer and Chief Accounting Officer,high
"Edesa Biotech, Inc.",8-K,Stephen Lemieux,Chief Financial Officer,high
"SUTRO BIOPHARMA, INC.",8-K,Edward C. Albini,"Chief Financial Officer The foregoing Agreement is hereby confirmed and accepted by the Agent in New York, New York as of the date first above written",high
byNordic Acquisition Corp,8-K,Thomas Fairfield,Chief Financial Officer,high
"4D Molecular Therapeutics, Inc.",8-K,Uneek Mehra,Chief Financial & Business Officer,high
"4D Molecular Therapeutics, Inc.",8-K,Lyla Bibi Maduri,"Managing Director BofA Securities, Inc",high
"4D Molecular Therapeutics, Inc.",8-K,John Bishai,Managing Director Jefferies LLC By,high
"Clearday, Inc.",8-K,James Walesa,Chief Executive Officer Dated,high
ProFrac Holding Corp.,8-K,Steven Scrogham,"Chief Legal Officer, Chief Compliance Officer and Corporate Secretary Date",high
Hyatt Hotels Corp,8-K,Margaret C. Egan,"Executive Vice President, General Counsel and Secretary",high
Papaya Growth Opportunity Corp. I,8-K,Clay Whitehead,Chief Executive Officer,high
Golden Star Acquisition Corp,8-K,Linjun Guo,Chief Executive Officer,high
Landsea Homes Corp,8-K,Kelly Rentzel,General Counsel,high
"Investview, Inc.",8-K,Victor Oviedo,Chief Executive Officer,high
Garrett Motion Inc.,8-K,Sean Deason,Senior Vice President and Chief Financial Officer,high
POTBELLY CORP,8-K,Steven Cirulis,"Senior Vice President, Chief Financial Officer, and Chief Strategy Officer",high
"Diamondback Energy, Inc.",8-K,Travis D. Stice,"Chief Executive Officer ECLIPSE MERGER SUB I, LLC By",high
"Diamondback Energy, Inc.",8-K,Autry C. Stephens,"Chairman of the Board and Sole Member ENDEAVOR MANAGER, LLC By",high
ACTELIS NETWORKS INC,8-K,Yoav Efron,Chief Financial Officer,high
TRIO-TECH INTERNATIONAL,8-K,Srinivasan Anitha,Chief Financial Officer EXIBIT INDEX Exhibit Number Description,high
TRANSUITE.ORG INC.,8-K,Michal Wisniewski,Chief Financial Officer,high
Better Choice Co Inc.,8-K,Carolina Martinez,Chief Financial Officer February,high
ZoomInfo Technologies Inc.,8-K,P. Cameron Hyzer,Chief Financial Officer,high
"TrueBlue, Inc.",8-K,Carl Schweihs,Chief Financial OfficerGUARANTORS,high
"TrueBlue, Inc.",8-K,Rich Christensen,Vice President & Chief Financial OfficerCLP HOLDINGS CORP,high
"TrueBlue, Inc.",8-K,Timothy G. Holsapple,"Senior Vice PresidentPNC BANK, NATIONAL ASSOCIATION as a LenderBy",high
"TrueBlue, Inc.",8-K,Mark Gibbs,"Managing DirectorWELLS FARGO BANK, NATIONAL ASSOCIATION as a LenderBy",high
"TrueBlue, Inc.",8-K,David Raczka,"Senior Vice PresidentCREDIT AGREEMENT TRUEBLUE, INC",high
ECA Marcellus Trust I,8-K,Sarah Newell,Vice President Date,high
Science Applications International Corp,8-K,Brian Reed,Vice President SIGNATURE PAGE TO SIXTH AMENDMENT,high
Equity Commonwealth,8-K,William H. Griffiths,"Executive Vice President, Chief Financial Officer and Treasurer Date",high
"Brighthouse Financial, Inc.",8-K,Kristine H. Toscano,Chief Accounting Officer Date,high
"MultiSensor AI Holdings, Inc.",8-K,Peter Baird,Chief Financial Officer,high
Atlas Lithium Corp,8-K,Marc Fogassa,Chief Executive Officer,high
Athena Technology Acquisition Corp. II,8-K,Isabelle Freidheim,Chief Executive Officer and Chairperson of the Board of Directors,high
VORNADO REALTY TRUST,8-K,Deirdre Maddock,Chief Accounting Officer,high
"Allovir, Inc.",8-K,Edward Miller,General Counsel,high
BARNWELL INDUSTRIES INC,8-K,Alexander C. Kinzler,Chief Executive Officer and President Exhibit Index Exhibit No,high
"Cadrenal Therapeutics, Inc.",8-K,Quang Pham,Chairman and Chief Executive Officer,high
"SOUNDTHINKING, INC.",8-K,Monica Fleming,Senior Vice President Guarantor Reaffirmation Statement Each of the undersigned has previously executed a Payment Guaranty dated as of December,high
"FORMATION MINERALS, INC.",8-K,James Hiza,Chief Executive Officer,high
TransUnion,8-K,Todd M. Cello,"Executive Vice President, Chief Financial Officer",high
HERC HOLDINGS INC,8-K,Mark Humphrey,Senior Vice President and Chief Financial Officer Date,high
SITE Centers Corp.,8-K,Christa A. Vesy,Executive Vice President and Chief Accounting Officer,high
"HASBRO, INC.",8-K,Gina Goetter,Executive Vice President and Chief Financial Officer Date,high
Howmet Aerospace Inc.,8-K,Lola F. Lin,"Executive Vice President, Chief Legal and Compliance Officer and Secretary",high
"MARKETWISE, INC.",8-K,Erik Mickels,Chief Financial Officer,high
"Verde Clean Fuels, Inc.",8-K,Ernest Miller,Chief Executive Officer and Interim Chief Financial Officer,high
"Krispy Kreme, Inc.",8-K,Jeremiah Ashukian,Chief Financial Officer,high
TPG Inc.,8-K,Jack Weingart,Chief Financial Officer Date,high
GCM Grosvenor Inc.,8-K,Michael J. Sacks,Chief Executive Officer,high
Bellevue Life Sciences Acquisition Corp.,8-K,Kuk Hyoun Hwang,Chief Executive Officer Email,high
Kisses From Italy Inc.,8-K,Claudio Ferri,Chief Executive Officer SC CULLINARY LLC By,high
"ZILLOW GROUP, INC.",8-K,Jennifer Rock,Chief Accounting Officer,high
"Metagenomi, Inc.",8-K,Brian C. Thomas,Chief Executive Officer,high
Healthcare Realty Trust Inc,8-K,J. Christopher Douglas,Executive Vice President,high
InvenTrust Properties Corp.,8-K,Christy L. David,"Executive Vice President, Chief Operating Officer, General Counsel & Secretary",high
Invitation Homes Inc.,8-K,Mark A. Solls,"Executive Vice President, Secretary and Chief Legal Officer Date",high
IAC Inc.,8-K,Kendall Handler,Executive Vice President & Chief Legal Officer Date,high
"GXO Logistics, Inc.",8-K,Baris Oran,Chief Financial Officer,high
"Mirion Technologies, Inc.",8-K,Brian Schopfer,Chief Financial Officer,high
Angi Inc.,8-K,Shannon Shaw,Chief Legal Officer Date,high
Allison Transmission Holdings Inc,8-K,Eric C. Scroggins,"Vice President, General Counsel and Secretary",high
"Telomir Pharmaceuticals, Inc.",8-K,Tyler Bashaw,Director SCHEDULE,high
AerSale Corp,8-K,James Fry,"Executive Vice President, General Counsel & Corporate Secretary",high
Perfect Moment Ltd.,8-K,Mark Buckley,"Chief Executive Officer Confirmed as of the date first written above mentioned, on behalf of itself and as Representative of the several Underwriters named on Schedule",high
TUCOWS INC /PA/,8-K,Davinder Singh,Chief Financial Officer,high
"nCino, Inc.",8-K,Gregory Orenstein,Chief Financial OfficerHOLDINGS,high
"nCino, Inc.",8-K,Thomas M. Paulk,"Senior Vice PresidentFirst AmendmentnCino Opco, Inc",high
Atlas Energy Solutions Inc.,8-K,John Turner,President and Chief Financial Officer,high
"Expensify, Inc.",8-K,Ryan Schaffer,Chief Financial Officer Date,high
PRIMEENERGY RESOURCES CORP,8-K,Beverly A. Cummings,"Executive Vice President, Treasurer & Chief Financial Officer GUARANTORS",high
PRIMEENERGY RESOURCES CORP,8-K,Ryan Watson,Senior Vice President LENDERS,high
PRIMEENERGY RESOURCES CORP,8-K,Blake Kirshman,Senior Vice President SECOND AMENDMENT,high
AVIENT CORP,8-K,Jamie A. Beggs,Senior Vice President and Chief Financial Officer Dated,high
HEALTHCARE SERVICES GROUP INC,8-K,Andrew M. Brophy,"Vice President, Controller & Principal Accounting Officer",high
"Benson Hill, Inc.",8-K,Walter Cronin,PresidentSELLER,high
"Benson Hill, Inc.",8-K,Adrienne Elsner,Chief Executive Officer Date,high
"Avantor, Inc.",8-K,Steven Eck,Senior Vice President and Chief Accounting Officer,high
Helix Acquisition Corp. II,8-K,Caleb Tripp,Chief Financial Officer,high
Helix Acquisition Corp. II,8-K,Bihua Chen,Chief Executive Officer The foregoing Underwriting Agreement is hereby confirmed and accepted as of the date first above written,high
Byrna Technologies Inc.,8-K,Bryan Ganz,Chief Executive Officer,high
IMMERSION CORP,8-K,Eric Singer,Chief Executive Officer,high
"Chefs' Warehouse, Inc.",8-K,Alexandros Aldous,"General Counsel, Corporate Secretary, Chief Government Relations Officer & Chief Administrative Officer Date",high
Blink Charging Co.,8-K,Michael P. Rama,Chief Financial Officer,high
"Vishay Precision Group, Inc.",8-K,William M. Clancy,Executive Vice President and Chief Financial Officer,high
"Cogent Biosciences, Inc.",8-K,Evan Kearns,Chief Legal Officer ANNEX A NOTICE OF CONVERSION,high
"Cogent Biosciences, Inc.",8-K,Andrew Robbins,"Chief Executive Officer and President IN WITNESS WHEREOF, the parties hereto have caused this Securities Purchase Agreement to be duly executed by their respective authorized signatories as of the date first indicated above",high
"Cogent Biosciences, Inc.",8-K,James H. Mannix,"Chief Operating Officer IN WITNESS WHEREOF, the parties hereto have caused this Securities Purchase Agreement to be duly executed by their respective authorized signatories as of the date first indicated above",high
"Cogent Biosciences, Inc.",8-K,Dan Lehan,"Chief Operating Officer IN WITNESS WHEREOF, the parties hereto have caused this Securities Purchase Agreement to be duly executed by their respective authorized signatories as of the date first indicated above",high
CEVA INC,8-K,Yaniv Arieli,Chief Financial Officer,high
"Xponential Fitness, Inc.",8-K,John Meloun,Chief Financial Officer,high
FutureTech II Acquisition Corp.,8-K,Ray Chen,Chief Executive Officer,high
"INDEPENDENCE REALTY TRUST, INC.",8-K,James J. Sebra,Chief Financial Officer and Treasurer,high
ROLLINS INC,8-K,Kenneth D. Krause,"Executive Vice President, Chief Financial Officer and Treasurer",high
HUBSPOT INC,8-K,Kate Bueker,Chief Financial Officer,high
"Evolent Health, Inc.",8-K,Jonathan Weinberg,General Counsel and Secretary,high
"Awaysis Capital, Inc.",8-K,Andrew Trumbach,President and CFO,high
"Aurora Innovation, Inc.",8-K,David Maday,Chief Financial Officer,high
RETAIL OPPORTUNITY INVESTMENTS CORP,8-K,Michael B. Haines,"Chief Financial Officer RETAIL OPPORTUNITY INVESTMENTS PARTNERSHIP, LP By",high
Future FinTech Group Inc.,8-K,Shanchun Huang,Chief Executive Officer and President,high
HERBALIFE LTD.,8-K,Henry C. Wang,"EVP, General Counsel and Corporate Secretary",high
Comstock Inc.,8-K,Sven Lochen,Chief Executive Officer,high
IEH Corp,8-K,Subrata Purkayastha,Chief Financial Officer Date,high
DOLLAR GENERAL CORP,8-K,Michael Vondriska,Vice President Signature Page to Dollar General Amendment No,high
Sunnova Energy International Inc.,8-K,William B. Kuesel,Vice President,high
Sunnova Energy International Inc.,8-K,Keith Kishiyama,Senior Vice President,high
Sunnova Energy International Inc.,8-K,Efrain Soto,Director,high
Sunnova Energy International Inc.,8-K,Takashi Fueno,"Managing Director SUMITOMO MITSUI BANKING CORPORATION, as a Committed Lender By",high
Sunnova Energy International Inc.,8-K,Elena Ghilardi,Director,high
Sunnova Energy International Inc.,8-K,Helen Ellis,Managing Director,high
"International Money Express, Inc.",8-K,Andras Bende,Chief Financial Officer,high
"Ensysce Biosciences, Inc.",8-K,Lynn Kirkpatrick,Chief Executive Officer,high
"Red Cat Holdings, Inc.",8-K,Jeffrey Thompson,Chief Executive Officer,high
PATTERSON UTI ENERGY INC,8-K,C. Andrew Smith,Executive Vice President and Chief Financial Officer,high
"EPAM Systems, Inc.",8-K,Jason Peterson,"Senior Vice President, Chief Financial Officer and Treasurer",high
Swiftmerge Acquisition Corp.,8-K,Christopher Munyan,Chief Financial Officer,high
Swiftmerge Acquisition Corp.,8-K,J. Sam Bremner,"Chief Executive Officer IVCP MERGER SUB, INC",high
Swiftmerge Acquisition Corp.,8-K,Michael Matin,Chief Executive Officer SIGNATURE PAGE TO TERMINATION OF MERGER AGREEMENT,high
"Corebridge Financial, Inc.",8-K,Christine Nixon,Executive Vice President and General Counsel,high
Aurinia Pharmaceuticals Inc.,8-K,Joseph Miller,Chief Financial Officer,high
COGNEX CORP,8-K,Paul Todgham,Senior Vice President and Chief Financial Officer,high
Iridium Communications Inc.,8-K,Thomas J. Fitzpatrick,Chief Financial Officer,high
IRONWOOD PHARMACEUTICALS INC,8-K,Sravan K. Emany,"Senior Vice President, Chief Financial Officer",high
"Applied Therapeutics, Inc.",8-K,Shoshana Shendelman,President and Chief Executive Officer,high
Organon & Co.,8-K,Matthew Walsh,Chief Financial Officer Dated,high
GENUINE PARTS CO,8-K,Bert Nappier,Executive Vice President and CFO,high
"Vivos Therapeutics, Inc.",8-K,Thomas J. Higgins,Managing Director Accepted and agreed to as of the date first written above,high
"Vivos Therapeutics, Inc.",8-K,Bradford K. Amman,Chief Financial Officer,high
NUSCALE POWER Corp,8-K,Ramsey Hamady,Chief Financial Officer,high
"TRUPANION, INC.",8-K,Fawwad Qureshi,Chief Financial Officer Date,high
"Travere Therapeutics, Inc.",8-K,Eric Dube,Chief Executive Officer,high
"Toast, Inc.",8-K,Elena Gomez,Chief Financial Officer,high
"GlassBridge Enterprises, Inc.",8-K,Daniel Strauss,Chief Executive Officer,high
"GlassBridge Enterprises, Inc.",8-K,Francis Ruchalski,Chief Financial Officer THE LENDER,high
PROTHENA CORP PUBLIC LTD CO,8-K,Tran B. Nguyen,Chief Financial Officer and Chief Strategy Officer,high
CORCEPT THERAPEUTICS INC,8-K,Atabak Mokari,Chief Financial Officer,high
Greenland Technologies Holding Corp.,8-K,Raymond Z. Wang,Chief Executive Officer,high
"Vaxxinity, Inc.",8-K,Mei Mei Hu,Chief Executive Officer,high
AMN HEALTHCARE SERVICES INC,8-K,Cary Grace,Chief Executive Officer,high
DraftKings Inc.,8-K,Jason Robins,Chief Executive Officer and Chairman DRAFTKINGS HOLDINGS INC,high
DraftKings Inc.,8-K,Paul Liberman,President and Chief Executive Officer FORTUNE MERGER SUB INC,high
"Applied UV, Inc.",8-K,Mike Riccio,Chief Financial Officer,high
Opendoor Technologies Inc.,8-K,Christina Schwartz,Interim Chief Financial Officer,high
MACH NATURAL RESOURCES LP,8-K,Tom L. Ward,Chief Executive Officer,high
"Emerald Holding, Inc.",8-K,Sam Camens,Director,high
"Abacus Life, Inc.",8-K,Jay Jackson,Chief Executive Officer,high
"Abacus Life, Inc.",8-K,James Furey,Managing Director For itself and as Representative of the Underwriters named in Exhibit A hereto,high
iSpecimen Inc.,8-K,Tracy Curley,Chief Executive Officer,high
Westrock Coffee Co,8-K,T. Christopher Pledger,Chief Financial Officer,high
Westrock Coffee Co,8-K,Christine Gardiner,Senior Vice President,high
Westrock Coffee Co,8-K,Van Brandenburg,Managing Director By,high
Westrock Coffee Co,8-K,Valery Amouroux,Director,high
Westrock Coffee Co,8-K,Jason Douglas,Director,high
Pangaea Logistics Solutions Ltd.,8-K,Gianni Del Signore,Chief Financial Officer,high
"AtlasClear Holdings, Inc.",8-K,John Schaible,"Chief Executive Officer CALCULATOR NEW PUBCO, INC",high
"AtlasClear Holdings, Inc.",8-K,Craig Ridenhour,Chief Business Development Officer ATLAS FINANCIAL TECHNOLOGIES CORP,high
"AtlasClear Holdings, Inc.",8-K,Lyle Davis,Chairman PURCHASER,high
"AtlasClear Holdings, Inc.",8-K,John M. Schaible,Chairman SELLERS,high
ARBOR REALTY TRUST INC,8-K,Paul Elenio,Chief Financial Officer Date,high
"Fidelity National Financial, Inc.",8-K,Michael L. Gravelle,"Executive Vice President, General Counsel and Corporate Secretary EXHIBIT INDEX Exhibit Number Description",high
"Fidelity National Financial, Inc.",8-K,Aamir Saleem,"Vice President Signature Page to Sixth Amended and Restated Credit Agreement BANK OF AMERICA, N",high
"Fidelity National Financial, Inc.",8-K,Christopher Choi,Managing Director Signature Page to Sixth Amended and Restated Credit Agreement JPMORGAN CHASE BANK N,high
"Fidelity National Financial, Inc.",8-K,Austin Bennett,Vice President Signature Page to Sixth Amended and Restated Credit Agreement U,high
"Fidelity National Financial, Inc.",8-K,L. Doreen Markowitz,Vice President Signature Page to Sixth Amended and Restated Credit Agreement BMO BANK N,high
"Fidelity National Financial, Inc.",8-K,Charlene A. Davidson,"Managing Director Signature Page to Sixth Amended and Restated Credit Agreement FIFTH THIRD BANK, NATIONAL ASSOCIATION, as a Lender By",high
"Fidelity National Financial, Inc.",8-K,Hudson H. Marshall,"Senior Vice President Signature Page to Sixth Amended and Restated Credit Agreement BANK OF HAWAII, as a Lender By",high
"Fidelity National Financial, Inc.",8-K,Kimberly Shaffer,"Managing Director Signature Page to Amended and Restated Credit Agreement CITIBANK, N",high
"Fidelity National Financial, Inc.",8-K,Marko Lukin,Vice President By,high
Endexx Corp,8-K,Todd Davis,Chief Executive Officer,high
"Polomar Health Services, Inc.",8-K,Brett Rosen,President Date,high
Scilex Holding Co,8-K,Jaisim Shah,Chief Executive Officer and President Date,high
"Unusual Machines, Inc.",8-K,Allan Evans,Chief Financial Officer,high
"SELLAS Life Sciences Group, Inc.",8-K,Barbara A. Wood,"Executive Vice President, General Counsel and Corporate Secretary",high
"Vacasa, Inc.",8-K,Robert Greyber,Chief Executive Officer Date,high
Skillz Inc.,8-K,Gaetano Franceschi,Chief Financial Officer Date,high
"FIRST SOLAR, INC.",8-K,Jason Dymbort,General Counsel & Secretary,high
Vertiv Holdings Co,8-K,David Fallon,Chief Financial Officer,high
Vertiv Holdings Co,8-K,Peter Lambrecht,"Managing Director VERTIV INTEGRATED SYSTEMS GMBH, as German Guarantor By",high
Vertiv Holdings Co,8-K,Andrew James Whall,Director AVOCENT ASIA PACIFIC PTE,high
Vertiv Holdings Co,8-K,James Shender,"Executive Director JPMORGAN CHASE BANK, N",high
Vertiv Holdings Co,8-K,David Smith,Vice President & Director,high
Vertiv Holdings Co,8-K,Olesya Mitkevych,Director,high
Vertiv Holdings Co,8-K,Sylwia Durkiewicz,Vice President,high
Vertiv Holdings Co,8-K,Jean Grasso,Managing Director By,high
Vertiv Holdings Co,8-K,Gaurav Mathur,Managing Director,high
Vertiv Holdings Co,8-K,Jonathan Lidz,Director,high
Vertiv Holdings Co,8-K,Frans Braniotis,Managing Director,high
Vertiv Holdings Co,8-K,Roy Kuruvilla,"Managing Director, Leveraged & Acquisition Finance",high
DANA INC,8-K,Douglas H. Liedberg,"Senior Vice President, General Counsel and Secretary",high
BICYCLE THERAPEUTICS PLC,8-K,Alethia Young,Chief Financial Officer,high
"Matinas BioPharma Holdings, Inc.",8-K,Jerome D. Jabbour,Chief Executive Officer,high
"Chicago Atlantic BDC, Inc.",8-K,Umesh Mahajan,Chief Financial Officer,high
"Montrose Environmental Group, Inc.",8-K,Allan Dicks,Chief Financial Officer MONTROSE ENVIRONMENTAL GROUP LTD,high
"Montrose Environmental Group, Inc.",8-K,Jose Revuelta,Secretary and Treasurer MATRIX SOLUTIONS INC,high
"Montrose Environmental Group, Inc.",8-K,Henry Pennell,"Vice President FOURTH AMENDMENT TO CREDIT AGREEMENTMONTROSE ENVIRONMENTAL GROUP, INC LENDERS",high
"Montrose Environmental Group, Inc.",8-K,Jennifer Yan,"Senior Vice President FOURTH AMENDMENT TO CREDIT AGREEMENTMONTROSE ENVIRONMENTAL GROUP, INC capital one national association, as an Existing Lender, an Incremental Term Loan Lender and an Incremental Revolving Lender By",high
"Montrose Environmental Group, Inc.",8-K,Jeff Ameen,"Vice President JPMORGAN CHASE BANK, N",high
"Montrose Environmental Group, Inc.",8-K,Brian Dosher,"Director FOURTH AMENDMENT TO CREDIT AGREEMENTMONTROSE ENVIRONMENTAL GROUP, INC u",high
"Montrose Environmental Group, Inc.",8-K,Thomas Lerner,"Senior Vice President FOURTH AMENDMENT TO CREDIT AGREEMENTMONTROSE ENVIRONMENTAL GROUP, INC wells fargo bANK, NATIONAL ASSOCIATION, as a New Lender, an Incremental Term Loan Lender and an Incremental Revolving Lender By",high
GLOBAL INDUSTRIAL Co,8-K,Thomas Clark,Senior Vice President and Chief Financial Officer,high
Odysight.ai Inc.,8-K,Tanya Yosef,Chief Financial Officer,high
PPLUS Trust Series GSC-2,8-K,Matthew Nelson,President EXHIBIT INDEX,high
"Artisan Consumer Goods, Inc.",8-K,Amber Finney,President and Chief Executive Officer,high
"Amplitude, Inc.",8-K,Christopher Harms,Chief Financial Officer,high
Adeia Inc.,8-K,Keith A. Jones,Chief Financial Officer,high
"Arteris, Inc.",8-K,Nicholas B. Hawkins,Vice President and Chief Financial Officer,high
"Matterport, Inc./DE",8-K,James D. Fay,Chief Financial Officer,high
"Sprout Social, Inc.",8-K,Heidi Jonas,General Counsel and Secretary Date,high
"Empire State Realty OP, L.P.",8-K,Heather L. Houston,"Secretary Pursuant to the requirements of the Exchange Act, the registrant has duly caused this report to be signed on its behalf by the undersigned hereunto duly authorized",high
"TPG RE Finance Trust, Inc.",8-K,Robert Foley,Chief Financial Officer Date,high
NATIONAL HEALTH INVESTORS INC,8-K,John L. Spaid,Chief Financial Officer Date,high
"Teladoc Health, Inc.",8-K,Adam C. Vandervoort,Chief Legal Officer and Secretary,high
Sonder Holdings Inc.,8-K,Dominique Bourgault,Chief Financial Officer and Treasurer,high
WORKIVA INC,8-K,Jill Klindt,"Executive Vice President, Chief Financial Officer, and Treasurer",high
"Viper Energy, Inc.",8-K,Teresa L. Dick,"Chief Financial Officer, Executive Vice President and Assistant Secretary",high
Brookdale Senior Living Inc.,8-K,Chad C. White,"Executive Vice President, General Counsel and Secretary",high
GeneDx Holdings Corp.,8-K,Katherine Stueland,Chief Executive Officer,high
CONX Corp.,8-K,Kyle Jason Kiser,Chief Executive Officer,high
"Cadre Holdings, Inc.",8-K,Blaine Browers,Chief Financial Officer,high
"ISUN, INC.",8-K,Jeffrey Peck,Chief Executive Officer,high
COGNITION THERAPEUTICS INC,8-K,Lisa Ricciardi,President and Chief Executive Officer,high
"RingCentral, Inc.",8-K,Sonalee Parekh,Chief Financial Officer,high
Seven Hills Realty Trust,8-K,Fernando Diaz,Chief Financial Officer and Treasurer,high
Cartica Acquisition Corp,8-K,Suresh Guduru,Chairman and Chief Executive Officer,high
UNITED THERAPEUTICS Corp,8-K,Paul A. Mahon,General Counsel,high
Travel & Leisure Co.,8-K,Thomas M. Duncan,Chief Accounting Officer Date,high
Bausch & Lomb Corp,8-K,Sam Eldessouky,"Executive Vice President, Chief Financial Officer Date",high
DarioHealth Corp.,8-K,Zvi Ben David,"Chief Financial Officer, Treasurer and Secretary",high
DarioHealth Corp.,8-K,Ofer Leidner,President,high
DarioHealth Corp.,8-K,Richard Anderson,President,high
PHINIA INC.,8-K,Robert Boyle,"Vice President, General Counsel, and Secretary",high
"ADMA BIOLOGICS, INC.",8-K,Brian Lenz,Executive Vice President and Chief Financial Officer,high
"Ocugen, Inc.",8-K,Shankar Musunuri,"Chairman, Chief Executive Officer, & Co",high
Vystar Corp,8-K,Jamie Rotman,President,high
"Spok Holdings, Inc",8-K,Calvin C. Rice,Chief Financial Officer,high
"Vimeo, Inc.",8-K,Gillian Munson,Chief Financial Officer,high
"HEALTHEQUITY, INC.",8-K,James Lucania,Executive Vice President and Chief Financial Officer,high
"Joby Aviation, Inc.",8-K,Matthew Field,Chief Financial Officer,high
Bally's Corp,8-K,Marcus Glover,Chief Financial Officer Date,high
CENTURY ALUMINUM CO,8-K,Gerald C. Bialek,Executive Vice President and Chief Financial Officer,high
Neurogene Inc.,8-K,Christine Mikail,President and Chief Financial Officer,high
RICHTECH ROBOTICS INC.,8-K,Zhenwu Huang,Chief Executive Officer and Director INVESTOR,high
"Weave Communications, Inc.",8-K,Brett White,Chief Executive Officer,high
OUTFRONT Media Inc.,8-K,Matthew Siegel,Executive Vice President and Chief Financial Officer Date,high
"SharpLink Gaming, Inc.",8-K,Rob Phythian,Chief Executive Officer Dated,high
"AGILENT TECHNOLOGIES, INC.",8-K,P. Diana Chiu,"Vice President, Interim General Counsel & Secretary",high
"Crescent Capital BDC, Inc.",8-K,Gerhard Lombard,Chief Financial Officer,high
ICAHN ENTERPRISES L.P.,8-K,Ted Papapostolou,Chief Financial Officer Exhibit A NAV Incentive Arrangement No,high
"BuzzFeed, Inc.",8-K,Jonah Peretti,Chief Executive Officer,high
"Ultra Clean Holdings, Inc.",8-K,Paul Y. Cho,General Counsel and Corporate Secretary,high
Crescent Energy Co,8-K,Brandi Kendall,Chief Financial Officer,high
"CAMBER ENERGY, INC.",8-K,James A. Doris,Chief Executive Officer,high
MARRIOTT VACATIONS WORLDWIDE Corp,8-K,Jason P. Marino,Executive Vice President and Chief Financial Officer,high
EMPIRE PETROLEUM CORP,8-K,Michael Morrisett,President and CEO,high
AltEnergy Acquisition Corp,8-K,Jonghoon Ha,Executive Director,high
AltEnergy Acquisition Corp,8-K,Daniel Shribman,Chief Investment Officer,high
"Kayne Anderson BDC, Inc.",8-K,Terry A. Hart,Chief Financial Officer and Treasurer,high
ModivCare Inc,8-K,Jennifer Jaskolka,"VP, Deputy General Counsel & Corporate Secretary",high
"EQUUS TOTAL RETURN, INC.",8-K,Kenneth I. Denos,Secretary,high
"ORMAT TECHNOLOGIES, INC.",8-K,Doron Blachar,Chief Executive Officer Date,high
CARRIAGE SERVICES INC,8-K,Steven D. Metzger,President,high
NEWMONT Corp /DE/,8-K,Logan Hennessey,"Vice President, Associate General Counsel and Corporate Secretary Dated",high
NEWMONT Corp /DE/,8-K,Mark Ebel,Vice President,high
NEWMONT Corp /DE/,8-K,Mark Ahlers,Director,high
NEWMONT Corp /DE/,8-K,Grace Chan,"Vice President, Corporate Banking, on behalf of its Chicago Branch",high
NEWMONT Corp /DE/,8-K,Karim Remtoula,Director By,high
NEWMONT Corp /DE/,8-K,Jackie Castillo,"Vice President THE BANK OF NOVA SCOTIA, as a Lender and an Issuing Bank By",high
NEWMONT Corp /DE/,8-K,Lavinia Ban,Associate Director THE TORONTO,high
NEWMONT Corp /DE/,8-K,David Torrey,"Managing Director & Head STANDARD CHARTERED BANK, as a Lender By",high
Enovis CORP,8-K,John Kleckner,Vice President Controller and Chief Accounting Officer,high
"City Office REIT, Inc.",8-K,James Farrar,Chief Executive Officer and Director,high
"STARWOOD PROPERTY TRUST, INC.",8-K,Rina Paniry,"Chief Financial Officer, Treasurer, Chief Accounting Officer and Principal Financial Officer",high
IRON MOUNTAIN INC,8-K,Barry Hytinen,Executive Vice President and Chief Financial Officer Date,high
"QUANTA SERVICES, INC.",8-K,Paul M. Nobel,Senior Vice President and Chief Accounting Officer,high
Flywire Corp,8-K,Robert Orgel,President and Chief Operating Officer Dated,high
"LAUREATE EDUCATION, INC.",8-K,Richard M. Buskirk,Senior Vice President and Chief Financial Officer Date,high
"Thryv Holdings, Inc.",8-K,Paul D. Rouse,"Chief Financial Officer, Executive Vice President and Treasurer",high
Hillman Solutions Corp.,8-K,Robert O. Kraft,Chief Financial Officer,high
"Installed Building Products, Inc.",8-K,Michael T. Miller,Chief Financial Officer,high
INSMED Inc,8-K,Michael A. Smith,Chief Legal Officer and Corporate Secretary,high
INSMED Inc,8-K,Sara Bonstein,Chief Financial Officer ACCEPTED as of the date first,high
authID Inc.,8-K,Edward Sellitto,Chief Financial Officer,high
SinglePoint Inc.,8-K,William Ralston,Chief Executive Officer,high
BOSTON BEER CO INC,8-K,David A. Burwick,President & Chief Executive Officer,high
AMERICOLD REALTY TRUST,8-K,Jay Wells,Chief Financial Officer and Executive Vice President,high
"GRID DYNAMICS HOLDINGS, INC.",8-K,Anil Doradla,Chief Financial Officer,high
"Sprouts Farmers Market, Inc.",8-K,Brandon F. Lombardi,Chief Legal Officer and Corporate Secretary,high
"MARAVAI LIFESCIENCES HOLDINGS, INC.",8-K,Kevin M. Herde,Chief Financial Officer,high
"Qualigen Therapeutics, Inc.",8-K,Paul Rachmuth,General Counsel,high
"Floor & Decor Holdings, Inc.",8-K,Bryan H. Langley,Executive Vice President and Chief Financial Officer,high
Advanced Flower Capital Inc.,8-K,Gabriel Katz,"Secretary and Chief Legal Officer AFC MANAGEMENT, LLC By",high
"Arcosa, Inc.",8-K,Gail M. Peck,Chief Financial Officer,high
"TOMI Environmental Solutions, Inc.",8-K,Halden Shane,Chief Executive Officer,high
ASSURED GUARANTY LTD,8-K,Ling Chow,General Counsel DATE,high
AMEREN CORP,8-K,Michael L. Moehn,Senior Executive Vice President and Chief Financial Officer Date,high
"Salarius Pharmaceuticals, Inc.",8-K,David J. Arthur,Chief Executive Officer EXECUTIVE,high
TECHPRECISION CORP,8-K,Barbara M. Lilley,Chief Financial Officer,high
"CRACKER BARREL OLD COUNTRY STORE, INC",8-K,Richard M. Wolfson,"Senior Vice President, General Counsel and Corporate Secretary",high
Cactus Acquisition Corp. 1 Ltd,8-K,Ofer Gonen,Chief Executive Officer,high
Cactus Acquisition Corp. 1 Ltd,8-K,Emmanuel Meyer,Managing Director SPONSOR Cactus Healthcare Management LP By,high
Cactus Acquisition Corp. 1 Ltd,8-K,Stephen T. Wills,Secretary SPAC Cactus Acquisition Corp,high
DT Cloud Acquisition Corp,8-K,Shaoke Li,Chief Executive Officer CONTINENTAL STOCK TRANSFER & TRUST COMPANY By,high
DT Cloud Acquisition Corp,8-K,Guojian Chen,Director,high
DT Cloud Acquisition Corp,8-K,Michael Goedecke,Vice President,high
LINCOLN EDUCATIONAL SERVICES CORP,8-K,Brian K. Meyers,"Executive Vice President, Chief Financial Officer and Treasurer",high
LINCOLN EDUCATIONAL SERVICES CORP,8-K,Taylor Beringer,Senior Vice President Lender,high
Netcapital Inc.,8-K,Martin Kay,Chief Executive Officer Dated,high
"IR-Med, Inc.",8-K,Sharon Lefkoviz,Chief Financial Officer Date,high
ALBANY INTERNATIONAL CORP /DE/,8-K,Robert D. Starr,Executive Vice President and Chief Financial Officer,high
"FTI CONSULTING, INC",8-K,Curtis P. Lu,General Counsel,high
"OLB GROUP, INC.",8-K,Ronny Yakov,Chief Executive Officer Accepted as of the date hereof,high
Wetouch Technology Inc.,8-K,Zongyi Lian,President and Chief Executive officer,high
Wetouch Technology Inc.,8-K,Richard Rappaport,Chief Executive Officer Address for Notice,high
Wetouch Technology Inc.,8-K,Stephen Kiront,Chief Operating Officer Address for Notice,high
"KLX Energy Services Holdings, Inc.",8-K,Keefer M. Lehner,"Chief Financial Officer, Executive Vice President Date",high
"Freshpet, Inc.",8-K,Todd Cunfer,Chief Financial Officer,high
Uniti Group Inc.,8-K,Daniel L. Heard,Executive Vice President,high
Uniti Group Inc.,8-K,Daniel Heard,"Manager, Executive Vice President, General Counsel and Secretary HOLDINGS",high
Uniti Group Inc.,8-K,Jessica A. Jankiewicz,Vice President,high
Uniti Group Inc.,8-K,Thomas Holber,"Director DEUTSCHE BANK AG, NEW YORK BRANCH By",high
Uniti Group Inc.,8-K,Shawn Rose,"Managing Director CITIBANK, N",high
Uniti Group Inc.,8-K,Matthew J. Simonetti,Managing Director,high
"Alpha Metallurgical Resources, Inc.",8-K,J. Todd Munsey,Chief Financial Officer EXHIBIT INDEX Exhibit No,high
"Emmaus Life Sciences, Inc.",8-K,Willis Lee,"Chairman, Co",high
"Petco Health & Wellness Company, Inc.",8-K,Giovanni Insana,Chief Legal Officer and Secretary,high
MoonLake Immunotherapeutics,8-K,Matthias Bodenstedt,Chief Financial Officer,high
"LENDWAY, INC.",8-K,Randy Uglem,Chief Executive Officer,high
"LENDWAY, INC.",8-K,Werner F. Jansen,Chief Executive Officer,high
"LENDWAY, INC.",8-K,Nicholas G. Myers,"Senior Vice President Address for Associated Bank, N",high
Archer Aviation Inc.,8-K,Andy Missan,Chief Legal Officer,high
INNOVATE Corp.,8-K,Michael J. Sena,Chief Financial Officer,high
"ATI Physical Therapy, Inc.",8-K,Joseph Jordan,Chief Financial Officer,high
Chatham Lodging Trust,8-K,Jeremy B. Wegner,Senior Vice President and Chief Financial Officer,high
ERIE INDEMNITY CO,8-K,Julie M. Pelkowski,Executive Vice President & CFO,high
"ChargePoint Holdings, Inc.",8-K,Mansi Khetani,Interim Chief Financial Officer Date,high
"Argo Group International Holdings, Inc.",8-K,Christopher Donahue,Chief Financial Officer,high
DIVERSIFIED HEALTHCARE TRUST,8-K,Matthew C. Brown,Chief Financial Officer and Treasurer Dated,high
"Dorman Products, Inc.",8-K,David M. Hession,"Senior Vice President, Chief Financial Officer and Treasurer",high
"Postal Realty Trust, Inc.",8-K,Jeremy Garber,President and Treasurer,high
MidCap Financial Investment Corp,8-K,Kristin Hester,Chief Legal Officer and Secretary Date,high
Rithm Property Trust Inc.,8-K,Mary Doyle,Chief Financial Officer Dated,high
Vocodia Holdings Corp,8-K,Brian Podolak,Chief Executive Officer,high
"CAVA GROUP, INC.",8-K,Tricia Tolivar,Chief Financial Officer,high
"Airsculpt Technologies, Inc.",8-K,Dennis Dean,Chief Financial Officer,high
"Xenia Hotels & Resorts, Inc.",8-K,Atish Shah,Executive Vice President and Chief Financial Officer,high
Beam Therapeutics Inc.,8-K,John Evans,Chief Executive Officer,high
"Fulcrum Therapeutics, Inc.",8-K,Alex C. Sapir,President and Chief Executive Officer,high
BENTLEY SYSTEMS INC,8-K,Werner Andre,Chief Financial Officer and Chief Accounting Officer,high
"Shift4 Payments, Inc.",8-K,Jordan Frankel,"Secretary, General Counsel and Executive Vice President, Legal, Risk and Compliance",high
AdaptHealth Corp.,8-K,Jason Clemens,Chief Financial Officer,high
LIGAND PHARMACEUTICALS INC,8-K,Andrew Reardon,Chief Legal Officer and Secretary,high
JONES LANG LASALLE INC,8-K,Karen Brennan,Chief Financial Officer,high
"Verve Therapeutics, Inc.",8-K,Allison Dorval,Chief Financial Officer,high
"Minerva Neurosciences, Inc.",8-K,Geoffrey Race,President,high
"CISO Global, Inc.",8-K,Debra L. Smith,Chief Financial Officer,high
Nerdy Inc.,8-K,Jason Pello,Chief Financial Officer,high
"Luminar Technologies, Inc./DE",8-K,Thomas J. Fennimore,Chief Financial Officer,high
Bumble Inc.,8-K,Anuradha B. Subramanian,Chief Financial Officer,high
"Klaviyo, Inc.",8-K,Amanda Whalen,Chief Financial Officer,high
Open Lending Corp,8-K,Charles D. Jehl,Chief Financial Officer Date,high
"Virgin Galactic Holdings, Inc",8-K,Douglas Ahrens,"Executive Vice President, Chief Financial Officer and Treasurer",high
"Array Technologies, Inc.",8-K,Tyson Hottinger,Chief Legal Officer,high
UNIVERSAL HEALTH SERVICES INC,8-K,Steve Filton,Executive Vice President and Chief Financial Officer Date,high
Orion Office REIT Inc.,8-K,Gavin B. Brandon,"Chief Financial Officer, Executive Vice President and Treasurer Date",high
IMAX CORP,8-K,Richard L. Gelfond,Chief Executive Officer & Director,high
UNIVERSAL HEALTH REALTY INCOME TRUST,8-K,Charles F. Boyle,Senior Vice President and Chief Financial Officer,high
"CIVITAS RESOURCES, INC.",8-K,Adrian Milton,"Senior Vice President, General Counsel and Assistant Corporate Secretary",high
Denali Capital Acquisition Corp.,8-K,Lei Huang,Chief Executive Officer,high
"Inspired Entertainment, Inc.",8-K,Carys Damon,General Counsel,high
Ecovyst Inc.,8-K,Michael Feehan,Vice President and Chief Financial Officer,high
DYCOM INDUSTRIES INC,8-K,Ryan F. Urness,"Vice President, General Counsel and Corporate Secretary",high
"LanzaTech Global, Inc.",8-K,Joseph Blasko,General Counsel and Corporate Secretary,high
Taboola.com Ltd.,8-K,Stephen Walker,Chief Financial Officer Date,high
"Baudax Bio, Inc.",8-K,Gerri A. Henwood,President and Chief Executive Officer Date,high
Blackstone Secured Lending Fund,8-K,Teddy Desloge,Chief Financial Officer,high
"MADRIGAL PHARMACEUTICALS, INC.",8-K,Brian J. Lynch,Senior Vice President and General Counsel Date,high
"Nautilus Biotechnology, Inc.",8-K,Sujal Patel,Chief Executive Officer,high
"STEVEN MADDEN, LTD.",8-K,Edward Rosenfeld,Chief Executive Officer,high
BlackSky Technology Inc.,8-K,Henry Dubois,Chief Financial Officer,high
"Fulgent Genetics, Inc.",8-K,Paul Kim,Chief Financial Officer,high
"Endeavor Group Holdings, Inc.",8-K,Jason Lublin,Chief Financial Officer Date,high
Mind Medicine (MindMed) Inc.,8-K,Robert Barrow,Chief Executive Officer,high
Payoneer Global Inc.,8-K,Bea Ordonez,Chief Financial Officer,high
"Frontdoor, Inc.",8-K,Jessica P. Ross,Senior Vice President and Chief Financial Officer,high
vTv Therapeutics Inc.,8-K,Paul Sekhri,President and Chief Executive Officer,high
vTv Therapeutics Inc.,8-K,Paul J. Sekhri,President and Chief Executive Officer,high
vTv Therapeutics Inc.,8-K,Peng Xiao,Director,high
vTv Therapeutics Inc.,8-K,Jon Isaacsohn,"Officer CINRX PHARMA, LLC By",high
vTv Therapeutics Inc.,8-K,Jeffrey Brodsky,Chief Financial Officer,high
SIGNET JEWELERS LTD,8-K,Joan M. Hilson,"Chief Financial, Strategy & Services Officer",high
UWM Holdings Corp,8-K,Andrew Hubacker,"Executive Vice President, Chief Financial Officer and Chief Accounting Officer",high
SK Growth Opportunities Corp,8-K,Derek Jensen,Chief Financial Officer,high
SK Growth Opportunities Corp,8-K,Anquan Wang,Director MERGER SUB II,high
"Gaming & Leisure Properties, Inc.",8-K,Desiree A. Burke,Chief Financial Officer and Treasurer,high
"RxSight, Inc.",8-K,Shelley Thunen,Chief Financial Officer,high
"James River Group Holdings, Ltd.",8-K,Sarah Doran,Chief Financial OfficerJRG REINSURANCE COMPANY LTD,high
"James River Group Holdings, Ltd.",8-K,Allan Defante,Chief Financial Officer,high
"James River Group Holdings, Ltd.",8-K,Ashley Braniecki,Vice President,high
"James River Group Holdings, Ltd.",8-K,Peter Bickford,Vice President,high
"James River Group Holdings, Ltd.",8-K,Robert C. Mason,Senior Vice President,high
"James River Group Holdings, Ltd.",8-K,Jordache Rawson,Senior Vice PresidentBy,high
"James River Group Holdings, Ltd.",8-K,Benjamin Mlot,Director,high
STANDARD BIOTOOLS INC.,8-K,Jeffrey Black,Chief Financial Officer,high
"WW INTERNATIONAL, INC.",8-K,Heather Stark,Chief Financial Officer,high
"Shoals Technologies Group, Inc.",8-K,Dominic Bardos,Chief Financial Officer Date,high
ZimVie Inc.,8-K,Heather Kidwell,"Senior Vice President, Chief Legal, Compliance and Human Resources Officer and Corporate Secretary",high
Distoken Acquisition Corp,8-K,Jian Zhang,Chief Executive Officer,high
GAXOS.AI INC.,8-K,Vadim Mats,Chief Executive Officer,high
"TaskUs, Inc.",8-K,Balaji Sekar,Chief Financial Officer Date,high
HP INC,8-K,Rick Hansen,"Deputy General Counsel, Corporate and Corporate Secretary",high
"FIGS, Inc.",8-K,Daniella Turenshine,Chief Financial Officer,high
"Vertex, Inc.",8-K,Bryan Rowland,General Counsel and Secretary,high
LIGHTBRIDGE Corp,8-K,Seth Grae,President and Chief Executive Officer,high
"Cactus, Inc.",8-K,Alan Keifer,Interim Chief Financial Officer,high
"ExlService Holdings, Inc.",8-K,Ajay Ayyappan,General Counsel and Corporate Secretary,high
Acushnet Holdings Corp.,8-K,Sean Sullivan,"Executive Vice President, Chief Financial Officer Date",high
Verano Holdings Corp.,8-K,Brett Summerer,Chief Financial Officer,high
MultiPlan Corp,8-K,James M. Head,Executive Vice President and Chief Financial Officer,high
ESAB Corp,8-K,Renato Negro,Controller and Chief Accounting Officer,high
FIRST ADVANTAGE CORP,8-K,David L. Gamsey,Executive Vice President & Chief Financial Officer,high
"FREYR Battery, Inc. /DE/",8-K,Oscar K. Brown,Group Chief Financial Officer,high
"Chicago Atlantic Real Estate Finance, Inc.",8-K,Anthony Cappell,Chief Executive Officer,high
"COGENT COMMUNICATIONS HOLDINGS, INC.",8-K,David Schaeffer,President and Chief Executive Officer,high
"HYDROFARM HOLDINGS GROUP, INC.",8-K,William Toler,Chief Executive Officer,high
"TILE SHOP HOLDINGS, INC.",8-K,Karla Lunan,Chief Financial Officer,high
"Via Renewables, Inc.",8-K,Mike Barajas,Chief Financial Officer,high
Vericel Corp,8-K,Joseph A. Mara,Chief Financial Officer,high
Cronos Group Inc.,8-K,Michael Gorenstein,President and Chief Executive Officer,high
"OLAPLEX HOLDINGS, INC.",8-K,Amanda Baldwin,Chief Executive Officer,high
Citi Trends Inc,8-K,Heather Plutino,Chief Financial Officer,high
LEHMAN ABS CORP GOLDMAN SACHS CAP 1 SEC BACKED SER 2004-6,8-K,Paul Edwards,Vice President EXHIBIT INDEX Exhibit Number Description,high
"HeartCore Enterprises, Inc.",8-K,Sumitaka Yamamoto,Chief Executive Officer,high
"HeartCore Enterprises, Inc.",8-K,Kento Fukuoka,Chief Executive Officer,high
Carlyle Credit Income Fund,8-K,Nelson Joseph,Principal Financial Officer,high
Organogenesis Holdings Inc.,8-K,Lori Freedman,Chief Administrative and Legal Officer Date,high
Elastic N.V.,8-K,Janesh Moorjani,Chief Financial Officer and Chief Operating Officer,high
"Senseonics Holdings, Inc.",8-K,Rick Sullivan,Chief Financial Officer,high
"SOUNDHOUND AI, INC.",8-K,Keyvan Mohajer,Chief Executive Officer,high
Fundamental Global Inc.,8-K,Mark D. Roberson,Chief Financial Officer,high
SEACOR Marine Holdings Inc.,8-K,John Gellert,President and Chief Executive Officer,high
Tecnoglass Inc.,8-K,Jose M. Daes,Chief Executive Officer,high
Nuvation Bio Inc.,8-K,Moses Makunje,"VP, Finance, Principal Financial and Accounting Officer",high
"Terra Property Trust, Inc.",8-K,Gregory Pinkus,Chief Financial Officer,high
"Ginkgo Bioworks Holdings, Inc.",8-K,Mark Dmytruk,Chief Financial Officer,high
"Amneal Pharmaceuticals, Inc.",8-K,Anastasios Konidaris,Executive Vice President and Chief Financial Officer,high
Gold Flora Corp.,8-K,Marshall Minor,Chief Financial Officer,high
Focus Impact BH3 Acquisition Co,8-K,Carl Stanton,Chief Executive Officer,high
"POWER SOLUTIONS INTERNATIONAL, INC.",8-K,Dino Xykis,Chief Executive Officer and Chief Technical Officer,high
"American Cannabis Company, Inc.",8-K,Greg Forrest,"Chief Executive Officer AMERICAN CANNABIS COMPANY, INC",high
"Hour Loop, Inc",8-K,Sam Lai,Chief Executive Officer and Interim Chief Financial Officer,high
"Virpax Pharmaceuticals, Inc.",8-K,Gerald Bruce,Chief Executive Officer,high
"ClearPoint Neuro, Inc.",8-K,Joseph M. Burnett,President and Chief Executive Officer Accepted as of the date first above written,high
"Mistras Group, Inc.",8-K,Edward J. Prajzner,Senior Executive Vice President and Chief Financial Officer Exhibit No,high
"Cocrystal Pharma, Inc.",8-K,James Martin,Chief Financial Officer and Co,high
"ZyVersa Therapeutics, Inc.",8-K,Stephen Glover,Chief Executive Officer,high
VanEck Bitcoin ETF,8-K,Matthew Babinsky,"Assistant Vice President DELAWARE TRUST COMPANY, as Trustee By",high
"MODIV INDUSTRIAL, INC.",8-K,Raymond J. Pacini,Chief Financial Officer Date,high
AVADEL PHARMACEUTICALS PLC,8-K,Jerad G. Seurer,General Counsel & Corporate Secretary,high
"MSP Recovery, Inc.",8-K,Alexandra Plasencia,General Counsel,high
"KALA BIO, Inc.",8-K,Eric L. Trachtenberg,"Chief Legal Officer, Chief Compliance Officer & Corporate Secretary",high
KIDPIK CORP.,8-K,Ezra Dabah,Chief Executive Officer,high
"Armata Pharmaceuticals, Inc.",8-K,Richard Rychlik,Principal Financial Officer and Corporate Controller,high
"Armata Pharmaceuticals, Inc.",8-K,Pavel Raifeld,Chief Executive Officer,high
Chenghe Acquisition I Co.,8-K,Zhiyang Zhou,Chief Executive Officer and Chief Financial Officer Date,high
"ROYCE GLOBAL TRUST, INC.",8-K,Christopher D. Clark,President DATE,high
"IT TECH PACKAGING, INC.",8-K,Zhenyong Liu,Chief Executive Officer,high
Dragonfly Energy Holdings Corp.,8-K,Denis Phares,"Chief Executive Officer, Interim Chief Financial Officer and President",high
GLOBAL DIGITAL SOLUTIONS INC,8-K,William Delgado,Chief Executive Officer,high
"First Watch Restaurant Group, Inc.",8-K,Mel Hope,Chief Financial Officer and Treasurer,high
"Dyne Therapeutics, Inc.",8-K,Joshua Brumm,President and Chief Executive Officer,high
Dave Inc./DE,8-K,Kyle Beilman,Chief Financial Officer,high
Akari Therapeutics Plc,8-K,Rachelle Jacques,Chief Executive Officer,high
KRONOS ADVANCED TECHNOLOGIES INC,8-K,Greg Rubin,"Chairman, Interim CEO",high
"SolarWindow Technologies, Inc.",8-K,Justin Frere,Interim Chief Financial Officer,high
NORTECH SYSTEMS INC,8-K,Brian Bender,Vice President Credit Agreement Exhibit A Form of Compliance Certificate Financial Statement Date,high
"GREENLIGHT CAPITAL RE, LTD.",8-K,Faramarz Romer,Chief Financial Officer Date,high
NANOPHASE TECHNOLOGIES Corp,8-K,Jess Jankowski,Chief Executive Officer,high
"Brookfield Oaktree Holdings, LLC",8-K,Daniel D. Levin,Chief Financial Officer and Secretary Date,high
"Entero Therapeutics, Inc.",8-K,James Sapirstein,Chief Financial Executive Officer,high
Mobile Infrastructure Corp,8-K,Stephanie Hogue,Chief Financial Officer,high
Mobile Infrastructure Corp,8-K,Manuel Chavez,Director Signature Page to Acknowledgment and Confirmation ADMINISTRATIVE AGENT,high
"FOOT LOCKER, INC.",8-K,Michael Baughn,Executive Vice President and Chief Financial Officer,high
"Xeris Biopharma Holdings, Inc.",8-K,Steven M. Pieper,Chief Financial Officer,high
Context Therapeutics Inc.,8-K,Martin A. Lehr,Chief Executive Officer,high
Context Therapeutics Inc.,8-K,Benjamin Doranz,"Chief Executive OfficerCONTEXT THERAPEUTIC, LLCBy",high
BiomX Inc.,8-K,Jonathan Solomon,"Chief Executive Officer BTX MERGER SUB I, INC",high
BiomX Inc.,8-K,Ian Hardy,Chief Executive Officer,high
374Water Inc.,8-K,Jeffrey M. Quick,Interim Chief Executive Officer,high
CORETEC GROUP INC.,8-K,Matthew Kappers,Chief Executive Officer COMPANY,high
CORETEC GROUP INC.,8-K,David Lee,Managing Director MEMBER,high
Kinetic Seas Inc.,8-K,Ed Honour,Chief Executive Officer,high
Nuveen NASDAQ 100 Dynamic Overwrite Fund,8-K,Mark L. Winget,Vice President and Secretary,high
"Honest Company, Inc.",8-K,David Loretta,"Executive Vice President, Chief Financial Officer",high
Clarus Corp,8-K,Michael J. Yates,Chief Financial Officer,high
AUDIOEYE INC,8-K,David Moradi,"Chief Executive Officer SPRINGTIME, INC",high
HUDSON TECHNOLOGIES INC /NY,8-K,Nat Krishnamurti,Chief Financial Officer & Secretary,high
BRC Inc.,8-K,Christopher Mondzelewski,Chief Executive Officer,high
"Hamilton Insurance Group, Ltd.",8-K,Brian Deegan,Group Chief Accounting Officer,high
TriplePoint Venture Growth BDC Corp.,8-K,James P. Labe,Chief Executive Officer Date,high
"THERALINK TECHNOLOGIES, INC.",8-K,Faith Zaslavsky,Chief Executive Officer Date,high
"Enhabit, Inc.",8-K,Dylan Black,General Counsel Dated,high
"Rush Street Interactive, Inc.",8-K,Kyle Sauers,Chief Financial Officer Dated,high
SURF AIR MOBILITY INC.,8-K,Stan Little,Chief Executive Officer,high
SURF AIR MOBILITY INC.,8-K,Sudhin Shahani,Authorized Officer GEM GLOBAL YIELD LLC SCS By,high
"Grove Collaborative Holdings, Inc.",8-K,Sergio Cervantes,Chief Financial Officer Date,high
LAZARD GLOBAL TOTAL RETURN & INCOME FUND INC,8-K,Jessica A. Falzone,Assistant Secretary false,high
"EXPRESS, INC.",8-K,Laurel Krueger,Chief Legal Officer and Secretary,high
"Arhaus, Inc.",8-K,Dawn Phillipson,Chief Financial Officer,high
IDT CORP,8-K,Shmuel Jonas,Chief Executive Officer Dated,high
"Orchestra BioMed Holdings, Inc.",8-K,David P. Hochman,Chief Executive Officer Date,high
METHODE ELECTRONICS INC,8-K,Jonathan M. Phillips,"Senior Vice President FIRST AMENDMENT TO CREDIT AGREEMENT WELLS FARGO BANK, NATIONAL ASSOCIATION,as a Lender By",high
METHODE ELECTRONICS INC,8-K,Debra Hoffenkamp,"Assistant Vice President FIRST AMENDMENT TO CREDIT AGREEMENT TD BANK, N",high
METHODE ELECTRONICS INC,8-K,Leonid Batsevitsky,"Vice President FIRST AMENDMENT TO CREDIT AGREEMENT HSBC BANK USA, NATIONAL ASSOCIATION,as a Lender By",high
METHODE ELECTRONICS INC,8-K,Andrew Stella,"Vice President FIRST AMENDMENT TO CREDIT AGREEMENT JPMORGAN CHASE BANK, N",high
METHODE ELECTRONICS INC,8-K,Richard D. Barritt,"Executive Director FIRST AMENDMENT TO CREDIT AGREEMENT THE BANK OF EAST ASIA, LIMITED, NEW YORK BRANCH,as a Lender By",high
Drilling Tools International Corp,8-K,G. Troy Meier,Chief Executive Officer,high
A.K.A. BRANDS HOLDING CORP.,8-K,Ciaran Long,Interim Chief Executive Officer and Chief Financial Officer,high
"MongoDB, Inc.",8-K,Dev Ittycheria,President and Chief Executive Officer,high
NOODLES & Co,8-K,Mike Hynes,Chief Financial Officer DATED,high
"XCel Brands, Inc.",8-K,James F. Haran,Chief Financial Officer,high
"Rivulet Entertainment, Inc.",8-K,Walter Geldenhuys,"President, Chief Executive Officer",high
COFFEE HOLDING CO INC,8-K,Andrew Gordon,President and Chief Executive Officer Date,high
"Ascent Solar Technologies, Inc.",8-K,Jin Jo,Chief Financial Officer,high
"Ascent Solar Technologies, Inc.",8-K,Paul Warley,Chief Executive Officer HOLDER,high
DBV Technologies S.A.,8-K,Virginie Boucinha,Chief Financial Officer,high
GENESCO INC,8-K,Thomas A. George,Senior Vice President and Chief Financial Officer,high
"GRESHAM WORLDWIDE, INC.",8-K,Lutz Henckels,Chief Financial Officer,high
"Sonoma Pharmaceuticals, Inc.",8-K,Amy Trombly,President and Chief Executive Officer Confirmed as of the date first above mentioned,high
Crown Electrokinetics Corp.,8-K,Doug Croxall,Chief Executive Officer,high
"ESS Tech, Inc.",8-K,Anthony Rabb,Chief Financial Officer,high
"Cibus, Inc.",8-K,Rory Riggs,Chief Executive Officer and Chairman,high
ClimateRock,8-K,Per Regnarsson,Chief Executive Officer,high
"Bancorp 34, Inc.",8-K,James Crotty,President and Chief Executive Officer,high
Investcorp Europe Acquisition Corp I,8-K,Bonnie Willkom,Director,high
Investcorp Europe Acquisition Corp I,8-K,Dean Clinton,Director,high
"LEXICON PHARMACEUTICALS, INC.",8-K,Jeffrey L. Wade,President and Chief Financial Officer SIGNATURE PAGE TO PREFERRED STOCK PURCHASE AGREEMENT PURCHASERS,high
OPAL Fuels Inc.,8-K,Timothy Chin,Managing Director,high
Iris Acquisition Corp,8-K,Sumit Mehta,Chief Executive Officer,high
"NewLake Capital Partners, Inc.",8-K,Lisa Meyer,"Chief Financial Officer, Treasurer and Secretary",high
GigaCloud Technology Inc,8-K,Larry Lei Wu,Chairman of the Board of Directors andChief Executive Officer,high
DYADIC INTERNATIONAL INC,8-K,Ping Rawson,"Chief Financial Officer SIGNATURE PAGE TO SECURITIES PURCHASE AGREEMENT PURCHASER SIGNATURE PAGES TO DYADIC INTERNATIONAL, INC",high
DYADIC INTERNATIONAL INC,8-K,Mark A. Emalfarb,Chief Executive Officer,high
Rigel Resource Acquisition Corp.,8-K,Jonathan Lamb,Chief Executive Officer,high
Rigel Resource Acquisition Corp.,8-K,Alan Smith,Director Blyvoor Gold Underground Operations Proprietary Limited By,high
Rigel Resource Acquisition Corp.,8-K,Alan Gordon Smith,Director,high
"Klotho Neurosciences, Inc.",8-K,Jiande Chen,Chief Executive Officer,high
CORE MOLDING TECHNOLOGIES INC,8-K,John P. Zimmer,"Executive Vice President, Treasurer, Secretary and Chief Financial Officer",high
"Propanc Biopharma, Inc.",8-K,James Nathanielsz,Chief Executive Officer and Chief Financial Officer,high
NET Power Inc.,8-K,Akash Patel,Chief Financial Officer,high
VERINT SYSTEMS INC,8-K,Grant Highlander,Chief Financial Officer,high
"ANAPTYSBIO, INC",8-K,Dennis Mulroy,Chief Financial Officer,high
Principal Real Estate Income Fund,8-K,Nicholas Adams,Secretary,high
Arogo Capital Acquisition Corp.,8-K,Suradech Taweesaengsakulthai,Chief Executive Officer Dated,high
"Real Good Food Company, Inc.",8-K,Bryan Freeman,"Executive Chairman Signature Page to Amendment Number Twenty Seven to Loan and Security Agreement PMC FINANCIAL SERVICES GROUP, LLC By",high
"Blade Air Mobility, Inc.",8-K,William A. Heyburn,Chief Financial Officer,high
"PLBY Group, Inc.",8-K,Chris Riley,General Counsel and Secretary,high
Li-Cycle Holdings Corp.,8-K,Ajay Kochhar,"Chief Executive Officer CONTINENTAL STOCK TRANSFER & TRUST COMPANY, AS RIGHTS AGENT By",high
"CLOVER HEALTH INVESTMENTS, CORP. /DE",8-K,Terrence Ronan,Interim Chief Financial Officer,high
Beauty Health Co,8-K,Michael Monahan,Chief Financial Officer,high
"Laird Superfood, Inc.",8-K,Anya Hamill,Chief Financial Officer,high
"FiscalNote Holdings, Inc.",8-K,Jon Slabaugh,Chief Financial Officer,high
"IGC Pharma, Inc.",8-K,Claudia Grimaldi,Vice President and PFO false,high
"Fossil Group, Inc.",8-K,Sunil M. Doshi,"Executive Vice President, Chief Financial Officer and Treasurer",high
scPharmaceuticals Inc.,8-K,John H. Tucker,President and Chief Executive Officer,high
GrowGeneration Corp.,8-K,Darren Lampert,Chief Executive Officer,high
"KORU Medical Systems, Inc.",8-K,Thomas Adams,Chief Financial Officer,high
"KORU Medical Systems, Inc.",8-K,Evan Chen,Vice President,high
Logan Ridge Finance Corp.,8-K,Jason Roos,Chief Financial Officer,high
LENNAR CORP /NEW/,8-K,Diane Bessette,"Vice President, Chief Financial Officer and Treasurer",high
Solventum Corp,8-K,Teresa Crockett,PresidentDate,high
"Limbach Holdings, Inc.",8-K,Jayme L. Brooks,Executive Vice President and Chief Financial Officer Dated,high
"Limbach Holdings, Inc.",8-K,Jayme Brooks,Chief Financial Officer GUARANTORS,high
"Limbach Holdings, Inc.",8-K,Vito Gerardi,Assistant Vice President,high
"PSQ Holdings, Inc.",8-K,Michael Seifert,"Founder, Chairman and Chief Executive Officer",high
"Protalix BioTherapeutics, Inc.",8-K,Dror Bashan,President and Chief Executive Officer,high
"DICK'S SPORTING GOODS, INC.",8-K,Navdeep Gupta,Executive Vice President,high
"NovaBay Pharmaceuticals, Inc.",8-K,Justin M. Hall,Chief Executive Officer and General Counsel,high
Global Star Acquisition Inc.,8-K,Anthony Ang,Director Merger Sub,high
"Co-Diagnostics, Inc.",8-K,Brian Brown,Chief Financial Officer,high
"Phreesia, Inc.",8-K,Balaji Gandhi,Chief Financial Officer,high
"Enliven Therapeutics, Inc.",8-K,Samuel Kintz,President and Chief Executive Officer,high
FREQUENCY ELECTRONICS INC,8-K,Steven L. Bernstein,"Chief Financial Officer, Secretary and Treasurer false",high
SONIM TECHNOLOGIES INC,8-K,Clay Crolius,Chief Financial Officer,high
"Ouster, Inc.",8-K,Megan Chung,General Counsel and Corporate Secretary,high
Regulus Therapeutics Inc.,8-K,Cris Calsada,Chief Financial Officer,high
OPTICAL CABLE CORP,8-K,Tracy G. Smith,Senior Vice President and Chief Financial Officer Dated,high
Redwire Corp,8-K,Jonathan Baliff,Chief Financial Officer and Director,high
"Forge Global Holdings, Inc.",8-K,Kelly Rodriques,Chief Executive Officer,high
Mediaco Holding Inc.,8-K,Ann C. Beemish,Chief Financial Officer,high
Portman Ridge Finance Corp,8-K,Jason T. Roos,Chief Financial Officer Date,high
YUNHONG GREEN CTI LTD.,8-K,Frank Cesario,Chief Executive Officer,high
"Townsquare Media, Inc.",8-K,Stuart Rosenstein,Executive Vice President and Chief Financial Officer,high
Monogram Technologies Inc.,8-K,Benjamin Sexson,Chief Executive Officer Dated,high
LIPELLA PHARMACEUTICALS INC.,8-K,Jonathan Kaufman,Chief Executive Officer,high
"Ankam, Inc.",8-K,Bakur Kalichava,"President, Director, Chief Executive Officer, Chief Financial Officer, Treasurer and Secretary",high
"J.Jill, Inc.",8-K,Kathleen B. Stevens,"Senior Vice President, General Counsel, Secretary and ESG",high
Nature's Miracle Holding Inc.,8-K,Bill Chen,Chief Executive Officer,high
"Annovis Bio, Inc.",8-K,Maria Maccecchini,President and Chief Executive Officer,high
"bluebird bio, Inc.",8-K,Joseph Vittiglio,Chief Legal & Business Officer and Secretary,high
ABEONA THERAPEUTICS INC.,8-K,Joseph Vazzano,Chief Financial Officer Date,high
Insight Select Income Fund,8-K,Daniel Haff,Chief Compliance Officer Date,high
"Acurx Pharmaceuticals, Inc.",8-K,David P. Luci,President and Chief Executive Officer,high
"Greenwave Technology Solutions, Inc.",8-K,Danny Meeks,Chief Executive Officer Date,high
"Binah Capital Group, Inc.",8-K,Craig Gould,Chief Executive Officer Dated,high
"Oblong, Inc.",8-K,Peter Holst,President & CEO,high
"Tempest Therapeutics, Inc.",8-K,Stephen Brady,Chief Executive Officer,high
ASPAC II Acquisition Corp.,8-K,Serena Shie,Chief Executive Officer,high
"Bolt Projects Holdings, Inc.",8-K,Timothy Babich,Chief Executive Officer Date,high
Hi-Great Group Holding Co,8-K,Jun Ho Yang,"Chief Executive Officer, Principal Financial & Accounting Officer,",high
"TELA Bio, Inc.",8-K,Antony Koblish,"President, Chief Executive Officer and Director Date",high
"Ollie's Bargain Outlet Holdings, Inc.",8-K,Robert Helm,Senior Vice President and Chief Financial Officer Date,high
"Trevi Therapeutics, Inc.",8-K,Lisa Delfini,Chief Financial Officer,high
"OmniAb, Inc.",8-K,Kurt Gustafson,"Executive Vice President, Finance and Chief Financial Officer",high
Sadot Group Inc.,8-K,Michael Roper,Chief Executive Officer Date,high
"Cepton, Inc.",8-K,Jun Pei,President and Chief Executive Officer,high
"Protagenic Therapeutics, Inc.new",8-K,Alexander K. Arrow,Chief Financial Officer,high
"Latch, Inc.",8-K,Priyen Patel,Senior Vice President and General Counsel,high
"Intellicheck, Inc.",8-K,Jeffrey Ishmael,Chief Financial Officer and Chief Operating Officer Exhibit Index Exhibit Description,high
Four Leaf Acquisition Corp,8-K,Angel Orrantia,Chief Executive Officer Dated,high
GBT Technologies Inc.,8-K,Mansour Khatib,Chief Executive Officer Date,high
Anixa Biosciences Inc,8-K,Michael J. Catelani,"President, Chief Operating Officer and Chief Financial Officer",high
Paramount Gold Nevada Corp.,8-K,Carlo Buffone,Chief Financial Officer Dated,high
T Stamp Inc,8-K,Gareth Genner,Chief Executive Officer Dated,high
VIVOS INC,8-K,Michael K. Korenko,Chief Executive Officer,high
"MIND TECHNOLOGY, INC",8-K,Robert P. Capps,President and Chief Executive Officer,high
DAXOR CORP,8-K,Robert J. Michel,Chief Financial Officer,high
"Reddit, Inc.",8-K,Steven Huffman,"Chief Executive OfficerEXHIBIT AARTICLE IThe name of the corporation is Reddit, Inc",high
TMC the metals Co Inc.,8-K,Craig Shesky,Chief Financial Officer,high
Black Hawk Acquisition Corp,8-K,Kent Louis Kaufman,Chief Executive Officer CONTINENTAL STOCK TRANSFER & TRUST COMPANY By,high
Mural Oncology plc,8-K,Adam Cutler,Chief Financial Officer,high
MOVADO GROUP INC,8-K,Mitchell Sussis,"Senior Vice President, General Counsel and Secretary",high
"AmpliTech Group, Inc.",8-K,Fawad Maqbool,Chief Executive Officer,high
"Global Self Storage, Inc.",8-K,Mark C. Winmill,President,high
"Korro Bio, Inc.",8-K,Ram Aiyar,President and Chief Executive Officer,high
"Precipio, Inc.",8-K,Ilan Danieli,Chief Executive Officer Date,high
"Oncology Institute, Inc.",8-K,Mihir Shah,Chief Financial Officer,high
Mereo BioPharma Group plc,8-K,Christine Fox,Chief Financial Officer,high
Avalon GloboCare Corp.,8-K,Luisa Ingargiola,Chief Financial Officer,high
EMERSON RADIO CORP,8-K,Christopher Ho,Chief Executive Officer Dated,high
Sky Harbour Group Corp,8-K,Tal Keinan,Chief Executive Officer,high
Bayview Acquisition Corp,8-K,Xin Wang,Chief Executive Officer Dated,high
"Iveda Solutions, Inc.",8-K,David Ly,Chief Executive Officer,high
"American Oncology Network, Inc.",8-K,Todd Schonherz,Chief Executive Officer,high
Senmiao Technology Ltd,8-K,Xiaoyuan Zhang,Chief Financial Officer,high
REX AMERICAN RESOURCES Corp,8-K,Douglas L. Bruggeman,Vice President,high
"Vemanti Group, Inc.",8-K,Tan Tran,Chief Executive Officer,high
"Ontrak, Inc.",8-K,Fonda Hall,Vice PresidentExhibit AForm of Demand Note,high
Expion360 Inc.,8-K,Brian Schaffner,Chief Executive Officer,high
CVD EQUIPMENT CORP,8-K,Richard Catalano,"Executive Vice President, Chief Financial Officer, Secretary and Treasurer",high
SARATOGA INVESTMENT CORP.,8-K,Henri J. Steenkamp,"Chief Financial Officer, Chief Compliance Officer, Treasurer and Secretary",high
SARATOGA INVESTMENT CORP.,8-K,Michael J. Grisius,Chief Investment Officer,high
SARATOGA INVESTMENT CORP.,8-K,Robert Riesen,"Vice President LIVE OAK BANKING COMPANY, as a Lender By",high
SARATOGA INVESTMENT CORP.,8-K,Kenneth Brandt,Vice President,high
"Astera Labs, Inc.",8-K,Michael Tate,Chief Financial Officer,high
"Astera Labs, Inc.",8-K,Jitendra Mohan,Chief Executive Officer,high
Torrid Holdings Inc.,8-K,Paula Dempsey,Chief Financial Officer Date,high
"Shapeways Holdings, Inc.",8-K,Alberto Recchi,Chief Financial Officer,high
Oak Woods Acquisition Corp,8-K,Lixin Zheng,Chief Executive Officer Dated,high
Oak Woods Acquisition Corp,8-K,Xuehong Li,Chairman of the Board of Directors Shareholders,high
NetBrands Corp.,8-K,Paul Adler,President & CEO EXHIBIT A,high
NextPlat Corp,8-K,David Phipps,President SELLER,high
NextPlat Corp,8-K,Charles M. Fernandez,Chairman and Chief Executive Officer Dated,high
"RANGE IMPACT, INC.",8-K,Michael Cavanaugh,Chief Executive Officer EXHIBIT INDEX Exhibit No,high
Metal Sky Star Acquisition Corp,8-K,Wenxi He,Chief Executive Officer and Director,high
SCWorx Corp.,8-K,Timothy A. Hannibal,Chief Executive Officer,high
IB Acquisition Corp.,8-K,Al Lopez,Chief Executive Officer,high
"BIOREGENX, INC.",8-K,William Resides,Chief Executive Officer,high
"PIONEER POWER SOLUTIONS, INC.",8-K,Walter Michalec,Chief Financial Officer,high
SKYX Platforms Corp.,8-K,John P. Campi,Chief Executive Officer,high
"Elys BMG Group, Inc.",8-K,Michele Ciavarella,Executive Chairman,high
"Electromedical Technologies, Inc",8-K,Matthew Wolfson,"Chief Executive Officer MAST HILL FUND, L",high
"Boundless Bio, Inc.",8-K,Jessica Oien,Chief Legal Officer and Corporate Secretary,high
"Boundless Bio, Inc.",8-K,Zachary D. Hornby,President and Chief Executive Officer,high
READING INTERNATIONAL INC,8-K,Gilbert Avanes,"Executive Vice President, Chief Financial Officer and Treasurer",high
"Driveitaway Holdings, Inc.",8-K,John Possumato,Chief Executive Officer,high
Mountain Crest Acquisition Corp. V,8-K,Suying Liu,Chief Executive Officer,high
Inflection Point Acquisition Corp. II,8-K,Michael Blitzer,Chairman and Chief Executive Officer,high
"Traws Pharma, Inc.",8-K,Steven M. Fruchtman,"President and CEO trawS merger sub, inc",high
"Traws Pharma, Inc.",8-K,Nikolay Savchuk,Chief Executive Officer,high
"Traws Pharma, Inc.",8-K,Mark Guerin,Chief Financial Officer,high
CONAGRA BRANDS INC.,8-K,Carey Bartell,"Executive Vice President, General Counsel and Corporate Secretary Date",high
"Lamb Weston Holdings, Inc.",8-K,Bernadette M. Madarieta,Chief Financial Officer Date,high
UNION ELECTRIC CO,8-K,Mark C. Birk,Chairman and President Date,high
Massimo Group,8-K,David Shan,Chief Executive Officer Dated,high
Massimo Group,8-K,Barry Kiront,Chief Executive Officer R,high
"Synaptogenix, Inc.",8-K,Robert Weinstein,Chief Financial Officer,high
"ORIGINCLEAR, INC.",8-K,T. Riggs Eckelberry,Chief Executive Officer,high
Aerkomm Inc.,8-K,Louis Giordimaina,Chief Executive Officer,high
Aerkomm Inc.,8-K,Karen Bach,Chief Executive Officer Merger Sub,high
Flora Growth Corp.,8-K,Clifford Starke,Chief Executive Officer,high
NEOGEN CORP,8-K,Amy M. Rocklin,"Chief Legal & Compliance Officer, Corporate Secretary",high
"ATHERSYS, INC / NEW",8-K,Kasey Rosado,Interim Chief Financial Officer,high
Pagaya Technologies Ltd.,8-K,Gal Krubiner,Chief Executive Officer,high
"INDIA FUND, INC.",8-K,Lucia Sitar,Vice President and Chief Legal Officer,high
"Contineum Therapeutics, Inc.",8-K,Carmine Stengone,Chief Executive Officer,high
QDM International Inc.,8-K,Huihe Zheng,Chief Executive Officer,high
MANHATTAN SCIENTIFICS INC,8-K,Emmanuel Tsoupanarias,Chief Executive Officer,high
Lovesac Co,8-K,Keith Siegner,Executive Vice President and Chief Financial Officer,high
"ConnectM Technology Solutions, Inc.",8-K,Bhaskar Panigrahi,"Chairman and CEO Signature Page to Second Amendment to Agreement and Plan of Merger IN WITNESS WHEREOF, this Amendment of Agreement and Plan of Merger has been duly executed and delivered by the Parties, effective as of the Second Amendment Effective Date",high
"ConnectM Technology Solutions, Inc.",8-K,Bala Padmakumar,Chairman and CEO MERGER SUB,high
"BASANITE, INC.",8-K,Jackie Placeres,Acting Interim Chief Financial Officer,high
Marblegate Acquisition Corp.,8-K,Jeffrey Kravetz,Chief Financial Officer,high
Marblegate Acquisition Corp.,8-K,Andrew Milgram,Chief Executive Officer,high
ENTREPRENEUR UNIVERSE BRIGHT GROUP,8-K,Guolin Tao,Chief Executive Officer and Chief Financial Officer,high
Correlate Energy Corp.,8-K,Todd Michaels,Chief Executive Officer,high
Technology & Telecommunication Acquisition Corp,8-K,Tek Che Ng,Chief Executive Officer,high
China Foods Holdings Ltd.,8-K,Kong Xiao Jun,Chief Executive Officer,high
"PACS Group, Inc.",8-K,John Mitchell,"SecretaryEXHIBIT AARTICLE IThe name of the corporation is PACS Group, Inc",high
"PACS Group, Inc.",8-K,Derick Apt,Chief Financial Officer,high
I-ON Digital Corp.,8-K,Carlos X. Montoya,President,high
Innovative Eyewear Inc,8-K,Harrison Gross,Chief Executive Officer,high
Innovative Eyewear Inc,8-K,Konrad Dabrowski,Chief Financial Officer Address for Notice,high
CXApp Inc.,8-K,Khurram P. Sheikh,Chairman and Chief Executive Officer,high
"TC Bancshares, Inc.",8-K,Greg Eiford,President and Chief Executive Officer EXECUTIVE,high
Northann Corp.,8-K,Lin Li,"Chairman of the Board, Chief Executive Officer, President, Secretary, Treasurer",high
"Cyclerion Therapeutics, Inc.",8-K,Regina Graul,President,high
Integral Acquisition Corp 1,8-K,Enrique Klix,Chief Executive Officer Dated,high
"Snail, Inc.",8-K,Hai Shi,Chairman of the Board ACCEPTED By,high
U.S. GOLD CORP.,8-K,Eric Alexander,Chief Financial Officer,high
Viewbix Inc.,8-K,Amihay Hadad,Chief Executive Officer Date,high
"BIOXYTRAN, INC",8-K,David Platt,Chief Executive Officer EXHIBIT,high
"NSTS Bancorp, Inc.",8-K,Stephen G. Lear,President and Chief Executive Officer,high
SPECTRAL CAPITAL Corp,8-K,Jenifer Osterwalder,Chief Executive Officer,high
"Ibotta, Inc.",8-K,Bryan Leach,"Founder, Chief Executive Officer, President, and Chairman of the Board of DirectorsDated",high
"New Asia Holdings, Inc.",8-K,Lin Kok Peng,Chief Executive Officer,high
"SILVER BULL RESOURCES, INC.",8-K,Christopher Richards,Chief Financial Officer,high
"Centuri Holdings, Inc.",8-K,Gregory A. Izenstark,Executive Vice President and Chief Financial Officer,high
PetroGas Co,8-K,Huang Yu,"President, CEO",high
"Mama's Creations, Inc.",8-K,Adam L. Michaels,Chief Executive Officer Dated,high
Insight Acquisition Corp. /DE,8-K,Michael Singer,Executive Chairman,high
Charging Robotics Inc.,8-K,Gadi Levin,Chief Financial Officer Date,high
"Tattooed Chef, Inc.",8-K,Edward J. Bidanset,Chief Restructuring Officer Date,high
"Yale Transaction Finders, Inc.",8-K,Jonathan J. Ledecky,Chief Executive Officer,high
"GOOD GAMING, INC.",8-K,David B. Dorwart,Chief Executive Officer,high
iShares Silver Trust,8-K,Shannon Ghia,"Director, President and Chief Executive Officer",high
BurTech Acquisition Corp.,8-K,Shahal Khan,Chief Executive Officer,high
BurTech Acquisition Corp.,8-K,Barthelemy Debray,Director By,high
"Nu-Med Plus, Inc.",8-K,William Hayde,"Chief Executive Officer YOURSPACE AMERICA, INC",high
ASA Gold & Precious Metals Ltd,8-K,Axel Merk,Chief Operating Officer,high
PARK AEROSPACE CORP,8-K,P. Matthew Farabaugh,Senior Vice President and Chief Financial Officer,high
"Bantec, Inc.",8-K,Michael Bannon,President and CEO,high
SOCIETY PASS INCORPORATED.,8-K,Raynauld Liang,Chief Executive Officer Date,high
"CleanCore Solutions, Inc.",8-K,Douglas T. Moore,"Chief Executive Officer Confirmed as of the date first written above mentioned, on behalf of itself and as Representative of the several Underwriters named on Schedule",high
"LOGIQ, INC.",8-K,Brent Suen,Chief Executive Officer,high
Agriculture & Natural Solutions Acquisition Corp,8-K,Thomas Smith,"Chief Financial Officer, Chief Accounting Officer and Secretary",high
Raphael Pharmaceutical Inc.,8-K,Shlomo Pilo,Chief Executive Officer Date,high
Vor Biopharma Inc.,8-K,Robert Ang,Chief Executive Officer,high
DevvStream Corp.,8-K,Sunny Trinh,Chief Executive Officer,high
Loar Holdings Inc.,8-K,Michael Manella,"Vice President, General Counsel and Secretary",high
Loar Holdings Inc.,8-K,Dirkson Charles,"President, Chief Executive Officer and Executive Co",high
Target Global Acquisition I Corp.,8-K,Shmuel Chafets,Chief Executive Officer,high
NEXT-ChemX Corporation.,8-K,J. Michael Johnson,President,high
Ivanhoe Electric Inc.,8-K,Sonia Scarselli,Director IVANHOE ELECTRIC INC,high
Ivanhoe Electric Inc.,8-K,Taylor Melvin,President and Chief Executive Officer SAND HILL EXPLORATION INC,high
Ivanhoe Electric Inc.,8-K,Cassandra Joseph,Director,high
Planet Green Holdings Corp.,8-K,Bin Zhou,Chief Executive Officer and Chairman,high
Yoshiharu Global Co.,8-K,James Chae,Chief Executive Officer,high
"ECO SCIENCE SOLUTIONS, INC.",8-K,Michael Rountree,Chief Executive Officer,high
"LINGERIE FIGHTING CHAMPIONSHIPS, INC.",8-K,Shaun Donnelly,Chief Executive Officer,high
Global Blockchain Acquisition Corp.,8-K,Max Hooper,Chief Executive Officer,high
Hubilu Venture Corp,8-K,David Behrend,Chief Executive Officer,high
"GLOBAL TECH INDUSTRIES GROUP, INC.",8-K,David Reichman,Chairman & CEO,high
BIOMERICA INC,8-K,Zackary Irani,Chief Executive Officer ACCEPTED as of the date first,high
BIOMERICA INC,8-K,Phil Wiederlight,Chief Operating Officer R,high
BIOMERICA INC,8-K,Robert Hackel,Chief Operating Officer,high
"iTeos Therapeutics, Inc.",8-K,Aaron Davis,Chief Executive Officer Address,high
"Fifth District Bancorp, Inc.",8-K,J. Andrew Hitt,Managing Director,high
Ameren Illinois Co,8-K,Chonda J. Nwamu,"Executive Vice President, General Counsel and Secretary UNION ELECTRIC COMPANY",high
Nano Nuclear Energy Inc.,8-K,James Walker,Chief Executive Officer NOTICE OF EXERCISE TO,high
Nano Nuclear Energy Inc.,8-K,Jay Jiang Yu,"Chairman of the Board and President Confirmed as of the date first written above mentioned, on behalf of itself and as Representative of the underwriters named on Schedule",high
GP-Act III Acquisition Corp.,8-K,Antonio Bonchristiano,Chief Executive Officer,high
GP-Act III Acquisition Corp.,8-K,Luis Ortiz,Vice President,high
Legacy Housing Corp,8-K,Duncan Bates,President and Chief Executive Officer,high
Calamos Dynamic Convertible & Income Fund,8-K,Erik D. Ojala,Vice President and Secretary Date,high
Evergreen Corp,8-K,Liew Choon Lian,Chief Executive Officer,high
Armlogi Holding Corp.,8-K,Aidy Chou,Chief Executive Officer,high
Horizon Kinetics Holding Corp,8-K,Jay Kesslen,General Counsel Parent SCOTT,high
Horizon Kinetics Holding Corp,8-K,David M. Arndt,"Chief Financial Officer Merger Sub HKNY ONE, LLC a Delaware liability company By",high
"Proficient Auto Logistics, Inc",8-K,Ross Berner,President,high
"APPYEA, INC",8-K,Asaf Porat,Chief Financial Officer Date,high
"HG Holdings, Inc.",8-K,Justin H. Edenfield,Principal Financial and Accounting Officer,high
Caro Holdings Inc.,8-K,Meriesha Rennalls,President,high
"GOLDENWELL BIOTECH, INC.",8-K,Shuang Liu,Chief Executive Officer,high
NXG Cushing Midstream Energy Fund,8-K,Blake Nelson,"Chief Financial Officer, Treasurer and Secretary",high
NXG Cushing Midstream Energy Fund,8-K,John Musgrave,"Chief Executive Officer and President FORESIDE FUND SERVICES, LLC By",high
NXG Cushing Midstream Energy Fund,8-K,Saawan Pathange,Managing Director By,high
Mag Magna Corp,8-K,Oleg Bilinski,"Director, President, Chief Executive Officer, Treasurer, and Secretary",high
Dominari Holdings Inc.,8-K,Anthony Hayes,Chief Executive Officer,high
"ENZON PHARMACEUTICALS, INC.",8-K,Richard L. Feinstein,"Chief Executive Officer, Chief Financial Officer and Secretary",high
RF Acquisition Corp II,8-K,Fran Wolf,Vice President RF ACQUISITION CORP II By,high
ALEXANDERS INC,8-K,Gary Hansen,Chief Financial Officer,high
Vanguard Green Investment Ltd,8-K,Niu Yen Yen,Chief Executive Officer and Director,high
NeuroMind AI Corp.,8-K,Eyal Perez,Chief Executive Officer,high
"Inhibrx Biosciences, Inc.",8-K,Kelly Deck,Chief Financial Officer and Treasurer,high
"SUNHYDROGEN, INC.",8-K,Timothy Young,Chief Executive Officer INVESTOR,high
"GRAIL, Inc.",8-K,Abram Barth,General Counsel,high
"ADAMS DIVERSIFIED EQUITY FUND, INC.",8-K,Janis F. Kerns,"Vice President, General Counsel and Secretary Date",high
"Fly-E Group, Inc.",8-K,Zhou Ou,"Chief Executive Officer Confirmed as of the date first written above mentioned, on behalf of itself and as Representative of the several Underwriters named on Schedule",high
"Sarepta Therapeutics, Inc.",8-K,Douglas Ingram,Chief Executive Officer,high
PINEAPPLE EXPRESS CANNABIS Co,8-K,Matthew Feinstein,"President, CEO and Treasurer",high
Compass Digital Acquisition Corp.,8-K,Nick Geeza,Chief Financial Officer Date,high
Solid Biosciences Inc.,8-K,Alexander Cumbo,Chief Executive Officer,high
"NATHANS FAMOUS, INC.",8-K,Eric Gatoff,Chief Executive Officer,high
Waystar Holding Corp.,8-K,Matthew J. Hawkins,Chief Executive Officer,high
Waystar Holding Corp.,8-K,Matthew Hawkins,President and Chief Executive Officer,high
Waystar Holding Corp.,8-K,Erin Blake,"Managing Director, Legal M&A FRANCISCO PARTNERS PARALLEL FUND III",high
Chenghe Acquisition II Co.,8-K,Anna Zhou,Chief Executive Officer Accepted on the date first above written,high
Chenghe Acquisition II Co.,8-K,Jerry Serowik,Senior Managing Director and Head of Capital Markets SEAPORT GLOBAL SECURITIES LLC As a Representative of the several underwriters By,high
Chenghe Acquisition II Co.,8-K,Richard Li,Director,high
Chenghe Acquisition II Co.,8-K,Lyle Wang,Chief Financial Officer HOLDERS,high
Chenghe Acquisition II Co.,8-K,Anthony Denier,Chief Executive Officer,high
Chenghe Acquisition II Co.,8-K,Qi Li,Director,high
Haymaker Acquisition Corp. 4,8-K,Christopher Bradley,Chief Financial Officer Dated,high
Perceptive Capital Solutions Corp,8-K,Tina Pappas,Managing Director,high
Centurion Acquisition Corp.,8-K,Mark Gerhard,Chief Executive Officer Accepted on the date first above written,high
Centurion Acquisition Corp.,8-K,David Gomberg,President AGREED AND ACCEPTED BY,high
TREES Corp (Colorado),8-K,Adam Hershey,Interim Chief Executive Officer,high
Alpha Cognition Inc.,8-K,Don Kalkofen,Chief Financial Officer,high
HOUSTON AMERICAN ENERGY CORP,8-K,John Terwilliger,Chief Executive Officer,high
"Lifeway Foods, Inc.",8-K,Julie Smolyansky,Chief Executive Officer and Secretary,high
"Reliant Holdings, Inc.",8-K,Claude Zdanow,Chief Executive Officer,high
"Japan Food Tech Holdings, Inc.",8-K,Koichi Ishizuka,President and Chief Executive Officer,high
"MANHATTAN BRIDGE CAPITAL, INC",8-K,Assaf Ran,President and Chief Executive Officer,high
Melar Acquisition Corp. I/Cayman,8-K,Gautam Ivatury,Chief Executive Officer,high
"Embassy Bancorp, Inc.",8-K,Judith A. Hunsicker,"First Executive, Chief Operating and Financial Officer",high
Lionheart Holdings,8-K,Paul Rapisarda,Chief Financial Officer Dated,high
Lionheart Holdings,8-K,Ophir Sternberg,Chief Executive Officer By,high
Flag Ship Acquisition Corp,8-K,Matthew Chen,Chief Executive Officer,high
Flag Ship Acquisition Corp,8-K,Young D. Kim,Compliance Officer,high
Flag Ship Acquisition Corp,8-K,Amy M. Kohr,Assistant Vice President,high
DUKE Robotics Corp.,8-K,Yossef Balucka,Chief Executive Officer,high
Business Warrior Corp,8-K,Rhett Doolittle,Chief Executive Officer and Director,high
NXG NextGen Infrastructure Income Fund,8-K,Jeffrey Engelsman,Chief Compliance Officer Agreed & Accepted,high
"Crown Equity Holdings, Inc.",8-K,Mike Zaman,CEO and President,high
"United Health Products, Inc.",8-K,Brian Thom,"Chief Executive Officer White Lion Capital, LLC By",high
Coliseum Acquisition Corp.,8-K,Charles Wert,Chief Executive Officer,high
Coliseum Acquisition Corp.,8-K,Christopher Riley,"Chief Executive Officer Rain Enhancement Technologies HOLDCO, Inc",high
Coliseum Acquisition Corp.,8-K,Paul T. Dacier,President RainWATER MERGER SUB,high
Coliseum Acquisition Corp.,8-K,Andrew Fishkoff,Chief Operating Officer and General Counsel BERTO LLC By,high
Coliseum Acquisition Corp.,8-K,Paul Dacier,President COMPANY,high
Nabors Energy Transition Corp. II,8-K,Anthony G. Petrello,"President, Chief Executive Officer and Secretary",high
"HIGH WIRE NETWORKS, INC.",8-K,Mark Porter,Chief Executive Officer,high
SHARING SERVICES GLOBAL Corp,8-K,Ronald Wei,Chief Financial Officer,high
SHARING SERVICES GLOBAL Corp,8-K,John Thatch,Chief Executive Officer and Vice Chairman of the Board of Directors,high
SHARING SERVICES GLOBAL Corp,8-K,Chan Heng Fai Ambrose,Executive Chairman,high
Trailblazer Merger Corp I,8-K,Yosef Eichorn,Chief Development Officer,high
Tamboran Resources Corp,8-K,Joel Riddle,Chief Executive Officer Signature Page to Tamboran Resources Corporation Registration Rights Agreement HOLDERS,high
Tamboran Resources Corp,8-K,Bryan Sheffield,President Notice Information,high
"EWSB Bancorp, Inc. /MD/",8-K,Charles D. Schmalz,"President and Chief Executive Officer EWSB BANCORP, INC",high
Graf Global Corp.,8-K,James A. Graf,"Chief Executive Officer, Chief Financial Officer and Director Dated",high
KKR Income Opportunities Fund,8-K,Thomas Murphy,Chief Financial Officer,high
KKR Income Opportunities Fund,8-K,Rudy Pimentel,President KKR CAPITAL MARKETS LLC By,high
KKR Income Opportunities Fund,8-K,David Bauer,Managing Director ACCEPTED as of the datefirst above written UBS SECURITIES LLC,high
GABELLI MULTIMEDIA TRUST INC.,8-K,John C. Ball,President and Treasurer,high
WEBTOON Entertainment Inc.,8-K,Junkoo Kim,Chief Executive Officer and Chairman of the Board Date,high
WEBTOON Entertainment Inc.,8-K,Soo Yeon Choi,Chief Executive Officer Address,high
WEBTOON Entertainment Inc.,8-K,Takeshi Idezawa,Representative Director Address,high
Bitwise 10 Crypto Index Fund,8-K,Paul Fusaro,Chief Operating Officer,high
AI Transportation Acquisition Corp,8-K,Yongjin Chen,Chief Executive Officer and Chairman,high
AI Transportation Acquisition Corp,8-K,Kirk P. Taylor,Chief Financial Officer SIGNATURE PAGE TO SPONSOR SUPPORT AGREEMENT,high
LandBridge Co LLC,8-K,Jason Long,Chief Executive Officer HOLDERS,high
LandBridge Co LLC,8-K,Charles Park,Managing Director Barclays Capital Inc,high
LandBridge Co LLC,8-K,Amit Chandra,Managing Director On behalf of each of the Underwriters,high
"Crimson Wine Group, Ltd",8-K,Jennifer L. Locke,Chief Executive Officer,high
CFN Enterprises Inc.,8-K,Brian Ross,President and Chief Executive Officer Date,high
Eureka Acquisition Corp,8-K,Fen Zhang,Chief Executive Officer Accepted on the date first above written,high
"Legacy Education Alliance, Inc.",8-K,Barry Kostiner,Chief Executive Officer,high
Six Flags Entertainment Corporation/NEW,8-K,Brian Witherow,Chief Financial Officer,high
WNS (HOLDINGS) LTD,8-K,Gopi Krishnan,General Counsel,high
"Balance Labs, Inc.",8-K,Michael D. Farkas,Chief Executive Officer,high
Aceztech Corp,8-K,Kae Ren Tee,"Chief Executive Officer, Chief Financial Officer, Director",high
"Sound Point Meridian Capital, Inc.",8-K,Ujjaval Desai,Chief Executive Officer,high
"Sound Point Meridian Capital, Inc.",8-K,Kevin Gerlitz,Chief Financial Officer Credit Agreement Signature Page,high
"Sound Point Meridian Capital, Inc.",8-K,Shyam Shankar,Managing Director Credit Agreement Signature Page,high
SIM Acquisition Corp. I,8-K,Erich Spangenberg,Chief Executive Officer Accepted on the date first above written,high
SIM Acquisition Corp. I,8-K,David Kutcher,Chief Financial Officer Dated,high
"STARGUIDE GROUP, INC.",8-K,Lu Mei Xian,President,high
BIONOMICS LIMITED/FI,8-K,Spyros Papapetropoulos,President and Chief Executive Officer,high
"Calumet, Inc. /DE",8-K,David Lunin,Executive Vice President and Chief Financial Officer,high
"China Health Industries Holdings, Inc.",8-K,Xin Sun,Chief Executive Officer and Chief Financial Officer,high
Birdie Win Corp,8-K,Yunyuan Chen,"President, Chief Executive Officer, Treasurer, Secretary and Director",high
"TWFG, Inc.",8-K,Apoorva Ramesh,Vice President,high
"TWFG, Inc.",8-K,Jyri Wilska,Managing Director,high
SUNRISE REAL ESTATE GROUP INC,8-K,Lin Hsin Hung,Chairman,high
KEEMO Fashion Group Ltd,8-K,Liu Lu,"Chief Executive Officer, President, Secretary, Treasurer, Director",high
TCW STRATEGIC INCOME FUND INC,8-K,Peter Davidson,Vice President and Secretary,high
"Lineage, Inc.",8-K,Greg Lehmkuhl,President and Chief Executive Officer Date,high
"Lineage, Inc.",8-K,Aala Saifi,Vice President By,high
"Lineage, Inc.",8-K,Ryan Cunn,Managing Director By,high
"Lineage, Inc.",8-K,Chris Djoganopoulos,Managing Director By,high
"Lineage, Inc.",8-K,Samantha Carter,Vice President By,high
"Lineage, Inc.",8-K,Rohit Mehta,Executive Director I,high
DT Cloud Star Acquisition Corp,8-K,Bian Fan,"Chief Executive Officer VStock Transfer, LLC By",high
"OneStream, Inc.",8-K,Holly Koczot,General Counsel,high
"OneStream, Inc.",8-K,Bill Koefoed,Chief Financial Officer MANAGER,high
"OneStream, Inc.",8-K,Alexandra Chamber,"Principal Officer IGSB AVATAR P I, LLC By",high
"OneStream, Inc.",8-K,Abby Honikman,Secretary,high
"OneStream, Inc.",8-K,Jason Kreuziger,"Vice President FIRE JACK CONSULTING, LLC By",high
"OneStream, Inc.",8-K,Ken Hohenstein,Chief Revenue Officer JOHN E,high
"OneStream, Inc.",8-K,Peter Fugere,"Chief Solutions Officer IRONSTREAM, LLC By",high
"OneStream, Inc.",8-K,Anthony Ciaburro,"Vice President B LOVELACE SERVICES, LLC By",high
"OneStream, Inc.",8-K,Matthew Dellenger,President CKOA LLC By,high
"OneStream, Inc.",8-K,Jennifer Shufro,"Managing Director ALKEON INNOVATION MASTER FUND II, LP By",high
"OneStream, Inc.",8-K,Bill Lovelace,Global Vice President,high
"OneStream, Inc.",8-K,Anthony Cracchiolo,Assistant Secretary,high
"OneStream, Inc.",8-K,Alexandra Chambers,Principal Officer,high
Talen Energy Corp,8-K,Terry L. Nutt,Chief Financial Officer,high
"Concentra Group Holdings Parent, Inc.",8-K,Tyler Morgan,Vice President,high
"Concentra Group Holdings Parent, Inc.",8-K,Katie Lundin,Managing Director,high
Seaport Entertainment Group Inc.,8-K,Lucy Fato,"Executive Vice President, GeneralCounsel and Corporate SecretaryDate",high
Seaport Entertainment Group Inc.,8-K,Carlos Olea,Chief Financial Officer,high
Seaport Entertainment Group Inc.,8-K,Anton Nikodemus,Chief Executive Officer,high
Seaport Entertainment Group Inc.,8-K,Anton D. Nikodemus,Chief Executive Officer,high
Seaport Entertainment Group Inc.,8-K,Carlos A. Olea,Chief Financial OfficerSignature Page to Amendment to Loan Documents AgreementGUARANTOR,high
Seaport Entertainment Group Inc.,8-K,Mirza Kafedzic,Managing DirectorLENDER,high
Seaport Entertainment Group Inc.,8-K,Rebecca Sachs,Chief People OfficerEXECUTIVE,high
AA Mission Acquisition Corp.,8-K,Qing Sun,Chief Executive Officer Accepted on the date first above written,high
M3-Brigade Acquisition V Corp.,8-K,Mohsin Y. Meghji,"Executive Chairman of the Board of Directors CONTINENTAL STOCK TRANSFER & TRUST COMPANY, as Warrant Agent By",high
M3-Brigade Acquisition V Corp.,8-K,Eric Greenhaus,Chief Financial Officer,high
M3-Brigade Acquisition V Corp.,8-K,Mohsin Meghji,Executive Chairman of the Board of Directors HOLDERS,high
"Adagio Medical Holdings, Inc.",8-K,Michael Altman,"Chief Financial Officer ADAGIO MEDICAL, INC",high
"Adagio Medical Holdings, Inc.",8-K,Olav Bergheim,Chief Executive Officer,high
"Adagio Medical Holdings, Inc.",8-K,John Dahldorf,Chief Financial Officer,high
Global Lights Acquisition Corp,8-K,Zhizhuang Miao,Chief Executive Officer Date,high
EQV Ventures Acquisition Corp.,8-K,Tyson Taylor,President and Chief Financial Officer,high
EQV Ventures Acquisition Corp.,8-K,Jerome Silvey,Chief Executive Officer PURCHASER,high
Investcorp AI Acquisition Corp.,8-K,Nikhil Kalghatgi,Principal Executive Officer and Director,high
"Accredited Solutions, Inc.",8-K,Eduardo Brito,Chief Executive Officer,high
"Monroe Federal Bancorp, Inc.",8-K,Matthew F. Kennedy,Managing Director,high
"FB Bancorp, Inc. /MD/",8-K,Christopher Ferris,President and Chief Executive Officer FIDELITY BANK By,high
"FB Bancorp, Inc. /MD/",8-K,Andrew Hitt,Managing Director,high
Bowhead Specialty Holdings Inc.,8-K,Brad Mulcahey,Chief Financial Officer and Treasurer,high
"Ardent Health Partners, Inc.",8-K,Alfred Lumsdaine,Chief Financial Officer,high
Voyager Acquisition Corp./Cayman Islands,8-K,Adeel Rouf,"Chief Executive Officer CONTINENTAL STOCK TRANSFER & TRUST COMPANY, as Warrant Agent By",high
"ACTUATE THERAPEUTICS, INC.",8-K,Daniel M. Schmitt,President and Chief Executive Officer,high
"ACTUATE THERAPEUTICS, INC.",8-K,Daniel Schmitt,President and Chief Executive Officer,high
AFB Ltd,8-K,Tak Chun Wong,"Chief Executive Officer, Chief Financial Officer, Director",high
SilverBox Corp IV,8-K,Stephen M. Kadenacy,Chief Executive Officer,high
HCM II Acquisition Corp.,8-K,Shawn Matthews,Chairman and Chief Executive Officer Dated,high
HCM II Acquisition Corp.,8-K,Steven Bischoff,Chief Financial Officer AGREED TO AND ACCEPTED BY,high
PIMCO CORPORATE & INCOME OPPORTUNITY FUND,8-K,Ryan G. Leshaw,Chief Legal Officer and Secretary Date,high
Phoenix Plus Corp.,8-K,Lee Chong Chow,Chief Executive Officer,high
Silexion Therapeutics Corp,8-K,Ilan Levin,Chairman and Chief Executive Officer BIOMOTION SCIENCES By,high
Silexion Therapeutics Corp,8-K,Ilan Hadar,"Chief Executive Officer Accepted and agreed that this Note shall amend and restate, and replace, in its entirety, each Existing Promissory Note identified above",high
Silexion Therapeutics Corp,8-K,Steven Vacante,Vice President,high
Silexion Therapeutics Corp,8-K,Sam Yaffa,Managing Director,high
Silexion Therapeutics Corp,8-K,Leonard A. Potter,"President, Wildcat Capital Management, LLC By",high
VASO Corp,8-K,Jun Ma,Chief Executive Officer and President,high
ALPHATIME ACQUISITION CORP,8-K,Dajiang Guo,Chief Executive Officer Date,high
"Endo, Inc.",8-K,Matthew J. Maletta,"Executive Vice President,Chief Legal Officer and Company Secretary Dated",high
GMTech Inc.,8-K,Yuyang Cui,Chief Executive Officer,high
Black Spade Acquisition II Co,8-K,Chi Wai Dennis Tam,Chairman & Co,high
Black Spade Acquisition II Co,8-K,Ryan Gerety,"Managing Director COHEN & COMPANY CAPITAL MARKETS, A DIVISION OF J",high
JAPAN SMALLER CAPITALIZATION FUND INC,8-K,Neil Daniele,Chief Compliance Officer,high
America Great Health,8-K,Mike Wang,President false  true,high
Tofla Megaline Inc.,8-K,Rodolfo Guerrero Angulo,"Chief Executive Officer President, Treasurer and Secretary",high
GigCapital7 Corp.,8-K,Avi Katz,Chief Executive Officer Agreed to and accepted as of the date first written above,high
GigCapital7 Corp.,8-K,Christine Marshall,Chief Financial Officer By,high
GigCapital7 Corp.,8-K,Raanan Horowitz,Director Nominee By,high
GigCapital7 Corp.,8-K,Darius Moshfeghi,Director Nominee,high
GigCapital7 Corp.,8-K,Karen Rogge,Director Nominee By,high
GigCapital7 Corp.,8-K,Gaurav Verma,Managing Director,high
GigCapital7 Corp.,8-K,Christine M. Marshall,Chief Financial Officer INDEMNITEE By,high
"INTEGRATED VENTURES, INC.",8-K,Steve Rubakh,Chief Executive Officer,high
"Outdoor Specialty Products, Inc.",8-K,Kirk Blosch,President,high
21Shares Core Ethereum ETF,8-K,Ophelia Snyder,President Company,high
Future Vision II Acquisition Corp.,8-K,Xiaodong Wang,Chief Executive Officer TRANSHARE CORPORATION By,high
Future Vision II Acquisition Corp.,8-K,Lingling Xiong,Director,high
Future Vision II Acquisition Corp.,8-K,Linling Xiong,"Director Acknowledged and Agreed to by FUTURE VISION II ACQUISITION CORP, Registrant By",high
Future Vision II Acquisition Corp.,8-K,Caihong Chen,Chief Financial Officer and Director By,high
Future Vision II Acquisition Corp.,8-K,Shuting Zeng,Director,high
ALTEROLA BIOTECH INC.,8-K,Tim Rogers,Chairman Acknowledged and Accepted by,high
"Zenas BioPharma, Inc.",8-K,Jennifer Fox,Chief Business Officer and Chief Financial Officer Date,high
Bicara Therapeutics Inc.,8-K,Claire Mazumdar,Chief Executive Officer,high
"MBX Biosciences, Inc.",8-K,P. Kent Hawryluk,Chief Executive Officer,high
ADVENT CONVERTIBLE & INCOME FUND,8-K,Tony Huang,Vice President and Assistant Secretary,high
HEALTHY CHOICE WELLNESS CORP.,8-K,Ritesh Veera,Executive Managing Director Address for Notice,high
"Amentum Holdings, Inc.",8-K,Justin C. Johnson,Secretary,high
YHN Acquisition I Ltd,8-K,Pui Chun Wong,Director Acknowledged and Agreed,high
Cayson Acquisition Corp,8-K,Henry Farrell,Vice President CAYSON ACQUISITION CORP By,high
Cayson Acquisition Corp,8-K,Mike Powell,Senior Managing Director,high
Foxx Development Holdings Inc.,8-K,Gregory Foley,Chief Executive Officer,high
NON INVASIVE MONITORING SYSTEMS INC /FL/,8-K,James J. Martin,Chief Financial Officer,high
BKV Corp,8-K,Thiti Mekavichai,Chief Executive Officer By,high
BKV Corp,8-K,Christopher P. Kalnin,Chief Executive Officer,high
BKV Corp,8-K,Michael Shelly,Managing Director Barclays Capital Inc,high
BKV Corp,8-K,Robert Stowe,Managing Director Acting on behalf of themselves and as the Representatives of the several Underwriters,high
Smart Powerr Corp.,8-K,Guohua Ku,Chief Executive Officer and Chairman of the Board,high
Curbline Properties Corp.,8-K,Lesley H. Solomon,"Executive Vice President, General Counsel and Secretary",high
"Guardian Pharmacy Services, Inc.",8-K,David K. Morris,Executive Vice President and Chief Financial Officer,high
"Guardian Pharmacy Services, Inc.",8-K,Fred P. Burke,"President and Chief Executive Officer GUARDIAN PHARMACY SERVICES, INC",high
"StandardAero, Inc.",8-K,Daniel Satterfield,Chief Financial Officer,high
"StandardAero, Inc.",8-K,Jeremy Anderson,Vice President,high
"Revelyst, Inc.",8-K,Andrew Keegan,Chief Financial Officer Date,high
CHAIN BRIDGE BANCORP INC,8-K,John J. Brough,Chief Executive Officer and Director,high
"FrontView REIT, Inc.",8-K,Stephen Preston,"Chairman, Co",high
"FrontView REIT, Inc.",8-K,Jon Sierant,Managing Director By,high
"FrontView REIT, Inc.",8-K,Kevin King,Managing Director,high
"Innventure, Inc.",8-K,Michael Otworth,Executive Chairman FOUNDING INVESTORS,high
"Innventure, Inc.",8-K,Suzanne Niemeyer,General Counsel,high
"Innventure, Inc.",8-K,Robert Hutter,President LEARN CW INVESTMENT CORPORATION By,high
"Innventure, Inc.",8-K,Carlos Pinto,"Senior Vice President, Director",high
"Innventure, Inc.",8-K,Adam Fisher,Director,high
"Innventure, Inc.",8-K,Anuranjita Tewary,Director,high
"Innventure, Inc.",8-K,Daniel H. Stern,Director,high
"Innventure, Inc.",8-K,Peter Relan,Director,high
"Innventure, Inc.",8-K,Ellen Levy,Director,high
"PishPosh, Inc.",8-K,Eric Sherb,Chief Financial Officer,high
"SWISS HELVETIA FUND, INC.",8-K,Thomas F. Antonucci,Chief Financial Officer,high
"KinderCare Learning Companies, Inc.",8-K,Anthony Amandi,Chief Financial Officer,high
"KinderCare Learning Companies, Inc.",8-K,Paul Thompson,Chief Executive Officer,high
"KinderCare Learning Companies, Inc.",8-K,Kristian Rathbone,Managing Director,high
"KinderCare Learning Companies, Inc.",8-K,Kristin Jang,Vice President,high
"KinderCare Learning Companies, Inc.",8-K,Muhammad Afzal,Director By,high
"KinderCare Learning Companies, Inc.",8-K,Jeffrey Murphy,Vice President,high
Rising Dragon Acquisition Corp.,8-K,Wenyi Shen,Chief Financial Officer Accepted and agreed this AURORA BEACON LLC By,high
Rising Dragon Acquisition Corp.,8-K,Lulu Xing,Chief Executive Officer,high
XAI Madison Equity Premium Income Fund,8-K,Steven J. Fredricks,Chief Legal Officer & Chief Compliance Officer,high
Guggenheim Taxable Municipal Bond & Investment Grade Debt Trust,8-K,Michael Balbick,"Director Schedule I Eligible Securities Any Debt Position, Equity Position or any Cash and Cash Equivalents",high
Spark I Acquisition Corp,8-K,James Rhee,Chairman and Chief Executive Officer Dated,high
Minerva Gold Inc.,8-K,Aftandil Aibekov,President,high
Qrons Inc.,8-K,Jonah Meer,Chief Executive Officer,high
Bold Eagle Acquisition Corp.,8-K,Eli Baker,Chief Executive Officer Dated,high
Bold Eagle Acquisition Corp.,8-K,Adam Kerbis,Director By,high
Ingram Micro Holding Corp,8-K,Mary Ann Sigler,Vice President and Treasurer Address,high
Ingram Micro Holding Corp,8-K,Michael Zilis,Executive Vice President and Chief Financial Officer,high
Ingram Micro Holding Corp,8-K,Rizvan Dhalla,"Managing Director, Morgan Stanley, Investment Banking Division GOLDMAN SACHS & CO",high
Ingram Micro Holding Corp,8-K,Charlie Black,Managing Director J,high
Ingram Micro Holding Corp,8-K,Olivia Sem Buran,Vice President,high
Ingram Micro Holding Corp,8-K,Paul Bay,Chief Executive Officer Exhibit A SECOND AMENDED AND RESTATED CERTIFICATE OF INCORPORATION OF INGRAM MICRO HOLDING CORPORATION ARTICLE ONE NAME The name of the corporation is Ingram Micro Holding Corporation,high
Oaktree Acquisition Corp. III Life Sciences,8-K,Zaid Pardesi,Chief Executive Officer,high
Oaktree Acquisition Corp. III Life Sciences,8-K,Alex Cahail,Associate Director,high
Oaktree Acquisition Corp. III Life Sciences,8-K,Peter Boos,Vice President By,high
Aldel Financial II Inc.,8-K,Robert I. Kauffman,Chief Executive Officer,high
GlobeStar Therapeutics Corp,8-K,James C. Katzaroff,Chief Executive Officer,high
Charlton Aria Acquisition Corp,8-K,Will Garner,Chief Executive Officer Date,high
Charlton Aria Acquisition Corp,8-K,Sunny Tan Kah Wei,Director,high
Charlton Aria Acquisition Corp,8-K,Robert Garner,Chairman and Chief Executive Officer,high
"Septerna, Inc.",8-K,Jeffrey Finer,President,high
"High Roller Technologies, Inc.",8-K,Ben Clemes,"Chief Executive Officer Confirmed as of the date first written above mentioned, on behalf of itself and as Representative of the several Underwriters named on Schedule",high
MIAMI BREEZE CAR CARE INC,8-K,Wolfgang Ruecker,Chief Executive Officer,high
THUMZUP MEDIA Corp,8-K,Robert Steele,Chief Executive Officer,high
"Sunstock, Inc.",8-K,Jason C. Chang,"President, Chief Financial Officer",high
Bleichroeder Acquisition Corp. I,8-K,Andrew Gundlach,Chief Executive Officer Accepted on the date first above written,high
TRANS LUX Corp,8-K,Todd Dupee,Senior Vice President and Chief Accounting Officer,high
Newbury Street II Acquisition Corp,8-K,Thomas Bushey,"Chief Executive Officer Accepted on the date first above written BTIG, LLC, as Representative of the several underwriters By",high
Willow Lane Acquisition Corp.,8-K,B. Luke Weil,"Chairman and Chief Executive Officer CONTINENTAL STOCK TRANSFER & TRUST COMPANY, as Warrant Agent By",high
GSR III Acquisition Corp.,8-K,Jimmy Baker,"President Kingswood Capital Partners LLC, as Broker Dealer By",high
GSR III Acquisition Corp.,8-K,Anantha Ramamurti,Chief Financial Officer and President,high
GSR III Acquisition Corp.,8-K,Yuya Orime,Chief Business Development Officer,high
GSR III Acquisition Corp.,8-K,Jody Sitkoski,Director,high
GSR III Acquisition Corp.,8-K,Susie Kuan,Director,high
"Thunder Bridge Capital Partners IV, Inc.",8-K,Gary A. Simanson,Chief Executive Officer,high
Damon Inc.,8-K,Jay Giraud,Chief Executive Officer,high
Guru App Factory Corp,8-K,Deniss Volkovs,President,high
Horizon Space Acquisition II Corp.,8-K,Jenny Chen,Compliance Officer,high
Horizon Space Acquisition II Corp.,8-K,Daniel Barnes,Assistant Vice President,high
Greenbrook TMS Inc.,8-K,Bill Leonard,President & Chief Executive Officer,high
Dynamix Corp,8-K,Rebecca Paulson,President EXHIBIT A PRIVATE PLACEMENT WARRANTS LEGEND THE SECURITIES REPRESENTED BY THIS CERTIFICATE HAVE NOT BEEN REGISTERED UNDER THE SECURITIES ACT OF,high
CO2 Energy Transition Corp.,8-K,Brady Rodgers,President and Chief Executive Officer Accepted on the date first above written,high
Blue Ocean Acquisition Corp,8-K,Richard Leggett,Chief Executive Officer,high
SSHT S&T Group Ltd.,8-K,Zonghan Wu,Chief Executive Officer and Director,high
WisdomTree Bitcoin Fund,8-K,Jeremy Schwartz,Chief Executive Officer Date,high
WisdomTree Bitcoin Fund,8-K,Robert M. Stein Jr,Vice President Date,high
"Heritage Distilling Holding Company, Inc.",8-K,Justin Stiefel,Chief Executive Officer Address for Notice,high
"Heritage Distilling Holding Company, Inc.",8-K,Chad D. Champion,Senior Managing Director Address for Notice,high
NEW ENGLAND REALTY ASSOCIATES LIMITED PARTNERSHIP,8-K,Ronald Brown,President,high
FACT II Acquisition Corp.,8-K,Adam Gishen,Chief Executive Officer Accepted on the date first above written,high
GHST World Inc.,8-K,Edoardo Berti Riboli,Chief Executive Officer,high
Australian Oilseeds Holdings Ltd,8-K,Gary Seaton,Chief Executive Officer,high
"TechTarget, Inc.",8-K,Daniel Noreck,"Chief Financial Officer TORO COMBINECO, INC",high
"TechTarget, Inc.",8-K,David J. Ganss,Vice President,high
"TechTarget, Inc.",8-K,Daniel T. Noreck,Chief Financial Officer and Treasurer,high
"TechTarget, Inc.",8-K,Simon Bane,Deputy Group General Counsel Stockholders Agreement Signature Page SCHEDULE,high
"TechTarget, Inc.",8-K,Gareth Wright,"Group Finance Director TECHTARGET, INC",high
"TechTarget, Inc.",8-K,Brian Vasandani,Vice President INFORMA INTREPID HOLDINGS INC,high
ESH Acquisition Corp.,8-K,James Francis,Chief Executive Officer,high
Synergy CHC Corp.,8-K,Jack Ross,Chief Executive Officer,high
"Catalent, Inc.",8-K,Joseph A. Ferraro,"Senior Vice President, General Counsel, Chief Compliance Officer & Secretary",high
Tavia Acquisition Corp.,8-K,Thomas Haeusler,Director Accepted and Agreed,high
"zSpace, Inc.",8-K,Paul Kellenberger,Chief Executive Officer Confirmed as of the date first above,high
"zSpace, Inc.",8-K,Aaron M. Gurewitz,President and Head of Investment Banking,high
Shepherd Ave Capital Acquisition Corp,8-K,William Snyder,Chairman and Chief Executive Officer INITIAL SHAREHOLDERS,high
Jackson Acquisition Co II,8-K,Richard L. Jackson,Chief Executive Officer,high
Jackson Acquisition Co II,8-K,Aaron Gurewitz,"President and Head of Investment Banking SCHEDULE A Name Number of Firm Units to be Purchased Roth Capital Partners, LLC",high
"ServiceTitan, Inc.",8-K,Vahe Kuzoyan,"President EXHIBIT A ARTICLE I The name of this corporation is ServiceTitan, Inc",high
Anteris Technologies Global Corp.,8-K,Wayne Paterson,Chief Executive Officer,high
Mountain Lake Acquisition Corp.,8-K,Paul Grinberg,Chief Executive Officer and Chairman of the Board,high
"Elvictor Group, Inc.",8-K,Konstantinos Galanakis,Chief Executive Officer,high
Roman DBDR Acquisition Corp. II,8-K,John C. Small,Chief Financial Officer PURCHASER,high
AEI INCOME & GROWTH FUND XXII LTD PARTNERSHIP,8-K,Marni Nygard,President Date,high
ACUREN CORP,8-K,Kristin Schultes,Chief Financial Officer,high
"Magnolia Bancorp, Inc.",8-K,Michael L. Hurley,"Chairman, President and Chief Executive Officer Date",high
"Rocky Mountain Chocolate Factory, Inc.",8-K,Allen Arroyo,Chief Financial Officer,low
NORTHERN TECHNOLOGIES INTERNATIONAL CORP,8-K,Patrick Lynch,President,low
1606 CORP.,8-K,Gregory Lambrecht,Chief Executive Officer,low
"Perspective Therapeutics, Inc.",8-K,Anne Heino,Chief Executive Officer,low
"Heliogen, Inc.",8-K,Christie Obiaya,Chief Executive Officer,low
Alpha Star Acquisition Corp,8-K,Zhe Zhang,Chief Executive Officer,low
CNH Industrial N.V.,8-K,Stefano Pampalone,President,low
TECOGEN INC.,8-K,Abinand Rangesh,Chief Executive Officer,low
Yuenglings Ice Cream Corp,8-K,Richard Jordan,President,low
Yuenglings Ice Cream Corp,8-K,Everett M. Dickson,President,low
PLEXUS CORP,8-K,Todd Kelsey,Chief Executive Officer,low
"Alpha Teknova, Inc.",8-K,Stephen Gunstream,President,low
"Alpha Teknova, Inc.",8-K,Damon Terrill,General Counsel,low
PepGen Inc.,8-K,Noel Donnelly,Chief Financial Officer,low
"DigitalOcean Holdings, Inc.",8-K,Matthew Steinfort,Chief Financial Officer,low
"GeoSolar Technologies, Inc.",8-K,Stone Douglass,Chief Executive Officer,low
"Better For You Wellness, Inc.",8-K,Ian James,Chief Executive Officer,low
MetaVia Inc.,8-K,Heon Kim,President,low
AMERICAN COASTAL INSURANCE Corp,8-K,Bradford Martz,President,low
Cambium Networks Corp,8-K,Morgan Kurk,president,low
"Delek US Holdings, Inc.",8-K,Rosy Zuklic,Vice President,low
"Phunware, Inc.",8-K,Troy Reisner,Chief Financial Officer,low
Venus Concept Inc.,8-K,De Silva,Chief Executive Officer,low
"COMMUNITY FINANCIAL SYSTEM, INC.",8-K,Dimitar Karaivanov,President,low
AGILYSYS INC,8-K,Ramesh Srinivasan,President,low
"Hanryu Holdings, Inc.",8-K,Hyuk Kang,Chief Executive Officer,low
Aircastle LTD,8-K,Christopher Beers,Chief Legal Officer,low
SMARTFINANCIAL INC.,8-K,Billy Carroll,President,low
JOHNSON & JOHNSON,8-K,Eugene A. Woods,Chief Executive Officer,low
HEIDRICK & STRUGGLES INTERNATIONAL INC,8-K,Bianca Wilson,Director,low
RENASANT CORP,8-K,Mitchell Waycaster,Chief Executive Officer,low
"John Marshall Bancorp, Inc.",8-K,Chris Bergstrom,President,low
"Gevo, Inc.",8-K,Eric Frey,Vice President,low
C & F FINANCIAL CORP,8-K,Tom Cherry,President,low
"Arq, Inc.",8-K,Ryan Roberts,Vice President,low
ALERUS FINANCIAL CORP,8-K,Alan A. Villalon,Chief Financial Officer,low
"UNITED RENTALS, INC.",8-K,Matthew Flannery,chief executive officer,low
KADANT INC,8-K,William C. Mecke,president,low
"MARSH & MCLENNAN COMPANIES, INC.",8-K,John Doyle,President,low
VALERO ENERGY CORP/TX,8-K,Eric Herbort,Director,low
VALERO ENERGY CORP/TX,8-K,Gautam Srivastava,Director,low
"Columbia Financial, Inc.",8-K,Thomas J. Kemly,President,low
FIRST FINANCIAL BANCORP /OH/,8-K,Archie Brown,President,low
UNITED SECURITY BANCSHARES,8-K,Dennis Woods,President,low
"BLUE RIDGE BANKSHARES, INC.",8-K,William Beale,Director,low
iQSTEL Inc,8-K,Jose Iglesias,President,low
"Dime Community Bancshares, Inc. /NY/",8-K,Stuart H. Lubow,President,low
"Worthington Steel, Inc.",8-K,Michaune D. Tillman,Vice President,low
PSYCHEMEDICS CORP,8-K,Daniella Mehalik,Vice President,low
United Parks & Resorts Inc.,8-K,Anthony Taylor,General Counsel,low
McEwen Mining Inc.,8-K,Carmen Diges,General Counsel,low
NISOURCE INC.,8-K,Lloyd Yates,President,low
"Rezolute, Inc.",8-K,Nevan Elam,Chief Executive Officer,low
"Rezolute, Inc.",8-K,Charles Elam,Chief Executive Officer,low
DANAHER CORP /DE/,8-K,Chaz Bickers,Director,low
Marathon Petroleum Corp,8-K,Kristina Kazarian,Vice President,low
PFIZER INC,8-K,David Denton,Chief Financial Officer,low
"HAWTHORN BANCSHARES, INC.",8-K,Brent Giles,Chief Executive Officer,low
ROBERT HALF INC.,8-K,Keith Waddell,president,low
Alphabet Inc.,8-K,Ruth Porat,President,low
UNITED FIRE GROUP INC,8-K,Eric J. Martin,Chief Financial Officer,low
"BRINKER INTERNATIONAL, INC",8-K,Kevin D. Hochman,President,low
"M/I HOMES, INC.",8-K,Mark Kirkendall,Vice President,low
"Qorvo, Inc.",8-K,Bob Bruggeworth,president,low
EZCORP INC,8-K,Lachie Given,Chief Executive Officer,low
"Thermon Group Holdings, Inc.",8-K,Ivonne Salem,Vice President,low
ETSY INC,8-K,Deb Wasser,Vice President,low
DXC Technology Co,8-K,Raul Fernandez,Chief Executive Officer,low
"Flux Power Holdings, Inc.",8-K,Ronald F. Dutt,Chief Executive Officer,low
PIPER SANDLER COMPANIES,8-K,Deb Schoneman,president,low
HEARTLAND EXPRESS INC,8-K,Chris Strain,Chief Financial Officer,low
"SUNation Energy, Inc.",8-K,Kyle J. Udseth,Chief Executive Officer,low
"Lexeo Therapeutics, Inc.",8-K,Nolan Townsend,Chief Executive Officer,low
"AFFILIATED MANAGERS GROUP, INC.",8-K,Jay C. Horgen,President,low
ESTEE LAUDER COMPANIES INC,8-K,Fabrizio Freda,President,low
Quantum-Si Inc,8-K,Jeff Keyes,Chief Financial Officer,low
SECURITY FEDERAL CORP,8-K,Darrell Rains,Chief Financial Officer,low
KFORCE INC,8-K,Jeffrey B. Hackman,Chief Financial Officer,low
Fabrinet,8-K,Seamus Grady,Chief Executive Officer,low
"CROWN HOLDINGS, INC.",8-K,Thomas T. Fischer,Vice President,low
"Velocity Financial, Inc.",8-K,Shazia Flores,Vice President,low
"Container Store Group, Inc.",8-K,Satish Malhotra,Chief Executive Officer,low
GENCOR INDUSTRIES INC,8-K,Marc G. Elliott,President,low
Nano Magic Inc.,8-K,Leandro Vera,Chief Financial Officer,low
NEW YORK TIMES CO,8-K,Kopit Levien,president,low
WHITE MOUNTAINS INSURANCE GROUP LTD,8-K,Mark Plourde,President,low
DMC Global Inc.,8-K,Geoff High,Vice President,low
STEELCASE INC,8-K,Raj Mehan,Vice President,low
"Pioneer Bancorp, Inc./MD",8-K,Thomas Amell,President,low
"ESPORTS ENTERTAINMENT GROUP, INC.",8-K,Damian Mathews,Chief Operating Officer,low
BELDEN INC.,8-K,Ashish Chand,President,low
STRATTEC SECURITY CORP,8-K,Dennis P. Bowe,Vice President,low
"Mueller Water Products, Inc.",8-K,Edmunds Zakas,Chief Executive Officer,low
SYNAPTICS Inc,8-K,Dean Butler,Chief Financial Officer,low
Proto Labs Inc,8-K,Dan Schumacher,Chief Financial Officer,low
Soho House & Co Inc.,8-K,Thomas Allen,Chief Financial Officer,low
Owens Corning,8-K,Amber Wohlfarth,Vice President,low
DIRTT ENVIRONMENTAL SOLUTIONS LTD,8-K,Benjamin Urban,Chief Executive Officer,low
WATSCO INC,8-K,Ana M. Menendez,Chief Financial Officer,low
"Brownie's Marine Group, Inc",8-K,Robert Carmichael,Chief Executive Officer,low
"SiteOne Landscape Supply, Inc.",8-K,Doug Black,Chief Executive Officer,low
Atomera Inc,8-K,Francis B. Laurencio,Chief Financial Officer,low
"Anebulo Pharmaceuticals, Inc.",8-K,Richie Cunningham,Chief Executive Officer,low
HEALTHCARE SERVICES GROUP INC,8-K,Ted Wahl,Chief Executive Officer,low
"Evolent Health, Inc.",8-K,Seth Blackley,Chief Executive Officer,low
ELITE PHARMACEUTICALS INC /NV/,8-K,Nasrat Hakim,President,low
"Corebridge Financial, Inc.",8-K,Kevin Hogan,President,low
"PENN Entertainment, Inc.",8-K,Jay Snowden,Chief Executive Officer,low
CURTISS WRIGHT CORP,8-K,Christopher Farkas,Vice President,low
KELLY SERVICES INC,8-K,Peter Quigley,president,low
"NorthWestern Energy Group, Inc.",8-K,Crystal Lail,vice president,low
"DROPBOX, INC.",8-K,Tim Regan,Chief Financial Officer,low
"PACIFIC BIOSCIENCES OF CALIFORNIA, INC.",8-K,Christian Henry,President,low
"Backblaze, Inc.",8-K,Frank Patchel,Chief Financial Officer,low
DraftKings Inc.,8-K,Stanton Dodge,Chief Legal Officer,low
Sino Green Land Corp.,8-K,Kuk Ching,Director,low
Sino Green Land Corp.,8-K,Ching Wing,Director,low
"Beyond Air, Inc.",8-K,Duncan Fatkin,Chief Commercial Officer,low
"Tri Pointe Homes, Inc.",8-K,Glenn J. Keeler,Chief Financial Officer,low
"Arteris, Inc.",8-K,Charles Janac,President,low
GARMIN LTD,8-K,Cliff Pemble,President,low
"Alight, Inc. / Delaware",8-K,Martin Felli,Chief Legal Officer,low
"Veris Residential, Inc.",8-K,Mahbod Nia,Chief Executive Officer,low
AMERISAFE INC,8-K,Janelle Frost,President,low
ModivCare Inc,8-K,Heath Sampson,President,low
VALMONT INDUSTRIES INC,8-K,Avner Applbaum,President,low
"Option Care Health, Inc.",8-K,John C. Rademacher,Chief Executive Officer,low
"XPEL, Inc.",8-K,Ryan Pape,President,low
TRINITY INDUSTRIES INC,8-K,Anne Mann,Vice President,low
AMERICOLD REALTY TRUST,8-K,George Chappelle,Chief Executive Officer,low
EDISON INTERNATIONAL,8-K,Pedro Pizarro,President,low
"MARAVAI LIFESCIENCES HOLDINGS, INC.",8-K,Becky Buzzeo,Chief Commercial Officer,low
"LEGALZOOM.COM, INC.",8-K,Rich Preece,Chief Operating Officer,low
COPART INC,8-K,Leah Stearns,Chief Financial Officer,low
"Live Nation Entertainment, Inc.",8-K,Michael Rapino,President,low
Arcadium Lithium plc,8-K,Gilberto Antoniazzi,Vice President,low
LION COPPER & GOLD CORP.,8-K,Travis Naugle,Chief Executive Officer,low
"Sunstone Hotel Investors, Inc.",8-K,Bryan A. Giglia,Chief Executive Officer,low
"Surgery Partners, Inc.",8-K,Eric Evans,Chief Executive Officer,low
"ATI Physical Therapy, Inc.",8-K,Joe Jordan,Chief Financial Officer,low
HELIX ENERGY SOLUTIONS GROUP INC,8-K,Owen Kratz,President,low
VIRCO MFG CORPORATION,8-K,Robert Dose,Chief Financial Officer,low
INTEGRA LIFESCIENCES HOLDINGS CORP,8-K,De Witte,president,low
Snowflake Inc.,8-K,Emily Ho,Chief Accounting Officer,low
"Alexander & Baldwin, Inc.",8-K,Lance Parker,president,low
"STEM, INC.",8-K,John Carrington,Chief Executive Officer,low
STONERIDGE INC,8-K,Kelly K. Harvey,Director,low
Tecnoglass Inc.,8-K,Manuel Daes,Chief Executive Officer,low
MASTEC INC,8-K,Marc Lewis,Vice President,low
"MAMMOTH ENERGY SERVICES, INC.",8-K,Arty Straehla,Chief Executive Officer,low
"Lyra Therapeutics, Inc.",8-K,Jason Cavalier,Chief Financial Officer,low
CRAWFORD & CO,8-K,Bruce Swain,Chief Financial Officer,low
"MARINUS PHARMACEUTICALS, INC.",8-K,Luther Rosbeck,President,low
"TXO Partners, L.P.",8-K,Keith A. Hutton,President,low
"GREENLIGHT CAPITAL RE, LTD.",8-K,Greg Richardson,Chief Executive Officer,low
"IO Biotech, Inc.",8-K,Maryann Cimino,Director,low
"Alto Ingredients, Inc.",8-K,Auste M. Graham,General Counsel,low
HURCO COMPANIES INC,8-K,Greg Volovic,Chief Executive Officer,low
NET Power Inc.,8-K,Danny Rice,Chief Executive Officer,low
"Inozyme Pharma, Inc.",8-K,Stefan Riley,Director,low
Quest Resource Holding Corp,8-K,Ray Hatch,President,low
"APPLIED ENERGETICS, INC.",8-K,Gregory J. Quarles,President,low
BRT Apartments Corp.,8-K,George Zweier,Vice President,low
"BlueOne Card, Inc.",8-K,James Koh,Chief Executive Officer,low
"FTC Solar, Inc.",8-K,Cathy Behnen,Chief Financial Officer,low
"DICK'S SPORTING GOODS, INC.",8-K,Lauren Hobart,President,low
"Hartford Creative Group, Inc.",8-K,Hong Wang,Chief Executive Officer,low
LIQUIDMETAL TECHNOLOGIES INC,8-K,Tony Chung,Chief Executive Officer,low
Galaxy Enterprises Inc. /WY/,8-K,Greg Navone,President,low
"Value Exchange International, Inc.",8-K,Seng Wee,Chief Executive Officer,low
"Hyperfine, Inc.",8-K,Brett Hale,Chief Administrative Officer,low
Black Hawk Acquisition Corp,8-K,Louis Kaufman,Chief Executive Officer,low
"MILLERKNOLL, INC.",8-K,Carola Mengolini,Vice President,low
DAWSON GEOPHYSICAL CO,8-K,Ian Shaw,Chief Financial Officer,low
BRAINSTORM CELL THERAPEUTICS INC.,8-K,Chaim Lebovits,President,low
"SPAR Group, Inc.",8-K,Calisto Pato,Chief Financial Officer,low
JRSIS HEALTH CARE Corp,8-K,Zhu Linhai,Chief Executive Officer,low
HILLS BANCORPORATION,8-K,Dwight O. Seegmiller,Director,low
"Onfolio Holdings, Inc",8-K,Dominic Wells,Chief Executive Officer,low
"AmeriCann, Inc.",8-K,Timothy Keogh,Chief Executive Officer,low
"Invech Holdings, Inc.",8-K,Rhonda Keaveney,Chief Executive Officer,low
Alpha Investment Inc.,8-K,Todd Buxton,Chief Executive Officer,low
WORLDS INC,8-K,Thom Kidrin,President,low
NEUTRA CORP.,8-K,Sydney Jim,President,low
Nowtransit Inc,8-K,Darren Lopez,Chief Executive Officer,low
"Mobiquity Technologies, Inc.",8-K,Dean L. Julia,Chief Executive Officer,low
INNOVATIVE DESIGNS INC,8-K,Joseph Riccelli,Chief Executive Officer,low
"Fly-E Group, Inc.",8-K,Ruifeng Guo,Director,low
"Fly-E Group, Inc.",8-K,Rui Feng,Chief Operating Officer,low
"Fly-E Group, Inc.",8-K,Bing Wang,Director,low
"Fly-E Group, Inc.",8-K,Lun Feng,Director,low
Flag Ship Acquisition Corp,8-K,Luhuang Zhong,Chief Financial Officer,low
Tribal Rides International Corp.,8-K,Joseph Grimes,Chief Executive Officer,low
PUBLIC CO MANAGEMENT CORP,8-K,Quinn Tran,President,low
Ferguson Enterprises Inc. /DE/,8-K,Pete Kennedy,Director,low
CS DIAGNOSTICS CORP.,8-K,Josef Migotsch,Vice President,low
"Revelyst, Inc.",8-K,Jeffrey Ehrich,General Counsel,low
"Revelyst, Inc.",8-K,Jung Choi,General Counsel,low
Vado Corp.,8-K,Jason Wulfsohn,Chief Executive Officer,low
"TFF Pharmaceuticals, Inc.",8-K,Craig Jalbert,President,low
Invizyne Technologies Inc,8-K,Fouad Nawaz,Vice President,low
"Tesla, Inc.",8-K,Brandon Ehrhart,General Counsel,spacy
BERKSHIRE HATHAWAY INC,8-K,Marc D. Hamburg,Vice President,spacy
"Gryphon Digital Mining, Inc.",8-K,Rob Chang,Ceo,spacy
NEWS CORP,8-K,Michael L. Bunder,Vice President,spacy
EchoStar CORP,8-K,Hamid Akhavan,President,spacy
EchoStar CORP,8-K,Timothy Messner,Director,spacy
EchoStar CORP,8-K,Tom Ortolf,Director,spacy
Quanterix Corp,8-K,Masoud Toloue,President,spacy
BlackRock TCP Capital Corp.,8-K,Erik Cuellar,Chairman,spacy
CENTERPOINT ENERGY INC,8-K,Monica Karuturi,Vice President,spacy
CENTERPOINT ENERGY INC,8-K,Kevin Cheng,Director,spacy
CENTERPOINT ENERGY INC,8-K,Eric Natelson,Director,spacy
CENTERPOINT ENERGY INC,8-K,Theodore Finkelstein,Director,spacy
CENTERPOINT ENERGY INC,8-K,Jonathan Mir,Director,spacy
CENTERPOINT ENERGY INC,8-K,Ashwani Khubani,Director,spacy
CENTERPOINT ENERGY INC,8-K,James Watts,Director,spacy
"Praxis Precision Medicines, Inc.",8-K,Marcio Souza,Chief Executive Officer,spacy
Infinera Corp,8-K,Nancy Erba,Chief Financial Officer,spacy
BARNES GROUP INC,8-K,Thomas J. Hook,President,spacy
BARNES GROUP INC,8-K,Ante Kusurin,Director,spacy
BARNES GROUP INC,8-K,William Pitts,Vice President,spacy
EXPAND ENERGY Corp,8-K,Bill Way,President,spacy
EXPAND ENERGY Corp,8-K,Mike Wichterich,Chairman,spacy
"MeridianLink, Inc.",8-K,Sean Blitchok,Chief Financial Officer,spacy
WOLVERINE WORLD WIDE INC /DE/,8-K,Michael D. Stornant,Vice President,spacy
Polaris Inc.,8-K,Steve Menneto,President,spacy
Polaris Inc.,8-K,Marc Suarez,Vice President,spacy
Polaris Inc.,8-K,Ken Pucel,Director,spacy
Polaris Inc.,8-K,Lucy Clark,Vice President,spacy
Polaris Inc.,8-K,Mike Speetzen,Ceo,spacy
Polaris Inc.,8-K,Tony Kinsman,Vice President,spacy
Polaris Inc.,8-K,Doug Adrian,Vice President,spacy
ASPEN AEROGELS INC,8-K,Don Young,President,spacy
ANGIODYNAMICS INC,8-K,James Clemmer,President,spacy
ANGIODYNAMICS INC,8-K,Jim Clemmer,President,spacy
ANGIODYNAMICS INC,8-K,Cardiovas Revasc Med,Cto,spacy
"ConnectOne Bancorp, Inc.",8-K,Shannan Weeks,Cto,spacy
Emergent BioSolutions Inc.,8-K,Paul Williams,Vice President,spacy
Emergent BioSolutions Inc.,8-K,Assal Hellmer,Vice President,spacy
"Rocky Mountain Chocolate Factory, Inc.",8-K,Rob Sarlls,Ceo,spacy
PATRICK INDUSTRIES INC,8-K,Andy Nemeth,Chief Executive Officer,spacy
PATRICK INDUSTRIES INC,8-K,Kip Ellis,Chief Executive Officer,spacy
PATRICK INDUSTRIES INC,8-K,Jim Glomstad,Chief Executive Officer,spacy
PATRICK INDUSTRIES INC,8-K,Matt Filer,Chief Executive Officer,spacy
NORTHERN TECHNOLOGIES INTERNATIONAL CORP,8-K,Matthew C. Wolsfeld,Chief Financial Officer,spacy
NORTHERN TECHNOLOGIES INTERNATIONAL CORP,8-K,G. Patrick Lynch,President,spacy
NORTHERN TECHNOLOGIES INTERNATIONAL CORP,8-K,Matthew Wolsfeld,Cfo,spacy
CURIS INC,8-K,Diantha Duvall,Chief Financial Officer,spacy
Bone Biologics Corp,8-K,Erick Lucera,Director,spacy
Titan Environmental Solutions Inc.,8-K,Michael Jansen,President,spacy
PRECISION BIOSCIENCES INC,8-K,Michael Amoroso,President,spacy
PRECISION BIOSCIENCES INC,8-K,John Alexander Kelly,Chief Financial Officer,spacy
PRECISION BIOSCIENCES INC,8-K,Mei Burris,Director,spacy
NATE'S FOOD CO.,8-K,Nate Steck,Cto,spacy
"First Financial Northwest, Inc.",8-K,Geoff Lundfelt,President,spacy
"First Financial Northwest, Inc.",8-K,Tim Woolston,Vice President,spacy
Janover Inc.,8-K,Tyler Schapiro,Ceo,spacy
"Vigil Neuroscience, Inc.",8-K,Gray Matter Volume Change,Cto,spacy
"IZEA Worldwide, Inc.",8-K,Edward H.,Chief Executive Officer,spacy
"IZEA Worldwide, Inc.",8-K,Ted Murphy,Ceo,spacy
"Nutex Health, Inc.",8-K,Tom Vo,Ceo,spacy
"Nutex Health, Inc.",8-K,Warren Hosseinion,Ceo,spacy
"Nutex Health, Inc.",8-K,Jon C. Bates,Chief Financial Officer,spacy
"Nutex Health, Inc.",8-K,Thomas T. Vo,Chief Operating Officer,spacy
"Nutex Health, Inc.",8-K,Jon Bates,Chief Operating Officer,spacy
"Nutex Health, Inc.",8-K,Pamela Montgomery,Chief Operating Officer,spacy
"Nutex Health, Inc.",8-K,Michael Chang,Chief Financial Officer,spacy
"Nutex Health, Inc.",8-K,Elisa Luqman,President,spacy
"Nutex Health, Inc.",8-K,John Waters,Chief Executive Officer,spacy
"Nutex Health, Inc.",8-K,Cheryl Grenas,Chief Executive Officer,spacy
"Nutex Health, Inc.",8-K,Mike Reed,Chief Executive Officer,spacy
BIO KEY INTERNATIONAL INC,8-K,Cecilia C. Welch Cecilia,Chief Financial Officer,spacy
BIO KEY INTERNATIONAL INC,8-K,C. Welch,Chief Financial Officer,spacy
"STAR GROUP, L.P.",8-K,Kestrel Heat,Chief Financial Officer,spacy
"STAR GROUP, L.P.",8-K,Richard F. Ambury,Chief Financial Officer,spacy
"Xos, Inc.",8-K,Dakota Semler,Director,spacy
"Xos, Inc.",8-K,Giordano Sordoni,Director,spacy
"Xos, Inc.",8-K,Liana Pogosyan,Director,spacy
"Xos, Inc.",8-K,Christen Romero,Chief Operating Officer,spacy
"Xos, Inc.",8-K,Susan Docherty,Director,spacy
"Xos, Inc.",8-K,Kim Brink,Director,spacy
"Xos, Inc.",8-K,Michael Bridge,Chief Executive Officer,spacy
"Xos, Inc.",8-K,Stephen Johnston,Chief Revenue Officer,spacy
"Xos, Inc.",8-K,Stuart Bernstein,Director,spacy
"Xos, Inc.",8-K,Burt Jordan,Director,spacy
"Xos, Inc.",8-K,Alice K. Jackson,Director,spacy
"Xos, Inc.",8-K,Ed Rapp,Director,spacy
"Xos, Inc.",8-K,Michael Richardson,Director,spacy
"Xos, Inc.",8-K,Steven Sanders,Director,spacy
"Xos, Inc.",8-K,David Shemmans,Director,spacy
"Xos, Inc.",8-K,Joanne Yan,Director,spacy
"Xos, Inc.",8-K,Mike Richardson,Chairman,spacy
"Xos, Inc.",8-K,John Franklin,Unknown,spacy
"ZIFF DAVIS, INC.",8-K,Jeremy Rossen Jeremy,Vice President,spacy
"Reliance Global Group, Inc.",8-K,Ezra Beyman Ezra,Chief Executive Officer,spacy
"Reliance Global Group, Inc.",8-K,Joel Markovits,Chief Financial Officer,spacy
"Reliance Global Group, Inc.",8-K,Ezra Beyman,Chief Financial Officer,spacy
QUAINT OAK BANCORP INC,8-K,John J. Augustine,Vice President,spacy
QUAINT OAK BANCORP INC,8-K,Robert T. Strong,President,spacy
"Sigyn Therapeutics, Inc.",8-K,Craig Roberts,Chief Technical Officer,spacy
MAGELLAN COPPER & GOLD INC.,8-K,John Ryan,President,spacy
MAGELLAN COPPER & GOLD INC.,8-K,Mike Lavigne,President,spacy
HealthLynked Corp,8-K,Michael Dent,Chief Executive Officer,spacy
EDUCATIONAL DEVELOPMENT CORP,8-K,Craig White,President,spacy
"Arcutis Biotherapeutics, Inc.",8-K,Todd Franklin Watanabe,President,spacy
"Acutus Medical, Inc.",8-K,Tom Sohn,Chief Administrative Officer,spacy
"Acutus Medical, Inc.",8-K,David Roman,President,spacy
PRINCIPAL FINANCIAL GROUP INC,8-K,Patrick G. Halter,President,spacy
PRINCIPAL FINANCIAL GROUP INC,8-K,Kamal Bhatia,President,spacy
PRINCIPAL FINANCIAL GROUP INC,8-K,Pat Halter,President,spacy
PRINCIPAL FINANCIAL GROUP INC,8-K,Dan Houston,Chairman,spacy
PRINCIPAL FINANCIAL GROUP INC,8-K,Pat Halter Patrick,President,spacy
"Serina Therapeutics, Inc.",8-K,Steven Mintz,Director,spacy
Good Times Restaurants Inc.,8-K,Ryan Zink,President,spacy
Good Times Restaurants Inc.,8-K,Ryan M. Zink,President,spacy
SOUTHERN CALIFORNIA EDISON Co,8-K,Kara G. Ryan,Vice President,spacy
SOUTHERN CALIFORNIA EDISON Co,8-K,Michael A. Henry,General Counsel,spacy
SOUTHERN CALIFORNIA EDISON Co,8-K,Lee Schreibstein,Director,spacy
SOUTHERN CALIFORNIA EDISON Co,8-K,Robert Nordlinger,Cto,spacy
SOUTHERN CALIFORNIA EDISON Co,8-K,Reginald Brewer,Vice President,spacy
SOUTHERN CALIFORNIA EDISON Co,8-K,Keith J. Larson,Vice President,spacy
SOUTHERN CALIFORNIA EDISON Co,8-K,Ann M. Davey,Unknown,spacy
EMCORE CORP,8-K,Stephen L. Domenik,Coo,spacy
EMCORE CORP,8-K,Cletus C. Glasener,Director,spacy
EMCORE CORP,8-K,Jeffrey J. Roncka,Director,spacy
EMCORE CORP,8-K,Noel Heiks,Director,spacy
EMCORE CORP,8-K,Tom Minichiello,Chief Financial Officer,spacy
EMCORE CORP,8-K,Steve Domenik,Director,spacy
EMCORE CORP,8-K,Booz Allen,Cto,spacy
EMCORE CORP,8-K,Cletus Glasener,Director,spacy
EMCORE CORP,8-K,Jeffrey Roncka,Director,spacy
BIOMARIN PHARMACEUTICAL INC,8-K,Jeffrey Ajer,Vice President,spacy
"HERON THERAPEUTICS, INC. /DE/",8-K,Thomas Fleetwood,Chief Executive Officer,spacy
Northwest Natural Holding Co,8-K,Shawn M. Filippi,Vice President,spacy
"OMNICELL, INC.",8-K,Sara J. White,Director,spacy
"OMNICELL, INC.",8-K,Eileen Voynick,Director,spacy
"OMNICELL, INC.",8-K,Vance Moore,Director,spacy
"OMNICELL, INC.",8-K,Vance B. Moore,Director,spacy
"OMNICELL, INC.",8-K,Randall Lipps,Director,spacy
"Perspective Therapeutics, Inc.",8-K,Thijs Spoor,Chief Executive Officer,spacy
"Perspective Therapeutics, Inc.",8-K,Spoor Johan,Chief Executive Officer,spacy
"Perspective Therapeutics, Inc.",8-K,Mary Anne Heino,Chief Executive Officer,spacy
"Esperion Therapeutics, Inc.",8-K,Sheldon L. Koenig,President,spacy
SeaStar Medical Holding Corp,8-K,David Green,Director,spacy
SeaStar Medical Holding Corp,8-K,Caryl Baron,Chief Financial Officer,spacy
SeaStar Medical Holding Corp,8-K,C. Any,Chief Executive Officer,spacy
SeaStar Medical Holding Corp,8-K,David A. Green,Chief Financial Officer,spacy
"ALEXANDRIA REAL ESTATE EQUITIES, INC.",8-K,Peter M. Moglia,Chief Executive Officer,spacy
FEDERAL REALTY INVESTMENT TRUST,8-K,Dawn Becker,General Counsel,spacy
FEDERAL REALTY INVESTMENT TRUST,8-K,Elizabeth Alvarez,Director,spacy
"Concrete Pumping Holdings, Inc.",8-K,Bruce Young,Ceo,spacy
BLACKBAUD INC,8-K,Kristian P. Talvitie,Director,spacy
BLACKBAUD INC,8-K,Kristian Talvitie,Director,spacy
BLACKBAUD INC,8-K,Andrew M. Leitch,Director,spacy
BLACKBAUD INC,8-K,George H. Ellis,Director,spacy
BLACKBAUD INC,8-K,Mike Gianoni,Director,spacy
BLACKBAUD INC,8-K,Yogesh K. Gupta,Director,spacy
BLACKBAUD INC,8-K,Roger Nanney,Chairman,spacy
"Kiromic Biopharma, Inc.",8-K,Pietro Bersani,Chief Executive Officer,spacy
"Catheter Precision, Inc.",8-K,Thomassen Margrit,Chief Financial Officer,spacy
"Catheter Precision, Inc.",8-K,David Jenkins,Ceo,spacy
TUPPERWARE BRANDS CORP,8-K,Karen M. Sheehan,Vice President,spacy
"Heritage Insurance Holdings, Inc.",8-K,Ernie Garateix,Chief Executive Officer,spacy
"Heritage Insurance Holdings, Inc.",8-K,Kirk Lusk,Chief Executive Officer,spacy
"Heritage Insurance Holdings, Inc.",8-K,Tim Moura,Chief Executive Officer,spacy
"Heritage Insurance Holdings, Inc.",8-K,Sharon Binnun,Chief Executive Officer,spacy
3D SYSTEMS CORP,8-K,Jeffrey Graves,General Counsel,spacy
3D SYSTEMS CORP,8-K,Menno Ellis,Vice President,spacy
3D SYSTEMS CORP,8-K,Andrew M. Johnson,Vice President,spacy
3D SYSTEMS CORP,8-K,Andy Johnson,Cto,spacy
LIVE VENTURES Inc,8-K,Thomas Sedlak,Director,spacy
INTERNATIONAL FLAVORS & FRAGRANCES INC,8-K,Franklin K. Clyburn,Chief Executive Officer,spacy
INTERNATIONAL FLAVORS & FRAGRANCES INC,8-K,J. Erik Fyrwald,Ceo,spacy
INTERNATIONAL FLAVORS & FRAGRANCES INC,8-K,Frank Clyburn,General Counsel,spacy
"MFA FINANCIAL, INC.",8-K,Robert Smith,General Counsel,spacy
"MFA FINANCIAL, INC.",8-K,Vanderbilt Ave,Unknown,spacy
EnerSys,8-K,Andrea J. Funk,Chief Financial Officer,spacy
EnerSys,8-K,Lisa Hartman,Vice President,spacy
"ALPINE 4 HOLDINGS, INC.",8-K,Kent B. Wilson,Chief Executive Officer,spacy
FLEXSTEEL INDUSTRIES INC,8-K,Derek Schmidt,President,spacy
FLEXSTEEL INDUSTRIES INC,8-K,Matt Kaness,Director,spacy
FLEXSTEEL INDUSTRIES INC,8-K,Michael J. Ressler,Director,spacy
FLEXSTEEL INDUSTRIES INC,8-K,Derek P. Schmidt,Chief Financial Officer,spacy
FLEXSTEEL INDUSTRIES INC,8-K,Jerald K. Dittmer,Director,spacy
FLEXSTEEL INDUSTRIES INC,8-K,Jerry Dittmer,Ceo,spacy
FLEXSTEEL INDUSTRIES INC,8-K,Michael Ressler,Director,spacy
FLEXSTEEL INDUSTRIES INC,8-K,Thomas M. Levine,Chairman,spacy
SUPERIOR INDUSTRIES INTERNATIONAL INC,8-K,Deven Petito,Director,spacy
SUPERIOR INDUSTRIES INTERNATIONAL INC,8-K,David Sherbin,Vice President,spacy
Runway Growth Finance Corp.,8-K,Greg Greifeld,Chief Executive Officer,spacy
Runway Growth Finance Corp.,8-K,Stefan Norbom,President,spacy
XOMA Royalty Corp,8-K,Owen Hughes,Director,spacy
XOMA Royalty Corp,8-K,Jack Wyszomierski,Chairman,spacy
XOMA Royalty Corp,8-K,Thomas Burns,Vice President,spacy
"Lemonade, Inc.",8-K,Tim Bixby,Chief Financial Officer,spacy
biote Corp.,8-K,Robert Peterson,Director,spacy
biote Corp.,8-K,Samar Kamdar,Chief Financial Officer,spacy
biote Corp.,8-K,Terry Weber,Chief Executive Officer,spacy
Jaws Mustang Acquisition Corp,8-K,David Helfand,Director,spacy
Fuss Brands Corp.,8-K,Issamar Ginzberg,Director,spacy
Fuss Brands Corp.,8-K,Cheskel Meisels,Chairman,spacy
Fuss Brands Corp.,8-K,Daniel Hirsch,Director,spacy
"Vivakor, Inc.",8-K,Tyler Nelson,Chief Financial Officer,spacy
"Summit Materials, Inc.",8-K,Anne Noonan,President,spacy
NutriBand Inc.,8-K,Gareth Sheridan,Ceo,spacy
NutriBand Inc.,8-K,David Stevens,Chief Commercial Officer,spacy
MBIA INC,8-K,Greg Diamond,Director,spacy
GROUP 1 AUTOMOTIVE INC,8-K,Shelley Washburn,Vice President,spacy
GROUP 1 AUTOMOTIVE INC,8-K,Daryl Kenningham,President,spacy
"ECD Automotive Design, Inc.",8-K,Matt Chesler,Chairman,spacy
Ovintiv Inc.,8-K,Peter Dea,Chairman,spacy
"ADVENT TECHNOLOGIES HOLDINGS, INC.",8-K,Kevin L. Brackman,Director,spacy
BASSETT FURNITURE INDUSTRIES INC,8-K,Peter D. Morrison,Vice President,spacy
BASSETT FURNITURE INDUSTRIES INC,8-K,J. Michael,Vice President,spacy
BASSETT FURNITURE INDUSTRIES INC,8-K,Daniel J. Michael,Vice President,spacy
BASSETT FURNITURE INDUSTRIES INC,8-K,J. Michael Daniel,Vice President,spacy
Israel Acquisitions Corp,8-K,Related Entities,Director,spacy
Sow Good Inc.,8-K,Tim Creed,Director,spacy
Sow Good Inc.,8-K,Edward Shensky,Director,spacy
Zura Bio Ltd,8-K,Kim Davis,Chief Legal Officer,spacy
Zura Bio Ltd,8-K,Neil Graham,Director,spacy
Zura Bio Ltd,8-K,Thiara Sandeep Kulkarni,Director,spacy
Zura Bio Ltd,8-K,Mike Howell,Chairman,spacy
Zura Bio Ltd,8-K,Kiran Nistala,Director,spacy
Zura Bio Ltd,8-K,Gary Whale,Chief Legal Officer,spacy
Zura Bio Ltd,8-K,Verender Badial,Chief Technology Officer,spacy
Zura Bio Ltd,8-K,Robert Lisicki,Chief Technology Officer,spacy
Immunome Inc.,8-K,Max Rosett,Chief Financial Officer,spacy
Immunome Inc.,8-K,Bob Lechleider,Chief Medical Officer,spacy
Immunome Inc.,8-K,Sandra Stoneman,Chief Medical Officer,spacy
Immunome Inc.,8-K,Bruce Turner,Chief Strategy Officer,spacy
Immunome Inc.,8-K,Jack Higgins,Chief Strategy Officer,spacy
Immunome Inc.,8-K,Phil Roberts,Chief Scientific Officer,spacy
"Avenir Wellness Solutions, Inc.",8-K,Nancy Duitch,Chief Executive Officer,spacy
"NKGen Biotech, Inc.",8-K,Vik Mittal,Chief Executive Officer,spacy
UNITEDHEALTH GROUP INC,8-K,Andrew Witty,Chief Executive Officer,spacy
"DELTA AIR LINES, INC.",8-K,Daniel C. Janki,Vice President,spacy
"DELTA AIR LINES, INC.",8-K,Ed Bastian,Chief Executive Officer,spacy
"DELTA AIR LINES, INC.",8-K,Glen Hauenstein,President,spacy
"DELTA AIR LINES, INC.",8-K,Main Cabin,Cto,spacy
"DELTA AIR LINES, INC.",8-K,Dan Janki,Chief Financial Officer,spacy
UNITY BANCORP INC /NJ/,8-K,George Boyan,Cto,spacy
LINDSAY CORP,8-K,Randy A. Wood,Director,spacy
WELLS FARGO & COMPANY/MN,8-K,Charlie Scharf,Chief Executive Officer,spacy
BANK OF AMERICA CORP /DE/,8-K,Rudolf A. Bless,Chief Accounting Officer,spacy
BANK OF AMERICA CORP /DE/,8-K,Brian Moynihan,Ceo,spacy
BANK OF AMERICA CORP /DE/,8-K,Alastair Borthwick,Chief Financial Officer,spacy
JPMORGAN CHASE & CO,8-K,Elena Korablina,Director,spacy
CARTERS INC,8-K,Brian Lynch,President,spacy
CARTERS INC,8-K,Kendra D. Krugman,Vice President,spacy
CARTERS INC,8-K,Michael D. Casey,Chairman,spacy
CARTERS INC,8-K,Kendra Krugman,Vice President,spacy
"Heliogen, Inc.",8-K,Alan Gahm,Chief Financial Officer,spacy
"Heliogen, Inc.",8-K,Wilda Siu,Chief Accounting Officer,spacy
"Heliogen, Inc.",8-K,Kelly Rosser,Chief Accounting Officer,spacy
"Heliogen, Inc.",8-K,Kurada Steps,Cfo,spacy
"Heliogen, Inc.",8-K,Alan Gahm Appointed,Cfo,spacy
KELLANOVA,8-K,Chris Hood,Cto,spacy
KELLANOVA,8-K,John Min,Chief Legal Officer,spacy
KELLANOVA,8-K,Victor Marroquin,President,spacy
MCCORMICK & CO INC,8-K,Freeman A. Hrabowski,Director,spacy
MCCORMICK & CO INC,8-K,Jeffery D. Schwartz,Vice President,spacy
"ROCKY BRANDS, INC.",8-K,Thomas D. Robertson,Chief Operating Officer,spacy
AMERISERV FINANCIAL INC /PA/,8-K,Michael D. Lynch,Cfo,spacy
Prairie Operating Co.,8-K,Gary Hanna,President,spacy
Prairie Operating Co.,8-K,Andrew Haney,President,spacy
Prairie Operating Co.,8-K,Ed Kovalik,Chairman,spacy
"TERADYNE, INC",8-K,Sanjay Mehta,Chief Financial Officer,spacy
"TERADYNE, INC",8-K,Andy Blanchard,Director,spacy
"TERADYNE, INC",8-K,Paul Tufano,Director,spacy
"Acumen Pharmaceuticals, Inc.",8-K,Matthew Zuga,Chief Financial Officer,spacy
MID PENN BANCORP INC,8-K,Jordan D. Space,Chief Operating Officer,spacy
"Zoomcar Holdings, Inc.",8-K,Adarsh Menon,Director,spacy
"Zoomcar Holdings, Inc.",8-K,Bradford Moran,Chief Executive Officer,spacy
"Zoomcar Holdings, Inc.",8-K,Gregory Bradford,Chief Executive Officer,spacy
"Zoomcar Holdings, Inc.",8-K,Deepika Bhan,President,spacy
"Zoomcar Holdings, Inc.",8-K,Rakesh Krishnan,President,spacy
"Zoomcar Holdings, Inc.",8-K,Hari Kumar,President,spacy
"Zoomcar Holdings, Inc.",8-K,Ankush Wadehra,Vice President,spacy
"Rackspace Technology, Inc.",8-K,Amar Maletira,Chief Executive Officer,spacy
"Rackspace Technology, Inc.",8-K,Mark Marino,Chief Financial Officer,spacy
"Rackspace Technology, Inc.",8-K,Kelly Teal,Vice President,spacy
REGAL REXNORD CORP,8-K,Robert J. Rehard,Vice President,spacy
"P2 Solar, Inc.",8-K,Sham Sunder,Director,spacy
"P2 Solar, Inc.",8-K,Sham Dhari,Director,spacy
"CarGurus, Inc.",8-K,Andrea Eldridge,Director,spacy
TD SYNNEX CORP,8-K,Fred Breidenbach,Director,spacy
TD SYNNEX CORP,8-K,Matthew Miau,Director,spacy
TD SYNNEX CORP,8-K,David Vetter,Chief Legal Officer,spacy
TD SYNNEX CORP,8-K,Ting Herh,Director,spacy
TD SYNNEX CORP,8-K,Claude Pumilia,Cto,spacy
TD SYNNEX CORP,8-K,Ann Vezina,Director,spacy
APA Corp,8-K,Rajesh Sharma,Corporate Secretary,spacy
TopBuild Corp,8-K,Steven P. Raia,Director,spacy
TopBuild Corp,8-K,Robert M. Buck,President,spacy
TopBuild Corp,8-K,Jeffrey M. Krestancic,President,spacy
Hennessy Capital Investment Corp. VI,8-K,Daniel Hennessy,Chairman,spacy
Hennessy Capital Investment Corp. VI,8-K,Daniel Zlotnisky,Cto,spacy
Yong Bai Chao New Retail Corp,8-K,Min Zhang,Chief Financial Officer,spacy
Yong Bai Chao New Retail Corp,8-K,Yong Bai Chao,Chief Financial Officer,spacy
Yong Bai Chao New Retail Corp,8-K,Jianbao Huang,Director,spacy
Yong Bai Chao New Retail Corp,8-K,Yanying Feng,Director,spacy
Yong Bai Chao New Retail Corp,8-K,Zhengpeng Lu,Director,spacy
Yong Bai Chao New Retail Corp,8-K,Li Yang,Director,spacy
Yong Bai Chao New Retail Corp,8-K,Zhenpeng Lu,Director,spacy
CHS INC,8-K,Jay Debertin,Coo,spacy
CHS INC,8-K,Mark Orr,Coo,spacy
Bitech Technologies Corp,8-K,Benjamin Tran,Chairman,spacy
CITIGROUP INC,8-K,Jane Fraser,Ceo,spacy
UNIFIRST CORP,8-K,Michael Iandoli,Director,spacy
UNIFIRST CORP,8-K,Joseph M. Nowicki,Director,spacy
SIEBERT FINANCIAL CORP,8-K,John J. Gebbia,Chief Executive Officer,spacy
SIEBERT FINANCIAL CORP,8-K,Andrew H. Reich,Chief Executive Officer,spacy
INCOME OPPORTUNITY REALTY INVESTORS INC /TX/,8-K,Robert A. Jakuszewski,Director,spacy
INCOME OPPORTUNITY REALTY INVESTORS INC /TX/,8-K,Fernando Victor Lara Celis,Director,spacy
Bravo Multinational Inc.,8-K,Booth Blvd,Coo,spacy
Bravo Multinational Inc.,8-K,Kayla Slick,Coo,spacy
Bravo Multinational Inc.,8-K,Kyala Slick,Coo,spacy
"DORCHESTER MINERALS, L.P.",8-K,Bradley J. Ehrman,Chief Executive Officer,spacy
"C3.ai, Inc.",8-K,Guy Wanger,Chief Administrative Officer,spacy
"C3.ai, Inc.",8-K,Thomas M. Siebel,Chief Executive Officer,spacy
MICRON TECHNOLOGY INC,8-K,Cheryl Nelson,Vice President,spacy
"Lightning eMotors, Inc.",8-K,Kelly Lanham,Coo,spacy
"Lightning eMotors, Inc.",8-K,Tim Reeser,Coo,spacy
"Lightning eMotors, Inc.",8-K,Craig Huth,Coo,spacy
"Lightning eMotors, Inc.",8-K,Heath Morrison,Coo,spacy
"Lightning eMotors, Inc.",8-K,Glen Perlman,Coo,spacy
"Lightning eMotors, Inc.",8-K,Trent Yang,Coo,spacy
"Lightning eMotors, Inc.",8-K,Thaddeus Senko,Coo,spacy
"Lightning eMotors, Inc.",8-K,Diana Tremblay,Coo,spacy
"Lightning eMotors, Inc.",8-K,Kenneth Jack,Coo,spacy
"Lightning eMotors, Inc.",8-K,Zalmon Uvaydov,Director,spacy
"Lightning eMotors, Inc.",8-K,William M. Alleman,Unknown,spacy
"Lightning eMotors, Inc.",8-K,Neil Miotto,Unknown,spacy
"Lightning eMotors, Inc.",8-K,Brad Weightman,Unknown,spacy
"Lightning eMotors, Inc.",8-K,John J. Mikulsky,Unknown,spacy
"Lightning eMotors, Inc.",8-K,Teresa P.,Coo,spacy
Versus Systems Inc.,8-K,Juan Carlos Barrera,Director,spacy
Versus Systems Inc.,8-K,Keyvan Peymani,Director,spacy
Versus Systems Inc.,8-K,David Catzel,Director,spacy
Repare Therapeutics Inc.,8-K,Lloyd M. Segal,President,spacy
Repare Therapeutics Inc.,8-K,Morpheus Lung,Director,spacy
Repare Therapeutics Inc.,8-K,Susan M. Molineaux,Director,spacy
Repare Therapeutics Inc.,8-K,Robin Garner,Vice President,spacy
Horizon Technology Finance Corp,8-K,Robert D. Pomeroy,Chief Executive Officer,spacy
TERAWULF INC.,8-K,Christopher Allen Jarvis,Director,spacy
TERAWULF INC.,8-K,Amanda Fabiano,Director,spacy
TERAWULF INC.,8-K,Christopher Jarvis,Director,spacy
TERAWULF INC.,8-K,Jason New,Chairman,spacy
TERAWULF INC.,8-K,Chris Jarvis,Director,spacy
TERAWULF INC.,8-K,Jason Assad,Cto,spacy
YIJIA GROUP CORP.,8-K,Qiuping Lu,Director,spacy
YIJIA GROUP CORP.,8-K,Steve Niu,Cfo,spacy
"Knightscope, Inc.",8-K,Mallorie Burak,President,spacy
"Knightscope, Inc.",8-K,William Santana,Chief Executive Officer,spacy
NETSTREIT Corp.,8-K,Daniel Donlan,Chief Financial Officer,spacy
NETSTREIT Corp.,8-K,Christina T. Roupas,Coo,spacy
NETSTREIT Corp.,8-K,Elizabeth Alvarez Print,Treasurer,spacy
NETSTREIT Corp.,8-K,Hicham Hamdouch Print,Director,spacy
Braemar Hotels & Resorts Inc.,8-K,Eligible Holder,Director,spacy
Athene Holding Ltd.,8-K,Martin P. Klein,Vice President,spacy
HOLOGIC INC,8-K,Namal Nawana,Director,spacy
HOLOGIC INC,8-K,John M. Griffin,General Counsel,spacy
"ROCKWELL AUTOMATION, INC",8-K,Frank Kulaszewicz,Vice President,spacy
COLUMBUS MCKINNON CORP,8-K,Heath Mitts,Director,spacy
"Voya Financial, Inc.",8-K,Robert Leary,Director,spacy
Microbot Medical Inc.,8-K,Harel Gadot,President,spacy
"NEWMARK GROUP, INC.",8-K,Participating Holders,Unknown,spacy
"NEWMARK GROUP, INC.",8-K,Participating Holder,Unknown,spacy
"NEWMARK GROUP, INC.",8-K,Ali Malik,Director,spacy
"Beachbody Company, Inc.",8-K,Kush Desai,Vice President,spacy
"Beachbody Company, Inc.",8-K,Marc Suidan,Cfo,spacy
"Beachbody Company, Inc.",8-K,Kevin Genda,Cfo,spacy
"Candel Therapeutics, Inc.",8-K,Jason A. Amello,Chief Financial Officer,spacy
"Candel Therapeutics, Inc.",8-K,Charles Schoch,Director,spacy
"TENAX THERAPEUTICS, INC.",8-K,Eliot M. Lurier,Cto,spacy
"TENAX THERAPEUTICS, INC.",8-K,Christopher T. Giordano,President,spacy
BTCS Inc.,8-K,Charles Allen,Director,spacy
BTCS Inc.,8-K,Manish Paranjape,Director,spacy
BTCS Inc.,8-K,Michael Prevoznik,Director,spacy
"SurgePays, Inc.",8-K,Jeremy Gies,President,spacy
CNH Industrial N.V.,8-K,Derek Neilson,Chief Executive Officer,spacy
CNH Industrial N.V.,8-K,Fritz Eichler,Chief Executive Officer,spacy
CNH Industrial N.V.,8-K,Kevin Barr,Unknown,spacy
CNH Industrial N.V.,8-K,Kelly Manley,Unknown,spacy
CNH Industrial N.V.,8-K,Marc Kermisch,Chief Financial Officer,spacy
CNH Industrial N.V.,8-K,Tom Verbaeten,Chief Technology Officer,spacy
"TKO Group Holdings, Inc.",8-K,Seth Krauss,Unknown,spacy
ONTO INNOVATION INC.,8-K,Karen M. Rogge,Director,spacy
BEACON ROOFING SUPPLY INC,8-K,Carmelo Carrubba,Chief Financial Officer,spacy
BEACON ROOFING SUPPLY INC,8-K,Frank A. Lonegro,Vice President,spacy
TEXAS INSTRUMENTS INC,8-K,Kyle M. Flessner,Director,spacy
TEXAS INSTRUMENTS INC,8-K,Cynthia Hoff,Vice President,spacy
"Utz Brands, Inc.",8-K,Eric Aumen,Chief Financial Officer,spacy
Grayscale Bitcoin Trust ETF,8-K,Michael Sonnenshein,Chief Executive Officer,spacy
"HA Sustainable Infrastructure Capital, Inc.",8-K,Steven L. Chuslo,Vice President,spacy
"Staffing 360 Solutions, Inc.",8-K,Baker Tilly,Director,spacy
"Staffing 360 Solutions, Inc.",8-K,Melanie Grossman,Director,spacy
"Fortune Brands Innovations, Inc.",8-K,John G. Morikis,Director,spacy
"T-Mobile US, Inc.",8-K,Peter Osvaldik,Vice President,spacy
"T-Mobile US, Inc.",8-K,Daniel J. Bursky,General Counsel,spacy
"Hyperscale Data, Inc.",8-K,Milton C. Ault,Director,spacy
"Hyperscale Data, Inc.",8-K,Henry Nisser,President,spacy
MESABI TRUST,8-K,Sebastian Hidalgo,Vice President,spacy
MANNATECH INC,8-K,David A. Johnson,Director,spacy
MANNATECH INC,8-K,Landen Fredrick,Chief Financial Officer,spacy
MANNATECH INC,8-K,Killian Fredrick,Director,spacy
MANNATECH INC,8-K,Alfredo Bala,Chief Executive Officer,spacy
"Onconetix, Inc.",8-K,Neil Campbell,Director,spacy
"LIFECORE BIOMEDICAL, INC. \DE\",8-K,Listing Rule,Cto,spacy
"LIFECORE BIOMEDICAL, INC. \DE\",8-K,John D. Morberg,Chief Financial Officer,spacy
"WISA TECHNOLOGIES, INC.",8-K,Brett Moyer,President,spacy
WILLIAMS SONOMA INC,8-K,Marta Benson,Chief Executive Officer,spacy
WILLIAMS SONOMA INC,8-K,Monica Bhargava,President,spacy
WILLIAMS SONOMA INC,8-K,Jennifer Kellor,President,spacy
ELUTIA INC.,8-K,Matthew Ferguson,Chief Financial Officer,spacy
ELUTIA INC.,8-K,Jeffrey D.,Vice President,spacy
PennantPark Floating Rate Capital Ltd.,8-K,Richard T. Allorto,Chief Financial Officer,spacy
4Front Ventures Corp.,8-K,Leonid Gontmakher,Director,spacy
4Front Ventures Corp.,8-K,Andrew Thut,Director,spacy
KILROY REALTY CORP,8-K,Taylor Friend,Vice President,spacy
"Nxu, Inc.",8-K,Mark Hanchett,Chief Executive Officer,spacy
AGRIFORCE GROWING SYSTEMS LTD.,8-K,Richard Wong,Chief Executive Officer,spacy
"Fat Brands, Inc",8-K,Kenneth J. Kuick,Chief Financial Officer,spacy
"MedMen Enterprises, Inc.",8-K,Kimble Cannon,General Counsel,spacy
"MedMen Enterprises, Inc.",8-K,Ellen Deutsch Harrison,Ceo,spacy
"MedMen Enterprises, Inc.",8-K,Vegas Retail,Cto,spacy
"MedMen Enterprises, Inc.",8-K,Eivan Shahara Eivan,Ceo,spacy
LIQTECH INTERNATIONAL INC,8-K,Simon Stadil,Director,spacy
HWH International Inc.,8-K,Heng Fai,Director,spacy
HWH International Inc.,8-K,Wong Shui Yeung,Director,spacy
HWH International Inc.,8-K,Wong Tat Keung,Director,spacy
HWH International Inc.,8-K,Ambrose Chan,Chief Executive Officer,spacy
HWH International Inc.,8-K,Shui Yeung,Director,spacy
HWH International Inc.,8-K,William Wu,Director,spacy
HWH International Inc.,8-K,Tat Keung,Director,spacy
HWH International Inc.,8-K,Independence Certain,Director,spacy
HWH International Inc.,8-K,Anthony Chan,Chairman,spacy
HWH International Inc.,8-K,Danny Lim,Chairman,spacy
HWH International Inc.,8-K,Liaw Wei Sheng,Chief Financial Officer,spacy
HWH International Inc.,8-K,Adam Tan,Chief Operating Officer,spacy
HWH International Inc.,8-K,Darrin Ocasio,Chief Executive Officer,spacy
HWH International Inc.,8-K,Chan Heng Fai,Chairman,spacy
INNOVATIVE FOOD HOLDINGS INC,8-K,Robert William Bennett,Chief Executive Officer,spacy
INNOVATIVE FOOD HOLDINGS INC,8-K,Bill Bennett,Ceo,spacy
INNOVATIVE FOOD HOLDINGS INC,8-K,Gary Schubert,Chief Financial Officer,spacy
Terreno Realty Corp,8-K,John T. Meyer,Director,spacy
"Getaround, Inc",8-K,Spencer Jackson,General Counsel,spacy
"Global Business Travel Group, Inc.",8-K,Michael Gregory,Director,spacy
"Mobile Global Esports, Inc.",8-K,Kiki Benson,Director,spacy
"Mobile Global Esports, Inc.",8-K,Mark J. Keeley,Cfo,spacy
PRUDENTIAL FINANCIAL INC,8-K,Overall Progress,Director,spacy
SSR MINING INC.,8-K,Alex Hunchak,Vice President,spacy
SSR MINING INC.,8-K,Michael J. Sparks,Vice President,spacy
SSR MINING INC.,8-K,F. Edward Farid,Vice President,spacy
DYNATRONICS CORP,8-K,Brian M. Larkin,Chairman,spacy
DYNATRONICS CORP,8-K,Andrew Hulett,Chairman,spacy
"5E Advanced Materials, Inc.",8-K,Susan Brennan,President,spacy
"5E Advanced Materials, Inc.",8-K,Davis Snyder,Chief Marketing Officer,spacy
"Ryman Hospitality Properties, Inc.",8-K,Mark Fioravanti,President,spacy
"Ryman Hospitality Properties, Inc.",8-K,Shannon Sullivan,President,spacy
"Ryman Hospitality Properties, Inc.",8-K,Jennifer Hutcheson,Chief Financial Officer,spacy
"Ryman Hospitality Properties, Inc.",8-K,Sarah Martin,Vice President,spacy
"Ryman Hospitality Properties, Inc.",8-K,Robert Winters,Chief Financial Officer,spacy
FB Financial Corp,8-K,Michael M. Mettee,Chief Financial Officer,spacy
FB Financial Corp,8-K,Christopher T. Holmes,President,spacy
FB Financial Corp,8-K,Michael Mettee,Chief Financial Officer,spacy
FIRSTSUN CAPITAL BANCORP,8-K,Mollie Hale Carter,Chairman,spacy
FIRSTSUN CAPITAL BANCORP,8-K,Neal Arnold,Chairman,spacy
FIRSTSUN CAPITAL BANCORP,8-K,Mark Mason,Chairman,spacy
FIRSTSUN CAPITAL BANCORP,8-K,Keefe Bruyette,Director,spacy
FIRSTSUN CAPITAL BANCORP,8-K,Mark K. Mason,Ceo,spacy
FIRSTSUN CAPITAL BANCORP,8-K,Rob Cafera,Ceo,spacy
FIRSTSUN CAPITAL BANCORP,8-K,John Michel,Ceo,spacy
FIRSTSUN CAPITAL BANCORP,8-K,Robert A. Cafera,Ceo,spacy
FIRSTSUN CAPITAL BANCORP,8-K,I. Mark K. Mason,Ceo,spacy
FIRSTSUN CAPITAL BANCORP,8-K,Mollie H. Carter,Chairman,spacy
"HomeStreet, Inc.",8-K,John M. Michel,Vice President,spacy
"PNC FINANCIAL SERVICES GROUP, INC.",8-K,Bill Demchak,Chairman,spacy
"PNC FINANCIAL SERVICES GROUP, INC.",8-K,Robert Q. Reilly,Chairman,spacy
KALTURA INC,8-K,Yaron Garmazi,Director,spacy
KALTURA INC,8-K,John Doherty,Director,spacy
KALTURA INC,8-K,Michal Tsur,President,spacy
KALTURA INC,8-K,Ron Yekutiel,Chairman,spacy
KALTURA INC,8-K,Dear John,Chief Financial Officer,spacy
Amerant Bancorp Inc.,8-K,Jeffrey A. Lehman,Chief Financial Officer,spacy
Amerant Bancorp Inc.,8-K,Sharymar Calderon,Chief Financial Officer,spacy
GUARANTY BANCSHARES INC /TX/,8-K,Ty Abston,Chairman,spacy
"Adicet Bio, Inc.",8-K,Nick Harvey,Chief Financial Officer,spacy
"Adicet Bio, Inc.",8-K,Chen Schor,Chief Medical Officer,spacy
"Adicet Bio, Inc.",8-K,Don Healey,Chief Medical Officer,spacy
"Adicet Bio, Inc.",8-K,Blake Aftab,Chief Medical Officer,spacy
"Adicet Bio, Inc.",8-K,Amy Locke,President,spacy
"Adicet Bio, Inc.",8-K,Nancy Boman,Chief Financial Officer,spacy
LEGGETT & PLATT INC,8-K,Cassie J. Branscum,Vice President,spacy
LEGGETT & PLATT INC,8-K,Mitch Dolloff,President,spacy
LEGGETT & PLATT INC,8-K,Cassie Branscum,Vice President,spacy
Restaurant Brands International Limited Partnership,8-K,Tom Curtis,President,spacy
Restaurant Brands International Limited Partnership,8-K,Deborah Derby,President,spacy
Restaurant Brands International Limited Partnership,8-K,Josh Kobza,Ceo,spacy
RF Acquisition Corp.,8-K,Ng Tse Meng,Chairman,spacy
"PARKS AMERICA, INC",8-K,Lisa Brady,Director,spacy
GOLDMAN SACHS GROUP INC,8-K,David Solomon,Chairman,spacy
"IDEANOMICS, INC.",8-K,Ben Wu,General Counsel,spacy
"IDEANOMICS, INC.",8-K,Benjamin Wu,General Counsel,spacy
"IDEANOMICS, INC.",8-K,Jason Lucas,General Counsel,spacy
"IDEANOMICS, INC.",8-K,Mukim Sungai Karang,Cto,spacy
"IDEANOMICS, INC.",8-K,Kawasan Perindustrian Gebeng,Cto,spacy
"IDEANOMICS, INC.",8-K,Daerah Kuantan,Cto,spacy
"IDEANOMICS, INC.",8-K,Negeri Pahang,Cto,spacy
"IDEANOMICS, INC.",8-K,Majid Manjit,Director,spacy
"IDEANOMICS, INC.",8-K,Bin Abdullah,Director,spacy
"IDEANOMICS, INC.",8-K,Chin Keong,Director,spacy
"IDEANOMICS, INC.",8-K,James Dermott Mackie,Unknown,spacy
"Rafael Holdings, Inc.",8-K,Susan Y. Bernstein,Cto,spacy
AERWINS Technologies Inc.,8-K,Kiran Sidhu,Chief Executive Officer,spacy
"Axil Brands, Inc.",8-K,Jeff Toghraie,Chief Executive Officer,spacy
ANSYS INC,8-K,Ajei Gopal,President,spacy
"PATTERSON COMPANIES, INC.",8-K,Les B. Korsh,Chief Legal Officer,spacy
"V2X, Inc.",8-K,Kevin T. Boyle,Chief Legal Officer,spacy
"MARA Holdings, Inc.",8-K,Fred Thiel,Chairman,spacy
"MARA Holdings, Inc.",8-K,Salman Khan,Chief Financial Officer,spacy
NORDSON CORP,8-K,Christopher L. Mapes,Director,spacy
NORDSON CORP,8-K,Christopher Mapes,Vice President,spacy
NORDSON CORP,8-K,Michael J. Merriman,Director,spacy
NORDSON CORP,8-K,Mary Puma,Director,spacy
RENOVARO INC.,8-K,Mark Dybul,Ceo,spacy
3M CO,8-K,Michael M. Dai,Vice President,spacy
Applied Digital Corp.,8-K,Wes Cummins,Chairman,spacy
SYNOPSYS INC,8-K,John F. Runkel,General Counsel,spacy
MORGAN STANLEY,8-K,Ted Pick,Chief Executive Officer,spacy
MORGAN STANLEY,8-K,James Gorman,Chairman,spacy
MORGAN STANLEY,8-K,Andy Saperstein,Chairman,spacy
MORGAN STANLEY,8-K,Dan Simkowitz,Chairman,spacy
GOODYEAR TIRE & RUBBER CO /OH/,8-K,Daniel T. Young,Unknown,spacy
"EYENOVIA, INC.",8-K,Michael Rowe,Chief Executive Officer,spacy
"EYENOVIA, INC.",8-K,John Gandolfo,Chief Financial Officer,spacy
"EYENOVIA, INC.",8-K,Norbert Lowe,Vice President,spacy
"Alternus Clean Energy, Inc.",8-K,Karl Andersen,Director,spacy
AgEagle Aerial Systems Inc.,8-K,Grant Begley,Chairman,spacy
"BullFrog AI Holdings, Inc.",8-K,Vininder Singh Vininder,Chief Executive Officer,spacy
"BullFrog AI Holdings, Inc.",8-K,Vin Singh,Ceo,spacy
FIRST CITIZENS BANCSHARES INC /DE/,8-K,Gregory L. Smith,Unknown,spacy
FIRST CITIZENS BANCSHARES INC /DE/,8-K,Deanna Hart,Unknown,spacy
FIRST CITIZENS BANCSHARES INC /DE/,8-K,Barbara Thompson,Unknown,spacy
"NextTrip, Inc.",8-K,Bill Kerby,Chairman,spacy
"NextTrip, Inc.",8-K,William Kerby,Chief Executive Officer,spacy
"NextTrip, Inc.",8-K,Chris Tyson,Cto,spacy
"InterDigital, Inc.",8-K,Joshua D. Schmidt,Chief Legal Officer,spacy
GLOBAL PARTNERS LP,8-K,Sean T. Geary,Chief Legal Officer,spacy
Compass Diversified Holdings,8-K,Elias Sabo,Ceo,spacy
VOXX International Corp,8-K,Pat Lavelle,Chief Executive Officer,spacy
VOXX International Corp,8-K,Charles M. Stoehr,Vice President,spacy
VOXX International Corp,8-K,Michael Stoehr,Chief Executive Officer,spacy
"Yext, Inc.",8-K,Michael Walrath,Director,spacy
"Yext, Inc.",8-K,Ho Shin,General Counsel,spacy
"Amprius Technologies, Inc.",8-K,Kang Sun,Chief Executive Officer,spacy
"GRI Bio, Inc.",8-K,Marc Hertz,Chief Executive Officer,spacy
"GRI Bio, Inc.",8-K,Vipin Kumar,Chief Executive Officer,spacy
SANDRIDGE ENERGY INC,8-K,Brandon Brown,Vice President,spacy
Mawson Infrastructure Group Inc.,8-K,Rahul Mewawalla,Ceo,spacy
Mawson Infrastructure Group Inc.,8-K,Sandy Harrison,Chief Financial Officer,spacy
MERCANTILE BANK CORP,8-K,Ray Reitsma,President,spacy
MERCANTILE BANK CORP,8-K,Robert B. Kaminski,President,spacy
BranchOut Food Inc.,8-K,John Dalfonsi,Director,spacy
BranchOut Food Inc.,8-K,Carmen Loop,Chief Executive Officer,spacy
MYRIAD GENETICS INC,8-K,Surgeon Urologist Genetic,Unknown,spacy
MYRIAD GENETICS INC,8-K,Pedram Razavi,Director,spacy
Johnson Controls International plc,8-K,Olivier Leonetti,Cto,spacy
Johnson Controls International plc,8-K,Marc Vandiepenbeeck,Vice President,spacy
Johnson Controls International plc,8-K,George Oliver,Chairman,spacy
ORAGENICS INC,8-K,Michael Redmond,President,spacy
ORAGENICS INC,8-K,Joseph Michael Redmond,President,spacy
ORAGENICS INC,8-K,Nancy New,Director,spacy
ORAGENICS INC,8-K,Janet Huffman,Chief Financial Officer,spacy
Next Technology Holding Inc.,8-K,Nan Ding,Director,spacy
Next Technology Holding Inc.,8-K,Lichen Dong Post,Chairman,spacy
"Vaxart, Inc.",8-K,Andrei Floroiu,President,spacy
"Vaxart, Inc.",8-K,Michael J. Finney,Chief Executive Officer,spacy
"Vaxart, Inc.",8-K,David Wheadon,Director,spacy
"Starco Brands, Inc.",8-K,Ross Sklar,Ceo,spacy
"Starco Brands, Inc.",8-K,Deeper Dive,Ceo,spacy
Altisource Asset Management Corp,8-K,Luxor Spectrum,Director,spacy
Altisource Asset Management Corp,8-K,Nathaniel Redleaf,Director,spacy
Altisource Asset Management Corp,8-K,Richard G. Rodick,Chief Financial Officer,spacy
Altisource Asset Management Corp,8-K,Nathanel Redleaf,Director,spacy
Altisource Asset Management Corp,8-K,William Erbey,Chairman,spacy
HORIZON BANCORP INC /IN/,8-K,Craig M. Dwight,Chairman,spacy
EVOME MEDICAL TECHNOLOGIES INC.,8-K,Kyle Wilks,Director,spacy
EVOME MEDICAL TECHNOLOGIES INC.,8-K,Mike Seckler,Director,spacy
AMETEK INC/,8-K,William J. Burke,Vice President,spacy
AMETEK INC/,8-K,Dalip M. Puri,Vice President,spacy
"AMERIGUARD SECURITY SERVICES, INC.",8-K,Jason Bovell,Director,spacy
"AMERIGUARD SECURITY SERVICES, INC.",8-K,Mike Goossen,Director,spacy
InMed Pharmaceuticals Inc.,8-K,Eric A. Adams,President,spacy
SEAFARER EXPLORATION CORP,8-K,Tim Reynolds,Cto,spacy
"Cryomass Technologies, Inc.",8-K,Kevin Ahaesy,Chief Executive Officer,spacy
HANCOCK WHITNEY CORP,8-K,John M. Hairston,President,spacy
HANCOCK WHITNEY CORP,8-K,Michael M. Achary,Chief Financial Officer,spacy
"Transcode Therapeutics, Inc.",8-K,Robert Michael Dudley,Chief Executive Officer,spacy
"Transcode Therapeutics, Inc.",8-K,Thomas A. Fitzgerald,President,spacy
"Transcode Therapeutics, Inc.",8-K,Phillippe Calais,Chairman,spacy
"Transcode Therapeutics, Inc.",8-K,Tom Fitzgerald,Cfo,spacy
FULLNET COMMUNICATIONS INC,8-K,Jason Ayers,President,spacy
FULLNET COMMUNICATIONS INC,8-K,Roger P. Baresel,Chief Executive Officer,spacy
NN INC,8-K,Harold Bevis,President,spacy
NN INC,8-K,Michael Felcher,President,spacy
NN INC,8-K,Worm Shafts,Cto,spacy
NN INC,8-K,Shields Smart,Cto,spacy
FARO TECHNOLOGIES INC,8-K,Peter Lau,President,spacy
FARO TECHNOLOGIES INC,8-K,Matthew Horwath,Chief Financial Officer,spacy
"Leopard Energy, Inc.",8-K,Luca Benedetto,President,spacy
SURO CAPITAL CORP.,8-K,Mark Klein,Chairman,spacy
REALTY INCOME CORP,8-K,Jonathan Pong,Vice President,spacy
REALTY INCOME CORP,8-K,Bianca Martinez,Vice President,spacy
Blue Owl Capital Corp III,8-K,Logan Nicholson,President,spacy
Blue Owl Capital Corp III,8-K,Craig Packer,President,spacy
"Sixth Street Specialty Lending, Inc.",8-K,Ian Simmonds,Chief Financial Officer,spacy
"Sixth Street Specialty Lending, Inc.",8-K,Joshua Peck,Cto,spacy
"10x Genomics, Inc.",8-K,James Wilbur,Director,spacy
Monster Beverage Corp,8-K,Rodney Sacks,Chief Executive Officer,spacy
Monster Beverage Corp,8-K,Hilton Schlosberg,Chief Executive Officer,spacy
Monster Beverage Corp,8-K,Hilton H. Schlosberg,Chairman,spacy
NICOLET BANKSHARES INC,8-K,Mike Daniels,Chairman,spacy
NICOLET BANKSHARES INC,8-K,Bob Atwell,Chairman,spacy
MASIMO CORP,8-K,Robert A. Chapek,Director,spacy
MASIMO CORP,8-K,Chapek Joins,Director,spacy
MASIMO CORP,8-K,Bob Chapek,Director,spacy
BIG 5 SPORTING GOODS Corp,8-K,Barry D. Emerson,Vice President,spacy
BIG 5 SPORTING GOODS Corp,8-K,Jeff Sonnek,Vice President,spacy
BIG 5 SPORTING GOODS Corp,8-K,Steven G. Miller,Chairman,spacy
Definitive Healthcare Corp.,8-K,Craig Hazenfield,Coo,spacy
Definitive Healthcare Corp.,8-K,Robert Musslewhite,Chief Executive Officer,spacy
Definitive Healthcare Corp.,8-K,Jason Krantz,Chief Executive Officer,spacy
Definitive Healthcare Corp.,8-K,Richard Booth,Chief Financial Officer,spacy
Definitive Healthcare Corp.,8-K,Matt Ruderman,Chief Legal Officer,spacy
Definitive Healthcare Corp.,8-K,Transition Jason Krantz,Ceo,spacy
"DOCUSIGN, INC.",8-K,Inhi Suh,Cto,spacy
"DOCUSIGN, INC.",8-K,Blake Grayson,Chief Financial Officer,spacy
"DOCUSIGN, INC.",8-K,Robert Chatwani,Chief Financial Officer,spacy
"DOCUSIGN, INC.",8-K,James Shaughnessy,Chief Financial Officer,spacy
"DOCUSIGN, INC.",8-K,Stephen Shute,Chief Financial Officer,spacy
"DOCUSIGN, INC.",8-K,Inhi Cho Suh,President,spacy
"DOCUSIGN, INC.",8-K,James P. Shaughnessy,Chief Legal Officer,spacy
"DOCUSIGN, INC.",8-K,Voluntary Assistance,Director,spacy
"DOCUSIGN, INC.",8-K,Inhi Cho,Chief Legal Officer,spacy
"Phillips Edison & Company, Inc.",8-K,Jennifer L. Robison,Chief Accounting Officer,spacy
INTEST CORP,8-K,Nick Grant,President,spacy
INTEST CORP,8-K,Michael Goodrich,President,spacy
"Digital Brands Group, Inc.",8-K,Hil Davis,Chief Executive Officer,spacy
"Digital Brands Group, Inc.",8-K,John Hilburn Davis,President,spacy
CoJax Oil & Gas Corp,8-K,Barrett Wellman,Director,spacy
CoJax Oil & Gas Corp,8-K,Will Downs,Chairman,spacy
"Mirum Pharmaceuticals, Inc.",8-K,Peter Radovich,Director,spacy
"Mirum Pharmaceuticals, Inc.",8-K,Christopher Peetz,Chief Operating Officer,spacy
"EXICURE, INC.",8-K,Paul Kang,Chief Executive Officer,spacy
"InPoint Commercial Real Estate Income, Inc.",8-K,Catherine L. Lynch,Chief Financial Officer,spacy
IMPINJ INC,8-K,Chris Diorio,Chief Executive Officer,spacy
IMPINJ INC,8-K,Cary Baker,Ceo,spacy
"Vera Bradley, Inc.",8-K,Jackie Ardrey,Director,spacy
"Vera Bradley, Inc.",8-K,Carrie Tharp,Director,spacy
"Vera Bradley, Inc.",8-K,Mark C. Dely,Chief Administrative Officer,spacy
"Vera Bradley, Inc.",8-K,Barbara Bradley Baekgaard,Ceo,spacy
"Vera Bradley, Inc.",8-K,Robert J. Hall,Ceo,spacy
"Vera Bradley, Inc.",8-K,Mary Lou Kelley,Chairman,spacy
"Vera Bradley, Inc.",8-K,Frances P. Philip,Chairman,spacy
MANITOWOC CO INC,8-K,Ryan M. Gwillim,Director,spacy
"FingerMotion, Inc.",8-K,Martin Shen,Ceo,spacy
MID AMERICA APARTMENT COMMUNITIES INC.,8-K,Albert M. Campbell,Vice President,spacy
"Reborn Coffee, Inc.",8-K,Farooq Arjomand,Chairman,spacy
"NEXGEL, INC.",8-K,Miranda J. Toledano,Cto,spacy
"NewHydrogen, Inc.",8-K,Steve Hill,Chief Executive Officer,spacy
"NewHydrogen, Inc.",8-K,Ben Emerson,Chief Executive Officer,spacy
"Volato Group, Inc.",8-K,Matthew Liotta,Chief Executive Officer,spacy
"Volato Group, Inc.",8-K,Keith Rabin,Chief Executive Officer,spacy
"Inhibikase Therapeutics, Inc.",8-K,Joseph Frattaroli,Director,spacy
"Inhibikase Therapeutics, Inc.",8-K,Milton Werner,President,spacy
"Inhibikase Therapeutics, Inc.",8-K,Milton H. Werner,President,spacy
SAN JUAN BASIN ROYALTY TRUST,8-K,Ross C. Durr,Vice President,spacy
SAN JUAN BASIN ROYALTY TRUST,8-K,Ross Durr,Vice President,spacy
SAN JUAN BASIN ROYALTY TRUST,8-K,Kaye Wilke,Vice President,spacy
"CHARLES RIVER LABORATORIES INTERNATIONAL, INC.",8-K,William D. Barbo,Vice President,spacy
"CHARLES RIVER LABORATORIES INTERNATIONAL, INC.",8-K,Matthew L. Daniel,Vice President,spacy
Yuenglings Ice Cream Corp,8-K,Bonnie Berkoski,President,spacy
Yuenglings Ice Cream Corp,8-K,Original Assignor,President,spacy
Yuenglings Ice Cream Corp,8-K,Robert C. Bohorad,President,spacy
DELUXE CORP,8-K,Michael Reed,Director,spacy
PROGRESS SOFTWARE CORP /MA,8-K,Yogesh Gupta,Ceo,spacy
PROGRESS SOFTWARE CORP /MA,8-K,Anthony Folger,Cfo,spacy
COMPASS MINERALS INTERNATIONAL INC,8-K,Kevin Crutchfield,President,spacy
COMPASS MINERALS INTERNATIONAL INC,8-K,Edward C. Dowling,President,spacy
COMPASS MINERALS INTERNATIONAL INC,8-K,Rich Dealy,Director,spacy
COMPASS MINERALS INTERNATIONAL INC,8-K,Joe Reece,Chairman,spacy
URANIUM ENERGY CORP,8-K,Amir Adnani,President,spacy
URANIUM ENERGY CORP,8-K,Andrew Kurrus,Vice President,spacy
URANIUM ENERGY CORP,8-K,Pat Obara,Chief Financial Officer,spacy
FULTON FINANCIAL CORP,8-K,Curtis J. Myers,Chairman,spacy
PINNACLE FINANCIAL PARTNERS INC,8-K,M. Terry Turner,President,spacy
PLEXUS CORP,8-K,Patrick J. Jermain,Vice President,spacy
"BIMINI CAPITAL MANAGEMENT, INC.",8-K,G. Hunter Haas,Director,spacy
PURE CYCLE CORP,8-K,Marc Spezialy,Cfo,spacy
PURE CYCLE CORP,8-K,Patrick J. Beirne,Director,spacy
PURE CYCLE CORP,8-K,Peter C. Howell,Director,spacy
PURE CYCLE CORP,8-K,Jeffrey G. Sheets,Director,spacy
PURE CYCLE CORP,8-K,J. Abel,Director,spacy
FARMERS & MERCHANTS BANCORP INC,8-K,Lars B. Eller,President,spacy
Allakos Inc.,8-K,Adam Tomasi,President,spacy
Allakos Inc.,8-K,Craig Paterson,Chief Medical Officer,spacy
Allakos Inc.,8-K,Alex Schwartz,President,spacy
Allakos Inc.,8-K,Denise Powell,President,spacy
"Camping World Holdings, Inc.",8-K,Stephen Adams,Cto,spacy
"Instil Bio, Inc.",8-K,Sandeep Laumas,Chief Financial Officer,spacy
"Eve Holding, Inc.",8-K,Simone Oliveira,General Counsel,spacy
Coronado Global Resources Inc.,8-K,Douglas Thompson,Director,spacy
Coronado Global Resources Inc.,8-K,Gerhard Ziems,Director,spacy
Coronado Global Resources Inc.,8-K,Andrew Mooney,Vice President,spacy
LOEWS CORP,8-K,Joseph L. Bower,Director,spacy
"Solid Power, Inc.",8-K,Derek Johnson,Chief Operating Officer,spacy
"Solid Power, Inc.",8-K,Kevin Paprzycki,Chief Financial Officer,spacy
Energous Corp,8-K,Cesar Johnston,Chief Financial Officer,spacy
Energous Corp,8-K,Johnston Cesar,President,spacy
"Five Point Holdings, LLC",8-K,Lennar Homes,Director,spacy
"LEAP THERAPEUTICS, INC.",8-K,Meredith Pelster,Cto,spacy
"LEAP THERAPEUTICS, INC.",8-K,Zev Wainberg,Director,spacy
"Alpha Teknova, Inc.",8-K,Matthew Lowell,President,spacy
"Alpha Teknova, Inc.",8-K,Brett Robertson,Chief Financial Officer,spacy
"Alpha Teknova, Inc.",8-K,Alexander Vos,General Counsel,spacy
"Alpha Teknova, Inc.",8-K,Ken Gelhaus,Chief Commercial Officer,spacy
MULLEN AUTOMOTIVE INC.,8-K,Jonathan New,Chief Financial Officer,spacy
MULLEN AUTOMOTIVE INC.,8-K,David Michery,Ceo,spacy
Safehold Inc.,8-K,Jay Sugarman Jay,Chief Executive Officer,spacy
Safehold Inc.,8-K,Steve Wylder Named,Chief Investment Officer,spacy
Safehold Inc.,8-K,Tim Doherty,Chief Investment Officer,spacy
Safehold Inc.,8-K,Steve Wylder,Chief Investment Officer,spacy
KIORA PHARMACEUTICALS INC,8-K,Melissa Tosca,Vice President,spacy
"SmartStop Self Storage REIT, Inc.",8-K,H. Michael Schwartz,Chairman,spacy
MIDDLEBY Corp,8-K,Darcy Bretz,Vice President,spacy
MIDDLEBY Corp,8-K,Tejas P. Shah,Cto,spacy
MIDDLEBY Corp,8-K,Stephen Scherger,Director,spacy
MIDDLEBY Corp,8-K,Tejas Shah,Director,spacy
MIDDLEBY Corp,8-K,Egon Zehnder,Chairman,spacy
"BIORA THERAPEUTICS, INC.",8-K,Adi Mohanty,Chief Executive Officer,spacy
"BIORA THERAPEUTICS, INC.",8-K,Chuck Padala,Director,spacy
FIRST BANCSHARES INC /MS/,8-K,Donna T.,Cfo,spacy
FIRST BANCSHARES INC /MS/,8-K,Dee Dee,Cfo,spacy
FIRST BANCSHARES INC /MS/,8-K,Dee Dee Lowery,Chief Executive Officer,spacy
Smith Douglas Homes Corp.,8-K,Brett Steele,General Counsel,spacy
Smith Douglas Homes Corp.,8-K,Greg Bennett,Director,spacy
Smith Douglas Homes Corp.,8-K,Tom Bradbury,Cto,spacy
Smith Douglas Homes Corp.,8-K,Russell Devendorf,President,spacy
Smith Douglas Homes Corp.,8-K,Thomas L. Bradbury,Vice President,spacy
Smith Douglas Homes Corp.,8-K,Marc Jaffe,General Counsel,spacy
Smith Douglas Homes Corp.,8-K,Senet Bischoff,Unknown,spacy
Smith Douglas Homes Corp.,8-K,Marc Jaffe Facsimile,General Counsel,spacy
"Light & Wonder, Inc.",8-K,Lien Searches,Cto,spacy
"Evolus, Inc.",8-K,David Moatazedi,President,spacy
HUNT J B TRANSPORT SERVICES INC,8-K,Patrick J. Ottensmeyer,Director,spacy
HUNT J B TRANSPORT SERVICES INC,8-K,John Kuhlow,Chief Executive Officer,spacy
HUNT J B TRANSPORT SERVICES INC,8-K,Persio Lisboa,President,spacy
HUNT J B TRANSPORT SERVICES INC,8-K,Thad Hill,President,spacy
HUNT J B TRANSPORT SERVICES INC,8-K,Patrick Ottensmeyer,Director,spacy
WINMARK CORP,8-K,Mark L. Wilson,Director,spacy
WINMARK CORP,8-K,Anthony D. Ishaug,Chief Financial Officer,spacy
Carmell Corp,8-K,Bryan J. Cassaday,Chief Financial Officer,spacy
Carmell Corp,8-K,Jason D. Bloom,Chief Financial Officer,spacy
Carmell Corp,8-K,Rajiv Shukla,Chairman,spacy
FIVE STAR BANCORP,8-K,Heather C. Luck,Chief Financial Officer,spacy
CaliberCos Inc.,8-K,Chris Loeffler,Ceo,spacy
CaliberCos Inc.,8-K,John C. Loeffler,Chairman,spacy
CaliberCos Inc.,8-K,Victoria Rotondo,Cto,spacy
CaliberCos Inc.,8-K,Jennifer Schrader,Ceo,spacy
CaliberCos Inc.,8-K,Roy Bade,Ceo,spacy
CaliberCos Inc.,8-K,John Hartman,Ceo,spacy
CaliberCos Inc.,8-K,Yaron Ashkenazi,Ceo,spacy
CaliberCos Inc.,8-K,Dan Hansen,Chief Executive Officer,spacy
CaliberCos Inc.,8-K,Lisa Fortuna,Ceo,spacy
Artificial Intelligence Technology Solutions Inc.,8-K,Steve Reinharz,Ceo,spacy
Artificial Intelligence Technology Solutions Inc.,8-K,Mark Folmer,President,spacy
Incannex Healthcare Inc.,8-K,Joel Latham,Chief Executive Officer,spacy
CITIZENS FINANCIAL GROUP INC/RI,8-K,John F. Woods,Chief Financial Officer,spacy
CITIZENS FINANCIAL GROUP INC/RI,8-K,Bruce Van Saun,Chairman,spacy
US BANCORP \DE\,8-K,Andy Cecere,Chairman,spacy
US BANCORP \DE\,8-K,John Stern,Chairman,spacy
"Aveanna Healthcare Holdings, Inc.",8-K,Jeff Shaner,Chief Executive Officer,spacy
"Aveanna Healthcare Holdings, Inc.",8-K,Shannon Drake Shannon,Chief Administrative Officer,spacy
"Loop Industries, Inc.",8-K,Fady Mansour,Chief Financial Officer,spacy
"Loop Industries, Inc.",8-K,Daniel Solomita,Ceo,spacy
"Loop Industries, Inc.",8-K,Sung Min,Director,spacy
"Loop Industries, Inc.",8-K,Kim Jun,Director,spacy
DZS INC.,8-K,Misty Kawecki Misty,Chief Financial Officer,spacy
DZS INC.,8-K,Misty Kawecki,Chief Operations Officer,spacy
DZS INC.,8-K,Justin Ferguson,Chief Operations Officer,spacy
DZS INC.,8-K,Laura Larson,Chief Operations Officer,spacy
DZS INC.,8-K,Miguel Alonso,Chief Financial Officer,spacy
DZS INC.,8-K,Charlie Vogt,Chief Legal Officer,spacy
TuSimple Holdings Inc.,8-K,Mo Chen,Coo,spacy
TuSimple Holdings Inc.,8-K,Eric Tapia,Chief Financial Officer,spacy
TuSimple Holdings Inc.,8-K,James Lu,Director,spacy
TuSimple Holdings Inc.,8-K,Zhen Tao,Director,spacy
TuSimple Holdings Inc.,8-K,Michael Mosier,Director,spacy
EVgo Inc.,8-K,Ivo Steklac,Chief Operating Officer,spacy
EVgo Inc.,8-K,Badar Khan,Chief Executive Officer,spacy
EVgo Inc.,8-K,Dennis Kish,President,spacy
D-Wave Quantum Inc.,8-K,Kirstjen Nielsen,Director,spacy
D-Wave Quantum Inc.,8-K,Alan Baratz,President,spacy
PepGen Inc.,8-K,Mary Beth,Vice President,spacy
Hyzon Motors Inc.,8-K,Steve Weiland,Chief Executive Officer,spacy
Hyzon Motors Inc.,8-K,Stephen Weiland,Chief Executive Officer,spacy
Hyzon Motors Inc.,8-K,Christian Mohrdieck,Chief Commercial Officer,spacy
Hyzon Motors Inc.,8-K,Matthew Foulston,Chief Commercial Officer,spacy
Hyzon Motors Inc.,8-K,Erik Anderson,Director,spacy
Hyzon Motors Inc.,8-K,Andrea Farace,Director,spacy
"Day One Biopharmaceuticals, Inc.",8-K,Habib J. Dable,Director,spacy
"Day One Biopharmaceuticals, Inc.",8-K,William Grossman,Director,spacy
"Day One Biopharmaceuticals, Inc.",8-K,Habib Dable,Director,spacy
"Day One Biopharmaceuticals, Inc.",8-K,Jeremy Bender,Director,spacy
"KINETA, INC./DE",8-K,Thierry Guillaudeux,Chief Scientific Officer,spacy
EQT Corp,8-K,David Dodd,Director,spacy
EQT Corp,8-K,Paul Wargo,President,spacy
EQT Corp,8-K,Stephen Hoffman,Vice President,spacy
EQT Corp,8-K,Patty M. Galitis,Vice President,spacy
EQT Corp,8-K,Matthew D. Pankey,Chief Executive Officer,spacy
"GOLUB CAPITAL BDC, Inc.",8-K,David Golub,Chief Executive Officer,spacy
"KULR Technology Group, Inc.",8-K,William Walker,Chief Technology Officer,spacy
"KULR Technology Group, Inc.",8-K,Michael Mo,Chief Executive Officer,spacy
"Core Scientific, Inc./tx",8-K,Lien Takeback,Cto,spacy
"Core Scientific, Inc./tx",8-K,Paul Hastings,Unknown,spacy
"Core Scientific, Inc./tx",8-K,Adam Sullivan,Chief Executive Officer,spacy
"Core Scientific, Inc./tx",8-K,Jarrod Patten,Director,spacy
"Core Scientific, Inc./tx",8-K,Jeff Booth,Director,spacy
"Core Scientific, Inc./tx",8-K,Eric Weiss,Director,spacy
"Core Scientific, Inc./tx",8-K,Todd Becker,Director,spacy
"Core Scientific, Inc./tx",8-K,Jordan Levy,Director,spacy
"Core Scientific, Inc./tx",8-K,Yadin Rozov,Director,spacy
"Core Scientific, Inc./tx",8-K,Swap Obligation,Director,spacy
"Core Scientific, Inc./tx",8-K,Gordon Rees Scully,Cto,spacy
"Core Scientific, Inc./tx",8-K,Certain Assignees,Cto,spacy
"Core Scientific, Inc./tx",8-K,Eligible Assignee,Cto,spacy
"Core Scientific, Inc./tx",8-K,Sara Lee,Director,spacy
"Ocean Power Technologies, Inc.",8-K,Philipp Stratmann,Ceo,spacy
PLUMAS BANCORP,8-K,Andrew J. Ryback,President,spacy
"DigitalOcean Holdings, Inc.",8-K,Padmanabhan Srinivasan,Chief Executive Officer,spacy
"DigitalOcean Holdings, Inc.",8-K,Yancey Spruill,Chief Executive Officer,spacy
"DigitalOcean Holdings, Inc.",8-K,Paddy Srinivasan,Ceo,spacy
"DigitalOcean Holdings, Inc.",8-K,Warren Adelman,Chairman,spacy
SMARTSHEET INC,8-K,Mark Mader,Ceo,spacy
SMARTSHEET INC,8-K,Amin Panjwani,Ceo,spacy
"TIGO ENERGY, INC.",8-K,Zvi Alon,Chairman,spacy
"TruBridge, Inc.",8-K,Christopher L. Fowler,President,spacy
"TruBridge, Inc.",8-K,Christopher L.,President,spacy
"TruBridge, Inc.",8-K,David Dye,Unknown,spacy
"TruBridge, Inc.",8-K,Kevin Plessner,Unknown,spacy
"TruBridge, Inc.",8-K,Ryan Harkins,Unknown,spacy
"TruBridge, Inc.",8-K,Michelle Theriot,Unknown,spacy
"TruBridge, Inc.",8-K,Claire Stephens,Unknown,spacy
"TruBridge, Inc.",8-K,Joseph Theis,Unknown,spacy
"TruBridge, Inc.",8-K,Robert F. Diehl,Vice President,spacy
FEDERAL HOME LOAN MORTGAGE CORP,8-K,Roy Swan,Director,spacy
FEDERAL HOME LOAN MORTGAGE CORP,8-K,Christopher Spina,Director,spacy
FEDERAL HOME LOAN MORTGAGE CORP,8-K,Lance Drummond,Director,spacy
Cigna Group,8-K,Brian C. Evanko,President,spacy
Cigna Group,8-K,Eric P. Palmer,Vice President,spacy
"Golden Matrix Group, Inc.",8-K,Anthony Brian,Chief Executive Officer,spacy
"Golden Matrix Group, Inc.",8-K,Brian Goodman,Ceo,spacy
BION ENVIRONMENTAL TECHNOLOGIES INC,8-K,Mark A. Smith,President,spacy
WILSON BANK HOLDING CO,8-K,Keith Hatley,President,spacy
"FreightCar America, Inc.",8-K,Michael A. Riordan,Vice President,spacy
"FreightCar America, Inc.",8-K,Michael Riordan,Chief Financial Officer,spacy
"FreightCar America, Inc.",8-K,Matthew Tonn,Chief Commercial Officer,spacy
"FreightCar America, Inc.",8-K,Nicholas Randall,Chief Operating Officer,spacy
"GeoSolar Technologies, Inc.",8-K,A. Stone Douglass,Chief Executive Officer,spacy
"Tingo Group, Inc.",8-K,Kenneth Denos Interim,Chief Executive Officer,spacy
"Tingo Group, Inc.",8-K,Jamal Khurshid,Director,spacy
CALAVO GROWERS INC,8-K,Calavo Growers,Chief Executive Officer,spacy
"BITMINE IMMERSION TECHNOLOGIES, INC.",8-K,John Kelly,Director,spacy
"BITMINE IMMERSION TECHNOLOGIES, INC.",8-K,Jonathan Bates,Ceo,spacy
BEL FUSE INC /NJ,8-K,Steve Dawson,President,spacy
BEL FUSE INC /NJ,8-K,Dennis Ackerman,Vice President,spacy
BEL FUSE INC /NJ,8-K,Daniel Bernstein,President,spacy
BEL FUSE INC /NJ,8-K,Dan Bernstein,Ceo,spacy
BEL FUSE INC /NJ,8-K,Bel Bel,Cto,spacy
BEL FUSE INC /NJ,8-K,Lynn Hutkin,Director,spacy
BEL FUSE INC /NJ,8-K,Jean Marie Young,Director,spacy
BEL FUSE INC /NJ,8-K,Steven Hooser,Director,spacy
Kentucky First Federal Bancorp,8-K,Don Jennings,President,spacy
Kentucky First Federal Bancorp,8-K,Don D. Jennings,President,spacy
"MEI Pharma, Inc.",8-K,Richard Ghalie,Cto,spacy
"MEI Pharma, Inc.",8-K,David M. Urso,President,spacy
"Marpai, Inc.",8-K,Yaron Eitan,Chief Executive Officer,spacy
"Marpai, Inc.",8-K,Robert Pons,Chief Executive Officer,spacy
"Marpai, Inc.",8-K,Steve Johnson,Chief Financial Officer,spacy
"Trade Desk, Inc.",8-K,Tim Sims,Chief Revenue Officer,spacy
"Trade Desk, Inc.",8-K,Jed Dederick,Chief Revenue Officer,spacy
"Trade Desk, Inc.",8-K,Jeff Green,Director,spacy
ROYAL GOLD INC,8-K,Laura B. Gill,Vice President,spacy
"Molecular Templates, Inc.",8-K,Jonathan Lanfear,Director,spacy
"Molecular Templates, Inc.",8-K,Kevin Lalande,Director,spacy
DIODES INC /DEL/,8-K,Gary Yu,Director,spacy
DIODES INC /DEL/,8-K,Shew Lu,Chairman,spacy
"ASSEMBLY BIOSCIENCES, INC.",8-K,John O. Gunderson,General Counsel,spacy
"Ocean Biomedical, Inc.",8-K,Elizabeth Ng,Chief Executive Officer,spacy
"Azenta, Inc.",8-K,Ellen M. Zane,Cto,spacy
RVL Pharmaceuticals plc,8-K,Brian Markison,Chief Executive Officer,spacy
LAKELAND INDUSTRIES INC,8-K,Martin G. Glavin,Director,spacy
LAKELAND INDUSTRIES INC,8-K,Roger D. Shannon,Chief Financial Officer,spacy
FARMERS NATIONAL BANC CORP /OH/,8-K,James M. Gasior,Vice President,spacy
FARMERS NATIONAL BANC CORP /OH/,8-K,Timothy Carney,Vice President,spacy
FARMERS NATIONAL BANC CORP /OH/,8-K,Kevin J. Helmick Kevin,President,spacy
FARMERS NATIONAL BANC CORP /OH/,8-K,J. Helmick,President,spacy
NVE CORP /NEW/,8-K,Daniel A. Baker,Cto,spacy
MERCURY SYSTEMS INC,8-K,Christine F. Harbison,Vice President,spacy
MERCURY SYSTEMS INC,8-K,William L. Ballhaus,Vice President,spacy
MERCURY SYSTEMS INC,8-K,Roger Wells,Chief Operating Officer,spacy
MERCURY SYSTEMS INC,8-K,Bill Ballhaus,Chief Operating Officer,spacy
MERCURY SYSTEMS INC,8-K,Christine Harbison,Chief Growth Officer,spacy
"AMMO, INC.",8-K,Russell William Wallace,Director,spacy
"AMMO, INC.",8-K,Robert D. Wiley,Chief Financial Officer,spacy
"Pedro's List, Inc.",8-K,Victor Mokuolu,Cto,spacy
"Pedro's List, Inc.",8-K,Andrew Birnbaum,President,spacy
PLUG POWER INC,8-K,James T. Seery,Unknown,spacy
"Zivo Bioscience, Inc.",8-K,Keith Marchiando Keith,Chief Financial Officer,spacy
Allied Gaming & Entertainment Inc.,8-K,Yinghua Chen,Chief Executive Officer,spacy
Allied Gaming & Entertainment Inc.,8-K,Roy Anderson,Chief Executive Officer,spacy
Alcoa Corp,8-K,William F. Oplinger,President,spacy
Celularity Inc,8-K,Robert Hariri,Chairman,spacy
Celularity Inc,8-K,Robert J. Hariri,Chairman,spacy
Celularity Inc,8-K,David Beers,Chief Financial Officer,spacy
Celularity Inc,8-K,Florham Park,Director,spacy
Celularity Inc,8-K,Dean Kehler,Cto,spacy
Celularity Inc,8-K,Rober J. Hariri,Ceo,spacy
"First Seacoast Bancorp, Inc.",8-K,Richard M. Donovan,Chief Financial Officer,spacy
Discover Financial Services,8-K,John Owen,Ceo,spacy
UroGen Pharma Ltd.,8-K,Don Kim Don,Chief Financial Officer,spacy
"Mercer Bancorp, Inc.",8-K,Richard A. Mosier,Director,spacy
"Mercer Bancorp, Inc.",8-K,Alvin B. Parmiter,President,spacy
"KINDER MORGAN, INC.",8-K,David P. Michels,Vice President,spacy
"KINDER MORGAN, INC.",8-K,Richard D. Kinder,Chairman,spacy
"KINDER MORGAN, INC.",8-K,Kim Dang,Chief Executive Officer,spacy
"KINDER MORGAN, INC.",8-K,Tom Martin,President,spacy
"PENSKE AUTOMOTIVE GROUP, INC.",8-K,Robert Kurnick,President,spacy
SCHWAB CHARLES CORP,8-K,Walt Bettinger,Chairman,spacy
SCHWAB CHARLES CORP,8-K,Peter Crawford,Cfo,spacy
"MYOMO, INC.",8-K,David A. Henry Boston,Chief Financial Officer,spacy
"Vintage Wine Estates, Inc.",8-K,Seth Kaufman,President,spacy
"Vintage Wine Estates, Inc.",8-K,Wine Estates,Chief Financial Officer,spacy
Synchrony Financial,8-K,David P. Melito,Director,spacy
UWHARRIE CAPITAL CORP,8-K,Stephen C. Seltzer,Director,spacy
"Broadstone Net Lease, Inc.",8-K,John D. Callan,Vice President,spacy
ALLIANCEBERNSTEIN HOLDING L.P.,8-K,Nella Domenici,Director,spacy
ALLIANCEBERNSTEIN HOLDING L.P.,8-K,Mark Manley,Corporate Secretary,spacy
"MIRA PHARMACEUTICALS, INC.",8-K,Christos Nicholoudis,Director,spacy
William Penn Bancorporation,8-K,Kenneth J. Stephon,Chairman,spacy
William Penn Bancorporation,8-K,William Penn,Director,spacy
CROWN CASTLE INC.,8-K,Jay A. Brown,Chief Executive Officer,spacy
CROWN CASTLE INC.,8-K,Edward B. Adams,Vice President,spacy
CROWN CASTLE INC.,8-K,Dan Schlanger,Cfo,spacy
CROWN CASTLE INC.,8-K,P. Robert Bartolo,Director,spacy
IMPERIAL OIL LTD,8-K,Peter Shaw,Chairman,spacy
"Leidos Holdings, Inc.",8-K,Daniel J. Antal,Director,spacy
"Leidos Holdings, Inc.",8-K,Dan Antal,General Counsel,spacy
"Leidos Holdings, Inc.",8-K,Jerry Howe,General Counsel,spacy
"Leidos Holdings, Inc.",8-K,Tom Bell,Ceo,spacy
"LiveRamp Holdings, Inc.",8-K,Jerry C. Jones,Vice President,spacy
"LiveRamp Holdings, Inc.",8-K,Matt Kilmartin,Ceo,spacy
"LiveRamp Holdings, Inc.",8-K,Vihan Sharma,Chief Revenue Officer,spacy
"LiveRamp Holdings, Inc.",8-K,Lauren Dillard,Cfo,spacy
Palmer Square Capital BDC Inc.,8-K,Josh Clarkson,Chief Compliance Officer,spacy
VAALCO ENERGY INC /DE/,8-K,George Maxwell,Chief Executive Officer,spacy
PHOENIX MOTOR INC.,8-K,Mark Hastings,Chief Investment Officer,spacy
PHOENIX MOTOR INC.,8-K,Xiaofeng Peng,Ceo,spacy
PHOENIX MOTOR INC.,8-K,Lakeview Loop,Ceo,spacy
PHOENIX MOTOR INC.,8-K,Denton Peng,Ceo,spacy
"Childrens Place, Inc.",8-K,Marla Beck,Director,spacy
NATIONAL RESEARCH CORP,8-K,Helen L. Hrdy,Director,spacy
NATIONAL RESEARCH CORP,8-K,Jason Hahn,Chief Revenue Officer,spacy
NATIONAL RESEARCH CORP,8-K,Andy Monnich,Chief Revenue Officer,spacy
NATIONAL RESEARCH CORP,8-K,Helen Hrdy,Chief Customer Officer,spacy
NATIONAL RESEARCH CORP,8-K,Michael Hays,Chief Executive Officer,spacy
"Conifer Holdings, Inc.",8-K,J. Grant Smith,Director,spacy
"Conifer Holdings, Inc.",8-K,Jessica Gulis,President,spacy
MGP INGREDIENTS INC,8-K,Stephen J. Glaser,Director,spacy
MGP INGREDIENTS INC,8-K,Brandon M. Gall,Vice President,spacy
Orthofix Medical Inc.,8-K,Massimo Calafiore,President,spacy
Orthofix Medical Inc.,8-K,Julie Andrews,Director,spacy
Orthofix Medical Inc.,8-K,Geoffrey Gillespie,Cfo,spacy
SYNOVUS FINANCIAL CORP,8-K,Kevin Blair,Chairman,spacy
"BROWN & BROWN, INC.",8-K,Kathleen A. Savio,Director,spacy
NOV Inc.,8-K,Patricia B. Melcher,Director,spacy
NOV Inc.,8-K,Brigitte M. Hunt,Vice President,spacy
NOV Inc.,8-K,Patricia Melcher,Director,spacy
NOV Inc.,8-K,Clay Williams,Director,spacy
ROGERS CORP,8-K,Ganesh Moorthy,Director,spacy
ROGERS CORP,8-K,Jessica A. Morton,Vice President,spacy
Cytosorbents Corp,8-K,Daniel Wendt,Vice President,spacy
Cytosorbents Corp,8-K,Phillip P. Chan,Chief Executive Officer,spacy
Cytosorbents Corp,8-K,Kathleen Bloch,Cfo,spacy
Spring Valley Acquisition Corp. II,8-K,Richard Thompson,Director,spacy
Spring Valley Acquisition Corp. II,8-K,Sharon Youngblood,Director,spacy
Spring Valley Acquisition Corp. II,8-K,Kevin Pohler,Corporate Secretary,spacy
UNION BANKSHARES INC,8-K,Karyn J. Hale,Chief Executive Officer,spacy
Jet.AI Inc.,8-K,Leslie Ave,Ceo,spacy
Jet.AI Inc.,8-K,Heidi Mortensen,Ceo,spacy
WINTRUST FINANCIAL CORP,8-K,David L. Stoehr,Vice President,spacy
WINTRUST FINANCIAL CORP,8-K,Substandard Accrual,Cto,spacy
"Altice USA, Inc.",8-K,Dennis Mathew,Director,spacy
"Altice USA, Inc.",8-K,Marc Sirota,Chief Executive Officer,spacy
MITEK SYSTEMS INC,8-K,David Lyle,Chief Financial Officer,spacy
"Goldman Sachs BDC, Inc.",8-K,David Miller,Chief Executive Officer,spacy
SBC Medical Group Holdings Inc,8-K,Yoshiyuki Aikawa,Chief Executive Officer,spacy
SBC Medical Group Holdings Inc,8-K,Mitchell Nussbaum,Ceo,spacy
SBC Medical Group Holdings Inc,8-K,Alexandria Kane,Ceo,spacy
"WhiteHorse Finance, Inc.",8-K,Kevin F. Burke,Director,spacy
"WhiteHorse Finance, Inc.",8-K,Kevin Burke,Director,spacy
"Meta Platforms, Inc.",8-K,Sheryl Sandberg,Director,spacy
"NEXSTAR MEDIA GROUP, INC.",8-K,I. Martin Pompadur,Director,spacy
TEXAS CAPITAL BANCSHARES INC/TX,8-K,Rob C. Holmes,President,spacy
"BALLY, CORP.",8-K,Shitong Li,Director,spacy
"BALLY, CORP.",8-K,Kaichen Zheng,Chief Financial Officer,spacy
TRUIST FINANCIAL CORP,8-K,Cynthia B. Powell,Vice President,spacy
TRUIST FINANCIAL CORP,8-K,Bill Rogers,Chairman,spacy
M&T BANK CORP,8-K,Brian Klock,Chief Financial Officer,spacy
M&T BANK CORP,8-K,Frank Lentini,Chief Financial Officer,spacy
"BrightView Holdings, Inc.",8-K,Thomas C. Donnelly,Director,spacy
TARGET CORP,8-K,Michael J. Fiddelke,Cto,spacy
TARGET CORP,8-K,John J. Mulligan,Chief Operating Officer,spacy
TARGET CORP,8-K,Don H. Liu,Vice President,spacy
FIRST HORIZON CORP,8-K,Bryan Jordan,Chairman,spacy
KEYCORP /NEW/,8-K,Douglas M. Schosser,Chief Accounting Officer,spacy
KEYCORP /NEW/,8-K,Chris Gorman,Chairman,spacy
KEYCORP /NEW/,8-K,Clark Khayat,Chairman,spacy
NovoCure Ltd,8-K,Asaf Danziger,Chief Executive Officer,spacy
"HilleVax, Inc.",8-K,Aditya Kohli,Director,spacy
"HilleVax, Inc.",8-K,David Socks,Chief Business Officer,spacy
"ORION ENERGY SYSTEMS, INC.",8-K,Mike Jenkins,Ceo,spacy
"ORION ENERGY SYSTEMS, INC.",8-K,William Jones,Cfo,spacy
HeartSciences Inc.,8-K,Bruce Bent,Director,spacy
HeartSciences Inc.,8-K,Mark Hilz,Director,spacy
HeartSciences Inc.,8-K,Andrew Simpson,Ceo,spacy
HeartSciences Inc.,8-K,Brian Szymczak,Director,spacy
"Princeton Bancorp, Inc.",8-K,Edward J. Dietzler,President,spacy
ALLSTATE CORP,8-K,Jess Merten,Chief Financial Officer,spacy
VAIL RESORTS INC,8-K,Kirsten Lynch,Chief Executive Officer,spacy
VAIL RESORTS INC,8-K,Angela A. Korch,Vice President,spacy
Trulieve Cannabis Corp.,8-K,Christine Hersey,Vice President,spacy
Trulieve Cannabis Corp.,8-K,Marie Zhang,Director,spacy
Trulieve Cannabis Corp.,8-K,Kim Rivers,Director,spacy
Trulieve Cannabis Corp.,8-K,Tim Morey,Chief Legal Officer,spacy
Trulieve Cannabis Corp.,8-K,Kyle Landrum,Chief Legal Officer,spacy
Trulieve Cannabis Corp.,8-K,Phil Buck,Vice President,spacy
"Enfusion, Inc.",8-K,Valeria Gutowski,General Counsel,spacy
"Enfusion, Inc.",8-K,Brad Herring,Chief Accounting Officer,spacy
Lipocine Inc.,8-K,Mahesh Patel,President,spacy
Lipocine Inc.,8-K,Mahesh V. Patel,President,spacy
Lipocine Inc.,8-K,V. Patel,President,spacy
"Processa Pharmaceuticals, Inc.",8-K,George Ng,Chief Executive Officer,spacy
MetaVia Inc.,8-K,Hyung Heon Kim,President,spacy
"PUMA BIOTECHNOLOGY, INC.",8-K,Alan H. Auerbach,Chairman,spacy
Data Storage Corp,8-K,Thomas Kempster,Chief Executive Officer,spacy
Data Storage Corp,8-K,Hal Schwartz,President,spacy
Data Storage Corp,8-K,Chuck Piluso,Director,spacy
Data Storage Corp,8-K,Clifford Stein,Director,spacy
HOME BANCSHARES INC,8-K,Jennifer C. Floyd,Chief Accounting Officer,spacy
HOME BANCSHARES INC,8-K,John Allison,Chairman,spacy
FULLER H B CO,8-K,Gregory O. Ogunsanya,Vice President,spacy
FULLER H B CO,8-K,Celeste Mastin,President,spacy
Sharps Technology Inc.,8-K,Robert Hayes,Ceo,spacy
Sharps Technology Inc.,8-K,Ben Scheu,Director,spacy
Direct Selling Acquisition Corp.,8-K,Thomas Ramapuram,Coo,spacy
Direct Selling Acquisition Corp.,8-K,Hunch Mobility,Director,spacy
Direct Selling Acquisition Corp.,8-K,Cyril Amarchand Mangaldas,Unknown,spacy
Direct Selling Acquisition Corp.,8-K,Mike Lohner,Director,spacy
Direct Selling Acquisition Corp.,8-K,Wayne Moorehead,Director,spacy
Direct Selling Acquisition Corp.,8-K,Jaunt Air Mobility,Coo,spacy
Direct Selling Acquisition Corp.,8-K,Farah Khan,Director,spacy
Direct Selling Acquisition Corp.,8-K,Shri Jyotiraditya Scindia,Cto,spacy
Direct Selling Acquisition Corp.,8-K,Shri Scindia,Director,spacy
Elite Health Systems Inc.,8-K,Prasad Jeereddi,Ceo,spacy
"Securetech Innovations, Inc.",8-K,Kao Lee,President,spacy
COMMERCE BANCSHARES INC /MO/,8-K,John Kemper,President,spacy
ARGAN INC,8-K,Richard H. Deily,Vice President,spacy
"FLYWHEEL ADVANCED TECHNOLOGY, INC.",8-K,Lu Yeqin,Director,spacy
Eaton Corp plc,8-K,Thomas B. Okray,Director,spacy
Eaton Corp plc,8-K,Craig Arnold,Director,spacy
Nevada Canyon Gold Corp.,8-K,Alan Day,President,spacy
Nevada Canyon Gold Corp.,8-K,John Schaff,Director,spacy
Nevada Canyon Gold Corp.,8-K,Smith Miller,Director,spacy
WAFD INC,8-K,Brent Beardall,President,spacy
"CLS Holdings USA, Inc.",8-K,Andrew Glashow,Chief Executive Officer,spacy
Berry Corp (bry),8-K,Fernando Araujo,Ceo,spacy
ENB Financial Corp,8-K,Rachel G. Bitner,Treasurer,spacy
"FIREFLY NEUROSCIENCE, INC.",8-K,Timothy G. Hannon,Chief Financial Officer,spacy
"FIREFLY NEUROSCIENCE, INC.",8-K,G. James Benoit,Chief Executive Officer,spacy
"ECB Bancorp, Inc. /MD/",8-K,John A. Citrano,Vice President,spacy
"Sensus Healthcare, Inc.",8-K,Michael Sardano,Director,spacy
"Sensus Healthcare, Inc.",8-K,Joseph C. Sardano,Chairman,spacy
Battery Future Acquisition Corp.,8-K,Greg Martyr,Director,spacy
Battery Future Acquisition Corp.,8-K,Kris Salinger,Director,spacy
Battery Future Acquisition Corp.,8-K,Simon Hay,Chief Financial Officer,spacy
Battery Future Acquisition Corp.,8-K,Jessica Fung,Chief Financial Officer,spacy
Battery Future Acquisition Corp.,8-K,Erez Ichilov,Director,spacy
Battery Future Acquisition Corp.,8-K,Natalia Streltsova,Director,spacy
Battery Future Acquisition Corp.,8-K,Adrian Griffin,Chief Operating Officer,spacy
Battery Future Acquisition Corp.,8-K,Weiyi Zheng,Director,spacy
Battery Future Acquisition Corp.,8-K,Hao Tian,Director,spacy
Battery Future Acquisition Corp.,8-K,Zixun Jin,Director,spacy
Battery Future Acquisition Corp.,8-K,Shengming Shi,Chief Executive Officer,spacy
SOUTHERN FIRST BANCSHARES INC,8-K,Art Seaver,Chief Executive Officer,spacy
"CITIUS ONCOLOGY, INC.",8-K,Fully Paid,Director,spacy
AMERICAN COASTAL INSURANCE Corp,8-K,B. Bradford Martz,Director,spacy
AMERICAN COASTAL INSURANCE Corp,8-K,Svetlana Castle,Chief Financial Officer,spacy
"AVIS BUDGET GROUP, INC.",8-K,Linda Moses,Director,spacy
INSULET CORP,8-K,Timothy Stonesifer,Director,spacy
INSULET CORP,8-K,Flavia Pease,Director,spacy
INSULET CORP,8-K,Tim Stonesifer,Director,spacy
INSULET CORP,8-K,Shacey Petrovic,Director,spacy
INSULET CORP,8-K,Timothy Scannell,Chairman,spacy
INSULET CORP,8-K,Charles River,Vice President,spacy
"PMV Pharmaceuticals, Inc.",8-K,Michael Carulli,Chief Financial Officer,spacy
"UpHealth, Inc.",8-K,Delray Beach,Chief Executive Officer,spacy
Community West Bancshares,8-K,James J. Kim,President,spacy
Community West Bancshares,8-K,Daniel J. Doyle,Director,spacy
Community West Bancshares,8-K,Robert J. Flautt,Director,spacy
Community West Bancshares,8-K,Gary D. Gall,Director,spacy
Community West Bancshares,8-K,Karen A. Musson,Chairman,spacy
Community West Bancshares,8-K,Livingston Debbie,Vice President,spacy
"Black Diamond Therapeutics, Inc.",8-K,Rajeev Shah,Director,spacy
"Fortinet, Inc.",8-K,John Whittle,Director,spacy
"Fortinet, Inc.",8-K,Keith Jensen,Chief Financial Officer,spacy
ASP Isotopes Inc.,8-K,Joshua Donfeld,Director,spacy
ASP Isotopes Inc.,8-K,Rob Ryan,Director,spacy
Titan Machinery Inc.,8-K,David Meyer,Director,spacy
Carlyle Group Inc.,8-K,Bruce M. Larson,Director,spacy
MESA ROYALTY TRUST/TX,8-K,Elaina Rodgers,Vice President,spacy
"RESOURCES CONNECTION, INC.",8-K,Jennifer Ryu,Chief Financial Officer,spacy
"RESOURCES CONNECTION, INC.",8-K,Michael Sitrick,Chief Financial Officer,spacy
Cambium Networks Corp,8-K,Andrew Bronstein,Director,spacy
Cambium Networks Corp,8-K,John Becerril,Director,spacy
Cambium Networks Corp,8-K,Sally J. Rau,General Counsel,spacy
Cambium Networks Corp,8-K,Peter Schuman,President,spacy
"Matson, Inc.",8-K,Joel M. Wine,Vice President,spacy
"Matson, Inc.",8-K,Joel Wine,Chairman,spacy
LAS VEGAS SANDS CORP,8-K,Nora Jordan,Director,spacy
CITIZENS & NORTHERN CORP,8-K,Mark A. Hughes,Treasurer,spacy
"Super Micro Computer, Inc.",8-K,Charles Liang,President,spacy
Metropolitan Bank Holding Corp.,8-K,Daniel F. Dougherty,Vice President,spacy
AMCON DISTRIBUTING CO,8-K,Charles J. Schmaderer,Vice President,spacy
AMCON DISTRIBUTING CO,8-K,Christopher H. Atayan,Chairman,spacy
AMCON DISTRIBUTING CO,8-K,Andrew C. Plummer,Cto,spacy
GENWORTH FINANCIAL INC,8-K,Jerome T. Upton,Vice President,spacy
INDEPENDENT BANK CORP,8-K,Mark Ruggiero,Chief Executive Officer,spacy
INDEPENDENT BANK CORP,8-K,Mark J. Ruggiero,Chief Financial Officer,spacy
INDEPENDENT BANK CORP,8-K,Jeffrey Tengel,Chief Executive Officer,spacy
Piedmont Lithium Inc.,8-K,Keith Phillips,President,spacy
"Ikena Oncology, Inc.",8-K,Mark Manfredi,President,spacy
"MacKenzie Realty Capital, Inc.",8-K,Robert Dixon,President,spacy
AWARE INC /MA/,8-K,David K. Traverse,Unknown,spacy
CCC Intelligent Solutions Holdings Inc.,8-K,Steven Puccinelli,Director,spacy
"SOUTH PLAINS FINANCIAL, INC.",8-K,Mikella Newsom,Chief Risk Officer,spacy
"SOUTH PLAINS FINANCIAL, INC.",8-K,Steven B. Crockett,Chief Financial Officer,spacy
"Tarsus Pharmaceuticals, Inc.",8-K,Jose Trevejo,Chief Medical Officer,spacy
"Tarsus Pharmaceuticals, Inc.",8-K,Sesha Neervannan,Chief Operating Officer,spacy
ATLANTIC INTERNATIONAL CORP.,8-K,Daniel Jones,Chief Executive Officer,spacy
ATLANTIC INTERNATIONAL CORP.,8-K,Prateek Gattani,Chief Executive Officer,spacy
PEDEVCO CORP,8-K,Simon G. Kukes,Chief Executive Officer,spacy
OCEANFIRST FINANCIAL CORP,8-K,Christopher D. Maher,Chairman,spacy
Ally Financial Inc.,8-K,Douglas Timmerman,President,spacy
Ally Financial Inc.,8-K,Doug Timmerman,Corporate Secretary,spacy
Ally Financial Inc.,8-K,Jeffrey J. Brown,President,spacy
Wendy's Co,8-K,Kirk Tanner,President,spacy
Wendy's Co,8-K,Todd A. Penegor,President,spacy
Wendy's Co,8-K,Michael G. Berner,Vice President,spacy
Wendy's Co,8-K,Succeed Todd Penegor,Ceo,spacy
Wendy's Co,8-K,Todd Penegor,Director,spacy
Wendy's Co,8-K,Nelson Peltz,Chairman,spacy
Wendy's Co,8-K,Heidi Schauer,Vice President,spacy
VISTA GOLD CORP,8-K,Frederick H. Earnest,President,spacy
BANCFIRST CORP /OK/,8-K,David Harlow,Ceo,spacy
"AST SpaceMobile, Inc.",8-K,Abel Avellan,Director,spacy
"AST SpaceMobile, Inc.",8-K,Chris Sambar,Vice President,spacy
"AST SpaceMobile, Inc.",8-K,Margherita Della Valle,Unknown,spacy
ReShape Lifesciences Inc.,8-K,Paul F. Hickey,President,spacy
AZZ INC,8-K,David Nark,Vice President,spacy
AZZ INC,8-K,Sandy Martin,Vice President,spacy
"Pacific Oak Strategic Opportunity REIT, Inc.",8-K,Keith D. Hall,Chief Executive Officer,spacy
"Pacific Oak Strategic Opportunity REIT, Inc.",8-K,Michael A. Bender,Chief Financial Officer,spacy
FIRST OF LONG ISLAND CORP,8-K,Stephen V. Murphy,Director,spacy
MESA AIR GROUP INC,8-K,Jonathan Ornstein,Chairman,spacy
Gitlab Inc.,8-K,Sabrina Farmer,Director,spacy
Gitlab Inc.,8-K,Brian Robins,Chief Financial Officer,spacy
Gitlab Inc.,8-K,Sid Sijbrandij,Ceo,spacy
"Delek US Holdings, Inc.",8-K,Avigal Soreq,President,spacy
"Delek US Holdings, Inc.",8-K,Christine Benson Schwartzstein,Director,spacy
"Phunware, Inc.",8-K,Michael Snavely,Chief Executive Officer,spacy
TITAN PHARMACEUTICALS INC,8-K,Brian Crowley,Director,spacy
Arcimoto Inc,8-K,Damien Biro,Ceo,spacy
Lucky Strike Entertainment Corp,8-K,Lev Ekster,Cto,spacy
Lucky Strike Entertainment Corp,8-K,Thomas Shannon,President,spacy
Lucky Strike Entertainment Corp,8-K,Bobby Lavan,Chief Financial Officer,spacy
Lucky Strike Entertainment Corp,8-K,Jeffrey Gliner,Chief Financial Officer,spacy
"Danimer Scientific, Inc.",8-K,David J. Moody,Director,spacy
"Danimer Scientific, Inc.",8-K,Michael A. Hajost,Chief Financial Officer,spacy
"Danimer Scientific, Inc.",8-K,Stephen A. Martin,Chief Legal Officer,spacy
TETRA TECHNOLOGIES INC,8-K,Jesse Dorigo,President,spacy
PEABODY ENERGY CORP,8-K,Daniel Scherling,President,spacy
PEABODY ENERGY CORP,8-K,Brad Mauzy,President,spacy
HORTON D R INC /DE/,8-K,Service Provider,Director,spacy
Bannix Acquisition Corp.,8-K,Instant Fame,Director,spacy
LIBERTY STAR URANIUM & METALS CORP.,8-K,Patricia Madaris,Chief Financial Officer,spacy
LIBERTY STAR URANIUM & METALS CORP.,8-K,Curt Kramer,Chief Executive Officer,spacy
"GREYSTONE LOGISTICS, INC.",8-K,Warren Kruger,Ceo,spacy
"HALLMARK VENTURE GROUP, INC.",8-K,John D. Murphy,Director,spacy
"HALLMARK VENTURE GROUP, INC.",8-K,Paul Strickland,Director,spacy
"HALLMARK VENTURE GROUP, INC.",8-K,Paul Stirckland,Director,spacy
"HALLMARK VENTURE GROUP, INC.",8-K,Jr Steven Arenal,President,spacy
"HALLMARK VENTURE GROUP, INC.",8-K,Jeff English,President,spacy
"Contango ORE, Inc.",8-K,Mike Clark,Chief Financial Officer,spacy
"Contango ORE, Inc.",8-K,Tetlin Alaska,Cto,spacy
BRUKER CORP,8-K,Yinghua Zhang,Vice President,spacy
BRUKER CORP,8-K,Philipp Horat,Director,spacy
BRUKER CORP,8-K,Gerald Herman,Vice President,spacy
BRUKER CORP,8-K,Peter Rietman,Vice President,spacy
BRUKER CORP,8-K,J. Brent Alldredge,Unknown,spacy
John Bean Technologies CORP,8-K,Matthew J. Meister,Vice President,spacy
John Bean Technologies CORP,8-K,Brian Deck,President,spacy
ANALOG DEVICES INC,8-K,Anantha P. Chandrakasan,Director,spacy
ANALOG DEVICES INC,8-K,Kenton J. Sicchitano,Director,spacy
ANALOG DEVICES INC,8-K,Stephen M. Jennings,Director,spacy
ANALOG DEVICES INC,8-K,Janene I. Asgeirsson,Vice President,spacy
FIFTH THIRD BANCORP,8-K,Bryan D. Preston,Vice President,spacy
FIFTH THIRD BANCORP,8-K,Tim Spence,Chairman,spacy
HUNTINGTON BANCSHARES INC /MD/,8-K,Zachary Wasserman,Chief Financial Officer,spacy
HUNTINGTON BANCSHARES INC /MD/,8-K,Tim Sedabres,Unknown,spacy
HUNTINGTON BANCSHARES INC /MD/,8-K,Steve Steinour,Chairman,spacy
MATERION Corp,8-K,Shelly M. Chadwick,Vice President,spacy
AdvanSix Inc.,8-K,Erin Kane,President,spacy
"TRAVELERS COMPANIES, INC.",8-K,Alan Schnitzer,Chairman,spacy
"TRAVELERS COMPANIES, INC.",8-K,Ocean Marine,Cto,spacy
Liquidia Corp,8-K,Michael Kaseta,Chief Operating Officer,spacy
Liquidia Corp,8-K,Robert Lippe,Chief Operations Officer,spacy
Liquidia Corp,8-K,Michael Hunter,Vice President,spacy
SCHLUMBERGER LIMITED/NV,8-K,Howard Guild,Chief Accounting Officer,spacy
SCHLUMBERGER LIMITED/NV,8-K,Olivier Le,Ceo,spacy
SCHLUMBERGER LIMITED/NV,8-K,Vaca Muerta,President,spacy
SCHLUMBERGER LIMITED/NV,8-K,Joy V. Domingo,Director,spacy
SCHLUMBERGER LIMITED/NV,8-K,Josh Byerly,Director,spacy
Wayfair Inc.,8-K,Niraj Shah,Ceo,spacy
"Aclaris Therapeutics, Inc.",8-K,Douglas Manion,Cto,spacy
"Aclaris Therapeutics, Inc.",8-K,Neal Walker,Chief Executive Officer,spacy
"Aclaris Therapeutics, Inc.",8-K,Kevin Balthaser,Chief Financial Officer,spacy
ATI INC,8-K,Donald P. Newman,Vice President,spacy
WORLD ACCEPTANCE CORP,8-K,John Calmes,Treasurer,spacy
WORLD ACCEPTANCE CORP,8-K,John L. Calmes,Treasurer,spacy
"KIRKLAND'S, INC",8-K,Amy A. Sullivan,Chief Executive Officer,spacy
"KIRKLAND'S, INC",8-K,Ann Joyce,Chief Executive Officer,spacy
"KIRKLAND'S, INC",8-K,Amy Sullivan,Ceo,spacy
AVANT TECHNOLOGIES INC.,8-K,Jared Pelski,Vice President,spacy
AVANT TECHNOLOGIES INC.,8-K,Timothy Lantz Printed,Chief Executive Officer,spacy
California BanCorp \ CA,8-K,John Farkash,Director,spacy
California BanCorp \ CA,8-K,David Rainer,Chairman,spacy
"Pinstripes Holdings, Inc.",8-K,Dale Schwartz,Ceo,spacy
"RYAN SPECIALTY HOLDINGS, INC.",8-K,Lien Obligations,Cto,spacy
"RYAN SPECIALTY HOLDINGS, INC.",8-K,Nicholas Mezick Alice,Director,spacy
"Coya Therapeutics, Inc.",8-K,Howard Berman,Chief Executive Officer,spacy
"Modular Medical, Inc.",8-K,Jeb Besser,Chairman,spacy
"Revolve Group, Inc.",8-K,Jennifer Baxter Moser,Director,spacy
"Revolve Group, Inc.",8-K,Baxter Moser,Director,spacy
"Revolve Group, Inc.",8-K,Mike Karanikolas,Director,spacy
"Revolve Group, Inc.",8-K,Michael Mente,Ceo,spacy
Peraso Inc.,8-K,James Sullivan,Chief Financial Officer,spacy
Peraso Inc.,8-K,Jim Sullivan,Cfo,spacy
Peraso Inc.,8-K,Brett L. Perry,Cfo,spacy
"SCIENTIFIC ENERGY, INC",8-K,Stanley Chan,Chief Executive Officer,spacy
"SCIENTIFIC ENERGY, INC",8-K,Liu Yuehai,Chief Executive Officer,spacy
PAYCHEX INC,8-K,John B. Gibson,President,spacy
PAYCHEX INC,8-K,Robert L. Schrader,President,spacy
PAYCHEX INC,8-K,John Gibson,President,spacy
PAYCHEX INC,8-K,Bob Schrader,Vice President,spacy
PAYCHEX INC,8-K,Terri Allen,Vice President,spacy
Liberty Latin America Ltd.,8-K,Rocio Lorenzo,Chief Customer Officer,spacy
YORK WATER CO,8-K,Natalee C. Gunderson,Director,spacy
LANDMARK BANCORP INC,8-K,Mark A. Herpich,Chief Financial Officer,spacy
"Cullman Bancorp, Inc. /MD/",8-K,John A. Riley,President,spacy
CROSS TIMBERS ROYALTY TRUST,8-K,Nancy Willis,Vice President,spacy
"Inland Real Estate Income Trust, Inc.",8-K,Mitchell A. Sabshon,Director,spacy
"Inland Real Estate Income Trust, Inc.",8-K,Cathleen M. Hrtanek Cathleen,Unknown,spacy
"Inland Real Estate Income Trust, Inc.",8-K,M. Hrtanek,Unknown,spacy
"Inland Real Estate Income Trust, Inc.",8-K,Daniel Zatloukal,Chief Financial Officer,spacy
"Inland Real Estate Income Trust, Inc.",8-K,Mark Zalatoris,Chief Financial Officer,spacy
SPIRE INC,8-K,Steve Lindsey,President,spacy
PermRock Royalty Trust,8-K,Jana Egeler,Vice President,spacy
"GenFlat Holdings, Inc.",8-K,Alex Bellehumeur,Chief Executive Officer,spacy
PEOPLES FINANCIAL CORP /MS/,8-K,Brian J. Kozlowski,Director,spacy
TEREX CORP,8-K,Simon Meester,President,spacy
TEREX CORP,8-K,Julie A. Beck,Vice President,spacy
TEREX CORP,8-K,Julie Beck,President,spacy
FOXO TECHNOLOGIES INC.,8-K,Licensor Product,Chairman,spacy
BayCom Corp,8-K,George Guarini,President,spacy
BayCom Corp,8-K,Janet King,President,spacy
"Luvu Brands, Inc.",8-K,Chris Knauf,Chief Financial Officer,spacy
"Acadia Healthcare Company, Inc.",8-K,Robert J. Kane,Vice President,spacy
"Acadia Healthcare Company, Inc.",8-K,Joon Hur,Director,spacy
"Capitol Federal Financial, Inc.",8-K,Kent G. Townsend,President,spacy
"One World Products, Inc.",8-K,Kx Family Care,Coo,spacy
"One World Products, Inc.",8-K,Kenneth Perego,Chairman,spacy
MGO Global Inc.,8-K,Dana Perez,Chief Financial Officer,spacy
MGO Global Inc.,8-K,Eschenburg Perez,Cto,spacy
Venus Concept Inc.,8-K,Michael Mandarello,Ceo,spacy
Venus Concept Inc.,8-K,Rajiv De Silva,Ceo,spacy
"Mastech Digital, Inc.",8-K,Phaneesh Murthy,Cto,spacy
"Mastech Digital, Inc.",8-K,Srinjay Sengupta,Cto,spacy
"Mastech Digital, Inc.",8-K,Sunil Wadhwani,Cto,spacy
"Mastech Digital, Inc.",8-K,Ashok Trivedi,Cto,spacy
"Mastech Digital, Inc.",8-K,John J. Cronin,Chief Financial Officer,spacy
"Mastech Digital, Inc.",8-K,Murthy Phaneesh Murthy,Ceo,spacy
RYVYL Inc.,8-K,Ben Errez,Chairman,spacy
AMES NATIONAL CORP,8-K,John P. Nelson,Chief Executive Officer,spacy
"Eos Energy Enterprises, Inc.",8-K,Melissa Berube,General Counsel,spacy
"Eos Energy Enterprises, Inc.",8-K,Michael Willis Silberman,General Counsel,spacy
EVERSOURCE ENERGY,8-K,Dan Klinger,Director,spacy
Cannabist Co Holdings Inc.,8-K,Nicholas Vita,Director,spacy
Cannabist Co Holdings Inc.,8-K,David Hart,Director,spacy
Adtalem Global Education Inc.,8-K,Steve Beard,President,spacy
Booking Holdings Inc.,8-K,Ewout L. Steenbergen,Vice President,spacy
Booking Holdings Inc.,8-K,David I. Goulden,Vice President,spacy
"Cartesian Therapeutics, Inc.",8-K,Carsten Brunn,President,spacy
"ASSURANT, INC.",8-K,Juan Cento,Director,spacy
"Vislink Technologies, Inc.",8-K,Mickey Miller,Chief Financial Officer,spacy
"Global Indemnity Group, LLC",8-K,Saul A. Fox,Director,spacy
VOC Energy Trust,8-K,Elaina C. Rodgers,Vice President,spacy
Eterna Therapeutics Inc.,8-K,Dorothy Clarke,General Counsel,spacy
Eterna Therapeutics Inc.,8-K,Sanjeev Luther,General Counsel,spacy
Hut 8 Corp.,8-K,Matthew Boyd,Unknown,spacy
PROKIDNEY CORP.,8-K,Siavosh Salimi,Unknown,spacy
PROKIDNEY CORP.,8-K,Bruce Culleton,Chief Executive Officer,spacy
"SAB Biotherapeutics, Inc.",8-K,Eddie J. Sullivan,President,spacy
"SAB Biotherapeutics, Inc.",8-K,Michael G. King,Ceo,spacy
"SAB Biotherapeutics, Inc.",8-K,Alexandra Kropotova,Chief Medical Officer,spacy
"Rimini Street, Inc.",8-K,Steven Salaets,Director,spacy
"Singular Genomics Systems, Inc.",8-K,Dalen Meeter,Chief Financial Officer,spacy
"Dave & Buster's Entertainment, Inc.",8-K,Lewis Rice,Unknown,spacy
"Dave & Buster's Entertainment, Inc.",8-K,Michael Quartieri,Chief Financial Officer,spacy
Palladyne AI Corp.,8-K,Benjamin G. Wolff,Director,spacy
Palladyne AI Corp.,8-K,Laura Peterson,Chairman,spacy
Palladyne AI Corp.,8-K,Peter Klein,Director,spacy
"WRAP TECHNOLOGIES, INC.",8-K,Kevin Mullins,Cto,spacy
Sphere 3D Corp.,8-K,Patricia Trompeter,Chief Executive Officer,spacy
"Unique Logistics International, Inc.",8-K,Sunandan Ray,Chief Executive Officer,spacy
ADC Therapeutics SA,8-K,Meenal Mehta,President,spacy
"ALNYLAM PHARMACEUTICALS, INC.",8-K,Indrani L. Franchini,Vice President,spacy
"ALNYLAM PHARMACEUTICALS, INC.",8-K,Jeffrey V. Poulton,Vice President,spacy
Embrace Change Acquisition Corp.,8-K,Zheng Yuan,Chief Financial Officer,spacy
BANK OF THE JAMES FINANCIAL GROUP INC,8-K,J. Todd Scruggs,Vice President,spacy
"Celsius Holdings, Inc.",8-K,Richard Mattessich,Chief Legal Officer,spacy
"Celsius Holdings, Inc.",8-K,John Fieldly,Chief Executive Officer,spacy
ITT INC.,8-K,Michael Savinelli,Vice President,spacy
ITT INC.,8-K,Sharon Szafranski,Director,spacy
ITT INC.,8-K,Lina Bo Bardi,Vice President,spacy
ITT INC.,8-K,Oriendo Russanoor,Unknown,spacy
ITT INC.,8-K,Luca Savi,Chief Executive Officer,spacy
"iBio, Inc.",8-K,Marc A. Banjak,General Counsel,spacy
MICROSOFT CORP,8-K,Midnight Blizzard,Cto,spacy
"NexImmune, Inc.",8-K,Kristi Jones,Chief Executive Officer,spacy
SOLITRON DEVICES INC,8-K,Tim Eriksen,Chief Executive Officer,spacy
STRATUS PROPERTIES INC,8-K,Erin D. Pickens,Vice President,spacy
"Nauticus Robotics, Inc.",8-K,Tom Matura,Cto,spacy
"CareCloud, Inc.",8-K,Norman Roth,Chief Financial Officer,spacy
"CareCloud, Inc.",8-K,A. Hadi,Chief Executive Officer,spacy
"COMMUNITY FINANCIAL SYSTEM, INC.",8-K,Michele Sullivan,Director,spacy
"Century Therapeutics, Inc.",8-K,Michael C. Diem,Cto,spacy
"Century Therapeutics, Inc.",8-K,Douglas Carr,Chief Financial Officer,spacy
"Century Therapeutics, Inc.",8-K,Brent Pfeiffenberger,Chief Executive Officer,spacy
SIERRA BANCORP,8-K,Christopher G. Treece,Vice President,spacy
"SANGAMO THERAPEUTICS, INC",8-K,Sandy Macrae,President,spacy
"SANGAMO THERAPEUTICS, INC",8-K,Prathyusha Duraibabu,President,spacy
"Panbela Therapeutics, Inc.",8-K,Jennifer Simpson,Chief Executive Officer,spacy
"Panbela Therapeutics, Inc.",8-K,Jennifer K. Simpson,Chief Executive Officer,spacy
"Viridian Therapeutics, Inc.\DE",8-K,Thomas Beetham,Chief Operating Officer,spacy
"Viridian Therapeutics, Inc.\DE",8-K,Jack Bannister,Director,spacy
"Viridian Therapeutics, Inc.\DE",8-K,Sarah Gheuens,Director,spacy
"Viridian Therapeutics, Inc.\DE",8-K,Peter Harwin,Director,spacy
"Viridian Therapeutics, Inc.\DE",8-K,Kiselak Arlene Morris,Director,spacy
"Viridian Therapeutics, Inc.\DE",8-K,Jennifer K. Moses,Director,spacy
"Viridian Therapeutics, Inc.\DE",8-K,Thomas Beetham Seth Harmon,Cto,spacy
"Viridian Therapeutics, Inc.\DE",8-K,Stephen Mahoney Others,Director,spacy
Nikola Corp,8-K,Britton M. Worthen,Chief Legal Officer,spacy
"Mondee Holdings, Inc.",8-K,Purple Grids,Cto,spacy
"Mondee Holdings, Inc.",8-K,Mondee Brazil,Cto,spacy
"Mondee Holdings, Inc.",8-K,Victor Abraham,Cto,spacy
"Mondee Holdings, Inc.",8-K,Sherly Abraham,Cto,spacy
NIOCORP DEVELOPMENTS LTD,8-K,Michael J. Morris,Director,spacy
NIOCORP DEVELOPMENTS LTD,8-K,David C. Beling,Cto,spacy
"ARROWHEAD PHARMACEUTICALS, INC.",8-K,Javier San Martin,Director,spacy
"ARROWHEAD PHARMACEUTICALS, INC.",8-K,San Martin,Chief Medical Officer,spacy
"ARROWHEAD PHARMACEUTICALS, INC.",8-K,Bruce Given,Chief Medical Officer,spacy
Archer-Daniels-Midland Co,8-K,Vikram Luthar,Chief Financial Officer,spacy
Archer-Daniels-Midland Co,8-K,Ismael Roig,Director,spacy
Archer-Daniels-Midland Co,8-K,Terry Crews,Coo,spacy
Archer-Daniels-Midland Co,8-K,Juan Luciano,Ceo,spacy
Archer-Daniels-Midland Co,8-K,Roig Ismael Roig,Director,spacy
"MAGNITE, INC.",8-K,David Day,Chief Financial Officer,spacy
CHOICE HOTELS INTERNATIONAL INC /DE,8-K,Patrick Pacious,President,spacy
CHOICE HOTELS INTERNATIONAL INC /DE,8-K,Wu Simone Wu,Vice President,spacy
CHOICE HOTELS INTERNATIONAL INC /DE,8-K,Barbara Bennett,Cto,spacy
CHOICE HOTELS INTERNATIONAL INC /DE,8-K,Paul Allen,President,spacy
CHOICE HOTELS INTERNATIONAL INC /DE,8-K,Emanuel Pearlman,Chief Executive Officer,spacy
CHOICE HOTELS INTERNATIONAL INC /DE,8-K,Fiona Dias,Chief Strategy Officer,spacy
CHOICE HOTELS INTERNATIONAL INC /DE,8-K,James Nelson,Chief Executive Officer,spacy
CHOICE HOTELS INTERNATIONAL INC /DE,8-K,Nana Mensah,Chief Executive Officer,spacy
CHOICE HOTELS INTERNATIONAL INC /DE,8-K,William Grounds,President,spacy
ASTEC INDUSTRIES INC,8-K,Linda Knoll,Cfo,spacy
ASTEC INDUSTRIES INC,8-K,T. Jackson,Director,spacy
ASTEC INDUSTRIES INC,8-K,William Bradley,Director,spacy
ASTEC INDUSTRIES INC,8-K,William Gehl,Chairman,spacy
ASTEC INDUSTRIES INC,8-K,Patrick Shannon,Chief Executive Officer,spacy
ASTEC INDUSTRIES INC,8-K,Jeff Jackson,Chief Executive Officer,spacy
ASTEC INDUSTRIES INC,8-K,Steve Anderson,Vice President,spacy
"Natera, Inc.",8-K,Steve Chapman,Chief Executive Officer,spacy
"Natera, Inc.",8-K,Michael Brophy,Chief Financial Officer,spacy
"Natera, Inc.",8-K,Mike Brophy,Cfo,spacy
IONIS PHARMACEUTICALS INC,8-K,Kenneth Newman,Vice President,spacy
IONIS PHARMACEUTICALS INC,8-K,Brett P. Monia,Chief Executive Officer,spacy
IONIS PHARMACEUTICALS INC,8-K,Donidalorsen Donidalorsen,Cto,spacy
"SOLAREDGE TECHNOLOGIES, INC.",8-K,Zvi Lando,Chief Executive Officer,spacy
"TILLY'S, INC.",8-K,Edmond Thomas,Director,spacy
"TILLY'S, INC.",8-K,Hezy Shaked,Chief Executive Officer,spacy
"TILLY'S, INC.",8-K,Ed Thomas,President,spacy
"Dianthus Therapeutics, Inc. /DE/",8-K,Ryan Savitz,Chief Financial Officer,spacy
"Dianthus Therapeutics, Inc. /DE/",8-K,Adam M. Veness,General Counsel,spacy
"Dianthus Therapeutics, Inc. /DE/",8-K,Chris Maher,Cto,spacy
"Elevation Oncology, Inc.",8-K,Darcy Mootz,Director,spacy
"Elevation Oncology, Inc.",8-K,Tammy Furlong,Chief Financial Officer,spacy
"Energy Recovery, Inc.",8-K,David Moon,Chief Executive Officer,spacy
"Energy Recovery, Inc.",8-K,William Yeung,Chief Legal Officer,spacy
"Energy Recovery, Inc.",8-K,Pamela Tondreau,Cto,spacy
"MainStreet Bancshares, Inc.",8-K,Abdul Hersiburane,President,spacy
"ADTRAN Holdings, Inc.",8-K,Christopher Toney,Director,spacy
"ADTRAN Holdings, Inc.",8-K,Ulrich Dopfer Ulrich,Chief Financial Officer,spacy
Sagimet Biosciences Inc.,8-K,Dave Happel,President,spacy
Sagimet Biosciences Inc.,8-K,David Happel,Chief Executive Officer,spacy
Sagimet Biosciences Inc.,8-K,Anthony Rimac,Cfo,spacy
Sagimet Biosciences Inc.,8-K,Rohit Loomba,Director,spacy
"Apellis Pharmaceuticals, Inc.",8-K,Adam Townsend,Director,spacy
"Apellis Pharmaceuticals, Inc.",8-K,Timothy Sullivan,Chief Financial Officer,spacy
"Coherus BioSciences, Inc.",8-K,Diabetic Retinopathy,Cto,spacy
"Coherus BioSciences, Inc.",8-K,Benjamin A. Potter,Ceo,spacy
"Coherus BioSciences, Inc.",8-K,Josh Dubofsky,Ceo,spacy
"Coherus BioSciences, Inc.",8-K,Olivia Tyrrell,General Counsel,spacy
"Coherus BioSciences, Inc.",8-K,Michelle Carr,General Counsel,spacy
"Coherus BioSciences, Inc.",8-K,Denny Lanfear,Chairman,spacy
"Coherus BioSciences, Inc.",8-K,Jami Taylor,Cto,spacy
NewAmsterdam Pharma Co N.V.,8-K,Michael Davidson,Chief Executive Officer,spacy
NewAmsterdam Pharma Co N.V.,8-K,Louise Kooij Marc Ditmarsch,Ceo,spacy
Urgent.ly Inc.,8-K,Matt Booth,Chief Executive Officer,spacy
Urgent.ly Inc.,8-K,Timothy C. Huffmyer,Chief Financial Officer,spacy
"SEELOS THERAPEUTICS, INC.",8-K,Raj Mehra,Chairman,spacy
"SEELOS THERAPEUTICS, INC.",8-K,Tim Whitaker,Chief Medical Officer,spacy
"SEELOS THERAPEUTICS, INC.",8-K,Mike Moyer,Chief Communications Officer,spacy
"Zoned Properties, Inc.",8-K,Daniel Kravetz,Cto,spacy
"Zoned Properties, Inc.",8-K,Steve Kravetz,Cto,spacy
"Zoned Properties, Inc.",8-K,Arnold Horwich,Cto,spacy
"Zoned Properties, Inc.",8-K,Igor Blumin,Cto,spacy
"MIMEDX GROUP, INC.",8-K,Dan Fitzpatrick,President,spacy
"MIMEDX GROUP, INC.",8-K,Doug Rice,Chief Financial Officer,spacy
Apyx Medical Corp,8-K,Charlie Goodwin,President,spacy
Apyx Medical Corp,8-K,Matthew Hill,Chief Financial Officer,spacy
Adient plc,8-K,Jerome Dorlack,President,spacy
INTERNATIONAL TOWER HILL MINES LTD,8-K,Karl L. Hanneman,Chief Executive Officer,spacy
INTERNATIONAL TOWER HILL MINES LTD,8-K,Richard Solie,Chief Executive Officer,spacy
"CalciMedica, Inc.",8-K,John Dunn,General Counsel,spacy
"CalciMedica, Inc.",8-K,La Jolla,General Counsel,spacy
"CalciMedica, Inc.",8-K,A. Rachel Leheny,Chief Executive Officer,spacy
"CalciMedica, Inc.",8-K,Rachel Leheny,Chief Executive Officer,spacy
CARNIVAL CORP,8-K,David Bernstein,Chief Financial Officer,spacy
RespireRx Pharmaceuticals Inc.,8-K,Dariusz Nasiek,Director,spacy
RespireRx Pharmaceuticals Inc.,8-K,Joseph Siegelbaum,Director,spacy
RespireRx Pharmaceuticals Inc.,8-K,Dariusz Naziek,Treasurer,spacy
RespireRx Pharmaceuticals Inc.,8-K,Arnold Lippa,Chairman,spacy
RespireRx Pharmaceuticals Inc.,8-K,Jeff Margolis,Vice President,spacy
"Kaival Brands Innovations Group, Inc.",8-K,Barry Hopkins,Chairman,spacy
"Oric Pharmaceuticals, Inc.",8-K,Dominic Piscitelli,Chief Financial Officer,spacy
NEXTNAV INC.,8-K,John Muleta,Director,spacy
NEXTNAV INC.,8-K,Mariam Sorond,Director,spacy
"Northwest Bancshares, Inc.",8-K,Louis J. Torchio,President,spacy
UNIVERSAL ELECTRONICS INC,8-K,Richard A. Firehammer,General Counsel,spacy
UNIVERSAL ELECTRONICS INC,8-K,Kirsten Chapman,General Counsel,spacy
"Macy's, Inc.",8-K,Jeff Gennette,Chairman,spacy
COMTECH TELECOMMUNICATIONS CORP /DE/,8-K,Mark Quinlan,Director,spacy
COMTECH TELECOMMUNICATIONS CORP /DE/,8-K,Schulte Roth,Director,spacy
"BIOLARGO, INC.",8-K,Dennis P. Calvert,President,spacy
"Sacks Parente Golf, Inc.",8-K,Steve Handy,Chief Financial Officer,spacy
"Sacks Parente Golf, Inc.",8-K,Newton Shafts,Chief Financial Officer,spacy
"Sacks Parente Golf, Inc.",8-K,Greg Campbell,Chairman,spacy
Elevai Labs Inc.,8-K,Mark Lowdell,Ceo,spacy
Elevai Labs Inc.,8-K,Brenda Buechler,Chief Marketing Officer,spacy
AMERICAN WOODMARK CORP,8-K,Philip Fracassa,Director,spacy
AMERICAN WOODMARK CORP,8-K,Paul Joachimczyk,Vice President,spacy
BANK OF HAWAII CORP,8-K,Peter Ho,Chairman,spacy
Planet 13 Holdings Inc.,8-K,Robert Groesbeck,Chief Executive Officer,spacy
Planet 13 Holdings Inc.,8-K,Larry Scheffler,Chief Executive Officer,spacy
Planet 13 Holdings Inc.,8-K,Jack Freese,Cfo,spacy
Planet 13 Holdings Inc.,8-K,Dennis Logan,Cfo,spacy
Planet 13 Holdings Inc.,8-K,Bob Groesbeck,Ceo,spacy
INTUIT INC.,8-K,Richard L. Dalzell,Coo,spacy
INTUIT INC.,8-K,Sasan K. Goodarzi,Coo,spacy
NovAccess Global Inc.,8-K,Dwain K. Irvin,Chief Executive Officer,spacy
AIR T INC,8-K,Brian Ochocki,Cfo,spacy
AMERICAN BATTERY TECHNOLOGY Co,8-K,Ryan Melsert,Ceo,spacy
Oak Valley Bancorp,8-K,Jeffrey A. Gall,Vice President,spacy
"THERAPEUTIC SOLUTIONS INTERNATIONAL, INC.",8-K,Timothy Dixon,Chief Executive Officer,spacy
TRUSTCO BANK CORP N Y,8-K,Michael M. Ozimek,Vice President,spacy
Orgenesis Inc.,8-K,Victor Miller,Cto,spacy
SIGA TECHNOLOGIES INC,8-K,Diem Nguyen,Chief Executive Officer,spacy
SIGA TECHNOLOGIES INC,8-K,Phillip Louis Gomez,Chief Executive Officer,spacy
SIGA TECHNOLOGIES INC,8-K,Phil Gomez,Chief Executive Officer,spacy
Capital Bancorp Inc,8-K,Ed Barry,Chief Executive Officer,spacy
Capital Bancorp Inc,8-K,Steven J. Schwartz,Chairman,spacy
AGILYSYS INC,8-K,Dave Wood,Chief Financial Officer,spacy
AGILYSYS INC,8-K,Jessica Hennessy,Director,spacy
"Envirotech Vehicles, Inc.",8-K,Douglas M. Campoli,Chief Financial Officer,spacy
"Hanryu Holdings, Inc.",8-K,Chang Hyuk Kang,Chief Executive Officer,spacy
Agape ATP Corp,8-K,Kok Choong,Chief Executive Officer,spacy
FIRST CAPITAL INC,8-K,Monroe Shine,Director,spacy
PARK NATIONAL CORP /OH/,8-K,David L. Trautman,Unknown,spacy
PARK NATIONAL CORP /OH/,8-K,Brady T. Burt,Chairman,spacy
PARK NATIONAL CORP /OH/,8-K,David Trautman,Chairman,spacy
PARK NATIONAL CORP /OH/,8-K,Matthew Miller,Cto,spacy
PARK NATIONAL CORP /OH/,8-K,Matt Miller,Director,spacy
PARK NATIONAL CORP /OH/,8-K,Mark Miller,Director,spacy
MKS INSTRUMENTS INC,8-K,David Ryzhik,Vice President,spacy
"Vroom, Inc.",8-K,Thomas Shortt,Chief Executive Officer,spacy
"Vroom, Inc.",8-K,Robert Mylod,Director,spacy
"Cara Therapeutics, Inc.",8-K,Christopher Posner,President,spacy
Cosmos Health Inc.,8-K,Greg Siokas,Chief Executive Officer,spacy
"Babcock & Wilcox Enterprises, Inc.",8-K,Kenneth Young,Chairman,spacy
MICROCHIP TECHNOLOGY INC,8-K,Ellen Barker,Vice President,spacy
Amesite Inc.,8-K,Anthony M. Barkett,Director,spacy
Amesite Inc.,8-K,George Parmer,Director,spacy
Amesite Inc.,8-K,Ann Marie Sastry,Chief Executive Officer,spacy
"Novo Integrated Sciences, Inc.",8-K,Robert Mattacchione,Ceo,spacy
"Novo Integrated Sciences, Inc.",8-K,Chris David,Coo,spacy
ALTA EQUIPMENT GROUP INC.,8-K,Jeff Hoover,Chief Legal Officer,spacy
"First Guaranty Bancshares, Inc.",8-K,Eric J. Dosch,Chief Financial Officer,spacy
Greystone Housing Impact Investors LP,8-K,Kenneth C. Rogozinski,Chief Executive Officer,spacy
Greystone Housing Impact Investors LP,8-K,Andy Grier,Vice President,spacy
NBT BANCORP INC,8-K,John H. Watt,Director,spacy
NBT BANCORP INC,8-K,Annette L. Burns,Chief Financial Officer,spacy
NBT BANCORP INC,8-K,Martin A. Dietrich,Chief Financial Officer,spacy
NBT BANCORP INC,8-K,John Watt,Chairman,spacy
"Alaunos Therapeutics, Inc.",8-K,Dale Curtis,Director,spacy
SAFEGUARD SCIENTIFICS INC,8-K,Mark Dow,Cto,spacy
"Strategic Student & Senior Housing Trust, Inc.",8-K,John Strockis,Chief Executive Officer,spacy
ENTERPRISE FINANCIAL SERVICES CORP,8-K,Jim Lally,President,spacy
ENTERPRISE FINANCIAL SERVICES CORP,8-K,Keene Turner,Vice President,spacy
ENTERPRISE FINANCIAL SERVICES CORP,8-K,Steve Richardson,Vice President,spacy
LIVEPERSON INC,8-K,Monica Greenberg,Vice President,spacy
JACK HENRY & ASSOCIATES INC,8-K,David B. Foss,Chief Operating Officer,spacy
JACK HENRY & ASSOCIATES INC,8-K,Greg Adelson,President,spacy
JACK HENRY & ASSOCIATES INC,8-K,David Foss,President,spacy
"DSS, INC.",8-K,Todd Macko,Cfo,spacy
Triton International Ltd,8-K,Victoria Place,Cto,spacy
KB HOME,8-K,Melissa Lora,Director,spacy
KB HOME,8-K,Jeffery T. Mezger,Director,spacy
KB HOME,8-K,Jeff J. Kaminski,Unknown,spacy
KB HOME,8-K,William A.,Vice President,spacy
KB HOME,8-K,Richelieu William A.,Vice President,spacy
FTAC Emerald Acquisition Corp.,8-K,Bracebridge H. Young,President,spacy
EQUITY LIFESTYLE PROPERTIES INC,8-K,Paul Seavey,Vice President,spacy
PDS Biotechnology Corp,8-K,Lauren V. Wood,Director,spacy
PDS Biotechnology Corp,8-K,Kirk V. Shepard,Chief Medical Officer,spacy
PDS Biotechnology Corp,8-K,Kirk Shepard,Chief Medical Officer,spacy
COSTCO WHOLESALE CORP /NEW,8-K,Susan L. Decker,Director,spacy
COSTCO WHOLESALE CORP /NEW,8-K,Kenneth D. Denman,Director,spacy
COSTCO WHOLESALE CORP /NEW,8-K,John Sullivan,Vice President,spacy
SMARTFINANCIAL INC.,8-K,William Y. Carroll,President,spacy
SMARTFINANCIAL INC.,8-K,Miller Welborn,Cto,spacy
SMARTFINANCIAL INC.,8-K,Ron Gorczynski,Chairman,spacy
"OPENLANE, Inc.",8-K,Ontario Alberta,Unknown,spacy
Iron Horse Acquisitions Corp.,8-K,Lisa Hatton Harrington,Director,spacy
Presto Automation Inc.,8-K,Krishna Gupta,Chairman,spacy
Presto Automation Inc.,8-K,Steve Herbert,Chairman,spacy
Presto Automation Inc.,8-K,Ed Scheetz,Chairman,spacy
Presto Automation Inc.,8-K,Gail Zauder,Chairman,spacy
"Complete Solaria, Inc.",8-K,William J. Anderson,Director,spacy
"Complete Solaria, Inc.",8-K,William Anderson Separation,Director,spacy
"Complete Solaria, Inc.",8-K,David Anderson Additionally,Unknown,spacy
"Complete Solaria, Inc.",8-K,D. Anderson,Unknown,spacy
"Complete Solaria, Inc.",8-K,Chris Lundell,Chief Executive Officer,spacy
Sunoco LP,8-K,Related Transactions,Director,spacy
FRANKLIN COVEY CO,8-K,Stephen D. Young,Chief Financial Officer,spacy
SPRUCE POWER HOLDING CORP,8-K,Jon Norling,Chief Legal Officer,spacy
SPRUCE POWER HOLDING CORP,8-K,Jeffrey Suh,Unknown,spacy
SPRUCE POWER HOLDING CORP,8-K,Carl Enslin,Unknown,spacy
SPRUCE POWER HOLDING CORP,8-K,Simone Heridis,Unknown,spacy
SPRUCE POWER HOLDING CORP,8-K,Soraya Heridis,Unknown,spacy
SPRUCE POWER HOLDING CORP,8-K,Y. This Stipulation,Cto,spacy
SPRUCE POWER HOLDING CORP,8-K,Howard G. Smith,Unknown,spacy
SPRUCE POWER HOLDING CORP,8-K,Jed Melnick,Unknown,spacy
SPRUCE POWER HOLDING CORP,8-K,Garth A. Spencer,Unknown,spacy
AVISTA CORP,8-K,Kevin J. Christie,Vice President,spacy
"Idaho Strategic Resources, Inc.",8-K,John Swallow,President,spacy
"MANGOCEUTICALS, INC.",8-K,Keith Moore,Ceo,spacy
"MANGOCEUTICALS, INC.",8-K,Olshan Frome,Ceo,spacy
RBB Bancorp,8-K,Lynn Hopkins,Chief Financial Officer,spacy
RBB Bancorp,8-K,David Morris,Ceo,spacy
RBB Bancorp,8-K,James Kao,Director,spacy
LOGITECH INTERNATIONAL S.A.,8-K,Faber Johanna,Chief Executive Officer,spacy
LOGITECH INTERNATIONAL S.A.,8-K,Charles Boynton,Chief Executive Officer,spacy
LOGITECH INTERNATIONAL S.A.,8-K,Hanneke Faber,Chief Executive Officer,spacy
LOGITECH INTERNATIONAL S.A.,8-K,Chuck Boynton,Chief Financial Officer,spacy
"Distribution Solutions Group, Inc.",8-K,Cesar Lanuza,President,spacy
"Distribution Solutions Group, Inc.",8-K,Mary Porter,Chief Executive Officer,spacy
"BeiGene, Ltd.",8-K,John V. Oyler,Chairman,spacy
GENERAL ELECTRIC CO,8-K,Ghai Rahul Ghai,Vice President,spacy
KRONOS WORLDWIDE INC,8-K,Tim C. Hafer,Vice President,spacy
Vertex Energy Inc.,8-K,Chris Carlson,Chief Financial Officer,spacy
Target Hospitality Corp.,8-K,Troy Schrenk,Director,spacy
Target Hospitality Corp.,8-K,Eric T. Kalamaras,Director,spacy
Target Hospitality Corp.,8-K,Jason Vlacich,Director,spacy
Target Hospitality Corp.,8-K,Eric Kalamaras,Cfo,spacy
Target Hospitality Corp.,8-K,Brad Archer,President,spacy
RTX Corp,8-K,Greg Hayes,Chairman,spacy
RTX Corp,8-K,Chris Calio,President,spacy
PROCTER & GAMBLE Co,8-K,Jon Moeller,Chairman,spacy
DULUTH HOLDINGS INC.,8-K,Sam Sato,Director,spacy
DULUTH HOLDINGS INC.,8-K,Michael Murphy,Chief Financial Officer,spacy
DULUTH HOLDINGS INC.,8-K,Samuel M. Sato,President,spacy
DULUTH HOLDINGS INC.,8-K,Duluth Trading,Chief Financial Officer,spacy
HALLIBURTON CO,8-K,Jeff Miller,Chairman,spacy
SANDY SPRING BANCORP INC,8-K,Daniel J. Schrider,President,spacy
SANDY SPRING BANCORP INC,8-K,Philip J. Mantua,President,spacy
SANDY SPRING BANCORP INC,8-K,Jen Schell,Vice President,spacy
GMS Inc.,8-K,Peter Browning,Unknown,spacy
GMS Inc.,8-K,John J. Gavin,Director,spacy
NOCOPI TECHNOLOGIES INC/MD/,8-K,Joseph K. Raymond,Director,spacy
Atlantic Union Bankshares Corp,8-K,John C. Asbury,President,spacy
Atlantic Union Bankshares Corp,8-K,Robert M. Gorman,Vice President,spacy
LOCKHEED MARTIN CORP,8-K,Rebecca Miller,Director,spacy
LOCKHEED MARTIN CORP,8-K,Maria Ricciardone,Director,spacy
LOCKHEED MARTIN CORP,8-K,Jim Taiclet,Chairman,spacy
"ZEVRA THERAPEUTICS, INC.",8-K,Alvin Shih,Director,spacy
WEBSTER FINANCIAL CORP,8-K,Albert J. Wang,Vice President,spacy
JOHNSON & JOHNSON,8-K,Robert J. Decker,Unknown,spacy
JOHNSON & JOHNSON,8-K,Tesia Williams,Unknown,spacy
JOHNSON & JOHNSON,8-K,Joaquin Duato,Chairman,spacy
ATAI Life Sciences N.V.,8-K,Anthony Field,Director,spacy
ATAI Life Sciences N.V.,8-K,Tom Zierer,Director,spacy
"Lantheus Holdings, Inc.",8-K,Mary Anne,Director,spacy
"Lantheus Holdings, Inc.",8-K,Mark Kinarney,Cto,spacy
PACCAR INC,8-K,Preston Feight,Chief Executive Officer,spacy
PACCAR INC,8-K,Harrie Schippers,President,spacy
PACCAR INC,8-K,Mark Pigott,Chairman,spacy
PACCAR INC,8-K,Darrin Siver,Vice President,spacy
PACCAR INC,8-K,Harald Seidel,President,spacy
PACCAR INC,8-K,Laura Bloch,Vice President,spacy
PACCAR INC,8-K,Todd Hubbard,Vice President,spacy
PACCAR INC,8-K,Craig Gryniewicz,President,spacy
PACCAR INC,8-K,John Rich,Cto,spacy
PACCAR INC,8-K,Mike Dozier,Vice President,spacy
PACCAR INC,8-K,Paulo Bolgar,Vice President,spacy
"BGC Group, Inc.",8-K,Robert Allen,President,spacy
"BGC Group, Inc.",8-K,Isabelle Girolami,Ceo,spacy
"BGC Group, Inc.",8-K,Jason Angrisani,Cto,spacy
OLD NATIONAL BANCORP /IN/,8-K,Michael L. Scudder,Director,spacy
OLD NATIONAL BANCORP /IN/,8-K,Jim Ryan,Ceo,spacy
OLD NATIONAL BANCORP /IN/,8-K,Mike Scudder,Chairman,spacy
PEOPLES BANCORP INC,8-K,Chuck Sulerzyski,President,spacy
PEOPLES BANCORP INC,8-K,Katie Bailey,Vice President,spacy
GATX CORP,8-K,Robert C. Lyons,President,spacy
GATX CORP,8-K,Thomas A. Ellman,Vice President,spacy
"HomeTrust Bancshares, Inc.",8-K,Keith J. Houghton,Cto,spacy
"HomeTrust Bancshares, Inc.",8-K,Kevin Nunley,Vice President,spacy
COLONY BANKCORP INC,8-K,Heath Fountain,Chief Executive Officer,spacy
COLONY BANKCORP INC,8-K,Derek Shelnutt,Chief Accounting Officer,spacy
OXBRIDGE RE HOLDINGS Ltd,8-K,Jay Madhu,Ceo,spacy
OXBRIDGE RE HOLDINGS Ltd,8-K,Wrendon Timothy,Chief Financial Officer,spacy
AIR INDUSTRIES GROUP,8-K,Lou Melluzzo,Ceo,spacy
Healthier Choices Management Corp.,8-K,John Ollet Hollywood,Chief Financial Officer,spacy
"World Scan Project, Inc.",8-K,Ryohei Uetaki Ryohei,Chief Executive Officer,spacy
PHOTRONICS INC,8-K,Frank Lee,Director,spacy
PHOTRONICS INC,8-K,John Jordan,Vice President,spacy
PHOTRONICS INC,8-K,Eric Rivera,Vice President,spacy
PHOTRONICS INC,8-K,John P. Jordan,Vice President,spacy
"Eagle Bancorp Montana, Inc.",8-K,Laura F. Clark,President,spacy
"Eagle Bancorp Montana, Inc.",8-K,Miranda J. Spaulding,Vice President,spacy
"Eagle Bancorp Montana, Inc.",8-K,J. Spaulding,Vice President,spacy
"Eagle Bancorp Montana, Inc.",8-K,Miranda Spaulding,Cfo,spacy
PERMA FIX ENVIRONMENTAL SERVICES INC,8-K,Richard Grondin,Director,spacy
PERMA FIX ENVIRONMENTAL SERVICES INC,8-K,Mark Duff,Director,spacy
PERMA FIX ENVIRONMENTAL SERVICES INC,8-K,Louis Centofanti,Director,spacy
PERMA FIX ENVIRONMENTAL SERVICES INC,8-K,Ben Naccarato,Chief Executive Officer,spacy
CAPITAL CITY BANK GROUP INC,8-K,William G. Smith,Chairman,spacy
"SB FINANCIAL GROUP, INC.",8-K,Mark A. Klein,Chairman,spacy
HEIDRICK & STRUGGLES INTERNATIONAL INC,8-K,Tom Murray,President,spacy
HEIDRICK & STRUGGLES INTERNATIONAL INC,8-K,Tom Monahan,President,spacy
HEIDRICK & STRUGGLES INTERNATIONAL INC,8-K,Adam Warby,Chairman,spacy
HEIDRICK & STRUGGLES INTERNATIONAL INC,8-K,Mark Harris,Cfo,spacy
HEIDRICK & STRUGGLES INTERNATIONAL INC,8-K,Steven Horwitz,Director,spacy
"BLACKSTAR ENTERPRISE GROUP, INC.",8-K,Joseph Kurczodyna,Chief Executive Officer,spacy
"HNO International, Inc.",8-K,Paul Mueller,Chief Executive Officer,spacy
COMMUNITY BANCORP /VT,8-K,Kathryn M. Austin,Chief Executive Officer,spacy
COMMUNITY BANCORP /VT,8-K,Kathryn Austin,President,spacy
"Tianci International, Inc.",8-K,Zhigang Pei,Director,spacy
"Tianci International, Inc.",8-K,David Wei Fang,Director,spacy
"Tianci International, Inc.",8-K,Jack Fan Liu,Director,spacy
"Tianci International, Inc.",8-K,Jimmy Weiyu Zhu,Director,spacy
"Tianci International, Inc.",8-K,Shufang Gao,Chief Executive Officer,spacy
QNB CORP,8-K,Jeffrey Lehocky,Chief Financial Officer,spacy
TIMBERLAND BANCORP INC,8-K,Jonathan A. Fischer,Chief Financial Officer,spacy
TIMBERLAND BANCORP INC,8-K,Dean Brydon,Chief Executive Officer,spacy
TIMBERLAND BANCORP INC,8-K,Jonathan Fischer,President,spacy
TIMBERLAND BANCORP INC,8-K,Dean J. Brydon,Chief Financial Officer,spacy
"MDWerks, Inc.",8-K,Steven Laker,Ceo,spacy
"CNS Pharmaceuticals, Inc.",8-K,Amy Mahery,Director,spacy
"CNS Pharmaceuticals, Inc.",8-K,Chris Downs,Chief Financial Officer,spacy
"CSB Bancorp, Inc.",8-K,Eddie Steiner,President,spacy
"CSB Bancorp, Inc.",8-K,Paula J. Meiler,Vice President,spacy
NETFLIX INC,8-K,Greg Peters,Ceo,spacy
NETFLIX INC,8-K,Ted Sarandos,Ceo,spacy
NETFLIX INC,8-K,Spencer Wang,Ceo,spacy
"Veritone, Inc.",8-K,Chad Steelberg,Chairman,spacy
"Veritone, Inc.",8-K,Michael L. Zemetra,Vice President,spacy
QUALCOMM INC/DE,8-K,Akash Palkhiwala,Director,spacy
"Business First Bancshares, Inc.",8-K,Jude Melville,President,spacy
CONNECTICUT LIGHT & POWER CO,8-K,Samantha Popkin,Treasurer,spacy
CONNECTICUT LIGHT & POWER CO,8-K,Joseph Denno,Vice President,spacy
CONNECTICUT LIGHT & POWER CO,8-K,Kerry J. Tomasevich,General Counsel,spacy
LESAKA TECHNOLOGIES INC,8-K,Ms Patience Rolls,President,spacy
QCR HOLDINGS INC,8-K,Larry J. Helling,Chief Executive Officer,spacy
QCR HOLDINGS INC,8-K,Todd A. Gipple,President,spacy
"Citius Pharmaceuticals, Inc.",8-K,Robert J. Smith,Director,spacy
"Citius Pharmaceuticals, Inc.",8-K,Leonard Mazur,Chairman,spacy
HANMI FINANCIAL CORP,8-K,Bonnie Lee,Ceo,spacy
HANMI FINANCIAL CORP,8-K,Larry Clark,Vice President,spacy
"Investcorp Credit Management BDC, Inc.",8-K,Hamilton Ave,Director,spacy
"Sight Sciences, Inc.",8-K,Ali Bauerlein,Chief Financial Officer,spacy
"Sight Sciences, Inc.",8-K,Jeremy Hayden,Chief Financial Officer,spacy
"Sight Sciences, Inc.",8-K,Alison Bauerlein,Chief Financial Officer,spacy
"Sight Sciences, Inc.",8-K,Cristy Barnes,Chief Legal Officer,spacy
R F INDUSTRIES LTD,8-K,Robert Dawson,President,spacy
R F INDUSTRIES LTD,8-K,Peter Yin,Cfo,spacy
Hewlett Packard Enterprise Co,8-K,Alan May,Cto,spacy
Hewlett Packard Enterprise Co,8-K,Kristin Major,Director,spacy
Hewlett Packard Enterprise Co,8-K,Succeeds Alan,Chief People Officer,spacy
Hewlett Packard Enterprise Co,8-K,Antonio Neri,Ceo,spacy
Hewlett Packard Enterprise Co,8-K,Fidelma Russo,Chief Technology Officer,spacy
EAST WEST BANCORP INC,8-K,Christopher J. Del,Vice President,spacy
EAST WEST BANCORP INC,8-K,Christopher Del,Chief Financial Officer,spacy
EAST WEST BANCORP INC,8-K,Dominic Ng,Chairman,spacy
CNB FINANCIAL CORP/PA,8-K,Michael D. Peduzzi,President,spacy
"Purple Innovation, Inc.",8-K,Lien Waiver,Cto,spacy
"Triumph Financial, Inc.",8-K,Aaron P. Graft Founder,Chairman,spacy
"Triumph Financial, Inc.",8-K,Brad Voss,Chairman,spacy
DEVON ENERGY CORP/DE,8-K,Jeremy Humphers,Director,spacy
DEVON ENERGY CORP/DE,8-K,John Sherrer,Director,spacy
"Zedge, Inc.",8-K,Mark Ghermezian,Cto,spacy
"Stride, Inc.",8-K,Timothy Casey,Vice President,spacy
BODY & MIND INC.,8-K,Michael Mills,Ceo,spacy
"PAYCOR HCM, INC.",8-K,Ryan Bergstrom,Director,spacy
PREMIER FINANCIAL CORP,8-K,Gary M. Small,President,spacy
PREMIER FINANCIAL CORP,8-K,Gary Small,President,spacy
PREMIER FINANCIAL CORP,8-K,Paul Nungester,Cfo,spacy
ARES CAPITAL CORP,8-K,Monica Shilling,General Counsel,spacy
ARES CAPITAL CORP,8-K,Christopher Wu,General Counsel,spacy
RENASANT CORP,8-K,C. Mitchell,Chief Executive Officer,spacy
RENASANT CORP,8-K,C. Mitchell Waycaster,Chief Executive Officer,spacy
"Western New England Bancorp, Inc.",8-K,Meghan Hibner,President,spacy
"Western New England Bancorp, Inc.",8-K,Darlene Libiszewski,Vice President,spacy
"Western New England Bancorp, Inc.",8-K,John Bonini,Vice President,spacy
"Western New England Bancorp, Inc.",8-K,Christine Phillips,Chief Credit Officer,spacy
INTERPARFUMS INC,8-K,Michel Atwood Michel,Chief Financial Officer,spacy
INTERPARFUMS INC,8-K,Jean Madar,Chairman,spacy
WINNEBAGO INDUSTRIES INC,8-K,Mike Voris,Chief Financial Officer,spacy
WINNEBAGO INDUSTRIES INC,8-K,J. Happe,Unknown,spacy
WINNEBAGO INDUSTRIES INC,8-K,L. Bogart,Director,spacy
WINNEBAGO INDUSTRIES INC,8-K,J. Clark,Director,spacy
WINNEBAGO INDUSTRIES INC,8-K,L. Kroon,Director,spacy
WINNEBAGO INDUSTRIES INC,8-K,Kathy Hiebert,Treasurer,spacy
WINNEBAGO INDUSTRIES INC,8-K,Michael Voris,Treasurer,spacy
WINNEBAGO INDUSTRIES INC,8-K,Eric Benedict,Director,spacy
FIRST COMMUNITY BANKSHARES INC /VA/,8-K,David D. Brown,Chief Financial Officer,spacy
Oncocyte Corp,8-K,Joshua Riggs,President,spacy
WESBANCO INC,8-K,Daniel K. Weiss,Vice President,spacy
WESBANCO INC,8-K,John H. Iannone,Vice President,spacy
TRUSTMARK CORP,8-K,Duane A. Dewey,President,spacy
TRUSTMARK CORP,8-K,Thomas C. Owens,Treasurer,spacy
TRUSTMARK CORP,8-K,Melanie A. Morgan,Treasurer,spacy
TRUSTMARK CORP,8-K,F. Joseph Rein,Treasurer,spacy
TRUSTMARK CORP,8-K,Arthur Lamar Adams,Cto,spacy
"Corvus Pharmaceuticals, Inc.",8-K,Edith P. Mitchell,Director,spacy
"Corvus Pharmaceuticals, Inc.",8-K,Leiv Lea,Chief Financial Officer,spacy
"Corvus Pharmaceuticals, Inc.",8-K,Richard A. Miller,President,spacy
FIRST BUSEY CORP /NV/,8-K,Monica L. Bowe,Chief Risk Officer,spacy
FIRST BUSEY CORP /NV/,8-K,Joseph A. Sheils,President,spacy
FIRST BUSEY CORP /NV/,8-K,Van A. Dukeman,President,spacy
FIRST BUSEY CORP /NV/,8-K,Robert F. Plecki,President,spacy
FIRST BUSEY CORP /NV/,8-K,Regions Martin,President,spacy
"Interactive Strength, Inc.",8-K,Trent A. Ward,Chief Executive Officer,spacy
"Interactive Strength, Inc.",8-K,Michael J. Madigan,Chief Financial Officer,spacy
"Interactive Strength, Inc.",8-K,Joe Ellis,Cto,spacy
"Interactive Strength, Inc.",8-K,Trent Ward,Ceo,spacy
NEW PEOPLES BANKSHARES INC,8-K,Christopher G.,Vice President,spacy
NEW PEOPLES BANKSHARES INC,8-K,Christopher G. Speaks,Vice President,spacy
GRAN TIERRA ENERGY INC.,8-K,Gary Guidry,President,spacy
GRAN TIERRA ENERGY INC.,8-K,Rodger Trimble,Chief Executive Officer,spacy
GRAN TIERRA ENERGY INC.,8-K,Ryan Ellson,Vice President,spacy
"BIO-PATH HOLDINGS, INC.",8-K,Peter H. Nielsen,President,spacy
"ONE Gas, Inc.",8-K,Christopher P. Sighinolfi,Vice President,spacy
"KBR, INC.",8-K,J. Jay,President,spacy
"MOBIX LABS, INC",8-K,Michael Long,Director,spacy
"MOBIX LABS, INC",8-K,Michael J. Long,Chairman,spacy
Baker Hughes Co,8-K,Lorenzo Simonelli,Chairman,spacy
"Decentral Life, Inc.",8-K,Ken Tapp,Ceo,spacy
"Decentral Life, Inc.",8-K,Leslie Bocskor,Ceo,spacy
EBAY INC,8-K,Jamie Iannone,President,spacy
DORIAN LPG LTD.,8-K,Ted Young,Chief Financial Officer,spacy
ESG Inc.,8-K,Zhi Yang,President,spacy
"Outlook Therapeutics, Inc.",8-K,Faisal G. Sukhtian,Director,spacy
"Outlook Therapeutics, Inc.",8-K,John M. Fife,President,spacy
"Outlook Therapeutics, Inc.",8-K,Russell Trenary,President,spacy
"Outlook Therapeutics, Inc.",8-K,Yezan Haddadin,Director,spacy
"Outlook Therapeutics, Inc.",8-K,Andong Huang,Director,spacy
"Outlook Therapeutics, Inc.",8-K,Zongmei Zheng,Chairman,spacy
"Outlook Therapeutics, Inc.",8-K,Jenene Thomas,Chief Executive Officer,spacy
"Elevance Health, Inc.",8-K,Gail K. Boudreaux,President,spacy
TE Connectivity plc,8-K,Heath A. Mitts,Vice President,spacy
TE Connectivity plc,8-K,Terrence Curtin,Ceo,spacy
AT&T INC.,8-K,Sabrina Sanders,Vice President,spacy
PROSPERITY BANCSHARES INC,8-K,Charlotte M. Rasche,Vice President,spacy
PROSPERITY BANCSHARES INC,8-K,David Zalman,Chairman,spacy
PROSPERITY BANCSHARES INC,8-K,Victoria Main,Cto,spacy
"HBT Financial, Inc.",8-K,Lance Carter,President,spacy
"HBT Financial, Inc.",8-K,Fred Drake,President,spacy
"HBT Financial, Inc.",8-K,George Drake,President,spacy
"HBT Financial, Inc.",8-K,J. Lance Carter,Chairman,spacy
"HBT Financial, Inc.",8-K,Diane H. Lanier,Chief Credit Officer,spacy
"HBT Financial, Inc.",8-K,Peter Chapman,Chief Risk Officer,spacy
"HBT Financial, Inc.",8-K,J. Lance,Chairman,spacy
"HBT Financial, Inc.",8-K,Patrick F. Busch,Director,spacy
"HBT Financial, Inc.",8-K,Linda J. Koch,Director,spacy
"HBT Financial, Inc.",8-K,Allen C. Drake,Director,spacy
"HBT Financial, Inc.",8-K,C. Alvin Bowman,Director,spacy
"HBT Financial, Inc.",8-K,Roger A. Baker,Director,spacy
"DuPont de Nemours, Inc.",8-K,Ed Breen,Chairman,spacy
Pluri Inc.,8-K,Michal Ogolnik,Cto,spacy
STIFEL FINANCIAL CORP,8-K,Ronald J. Kruszewski,Chairman,spacy
KIMBERLY CLARK CORP,8-K,Mike Hsu,Chairman,spacy
KIMBERLY CLARK CORP,8-K,Nelson Urdaneta,Chairman,spacy
"Stock Yards Bancorp, Inc.",8-K,T. Clay,Vice President,spacy
"Stock Yards Bancorp, Inc.",8-K,Stinnett T. Clay,Vice President,spacy
ABBOTT LABORATORIES,8-K,Philip P. Boudreau,Vice President,spacy
ABBOTT LABORATORIES,8-K,Robert B. Ford,Chairman,spacy
TELEDYNE TECHNOLOGIES INC,8-K,Robert Mehrabian,Chairman,spacy
UNITED COMMUNITY BANKS INC,8-K,Jefferson L. Harralson,Vice President,spacy
UNITED COMMUNITY BANKS INC,8-K,Jefferson Harralson,Chief Financial Officer,spacy
UNITED COMMUNITY BANKS INC,8-K,Lynn Harton,Chairman,spacy
SIMMONS FIRST NATIONAL CORP,8-K,James M. Brogdon,President,spacy
SIMMONS FIRST NATIONAL CORP,8-K,Bob Fehlman,Director,spacy
SIMMONS FIRST NATIONAL CORP,8-K,Ed Bilek,Director,spacy
"Sterling Bancorp, Inc.",8-K,Karen Knott Karen,Chief Financial Officer,spacy
FREEPORT-MCMORAN INC,8-K,Ellie L. Mikes,Vice President,spacy
FREEPORT-MCMORAN INC,8-K,C. Adkerson,Chairman,spacy
"Astrana Health, Inc.",8-K,Brandon Sim,Chief Executive Officer,spacy
"Astrana Health, Inc.",8-K,Chandan Basho,Chairman,spacy
"Astrana Health, Inc.",8-K,Kenneth Sim,Director,spacy
NATIONAL BANKSHARES INC,8-K,Alan Sweet,President,spacy
NATIONAL BANKSHARES INC,8-K,F. Brad Denardo,President,spacy
NATIONAL BANKSHARES INC,8-K,Alan J. Sweet,President,spacy
NATIONAL BANKSHARES INC,8-K,Brad Denardo,Chairman,spacy
"PARKE BANCORP, INC.",8-K,Jonathan D. Hill,Vice President,spacy
"New Concept Energy, Inc.",8-K,Dan Locklear,Director,spacy
"New Concept Energy, Inc.",8-K,Cecilia Maynard,Director,spacy
"New Concept Energy, Inc.",8-K,Raymond D. Roberts,Director,spacy
FORWARD AIR CORP,8-K,Lilianna Anh P. Townsend,Unknown,spacy
FORWARD AIR CORP,8-K,Daniel M. Rusk,Unknown,spacy
FORWARD AIR CORP,8-K,William Savitt,Unknown,spacy
FORWARD AIR CORP,8-K,Tom Schmitt,Chairman,spacy
PROGRESSIVE CORP/OH/,8-K,Mariann Wojtkun,Vice President,spacy
PROGRESSIVE CORP/OH/,8-K,Tricia Griffith,Ceo,spacy
PROGRESSIVE CORP/OH/,8-K,John Sauerland,Ceo,spacy
SYPRIS SOLUTIONS INC,8-K,John F. Brinkley,Director,spacy
SYPRIS SOLUTIONS INC,8-K,Richard L. Davis,Vice President,spacy
Ondas Holdings Inc.,8-K,Eric Brock,Chief Financial Officer,spacy
Ondas Holdings Inc.,8-K,Eric A. Brock,Chief Executive Officer,spacy
"Moleculin Biotech, Inc.",8-K,Walter Klemp,Chairman,spacy
FARMERS & MERCHANTS BANCORP,8-K,Kent Steinwert,Ceo,spacy
"John Marshall Bancorp, Inc.",8-K,Kent D. Carstater,Vice President,spacy
BATTALION OIL CORP,8-K,Matthew Steele,Chief Executive Officer,spacy
Optex Systems Holdings Inc,8-K,Karen Hawkins,Chief Financial Officer,spacy
Optex Systems Holdings Inc,8-K,Danny Schoening,Ceo,spacy
UNIVERSAL STAINLESS & ALLOY PRODUCTS INC,8-K,Christopher M. Zimmer,President,spacy
Sidus Space Inc.,8-K,Richard J. Berman,Cto,spacy
AMPHENOL CORP /DE/,8-K,Craig A. Lampo,Vice President,spacy
Connexa Sports Technologies Inc.,8-K,Mike Ballardie,Chief Executive Officer,spacy
Connexa Sports Technologies Inc.,8-K,Mark Radom,Chief Executive Officer,spacy
Connexa Sports Technologies Inc.,8-K,George Mackin,Chief Executive Officer,spacy
Blue Foundry Bancorp,8-K,James D. Nesci,President,spacy
STEEL DYNAMICS INC,8-K,Mark D. Millett,Chairman,spacy
Mars Acquisition Corp.,8-K,Iris Zhao,Chief Executive Officer,spacy
S&T BANCORP INC,8-K,Mark Kochvar,Vice President,spacy
S&T BANCORP INC,8-K,Bhaskar Ramachandran,Director,spacy
S&T BANCORP INC,8-K,Christine Toretti,Director,spacy
Lexaria Bioscience Corp.,8-K,Christopher Bunka,Chief Executive Officer,spacy
Lexaria Bioscience Corp.,8-K,Chris Bunka,Ceo,spacy
CITY HOLDING CO,8-K,David L. Bumgarner,Vice President,spacy
"Strategic Realty Trust, Inc.",8-K,Matthew Schreiber,Chief Executive Officer,spacy
"Crexendo, Inc.",8-K,Jeffrey G. Korn,Director,spacy
Bowen Acquisition Corp,8-K,Liangwen Wang,Chief Financial Officer,spacy
Bowen Acquisition Corp,8-K,Jiangang Luo,Chief Executive Officer,spacy
Bowen Acquisition Corp,8-K,Graubard Miller,Unknown,spacy
REPUBLIC BANCORP INC /KY/,8-K,Kevin Sipes,Vice President,spacy
Roadzen Inc.,8-K,Rohan Malhotra,Chief Executive Officer,spacy
CSX CORP,8-K,Joe Hinrichs,President,spacy
CSX CORP,8-K,Angela C. Williams,Vice President,spacy
"BJ's Wholesale Club Holdings, Inc.",8-K,Christopher Baldwin,Director,spacy
Knight-Swift Transportation Holdings Inc.,8-K,David Jackson,Ceo,spacy
HEARTLAND FINANCIAL USA INC,8-K,Kevin L. Thompson,Vice President,spacy
Inogen Inc,8-K,Kevin Smith,President,spacy
Inogen Inc,8-K,Michael Bourque,Chief Financial Officer,spacy
Inogen Inc,8-K,Keystone Dental,Chief Financial Officer,spacy
Inogen Inc,8-K,Michael Sergesketter,Director,spacy
Inogen Inc,8-K,Mike Sergesketter,Chief Financial Officer,spacy
FIRST BANCORP /NC/,8-K,Richard H. Moore,Ceo,spacy
VISA INC.,8-K,Kelly Mahon,Corporate Secretary,spacy
VISA INC.,8-K,Adrian Phillips,General Counsel,spacy
JVSPAC Acquisition Corp.,8-K,James Siegel,General Counsel,spacy
JVSPAC Acquisition Corp.,8-K,Giovanni Caruso,General Counsel,spacy
RESMED INC,8-K,Mick Farrell,Ceo,spacy
RESMED INC,8-K,Justin Leong,Chief Product Officer,spacy
RESMED INC,8-K,Katrin Pucknat,Chief Product Officer,spacy
RESMED INC,8-K,Mike Fliss,Chief Product Officer,spacy
RESMED INC,8-K,Rob Douglas,Chief Product Officer,spacy
Philip Morris International Inc.,8-K,Darlene Quashie,Vice President,spacy
Philip Morris International Inc.,8-K,Yves Ducrey,Director,spacy
KEMPER Corp,8-K,C. Thomas Evans,Vice President,spacy
Seagate Technology Holdings plc,8-K,Dave Mosley,Chief Executive Officer,spacy
SolarWinds Corp,8-K,J. Barton,Chief Financial Officer,spacy
SolarWinds Corp,8-K,Kalsu J. Barton,Chief Financial Officer,spacy
SolarWinds Corp,8-K,Zachary Quan,Vice President,spacy
CONNS INC,8-K,Katherine Bologna,Cto,spacy
Concentrix Corp,8-K,Chris Caldwell,President,spacy
LAM RESEARCH CORP,8-K,Tim Archer,President,spacy
"Bankwell Financial Group, Inc.",8-K,Christopher Gruseke,Chief Executive Officer,spacy
"Bankwell Financial Group, Inc.",8-K,Christine A. Chivily,Chief Credit Officer,spacy
"Sage Therapeutics, Inc.",8-K,Jennifer Fitzpatrick,Vice President,spacy
"PATHWARD FINANCIAL, INC.",8-K,Brett Pharr,Ceo,spacy
"ServiceNow, Inc.",8-K,Gina Mastantuono,Chief Financial Officer,spacy
"Arq, Inc.",8-K,Excusable Delay,Cto,spacy
"Arq, Inc.",8-K,Robert Rasmus,Ceo,spacy
"Arq, Inc.",8-K,Deke Williamson,Coo,spacy
AIR LEASE CORP,8-K,Logan Tiari Logan,Coo,spacy
BROOKLINE BANCORP INC,8-K,Paul Perrault,Ceo,spacy
BROOKLINE BANCORP INC,8-K,Carl M. Carlson Brookline,Cto,spacy
BROOKLINE BANCORP INC,8-K,Paul A. Perrault,Chairman,spacy
BROOKLINE BANCORP INC,8-K,Carl M. Carlson,Chairman,spacy
"Origin Bancorp, Inc.",8-K,William J. Wallace,Chief Financial Officer,spacy
"Origin Bancorp, Inc.",8-K,Jerome Powell,Chairman,spacy
INTERNATIONAL BUSINESS MACHINES CORP,8-K,Arvind Krishna,Chairman,spacy
INTERNATIONAL BUSINESS MACHINES CORP,8-K,James Kavanaugh,Vice President,spacy
Warner Music Group Corp.,8-K,Artist Arena,Vice President,spacy
ALERUS FINANCIAL CORP,8-K,Katie A. Lorenson,President,spacy
ALERUS FINANCIAL CORP,8-K,Katie Lorenson,Ceo,spacy
ALERUS FINANCIAL CORP,8-K,Raymond James,Chairman,spacy
ALERUS FINANCIAL CORP,8-K,Joined Alerus,Vice President,spacy
ETHAN ALLEN INTERIORS INC,8-K,Ethan Allen,Chief Financial Officer,spacy
ETHAN ALLEN INTERIORS INC,8-K,Farooq Kathwari,Chairman,spacy
"First Bancorp, Inc /ME/",8-K,Richard M. Elder,Vice President,spacy
"First Bancorp, Inc /ME/",8-K,M. Elder,Chief Financial Officer,spacy
AMERIPRISE FINANCIAL INC,8-K,Jim Cracchiolo,Chairman,spacy
"Manitex International, Inc.",8-K,Takashi Kiso,Director,spacy
"Manitex International, Inc.",8-K,Shinichi Iimura,Ceo,spacy
"Manitex International, Inc.",8-K,David Langevin,Director,spacy
"DIEBOLD NIXDORF, Inc",8-K,Diebold Nixdorf,Director,spacy
"DIEBOLD NIXDORF, Inc",8-K,Octavio Marquez,President,spacy
"DIEBOLD NIXDORF, Inc",8-K,James Barna,President,spacy
"DIEBOLD NIXDORF, Inc",8-K,Ilhami Cantadurucu,Vice President,spacy
"DIEBOLD NIXDORF, Inc",8-K,Jonathan Myers,Vice President,spacy
"DIEBOLD NIXDORF, Inc",8-K,Elizabeth Christine Radigan,Vice President,spacy
"DIEBOLD NIXDORF, Inc",8-K,Frank Baur,Vice President,spacy
"DIEBOLD NIXDORF, Inc",8-K,Elizabeth C. Radigan,Vice President,spacy
"Hanover Bancorp, Inc. /NY",8-K,Lance P. Burke,Vice President,spacy
BOISE CASCADE Co,8-K,Jill Twedt,Vice President,spacy
RLI CORP,8-K,Craig Kliethermes,President,spacy
"Baldwin Insurance Group, Inc.",8-K,Daniel Galbraith,Director,spacy
"Baldwin Insurance Group, Inc.",8-K,James Roche,Director,spacy
FS KKR Capital Corp,8-K,Stephen Sypherd,General Counsel,spacy
RAYMOND JAMES FINANCIAL INC,8-K,Paul M. Shoukry,Chief Financial Officer,spacy
RAYMOND JAMES FINANCIAL INC,8-K,Paul Reilly,Ceo,spacy
"22nd Century Group, Inc.",8-K,Larry Firestone,Chairman,spacy
HEXCEL CORP /DE/,8-K,Patrick Winterlich,Chief Financial Officer,spacy
"Fortune Valley Treasures, Inc.",8-K,Ruben Louis,Director,spacy
"Fortune Valley Treasures, Inc.",8-K,Chaoping Chen,Director,spacy
KADANT INC,8-K,Jeffrey L. Powell,President,spacy
KADANT INC,8-K,C. Mecke,President,spacy
"Medalist Diversified REIT, Inc.",8-K,C. Brent Winn,Chief Financial Officer,spacy
PUBLIC SERVICE ENTERPRISE GROUP INC,8-K,Rose M. Chernick,Vice President,spacy
PUBLIC SERVICE ENTERPRISE GROUP INC,8-K,Chan Marijke Shugrue,Director,spacy
CATHAY GENERAL BANCORP,8-K,Chang M. Liu,President,spacy
"COLUMBIA BANKING SYSTEM, INC.",8-K,Clint Stein,Ceo,spacy
"COLUMBIA BANKING SYSTEM, INC.",8-K,Chris Merrywell,President,spacy
"COLUMBIA BANKING SYSTEM, INC.",8-K,Ron Farnsworth,Chief Financial Officer,spacy
SLM Corp,8-K,Peter M. Graham,Vice President,spacy
First Internet Bancorp,8-K,Kenneth J. Lovik,Vice President,spacy
"Live Oak Bancshares, Inc.",8-K,J. Wesley,Chief Accounting Officer,spacy
"Live Oak Bancshares, Inc.",8-K,Walter J. Phifer,Cfo,spacy
EAGLE BANCORP INC,8-K,Susan G. Riel,President,spacy
Bridgewater Bancshares Inc,8-K,Jerry Baack,Chairman,spacy
Bridgewater Bancshares Inc,8-K,Justin Horstman,President,spacy
WEYERHAEUSER CO,8-K,Kristy T. Harlan,Vice President,spacy
CACI INTERNATIONAL INC /DE/,8-K,J. William Koegel,Vice President,spacy
CACI INTERNATIONAL INC /DE/,8-K,John Mengucci,President,spacy
CACI INTERNATIONAL INC /DE/,8-K,Tanya M. Skeen,Vice President,spacy
EQUITY BANCSHARES INC,8-K,Chris M. Navratil,Vice President,spacy
EQUITY BANCSHARES INC,8-K,Brad Elliott,Chairman,spacy
EQUITY BANCSHARES INC,8-K,Chris Navratil,Chairman,spacy
EQUITY BANCSHARES INC,8-K,John J. Hanley,Director,spacy
EQUITY BANCSHARES INC,8-K,Ann Knutson,Chief Risk Officer,spacy
"Mativ Holdings, Inc.",8-K,Julie Schertell,President,spacy
"Mativ Holdings, Inc.",8-K,Andrew Downard,Chief Customer Officer,spacy
"Mativ Holdings, Inc.",8-K,Christoph Stenzel,President,spacy
"Mativ Holdings, Inc.",8-K,Ryan Elwart,President,spacy
"Mativ Holdings, Inc.",8-K,Chris Kuepper,Director,spacy
"Akoustis Technologies, Inc.",8-K,Kenneth Boller,Chief Financial Officer,spacy
Bristow Group Inc.,8-K,Chris Bradshaw,President,spacy
Bristow Group Inc.,8-K,Jack P. Gilchrist,Unknown,spacy
Bristow Group Inc.,8-K,Paul Keilty,Director,spacy
Bristow Group Inc.,8-K,John Ngwaro,Director,spacy
Bristow Group Inc.,8-K,Frances Herd,Director,spacy
Bristow Group Inc.,8-K,Ayan Banerjee,Director,spacy
"COHEN & STEERS, INC.",8-K,Joseph Harvey,Chief Executive Officer,spacy
"COHEN & STEERS, INC.",8-K,Matthew Stadler,Chief Executive Officer,spacy
"COHEN & STEERS, INC.",8-K,Jon Cheigh,Chief Executive Officer,spacy
"FIVE BELOW, INC",8-K,Karen Bowman,Director,spacy
"FIVE BELOW, INC",8-K,Thomas Vellios,Cto,spacy
"FIVE BELOW, INC",8-K,Christiane Pelz,Vice President,spacy
"FS Bancorp, Inc.",8-K,Joseph C. Adams,Chief Executive Officer,spacy
"FS Bancorp, Inc.",8-K,Matthew D. Mullet,Chief Executive Officer,spacy
"FS Bancorp, Inc.",8-K,Joe Adams,Ceo,spacy
"FS Bancorp, Inc.",8-K,Matthew Mullet,Cfo,spacy
"RCM TECHNOLOGIES, INC.",8-K,Michael Saks,Director,spacy
"RCM TECHNOLOGIES, INC.",8-K,Kevin D. Miller,Chief Financial Officer,spacy
"MONRO, INC.",8-K,Mike Broderick,President,spacy
"MONRO, INC.",8-K,Felix Veksler,Director,spacy
Franklin BSP Capital Corp,8-K,Richard Byrne,President,spacy
"Bright Mountain Media, Inc.",8-K,Pamela J. Parizek,Director,spacy
"Bright Mountain Media, Inc.",8-K,Matt Drinkwater,Chief Executive Officer,spacy
NOVAGOLD RESOURCES INC,8-K,Ben Machlis,General Counsel,spacy
NOVAGOLD RESOURCES INC,8-K,Richard Williams,General Counsel,spacy
NOVAGOLD RESOURCES INC,8-K,David A. Ottewell,Vice President,spacy
NOVAGOLD RESOURCES INC,8-K,Gregory A. Lang,President,spacy
Liberty Energy Inc.,8-K,Chris Wright,Chief Executive Officer,spacy
Liberty Energy Inc.,8-K,Ron Gusek,Chief Executive Officer,spacy
"SpringBig Holdings, Inc.",8-K,Jon Trauben,Chief Executive Officer,spacy
"SpringBig Holdings, Inc.",8-K,David Feldman,Chief Financial Officer,spacy
FIRST COMMUNITY CORP /SC/,8-K,Robin D. Brown,Vice President,spacy
FIRST COMMUNITY CORP /SC/,8-K,Mike Crapps,President,spacy
FIRST COMMUNITY CORP /SC/,8-K,Ted Nissen,President,spacy
XAI Octagon Floating Rate & Alternative Income Trust,8-K,Gretchen Lam,Chief Executive Officer,spacy
XAI Octagon Floating Rate & Alternative Income Trust,8-K,Kimberly Flynn,Director,spacy
XCEL ENERGY INC,8-K,Paul Johnson,Vice President,spacy
XCEL ENERGY INC,8-K,Bob Frenzel,Chairman,spacy
"Laredo Oil, Inc.",8-K,Mark See,President,spacy
"Laredo Oil, Inc.",8-K,John M. Stafford,President,spacy
"Laredo Oil, Inc.",8-K,John M. Stafford Mark,President,spacy
"Laredo Oil, Inc.",8-K,Robert Adamo,President,spacy
"Laredo Oil, Inc.",8-K,Donald G. Yearin,President,spacy
"Laredo Oil, Inc.",8-K,Peter Gottstein,President,spacy
"Mill City Ventures III, Ltd",8-K,Lyle A. Berman,Director,spacy
"Mill City Ventures III, Ltd",8-K,Joseph A. Geraci,Chief Financial Officer,spacy
SMITH MIDLAND CORP,8-K,Stephanie Poe,Chief Financial Officer,spacy
TRICO BANCSHARES /,8-K,Rick Smith,President,spacy
TRICO BANCSHARES /,8-K,Richard P. Smith,President,spacy
TRICO BANCSHARES /,8-K,Peter G. Wiese,Vice President,spacy
TRICO BANCSHARES /,8-K,Peter Wiese,President,spacy
TRICO BANCSHARES /,8-K,Dan K. Bailey,President,spacy
TRICO BANCSHARES /,8-K,John Fleshood,Chief Financial Officer,spacy
TRICO BANCSHARES /,8-K,Greg Gehlmann,President,spacy
"STANLEY BLACK & DECKER, INC.",8-K,Donald Allan,President,spacy
"ALASKA AIR GROUP, INC.",8-K,Ben Minicucci,Ceo,spacy
"Aligos Therapeutics, Inc.",8-K,Lesley Ann,Vice President,spacy
Welsbach Technology Metals Acquisition Corp.,8-K,Daniel Mamadou,Chief Executive Officer,spacy
MURPHY OIL CORP,8-K,Paul D. Vaughan,Vice President,spacy
SOUTHWEST AIRLINES CO,8-K,Tammy Romo,Vice President,spacy
SOUTHWEST AIRLINES CO,8-K,Clay Lacy,Unknown,spacy
"BANC OF CALIFORNIA, INC.",8-K,Jared Wolff,President,spacy
"BANC OF CALIFORNIA, INC.",8-K,Joseph Kauder,Vice President,spacy
"BANC OF CALIFORNIA, INC.",8-K,Hamid Hussain,President,spacy
"BANC OF CALIFORNIA, INC.",8-K,Bob Dyck,Chief Executive Officer,spacy
"BANC OF CALIFORNIA, INC.",8-K,John Sotoodeh,Chief Credit Officer,spacy
"BANC OF CALIFORNIA, INC.",8-K,Monica Sparks,Chief Operating Officer,spacy
"BANC OF CALIFORNIA, INC.",8-K,Raymond Rindone,Chief Accounting Officer,spacy
"BANC OF CALIFORNIA, INC.",8-K,Joe Kauder,Cfo,spacy
"BANC OF CALIFORNIA, INC.",8-K,Bill Black,Unknown,spacy
"BANC OF CALIFORNIA, INC.",8-K,Steve Schwimmer,Chief Innovation Officer,spacy
"Vera Therapeutics, Inc.",8-K,Marshall Fordyce,Chief Executive Officer,spacy
"Vera Therapeutics, Inc.",8-K,Richard Lafayette,Director,spacy
"Vera Therapeutics, Inc.",8-K,Robert Brenner,Chief Medical Officer,spacy
"Vera Therapeutics, Inc.",8-K,Lauren Frenz,Chief Business Officer,spacy
"Vera Therapeutics, Inc.",8-K,Jonathan Barratt,Chief Medical Officer,spacy
"Vera Therapeutics, Inc.",8-K,John Walls,Ceo,spacy
Mobileye Global Inc.,8-K,Amnon Shashua,President,spacy
RPC INC,8-K,Michael L. Schmit,Vice President,spacy
RPC INC,8-K,Ben M. Palmer,President,spacy
EAGLE MATERIALS INC,8-K,Michael Haack,President,spacy
EAGLE MATERIALS INC,8-K,D. Craig Kesler,Vice President,spacy
EAGLE MATERIALS INC,8-K,Craig Kesler,Vice President,spacy
EAGLE MATERIALS INC,8-K,Alex Haddock,President,spacy
CNX Resources Corp,8-K,Alan K. Shepard,Chief Financial Officer,spacy
CNX Resources Corp,8-K,Volumes Hedged,Cto,spacy
NORTHROP GRUMMAN CORP /DE/,8-K,Kathy Warden,Chief Executive Officer,spacy
NORTHROP GRUMMAN CORP /DE/,8-K,Lunar Gateway,Cto,spacy
Blackstone Inc.,8-K,Stephen A. Schwarzman,Chairman,spacy
"FIRST MID BANCSHARES, INC.",8-K,Joe Dively,Director,spacy
"FIRST MID BANCSHARES, INC.",8-K,Tables Follow,Chief Financial Officer,spacy
First Foundation Inc.,8-K,Jamie Britton,Vice President,spacy
American Airlines Group Inc.,8-K,Robert Isom,Ceo,spacy
LSI INDUSTRIES INC,8-K,James A. Clark,President,spacy
"Aileron Therapeutics, Inc.",8-K,Kirk A. Calhoun,President,spacy
"Aileron Therapeutics, Inc.",8-K,Lung Tx,Ceo,spacy
"Aileron Therapeutics, Inc.",8-K,Lung Tx Technology,Coo,spacy
"Aileron Therapeutics, Inc.",8-K,Lung Tx Trademarks,Coo,spacy
"Aileron Therapeutics, Inc.",8-K,Joint Patents,Unknown,spacy
"Aileron Therapeutics, Inc.",8-K,Lung Tx Indemnitee,Director,spacy
"Aileron Therapeutics, Inc.",8-K,Via Fortuna,Director,spacy
"Aileron Therapeutics, Inc.",8-K,Terry Witter,Ceo,spacy
"Aileron Therapeutics, Inc.",8-K,Steven Idell,Ceo,spacy
"Aileron Therapeutics, Inc.",8-K,Sreerama Shetty,Ceo,spacy
"Aileron Therapeutics, Inc.",8-K,Les Nichols,Director,spacy
"Aileron Therapeutics, Inc.",8-K,Michael Rusnak,Chief Executive Officer,spacy
"Aileron Therapeutics, Inc.",8-K,Dale Christensen,Chief Executive Officer,spacy
"Zentalis Pharmaceuticals, Inc.",8-K,Zentalis Appoints,Director,spacy
"Zentalis Pharmaceuticals, Inc.",8-K,Diana Hausman,Cto,spacy
"Zentalis Pharmaceuticals, Inc.",8-K,Carrie Brownstein,Director,spacy
"Zentalis Pharmaceuticals, Inc.",8-K,Melissa Epperly Melissa,Chief Financial Officer,spacy
"Zentalis Pharmaceuticals, Inc.",8-K,Kyle Rasbach,Director,spacy
"Zentalis Pharmaceuticals, Inc.",8-K,Kimberly Blackwell,Chief Executive Officer,spacy
SHERWIN WILLIAMS CO,8-K,Heidi G. Petz,President,spacy
SHERWIN WILLIAMS CO,8-K,Jim Jaye,Vice President,spacy
"MARSH & MCLENNAN COMPANIES, INC.",8-K,Oliver Wyman,Cto,spacy
WEST BANCORPORATION INC,8-K,David Nelson,President,spacy
WEST BANCORPORATION INC,8-K,Jane Funk,Vice President,spacy
WEST BANCORPORATION INC,8-K,David D. Nelson,Director,spacy
WEST BANCORPORATION INC,8-K,Brad L. Winterbottom,Vice President,spacy
WEST BANCORPORATION INC,8-K,Todd A. Mather,Chief Credit Officer,spacy
WEST BANCORPORATION INC,8-K,Douglas Gulling,Cto,spacy
WEST BANCORPORATION INC,8-K,Patrick Donovan,Cto,spacy
WEST BANCORPORATION INC,8-K,Steven Gaer,Director,spacy
WEST BANCORPORATION INC,8-K,Lisa Elming,Director,spacy
WEST BANCORPORATION INC,8-K,George Milligan,Director,spacy
WEST BANCORPORATION INC,8-K,Rosemary Parson,Cto,spacy
COMCAST CORP,8-K,Daniel C. Murdock,Vice President,spacy
COMCAST CORP,8-K,Brian L. Roberts,Chairman,spacy
NETSCOUT SYSTEMS INC,8-K,Anil Singhal,President,spacy
Matador Resources Co,8-K,Susan M. Ward,Director,spacy
NEXTERA ENERGY INC,8-K,John Ketchum,Chairman,spacy
UNION PACIFIC CORP,8-K,Jennifer L. Hamann,Vice President,spacy
UNION PACIFIC CORP,8-K,Jim Vena,Chief Executive Officer,spacy
LANTRONIX INC,8-K,Christa Steele,Director,spacy
LANTRONIX INC,8-K,Saleel Awsare,Director,spacy
LANTRONIX INC,8-K,Lantronix Analyst,Chief Financial Officer,spacy
LAKELAND FINANCIAL CORP,8-K,Kristin L. Pruitt,President,spacy
LAKELAND FINANCIAL CORP,8-K,David M. Findlay,Chairman,spacy
"Woodward, Inc.",8-K,A. Christopher,Vice President,spacy
"Woodward, Inc.",8-K,Chip Blankenship,Chairman,spacy
Agrify Corp,8-K,Raymond Chang,Cto,spacy
Agrify Corp,8-K,Frank A. Segall,General Counsel,spacy
Agrify Corp,8-K,Raymond Nobu Chang,Chief Executive Officer,spacy
"OCULAR THERAPEUTIX, INC",8-K,Donald Notman,Chief Financial Officer,spacy
"Kronos Bio, Inc.",8-K,Barbara Kosacz,Chief Operating Officer,spacy
"Kronos Bio, Inc.",8-K,Christopher Dinsmore,Chief Scientific Officer,spacy
"Kronos Bio, Inc.",8-K,Norbert Bischofberger,President,spacy
VALERO ENERGY CORP/TX,8-K,Homer Bhullar,Vice President,spacy
VALERO ENERGY CORP/TX,8-K,Lillian Riojas,Director,spacy
INDEPENDENT BANK CORP /MI/,8-K,William B. Kessel,President,spacy
INDEPENDENT BANK CORP /MI/,8-K,Gavin A. Mohr,President,spacy
INDEPENDENT BANK CORP /MI/,8-K,Joel Rahn,President,spacy
INDEPENDENT BANK CORP /MI/,8-K,William B.,President,spacy
DARLING INGREDIENTS INC.,8-K,John F. Sterling,Vice President,spacy
DARLING INGREDIENTS INC.,8-K,Jillian Fleming,Director,spacy
CASS INFORMATION SYSTEMS INC,8-K,Martin Resch,President,spacy
CASS INFORMATION SYSTEMS INC,8-K,Robert A. Ebel,Director,spacy
CASS INFORMATION SYSTEMS INC,8-K,Joseph D. Rupp,Vice President,spacy
CASS INFORMATION SYSTEMS INC,8-K,Franklin D. Wicks,Cto,spacy
CASS INFORMATION SYSTEMS INC,8-K,Mark A. Campbell,Vice President,spacy
CASS INFORMATION SYSTEMS INC,8-K,Jeanne M.,Vice President,spacy
CASS INFORMATION SYSTEMS INC,8-K,Dwight D.,Vice President,spacy
CASS INFORMATION SYSTEMS INC,8-K,Anthony G. Urban,Corporate Secretary,spacy
CASS INFORMATION SYSTEMS INC,8-K,Ross M. Miller,Vice President,spacy
CASS INFORMATION SYSTEMS INC,8-K,Sean M. Mullins,Vice President,spacy
CASS INFORMATION SYSTEMS INC,8-K,Risk Todd J. Wills,Vice President,spacy
Village Bank & Trust Financial Corp.,8-K,Jay Hendricks,President,spacy
Village Bank & Trust Financial Corp.,8-K,Donald M. Kaloski,Vice President,spacy
"Carter Bankshares, Inc.",8-K,Van Dyke,Chief Executive Officer,spacy
"Carter Bankshares, Inc.",8-K,Litz Van Dyke,Chief Executive Officer,spacy
"Carter Bankshares, Inc.",8-K,Litz H. Van Dyke,Chief Executive Officer,spacy
"Carter Bankshares, Inc.",8-K,James C. Justice,Director,spacy
"Carter Bankshares, Inc.",8-K,Cathy Justice,Director,spacy
"Carter Bankshares, Inc.",8-K,Wendy Bell,Vice President,spacy
Kearny Financial Corp.,8-K,Craig L. Montanaro,President,spacy
Kearny Financial Corp.,8-K,L. Montanaro,Cto,spacy
Zeo Energy Corp.,8-K,Tim Bridgewater,Ceo,spacy
Zeo Energy Corp.,8-K,Andrejka Bernatova,Ceo,spacy
Zeo Energy Corp.,8-K,Nader Daylami,Cfo,spacy
"SS Innovations International, Inc.",8-K,Innovations Founder,Chairman,spacy
"SS Innovations International, Inc.",8-K,Sudhir Srivastava,Chairman,spacy
"SS Innovations International, Inc.",8-K,Milind Deshpande,Vice President,spacy
OSI SYSTEMS INC,8-K,Alan Edrick,Vice President,spacy
"Lumen Technologies, Inc.",8-K,Kate Johnson,President,spacy
"CULLEN/FROST BANKERS, INC.",8-K,Phil Green,Chairman,spacy
CHOICEONE FINANCIAL SERVICES INC,8-K,Kelly Potes,Chief Executive Officer,spacy
APPLIED INDUSTRIAL TECHNOLOGIES INC,8-K,Neil A. Schrimsher,President,spacy
VALLEY NATIONAL BANCORP,8-K,Tina Zarkadas,Vice President,spacy
"JOHN WILEY & SONS, INC.",8-K,Christina Van Tassell,Vice President,spacy
"JOHN WILEY & SONS, INC.",8-K,Matthew Kissner,President,spacy
"JOHN WILEY & SONS, INC.",8-K,Brian Campbell,President,spacy
"JOHN WILEY & SONS, INC.",8-K,Jay Flynn,President,spacy
"JOHN WILEY & SONS, INC.",8-K,Matthew Kissner Interim,President,spacy
"JOHN WILEY & SONS, INC.",8-K,Josh Jarrett,Cto,spacy
"JOHN WILEY & SONS, INC.",8-K,Andrew Weber,Cto,spacy
"JOHN WILEY & SONS, INC.",8-K,Mari Baker,General Counsel,spacy
"JOHN WILEY & SONS, INC.",8-K,Beth Birnbaum,President,spacy
"JOHN WILEY & SONS, INC.",8-K,George Bell,Chairman,spacy
"JOHN WILEY & SONS, INC.",8-K,David Dobson,Coo,spacy
"JOHN WILEY & SONS, INC.",8-K,Brian Hemphill,Cfo,spacy
"JOHN WILEY & SONS, INC.",8-K,William Pesce,Ceo,spacy
OLD REPUBLIC INTERNATIONAL CORP,8-K,Frank J. Sodaro,Vice President,spacy
OLD REPUBLIC INTERNATIONAL CORP,8-K,Joe Calabrese,President,spacy
CPI Card Group Inc.,8-K,John Lowe,Director,spacy
CPI Card Group Inc.,8-K,Secure Card,Vice President,spacy
CPI Card Group Inc.,8-K,H. Sandford Riley,Director,spacy
"SOUTHERN MISSOURI BANCORP, INC.",8-K,Matthew T. Funke,President,spacy
BERKSHIRE HILLS BANCORP INC,8-K,Nitin Mhatre,Ceo,spacy
BERKSHIRE HILLS BANCORP INC,8-K,David Rosato,Cfo,spacy
Bogota Financial Corp.,8-K,Kevin Pace,President,spacy
First Northwest Bancorp,8-K,Matthew P. Deines,President,spacy
First Northwest Bancorp,8-K,Geri Bullard,President,spacy
FIDELITY D & D BANCORP INC,8-K,Daniel J. Santaniello,President,spacy
SL GREEN REALTY CORP,8-K,Marc Holliday,Chairman,spacy
WARPSPEED TAXI INC.,8-K,Daniel Okelo,President,spacy
WARPSPEED TAXI INC.,8-K,Jack Shama,Director,spacy
SENTIENT BRANDS HOLDINGS INC.,8-K,Dante Jones,Chief Executive Officer,spacy
SENTIENT BRANDS HOLDINGS INC.,8-K,George Furlan,Chief Operating Officer,spacy
ASSOCIATED BANC-CORP,8-K,Jennifer Kaminski,Vice President,spacy
ASSOCIATED BANC-CORP,8-K,Andy Harmening,President,spacy
ASSOCIATED BANC-CORP,8-K,Neil Riegelman,Director,spacy
ASSOCIATED BANC-CORP,8-K,Terry Williams,Chief Information Officer,spacy
ASSOCIATED BANC-CORP,8-K,Steven Moss,Cto,spacy
BayFirst Financial Corp.,8-K,Thomas G. Zernick,Chief Executive Officer,spacy
BayFirst Financial Corp.,8-K,Robin Oliver,President,spacy
PROSPECT CAPITAL CORP,8-K,M. Grier,Chief Operating Officer,spacy
"Northfield Bancorp, Inc.",8-K,Rachana Kulkarni,Director,spacy
"Northfield Bancorp, Inc.",8-K,Steven M. Klein,Chairman,spacy
CREDIT ACCEPTANCE CORP,8-K,Doug Busk,Chief Treasury Officer,spacy
CREDIT ACCEPTANCE CORP,8-K,Ken Booth,Chief Treasury Officer,spacy
CREDIT ACCEPTANCE CORP,8-K,Jay D. Martin,Director,spacy
CREDIT ACCEPTANCE CORP,8-K,Jay Martin,Chief Financial Officer,spacy
SEACOAST BANKING CORP OF FLORIDA,8-K,Tracey L. Dexter,Chief Financial Officer,spacy
SEACOAST BANKING CORP OF FLORIDA,8-K,Michael Young,Chief Financial Officer,spacy
RED ROBIN GOURMET BURGERS INC,8-K,Arnell Brenden,Chief Accounting Officer,spacy
RED ROBIN GOURMET BURGERS INC,8-K,Todd Wilson,Chief Financial Officer,spacy
Savara Inc,8-K,Rob Lutz,Chief Medical Officer,spacy
Savara Inc,8-K,Dave Lowrance,Unknown,spacy
SouthState Corp,8-K,Will Matthews,Cfo,spacy
LEVI STRAUSS & CO,8-K,Chip Bergh,President,spacy
LEVI STRAUSS & CO,8-K,Michelle Gass,President,spacy
FINANCIAL INSTITUTIONS INC,8-K,Martin K. Birmingham,President,spacy
FINANCIAL INSTITUTIONS INC,8-K,Kate Croft,Director,spacy
"PTC THERAPEUTICS, INC.",8-K,Duchenne Muscular Dystrophy,Chief Executive Officer,spacy
"PTC THERAPEUTICS, INC.",8-K,Matthew B. Klein,Chief Executive Officer,spacy
WEX Inc.,8-K,Carlos Carriedo,Chief Financial Officer,spacy
WEX Inc.,8-K,Rosa Perez,Director,spacy
WEX Inc.,8-K,Hilary Rapkin,Director,spacy
WEX Inc.,8-K,Timothy Hampton,Treasurer,spacy
WEX Inc.,8-K,Certain Representations,Cto,spacy
Grocery Outlet Holding Corp.,8-K,Robert J. Sheedy,Vice President,spacy
KLA CORP,8-K,Rick Wallace,President,spacy
KLA CORP,8-K,Kevin Kessel,Vice President,spacy
"MUSTANG BIO, INC.",8-K,James Murphy,Chief Financial Officer,spacy
"MUSTANG BIO, INC.",8-K,Manuel Litchman,President,spacy
MARTEN TRANSPORT LTD,8-K,Tim Kohl,Chief Executive Officer,spacy
MARTEN TRANSPORT LTD,8-K,Doug Petit,Chief Executive Officer,spacy
MARTEN TRANSPORT LTD,8-K,James J. Hinnendael,Vice President,spacy
MARTEN TRANSPORT LTD,8-K,Jim Hinnendael,Chief Executive Officer,spacy
INTEL CORP,8-K,Pat Gelsinger,Ceo,spacy
INTEL CORP,8-K,Stuart Pann,Ceo,spacy
MYR GROUP INC.,8-K,Kelly Huntington,Chief Financial Officer,spacy
MYR GROUP INC.,8-K,Brian K. Stern,Director,spacy
MYR GROUP INC.,8-K,Rick Swartz,President,spacy
MYR GROUP INC.,8-K,Brian Stern,Chief Operating Officer,spacy
MYR GROUP INC.,8-K,David Gutierrez,Chief Financial Officer,spacy
"Columbia Financial, Inc.",8-K,J. Kemly,President,spacy
"Bancorp, Inc.",8-K,Damian Kozlowski,Ceo,spacy
SITIME Corp,8-K,Elizabeth Howe,Vice President,spacy
WSFS FINANCIAL CORP,8-K,Arthur J. Bacci,Vice President,spacy
WESTERN DIGITAL CORP,8-K,Cynthia Tregillis Cynthia,Vice President,spacy
WESTERN DIGITAL CORP,8-K,David Goeckeler,Ceo,spacy
"CVRx, Inc.",8-K,Nadim Yared,President,spacy
"CVRx, Inc.",8-K,Jared Oasheim,Chief Financial Officer,spacy
WESTERN ALLIANCE BANCORPORATION,8-K,Kenneth A. Vecchione,President,spacy
"Easterly Government Properties, Inc.",8-K,Franklin V. Logan,Vice President,spacy
"Magyar Bancorp, Inc.",8-K,John Fitzgerald,President,spacy
"STAR EQUITY HOLDINGS, INC.",8-K,Julianne C. Ray,General Counsel,spacy
"STAR EQUITY HOLDINGS, INC.",8-K,David Noble,President,spacy
"STAR EQUITY HOLDINGS, INC.",8-K,Derek Dummermuth,President,spacy
PCB BANCORP,8-K,Henry Kim,President,spacy
BCB BANCORP INC,8-K,Jawad Chaudhry,Vice President,spacy
BCB BANCORP INC,8-K,Michael A. Shriner,President,spacy
"Barings BDC, Inc.",8-K,Elizabeth A. Murray,Chief Financial Officer,spacy
FAIR ISAAC CORP,8-K,Will Lansing,Chief Executive Officer,spacy
CHEMUNG FINANCIAL CORP,8-K,Anders M. Tomson,President,spacy
"PROG Holdings, Inc.",8-K,Steve Michaels,President,spacy
"PROG Holdings, Inc.",8-K,Brian Garner,Chief Financial Officer,spacy
Freedom Holding Corp.,8-K,Timur Turlov,Ceo,spacy
SCHOLASTIC CORP,8-K,Peter Warwick,Chief Executive Officer,spacy
SCHOLASTIC CORP,8-K,Cristina Juvier,Chief Executive Officer,spacy
SCHOLASTIC CORP,8-K,Juvier Cristina,Chief Executive Officer,spacy
APPFOLIO INC,8-K,Shane Trigg,President,spacy
Ameris Bancorp,8-K,Jun Mar,Unknown,spacy
OP Bancorp,8-K,Min Kim,President,spacy
UNITED SECURITY BANCSHARES,8-K,David A. Kinross,Vice President,spacy
Hilltop Holdings Inc.,8-K,Jeremy B. Ford,President,spacy
Hilltop Holdings Inc.,8-K,B. Ford,President,spacy
Hilltop Holdings Inc.,8-K,William B. Furr,President,spacy
"PetVivo Holdings, Inc.",8-K,Robert J. Folkes,Cto,spacy
CENTERSPACE,8-K,Josh Klaetsch,Director,spacy
CENTERSPACE,8-K,Ola Oyinsan Hixon,Unknown,spacy
CENTERSPACE,8-K,Anne Olson,President,spacy
"SALEM MEDIA GROUP, INC. /DE/",8-K,Evan Masyr,Cfo,spacy
RED RIVER BANCSHARES INC,8-K,Blake Chatelain,Director,spacy
RED RIVER BANCSHARES INC,8-K,Michael J. Brown,Director,spacy
"Rhinebeck Bancorp, Inc.",8-K,Michael J. Quinn,President,spacy
META MATERIALS INC.,8-K,Uzi Sasson,Director,spacy
"GLACIER BANCORP, INC.",8-K,Randy Chesler,President,spacy
"GLACIER BANCORP, INC.",8-K,Randall M. Chesler,President,spacy
"SANUWAVE Health, Inc.",8-K,Solicitations Sanuwave,Director,spacy
"SANUWAVE Health, Inc.",8-K,Debra Abramovitz,Director,spacy
"FEDERATED HERMES, INC.",8-K,J. Christopher Donahue,President,spacy
"Midland States Bancorp, Inc.",8-K,Jeffrey G. Ludwig,President,spacy
"Midland States Bancorp, Inc.",8-K,Eric T. Lemke,Chief Financial Officer,spacy
"Midland States Bancorp, Inc.",8-K,Eric T.,Chief Financial Officer,spacy
"Midland States Bancorp, Inc.",8-K,T. Lemke,President,spacy
"Midland States Bancorp, Inc.",8-K,J. Tucker,President,spacy
"Core & Main, Inc.",8-K,Mark G. Whittenburg,General Counsel,spacy
"Core & Main, Inc.",8-K,Paul M. Rodel,General Counsel,spacy
Arthur J. Gallagher & Co.,8-K,Douglas K. Howell,Vice President,spacy
Arthur J. Gallagher & Co.,8-K,Ray Iardella,Vice President,spacy
PEAPACK GLADSTONE FINANCIAL CORP,8-K,Douglas L. Kennedy,President,spacy
PEAPACK GLADSTONE FINANCIAL CORP,8-K,Frank A. Cavallaro,President,spacy
PEAPACK GLADSTONE FINANCIAL CORP,8-K,Matthew P. Remo,President,spacy
"Third Coast Bancshares, Inc.",8-K,Bart Caraway,Chairman,spacy
PEOPLES FINANCIAL SERVICES CORP.,8-K,Marie L. Luciani,Unknown,spacy
Jazz Pharmaceuticals plc,8-K,Jazz Lux,Cto,spacy
Jazz Pharmaceuticals plc,8-K,Joint Bookrunner,Cto,spacy
Adamas One Corp.,8-K,John G. Grdina,President,spacy
AVALON HOLDINGS CORP,8-K,Michael J. Havalo,Chief Financial Officer,spacy
NextDecade Corp.,8-K,Timothy Wyatt,Director,spacy
"Customers Bancorp, Inc.",8-K,Jay Sidhu,Chairman,spacy
"Customers Bancorp, Inc.",8-K,Sam Sidhu,President,spacy
"Customers Bancorp, Inc.",8-K,David Patti,Director,spacy
"BYLINE BANCORP, INC.",8-K,Alberto J. Paracchini,President,spacy
"TruGolf Holdings, Inc.",8-K,Christopher Jones,Director,spacy
ICAD INC,8-K,Michael John Doyle,Director,spacy
ICAD INC,8-K,Dana Brown,Chief Executive Officer,spacy
Investar Holding Corp,8-K,John Campbell,Vice President,spacy
"TriSalus Life Sciences, Inc.",8-K,Sean Murphy,Director,spacy
"TriSalus Life Sciences, Inc.",8-K,Mary Szela,Chief Executive Officer,spacy
"BLUE RIDGE BANKSHARES, INC.",8-K,Hunter H. Bost,Director,spacy
"BLUE RIDGE BANKSHARES, INC.",8-K,Elizabeth H. Crowther,Director,spacy
"BLUE RIDGE BANKSHARES, INC.",8-K,Larry Dees,Director,spacy
"BLUE RIDGE BANKSHARES, INC.",8-K,Judy C. Gavant,Vice President,spacy
"BLUE RIDGE BANKSHARES, INC.",8-K,Andrew C. Holzwarth,Director,spacy
"BLUE RIDGE BANKSHARES, INC.",8-K,Otis Jones,Director,spacy
"BLUE RIDGE BANKSHARES, INC.",8-K,Julien B. Patterson,Director,spacy
"BLUE RIDGE BANKSHARES, INC.",8-K,Vance Spilman,Director,spacy
"BLUE RIDGE BANKSHARES, INC.",8-K,Carolyn J. Woodruff,Cto,spacy
"BLUE RIDGE BANKSHARES, INC.",8-K,G. William Beale,Director,spacy
"BLUE RIDGE BANKSHARES, INC.",8-K,Mensel D. Dean,Director,spacy
"BLUE RIDGE BANKSHARES, INC.",8-K,Richard A. Farmar,Cto,spacy
iQSTEL Inc,8-K,Leandro Jose,Director,spacy
iQSTEL Inc,8-K,Leandro Iglesias,Ceo,spacy
PRESSURE BIOSCIENCES INC,8-K,Richard T. Schumacher,President,spacy
PRESSURE BIOSCIENCES INC,8-K,Bruno Schiavi,President,spacy
Aspira Women's Health Inc.,8-K,Torsten Hombeck,Chief Financial Officer,spacy
Aspira Women's Health Inc.,8-K,Hoang Merchant,President,spacy
Aspira Women's Health Inc.,8-K,Josh Seidenfeld,Coo,spacy
Aspira Women's Health Inc.,8-K,Josh Seidenfeld Josh,Coo,spacy
"TEMPUR SEALY INTERNATIONAL, INC.",8-K,Kindra Bellis,Chairman,spacy
"TEMPUR SEALY INTERNATIONAL, INC.",8-K,Jonathan Hirst,Ceo,spacy
FLUSHING FINANCIAL CORP,8-K,Al Savastano,Cfo,spacy
"Richmond Mutual Bancorporation, Inc.",8-K,Garry D. Kleer,Chairman,spacy
"IOVANCE BIOTHERAPEUTICS, INC.",8-K,Frederick G. Vogt,Ceo,spacy
HERITAGE COMMERCE CORP,8-K,Clay Jones,President,spacy
Primis Financial Corp.,8-K,Matthew A. Switzer,Chief Financial Officer,spacy
Primis Financial Corp.,8-K,Dennis J. Zember,President,spacy
Primis Financial Corp.,8-K,Tyler Stafford,Ceo,spacy
AUTOLIV INC,8-K,Mikael Bratt,President,spacy
"BankUnited, Inc.",8-K,Rajinder P. Singh,Chairman,spacy
"BankUnited, Inc.",8-K,Rajinder Singh,Chairman,spacy
Booz Allen Hamilton Holding Corp,8-K,Matthew A. Calderone,Vice President,spacy
Horizon Space Acquisition I Corp.,8-K,Shenzhen Squirrel Enlivened,Cto,spacy
"Stellar Bancorp, Inc.",8-K,Paul P. Egge,Chief Financial Officer,spacy
"Dime Community Bancshares, Inc. /NY/",8-K,Avinash Reddy,Vice President,spacy
"Aprea Therapeutics, Inc.",8-K,Oren Gilad,President,spacy
MIDDLEFIELD BANC CORP,8-K,Michael Ranttila,Chief Financial Officer,spacy
MIDDLEFIELD BANC CORP,8-K,Ronald L. Zimmerly,President,spacy
MIDDLEFIELD BANC CORP,8-K,Andrew M. Berger,President,spacy
"Corbus Pharmaceuticals Holdings, Inc.",8-K,Sean Moran,Chief Financial Officer,spacy
"Corbus Pharmaceuticals Holdings, Inc.",8-K,Rachael Brake,Chief Financial Officer,spacy
"Corbus Pharmaceuticals Holdings, Inc.",8-K,Alan Holmer Ret,Director,spacy
"Corbus Pharmaceuticals Holdings, Inc.",8-K,John K. Jenkins,Ceo,spacy
"Corbus Pharmaceuticals Holdings, Inc.",8-K,Pete Salzmann,Director,spacy
"Corbus Pharmaceuticals Holdings, Inc.",8-K,Anne Altmeyer,Director,spacy
Aptose Biosciences Inc.,8-K,William G. Rice,Chairman,spacy
GENTEX CORP,8-K,Steve Downing,President,spacy
COLGATE PALMOLIVE CO,8-K,Noel Wallace,Chairman,spacy
UNITED BANKSHARES INC/WV,8-K,Richard M. Adams,Chief Executive Officer,spacy
"FIRST HAWAIIAN, INC.",8-K,Bob Harrison,Chairman,spacy
NORFOLK SOUTHERN CORP,8-K,Alan H. Shaw,President,spacy
OPPENHEIMER HOLDINGS INC,8-K,Albert G. Lowenthal,Chairman,spacy
Burke & Herbert Financial Services Corp.,8-K,David P. Boyle,President,spacy
"eHealth, Inc.",8-K,Fran Soistman,Chief Executive Officer,spacy
"eHealth, Inc.",8-K,John Stelben,Chief Financial Officer,spacy
"eHealth, Inc.",8-K,Kate Sidorovich,Vice President,spacy
"SPORTSMAN'S WAREHOUSE HOLDINGS, INC.",8-K,Jon Kogut,Director,spacy
"SPORTSMAN'S WAREHOUSE HOLDINGS, INC.",8-K,Jeff White,Chief Financial Officer,spacy
BADGER METER INC,8-K,Kenneth C. Bockhorst,Chairman,spacy
BADGER METER INC,8-K,Badger Meter,Cto,spacy
FOSTER L B CO,8-K,Alexander B. Jones,Coo,spacy
FOSTER L B CO,8-K,Patrick J. Guinee,Vice President,spacy
FOSTER L B CO,8-K,L. B. Foster,Vice President,spacy
FOSTER L B CO,8-K,Nominate Alexander B. Jones,Director,spacy
FOSTER L B CO,8-K,Raymond T. Betler,Cto,spacy
FOSTER L B CO,8-K,B. Jones,Vice President,spacy
JUNIATA VALLEY FINANCIAL CORP,8-K,Marcie A. Barber,President,spacy
TOMPKINS FINANCIAL CORP,8-K,Matthew Tomazin,President,spacy
TOMPKINS FINANCIAL CORP,8-K,Stephen Romaine,President,spacy
NORTHRIM BANCORP INC,8-K,Joe Schierhorn,President,spacy
NORTHRIM BANCORP INC,8-K,Jed Ballard,Chief Financial Officer,spacy
MOOG INC.,8-K,Pat Roche,Ceo,spacy
MOOG INC.,8-K,Jennifer Walter,Cfo,spacy
"Eastside Distilling, Inc.",8-K,Geoffrey Gwin Geoffrey,Chief Executive Officer,spacy
"Provident Bancorp, Inc. /MD/",8-K,Joseph B. Reilly,President,spacy
"Provident Bancorp, Inc. /MD/",8-K,Joe Reilly,Chief Executive Officer,spacy
"Provident Bancorp, Inc. /MD/",8-K,Joseph Reilly,President,spacy
PROVIDENT FINANCIAL SERVICES INC,8-K,Anthony J. Labozzetta,President,spacy
PROVIDENT FINANCIAL HOLDINGS INC,8-K,Donavon P. Ternes,President,spacy
PROVIDENT FINANCIAL HOLDINGS INC,8-K,Tam B. Nguyen,President,spacy
BankFinancial CORP,8-K,F. Morgan Gasior,Chairman,spacy
BankFinancial CORP,8-K,Elizabeth A. Doolan,Vice President,spacy
BankFinancial CORP,8-K,Gregg T. Adams,Vice President,spacy
Golden Minerals Co,8-K,Julie Z. Weedman,Vice President,spacy
OptimizeRx Corp,8-K,Gus Halas,Director,spacy
OptimizeRx Corp,8-K,Will Febbo,Ceo,spacy
OptimizeRx Corp,8-K,Vos Lynn Vos,Ceo,spacy
OptimizeRx Corp,8-K,Catherine M. Klema,Director,spacy
OptimizeRx Corp,8-K,Cathy Klema,Director,spacy
AmBase Corp,8-K,John Ferrara,Vice President,spacy
"Worthington Steel, Inc.",8-K,Joseph Y. Heuer,General Counsel,spacy
"Archrock, Inc.",8-K,D. Bradley Childers,President,spacy
ACUITY BRANDS INC,8-K,Neil M. Ashe,Director,spacy
ACUITY BRANDS INC,8-K,Marcia J. Avedon,Director,spacy
"Fortress Biotech, Inc.",8-K,Eric Rowinsky,Director,spacy
"Fortress Biotech, Inc.",8-K,Lindsay A. Rosenwald,Chairman,spacy
ADOBE INC.,8-K,Daniel Durn,Chief Executive Officer,spacy
ADOBE INC.,8-K,David Wadhwani,Vice President,spacy
ADOBE INC.,8-K,Alto Networks,Cto,spacy
"Kura Oncology, Inc.",8-K,Charles Bair,Coo,spacy
"Kura Oncology, Inc.",8-K,Troy Wilson,President,spacy
"Kura Oncology, Inc.",8-K,Montgomery St,President,spacy
"Kura Oncology, Inc.",8-K,Lexington Ave,Vice President,spacy
"Kura Oncology, Inc.",8-K,Pete De Spain,Vice President,spacy
"Kura Oncology, Inc.",8-K,Alexandra Weingarten Associate,Vice President,spacy
PSYCHEMEDICS CORP,8-K,Brian Hullinger,Chief Executive Officer,spacy
Shake Shack Inc.,8-K,Randall Garutti,Chief Executive Officer,spacy
Shake Shack Inc.,8-K,Ronald Palmese,Chief Legal Officer,spacy
"Soluna Holdings, Inc",8-K,David Michaels,Chief Financial Officer,spacy
Q32 Bio Inc.,8-K,Paul G. Alloway,President,spacy
Q32 Bio Inc.,8-K,Morrison Lee Kalowski,Ceo,spacy
Q32 Bio Inc.,8-K,Shelia Violette,Ceo,spacy
Q32 Bio Inc.,8-K,Maria Marzilli,Ceo,spacy
Q32 Bio Inc.,8-K,Saul Fink,Ceo,spacy
Q32 Bio Inc.,8-K,David Grayzel,Ceo,spacy
Q32 Bio Inc.,8-K,Michael Holers,Cto,spacy
Q32 Bio Inc.,8-K,Isaac Manke,Chairman,spacy
Q32 Bio Inc.,8-K,Jodie Morrison,Chairman,spacy
Q32 Bio Inc.,8-K,Bill Lundberg,Chairman,spacy
Q32 Bio Inc.,8-K,Simon Read,Chairman,spacy
Q32 Bio Inc.,8-K,Peter Merkel,Chairman,spacy
Q32 Bio Inc.,8-K,Start Tx,Cto,spacy
United Parks & Resorts Inc.,8-K,G. Anthony,Chief Legal Officer,spacy
Edible Garden AG Inc,8-K,Michael James,Director,spacy
Edible Garden AG Inc,8-K,Kostas Dafoulas,Chief Financial Officer,spacy
Edible Garden AG Inc,8-K,Lomb Place,Unknown,spacy
Edible Garden AG Inc,8-K,Michael C. James,President,spacy
Edible Garden AG Inc,8-K,Michael C. James Edible,President,spacy
Local Bounti Corporation/DE,8-K,Erik Haugen,Chief Financial Officer,spacy
"Air Products & Chemicals, Inc.",8-K,Matthew H. Paull,Unknown,spacy
"Air Products & Chemicals, Inc.",8-K,Wayne T. Smith,Unknown,spacy
"Air Products & Chemicals, Inc.",8-K,Sean D. Major,Vice President,spacy
"Palomar Holdings, Inc.",8-K,Michelle Johnson,Director,spacy
"Palomar Holdings, Inc.",8-K,T. Christopher Uchida,Chief Financial Officer,spacy
"Palomar Holdings, Inc.",8-K,T. Christopher,Chief Financial Officer,spacy
"Inspire Medical Systems, Inc.",8-K,Tim Herbert,President,spacy
"Inspire Medical Systems, Inc.",8-K,Jerry C. Griffin,Director,spacy
"Inspire Medical Systems, Inc.",8-K,Bryan K. Phillips,Vice President,spacy
"Inspire Medical Systems, Inc.",8-K,Bryan K. Phillips Sr,Vice President,spacy
"Inspire Medical Systems, Inc.",8-K,Myriam J. Curet,Director,spacy
MASS MEGAWATTS WIND POWER INC,8-K,Departure Effective,Director,spacy
MASS MEGAWATTS WIND POWER INC,8-K,Deborah Kasputis,Cto,spacy
MASS MEGAWATTS WIND POWER INC,8-K,Mass Megawatts,Director,spacy
MASS MEGAWATTS WIND POWER INC,8-K,Jonathan Ricker,Chief Executive Officer,spacy
COMSovereign Holding Corp.,8-K,David Knight,Chief Executive Officer,spacy
SES AI Corp,8-K,Rohit Makharia,President,spacy
SES AI Corp,8-K,Jing Nealis,Chief Financial Officer,spacy
"Tivic Health Systems, Inc.",8-K,Ryan Sabia,Director,spacy
FARMER BROTHERS CO,8-K,David A. Pace,Director,spacy
FARMER BROTHERS CO,8-K,Waheed Zaman,Director,spacy
"HCI Group, Inc.",8-K,Paresh Patel,Chairman,spacy
Talis Biomedical Corp,8-K,Andrew Lukowiak,President,spacy
Talis Biomedical Corp,8-K,Rebecca L. Markovich Rebecca,Chief Financial Officer,spacy
Talis Biomedical Corp,8-K,L. Markovich Interim,Chief Financial Officer,spacy
BECTON DICKINSON & CO,8-K,Franklin Lakes,Cto,spacy
"indie Semiconductor, Inc.",8-K,Michael Wittmann,Cto,spacy
"eFFECTOR Therapeutics, Inc.",8-K,Christopher M. Calabrese,Director,spacy
"eFFECTOR Therapeutics, Inc.",8-K,Kevin Gardner,Director,spacy
"eFFECTOR Therapeutics, Inc.",8-K,Mike Tattory,Director,spacy
McEwen Mining Inc.,8-K,William Shaver,Coo,spacy
McEwen Mining Inc.,8-K,Luke Willis,Coo,spacy
McEwen Mining Inc.,8-K,Stefan Spears,Vice President,spacy
McEwen Mining Inc.,8-K,Michael Meding,Vice President,spacy
"MAXCYTE, INC.",8-K,Cenk Sumen,Chief Scientific Officer,spacy
"MAXCYTE, INC.",8-K,Douglas Swirsky,Chief Financial Officer,spacy
"Nova Lifestyle, Inc.",8-K,Thanh H. Lam,President,spacy
"CFSB Bancorp, Inc. /MA/",8-K,Susan Shea,Treasurer,spacy
"BurgerFi International, Inc.",8-K,Carl Bachmann,Chief Executive Officer,spacy
"AG Mortgage Investment Trust, Inc.",8-K,Saurabh Monga,Cto,spacy
"AG Mortgage Investment Trust, Inc.",8-K,Aaron Dupere,Director,spacy
Territorial Bancorp Inc.,8-K,Vernon Hirata,Chairman,spacy
"Assertio Holdings, Inc.",8-K,Daniel A. Peisert,Director,spacy
CHART INDUSTRIES INC,8-K,Jillian C. Evanko,President,spacy
CHART INDUSTRIES INC,8-K,Jill Evanko,Ceo,spacy
ALKALINE WATER Co INC,8-K,Frank Lazaran,Director,spacy
ALKALINE WATER Co INC,8-K,Frank Chessman,Director,spacy
ALKALINE WATER Co INC,8-K,David Guarino,President,spacy
NISOURCE INC.,8-K,Shawn Anderson,Vice President,spacy
NISOURCE INC.,8-K,Melanie Berman,Vice President,spacy
"NightFood Holdings, Inc.",8-K,Lei Sonny Wang,Director,spacy
"NightFood Holdings, Inc.",8-K,Lei Sonny,Chief Executive Officer,spacy
Meridian Corp,8-K,J. Annas,Chairman,spacy
REPUBLIC FIRST BANCORP INC,8-K,Gregory B. Braca,Cto,spacy
REPUBLIC FIRST BANCORP INC,8-K,Philip A. Norcross,Cto,spacy
REPUBLIC FIRST BANCORP INC,8-K,Alessandra T. Norcross,Cto,spacy
"Sound Financial Bancorp, Inc.",8-K,Laurie Stewart,President,spacy
"Sound Financial Bancorp, Inc.",8-K,Laura Lee Stewart,President,spacy
"Sound Financial Bancorp, Inc.",8-K,Wes Ochs,Vice President,spacy
"Paysign, Inc.",8-K,Matt Lanford,Chief Operating Officer,spacy
"Paysign, Inc.",8-K,Cutter Sherman,Cto,spacy
"VERDE RESOURCES, INC.",8-K,Jack Wong,Director,spacy
"VERDE RESOURCES, INC.",8-K,Joseph Ambrose Lee,Director,spacy
"VERDE RESOURCES, INC.",8-K,Tay Hong Choon,Director,spacy
PACIFIC PREMIER BANCORP INC,8-K,Steve Gardner,Chief Financial Officer,spacy
PACIFIC PREMIER BANCORP INC,8-K,Barbara Polsky,Coo,spacy
MCGRATH RENTCORP,8-K,Brad Soultz,Chief Executive Officer,spacy
MCGRATH RENTCORP,8-K,Joseph Hanna,President,spacy
MCGRATH RENTCORP,8-K,Nick Girardi,Unknown,spacy
NCR Atleos Corp,8-K,Paul J. Campbell,Vice President,spacy
"Edgio, Inc.",8-K,Richard P. Diegnan,Chief Legal Officer,spacy
Cooper-Standard Holdings Inc.,8-K,Amy Kulikowksi,Director,spacy
NYLI CBRE Global Infrastructure Megatrends Term Fund,8-K,Kirk C. Lehneis,President,spacy
"Castellum, Inc.",8-K,Jay O. Wright,Chief Executive Officer,spacy
"REV Group, Inc.",8-K,Mark Skonieczny,President,spacy
"REV Group, Inc.",8-K,Mike Virnig,President,spacy
"REV Group, Inc.",8-K,Mike Lanciotti,President,spacy
"REV Group, Inc.",8-K,Julie Nuernberg,Director,spacy
"SoFi Technologies, Inc.",8-K,Anthony Noto,Ceo,spacy
enGene Holdings Inc.,8-K,Jason Hanson,Chief Executive Officer,spacy
enGene Holdings Inc.,8-K,Ryan Daws,Chief Financial Officer,spacy
enGene Holdings Inc.,8-K,Alex Nichols,Director,spacy
enGene Holdings Inc.,8-K,Richard Bryce,Director,spacy
enGene Holdings Inc.,8-K,Lota Zoth,Chief Medical Officer,spacy
"TScan Therapeutics, Inc.",8-K,Leiden Dworak,Chief Executive Officer,spacy
Flutter Entertainment plc,8-K,Peter Jackson,Unknown,spacy
"Cardlytics, Inc.",8-K,James Armstrong,Director,spacy
"Cardlytics, Inc.",8-K,Amit Jain,Unknown,spacy
"Cardlytics, Inc.",8-K,Nick Lynton,Director,spacy
"Cardlytics, Inc.",8-K,Karim Temsamani,Ceo,spacy
PAPA JOHNS INTERNATIONAL INC,8-K,Amanda Clark,Director,spacy
PAPA JOHNS INTERNATIONAL INC,8-K,Caroline Miller Oyler,Corporate Secretary,spacy
"SRM Entertainment, Inc.",8-K,Rich Miller,Ceo,spacy
Bank7 Corp.,8-K,Thomas L. Travis,President,spacy
Bank7 Corp.,8-K,Kelly J. Harris,Vice President,spacy
Bank7 Corp.,8-K,Thomas Travis,President,spacy
"Skye Bioscience, Inc.",8-K,Martin Kobinger,President,spacy
DYNEX CAPITAL INC,8-K,Byron L. Boston,Chairman,spacy
Cingulate Inc.,8-K,Jennifer L. Callahan,Director,spacy
Cingulate Inc.,8-K,Peter J. Werth,Director,spacy
Cingulate Inc.,8-K,Thomas Dalton,Vice President,spacy
Cingulate Inc.,8-K,Lou Van Horn,Chief Financial Officer,spacy
Cingulate Inc.,8-K,Jennifer Callahan,Chief Financial Officer,spacy
Ready Capital Corp,8-K,Reverse Merger,Cto,spacy
Ready Capital Corp,8-K,Gary Taylor,Director,spacy
Ready Capital Corp,8-K,Adam Zausmer,President,spacy
Ready Capital Corp,8-K,Christopher Grimes,Director,spacy
"PALISADE BIO, INC.",8-K,Mitchell Jones,Chief Medical Officer,spacy
Citizens Community Bancorp Inc.,8-K,Stephen Bianchi,Chairman,spacy
Citizens Community Bancorp Inc.,8-K,Balance Sheet,Cto,spacy
Citizens Community Bancorp Inc.,8-K,Steve Bianchi,Ceo,spacy
Citizens Community Bancorp Inc.,8-K,Stephen M. Bianchi,Chairman,spacy
IROBOT CORP,8-K,David Zapolsky,General Counsel,spacy
IROBOT CORP,8-K,Glen Weinstein,Chairman,spacy
IROBOT CORP,8-K,Andrew Miller,Chairman,spacy
IROBOT CORP,8-K,Jeff Engel,Chief Restructuring Officer,spacy
IROBOT CORP,8-K,Tonya Drake,General Counsel,spacy
CytoDyn Inc.,8-K,Antonio Migliarese,Cfo,spacy
CytoDyn Inc.,8-K,Tyler Blok,Vice President,spacy
CytoDyn Inc.,8-K,Tanya Urbach,Director,spacy
FRANKLIN RESOURCES INC,8-K,Jenny Johnson,President,spacy
FRANKLIN RESOURCES INC,8-K,Matthew Nicholls,Vice President,spacy
FRANKLIN RESOURCES INC,8-K,Gwen L.,Vice President,spacy
FRANKLIN RESOURCES INC,8-K,Adam Spector,President,spacy
CINCINNATI FINANCIAL CORP,8-K,Steve Spray,President,spacy
CINCINNATI FINANCIAL CORP,8-K,Michael J. Sewell,Chief Financial Officer,spacy
CINCINNATI FINANCIAL CORP,8-K,J. Johnston,Chairman,spacy
CINCINNATI FINANCIAL CORP,8-K,Stephen M. Spray,President,spacy
CINCINNATI FINANCIAL CORP,8-K,Steven J. Johnston,President,spacy
CINCINNATI FINANCIAL CORP,8-K,Steve Johnston,Chairman,spacy
CINCINNATI FINANCIAL CORP,8-K,Peter Wu,Director,spacy
CINCINNATI FINANCIAL CORP,8-K,Thomas J. Aaron,Director,spacy
CINCINNATI FINANCIAL CORP,8-K,Nancy C. Benacci,Director,spacy
CINCINNATI FINANCIAL CORP,8-K,Dirk J. Debbink,Director,spacy
CINCINNATI FINANCIAL CORP,8-K,Jill P. Meyer,Director,spacy
CINCINNATI FINANCIAL CORP,8-K,David P. Osborn,Director,spacy
CINCINNATI FINANCIAL CORP,8-K,Charles O. Schiff,Director,spacy
CINCINNATI FINANCIAL CORP,8-K,John F. Steele,Director,spacy
"Privia Health Group, Inc.",8-K,Thomas Bartrum,Vice President,spacy
"Privia Health Group, Inc.",8-K,Edward C. Fargis,Vice President,spacy
"Privia Health Group, Inc.",8-K,Parth Mehrotra,Ceo,spacy
"Privia Health Group, Inc.",8-K,C. Fargis,Vice President,spacy
"Privia Health Group, Inc.",8-K,Strategic Transactions,Vice President,spacy
Bank of Marin Bancorp,8-K,Tim Myers,President,spacy
Bank of Marin Bancorp,8-K,Tani Girton,Vice President,spacy
NORWOOD FINANCIAL CORP,8-K,James O. Donnelly,President,spacy
"RenovoRx, Inc.",8-K,Angela Gill Nelms,Unknown,spacy
"RenovoRx, Inc.",8-K,Robert J. Spiegel,Director,spacy
Sonos Inc,8-K,Jonathan Mildenhall,Director,spacy
Sonos Inc,8-K,Julius Genachowski,Chief Marketing Officer,spacy
"PlayAGS, Inc.",8-K,Brad Boyer,Vice President,spacy
"Signing Day Sports, Inc.",8-K,Richard Symington,President,spacy
ESSA Pharma Inc.,8-K,Peter Virsik,Chief Operating Officer,spacy
ESSA Pharma Inc.,8-K,David Parkinson,President,spacy
Vicarious Surgical Inc.,8-K,Randy Clark,President,spacy
Otter Tail Corp,8-K,Karen M. Bohn,Director,spacy
Otter Tail Corp,8-K,Jennifer O. Smestad,Vice President,spacy
EAGLE FINANCIAL SERVICES INC,8-K,Brandon Lorey,President,spacy
EAGLE FINANCIAL SERVICES INC,8-K,Kathleen J. Chappell,Vice President,spacy
ZION OIL & GAS INC,8-K,Robert Dunn,Chief Executive Officer,spacy
ZION OIL & GAS INC,8-K,John Lundberg,Corporate Secretary,spacy
"SmartKem, Inc.",8-K,Ian Jenks,Chairman,spacy
"SmartKem, Inc.",8-K,Barbra Keck,Chairman,spacy
"SmartKem, Inc.",8-K,Blackley Manchester,Chief Financial Officer,spacy
PENNS WOODS BANCORP INC,8-K,Richard A. Grafmyre,Chief Executive Officer,spacy
AB INTERNATIONAL GROUP CORP.,8-K,Chiyuan Deng,Chief Executive Officer,spacy
SUNLINK HEALTH SYSTEMS INC,8-K,Robert M. Thornton,Chief Executive Officer,spacy
SUNLINK HEALTH SYSTEMS INC,8-K,Sheila Brockman,Unknown,spacy
SUNLINK HEALTH SYSTEMS INC,8-K,Ray Leadbetter,Cto,spacy
SUNLINK HEALTH SYSTEMS INC,8-K,Quentin Whitwell,Vice President,spacy
SUNLINK HEALTH SYSTEMS INC,8-K,Ty Johnson,Unknown,spacy
"My City Builders, Inc.",8-K,Jose Maria Eduardo,Director,spacy
"My City Builders, Inc.",8-K,Gonzalez Romero,Director,spacy
"My City Builders, Inc.",8-K,Francis Pittilloni,Chief Financial Officer,spacy
Motorsport Games Inc.,8-K,Stephen Hood,Chief Executive Officer,spacy
BROADWAY FINANCIAL CORP DE,8-K,Brenda J. Battey,Vice President,spacy
"Quince Therapeutics, Inc.",8-K,Charles Ryan,Chief Executive Officer,spacy
Prime Meridian Holding Co,8-K,Clint F. Weber,Chief Financial Officer,spacy
Prime Meridian Holding Co,8-K,Sammie D. Dixon,Chairman,spacy
SIRIUS XM HOLDINGS INC.,8-K,Patrick L. Donnelly,Vice President,spacy
SIRIUS XM HOLDINGS INC.,8-K,Wilkinson Barker Knauer,Unknown,spacy
SIRIUS XM HOLDINGS INC.,8-K,Andy Welicky,Director,spacy
SIRIUS XM HOLDINGS INC.,8-K,Wiley Rein,Cto,spacy
SIRIUS XM HOLDINGS INC.,8-K,Christiana Rd,General Counsel,spacy
"BigCommerce Holdings, Inc.",8-K,Steven Chung,Cto,spacy
"BigCommerce Holdings, Inc.",8-K,Brent Bellm,Chief Executive Officer,spacy
Merchants Bancorp,8-K,Michael J. Dunlap,Chairman,spacy
Merchants Bancorp,8-K,Michael F. Petrie,Chairman,spacy
"ServisFirst Bancshares, Inc.",8-K,Thomas A. Broughton,Chairman,spacy
"ServisFirst Bancshares, Inc.",8-K,Joel Smith,President,spacy
"ServisFirst Bancshares, Inc.",8-K,Tom Broughton,Chairman,spacy
"ServisFirst Bancshares, Inc.",8-K,Bud Foshee,Cfo,spacy
"CALIX, INC",8-K,Michael Weening,President,spacy
HARMONIC INC,8-K,Patrick Harshman,President,spacy
VERRA MOBILITY Corp,8-K,David Roberts,President,spacy
VERRA MOBILITY Corp,8-K,Verra Mobility,President,spacy
GRACO INC,8-K,Joseph J. Humke,Vice President,spacy
GRACO INC,8-K,Mark Sheahan,President,spacy
POTLATCHDELTIC CORP,8-K,Eric Cremers,President,spacy
"Sonnet BioTherapeutics Holdings, Inc.",8-K,Pankaj Mohan,Chief Executive Officer,spacy
Cohen & Co Inc.,8-K,Michael G. Oller,Chief Financial Officer,spacy
Fintech Scion Ltd,8-K,Shalom Dodoun,Director,spacy
Fintech Scion Ltd,8-K,Chun Hoo,Director,spacy
Fintech Scion Ltd,8-K,Ho Wah,Chief Financial Officer,spacy
WHIRLPOOL CORP /DE/,8-K,Jim Peters,Chief Financial Officer,spacy
WHIRLPOOL CORP /DE/,8-K,Marc Bitzer,Chairman,spacy
TWO HARBORS INVESTMENT CORP.,8-K,Rebecca B. Sandberg,General Counsel,spacy
TWO HARBORS INVESTMENT CORP.,8-K,Bill Greenberg,President,spacy
TWO HARBORS INVESTMENT CORP.,8-K,Nick Letica,Chief Investment Officer,spacy
Crane Co,8-K,Richard A. Maue,Vice President,spacy
Crane Co,8-K,Max Mitchell,President,spacy
AVALONBAY COMMUNITIES INC,8-K,Benjamin Schall,Chief Executive Officer,spacy
AVALONBAY COMMUNITIES INC,8-K,Michael Simel,Vice President,spacy
AVALONBAY COMMUNITIES INC,8-K,Keri A. Shea,Director,spacy
AVALONBAY COMMUNITIES INC,8-K,Sean T. Willson,Director,spacy
AVALONBAY COMMUNITIES INC,8-K,Jason Reilley,Vice President,spacy
AVALONBAY COMMUNITIES INC,8-K,Alaine Walsh,Vice President,spacy
AVALONBAY COMMUNITIES INC,8-K,Joanne Lockridge,President,spacy
AVALONBAY COMMUNITIES INC,8-K,Keri Shea,Vice President,spacy
AVALONBAY COMMUNITIES INC,8-K,Sean Willson,Chief Financial Officer,spacy
CAPITAL SOUTHWEST CORP,8-K,Bowen Diehl,President,spacy
"GERMAN AMERICAN BANCORP, INC.",8-K,Neil Dauby,Chairman,spacy
"HARLEY-DAVIDSON, INC.",8-K,Luke Mansfield,Vice President,spacy
"HARROW, INC.",8-K,Jamie Webb,Director,spacy
"HARROW, INC.",8-K,Lauren Silvernail,Director,spacy
"HARROW, INC.",8-K,Mark L. Baum,Director,spacy
"HARROW, INC.",8-K,Adrienne Graves,Chief Executive Officer,spacy
"HARROW, INC.",8-K,Harrow Harrow,Director,spacy
"United Homes Group, Inc.",8-K,Jack Micenko,Cto,spacy
"United Homes Group, Inc.",8-K,Michael Nieri,Chief Executive Officer,spacy
"Stronghold Digital Mining, Inc.",8-K,Matthew Smith,Chief Financial Officer,spacy
"Stronghold Digital Mining, Inc.",8-K,Richard Shaffer,Vice President,spacy
NEW JERSEY RESOURCES CORP,8-K,M. Susan Hardwick,Director,spacy
NEW JERSEY RESOURCES CORP,8-K,Peter C. Harvey,Cto,spacy
NEW JERSEY RESOURCES CORP,8-K,Jane M. Kenny,Director,spacy
NEW JERSEY RESOURCES CORP,8-K,Sharon C. Taylor,Director,spacy
"LiveWire Group, Inc.",8-K,Amanda Parker,Chief Legal Officer,spacy
"LINKBANCORP, Inc.",8-K,Andrew Samuel,Chief Executive Officer,spacy
"LINKBANCORP, Inc.",8-K,Jeffrey F. Turner,Director,spacy
"LINKBANCORP, Inc.",8-K,Carl D. Lundblad,President,spacy
"Helmerich & Payne, Inc.",8-K,John Lindsay,President,spacy
"Helmerich & Payne, Inc.",8-K,Dave Wilson,President,spacy
"Helmerich & Payne, Inc.",8-K,Mark Smith,Vice President,spacy
"Coeur Mining, Inc.",8-K,Mitchell J. Krebs,President,spacy
"Coeur Mining, Inc.",8-K,Jeff Wilhoit,Director,spacy
DATA I/O CORP,8-K,Anthony Ambrose,President,spacy
DATA I/O CORP,8-K,Gerald Y. Ng,Vice President,spacy
DATA I/O CORP,8-K,Gerald Ng,Vice President,spacy
DATA I/O CORP,8-K,Jordan Darrow,Vice President,spacy
"DILLARD'S, INC.",8-K,Chris B. Johnson,Vice President,spacy
"DILLARD'S, INC.",8-K,Alex Dillard,President,spacy
HERITAGE FINANCIAL CORP /WA/,8-K,J. Hinson,President,spacy
"Fresh Vine Wine, Inc.",8-K,Vine Wine,Chief Executive Officer,spacy
"Fresh Vine Wine, Inc.",8-K,Reverse Split,Director,spacy
"Fresh Vine Wine, Inc.",8-K,Vine Associate,Cto,spacy
"Fresh Vine Wine, Inc.",8-K,Peter F. Waltz,Coo,spacy
"Fresh Vine Wine, Inc.",8-K,Rick Nechio,Director,spacy
"Fresh Vine Wine, Inc.",8-K,Mike Pruitt,Chairman,spacy
Finwise Bancorp,8-K,Kent Landvatter,Chief Executive Officer,spacy
"dMY Squared Technology Group, Inc.",8-K,Harry L.,Chief Financial Officer,spacy
"SPLASH BEVERAGE GROUP, INC.",8-K,Key Details,Cto,spacy
ODP Corp,8-K,Gerry P. Smith,Director,spacy
ODP Corp,8-K,David M. Szymanski,Ceo,spacy
ODP Corp,8-K,Gerry Smith,Ceo,spacy
ODP Corp,8-K,David Szymanski,Ceo,spacy
OneMeta Inc.,8-K,Roy H. Chestnutt,Director,spacy
Immunocore Holdings plc,8-K,Bahija Jallal,Chief Executive Officer,spacy
"AUBURN NATIONAL BANCORPORATION, INC",8-K,David A. Hedges,President,spacy
"Rezolute, Inc.",8-K,Susan Stewart,Chief Regulatory Officer,spacy
"Rezolute, Inc.",8-K,Nevan Charles Elam,Chief Executive Officer,spacy
NUCOR CORP,8-K,Stephen D. Laxton,Chief Financial Officer,spacy
NUCOR CORP,8-K,Leon Topalian,President,spacy
NUCOR CORP,8-K,Steve Laxton,President,spacy
"Pharma-Bio Serv, Inc.",8-K,Pedro J. Lasanta,Chief Financial Officer,spacy
DANAHER CORP /DE/,8-K,Rainer M. Blair,President,spacy
DANAHER CORP /DE/,8-K,John T. Bedford,Director,spacy
OFFICE PROPERTIES INCOME TRUST,8-K,Peter Hazoglou,Director,spacy
OFFICE PROPERTIES INCOME TRUST,8-K,Pledgor Type,Unknown,spacy
F&M BANK CORP,8-K,Mike Wilkerson,Chief Executive Officer,spacy
F&M BANK CORP,8-K,Lisa F. Campbell,Vice President,spacy
"CONSUMER PORTFOLIO SERVICES, INC.",8-K,Danny Bharwani,Chief Financial Officer,spacy
FIRST NORTHERN COMMUNITY BANCORP,8-K,Jeremiah Z. Smith,President,spacy
FIRST NORTHERN COMMUNITY BANCORP,8-K,Z. Smith,President,spacy
FIRST NORTHERN COMMUNITY BANCORP,8-K,Jeremiah Smith,President,spacy
CORVEL CORP,8-K,Brandon T.,Chief Financial Officer,spacy
ARVANA INC,8-K,Logan Fast,Unknown,spacy
ARVANA INC,8-K,Richard Surber,Chief Executive Officer,spacy
"Velo3D, Inc.",8-K,Brad Kreger,Director,spacy
"Astria Therapeutics, Inc.",8-K,Ben Harshbarger,Chief Legal Officer,spacy
"Powerfleet, Inc.",8-K,Stefan Joselowitz,Chief Executive Officer,spacy
"Powerfleet, Inc.",8-K,Steve Towe,Chief Executive Officer,spacy
Marathon Petroleum Corp,8-K,Michael J. Hennigan,Chief Executive Officer,spacy
SMITH A O CORP,8-K,James F. Stern,Vice President,spacy
SMITH A O CORP,8-K,Kevin J. Wheeler,Chairman,spacy
PENTAIR plc,8-K,John L. Stauch,President,spacy
PENTAIR plc,8-K,Robert P. Fishman,President,spacy
"CG Oncology, Inc.",8-K,C. Advance,Director,spacy
CORNING INC /NY,8-K,Aleksandra Boskovic,Vice President,spacy
CORNING INC /NY,8-K,Ed Schlesinger,Vice President,spacy
CORNING INC /NY,8-K,Jeffrey Evenson,Vice President,spacy
Iterum Therapeutics plc,8-K,Judy Matthews,Chief Financial Officer,spacy
"MALIBU BOATS, INC.",8-K,Jack Springer,Chief Executive Officer,spacy
TRANSCAT INC,8-K,Lee D. Rudow,President,spacy
TRANSCAT INC,8-K,James M. Jenkins,Chief Legal Officer,spacy
General Motors Co,8-K,Christopher T. Hatto,Vice President,spacy
General Motors Co,8-K,Mary Barra,Ceo,spacy
PULTEGROUP INC/MI/,8-K,Ryan Marshall,President,spacy
ManpowerGroup Inc.,8-K,Nick Hengst,Unknown,spacy
ManpowerGroup Inc.,8-K,Jonas Prising,Chairman,spacy
COMMVAULT SYSTEMS INC,8-K,Sanjay Mirchandani,President,spacy
COMMVAULT SYSTEMS INC,8-K,Gary Merrill,Chief Financial Officer,spacy
COMMVAULT SYSTEMS INC,8-K,Michael J. Melnyk,Unknown,spacy
"2seventy bio, Inc.",8-K,Chip Baird,Chief Executive Officer,spacy
"2seventy bio, Inc.",8-K,Daniel Lynch,President,spacy
"2seventy bio, Inc.",8-K,William D. Baird,President,spacy
"2seventy bio, Inc.",8-K,Victoria Eatwell,Chief Financial Officer,spacy
"2seventy bio, Inc.",8-K,William Baird,Cto,spacy
"2seventy bio, Inc.",8-K,Chip Baird Chip,Chief Operating Officer,spacy
"2seventy bio, Inc.",8-K,Nick Leschly,Ceo,spacy
"2seventy bio, Inc.",8-K,Philip Gregory,Chief Scientific Officer,spacy
"2seventy bio, Inc.",8-K,Vicki Eatwell,Chief Operating Officer,spacy
"2seventy bio, Inc.",8-K,Jessica Snow,Vice President,spacy
"2seventy bio, Inc.",8-K,Denice Torres,President,spacy
"2seventy bio, Inc.",8-K,Wei Lin,Chief Executive Officer,spacy
"2seventy bio, Inc.",8-K,Dan Lynch,Chief Executive Officer,spacy
"2seventy bio, Inc.",8-K,Marcela Maus,Chief Financial Officer,spacy
"2seventy bio, Inc.",8-K,Steve Bernstein,Chief Scientific Officer,spacy
"HCA Healthcare, Inc.",8-K,Sam Hazen,Chief Executive Officer,spacy
"HCA Healthcare, Inc.",8-K,William B. Rutherford,Director,spacy
"HCA Healthcare, Inc.",8-K,Michael A. Marks,Vice President,spacy
"HCA Healthcare, Inc.",8-K,Bill Rutherford,Cfo,spacy
"HCA Healthcare, Inc.",8-K,Mike Marks,Vice President,spacy
"Inmune Bio, Inc.",8-K,David Moss,Cfo,spacy
"Inmune Bio, Inc.",8-K,Jason Nelson,Cfo,spacy
SYSCO CORP,8-K,Kevin Hourican,President,spacy
SYSCO CORP,8-K,Kenny Cheung,Chief Financial Officer,spacy
PFIZER INC,8-K,Margaret M. Madden,Vice President,spacy
PFIZER INC,8-K,Albert Bourla,Chairman,spacy
PFIZER INC,8-K,Chris Boshoff,Chief Oncology Officer,spacy
PFIZER INC,8-K,Aamir Malik,Vice President,spacy
OSHKOSH CORP,8-K,John Pfeifer,President,spacy
OSHKOSH CORP,8-K,Bryan Brandt,Vice President,spacy
LCI INDUSTRIES,8-K,Lillian D. Etzkorn,Chief Financial Officer,spacy
LCI INDUSTRIES,8-K,Jason Lippert,President,spacy
CAMDEN NATIONAL CORP,8-K,Simon Griffiths,President,spacy
HUBBELL INC,8-K,Gerben Bakker,Chairman,spacy
JACOBS SOLUTIONS INC.,8-K,Steven J. Demetriou,Director,spacy
JACOBS SOLUTIONS INC.,8-K,Peter J. Robertson,Director,spacy
JACOBS SOLUTIONS INC.,8-K,Julie A. Sloat,Director,spacy
"DOUGLAS DYNAMICS, INC",8-K,Sarah Lauber,Vice President,spacy
"DOUGLAS DYNAMICS, INC",8-K,Douglas Dynamics,Treasurer,spacy
"DOUGLAS DYNAMICS, INC",8-K,Peter B. Campbell,Vice President,spacy
"DOUGLAS DYNAMICS, INC",8-K,Katherine L. Plotner,Director,spacy
"Arcus Biosciences, Inc.",8-K,Johanna Mercier,Director,spacy
"Arcus Biosciences, Inc.",8-K,Juan Jaen,Director,spacy
"Arcus Biosciences, Inc.",8-K,Jennifer Jarrett,Director,spacy
"Arcus Biosciences, Inc.",8-K,Terry Rosen,Chief Executive Officer,spacy
"Arcus Biosciences, Inc.",8-K,D. Terry Rosen,Chief Executive Officer,spacy
"Arcus Biosciences, Inc.",8-K,Jacquie Ross,Unknown,spacy
"Arcus Biosciences, Inc.",8-K,Merdad Parsey,Chief Medical Officer,spacy
"QHSLab, Inc.",8-K,Troy Grogan,President,spacy
"SideChannel, Inc.",8-K,Dele Owoye,Director,spacy
"SideChannel, Inc.",8-K,Matt Klein,Vice President,spacy
"SideChannel, Inc.",8-K,Eric Gauthier,Vice President,spacy
"SideChannel, Inc.",8-K,Client Delivery,Vice President,spacy
HOPE BANCORP INC,8-K,Julianna Balicka Angie,Chief Financial Officer,spacy
"HarborOne Bancorp, Inc.",8-K,Joseph F. Casey,President,spacy
"Tectonic Therapeutic, Inc.",8-K,Alise Reicin,Cto,spacy
"Tectonic Therapeutic, Inc.",8-K,Miguel Vega,Coo,spacy
"Tectonic Therapeutic, Inc.",8-K,Marc Recht,Coo,spacy
"Tectonic Therapeutic, Inc.",8-K,Erik Ostrowski,President,spacy
"Tectonic Therapeutic, Inc.",8-K,Mitch Bloom,Unknown,spacy
"Tectonic Therapeutic, Inc.",8-K,James Ding,Cto,spacy
"Tectonic Therapeutic, Inc.",8-K,Adam Johnson,Cto,spacy
"Tectonic Therapeutic, Inc.",8-K,Timothy A. Springer,Cto,spacy
"Tectonic Therapeutic, Inc.",8-K,Piper Sandler,Cto,spacy
"Tectonic Therapeutic, Inc.",8-K,Andrew Kruse,Cto,spacy
"Tectonic Therapeutic, Inc.",8-K,Tim Springer,Cto,spacy
"Tectonic Therapeutic, Inc.",8-K,Ed Trissel,Cto,spacy
"Tectonic Therapeutic, Inc.",8-K,Joele Frank,Cto,spacy
GRAY TELEVISION INC,8-K,Kevin P. Latek,Vice President,spacy
"SCANSOURCE, INC.",8-K,Elizabeth O. Temple,Unknown,spacy
"SCANSOURCE, INC.",8-K,Michael L. Baur,Chief Executive Officer,spacy
CHEETAH NET SUPPLY CHAIN SERVICE INC.,8-K,Tony Liu,Cto,spacy
"Aeluma, Inc.",8-K,Jonathan Klamkin,President,spacy
"Aeluma, Inc.",8-K,California Ma,Cto,spacy
"Aeluma, Inc.",8-K,Indium Gallium Arsenide,Cto,spacy
"Aeluma, Inc.",8-K,Arrays Cu,Cto,spacy
"Aeluma, Inc.",8-K,Photodetector Array,Cto,spacy
REGIS CORP,8-K,Exemption Request,Director,spacy
GENERAL MILLS INC,8-K,Benno O. Dorer,Director,spacy
GENERAL MILLS INC,8-K,Jeffrey G. Siemon,Vice President,spacy
GENERAL MILLS INC,8-K,Chris A. Rauschl,Chief Financial Officer,spacy
GENERAL MILLS INC,8-K,John Morikis,Chairman,spacy
"TechCom, Inc.",8-K,Steven Schuster,Chief Executive Officer,spacy
"TechCom, Inc.",8-K,Charles Faulkner,Chief Executive Officer,spacy
"TechCom, Inc.",8-K,Simon Wajcenberg,Chief Executive Officer,spacy
"TechCom, Inc.",8-K,Authorized Signatory,Director,spacy
FIRST FINANCIAL CORP /IN/,8-K,Norman D. Lowery,President,spacy
"Estrella Immunopharma, Inc.",8-K,Cheng Liu,Chief Executive Officer,spacy
"Estrella Immunopharma, Inc.",8-K,Peter Xu,Cfo,spacy
NVR INC,8-K,Daniel D. Malzahn,Vice President,spacy
Sunshine Biopharma Inc.,8-K,Camille Sebaaly,President,spacy
Sunshine Biopharma Inc.,8-K,Marc Beaudoin,President,spacy
Sunshine Biopharma Inc.,8-K,Malek Chamoun,Chief Science Officer,spacy
Sunshine Biopharma Inc.,8-K,Nora Phara,President,spacy
ACCO BRANDS Corp,8-K,Esselte Polska Sp,Vice President,spacy
ACCO BRANDS Corp,8-K,Tom Tedford,Chief Executive Officer,spacy
ACCO BRANDS Corp,8-K,Pan Tom Tedford,Unknown,spacy
ACCO BRANDS Corp,8-K,Patrick Buchenroth,Vice President,spacy
ATHENA GOLD CORP,8-K,Jason Libenson,Chief Executive Officer,spacy
"KURA SUSHI USA, INC.",8-K,Shintaro Asako,Director,spacy
"KURA SUSHI USA, INC.",8-K,Kim Ellis,Director,spacy
"KURA SUSHI USA, INC.",8-K,Seitaro Ishii,Director,spacy
"KURA SUSHI USA, INC.",8-K,Carin L. Stutz,Director,spacy
COASTAL FINANCIAL CORP,8-K,Joel G. Edwards,Vice President,spacy
COASTAL FINANCIAL CORP,8-K,G. Edwards,Vice President,spacy
TFS Financial CORP,8-K,M. Danckers,Cto,spacy
TFS Financial CORP,8-K,Deborah Hand,Chief Risk Officer,spacy
TFS Financial CORP,8-K,Jennifer Rosa,Chief Financial Officer,spacy
TFS Financial CORP,8-K,Marc A. Stefanski,Chairman,spacy
Singularity Future Technology Ltd.,8-K,Ruiyang Wang,Unknown,spacy
ROBERT HALF INC.,8-K,M. Keith Waddell,President,spacy
ROBERT HALF INC.,8-K,Robert Half,President,spacy
"CIRRUS LOGIC, INC.",8-K,John Forsyth,President,spacy
"CIRRUS LOGIC, INC.",8-K,Deirdre Hanford,Cto,spacy
"Waterstone Financial, Inc.",8-K,William Bruss,Chief Executive Officer,spacy
UMB FINANCIAL CORP,8-K,Mariner Kemper,Chairman,spacy
UMB FINANCIAL CORP,8-K,Greg Graves,Director,spacy
UMB FINANCIAL CORP,8-K,Leroy Williams,Director,spacy
UMB FINANCIAL CORP,8-K,Gordon Lansford,Director,spacy
UMB FINANCIAL CORP,8-K,Tom Wood,Chairman,spacy
UMB FINANCIAL CORP,8-K,Jim Rine,Chairman,spacy
CARLISLE COMPANIES INC,8-K,Chris Koch,President,spacy
"SKYWORKS SOLUTIONS, INC.",8-K,Liam K. Griffin,Chairman,spacy
Finward Bancorp,8-K,Benjamin Bochnowski,Chairman,spacy
"Quoin Pharmaceuticals, Ltd.",8-K,Daily Trading Volume,Unknown,spacy
"Quoin Pharmaceuticals, Ltd.",8-K,Michael Myers,Chief Executive Officer,spacy
"ArriVent BioPharma, Inc.",8-K,Winston Kung,Chief Financial Officer,spacy
MANHATTAN ASSOCIATES INC,8-K,Michael Bauer Rick Fernandez,Treasurer,spacy
MANHATTAN ASSOCIATES INC,8-K,Eddie Capel,President,spacy
SEABOARD CORP /DE/,8-K,David H. Rankin,Vice President,spacy
Lifevantage Corp,8-K,Steve Fife,President,spacy
Lifevantage Corp,8-K,Carl A. Aure,Chief Financial Officer,spacy
STRYKER CORP,8-K,Jason Beach,Vice President,spacy
STRYKER CORP,8-K,Yin Becker,Vice President,spacy
STRYKER CORP,8-K,Kevin Lobo,Ceo,spacy
STARBUCKS CORP,8-K,Laxman Narasimhan,Chief Executive Officer,spacy
STARBUCKS CORP,8-K,Rachel Ruggeri,Chief Financial Officer,spacy
STARBUCKS CORP,8-K,Daniel Servitje,Director,spacy
STARBUCKS CORP,8-K,Neal Mohan,Director,spacy
STARBUCKS CORP,8-K,Mike Sievert,Chief Executive Officer,spacy
CITIZENS FINANCIAL SERVICES INC,8-K,Stephen J. Guillaume,Chief Financial Officer,spacy
ELECTRONIC ARTS INC.,8-K,Stuart Canfield,Chief Financial Officer,spacy
ELECTRONIC ARTS INC.,8-K,Andrew Wilson,Ceo,spacy
AMERICAS CARMART INC,8-K,Douglas Campbell,Chief Financial Officer,spacy
"TheRealReal, Inc.",8-K,Robert Julian,Director,spacy
"TheRealReal, Inc.",8-K,Todd Suko,Chief Financial Officer,spacy
"Axos Financial, Inc.",8-K,Greg Garrabrants,President,spacy
"Axos Financial, Inc.",8-K,Derrick K. Walsh,Chief Financial Officer,spacy
"Axos Financial, Inc.",8-K,Derrick Walsh,Vice President,spacy
"Axos Financial, Inc.",8-K,Johnny Lai,President,spacy
Lifeward Ltd.,8-K,Charles Remsberg,Chief Sales Officer,spacy
Lifeward Ltd.,8-K,Larry Jasinski,Ceo,spacy
"Match Group, Inc.",8-K,Gary Swidler,President,spacy
"Match Group, Inc.",8-K,Bernard Kim,Chief Executive Officer,spacy
"Enova International, Inc.",8-K,David Fisher,Ceo,spacy
"Enova International, Inc.",8-K,Steve Cunningham,Cfo,spacy
ADVANCED MICRO DEVICES INC,8-K,Lisa Su,Ceo,spacy
JUNIPER NETWORKS INC,8-K,Rami Rahim,Ceo,spacy
JUNIPER NETWORKS INC,8-K,Ken Miller,Cfo,spacy
Aramark,8-K,Susan M. Cameron,Director,spacy
Aramark,8-K,Greg Creed,Director,spacy
CANADIAN PACIFIC KANSAS CITY LTD/CN,8-K,Keith Creel,President,spacy
FIRST INTERSTATE BANCSYSTEM INC,8-K,David Della Camera,Director,spacy
"IF Bancorp, Inc.",8-K,Pamela J. Verkler,Vice President,spacy
EQUITY RESIDENTIAL,8-K,Mark J. Parrell,President,spacy
MEDALLION FINANCIAL CORP,8-K,Donald Poulton,President,spacy
Artisan Partners Asset Management Inc.,8-K,Jason Gottlieb,Chief Executive Officer,spacy
Artisan Partners Asset Management Inc.,8-K,Charles J. Daley,Vice President,spacy
Unum Group,8-K,Large Case,Cto,spacy
MODINE MANUFACTURING CO,8-K,Neil D. Brinker,President,spacy
MODINE MANUFACTURING CO,8-K,Michael B. Lucareli,President,spacy
"Greenlane Holdings, Inc.",8-K,Lana Reeve Lana,Unknown,spacy
GRAFTECH INTERNATIONAL LTD,8-K,Catherine L. Clegg,Director,spacy
"Upland Software, Inc.",8-K,Karen Cummings,Chief Operating Officer,spacy
"Upland Software, Inc.",8-K,Matt Breslin,Chief Revenue Officer,spacy
"Upland Software, Inc.",8-K,Michael D. Hill,Chief Financial Officer,spacy
"ENERGIZER HOLDINGS, INC.",8-K,Nneka L. Rimmer,Coo,spacy
"ENERGIZER HOLDINGS, INC.",8-K,Robert V. Vitale,Coo,spacy
"ENERGIZER HOLDINGS, INC.",8-K,John J. Drabik,Vice President,spacy
NAVIENT CORP,8-K,David Yowan,President,spacy
NAVIENT CORP,8-K,Edward Bramson,President,spacy
NAVIENT CORP,8-K,Joe Fisher,President,spacy
"BrightSpring Health Services, Inc.",8-K,Bob Barnes,Chief Legal Officer,spacy
"BrightSpring Health Services, Inc.",8-K,Jennifer Yowler,President,spacy
"BrightSpring Health Services, Inc.",8-K,Jim Mattingly,President,spacy
"BrightSpring Health Services, Inc.",8-K,Steven Reed,Vice President,spacy
"BrightSpring Health Services, Inc.",8-K,Olivia Kirtley,Director,spacy
"BrightSpring Health Services, Inc.",8-K,Joseph H. Kaufman,Chief Legal Officer,spacy
"BrightSpring Health Services, Inc.",8-K,Sunny Cheong,Chief Legal Officer,spacy
"BrightSpring Health Services, Inc.",8-K,Requesting Waiver,Director,spacy
"LiveOne, Inc.",8-K,Robert Ellin,Chief Executive Officer,spacy
"LiveOne, Inc.",8-K,Jay Krigsman,Chief Executive Officer,spacy
"LiveOne, Inc.",8-K,Rob Ellin,Vice President,spacy
"LiveOne, Inc.",8-K,Tenia Muhammad,Chief Financial Officer,spacy
"LiveOne, Inc.",8-K,Sasha Ablovatskiy,Chief Financial Officer,spacy
"Ponce Financial Group, Inc.",8-K,Carlos P. Naudon,President,spacy
"Ponce Financial Group, Inc.",8-K,Steven A. Tsavaris,Chairman,spacy
RENAISSANCERE HOLDINGS LTD,8-K,Robert Qutub,Vice President,spacy
RENAISSANCERE HOLDINGS LTD,8-K,Storm Ciaran,Cto,spacy
POWELL INDUSTRIES INC,8-K,Michael Metcalf,Chief Financial Officer,spacy
"GULF RESOURCES, INC.",8-K,Helen Xu,Director,spacy
"GULF RESOURCES, INC.",8-K,Haiyan Xu,Director,spacy
"BXP, Inc.",8-K,Derek A.,Vice President,spacy
TRIMBLE INC.,8-K,Ron Nersesian,Director,spacy
TRIMBLE INC.,8-K,Rob Painter,Director,spacy
Seritage Growth Properties,8-K,Matthew Fernand,Chief Legal Officer,spacy
Seritage Growth Properties,8-K,John Garilli,Chief Financial Officer,spacy
"Comera Life Sciences Holdings, Inc.",8-K,Jeff Hackman,President,spacy
"Comera Life Sciences Holdings, Inc.",8-K,Robert Mahoney,President,spacy
"Comera Life Sciences Holdings, Inc.",8-K,William Wexler,Director,spacy
"Piedmont Office Realty Trust, Inc.",8-K,J. Craig Lee,Chief Financial Officer,spacy
"Checkpoint Therapeutics, Inc.",8-K,Katie Kennedy Gregory,Director,spacy
LITTELFUSE INC /DE,8-K,Dave Heinzmann,President,spacy
LITTELFUSE INC /DE,8-K,Meenal A. Sethna,Vice President,spacy
UR-ENERGY INC,8-K,Shirley Basin,Cto,spacy
HAWAIIAN ELECTRIC INDUSTRIES INC,8-K,Ann Teranishi,President,spacy
KOPIN CORP,8-K,Richard A. Sneider,Treasurer,spacy
CorMedix Inc.,8-K,Dan Ferry,Director,spacy
"Dun & Bradstreet Holdings, Inc.",8-K,Bryan Hipsher,Chief Financial Officer,spacy
"Dun & Bradstreet Holdings, Inc.",8-K,Joe A. Reinhardt,Chief Legal Officer,spacy
"Dun & Bradstreet Holdings, Inc.",8-K,Anthony Pietrontone,Vice President,spacy
"Dun & Bradstreet Holdings, Inc.",8-K,Anthony Pietrontone Jr,Vice President,spacy
"Dun & Bradstreet Holdings, Inc.",8-K,Allen Tucci,Vice President,spacy
"Dun & Bradstreet Holdings, Inc.",8-K,Jon Pfeifer,Director,spacy
"Dun & Bradstreet Holdings, Inc.",8-K,Eurocurrency Rate,Unknown,spacy
"Shutterstock, Inc.",8-K,Jarrod Yahes Jarrod,Chief Financial Officer,spacy
"Shutterstock, Inc.",8-K,Paul Hennessy,Chief Executive Officer,spacy
GOLD RESOURCE CORP,8-K,Alberto Reyes,President,spacy
GOLD RESOURCE CORP,8-K,Chet Holyoak,President,spacy
"Allogene Therapeutics, Inc.",8-K,David Chang,President,spacy
Atkore Inc.,8-K,Jeri L. Isbell,Director,spacy
Chubb Ltd,8-K,Peter Enns,Vice President,spacy
Chubb Ltd,8-K,Evan G. Greenberg,Chairman,spacy
ACADIA PHARMACEUTICALS INC,8-K,Austin D. Kim,Vice President,spacy
Otis Worldwide Corp,8-K,Judy Marks,Ceo,spacy
CENTRAL PACIFIC FINANCIAL CORP,8-K,Arnold Martines,President,spacy
BOSTON SCIENTIFIC CORP,8-K,Susan Thompson,Vice President,spacy
BOSTON SCIENTIFIC CORP,8-K,Mike Mahoney,Chairman,spacy
Evercore Inc.,8-K,Tammy Kiely,Director,spacy
Evercore Inc.,8-K,Neil Wolitzer,Cto,spacy
Avery Dennison Corp,8-K,Deon Stander,President,spacy
Avery Dennison Corp,8-K,John Eble,Vice President,spacy
Avery Dennison Corp,8-K,Kristin Robinson,Vice President,spacy
LENNOX INTERNATIONAL INC,8-K,Alok Maskara,Cto,spacy
"Ameresco, Inc.",8-K,Spencer Doran Hole Spencer,Vice President,spacy
AUTOMATIC DATA PROCESSING INC,8-K,Maria Black,President,spacy
"BioCardia, Inc.",8-K,Peter Altman,President,spacy
"BioCardia, Inc.",8-K,Miranda Peto,Chief Financial Officer,spacy
TEVA PHARMACEUTICAL INDUSTRIES LTD,8-K,Richard Francis,President,spacy
ROPER TECHNOLOGIES INC,8-K,Neil Hunn,President,spacy
"Rocket Lab USA, Inc.",8-K,Adam Spice,Chief Financial Officer,spacy
"Rocket Lab USA, Inc.",8-K,Peter Beck,Ceo,spacy
EXTREME NETWORKS INC,8-K,Kevin Rhodes,Vice President,spacy
"NASDAQ, INC.",8-K,Adena Friedman,Ceo,spacy
"NASDAQ, INC.",8-K,Sarah Youngwood,Vice President,spacy
BOEING CO,8-K,Dave Calhoun,President,spacy
Fortive Corp,8-K,Daniel B. Kim,Vice President,spacy
Hess Midstream LP,8-K,John Gatling,President,spacy
Hess Midstream LP,8-K,Jonathan C. Stein,Chief Financial Officer,spacy
"Coupang, Inc.",8-K,Neil Mehta,Director,spacy
Mastercard Inc,8-K,Adam Zitter,Corporate Secretary,spacy
Mastercard Inc,8-K,Michael Miebach,Ceo,spacy
"BRINKER INTERNATIONAL, INC",8-K,Kevin Hochman,Chief Executive Officer,spacy
"InspireMD, Inc.",8-K,Marvin Slosman,Chief Executive Officer,spacy
INTRUSION INC,8-K,Josh Carroll,Cto,spacy
Polished.com Inc.,8-K,Houman Akhavan,Director,spacy
Polished.com Inc.,8-K,Ellette A. Anderson,Director,spacy
Polished.com Inc.,8-K,Glyn C. Milburn,Director,spacy
Polished.com Inc.,8-K,James M. Schneider,Director,spacy
Polished.com Inc.,8-K,G. Alan Shaw,Director,spacy
Polished.com Inc.,8-K,Edward J. Tobin,Director,spacy
"M/I HOMES, INC.",8-K,Robert H. Schottenstein,Chief Executive Officer,spacy
Beam Global,8-K,Mark Myers,Chief Operating Officer,spacy
Beam Global,8-K,Thyssenkrupp Automotive,Unknown,spacy
Beam Global,8-K,Desmond Wheatley,Cto,spacy
LCNB CORP,8-K,Robert C. Haines,Chief Financial Officer,spacy
LCNB CORP,8-K,Eric Meilstrup,President,spacy
"Workday, Inc.",8-K,Aneel Bhusri,Director,spacy
"Workday, Inc.",8-K,Carl Eschenbach,Cto,spacy
"Workday, Inc.",8-K,James Bozzini,Chief Operating Officer,spacy
"Workday, Inc.",8-K,Richard H. Sauer,Chief Legal Officer,spacy
Liberty Global Ltd.,8-K,Randy L. Lazzell,Vice President,spacy
"Autonomix Medical, Inc.",8-K,Lori Bisson,Chief Executive Officer,spacy
"Neuraxis, INC",8-K,John Seale,Chief Financial Officer,spacy
"Neuraxis, INC",8-K,Timothy Henrichs,President,spacy
"Neuraxis, INC",8-K,Tim Henrichs,Chief Financial Officer,spacy
North Haven Private Income Fund LLC,8-K,David Pessah,Chief Financial Officer,spacy
Aptiv PLC,8-K,Kevin Clark,Chairman,spacy
Phillips 66,8-K,Mark Lashier,President,spacy
Phillips 66,8-K,Glenn Tilton,Director,spacy
GLOBAL TECHNOLOGIES LTD,8-K,Timothy Cabrera,President,spacy
"OLD DOMINION FREIGHT LINE, INC.",8-K,Marty Freeman,President,spacy
"General Enterprise Ventures, Inc.",8-K,Joshua Ralston,Chief Executive Officer,spacy
AMJ Global Technology,8-K,Arthur Malone,Ceo,spacy
MOBIVITY HOLDINGS CORP.,8-K,Will Sanchez,Director,spacy
MOBIVITY HOLDINGS CORP.,8-K,Thomas B. Akin,Chairman,spacy
RIVERVIEW BANCORP INC,8-K,David Lam,Chief Financial Officer,spacy
PTC INC.,8-K,Neil Barua,Ceo,spacy
PTC INC.,8-K,James Heppelmann,Ceo,spacy
"Sun Country Airlines Holdings, Inc.",8-K,Jude Bricker,Chief Executive Officer,spacy
"Sun Country Airlines Holdings, Inc.",8-K,Dave Davis,President,spacy
"Sun Country Airlines Holdings, Inc.",8-K,Erin Rose,Vice President,spacy
ACCURAY INC,8-K,Suzanne Winter,Chief Executive Officer,spacy
ACCURAY INC,8-K,Aman Patel,Director,spacy
"WOLFSPEED, INC.",8-K,Gregg Lowe,Ceo,spacy
MGIC INVESTMENT CORP,8-K,Julie K. Sperber,Vice President,spacy
MGIC INVESTMENT CORP,8-K,Dianna Higgins,Unknown,spacy
MGIC INVESTMENT CORP,8-K,Michael Thompson,Director,spacy
"MAXLINEAR, INC",8-K,Steven G. Litchfield,Chief Financial Officer,spacy
SEI INVESTMENTS CO,8-K,Ryan Hicke,Ceo,spacy
"Qorvo, Inc.",8-K,Grant A. Brown,Vice President,spacy
8X8 INC /DE/,8-K,Samuel Wilson,Chief Executive Officer,spacy
8X8 INC /DE/,8-K,Brian Paterson,Vice President,spacy
"Boot Barn Holdings, Inc.",8-K,James M. Watkins,Chief Financial Officer,spacy
"Boot Barn Holdings, Inc.",8-K,Brendon Frey,Vice President,spacy
"Boot Barn Holdings, Inc.",8-K,Mark Dedovesh,Vice President,spacy
OLD POINT FINANCIAL CORP,8-K,Laura Wright,Vice President,spacy
OLD POINT FINANCIAL CORP,8-K,Robert F. Shuford,Chairman,spacy
OLD POINT FINANCIAL CORP,8-K,Robert Shuford,Chairman,spacy
FLEX LTD.,8-K,Revathi Advaithi,Ceo,spacy
"NETGEAR, INC.",8-K,Patrick Lo,Chief Executive Officer,spacy
"NETGEAR, INC.",8-K,Glorious Gaming,Director,spacy
"NETGEAR, INC.",8-K,Thomas H. Waechter,Director,spacy
HAWKINS INC,8-K,Patrick H. Hawkins,Chief Executive Officer,spacy
HAWKINS INC,8-K,Jeffrey P. Oldenkamp,Vice President,spacy
"C. H. ROBINSON WORLDWIDE, INC.",8-K,Chuck Ives,Director,spacy
"C. H. ROBINSON WORLDWIDE, INC.",8-K,Dave Bozeman,President,spacy
"C. H. ROBINSON WORLDWIDE, INC.",8-K,Arun Rajan,President,spacy
"C. H. ROBINSON WORLDWIDE, INC.",8-K,Mike Zechmeister,President,spacy
"C. H. ROBINSON WORLDWIDE, INC.",8-K,Duncan Burns,Director,spacy
"C. H. ROBINSON WORLDWIDE, INC.",8-K,Mac Pinkerton,Vice President,spacy
"C. H. ROBINSON WORLDWIDE, INC.",8-K,Ben G. Campbell,Chief Legal Officer,spacy
"C. H. ROBINSON WORLDWIDE, INC.",8-K,Charlson Rd,Director,spacy
"C. H. ROBINSON WORLDWIDE, INC.",8-K,Eden Prairie,Director,spacy
SANFILIPPO JOHN B & SON INC,8-K,Jeffrey T. Sanfilippo,Chief Executive Officer,spacy
SANFILIPPO JOHN B & SON INC,8-K,John Beisler,Chief Financial Officer,spacy
"Oruka Therapeutics, Inc.",8-K,Linda Grais,Director,spacy
"Oruka Therapeutics, Inc.",8-K,Raymond Woosley,Director,spacy
"Oruka Therapeutics, Inc.",8-K,Daniel Mitchell,Director,spacy
GLOBALINK INVESTMENT INC.,8-K,Leong Lim,Chief Executive Officer,spacy
GLOBALINK INVESTMENT INC.,8-K,Tham Seng,Chairman,spacy
GLOBALINK INVESTMENT INC.,8-K,Tham Seng Kong,Chief Executive Officer,spacy
BENCHMARK ELECTRONICS INC,8-K,Stephen J. Beaver,Vice President,spacy
BENCHMARK ELECTRONICS INC,8-K,Jeff Benck,President,spacy
RAYONIER INC,8-K,David Nunes,Ceo,spacy
DIGI INTERNATIONAL INC,8-K,Ron Konezny,President,spacy
DIGI INTERNATIONAL INC,8-K,Jamie Loch,President,spacy
"ROSS STORES, INC.",8-K,Karen Fleming,Cto,spacy
"ROSS STORES, INC.",8-K,Brian Morrow,President,spacy
"ROSS STORES, INC.",8-K,Barbara Rentler,Chief Executive Officer,spacy
"REGENERON PHARMACEUTICALS, INC.",8-K,Christopher Fenimore,Chief Financial Officer,spacy
"REGENERON PHARMACEUTICALS, INC.",8-K,Jason Pitofsky,Chief Financial Officer,spacy
SELECTIVE INSURANCE GROUP INC,8-K,Michael H. Lanza,Vice President,spacy
SELECTIVE INSURANCE GROUP INC,8-K,John J. Marchioni,Chairman,spacy
"Century Communities, Inc.",8-K,David Messenger,Chief Financial Officer,spacy
"Century Communities, Inc.",8-K,Tyler Langton,Vice President,spacy
"Arcellx, Inc.",8-K,Rami Elghandour Rami,Chief Executive Officer,spacy
Nextracker Inc.,8-K,Dan Shugar,Ceo,spacy
AFLAC INC,8-K,Robin L. Blackmon,Vice President,spacy
AFLAC INC,8-K,Daniel P. Amos,Chairman,spacy
AFLAC INC,8-K,Total Adj,Cto,spacy
AFLAC INC,8-K,New Annl,Cto,spacy
SHORE BANCSHARES INC,8-K,James M. Burke,President,spacy
SHORE BANCSHARES INC,8-K,M. Burke,President,spacy
SHORE BANCSHARES INC,8-K,Todd Capitani,Vice President,spacy
SILICON LABORATORIES INC.,8-K,John C. Hollister,Vice President,spacy
CARVER BANCORP INC,8-K,Isaac Torres,Vice President,spacy
CARVER BANCORP INC,8-K,Michael Herley,Cto,spacy
"Warner Bros. Discovery, Inc.",8-K,Gunnar Wiedenfels,Chief Financial Officer,spacy
LANDSTAR SYSTEM INC,8-K,Jim Todd,Cfo,spacy
LANDSTAR SYSTEM INC,8-K,Landstar System,Cfo,spacy
LANDSTAR SYSTEM INC,8-K,Jim Gattoni,President,spacy
LANDSTAR SYSTEM INC,8-K,Landstar Metro,Cto,spacy
"Altus Power, Inc.",8-K,David Munsky,President,spacy
"Altus Power, Inc.",8-K,Vitol Solar,General Counsel,spacy
"Altus Power, Inc.",8-K,Gregg Felton,Ceo,spacy
UGI CORP /PA/,8-K,Mario Longhi,Director,spacy
UGI CORP /PA/,8-K,M. Shawn Bort,Director,spacy
UGI CORP /PA/,8-K,Jessica A. Milner,Unknown,spacy
Meritage Homes CORP,8-K,Phillippe Lord,Chief Executive Officer,spacy
Meritage Homes CORP,8-K,Alison Sasser,Vice President,spacy
Meritage Homes CORP,8-K,Emily Tadano,Unknown,spacy
Meritage Homes CORP,8-K,Steven J. Hilton,Chairman,spacy
Blue Bird Corp,8-K,Philip Horlock,Chief Executive Officer,spacy
Blue Bird Corp,8-K,Britton Smith,Chief Executive Officer,spacy
Blue Bird Corp,8-K,Razvan Radulescu,Chief Executive Officer,spacy
SILGAN HOLDINGS INC,8-K,Adam Greenlee,President,spacy
METLIFE INC,8-K,Michel Khalaf,President,spacy
METLIFE INC,8-K,Gross Unrealized Gains,Cto,spacy
DLH Holdings Corp.,8-K,Zach Parker,President,spacy
"DermTech, Inc.",8-K,Claudia Ibarra,Director,spacy
"DermTech, Inc.",8-K,Bret Christensen,Ceo,spacy
EZCORP INC,8-K,Timothy K. Jugmans,Chief Financial Officer,spacy
TETRA TECH INC,8-K,Steve Burdick,Chief Financial Officer,spacy
TETRA TECH INC,8-K,Jill Hudkins,President,spacy
TETRA TECH INC,8-K,Dan Batrack,Chairman,spacy
TETRA TECH INC,8-K,Leslie Shoemaker,Chief Sustainability Officer,spacy
"CB Financial Services, Inc.",8-K,Jamie L.,Vice President,spacy
"CB Financial Services, Inc.",8-K,Jamie L. Prah,Vice President,spacy
"CB Financial Services, Inc.",8-K,John H. Montgomery,President,spacy
"LAKE SHORE BANCORP, INC.",8-K,Kim Liddell,President,spacy
Power REIT,8-K,David H. Lesser,Chairman,spacy
"RECURSION PHARMACEUTICALS, INC.",8-K,Nathan Hatfield Nathan,Chief Legal Officer,spacy
"SR Bancorp, Inc.",8-K,William P. Taylor,Chief Executive Officer,spacy
UNIFI INC,8-K,Eddie Ingle,Chief Executive Officer,spacy
UNIFI INC,8-K,Andrew J.,Director,spacy
UNIFI INC,8-K,K. Sigmon,Vice President,spacy
UNIFI INC,8-K,Brian D. Moore,Vice President,spacy
RiceBran Technologies,8-K,Tsang Chih,President,spacy
RiceBran Technologies,8-K,Eric Tompkins,Chairman,spacy
RiceBran Technologies,8-K,Rob Fink,Cto,spacy
"Walgreens Boots Alliance, Inc.",8-K,Janice M. Babiak,Director,spacy
Gogo Inc.,8-K,Oakleigh Thorne,Ceo,spacy
Adaptimmune Therapeutics PLC,8-K,Margaret Henry,Corporate Secretary,spacy
AMERICAN SHARED HOSPITAL SERVICES,8-K,Raymond C. Stachowiak,Chairman,spacy
AMERICAN SHARED HOSPITAL SERVICES,8-K,James Higgins,Vice President,spacy
Core Laboratories Inc. /DE/,8-K,Larry Bruno,Ceo,spacy
"Farmers & Merchants Bancshares, Inc.",8-K,Gary A. Harris,President,spacy
"Vaxcyte, Inc.",8-K,Mark B. Weeks,Coo,spacy
Veradigm Inc.,8-K,Borrowing Request,Unknown,spacy
"GENERATION INCOME PROPERTIES, INC.",8-K,David Sobelman,Ceo,spacy
"HANOVER INSURANCE GROUP, INC.",8-K,John C. Roche,President,spacy
"HANOVER INSURANCE GROUP, INC.",8-K,Jeffrey M. Farber,Vice President,spacy
"HANOVER INSURANCE GROUP, INC.",8-K,Oksana Lukasheva,Vice President,spacy
AMERICAN VANGUARD CORP,8-K,Timothy J. Donnelly,Chief Administrative Officer,spacy
AMERICAN VANGUARD CORP,8-K,Don Gualdoni,Chief Transformation Officer,spacy
AMERICAN VANGUARD CORP,8-K,Tim Donnelly,Chief Transformation Officer,spacy
AMERICAN VANGUARD CORP,8-K,Eric Wintemute,Chairman,spacy
AMERICAN VANGUARD CORP,8-K,William Kuser,Chief Transformation Officer,spacy
AMERICAN VANGUARD CORP,8-K,David Johnson,Chief Administrative Officer,spacy
BriaCell Therapeutics Corp.,8-K,Jane Gross,Director,spacy
BriaCell Therapeutics Corp.,8-K,Marc Lustig,Director,spacy
BriaCell Therapeutics Corp.,8-K,William V. Williams,President,spacy
"Gain Therapeutics, Inc.",8-K,Matthias Alder,Chief Executive Officer,spacy
"Gain Therapeutics, Inc.",8-K,Xavi Barril,Chief Technology Officer,spacy
TILT Holdings Inc.,8-K,Eula Liu,Director,spacy
TILT Holdings Inc.,8-K,Cheney Xu,Director,spacy
SERVOTRONICS INC /DE/,8-K,William J. Farrell,Ceo,spacy
SERVOTRONICS INC /DE/,8-K,William F. Farrell,Chief Executive Officer,spacy
Workhorse Group Inc.,8-K,Brad Hartzell,Cfo,spacy
Workhorse Group Inc.,8-K,Bob Ginnan,Cfo,spacy
Workhorse Group Inc.,8-K,Michael Elliott,Cfo,spacy
Workhorse Group Inc.,8-K,John C. Krug,Unknown,spacy
Workhorse Group Inc.,8-K,Robert M. Ginnan,Chief Financial Officer,spacy
HORMEL FOODS CORP /DE/,8-K,Steve Lykken,Vice President,spacy
HORMEL FOODS CORP /DE/,8-K,Jim Snee,Chairman,spacy
HONEYWELL INTERNATIONAL INC,8-K,Vimal Kapur,Chief Executive Officer,spacy
HONEYWELL INTERNATIONAL INC,8-K,Darius Adamczyk,Chief Executive Officer,spacy
Oaktree Specialty Lending Corp,8-K,Armen Panossian,Chief Executive Officer,spacy
BRUNSWICK CORP,8-K,David M. Foulkes,Chief Executive Officer,spacy
BRUNSWICK CORP,8-K,David Foulkes,Chief Executive Officer,spacy
BRUNSWICK CORP,8-K,Neha Clark,Chief Executive Officer,spacy
Trane Technologies plc,8-K,Christopher J. Kuehn,Vice President,spacy
Trane Technologies plc,8-K,Dave Regnery,Ceo,spacy
Trane Technologies plc,8-K,Murray Boiler,Cto,spacy
BIO-TECHNE Corp,8-K,Kim Kelderman,President,spacy
BIO-TECHNE Corp,8-K,David Clair,Vice President,spacy
BIO-TECHNE Corp,8-K,Shane V. Bohnen,Vice President,spacy
ROYAL CARIBBEAN CRUISES LTD,8-K,Jason Liberty,President,spacy
ROYAL CARIBBEAN CRUISES LTD,8-K,Gross Margin,Unknown,spacy
DOVER Corp,8-K,Ivonne M. Cabrera,Vice President,spacy
DOVER Corp,8-K,Richard J. Tobin,President,spacy
"Merck & Co., Inc.",8-K,Robert M. Davis,Chairman,spacy
"Merck & Co., Inc.",8-K,Versus Placebo,Cto,spacy
"Merck & Co., Inc.",8-K,Robert Josephson,Cto,spacy
"Merck & Co., Inc.",8-K,Michael Levey,Cto,spacy
"Thermon Group Holdings, Inc.",8-K,Bruce Thames,President,spacy
"Thermon Group Holdings, Inc.",8-K,Kevin Fox,President,spacy
TENET HEALTHCARE CORP,8-K,Saum Sutaria,Chairman,spacy
CMS ENERGY CORP,8-K,Garrick Rochow,President,spacy
"Lazard, Inc.",8-K,Dan Schulman,Director,spacy
"Lazard, Inc.",8-K,Richard D. Parsons,Director,spacy
QUEST DIAGNOSTICS INC,8-K,Sean D. Mersten,Vice President,spacy
QUEST DIAGNOSTICS INC,8-K,Jim Davis,Chairman,spacy
"CSW INDUSTRIALS, INC.",8-K,Jeff Underwood,Vice President,spacy
"CSW INDUSTRIALS, INC.",8-K,Don Sullivan,Vice President,spacy
SM Energy Co,8-K,Herb Vogel,Chief Executive Officer,spacy
SURMODICS INC,8-K,Gary Maharaj,President,spacy
SURMODICS INC,8-K,Timothy J. Arens,Vice President,spacy
"PELOTON INTERACTIVE, INC.",8-K,Nick Caldwell,Chief Product Officer,spacy
"PELOTON INTERACTIVE, INC.",8-K,Lauren Weinberg,Chief Product Officer,spacy
"PELOTON INTERACTIVE, INC.",8-K,Chris Bruzzo,Chief Marketing Officer,spacy
PITNEY BOWES INC /DE/,8-K,Jason Dies,Chief Executive Officer,spacy
"Clear Channel Outdoor Holdings, Inc.",8-K,Raymond T. White,Director,spacy
"Clear Channel Outdoor Holdings, Inc.",8-K,Glass Lewis,Coo,spacy
"Clear Channel Outdoor Holdings, Inc.",8-K,Ted White,Director,spacy
OneWater Marine Inc.,8-K,Austin Singleton,Chief Executive Officer,spacy
TREVENA INC,8-K,Barry Shin,Cto,spacy
INTERNATIONAL PAPER CO /NEW/,8-K,Mark Sutton,Chairman,spacy
"ALTRIA GROUP, INC.",8-K,Billy Gifford,Chief Executive Officer,spacy
"ALLEGRO MICROSYSTEMS, INC.",8-K,Vineet Nargolwala,President,spacy
CARDINAL HEALTH INC,8-K,Jason Hollar,Ceo,spacy
CARDINAL HEALTH INC,8-K,Aaron Alt,Cfo,spacy
"Fidelity National Information Services, Inc.",8-K,Louise Parent,Unknown,spacy
"Fidelity National Information Services, Inc.",8-K,George Mihalos,Vice President,spacy
"HUNTINGTON INGALLS INDUSTRIES, INC.",8-K,Chris Kastner,President,spacy
"HUNTINGTON INGALLS INDUSTRIES, INC.",8-K,Tom Stiehle,President,spacy
"HUNTINGTON INGALLS INDUSTRIES, INC.",8-K,Jeremiah Denton,Coo,spacy
"WEC ENERGY GROUP, INC.",8-K,William J. Guc,Vice President,spacy
"WEC ENERGY GROUP, INC.",8-K,Gale Klappa,Chairman,spacy
JANUS HENDERSON GROUP PLC,8-K,Ali Dibadj,Chief Executive Officer,spacy
JANUS HENDERSON GROUP PLC,8-K,Roger Thompson,Chief Financial Officer,spacy
JANUS HENDERSON GROUP PLC,8-K,Janus Henderson,Director,spacy
"MACOM Technology Solutions Holdings, Inc.",8-K,Stephen G. Daly,President,spacy
"MACOM Technology Solutions Holdings, Inc.",8-K,John F. Kober,Vice President,spacy
1 800 FLOWERS COM INC,8-K,Moose Munch,Coo,spacy
NATURAL GAS SERVICES GROUP INC,8-K,Stephen C. Taylor Interim,Chief Executive Officer,spacy
NATURAL GAS SERVICES GROUP INC,8-K,Stephen Taylor,Director,spacy
NATURAL GAS SERVICES GROUP INC,8-K,Brian Tucker,Director,spacy
LANCASTER COLONY CORP,8-K,David A. Ciesinski,Ceo,spacy
"Dayforce, Inc.",8-K,David Ossip,Ceo,spacy
ARROW FINANCIAL CORP,8-K,Penko Ivanov Penko,Chief Financial Officer,spacy
ARROW FINANCIAL CORP,8-K,David D. Kaiser,Vice President,spacy
ARROW FINANCIAL CORP,8-K,Penko Ivanov,Vice President,spacy
ARROW FINANCIAL CORP,8-K,Andrew J. Wise,Vice President,spacy
ARROW FINANCIAL CORP,8-K,Marc Yrsha,Vice President,spacy
"BROADRIDGE FINANCIAL SOLUTIONS, INC.",8-K,Edmund L. Reese,Vice President,spacy
"BROADRIDGE FINANCIAL SOLUTIONS, INC.",8-K,Tim Gokey,Ceo,spacy
EON Resources Inc.,8-K,Michael J. Porter,President,spacy
EON Resources Inc.,8-K,Mark Williams,Director,spacy
EON Resources Inc.,8-K,Mark H. Williams,Vice President,spacy
EON Resources Inc.,8-K,Mitch Trotter,Cfo,spacy
PARKER HANNIFIN CORP,8-K,Jenny Parmentier,Chairman,spacy
"Crocs, Inc.",8-K,Andrew Rees,President,spacy
"Crocs, Inc.",8-K,Anne Mehlman,Director,spacy
"Crocs, Inc.",8-K,Michelle Poole,Chief Financial Officer,spacy
"Crocs, Inc.",8-K,Daniel P. Hart,Vice President,spacy
"Crocs, Inc.",8-K,Erinn Murphy,Cfo,spacy
"Crocs, Inc.",8-K,Melissa Layton,Cfo,spacy
ETSY INC,8-K,Josh Silverman,Chief Executive Officer,spacy
ETSY INC,8-K,Sarah Marx,Vice President,spacy
ETSY INC,8-K,Marc Steinberg,Director,spacy
ETSY INC,8-K,Fred Wilson,Chairman,spacy
ETSY INC,8-K,Marla Blow,Director,spacy
ETSY INC,8-K,Andrew Ballard,Director,spacy
ETSY INC,8-K,Gary Briggs,Director,spacy
"SunCoke Energy, Inc.",8-K,Katherine Gates,President,spacy
BALL Corp,8-K,Howard Yu,Vice President,spacy
DONEGAL GROUP INC,8-K,Jeffrey Miller,President,spacy
Innovation Pharmaceuticals Inc.,8-K,Barry Schechter,Director,spacy
Innovation Pharmaceuticals Inc.,8-K,Zorik Spektor,Director,spacy
ENZO BIOCHEM INC,8-K,Kara Cannon,Director,spacy
ENZO BIOCHEM INC,8-K,Steven J. Pully,Director,spacy
ENZO BIOCHEM INC,8-K,Steven Pully,Chairman,spacy
"NAYA Biosciences, Inc.",8-K,Steven Shum,Chief Executive Officer,spacy
"RAVE RESTAURANT GROUP, INC.",8-K,Brandon Solano,Chief Executive Officer,spacy
"Rocket Companies, Inc.",8-K,Alastair Rampell,Director,spacy
"Rocket Companies, Inc.",8-K,Andreessen Horowitz,Cto,spacy
"Rocket Companies, Inc.",8-K,Alex Rampell,Director,spacy
"Rocket Companies, Inc.",8-K,Varun Krishna,Director,spacy
"Rocket Companies, Inc.",8-K,Dan Gilbert,Chairman,spacy
ILLINOIS TOOL WORKS INC,8-K,Michael M. Larsen,Vice President,spacy
"Katapult Holdings, Inc.",8-K,Orlando Zayas,Chief Executive Officer,spacy
CHEMED CORP,8-K,David P. Williams,Chief Executive Officer,spacy
CHEMED CORP,8-K,Brian C. Judkins,Vice President,spacy
BRANDYWINE REALTY TRUST,8-K,Jerry Sweeney,President,spacy
"Silo Pharma, Inc.",8-K,Eric Weisblum,Ceo,spacy
"LEE ENTERPRISES, Inc",8-K,Kevin Mowbray,President,spacy
CoinShares Valkyrie Bitcoin Fund,8-K,Client Keys,Cto,spacy
CoinShares Valkyrie Bitcoin Fund,8-K,Steven Mcclurg,President,spacy
CoinShares Valkyrie Bitcoin Fund,8-K,Valkyrie Digital,President,spacy
ADDVANTAGE TECHNOLOGIES GROUP INC,8-K,Michael Ramke,Chief Executive Officer,spacy
ADDVANTAGE TECHNOLOGIES GROUP INC,8-K,John M. Shelnutt,Director,spacy
"FirstCash Holdings, Inc.",8-K,Rick Wessel,Director,spacy
"Orange County Bancorp, Inc. /DE/",8-K,Michael Lesler,Vice President,spacy
"Orange County Bancorp, Inc. /DE/",8-K,Michael Gilfeather,President,spacy
"Clearfield, Inc.",8-K,Cheryl Beranek Cheryl,Chief Executive Officer,spacy
"Clearfield, Inc.",8-K,Cheri Beranek,President,spacy
"Clearfield, Inc.",8-K,Dan Herzog,Chief Financial Officer,spacy
"Usio, Inc.",8-K,Michael White,Director,spacy
"Usio, Inc.",8-K,Houston Frost,Vice President,spacy
"Usio, Inc.",8-K,Louis Hoch,Director,spacy
SKYWEST INC,8-K,Eric J. Woodward,Chief Accounting Officer,spacy
SKYWEST INC,8-K,Chip Childs,Chief Executive Officer,spacy
"Intellia Therapeutics, Inc.",8-K,John Leonard,President,spacy
VIAVI SOLUTIONS INC.,8-K,Oleg Khaykin,President,spacy
COLUMBIA SPORTSWEAR CO,8-K,Jim A. Swanson,Cfo,spacy
COLUMBIA SPORTSWEAR CO,8-K,Tim Boyle,Chairman,spacy
COLUMBIA SPORTSWEAR CO,8-K,Andrew Burns,Vice President,spacy
EXPONENT INC,8-K,Richard L. Schlenker,Vice President,spacy
EXPONENT INC,8-K,Richard Schlenker,Vice President,spacy
AMAZON COM INC,8-K,Andy Jassy,Ceo,spacy
AMAZON COM INC,8-K,Aurora Limitless Database,Cto,spacy
CAVCO INDUSTRIES INC.,8-K,Allison K. Aden,Vice President,spacy
CAVCO INDUSTRIES INC.,8-K,Bill Boor,President,spacy
OPEN TEXT CORP,8-K,Mark J. Barrenechea,Ceo,spacy
OPEN TEXT CORP,8-K,Madhu Ranganathan,Cfo,spacy
OPEN TEXT CORP,8-K,Carl Zeiss,Coo,spacy
Atlassian Corp,8-K,Jira Software,Ceo,spacy
Atlassian Corp,8-K,Joe Binz,Chief Financial Officer,spacy
DECKERS OUTDOOR CORP,8-K,Steven J. Fasching,Chief Financial Officer,spacy
GEORGIA POWER CO,8-K,David Durham,President,spacy
GEORGIA POWER CO,8-K,M. Stanford,Vice President,spacy
GEORGIA POWER CO,8-K,Michael T. Sweeney,Vice President,spacy
GEORGIA POWER CO,8-K,Chris Cummiskey,President,spacy
GEORGIA POWER CO,8-K,Chemistry Specifications,Cto,spacy
GEORGIA POWER CO,8-K,David C.,Vice President,spacy
GEORGIA POWER CO,8-K,Patricial L.,President,spacy
GEORGIA POWER CO,8-K,Cartridge Filters,Cto,spacy
GEORGIA POWER CO,8-K,Resin Tanks,Cto,spacy
GEORGIA POWER CO,8-K,T. Holmes,Unknown,spacy
"Pathfinder Bancorp, Inc.",8-K,James A. Dowd,President,spacy
"Pathfinder Bancorp, Inc.",8-K,Walter F. Rusnak,President,spacy
"ENSIGN GROUP, INC",8-K,Suzanne D. Snapper,Chief Financial Officer,spacy
"ENSIGN GROUP, INC",8-K,Barry Port,Chief Executive Officer,spacy
"ENSIGN GROUP, INC",8-K,Chad Keetch,Chief Investment Officer,spacy
"ENSIGN GROUP, INC",8-K,Suzanne Snapper,Vice President,spacy
LPL Financial Holdings Inc.,8-K,Dan Arnold,President,spacy
LPL Financial Holdings Inc.,8-K,Matt Audette,Cfo,spacy
CLOROX CO /DE/,8-K,Angela Hilt,Vice President,spacy
CLOROX CO /DE/,8-K,Linda Rendle,Ceo,spacy
"Coursera, Inc.",8-K,Ken Hahn,Cfo,spacy
"Ramaco Resources, Inc.",8-K,Evan H. Jenkins,Director,spacy
"Ramaco Resources, Inc.",8-K,Tyler Adkins,Chief Financial Officer,spacy
"Ramaco Resources, Inc.",8-K,Barkley J. Sturgill,Director,spacy
"Ramaco Resources, Inc.",8-K,Randall Atkins,Chairman,spacy
SKECHERS USA INC,8-K,David Weinberg,Chief Operating Officer,spacy
SKECHERS USA INC,8-K,Robert Greenberg,Chief Executive Officer,spacy
"Dolby Laboratories, Inc.",8-K,Kevin Yeaman,President,spacy
"Leslie's, Inc.",8-K,Mike Egeck,Chief Executive Officer,spacy
"HARTFORD FINANCIAL SERVICES GROUP, INC.",8-K,Christopher Swift,Chairman,spacy
BEAZER HOMES USA INC,8-K,Allan P. Merrill,Chairman,spacy
REINSURANCE GROUP OF AMERICA INC,8-K,Tony Cheng,President,spacy
REINSURANCE GROUP OF AMERICA INC,8-K,Todd C. Larson,Vice President,spacy
Ryerson Holding Corp,8-K,Stephen P. Larson,Director,spacy
"CANTALOUPE, INC.",8-K,Ravi Venkatesan,Cto,spacy
"CANTALOUPE, INC.",8-K,Shawn Thornton,Chief Revenue Officer,spacy
"CANTALOUPE, INC.",8-K,Thomas Lapham,Ceo,spacy
"Guardant Health, Inc.",8-K,Samir Kaul,Director,spacy
"Guardant Health, Inc.",8-K,John G. Saia,Chief Legal Officer,spacy
CROSS COUNTRY HEALTHCARE INC,8-K,Josh Vogel,Vice President,spacy
Integrated Wellness Acquisition Corp,8-K,Binson Lau,Director,spacy
Integrated Wellness Acquisition Corp,8-K,Matthew Malriat,Director,spacy
Integrated Wellness Acquisition Corp,8-K,John Zhong Chen,Director,spacy
Integrated Wellness Acquisition Corp,8-K,Yueh Eric Seto,Director,spacy
Integrated Wellness Acquisition Corp,8-K,Donald Fell,Director,spacy
Integrated Wellness Acquisition Corp,8-K,Michael Peterson,Director,spacy
UNITED STATES STEEL CORP,8-K,David B. Burritt,President,spacy
UNITED STATES STEEL CORP,8-K,Challenges Harnessing,Cto,spacy
UNITED STATES STEEL CORP,8-K,Solution Progressing,Cto,spacy
UNITED STATES STEEL CORP,8-K,Eric Linn,Director,spacy
CARRIER GLOBAL Corp,8-K,David Gitlin,Chief Executive Officer,spacy
Apple Inc.,8-K,Maestri Luca,Vice President,spacy
Apple Inc.,8-K,Luca Maestri,Cfo,spacy
FLYEXCLUSIVE INC.,8-K,Thomas James Segrave,Chief Executive Officer,spacy
FLYEXCLUSIVE INC.,8-K,Relevant Aircraft,Unknown,spacy
FLYEXCLUSIVE INC.,8-K,Jim Segrave,Ceo,spacy
reAlpha Tech Corp.,8-K,Michael Frenz,Chief Financial Officer,spacy
reAlpha Tech Corp.,8-K,Mike Logozzo Appointed,President,spacy
reAlpha Tech Corp.,8-K,Michael Frenz Appointed,President,spacy
reAlpha Tech Corp.,8-K,Mike Logozzo,President,spacy
"Origin Materials, Inc.",8-K,Charles Drucker,Chief Executive Officer,spacy
EVANS BANCORP INC,8-K,David J. Nasca,President,spacy
EVANS BANCORP INC,8-K,Deborah K. Pawlowski,Vice President,spacy
"PennyMac Financial Services, Inc.",8-K,David Spector,Chairman,spacy
"AiAdvertising, Inc.",8-K,Jerry Hug,Ceo,spacy
"Cabaletta Bio, Inc.",8-K,Steven Nichtberger,President,spacy
"Cabaletta Bio, Inc.",8-K,David J. Chang,Chief Medical Officer,spacy
"Cabaletta Bio, Inc.",8-K,Anup Marda,Chief Financial Officer,spacy
"Cabaletta Bio, Inc.",8-K,William Gramig Stern,Chief Financial Officer,spacy
AMERICAN EAGLE OUTFITTERS INC,8-K,Michael A. Mathias,Vice President,spacy
AMERICAN EAGLE OUTFITTERS INC,8-K,Jay Schottenstein,Chairman,spacy
ST JOE Co,8-K,Jorge Gonzalez,President,spacy
ST JOE Co,8-K,Mike Kerrigan,Chief Financial Officer,spacy
"Healthcare Triangle, Inc.",8-K,Lakshmanan Kannappan,Director,spacy
"Healthcare Triangle, Inc.",8-K,Dave Rosa,Chairman,spacy
"Healthcare Triangle, Inc.",8-K,Kannappan Head,Chief Financial Officer,spacy
"Calidi Biotherapeutics, Inc.",8-K,Wendy Pizarro,Chief Administrative Officer,spacy
KIRBY CORP,8-K,Joseph H. Pyne,Chairman,spacy
KIRBY CORP,8-K,Richard J. Alario,Chairman,spacy
KIRBY CORP,8-K,Rocky B. Dewbre,Director,spacy
KIRBY CORP,8-K,Kurt Niemietz,Chief Financial Officer,spacy
KIRBY CORP,8-K,David Grzebinski,President,spacy
"Consolidated Communications Holdings, Inc.",8-K,Robert J. Currey,Chairman,spacy
La Rosa Holdings Corp.,8-K,Deana La Rosa,Director,spacy
La Rosa Holdings Corp.,8-K,La Rosa,Chief Operating Officer,spacy
La Rosa Holdings Corp.,8-K,Joseph La Rosa,Chief Operating Officer,spacy
La Rosa Holdings Corp.,8-K,Michael La Rosa,Chief Executive Officer,spacy
"AYRO, Inc.",8-K,Joshua Silverman,Chairman,spacy
PALATIN TECHNOLOGIES INC,8-K,Paul Arndt,Cfo,spacy
Bausch Health Companies Inc.,8-K,Frank D. Lee,Vice President,spacy
Bausch Health Companies Inc.,8-K,Russel C. Robertson,Director,spacy
Bausch Health Companies Inc.,8-K,Christian A. Garcia,Director,spacy
Bausch Health Companies Inc.,8-K,John A. Paulson,Director,spacy
KOSS CORP,8-K,Michael J. Koss,Chairman,spacy
"Coeptis Therapeutics Holdings, Inc.",8-K,David Mehalick,Chief Executive Officer,spacy
"El Pollo Loco Holdings, Inc.",8-K,Anne Jollay,Corporate Secretary,spacy
AGCO CORP /DE,8-K,Audia Damon,Vice President,spacy
FENNEC PHARMACEUTICALS INC.,8-K,Robert Andrade,Chief Financial Officer,spacy
Verona Pharma plc,8-K,Rishi Gupta,Director,spacy
Verona Pharma plc,8-K,Michael Austwick,Director,spacy
Verona Pharma plc,8-K,David Zaccardelli,President,spacy
CHEVRON CORP,8-K,Mike Wirth,Chairman,spacy
EXXON MOBIL CORP,8-K,Darren Woods,Chairman,spacy
"Eton Pharmaceuticals, Inc.",8-K,Sean Brynjelsen,Ceo,spacy
"Granite Ridge Resources, Inc.",8-K,Luke Brandenberg,President,spacy
"CHARTER COMMUNICATIONS, INC. /MO/",8-K,Chris Winfrey,President,spacy
CHURCH & DWIGHT CO INC /DE/,8-K,Matthew Farrell,Chief Executive Officer,spacy
CHURCH & DWIGHT CO INC /DE/,8-K,Rick Dierker,Chief Financial Officer,spacy
"Cboe Global Markets, Inc.",8-K,Jill M. Griebenow,Vice President,spacy
"Cboe Global Markets, Inc.",8-K,Fredric Tomczyk,Chief Executive Officer,spacy
"Cboe Global Markets, Inc.",8-K,Jill Griebenow,Vice President,spacy
Twist Bioscience Corp,8-K,Emily M. Leproust,Ceo,spacy
Twist Bioscience Corp,8-K,Adam Laponis,Chief Financial Officer,spacy
BRISTOL MYERS SQUIBB CO,8-K,Christopher Boerner,Chief Executive Officer,spacy
BRISTOL MYERS SQUIBB CO,8-K,Chris Boerner,Cto,spacy
BRISTOL MYERS SQUIBB CO,8-K,David Elkins,Chief Executive Officer,spacy
BRISTOL MYERS SQUIBB CO,8-K,Samit Hirawat,Chief Executive Officer,spacy
BRISTOL MYERS SQUIBB CO,8-K,Adam Lenkowsky,Chief Financial Officer,spacy
AbbVie Inc.,8-K,Richard A. Gonzalez,Chairman,spacy
"IES Holdings, Inc.",8-K,Matt Simmes,President,spacy
"IES Holdings, Inc.",8-K,Mary K. Newman,General Counsel,spacy
"IES Holdings, Inc.",8-K,Jeff Gendell,Chairman,spacy
"WisdomTree, Inc.",8-K,Win Neuger,Director,spacy
"WisdomTree, Inc.",8-K,Shamla Naidoo,Director,spacy
"WisdomTree, Inc.",8-K,Jarrett Lilien,Coo,spacy
"WisdomTree, Inc.",8-K,Jonathan Steinberg,Ceo,spacy
S&P Global Inc.,8-K,Ewout Steenbergen,Vice President,spacy
S&P Global Inc.,8-K,Christopher Craig,Vice President,spacy
S&P Global Inc.,8-K,Alma Rosa Montanez,Corporate Secretary,spacy
PIPER SANDLER COMPANIES,8-K,Kate Clune,Chief Financial Officer,spacy
PIPER SANDLER COMPANIES,8-K,Katherine P. Clune,Chief Financial Officer,spacy
PIPER SANDLER COMPANIES,8-K,Chad Abraham,Chairman,spacy
PIPER SANDLER COMPANIES,8-K,Tim Carter,Chief Financial Officer,spacy
JOHNSON OUTDOORS INC,8-K,David Johnson Patricia,Chief Financial Officer,spacy
"W.W. GRAINGER, INC.",8-K,Deidra Merriwether,Chairman,spacy
"Dream Finders Homes, Inc.",8-K,Patrick Zalupski,Chairman,spacy
"Dream Finders Homes, Inc.",8-K,Ted Terry,Chairman,spacy
SOUTH DAKOTA SOYBEAN PROCESSORS LLC,8-K,Mark Hyde,Chief Financial Officer,spacy
UNITED GUARDIAN INC,8-K,Donna Vigilante,President,spacy
MAYS J W INC,8-K,John Pearl,Director,spacy
MAYS J W INC,8-K,Ward Lyke,Vice President,spacy
NOBILITY HOMES INC,8-K,Terry Trexler,President,spacy
NOBILITY HOMES INC,8-K,Lynn J. Cramer,Treasurer,spacy
GORMAN RUPP CO,8-K,James C. Kerr,Corporate Secretary,spacy
GORMAN RUPP CO,8-K,Brigette A. Burnell,Vice President,spacy
"ACURA PHARMACEUTICALS, INC",8-K,Peter A. Clemens,Vice President,spacy
Canterbury Park Holding Corp,8-K,Randall D. Sampson,President,spacy
Canterbury Park Holding Corp,8-K,D. Sampson,President,spacy
Canterbury Park Holding Corp,8-K,Laura Helmueller,Ceo,spacy
Canterbury Park Holding Corp,8-K,Randy J. Dehmer,Ceo,spacy
SOUTHERN COPPER CORP/,8-K,Andres Carlos Ferrero,General Counsel,spacy
"First Savings Financial Group, Inc.",8-K,Tony A. Schoen,Chief Financial Officer,spacy
"SpringWorks Therapeutics, Inc.",8-K,L. Mary Smith,Director,spacy
"SpringWorks Therapeutics, Inc.",8-K,Francis I. Perier,Chief Financial Officer,spacy
"SpringWorks Therapeutics, Inc.",8-K,Mary Smith,Chief Executive Officer,spacy
PRICESMART INC,8-K,Edgar Zurcher,Unknown,spacy
SIFCO INDUSTRIES INC,8-K,Jeffrey P. Gotschall,Cto,spacy
TAITRON COMPONENTS INC,8-K,David Vanderhorst,Chief Financial Officer,spacy
Waitr Holdings Inc.,8-K,Steven L. Scheinthal,Director,spacy
Sustainable Projects Group Inc.,8-K,Kristian Jensen,Director,spacy
"Zscaler, Inc.",8-K,Dali Rajic,Director,spacy
"CIVISTA BANCSHARES, INC.",8-K,Todd A. Michel,Vice President,spacy
Boxlight Corp,8-K,Mark Starkey,President,spacy
Boxlight Corp,8-K,Dale Strang,Chief Executive Officer,spacy
ARCBEST CORP /DE/,8-K,J. Matthew Beasley,Vice President,spacy
American Strategic Investment Co.,8-K,Joseph Marnikovic,Director,spacy
American Strategic Investment Co.,8-K,Michael Anderson,Chief Executive Officer,spacy
Immuneering Corp,8-K,Benjamin J. Zeskind,President,spacy
CADENCE DESIGN SYSTEMS INC,8-K,John B. Shoven,Director,spacy
CervoMed Inc.,8-K,John Alam,President,spacy
CervoMed Inc.,8-K,Kelly Blackburn,President,spacy
CervoMed Inc.,8-K,Outside Activities,Ceo,spacy
"GILEAD SCIENCES, INC.",8-K,Deborah H. Telman,General Counsel,spacy
"GILEAD SCIENCES, INC.",8-K,Ashleigh Koss,Director,spacy
"GILEAD SCIENCES, INC.",8-K,Ted Love,Director,spacy
"RING ENERGY, INC.",8-K,Travis T. Thomas,Chief Financial Officer,spacy
"RING ENERGY, INC.",8-K,Stephen D. Brooks,Coo,spacy
"RING ENERGY, INC.",8-K,Hollie Lamb,Chief Financial Officer,spacy
"RING ENERGY, INC.",8-K,Anthony D. Petrelli,Ceo,spacy
"RING ENERGY, INC.",8-K,John A. Crum Independent,Ceo,spacy
"RING ENERGY, INC.",8-K,Thomas L. Mitchell,Cfo,spacy
"RING ENERGY, INC.",8-K,Regina Roesener,Coo,spacy
"RING ENERGY, INC.",8-K,Wes Harris,Cto,spacy
Metallus Inc.,8-K,Kristine C. Syrvalin,Vice President,spacy
"National CineMedia, Inc.",8-K,Ronnie Y. Ng,Chief Financial Officer,spacy
"National CineMedia, Inc.",8-K,Maria Woods,Director,spacy
"National CineMedia, Inc.",8-K,Ronnie Ng,Chief Financial Officer,spacy
UNITED STATES LIME & MINERALS INC,8-K,Michael L. Wiedemer,Vice President,spacy
"Alzamend Neuro, Inc.",8-K,Stephan Jackman,Chief Executive Officer,spacy
Generation Bio Co.,8-K,Matthew Norkunas,Chief Financial Officer,spacy
"UPEXI, INC.",8-K,Andrew Norstrud,Chief Financial Officer,spacy
"UPEXI, INC.",8-K,Allan Marshall,Ceo,spacy
"UPEXI, INC.",8-K,Valter Pinto,Chief Financial Officer,spacy
"UPEXI, INC.",8-K,Jack Perkins,Unknown,spacy
RADIAN GROUP INC,8-K,Sumita Pandit,Chief Financial Officer,spacy
RADIAN GROUP INC,8-K,Certificating Custodian,Cto,spacy
RADIAN GROUP INC,8-K,David Beaning,General Counsel,spacy
RADIAN GROUP INC,8-K,Tara Greene Facsimile,Vice President,spacy
RADIAN GROUP INC,8-K,Guaranty Acknowledged,Vice President,spacy
VEEA INC.,8-K,Roy Kanishka,Chief Executive Officer,spacy
CYTOKINETICS INC,8-K,John O. Faurescu,General Counsel,spacy
GENELUX Corp,8-K,Thomas Zindrick,President,spacy
NATURAL RESOURCE PARTNERS LP,8-K,Philip T. Warman,General Counsel,spacy
"cbdMD, Inc.",8-K,T. Ronan,Chief Executive Officer,spacy
"Oncotelic Therapeutics, Inc.",8-K,Vuong Trieu,Chief Executive Officer,spacy
"RADIUS RECYCLING, INC.",8-K,Glenda J. Minor,Director,spacy
"RADIUS RECYCLING, INC.",8-K,William D. Larsson,Director,spacy
HEARTLAND EXPRESS INC,8-K,Mike Gerdin,Chief Executive Officer,spacy
HEARTLAND EXPRESS INC,8-K,Christopher A. Strain,Vice President,spacy
"Sweetgreen, Inc.",8-K,Rossann Williams,Chief Operating Officer,spacy
"Sweetgreen, Inc.",8-K,Jonathan Neman,Ceo,spacy
PBF Energy Inc.,8-K,Wayne Budd,Director,spacy
"RAPID MICRO BIOSYSTEMS, INC.",8-K,Sean Wirtjes,Chief Financial Officer,spacy
"Charlotte's Web Holdings, Inc.",8-K,Jessica Saxton,Chief Financial Officer,spacy
"Charlotte's Web Holdings, Inc.",8-K,Stephen Rogers,Chief Financial Officer,spacy
STANDEX INTERNATIONAL CORP/DE/,8-K,David Dunbar,President,spacy
STANDEX INTERNATIONAL CORP/DE/,8-K,Ademir Sarcevic,President,spacy
STANDEX INTERNATIONAL CORP/DE/,8-K,Christopher Howe,Director,spacy
HARTE HANKS INC,8-K,Kirk Davis,Chief Financial Officer,spacy
HARTE HANKS INC,8-K,David Garrison,Director,spacy
HARTE HANKS INC,8-K,Harte Hanks,Unknown,spacy
"HeartBeam, Inc.",8-K,Richard Brounstein,Director,spacy
LUXURBAN HOTELS INC.,8-K,Allen Gross,Ceo,spacy
LUXURBAN HOTELS INC.,8-K,Shanoop Kothari,Ceo,spacy
LUXURBAN HOTELS INC.,8-K,Kothari Devin Sullivan,President,spacy
ContextLogic Inc.,8-K,Julie Bradley,Director,spacy
ContextLogic Inc.,8-K,Tanzeen Syed,Director,spacy
ContextLogic Inc.,8-K,Stephanie Tilenius,Director,spacy
ContextLogic Inc.,8-K,Hans Tung,Director,spacy
"SUNation Energy, Inc.",8-K,Kyle Udseth,Chief Executive Officer,spacy
"SUNation Energy, Inc.",8-K,Eric Ingvaldson,Chief Financial Officer,spacy
"SUNation Energy, Inc.",8-K,Mark D. Fandrich,Chief Financial Officer,spacy
DUCOMMUN INC /DE/,8-K,David B. Carter,Director,spacy
DUCOMMUN INC /DE/,8-K,Stephen G. Oswald,Chairman,spacy
DUCOMMUN INC /DE/,8-K,Suman Mookerji,Vice President,spacy
"WESTWATER RESOURCES, INC.",8-K,Jong Jin Park,President,spacy
"WESTWATER RESOURCES, INC.",8-K,Strategic Sourcing,President,spacy
"WESTWATER RESOURCES, INC.",8-K,Terence Cryan,Chairman,spacy
"WESTWATER RESOURCES, INC.",8-K,Frank Bakker,Chairman,spacy
IDEXX LABORATORIES INC /DE,8-K,Jay Mazelsky,President,spacy
THOR INDUSTRIES INC,8-K,Jeffrey D. Lorenger,Director,spacy
THOR INDUSTRIES INC,8-K,Andy Graves,Chairman,spacy
THOR INDUSTRIES INC,8-K,Bob Martin,President,spacy
CATERPILLAR INC,8-K,Jim Umpleby,Chairman,spacy
Elanco Animal Health Inc,8-K,Jeff Simmons,President,spacy
GRAHAM CORP,8-K,Daniel J. Thoren,President,spacy
GRAHAM CORP,8-K,Christopher J.,Vice President,spacy
GRAHAM CORP,8-K,Christopher J. Thome,Vice President,spacy
Jefferies Financial Group Inc.,8-K,Brian Friedman,Ceo,spacy
Jefferies Financial Group Inc.,8-K,Michael J. Sharp,Vice President,spacy
Jefferies Financial Group Inc.,8-K,Rich Handler,Ceo,spacy
TIMKEN CO,8-K,Richard G. Kyle,President,spacy
"Solo Brands, Inc.",8-K,Christopher Metz,President,spacy
"Solo Brands, Inc.",8-K,Andrea K. Tarbox,Chief Financial Officer,spacy
"Solo Brands, Inc.",8-K,Andrea Tarbox,Cfo,spacy
MACERICH CO,8-K,Jackson Hsieh,Chief Executive Officer,spacy
MACERICH CO,8-K,Steven Hash,Chairman,spacy
MACERICH CO,8-K,Samantha Greening,Vice President,spacy
MCDONALDS CORP,8-K,Catherine Hoovel,Vice President,spacy
MCDONALDS CORP,8-K,Chris Kempczinski,President,spacy
"Lexeo Therapeutics, Inc.",8-K,Eric Adler,Chief Development Officer,spacy
"Lexeo Therapeutics, Inc.",8-K,See Tai,Chief Development Officer,spacy
"AFFILIATED MANAGERS GROUP, INC.",8-K,C. Horgen,President,spacy
"PLIANT THERAPEUTICS, INC.",8-K,Kris V. Kowdley,Director,spacy
"PLIANT THERAPEUTICS, INC.",8-K,Christopher Keenan,Vice President,spacy
"TYSON FOODS, INC.",8-K,Donnie King,President,spacy
Sphere Entertainment Co.,8-K,James L. Dolan,Chairman,spacy
MESA LABORATORIES INC /CO/,8-K,Gary Owens,Chief Executive Officer,spacy
MESA LABORATORIES INC /CO/,8-K,Gary M. Owens,President,spacy
MESA LABORATORIES INC /CO/,8-K,John Sakys,President,spacy
ESTEE LAUDER COMPANIES INC,8-K,Tracey T. Travis,Vice President,spacy
"Jerash Holdings (US), Inc.",8-K,Calvin Klein,Cto,spacy
"Jerash Holdings (US), Inc.",8-K,Tommy Hilfiger,Cto,spacy
"Jerash Holdings (US), Inc.",8-K,Choi Lin,Chairman,spacy
"Jerash Holdings (US), Inc.",8-K,Hung Choi Lin Hung,Chairman,spacy
Quantum-Si Inc,8-K,Jeff Hawkins,Chief Executive Officer,spacy
Quantum-Si Inc,8-K,Grace Johnston,Chief Commercial Officer,spacy
Quantum-Si Inc,8-K,Katherine Atkinson,Chief Financial Officer,spacy
"Rani Therapeutics Holdings, Inc.",8-K,Talat Imran,Chief Executive Officer,spacy
"Rani Therapeutics Holdings, Inc.",8-K,Eric Groen,Chief Scientific Officer,spacy
"Rani Therapeutics Holdings, Inc.",8-K,Betsy Gutierrez,Vice President,spacy
"Rani Therapeutics Holdings, Inc.",8-K,Arvinder Dhalla,Vice President,spacy
"Rani Therapeutics Holdings, Inc.",8-K,Jacques Van Dam,Vice President,spacy
"Sprinklr, Inc.",8-K,Paul Ohls,Chief Customer Officer,spacy
"Sprinklr, Inc.",8-K,Manish Sarin,Chief Financial Officer,spacy
"Sprinklr, Inc.",8-K,Sprinklr Founder,Ceo,spacy
LivaNova PLC,8-K,Vladimir A. Makatsaria,Director,spacy
LivaNova PLC,8-K,William A. Kozy,Chief Executive Officer,spacy
LivaNova PLC,8-K,Bill Kozy,Ceo,spacy
"Frontier Communications Parent, Inc.",8-K,Woody Young,Chairman,spacy
"Frontier Communications Parent, Inc.",8-K,John G. Stratton,Chairman,spacy
CNA FINANCIAL CORP,8-K,Kelly Sullivan,Vice President,spacy
Wheels Up Experience Inc.,8-K,David Holtz,Director,spacy
Wheels Up Experience Inc.,8-K,Wheels Up,Chairman,spacy
Wheels Up Experience Inc.,8-K,Dave Holtz,Chief Executive Officer,spacy
Wheels Up Experience Inc.,8-K,Todd Wesoloskie,Unknown,spacy
GE HealthCare Technologies Inc.,8-K,Betty D. Larson,Director,spacy
"SUPERNUS PHARMACEUTICALS, INC.",8-K,Jack A. Khattar,President,spacy
"SUPERNUS PHARMACEUTICALS, INC.",8-K,Timothy C. Dec,Vice President,spacy
Slam Corp.,8-K,Dan Dooley,Chief Financial Officer,spacy
Slam Corp.,8-K,Lisa Harrington,Director,spacy
Slam Corp.,8-K,Julian Nemirovsky,Director,spacy
Slam Corp.,8-K,Alex Rodriguez,Director,spacy
Slam Corp.,8-K,Kelly Laferriere,Director,spacy
Slam Corp.,8-K,Marc Lore,Director,spacy
Slam Corp.,8-K,Tyghe Speidel,Chief Financial Officer,spacy
Slam Corp.,8-K,Alex Zyngier,Director,spacy
Slam Corp.,8-K,Demanding Holders,Coo,spacy
Slam Corp.,8-K,Demanding Holder,Unknown,spacy
Slam Corp.,8-K,Lynk Lynk,Unknown,spacy
BUCKLE INC,8-K,Dennis H. Nelson,President,spacy
BUCKLE INC,8-K,Kari G. Smith,President,spacy
BUCKLE INC,8-K,Brett P. Milkie,Vice President,spacy
BUCKLE INC,8-K,Kelli D. Molczyk,Chief Financial Officer,spacy
"NorthEast Community Bancorp, Inc./MD/",8-K,Kenneth A. Martinek,Chairman,spacy
"BLUM HOLDINGS, INC.",8-K,Sabas Carrillo,Chief Executive Officer,spacy
"PANACEA LIFE SCIENCES HOLDINGS, INC.",8-K,Leslie Buttorff,Director,spacy
"PANACEA LIFE SCIENCES HOLDINGS, INC.",8-K,Nick Cavarra,Chief Executive Officer,spacy
Allegiant Travel CO,8-K,Gregory Anderson,President,spacy
Allegiant Travel CO,8-K,C. One,Unknown,spacy
Allegiant Travel CO,8-K,B. Method,Director,spacy
Allegiant Travel CO,8-K,C. Filling Vacancies,Director,spacy
PAMT CORP,8-K,Joe Vitiritto,President,spacy
WYTEC INTERNATIONAL INC,8-K,William H. Gray,President,spacy
WYTEC INTERNATIONAL INC,8-K,Christopher Stuart,Director,spacy
WYTEC INTERNATIONAL INC,8-K,Erica Perez,Director,spacy
KFORCE INC,8-K,Joseph J. Liberatore,President,spacy
INTEVAC INC,8-K,Nigel Hunton,President,spacy
INTEVAC INC,8-K,Kevin Soulsby,Chief Financial Officer,spacy
Palantir Technologies Inc.,8-K,Alexander C. Karp,Chief Executive Officer,spacy
"CHEGG, INC",8-K,David Longo,Director,spacy
"CHEGG, INC",8-K,Andrew Brown,Cto,spacy
"CHEGG, INC",8-K,Dan Rosensweig,Ceo,spacy
SIMON PROPERTY GROUP INC /DE/,8-K,David Simon,Chairman,spacy
SIMON PROPERTY GROUP INC /DE/,8-K,Tom Ward,Vice President,spacy
"AMKOR TECHNOLOGY, INC.",8-K,Giel Rutten,Cto,spacy
"Champion Homes, Inc.",8-K,Mark Yost,President,spacy
"Champion Homes, Inc.",8-K,Skyline Champion,Cto,spacy
"Champion Homes, Inc.",8-K,Skyline Homes,Cto,spacy
VARONIS SYSTEMS INC,8-K,Yaki Faitelson,Ceo,spacy
"SHINECO, INC.",8-K,Withheld Mike Zhao,Director,spacy
AECOM,8-K,David Y. Gan,Vice President,spacy
AECOM,8-K,Troy Rudd,Chief Executive Officer,spacy
AECOM,8-K,Lara Poloni,President,spacy
AECOM,8-K,Gaurav Kapoor,Unknown,spacy
RAMBUS INC,8-K,Luc Seraphin,Cto,spacy
RAMBUS INC,8-K,Desmond Lynch,Vice President,spacy
J&J SNACK FOODS CORP,8-K,Ken A. Plunk,Chief Financial Officer,spacy
J&J SNACK FOODS CORP,8-K,Dan Fachner,Chairman,spacy
"Simpson Manufacturing Co., Inc.",8-K,Mike Olosky,President,spacy
Trinity Place Holdings Inc.,8-K,Steven Kahn,Chief Financial Officer,spacy
"Shuttle Pharmaceuticals Holdings, Inc.",8-K,Werner Tueckmantel,Chief Executive Officer,spacy
"Hillenbrand, Inc.",8-K,Kim Ryan,President,spacy
Alkermes plc.,8-K,Samuel J. Parisi,Chief Operating Officer,spacy
Alkermes plc.,8-K,Blair C. Jackson,Director,spacy
Alkermes plc.,8-K,Iain M. Brown,Vice President,spacy
Alkermes plc.,8-K,David J. Gaffin,Unknown,spacy
"CROWN HOLDINGS, INC.",8-K,Christy L. Kalaus Christy,Vice President,spacy
"CROWN HOLDINGS, INC.",8-K,L. Kalaus,Vice President,spacy
"CROWN HOLDINGS, INC.",8-K,Timothy J. Donahue,Chairman,spacy
"CROWN HOLDINGS, INC.",8-K,Kevin C. Clothier,Vice President,spacy
"CF Industries Holdings, Inc.",8-K,Tony Will,President,spacy
"CF Industries Holdings, Inc.",8-K,Christopher D. Bohn,Director,spacy
"CF Industries Holdings, Inc.",8-K,Chris Close,Director,spacy
"CF Industries Holdings, Inc.",8-K,Darla Rivera,Director,spacy
"CF Industries Holdings, Inc.",8-K,Christopher D. Bohn Appointed,Director,spacy
FIRST UNITED CORP/MD/,8-K,Tonya K. Sturm Tonya,Vice President,spacy
FIRST UNITED CORP/MD/,8-K,Carissa Rodeheaver,Chairman,spacy
FIRST UNITED CORP/MD/,8-K,Tonya K. Sturm,Director,spacy
FIRST UNITED CORP/MD/,8-K,Jason B. Rush,President,spacy
FIRST UNITED CORP/MD/,8-K,John F. Barr Independent,Director,spacy
FIRST UNITED CORP/MD/,8-K,I. Robert Rudy Independent,Director,spacy
FIRST UNITED CORP/MD/,8-K,Marisa Shockley Independent,Director,spacy
FIRST UNITED CORP/MD/,8-K,H. Andrew Walls,Director,spacy
FIRST UNITED CORP/MD/,8-K,Carissa L. Rodeheaver,Director,spacy
FIRST UNITED CORP/MD/,8-K,Kevin Hessler,Chairman,spacy
FIRST UNITED CORP/MD/,8-K,Voting Standard,Director,spacy
FIRST UNITED CORP/MD/,8-K,Skills Matrix,Director,spacy
Madison Square Garden Entertainment Corp.,8-K,Michael Grau,Chief Financial Officer,spacy
Oportun Financial Corp,8-K,Carlos Minetti,Director,spacy
Oportun Financial Corp,8-K,Mohit Daswani,Director,spacy
Oportun Financial Corp,8-K,Kathleen Layton,Chief Legal Officer,spacy
Oportun Financial Corp,8-K,Raul Vazquez,Ceo,spacy
Vanda Pharmaceuticals Inc.,8-K,Kevin Moran,Vice President,spacy
"GROWLIFE, INC.",8-K,David Dohrmann,Chief Executive Officer,spacy
FMC CORP,8-K,Mark Douglas,President,spacy
"OptimumBank Holdings, Inc.",8-K,Moishe Gubin,Chairman,spacy
"Kimball Electronics, Inc.",8-K,Richard D. Phillips,Chief Executive Officer,spacy
"Kimball Electronics, Inc.",8-K,Jana T. Croom,Chief Financial Officer,spacy
GLOBUS MEDICAL INC,8-K,Dan Scavilla,President,spacy
GLOBUS MEDICAL INC,8-K,Keith Pfeil,Chief Operating Officer,spacy
GLOBUS MEDICAL INC,8-K,Kelly G. Huller,Vice President,spacy
BUILD-A-BEAR WORKSHOP INC,8-K,Eric Fencl,General Counsel,spacy
BUILD-A-BEAR WORKSHOP INC,8-K,Jennifer Kretchmar,Unknown,spacy
BUILD-A-BEAR WORKSHOP INC,8-K,Sharon John Jennifer Kretchmar,President,spacy
MMEX Resources Corp,8-K,Jack Hanks,Ceo,spacy
MMEX Resources Corp,8-K,Gerry Obluda,Ceo,spacy
"BELLRING BRANDS, INC.",8-K,Darcy H. Davenport,President,spacy
"BELLRING BRANDS, INC.",8-K,Thomas P. Erickson,Coo,spacy
"BELLRING BRANDS, INC.",8-K,Jennifer K. Johnson,Coo,spacy
"Adverum Biotechnologies, Inc.",8-K,Mark Lupher,Director,spacy
"Adverum Biotechnologies, Inc.",8-K,Laurent Fischer,President,spacy
"Adverum Biotechnologies, Inc.",8-K,Kenneth Guernsey,Coo,spacy
KROGER CO,8-K,Gary Millerchip,Director,spacy
KROGER CO,8-K,Todd Foley,Vice President,spacy
KROGER CO,8-K,Todd Foley Appointed,Cfo,spacy
CABOT CORP,8-K,Sean Keohane,President,spacy
WERNER ENTERPRISES INC,8-K,Nathan J. Meisgeier,President,spacy
WERNER ENTERPRISES INC,8-K,Christopher D. Wikoff,Vice President,spacy
WERNER ENTERPRISES INC,8-K,O. Box,Vice President,spacy
WERNER ENTERPRISES INC,8-K,Derek J. Leathers,Chairman,spacy
WERNER ENTERPRISES INC,8-K,Chris C. Neil,Chairman,spacy
COHERENT CORP.,8-K,Paul Silverstein,Vice President,spacy
COHERENT CORP.,8-K,Wafer Fab Inspection,Cto,spacy
Solidion Technology Inc.,8-K,Bor Jang,Chairman,spacy
"DIGITAL ALLY, INC.",8-K,Peng Han,Director,spacy
"DIGITAL ALLY, INC.",8-K,Thomas J. Heckman,Chief Executive Officer,spacy
"DIGITAL ALLY, INC.",8-K,Michael J. Caulfield,Director,spacy
SWK Holdings Corp,8-K,Yvette Heinrichson,Director,spacy
GLADSTONE INVESTMENT CORPORATION\DE,8-K,Jay Beckhorn,Cto,spacy
GLADSTONE INVESTMENT CORPORATION\DE,8-K,Terry Brubaker,Cto,spacy
GLADSTONE INVESTMENT CORPORATION\DE,8-K,Backup Servicer,Unknown,spacy
GLADSTONE INVESTMENT CORPORATION\DE,8-K,Eligible Assignees,Cto,spacy
GLADSTONE INVESTMENT CORPORATION\DE,8-K,Successor Servicer,Chief Financial Officer,spacy
"Sunworks, Inc.",8-K,Mark Trout,Director,spacy
"Sunworks, Inc.",8-K,Rhone Resch,Director,spacy
"Sunworks, Inc.",8-K,Stanley Speer,Director,spacy
CENTENE CORP,8-K,Sarah M.,Chief Executive Officer,spacy
CENTENE CORP,8-K,Michael Carson,President,spacy
CENTENE CORP,8-K,Richard Fisher,President,spacy
CENTENE CORP,8-K,Susan Smith,Vice President,spacy
CENTENE CORP,8-K,Sarah M. London,Chief Executive Officer,spacy
WILLIS TOWERS WATSON PLC,8-K,Carl Hess,Chief Executive Officer,spacy
Sensata Technologies Holding plc,8-K,Brian Roberts,Cfo,spacy
NXP Semiconductors N.V.,8-K,William J. Betz,Cto,spacy
NXP Semiconductors N.V.,8-K,Kurt Sievers,President,spacy
NXP Semiconductors N.V.,8-K,Key Highlights,President,spacy
NXP Semiconductors N.V.,8-K,Jeff Palmer Paige,Cto,spacy
"CERO THERAPEUTICS HOLDINGS, INC.",8-K,Alan Hambelton,Coo,spacy
"CERO THERAPEUTICS HOLDINGS, INC.",8-K,Michael A. Adelstein,Unknown,spacy
"CERO THERAPEUTICS HOLDINGS, INC.",8-K,Brian Atwood,Ceo,spacy
LINDE PLC,8-K,Sanjiv Lamba,Chief Executive Officer,spacy
Ingredion Inc,8-K,Jim Zallie,President,spacy
Ingredion Inc,8-K,James D. Gray,Vice President,spacy
Ingredion Inc,8-K,Jim Gray,President,spacy
nVent Electric plc,8-K,Beth Wozniak,Chief Executive Officer,spacy
PJT Partners Inc.,8-K,Paul J. Taubman,Chairman,spacy
CONSOL Energy Inc.,8-K,Jimmy Brock,Chief Executive Officer,spacy
Hamilton Lane INC,8-K,Erik Hirsch,Ceo,spacy
Hamilton Lane INC,8-K,Jeff Armbrister,Ceo,spacy
Hamilton Lane INC,8-K,John Oh Head,Ceo,spacy
WATERS CORP /DE/,8-K,Udit Batra,President,spacy
WATERS CORP /DE/,8-K,Caspar Tudor,Unknown,spacy
Xylem Inc.,8-K,Matthew Pine,President,spacy
ELI LILLY & Co,8-K,David A. Ricks,Ceo,spacy
ELI LILLY & Co,8-K,Johna Norton,Vice President,spacy
PUBLIC SERVICE CO OF NEW MEXICO,8-K,Don Tarry,Chairman,spacy
PUBLIC SERVICE CO OF NEW MEXICO,8-K,Lisa Eden,Chairman,spacy
"Frontier Group Holdings, Inc.",8-K,Barry Biffle,Chief Executive Officer,spacy
"Frontier Group Holdings, Inc.",8-K,Howard M. Diamond,Vice President,spacy
Cerence Inc.,8-K,Stefan Ortmanns,Chief Executive Officer,spacy
Cerence Inc.,8-K,Tom Beaudoin,Chief Executive Officer,spacy
Cerence Inc.,8-K,Rich Yerganian,Chief Executive Officer,spacy
FISERV INC,8-K,Frank Bisignano,Chairman,spacy
Magnolia Oil & Gas Corp,8-K,David Khani,Director,spacy
Magnolia Oil & Gas Corp,8-K,Grant Notice,Director,spacy
Magnolia Oil & Gas Corp,8-K,Dan Smith,Director,spacy
CUMMINS INC,8-K,Jennifer Rumsey,Ceo,spacy
"Spirit AeroSystems Holdings, Inc.",8-K,Pat Shanahan,President,spacy
"Spirit AeroSystems Holdings, Inc.",8-K,Mark J. Suchinski,Vice President,spacy
FLOWSERVE CORP,8-K,Elizabeth L. Burger,Director,spacy
FLOWSERVE CORP,8-K,Susan C. Hudson,Vice President,spacy
Rallybio Corp,8-K,Jonathan I. Lieber,Chief Financial Officer,spacy
Rallybio Corp,8-K,Stephen Uden,Chief Executive Officer,spacy
"Wheeler Real Estate Investment Trust, Inc.",8-K,Joseph Stilwell,Director,spacy
CF BANKSHARES INC.,8-K,Kevin J. Beerman,Vice President,spacy
TJX COMPANIES INC /DE/,8-K,John Klinger,Vice President,spacy
TJX COMPANIES INC /DE/,8-K,Kenneth Canestrari,Vice President,spacy
TJX COMPANIES INC /DE/,8-K,Alicia C. Kelly,Vice President,spacy
PHIBRO ANIMAL HEALTH CORP,8-K,Glenn C. David,Director,spacy
PHIBRO ANIMAL HEALTH CORP,8-K,Richard Johnson,Cto,spacy
PHIBRO ANIMAL HEALTH CORP,8-K,Jack Bendheim,Chairman,spacy
PHIBRO ANIMAL HEALTH CORP,8-K,Dick Johnson,Chairman,spacy
FEMASYS INC,8-K,Richard Spector,Cto,spacy
FEMASYS INC,8-K,Femasys Femasys,Cto,spacy
"Ayala Pharmaceuticals, Inc.",8-K,Ken Berlin,President,spacy
"Ayala Pharmaceuticals, Inc.",8-K,Roy Golan,President,spacy
"Ayala Pharmaceuticals, Inc.",8-K,Andres Gutierrez,President,spacy
"Ayala Pharmaceuticals, Inc.",8-K,Barbara Borden,Coo,spacy
"Ayala Pharmaceuticals, Inc.",8-K,Clay Siegal,President,spacy
"Ayala Pharmaceuticals, Inc.",8-K,Clay B. Siegall,President,spacy
"Ayala Pharmaceuticals, Inc.",8-K,Ayala Media,Chief Financial Officer,spacy
"MARIZYME, INC.",8-K,Julie Kampf,Director,spacy
"QT IMAGING HOLDINGS, INC.",8-K,Raluca Dinu,Chief Executive Officer,spacy
"QT IMAGING HOLDINGS, INC.",8-K,John Klock,Chief Executive Officer,spacy
"Jasper Therapeutics, Inc.",8-K,Stephen P. Alicanti,General Counsel,spacy
"Nuwellis, Inc.",8-K,Nestor Jaramillo,President,spacy
"Nuwellis, Inc.",8-K,John Jefferies,Chief Medical Officer,spacy
"CLEANSPARK, INC.",8-K,Leighton Koehler,General Counsel,spacy
"CLEANSPARK, INC.",8-K,Zach Bradford,Chief Executive Officer,spacy
"CLEANSPARK, INC.",8-K,Shengyin Chen,Ceo,spacy
"CLEANSPARK, INC.",8-K,Alex Wang,Unknown,spacy
"CLEANSPARK, INC.",8-K,Steven Yan,Chief Executive Officer,spacy
CLEAN HARBORS INC,8-K,Robb Schreck,Cto,spacy
CLEAN HARBORS INC,8-K,Eric Gerstenberg,Chief Executive Officer,spacy
CLEAN HARBORS INC,8-K,Mike Battles,Chief Executive Officer,spacy
"Lineage Cell Therapeutics, Inc.",8-K,Neal Bradsher,Director,spacy
"Lineage Cell Therapeutics, Inc.",8-K,Don M. Bailey,Director,spacy
ADDENTAX GROUP CORP.,8-K,Hong Zhida,Chief Executive Officer,spacy
Greenidge Generation Holdings Inc.,8-K,Jordan Kovler,Ceo,spacy
MUELLER INDUSTRIES INC,8-K,Greg Christopher,Ceo,spacy
"Pacific Ventures Group, Inc.",8-K,Masjedi Shannon,Ceo,spacy
International Media Acquisition Corp.,8-K,Vishwas Joshi,Director,spacy
"SONIDA SENIOR LIVING, INC.",8-K,Brandon Ribar,President,spacy
"SONIDA SENIOR LIVING, INC.",8-K,Kevin Detz,Chief Financial Officer,spacy
"SONIDA SENIOR LIVING, INC.",8-K,Seymour Pluchenik,General Counsel,spacy
UNITED BANCORP INC /OH/,8-K,M. Greenwood,President,spacy
UNITED BANCORP INC /OH/,8-K,Randall M. Greenwood,Vice President,spacy
"TPT GLOBAL TECH, INC.",8-K,Richard Eberhardt,Director,spacy
"TPT GLOBAL TECH, INC.",8-K,Stephen J. Thomas,Chief Executive Officer,spacy
"TPT GLOBAL TECH, INC.",8-K,Roy Foreman,President,spacy
"TPT GLOBAL TECH, INC.",8-K,George Foreman,President,spacy
"TPT GLOBAL TECH, INC.",8-K,Mark Rowan,Coo,spacy
"ICHOR HOLDINGS, LTD.",8-K,Jeff Andreson,Chief Executive Officer,spacy
"ICHOR HOLDINGS, LTD.",8-K,Greg Swyt,Chief Financial Officer,spacy
Kinetik Holdings Inc.,8-K,Ronald Schweizer,Director,spacy
Kinetik Holdings Inc.,8-K,Michael A. Kumar,Director,spacy
MICROSTRATEGY Inc,8-K,Phong Le,President,spacy
MICROSTRATEGY Inc,8-K,Andrew Kang,Chief Financial Officer,spacy
"Revance Therapeutics, Inc.",8-K,Mark Foley,Chief Executive Officer,spacy
KLDiscovery Inc.,8-K,Christopher J. Weiler,Chief Executive Officer,spacy
OMNICOM GROUP INC.,8-K,John Wren,Chairman,spacy
"AVIAT NETWORKS, INC.",8-K,Pete Smith,President,spacy
"AVIAT NETWORKS, INC.",8-K,Peter Smith,President,spacy
"AVIAT NETWORKS, INC.",8-K,Andrew Fredrickson,President,spacy
"AVIAT NETWORKS, INC.",8-K,David Gray,President,spacy
V F CORP,8-K,Bracken Darrell,President,spacy
V F CORP,8-K,Matthew H. Puckett,Vice President,spacy
Safe & Green Development Corp,8-K,Marina Martins,Ceo,spacy
"FRACTYL HEALTH, INC.",8-K,Sarah Toomey,Director,spacy
"NU SKIN ENTERPRISES, INC.",8-K,James D. Thomas,Chief Financial Officer,spacy
Fortune Rise Acquisition Corp,8-K,T. Riggs,Cfo,spacy
"Aspen Technology, Inc.",8-K,Antonio Pietri,President,spacy
H&R BLOCK INC,8-K,Jeff Jones,President,spacy
H&R BLOCK INC,8-K,Tony Bowen,Director,spacy
H&R BLOCK INC,8-K,Katharine M. Haynes,Vice President,spacy
H&R BLOCK INC,8-K,Robert Gerard,Cfo,spacy
"Enphase Energy, Inc.",8-K,Mandy Yang,Chief Financial Officer,spacy
"Enphase Energy, Inc.",8-K,Badri Kothandaraman,President,spacy
KEY TRONIC CORP,8-K,Craig Gates,President,spacy
Varex Imaging Corp,8-K,Sunny Sanyal,Chief Executive Officer,spacy
AZEK Co Inc.,8-K,Jesse Singh,Ceo,spacy
InnovAge Holding Corp.,8-K,Patrick Blair,President,spacy
"KORE Group Holdings, Inc.",8-K,Paul Holtz,President,spacy
"KORE Group Holdings, Inc.",8-K,Jack Kennedy,President,spacy
"KORE Group Holdings, Inc.",8-K,Bryan Lubel,Vice President,spacy
"KORE Group Holdings, Inc.",8-K,Tushar Sachdev,Vice President,spacy
"KORE Group Holdings, Inc.",8-K,Louise Winstone,Vice President,spacy
"Intapp, Inc.",8-K,John Hall,Ceo,spacy
EXELON CORP,8-K,Michael Innocenzo,President,spacy
EXELON CORP,8-K,Calvin G. Butler,Director,spacy
EXELON CORP,8-K,David Velazquez,President,spacy
EXELON CORP,8-K,Mike Innocenzo,Chief Operating Officer,spacy
EXELON CORP,8-K,Dave Velazquez,Chief Operating Officer,spacy
EXELON CORP,8-K,Denise Galambos,Chief Operating Officer,spacy
EXELON CORP,8-K,Calvin Butler,Vice President,spacy
EXELON CORP,8-K,Amy Best,Vice President,spacy
EXELON CORP,8-K,Process Improvement,Ceo,spacy
Freshworks Inc.,8-K,Girish Mathrubootham,Ceo,spacy
Freshworks Inc.,8-K,Abe Smith,Unknown,spacy
"Container Store Group, Inc.",8-K,Jeffrey A. Miller,Chief Financial Officer,spacy
"Container Store Group, Inc.",8-K,Nadav Ravid,Vice President,spacy
"Container Store Group, Inc.",8-K,Leonard Green,Director,spacy
GENCOR INDUSTRIES INC,8-K,Marc Elliott,President,spacy
GENCOR INDUSTRIES INC,8-K,Eric Mellen,Chief Financial Officer,spacy
Vestis Corp,8-K,Christopher Synek,Director,spacy
CHIPOTLE MEXICAN GRILL INC,8-K,Chipotle Mexican Grill,Unknown,spacy
CHIPOTLE MEXICAN GRILL INC,8-K,Chipotle Chipotle,Coo,spacy
"e.l.f. Beauty, Inc.",8-K,Mandy Fields Mandy,Chief Financial Officer,spacy
"e.l.f. Beauty, Inc.",8-K,Tarang Amin,Chairman,spacy
ADVANCED ENERGY INDUSTRIES INC,8-K,Steve Kelley,Cto,spacy
ADVANCED ENERGY INDUSTRIES INC,8-K,Paul Oldham,Chief Financial Officer,spacy
"Tenable Holdings, Inc.",8-K,Amit Yoran,Chairman,spacy
Zurn Elkay Water Solutions Corp,8-K,Todd A. Adams,Chairman,spacy
Zurn Elkay Water Solutions Corp,8-K,Todd Adams,Chairman,spacy
Zurn Elkay Water Solutions Corp,8-K,Mark Peterson,Chairman,spacy
USANA HEALTH SCIENCES INC,8-K,Douglas Hekking,President,spacy
USANA HEALTH SCIENCES INC,8-K,Jim Brown,President,spacy
USANA HEALTH SCIENCES INC,8-K,Doug Hekking,Chief Financial Officer,spacy
USANA HEALTH SCIENCES INC,8-K,G. Douglas,Chief Financial Officer,spacy
USANA HEALTH SCIENCES INC,8-K,G. Douglas Hekking,Chief Financial Officer,spacy
Copper Property CTL Pass Through Trust,8-K,Larry Finger,Unknown,spacy
EVOLUTION PETROLEUM CORP,8-K,Kelly Loyd,President,spacy
Amcor plc,8-K,Ron Delia,Ceo,spacy
Amcor plc,8-K,Michael Casamento,Ceo,spacy
"Enact Holdings, Inc.",8-K,Rohit Gupta,President,spacy
"Enact Holdings, Inc.",8-K,Hardin Dean,Vice President,spacy
"UDR, Inc.",8-K,Joseph D. Fisher,President,spacy
"UDR, Inc.",8-K,Tom Toomey,Chairman,spacy
"UDR, Inc.",8-K,Mike Lacy,Vice President,spacy
"A10 Networks, Inc.",8-K,Dhrupad Trivedi,President,spacy
"A10 Networks, Inc.",8-K,Tom Baumann,Chief Financial Officer,spacy
AMGEN INC,8-K,Robert A. Bradway,Chairman,spacy
"American Assets Trust, Inc.",8-K,Robert F. Barton,Vice President,spacy
"American Assets Trust, Inc.",8-K,Nordstrom Rack,Cto,spacy
"Kyndryl Holdings, Inc.",8-K,Vineet Khurana,Vice President,spacy
"Kyndryl Holdings, Inc.",8-K,Martin Schroeter,Chairman,spacy
"Kyndryl Holdings, Inc.",8-K,David Wyshner,Chief Financial Officer,spacy
Edwards Lifesciences Corp,8-K,Bernard Zovighian,Ceo,spacy
FutureFuel Corp.,8-K,Rose M. Sparks,Chief Financial Officer,spacy
"Rekor Systems, Inc.",8-K,Robert A. Berman,Chief Executive Officer,spacy
"Rekor Systems, Inc.",8-K,Robert Berman Eyal,President,spacy
"Rekor Systems, Inc.",8-K,Michael Charles Dunbar,President,spacy
"Rekor Systems, Inc.",8-K,Robust Customer,Cto,spacy
"EXELIXIS, INC.",8-K,Michael M. Morrissey,President,spacy
"EXELIXIS, INC.",8-K,Mary C. Beckerle,Director,spacy
"EXELIXIS, INC.",8-K,Gail Eckhardt,Director,spacy
"EXELIXIS, INC.",8-K,Associate Dean,Director,spacy
"EXELIXIS, INC.",8-K,Dan L.,Director,spacy
"CNO Financial Group, Inc.",8-K,Gary C. Bhojwani,Chief Executive Officer,spacy
"Rexford Industrial Realty, Inc.",8-K,Howard Schwimmer,Chief Executive Officer,spacy
"Rexford Industrial Realty, Inc.",8-K,Michael Frankel,Chief Executive Officer,spacy
"LENSAR, Inc.",8-K,Nicholas T. Curtis,Director,spacy
"Yum China Holdings, Inc.",8-K,Yum China,Cto,spacy
"O-I Glass, Inc. /DE/",8-K,Chris Manuel,Vice President,spacy
"O-I Glass, Inc. /DE/",8-K,John A. Haudrich,Vice President,spacy
"O-I Glass, Inc. /DE/",8-K,Andres Lopez,Ceo,spacy
"O-I Glass, Inc. /DE/",8-K,John Haudrich,Cto,spacy
"Loop Media, Inc.",8-K,Jon Niermann,Ceo,spacy
Veralto Corp,8-K,L. Honeycutt,President,spacy
Aptevo Therapeutics Inc.,8-K,Marvin L.,President,spacy
"ESSEX PROPERTY TRUST, INC.",8-K,Barbara Pak,Vice President,spacy
KKR Real Estate Finance Trust Inc.,8-K,Matt Salem,Chief Executive Officer,spacy
ATMOS ENERGY CORP,8-K,Kevin Akers,President,spacy
ATMOS ENERGY CORP,8-K,Christopher T. Forsythe,Vice President,spacy
"Senti Biosciences, Inc.",8-K,Timothy Lu,Chief Executive Officer,spacy
"NOCERA, INC.",8-K,Andy Jin,Cto,spacy
"NOCERA, INC.",8-K,Zong Hui,Director,spacy
"NOCERA, INC.",8-K,Yuan Teng,Director,spacy
ABERCROMBIE & FITCH CO /DE/,8-K,Gregory J. Henchel Gregory,Vice President,spacy
"Harvard Apparatus Regenerative Technology, Inc.",8-K,Junli He,Chairman,spacy
"Harvard Apparatus Regenerative Technology, Inc.",8-K,Joseph L. Damasio,Chief Financial Officer,spacy
"Harvard Apparatus Regenerative Technology, Inc.",8-K,Junli He Junli,Chief Financial Officer,spacy
MILLER INDUSTRIES INC /TN/,8-K,Debbie Whitmire,Chief Financial Officer,spacy
MILLER INDUSTRIES INC /TN/,8-K,Mike Gaudreau,Chief Financial Officer,spacy
MILLER INDUSTRIES INC /TN/,8-K,William G. Miller,Chief Executive Officer,spacy
"BigBear.ai Holdings, Inc.",8-K,Julie Peffer,Cfo,spacy
"BigBear.ai Holdings, Inc.",8-K,Mandy Long,Ceo,spacy
"BigBear.ai Holdings, Inc.",8-K,Pangiam Decades,Ceo,spacy
NABORS INDUSTRIES LTD,8-K,Kara Peak,Vice President,spacy
NABORS INDUSTRIES LTD,8-K,William Restrepo,Cfo,spacy
NABORS INDUSTRIES LTD,8-K,Kara K. Peak,Director,spacy
"Bridger Aerospace Group Holdings, Inc.",8-K,James Muchmore,Chief Legal Officer,spacy
Legato Merger Corp. III,8-K,Adam Jaffe,Chief Executive Officer,spacy
Legato Merger Corp. III,8-K,Brian Pratt,Chief Executive Officer,spacy
Legato Merger Corp. III,8-K,David D. Sgro,Chief Spac Officer,spacy
Legato Merger Corp. III,8-K,Grand Cayman,Director,spacy
Legato Merger Corp. III,8-K,Eric Rosenfeld,Chief Executive Officer,spacy
Legato Merger Corp. III,8-K,Adam Semler,Director,spacy
Legato Merger Corp. III,8-K,John Ing,Director,spacy
"NB Bancorp, Inc.",8-K,Danielle Walsh,Chief Financial Officer,spacy
LIGHTPATH TECHNOLOGIES INC,8-K,Albert Miranda,Chief Financial Officer,spacy
LIGHTPATH TECHNOLOGIES INC,8-K,Sam Rubin,Director,spacy
LIGHTPATH TECHNOLOGIES INC,8-K,Kim Crider,Director,spacy
LIGHTPATH TECHNOLOGIES INC,8-K,Elara Nova Space,Chief Executive Officer,spacy
REAVES UTILITY INCOME FUND,8-K,Joseph Rhame,President,spacy
REAVES UTILITY INCOME FUND,8-K,Jeremy May Jeremy,President,spacy
Rise Gold Corp.,8-K,Joseph Mullin,Director,spacy
"Apollo Commercial Real Estate Finance, Inc.",8-K,Stuart Rothstein,Chief Executive Officer,spacy
TRIUMPH GROUP INC,8-K,Thomas A. Quigley,Vice President,spacy
Nano Magic Inc.,8-K,Tom J. Berman,Chief Executive Officer,spacy
"EURONET WORLDWIDE, INC.",8-K,Rick L. Weller,Chief Financial Officer,spacy
EDGEWELL PERSONAL CARE Co,8-K,Gary K. Waring,Coo,spacy
EDGEWELL PERSONAL CARE Co,8-K,Daniel J. Sullivan,Chief Financial Officer,spacy
EDGEWELL PERSONAL CARE Co,8-K,J. Sullivan,Chief Financial Officer,spacy
EDGEWELL PERSONAL CARE Co,8-K,Rod Little,President,spacy
CVS HEALTH Corp,8-K,Ethan Slavin,Vice President,spacy
"OneMain Holdings, Inc.",8-K,Doug Shulman,Chairman,spacy
Rithm Capital Corp.,8-K,Michael Nierenberg,Chairman,spacy
"XPO, Inc.",8-K,Mario Harik,Chief Executive Officer,spacy
"XPO, Inc.",8-K,Kyle Wismans,Chief Financial Officer,spacy
"XPO, Inc.",8-K,Brian Scasserra,Coo,spacy
EMERSON ELECTRIC CO,8-K,John A. Sperino,Vice President,spacy
EMERSON ELECTRIC CO,8-K,Lal Karsanbhai,President,spacy
"Uber Technologies, Inc",8-K,Dara Khosrowshahi,Chief Executive Officer,spacy
Green Plains Inc.,8-K,Phil Boggs,Vice President,spacy
Green Plains Inc.,8-K,Lisa Gibson,Vice President,spacy
Reynolds Consumer Products Inc.,8-K,Lance Mitchell,President,spacy
Reynolds Consumer Products Inc.,8-K,David Watson,General Counsel,spacy
Performance Food Group Co,8-K,George Holm,Chairman,spacy
NEW YORK TIMES CO,8-K,Diane Brayton Diane,Vice President,spacy
NEW YORK TIMES CO,8-K,Meredith Kopit Levien,President,spacy
NEUROCRINE BIOSCIENCES INC,8-K,Matthew C. Abernethy,Chief Financial Officer,spacy
NEUROCRINE BIOSCIENCES INC,8-K,Kevin Gorman,Chief Executive Officer,spacy
YUM BRANDS INC,8-K,Virginia Ferguson,Vice President,spacy
YUM BRANDS INC,8-K,David Russell Sr,Vice President,spacy
YUM BRANDS INC,8-K,Matt Morris,Vice President,spacy
CDW Corp,8-K,Albert J. Miralles,Vice President,spacy
CDW Corp,8-K,Christine A. Leahy,Chief Executive Officer,spacy
APx Acquisition Corp. I,8-K,Daniel Braatz,Director,spacy
HAIN CELESTIAL GROUP INC,8-K,Wendy Davidson,President,spacy
Criteo S.A.,8-K,Megan Clarken,Chief Executive Officer,spacy
Criteo S.A.,8-K,Retail Media,Chief Executive Officer,spacy
VISHAY INTERTECHNOLOGY INC,8-K,Joel Smejkal,President,spacy
VISHAY INTERTECHNOLOGY INC,8-K,Peter Henrici,Vice President,spacy
"SelectQuote, Inc.",8-K,Tim Danker,Chief Executive Officer,spacy
"MasterCraft Boat Holdings, Inc.",8-K,Fred Brightbill,Chief Executive Officer,spacy
"MasterCraft Boat Holdings, Inc.",8-K,Bobby Potter,Vice President,spacy
Global Crossing Airlines Group Inc.,8-K,Edward J. Wegel,Director,spacy
Global Crossing Airlines Group Inc.,8-K,Chris Jamroz,Director,spacy
Global Crossing Airlines Group Inc.,8-K,Edward Wegel,Chief Executive Officer,spacy
Global Crossing Airlines Group Inc.,8-K,Ed Wegel,Chairman,spacy
GRIFFON CORP,8-K,Brian G. Harris,Chief Financial Officer,spacy
GRIFFON CORP,8-K,Ronald J. Kramer,Chairman,spacy
GRIFFON CORP,8-K,Michael Callahan,Chief Financial Officer,spacy
OMEROS CORP,8-K,Gregory A. Demopulos,President,spacy
"Reservoir Media, Inc.",8-K,Jim Heindlmeyer,Chief Financial Officer,spacy
"Reservoir Media, Inc.",8-K,Jackie Marcus,Vice President,spacy
"Reservoir Media, Inc.",8-K,Margaret Jones,Vice President,spacy
California Resources Corp,8-K,Michael L. Preston,Vice President,spacy
Fox Corp,8-K,Lachlan Murdoch,Chief Executive Officer,spacy
WHITE MOUNTAINS INSURANCE GROUP LTD,8-K,Rob Jakacki,Ceo,spacy
Roblox Corp,8-K,Michael Guthrie,Chief Financial Officer,spacy
Roblox Corp,8-K,David Baszucki,Ceo,spacy
"Disc Medicine, Inc.",8-K,Jean M. Franchi,Treasurer,spacy
"Disc Medicine, Inc.",8-K,Joanne Bryce,Chief Financial Officer,spacy
"Disc Medicine, Inc.",8-K,Jonathan Yu,Chief Operating Officer,spacy
"Disc Medicine, Inc.",8-K,John Quisel,Chief Executive Officer,spacy
"Disc Medicine, Inc.",8-K,Jean Franchi,Chief Financial Officer,spacy
iPower Inc.,8-K,Sean Mansouri,Cto,spacy
TWIN DISC INC,8-K,Twin Disc,Unknown,spacy
AMERICAN FINANCIAL GROUP INC,8-K,Karl J. Grafe,Vice President,spacy
AMERICAN FINANCIAL GROUP INC,8-K,Diane P. Weidner,Vice President,spacy
ClearSign Technologies Corp,8-K,Jim Deller,Chief Executive Officer,spacy
DMC Global Inc.,8-K,Michael Kuta,President,spacy
DMC Global Inc.,8-K,James Henry Schladen,Cto,spacy
DMC Global Inc.,8-K,Victoria Ann Schladen,Cto,spacy
DMC Global Inc.,8-K,Robert Sayour,Cto,spacy
DMC Global Inc.,8-K,Micheline Sayour,Cto,spacy
DMC Global Inc.,8-K,Eric Walter,Cfo,spacy
NATURAL HEALTH TRENDS CORP,8-K,Chris Sharng,President,spacy
CASSAVA SCIENCES INC,8-K,Remi Barbier,President,spacy
CASSAVA SCIENCES INC,8-K,Eric Schoen,Chief Financial Officer,spacy
CASSAVA SCIENCES INC,8-K,Suzanne Hendrix,Ceo,spacy
IDEX CORP /DE/,8-K,Eric D. Ashleman,Chief Executive Officer,spacy
IDEX CORP /DE/,8-K,Eric Ashleman,Chief Executive Officer,spacy
Chilean Cobalt Corp.,8-K,Ignacio Moreno Fernandez,Cto,spacy
Chilean Cobalt Corp.,8-K,Duncan Blount,Chairman,spacy
Chilean Cobalt Corp.,8-K,Greg Levinson,Chairman,spacy
Chilean Cobalt Corp.,8-K,Andy Sloop,Director,spacy
Chilean Cobalt Corp.,8-K,Geraldine Barnuevo,Director,spacy
TTM TECHNOLOGIES INC,8-K,Sameer Desai,Chief Legal Officer,spacy
TTM TECHNOLOGIES INC,8-K,Daniel J. Weber,Vice President,spacy
TTM TECHNOLOGIES INC,8-K,Tom Edman,Ceo,spacy
Laser Photonics Corp,8-K,Ryan Tennyson,Director,spacy
Laser Photonics Corp,8-K,Wayne Tupuola,Ceo,spacy
"MachTen, Inc.",8-K,Dan Miller,Chief Executive Officer,spacy
STEELCASE INC,8-K,David C. Sylvester,Vice President,spacy
"VACCINEX, INC.",8-K,Albert D. Friedberg,Director,spacy
Arax Holdings Corp,8-K,Christopher D. Strachan,Chief Financial Officer,spacy
Arax Holdings Corp,8-K,Soft Cap,Cto,spacy
Arax Holdings Corp,8-K,Michael Lasky,Chief Executive Officer,spacy
MONOLITHIC POWER SYSTEMS INC,8-K,Michael Hsing,Ceo,spacy
Knowles Corp,8-K,Jeffrey Niew,President,spacy
ENANTA PHARMACEUTICALS INC,8-K,Paul J. Mellett,Unknown,spacy
MCKESSON CORP,8-K,Brian Tyler,Chief Executive Officer,spacy
MCKESSON CORP,8-K,Britt J. Vitalone,Vice President,spacy
"Digital Turbine, Inc.",8-K,James Barrett Garrison,Vice President,spacy
"Digital Turbine, Inc.",8-K,Bill Stone,Ceo,spacy
"Confluent, Inc.",8-K,Jay Kreps,Ceo,spacy
"Confluent, Inc.",8-K,Rohan Sivaram,Cfo,spacy
Walt Disney Co,8-K,Robert A. Iger,Chief Executive Officer,spacy
"Fluence Energy, Inc.",8-K,Francis A. Fuselier,Vice President,spacy
"Fluence Energy, Inc.",8-K,Julian Nebreda,President,spacy
"Fluence Energy, Inc.",8-K,Ahmed Pasha,Chief Financial Officer,spacy
MATTEL INC /DE/,8-K,Dawn Ostroff,Director,spacy
MATTEL INC /DE/,8-K,Ynon Kreiz,Chairman,spacy
MATTEL INC /DE/,8-K,Todd Bradley,Director,spacy
MATTEL INC /DE/,8-K,Ann Lewnes,Director,spacy
MATTEL INC /DE/,8-K,Adriana Cisneros,Director,spacy
MATTEL INC /DE/,8-K,Michael Dolan,Director,spacy
MATTEL INC /DE/,8-K,Diana Ferguson,Director,spacy
MATTEL INC /DE/,8-K,Soren Laursen,Director,spacy
MATTEL INC /DE/,8-K,Roger Lynch,Director,spacy
MATTEL INC /DE/,8-K,Judy Olian,Director,spacy
UNIVERSAL TECHNICAL INSTITUTE INC,8-K,Jerome Grant,Ceo,spacy
UNIVERSAL TECHNICAL INSTITUTE INC,8-K,Kevin Prehn,President,spacy
UNIVERSAL TECHNICAL INSTITUTE INC,8-K,Carolyn Frank,President,spacy
UNIVERSAL TECHNICAL INSTITUTE INC,8-K,Troy Anderson,Cfo,spacy
UNIVERSAL TECHNICAL INSTITUTE INC,8-K,Matt Glover,Vice President,spacy
CSG SYSTEMS INTERNATIONAL INC,8-K,Brian Shepherd,President,spacy
CSG SYSTEMS INTERNATIONAL INC,8-K,John Rea,Cto,spacy
WYNN RESORTS LTD,8-K,Craig Billings,Ceo,spacy
WYNN RESORTS LTD,8-K,Wynn Al Marjan Island,Ceo,spacy
"GoPro, Inc.",8-K,Nicholas Woodman,Chief Executive Officer,spacy
"QUALYS, INC.",8-K,Sumedh Thakar,President,spacy
"QUALYS, INC.",8-K,Joo Mi Kim Joo,Chief Financial Officer,spacy
"Viking Therapeutics, Inc.",8-K,Brian Lian,President,spacy
"Viking Therapeutics, Inc.",8-K,Vida Strategic,Chief Financial Officer,spacy
"Viking Therapeutics, Inc.",8-K,Stephanie Diaz,Chief Financial Officer,spacy
"Viking Therapeutics, Inc.",8-K,Tim Brons,Chief Financial Officer,spacy
SAGA COMMUNICATIONS INC,8-K,Samuel D. Bush,Vice President,spacy
FORMFACTOR INC,8-K,Mike Slessor,Ceo,spacy
"Oscar Health, Inc.",8-K,Mark Bertolini,Ceo,spacy
"Inotiv, Inc.",8-K,Beth A. Taylor,Chief Financial Officer,spacy
"PayPal Holdings, Inc.",8-K,Alex Chriss,President,spacy
Envista Holdings Corp,8-K,Stephen Keller,Unknown,spacy
"Hepion Pharmaceuticals, Inc.",8-K,Anand Reddi,Director,spacy
"Pioneer Bancorp, Inc./MD",8-K,Thomas L. Amell,President,spacy
"YETI Holdings, Inc.",8-K,Bryan C. Barksdale,Vice President,spacy
CENTRAL GARDEN & PET CO,8-K,Nicholas Lahanas,Chief Financial Officer,spacy
CENTRAL GARDEN & PET CO,8-K,Beth Springer,Ceo,spacy
Moelis & Co,8-K,Joe Simon,Chairman,spacy
Moelis & Co,8-K,Ken Moelis,Chairman,spacy
Moelis & Co,8-K,Bruno Brandao,Director,spacy
Moelis & Co,8-K,Science Tools,Director,spacy
Moelis & Co,8-K,Matt Janukowicz,Director,spacy
Moelis & Co,8-K,Craig Kolwicz,Director,spacy
Moelis & Co,8-K,Andrew Swift,Director,spacy
Moelis & Co,8-K,Mark Webber,Director,spacy
ANNALY CAPITAL MANAGEMENT INC,8-K,David Finkelstein,Chief Executive Officer,spacy
ASGN Inc,8-K,Ted Hanson,Chief Executive Officer,spacy
UNIVERSAL CORP /VA/,8-K,Preston D. Wigner,Vice President,spacy
"MOLINA HEALTHCARE, INC.",8-K,Joseph Zubretsky,President,spacy
"MOLINA HEALTHCARE, INC.",8-K,Joseph Krocheski,Chief Legal Officer,spacy
"CORPAY, INC.",8-K,Tom Panther,Chief Financial Officer,spacy
"CORPAY, INC.",8-K,Ron Clarke,Chairman,spacy
"CORPAY, INC.",8-K,Jim Eglseder,Chief Executive Officer,spacy
"DHI GROUP, INC.",8-K,Art Zeile,President,spacy
"DHI GROUP, INC.",8-K,Raime Leeby,Cfo,spacy
"DHI GROUP, INC.",8-K,Raime Leeby Muhle,Chief Financial Officer,spacy
"Terns Pharmaceuticals, Inc.",8-K,Amy Burroughs,Director,spacy
"Terns Pharmaceuticals, Inc.",8-K,Jill M. Quigley,Director,spacy
"Terns Pharmaceuticals, Inc.",8-K,Bryan Yoon Bryan,Chief Operating Officer,spacy
Regional Management Corp.,8-K,Daniel Ryan,Vice President,spacy
Regional Management Corp.,8-K,Tom Murphy,Vice President,spacy
Regional Management Corp.,8-K,Madison Ave,Vice President,spacy
Regional Management Corp.,8-K,Morgan Stanford,Vice President,spacy
Regional Management Corp.,8-K,John Thomas,Vice President,spacy
EASTGROUP PROPERTIES INC,8-K,Marshall Loeb,Treasurer,spacy
EASTGROUP PROPERTIES INC,8-K,Staci H. Tyler,Chief Administrative Officer,spacy
AXCELIS TECHNOLOGIES INC,8-K,Russell Low,President,spacy
"QUINSTREET, INC",8-K,Wong Gregory,Chief Financial Officer,spacy
"QUINSTREET, INC",8-K,Doug Valenti,Ceo,spacy
O REILLY AUTOMOTIVE INC,8-K,Jay Burchfield,Director,spacy
O REILLY AUTOMOTIVE INC,8-K,Jeremy A. Fletcher,Vice President,spacy
O REILLY AUTOMOTIVE INC,8-K,Greg Johnson,Ceo,spacy
O REILLY AUTOMOTIVE INC,8-K,Brad Beckham,Ceo,spacy
O REILLY AUTOMOTIVE INC,8-K,Brent Kirby,Ceo,spacy
PVH CORP. /DE/,8-K,Mark D. Fischer,Vice President,spacy
BLACK HILLS CORP /SD/,8-K,Linn Evans,President,spacy
BLACK HILLS CORP /SD/,8-K,Normal Actual Variance,Cto,spacy
STEWART INFORMATION SERVICES CORP,8-K,David C. Hisey,Chief Financial Officer,spacy
STEWART INFORMATION SERVICES CORP,8-K,Fred Eppinger,Chief Executive Officer,spacy
Encompass Health Corp,8-K,Mark Tarr,President,spacy
COTY INC.,8-K,Sue Nabi,Ceo,spacy
COTY INC.,8-K,Jean Holtzmann,Chief Brands Officer,spacy
COTY INC.,8-K,Hugo Boss,Chief Brands Officer,spacy
GLOBE LIFE INC.,8-K,Christopher T. Moore,Vice President,spacy
GLOBE LIFE INC.,8-K,Mike Majors,Vice President,spacy
OMEGA HEALTHCARE INVESTORS INC,8-K,Gail D. Makode,Chief Legal Officer,spacy
STERIS plc,8-K,Dan Carestio,President,spacy
STERIS plc,8-K,Julie Winter,Vice President,spacy
Murphy USA Inc.,8-K,Andrew Clyde,President,spacy
HORACE MANN EDUCATORS CORP /DE/,8-K,Heather J. Wietzel,Vice President,spacy
HORACE MANN EDUCATORS CORP /DE/,8-K,Horace Mann,President,spacy
HORACE MANN EDUCATORS CORP /DE/,8-K,Marita Zuraitis,President,spacy
FIRST INDUSTRIAL REALTY TRUST INC,8-K,Art Harmon,Vice President,spacy
NeuroPace Inc,8-K,Rebecca Kuhn,Chief Financial Officer,spacy
AMERICAN TOWER CORP /MA/,8-K,Steven O. Vondran,Cto,spacy
AMERICAN TOWER CORP /MA/,8-K,Thomas A. Bartlett,Chief Executive Officer,spacy
AMERICAN TOWER CORP /MA/,8-K,Ruth T. Dowling,Vice President,spacy
"MAXIMUS, INC.",8-K,Bruce Caswell,President,spacy
"MAXIMUS, INC.",8-K,John T. Martinez,General Counsel,spacy
STREAMLINE HEALTH SOLUTIONS INC.,8-K,Benjamin Stilwill,Director,spacy
STREAMLINE HEALTH SOLUTIONS INC.,8-K,Bryant J. Reeves,Chief Financial Officer,spacy
STREAMLINE HEALTH SOLUTIONS INC.,8-K,Benjamin L. Stilwill,Director,spacy
STREAMLINE HEALTH SOLUTIONS INC.,8-K,Matthew Etheridge,Director,spacy
STREAMLINE HEALTH SOLUTIONS INC.,8-K,Tee Green,Chairman,spacy
RMR GROUP INC.,8-K,Adam Portnoy,President,spacy
RMR GROUP INC.,8-K,Kevin Barry,Director,spacy
"BM Technologies, Inc.",8-K,Jim Dullinger,Chief Financial Officer,spacy
"BM Technologies, Inc.",8-K,James Dullinger,Chief Financial Officer,spacy
"BM Technologies, Inc.",8-K,Ajay Asija,Director,spacy
"BM Technologies, Inc.",8-K,James Donahue,Chief Executive Officer,spacy
"ESPORTS ENTERTAINMENT GROUP, INC.",8-K,Michael Villani,Chief Financial Officer,spacy
"ESPORTS ENTERTAINMENT GROUP, INC.",8-K,Jenny Pace,Chief Financial Officer,spacy
Serve Robotics Inc. /DE/,8-K,Ali Kashani,Chief Executive Officer,spacy
Serve Robotics Inc. /DE/,8-K,Del Sorbo,Vice President,spacy
"Clean Energy Technologies, Inc.",8-K,Kambiz Mahdi,Chief Executive Officer,spacy
Magnera Corp,8-K,Curt Begle,Director,spacy
Magnera Corp,8-K,Solicitation Berry,Director,spacy
Magnera Corp,8-K,Kevin Kwilinski,Chief Executive Officer,spacy
Magnera Corp,8-K,Thomas Fahnemann,President,spacy
Magnera Corp,8-K,Strategic Rationale,Chairman,spacy
Magnera Corp,8-K,Mark Miles,President,spacy
GEOSPACE TECHNOLOGIES CORP,8-K,Robert L. Curda,Vice President,spacy
"REPUBLIC SERVICES, INC.",8-K,Catharine D. Ellingsen,Vice President,spacy
Axalta Coating Systems Ltd.,8-K,Chris Villavarayan,Ceo,spacy
Prestige Consumer Healthcare Inc.,8-K,Ron Lombardi,Chief Executive Officer,spacy
"Global Net Lease, Inc.",8-K,Edward M. Weil,Chief Executive Officer,spacy
"RXO, Inc.",8-K,Drew Wilkerson,Chief Executive Officer,spacy
"ZIMMER BIOMET HOLDINGS, INC.",8-K,Ivan Tornos,President,spacy
"ZIMMER BIOMET HOLDINGS, INC.",8-K,Louis A. Shapiro,Director,spacy
"Spectrum Brands Holdings, Inc.",8-K,David Maura,Chairman,spacy
"TAPESTRY, INC.",8-K,Joanne Crevoiserat,Chief Executive Officer,spacy
"TAPESTRY, INC.",8-K,Kate Spade,Chief Executive Officer,spacy
"TAPESTRY, INC.",8-K,Stuart Weitzman,Chief Executive Officer,spacy
"TAPESTRY, INC.",8-K,Andrea Shaw Resnick,Chief Communications Officer,spacy
Anterix Inc.,8-K,Paul Saleh,Director,spacy
HERSHEY CO,8-K,Michele Buck,President,spacy
HERSHEY CO,8-K,Homestyle Pretzels,Cto,spacy
KIMCO REALTY CORP,8-K,David F. Bujnicki,Vice President,spacy
Kenvue Inc.,8-K,Thibaut Mongon,Chief Executive Officer,spacy
Kenvue Inc.,8-K,Paul Ruh,Chief Financial Officer,spacy
LIQUIDITY SERVICES INC,8-K,Mark A. Shaffer,Chief Legal Officer,spacy
LIQUIDITY SERVICES INC,8-K,Bill Angrick,Ceo,spacy
LINCOLN NATIONAL CORP,8-K,Tina Madon,Vice President,spacy
PRICE T ROWE GROUP INC,8-K,Rob Sharps,Chief Executive Officer,spacy
PRICE T ROWE GROUP INC,8-K,Jennifer B. Dardis,Vice President,spacy
PRICE T ROWE GROUP INC,8-K,Jen Dardis,Chief Executive Officer,spacy
PRICE T ROWE GROUP INC,8-K,Eric Veiel,Chief Executive Officer,spacy
MASCO CORP /DE/,8-K,Keith Allman,President,spacy
ASBURY AUTOMOTIVE GROUP INC,8-K,David Hult,President,spacy
"BioXcel Therapeutics, Inc.",8-K,Javier Rodriguez,Chief Legal Officer,spacy
TransDigm Group INC,8-K,Kevin Stein,President,spacy
BAXTER INTERNATIONAL INC,8-K,Joel Grade,Vice President,spacy
BAXTER INTERNATIONAL INC,8-K,Chris Toth,Vice President,spacy
BAXTER INTERNATIONAL INC,8-K,Kidney Care,Vice President,spacy
"Intercontinental Exchange, Inc.",8-K,Jeffrey C. Sprecher,Chief Executive Officer,spacy
"Intercontinental Exchange, Inc.",8-K,Warren Gardiner,Chief Financial Officer,spacy
Gates Industrial Corp plc,8-K,Ivo Jurek,Chief Executive Officer,spacy
Perella Weinberg Partners,8-K,Andrew Bednar,Chief Executive Officer,spacy
"Under Armour, Inc.",8-K,Stephanie Linnartz,President,spacy
Sabre Corp,8-K,Elaine Paul,Director,spacy
Sabre Corp,8-K,Rachel Gonzalez,Director,spacy
Sabre Corp,8-K,Zane Rowe,Director,spacy
Sabre Corp,8-K,Sean Menke,Director,spacy
Sabre Corp,8-K,Elaine Paul Paul,Cfo,spacy
ANI PHARMACEUTICALS INC,8-K,Nikhil Lalwani,President,spacy
"ARROW ELECTRONICS, INC.",8-K,Sean Kerins,President,spacy
"National Vision Holdings, Inc.",8-K,Randy Peeler,Chairman,spacy
"National Vision Holdings, Inc.",8-K,Reade Fahs,Ceo,spacy
Lumentum Holdings Inc.,8-K,Alan Lowe,President,spacy
IRADIMED CORP,8-K,Roger Susi,President,spacy
IRADIMED CORP,8-K,John Glenn,Chief Financial Officer,spacy
"Tenaya Therapeutics, Inc.",8-K,Leone D. Patterson,Unknown,spacy
"INSPERITY, INC.",8-K,Christian P. Callens,Vice President,spacy
"INSPERITY, INC.",8-K,Paul J. Sarvadi,Chairman,spacy
RALPH LAUREN CORP,8-K,Patrice Louvet,President,spacy
RALPH LAUREN CORP,8-K,Jane Hamilton Nielsen,Chief Operating Officer,spacy
CONOCOPHILLIPS,8-K,Christopher P. Delk,Vice President,spacy
CONOCOPHILLIPS,8-K,Ryan Lance,Chairman,spacy
CION Investment Corp,8-K,Michael A. Reisner,Chief Executive Officer,spacy
Ladder Capital Corp,8-K,Brian Harris,Chief Executive Officer,spacy
"NNN REIT, INC.",8-K,Steve Horn,Chief Executive Officer,spacy
"NNN REIT, INC.",8-K,Kevin B. Habicht,Vice President,spacy
MDU RESOURCES GROUP INC,8-K,Jason L. Vollmer,Vice President,spacy
MDU RESOURCES GROUP INC,8-K,Laura Lueder,Treasurer,spacy
MDU RESOURCES GROUP INC,8-K,Brent Miller,Treasurer,spacy
UFP TECHNOLOGIES INC,8-K,Ronald J. Lataille,Chief Executive Officer,spacy
UFP TECHNOLOGIES INC,8-K,Christopher P. Litterio,President,spacy
UFP TECHNOLOGIES INC,8-K,Steve Cardin,Vice President,spacy
UFP TECHNOLOGIES INC,8-K,Mitchell Rock,Chairman,spacy
RBC Bearings INC,8-K,Michael J. Hartnett,Chairman,spacy
"Track Group, Inc.",8-K,Peter K. Poli,Chief Financial Officer,spacy
"Track Group, Inc.",8-K,Peter Poli,Chief Financial Officer,spacy
"Track Group, Inc.",8-K,Derek Cassell,Ceo,spacy
CSP INC /MA/,8-K,Charles Blackmon,Cto,spacy
CSP INC /MA/,8-K,C. Shelton James,Cto,spacy
CSP INC /MA/,8-K,Marilyn T. Smith,Cto,spacy
"CoreCivic, Inc.",8-K,David M. Garfinkle,Vice President,spacy
"CoreCivic, Inc.",8-K,Damon T. Hininger,President,spacy
NATIONAL RURAL UTILITIES COOPERATIVE FINANCE CORP /DC/,8-K,Gary Bradbury,Coo,spacy
NATIONAL RURAL UTILITIES COOPERATIVE FINANCE CORP /DC/,8-K,Nathan Howard,General Counsel,spacy
EGAIN Corp,8-K,Ashu Roy,Ceo,spacy
"Collective Audience, Inc.",8-K,Joe Zawadzki,Chairman,spacy
"Collective Audience, Inc.",8-K,Joseph Zawadzki,Director,spacy
"Collective Audience, Inc.",8-K,Chris Andrews,Chief Operating Officer,spacy
"Expedia Group, Inc.",8-K,Ariane Gorin,President,spacy
"Expedia Group, Inc.",8-K,Peter Kern,President,spacy
"Expedia Group, Inc.",8-K,Ariane Gorin Ariane,Chief Legal Officer,spacy
"Expedia Group, Inc.",8-K,Succeed Peter Kern,Ceo,spacy
"Expedia Group, Inc.",8-K,Barry Diller,Ceo,spacy
POWER INTEGRATIONS INC,8-K,Balu Balakrishnan,Chairman,spacy
DEXCOM INC,8-K,Kevin Sayer,Chairman,spacy
PETMED EXPRESS INC,8-K,Matt Hulett,Ceo,spacy
StepStone Group Inc.,8-K,David Y. Park,Chief Financial Officer,spacy
"RADIANT LOGISTICS, INC",8-K,Bohn Crain,Ceo,spacy
"Tharimmune, Inc.",8-K,Randy Milby,Chief Executive Officer,spacy
"Affirm Holdings, Inc.",8-K,Max Levchin,Chief Executive Officer,spacy
"Doximity, Inc.",8-K,Jeff Tangney,Ceo,spacy
PRO DEX INC,8-K,Van Kirk,Ceo,spacy
PRO DEX INC,8-K,Richard L. Van Kirk,Chief Financial Officer,spacy
PRO DEX INC,8-K,Richard L.,Ceo,spacy
"Spire Global, Inc.",8-K,Ioannis Martinos,Cto,spacy
STRATTEC SECURITY CORP,8-K,Rolando Guillot,Ceo,spacy
STRATTEC SECURITY CORP,8-K,F. Jack Liebau,Chairman,spacy
STRATTEC SECURITY CORP,8-K,Dennis Bowe,Vice President,spacy
VERISIGN INC/CA,8-K,Thomas C. Indelicarto,Vice President,spacy
VERISIGN INC/CA,8-K,Jim Bidzos,Chairman,spacy
"i3 Verticals, Inc.",8-K,Greg Daily,Chairman,spacy
"Banzai International, Inc.",8-K,Legacy Banzai,Cto,spacy
MYERS INDUSTRIES INC,8-K,Grant Fitz,Chief Financial Officer,spacy
MYERS INDUSTRIES INC,8-K,Meghan Beringer,Director,spacy
BOYD GAMING CORP,8-K,Keith Smith,President,spacy
BOYD GAMING CORP,8-K,Boyd Gaming,President,spacy
Capri Holdings Ltd,8-K,Thomas J. Edwards,Vice President,spacy
"agilon health, inc.",8-K,Steve Sell,Chief Executive Officer,spacy
"agilon health, inc.",8-K,Benjamin Kornitzer,Director,spacy
"agilon health, inc.",8-K,Karthik Rao,Chief Medical Officer,spacy
"agilon health, inc.",8-K,Denise V. Zamore,Vice President,spacy
"agilon health, inc.",8-K,Kevin Spencer,Director,spacy
"BILL Holdings, Inc.",8-K,John Rettig,President,spacy
Paylocity Holding Corp,8-K,Steve Beauchamp,Chief Executive Officer,spacy
"CareTrust REIT, Inc.",8-K,Dave Sedgwick,President,spacy
Summit Therapeutics Inc.,8-K,Maky Zanganeh,Chief Executive Officer,spacy
"RCI HOSPITALITY HOLDINGS, INC.",8-K,Eric Langan,President,spacy
LIONS GATE ENTERTAINMENT CORP /CN/,8-K,Jon Feltheimer,Ceo,spacy
"FORRESTER RESEARCH, INC.",8-K,Ed Bryce Morris,Vice President,spacy
"PINTEREST, INC.",8-K,Julia Brau Donnelly,Chief Financial Officer,spacy
"PINTEREST, INC.",8-K,Bill Ready,Ceo,spacy
"CISCO SYSTEMS, INC.",8-K,Alternative Currency,Cto,spacy
"CISCO SYSTEMS, INC.",8-K,Thomas J. Tarasovich,Vice President,spacy
VIAD CORP,8-K,Steve Moster,President,spacy
HENNESSY ADVISORS INC,8-K,Teresa Nilsen,President,spacy
HENNESSY ADVISORS INC,8-K,Teresa M. Nilsen Teresa,President,spacy
HENNESSY ADVISORS INC,8-K,M. Nilsen,President,spacy
HENNESSY ADVISORS INC,8-K,Neil Hennessy,Chairman,spacy
"Mueller Water Products, Inc.",8-K,Martie Edmunds Zakas,Chief Executive Officer,spacy
"Motorola Solutions, Inc.",8-K,Greg Brown,Chairman,spacy
ESCO TECHNOLOGIES INC,8-K,Bryan Sayler,Chief Executive Officer,spacy
ESCO TECHNOLOGIES INC,8-K,James M. Stolze,Director,spacy
ESCO TECHNOLOGIES INC,8-K,Christopher L. Tucker,Vice President,spacy
TAKE TWO INTERACTIVE SOFTWARE INC,8-K,Matthew Breitman,Vice President,spacy
TAKE TWO INTERACTIVE SOFTWARE INC,8-K,Strauss Zelnick,Chairman,spacy
"Research Solutions, Inc.",8-K,William Nurthen,Chief Financial Officer,spacy
"Research Solutions, Inc.",8-K,Bill Nurthen,President,spacy
"Cloudflare, Inc.",8-K,Douglas Kramer,Chief Legal Officer,spacy
SYNAPTICS Inc,8-K,Michael Hurlston,President,spacy
Zymeworks Inc.,8-K,Alessandra Cesano,Director,spacy
Zymeworks Inc.,8-K,Kenneth Hillan,Director,spacy
Zymeworks Inc.,8-K,Derek Miller,Director,spacy
Zymeworks Inc.,8-K,Carlos Campoy,Director,spacy
Zymeworks Inc.,8-K,Nancy Davidson,Director,spacy
Zymeworks Inc.,8-K,Susan Mahony,Director,spacy
Zymeworks Inc.,8-K,Diana Papove,Director,spacy
IBEX Ltd,8-K,Bob Dechant,Ceo,spacy
IBEX Ltd,8-K,Taylor Greenwald,Cfo,spacy
IBEX Ltd,8-K,Michael Darwal,Director,spacy
IBEX Ltd,8-K,Daniel Burris,Director,spacy
"Alpine Income Property Trust, Inc.",8-K,John P. Albright,President,spacy
"Alpine Income Property Trust, Inc.",8-K,Matthew M. Partridge,Vice President,spacy
MOHAWK INDUSTRIES INC,8-K,James Brunk,Chief Financial Officer,spacy
MOHAWK INDUSTRIES INC,8-K,Jeff Lorberbaum,Chairman,spacy
"PROS Holdings, Inc.",8-K,Jen Kohlmeyer,Director,spacy
"PROS Holdings, Inc.",8-K,Andres Reiner,Ceo,spacy
SPS COMMERCE INC,8-K,Kim Nelson,Cfo,spacy
PhenixFIN Corp,8-K,David Lorber,Chief Executive Officer,spacy
"PRECIGEN, INC.",8-K,Helen Sabzevari,Chief Executive Officer,spacy
FIRSTENERGY CORP,8-K,Brian X. Tierney,President,spacy
FIRSTENERGY CORP,8-K,Jason J. Lisowski,Vice President,spacy
FIRSTENERGY CORP,8-K,K. Jon Taylor,President,spacy
FIRSTENERGY CORP,8-K,Toby Thomas,Chief Operating Officer,spacy
FIRSTENERGY CORP,8-K,Wade Smith,President,spacy
FIRSTENERGY CORP,8-K,Irene M. Prezelj,Vice President,spacy
FIRSTENERGY CORP,8-K,Delinda Herman,Vice President,spacy
"Victory Capital Holdings, Inc.",8-K,David Brown,Chairman,spacy
"Victory Capital Holdings, Inc.",8-K,Matthew Dennis,Director,spacy
"Victory Capital Holdings, Inc.",8-K,Jessica Davila,Director,spacy
"Sensei Biotherapeutics, Inc.",8-K,Samuel Broder,Director,spacy
"Sensei Biotherapeutics, Inc.",8-K,Bill Ringo,Director,spacy
"Nutanix, Inc.",8-K,Tyler Wall,Director,spacy
"Nutanix, Inc.",8-K,Rukmini Sivaraman,Chief Financial Officer,spacy
COPT DEFENSE PROPERTIES,8-K,Anthony Mifsud,Vice President,spacy
COPT DEFENSE PROPERTIES,8-K,A. Snider,President,spacy
Zai Lab Ltd,8-K,F. Ty Edmondson,Chief Legal Officer,spacy
Anywhere Real Estate Inc.,8-K,Angelo Gordon,Coo,spacy
Anywhere Real Estate Inc.,8-K,Joseph Lenz,Director,spacy
Anywhere Real Estate Inc.,8-K,Ryan M. Schneider,Director,spacy
Anywhere Real Estate Inc.,8-K,Charlotte C. Simonelli,Director,spacy
Anywhere Real Estate Inc.,8-K,Alicia Swift,Director,spacy
Anywhere Real Estate Inc.,8-K,Ryan Mollett,Director,spacy
Anywhere Real Estate Inc.,8-K,Benson Kane,Director,spacy
Anywhere Real Estate Inc.,8-K,Mark Bernstein,Director,spacy
Anywhere Real Estate Inc.,8-K,Joseph Z. Lenz,Director,spacy
Anywhere Real Estate Inc.,8-K,Joe Lenz,Director,spacy
Anywhere Real Estate Inc.,8-K,Michael J. Williams,Chairman,spacy
Anywhere Real Estate Inc.,8-K,Ryan Schneider,President,spacy
Great Elm Capital Corp.,8-K,Keri A. Davis,Chief Financial Officer,spacy
Great Elm Capital Corp.,8-K,Adam M. Kleinman,President,spacy
Great Elm Capital Corp.,8-K,Jason Reese,Chief Executive Officer,spacy
CENTRUS ENERGY CORP,8-K,Amir Vexler,President,spacy
"UNIVERSAL INSURANCE HOLDINGS, INC.",8-K,Arash Soleimani,Chief Strategy Officer,spacy
Predictive Oncology Inc.,8-K,Pamela Bush,Chief Business Officer,spacy
"Jingbo Technology, Inc.",8-K,Guowei Zhang,Chief Executive Officer,spacy
"PIXELWORKS, INC",8-K,Haley F. Aman,Chief Financial Officer,spacy
"PIXELWORKS, INC",8-K,Haley Aman,President,spacy
"APTARGROUP, INC.",8-K,Stephan B. Tanda,President,spacy
Bitcoin Depot Inc.,8-K,Jackie Marks,Director,spacy
"Digerati Technologies, Inc.",8-K,Michael Bogdan,Unknown,spacy
"Digerati Technologies, Inc.",8-K,Jeffrey Posner,Cto,spacy
"Digerati Technologies, Inc.",8-K,Art Smith,Chief Financial Officer,spacy
"Digerati Technologies, Inc.",8-K,Verve Cloud,Chief Financial Officer,spacy
"Digerati Technologies, Inc.",8-K,Jerry Ou Estate,President,spacy
"Digerati Technologies, Inc.",8-K,Paul Golibart,President,spacy
SENSIENT TECHNOLOGIES CORP,8-K,Stephen J. Rolfs,Director,spacy
SENSIENT TECHNOLOGIES CORP,8-K,Paul Manning,Chairman,spacy
SENSIENT TECHNOLOGIES CORP,8-K,Brett Bruggeman,Director,spacy
SENSIENT TECHNOLOGIES CORP,8-K,Stephen Rolfs,Chairman,spacy
"NantHealth, Inc.",8-K,Ronald Louks,Chief Operating Officer,spacy
"NantHealth, Inc.",8-K,Bob Petrou,Chief Financial Officer,spacy
Maison Solutions Inc.,8-K,John Xu,Chief Executive Officer,spacy
Maison Solutions Inc.,8-K,Chris Zhang,Chief Executive Officer,spacy
Maison Solutions Inc.,8-K,Yi Hou,Coo,spacy
Sezzle Inc.,8-K,Karen Webster,Director,spacy
CENTURY CASINOS INC /CO/,8-K,Erwin Haitzmann,Chief Executive Officer,spacy
CENTURY CASINOS INC /CO/,8-K,Peter Hoetzinger,Chief Executive Officer,spacy
"BGSF, INC.",8-K,C. David Allen,Director,spacy
"BGSF, INC.",8-K,John Barnett,Chief Financial Officer,spacy
Proto Labs Inc,8-K,Rob Bodor,President,spacy
Proto Labs Inc,8-K,Daniel Schumacher,Chief Financial Officer,spacy
BLUE OWL CAPITAL INC.,8-K,Alan Kirshenbaum,Chief Financial Officer,spacy
BLUE OWL CAPITAL INC.,8-K,Doug Ostrover,Ceo,spacy
BLUE OWL CAPITAL INC.,8-K,Marc Lipschultz,Ceo,spacy
ENBRIDGE INC,8-K,Greg Ebel,President,spacy
AMC Networks Inc.,8-K,Kristin Dolan,Chief Executive Officer,spacy
Essent Group Ltd.,8-K,Mark A. Casale,Chairman,spacy
Centessa Pharmaceuticals plc,8-K,Saurabh Saha,Chief Executive Officer,spacy
Centessa Pharmaceuticals plc,8-K,Paid Instructor,Cto,spacy
NEWELL BRANDS INC.,8-K,Mark J. Erceg,Chief Financial Officer,spacy
NEWELL BRANDS INC.,8-K,Chris Peterson,President,spacy
"INSPIRE VETERINARY PARTNERS, INC.",8-K,Stephen Faucetta,Chief Administrative Officer,spacy
"INSPIRE VETERINARY PARTNERS, INC.",8-K,Dear Kimball Carr,Chief Executive Officer,spacy
"INSPIRE VETERINARY PARTNERS, INC.",8-K,Rafael Pereira Inspire,President,spacy
"INSPIRE VETERINARY PARTNERS, INC.",8-K,Adam Vance Chambers,President,spacy
W. P. Carey Inc.,8-K,Jason Fox,Chief Executive Officer,spacy
W. P. Carey Inc.,8-K,Denmark Size,Coo,spacy
MOTORCAR PARTS OF AMERICA INC,8-K,Selwyn Joffe,Chairman,spacy
"Cidara Therapeutics, Inc.",8-K,Jeffrey Stein,President,spacy
"Enveric Biosciences, Inc.",8-K,Joseph Tucker,Chief Executive Officer,spacy
"Humacyte, Inc.",8-K,Laura Niklason,Chief Executive Officer,spacy
PLAINS ALL AMERICAN PIPELINE LP,8-K,Willie Chiang,Chairman,spacy
"EVI INDUSTRIES, INC.",8-K,Robert H. Lazar,Chief Financial Officer,spacy
"EVI INDUSTRIES, INC.",8-K,Henry M. Nahmad,Chairman,spacy
Trilogy Metals Inc.,8-K,Tony Giardini,President,spacy
Trilogy Metals Inc.,8-K,Elaine Sanders,President,spacy
Trilogy Metals Inc.,8-K,Richard Gosse,Vice President,spacy
Owens Corning,8-K,Marcus Devlin,Director,spacy
Owens Corning,8-K,Howard Heckes,President,spacy
Owens Corning,8-K,Gina A. Beredo,Vice President,spacy
Owens Corning,8-K,Matthew Fortunak,Vice President,spacy
Owens Corning,8-K,Brian Chambers,Chief Executive Officer,spacy
Owens Corning,8-K,Masonite Richard Leland,Treasurer,spacy
"Columbia Seligman Premium Technology Growth Fund, Inc.",8-K,Kevin Howley,Unknown,spacy
"H&E Equipment Services, Inc.",8-K,Jeffrey L. Chastain,Chief Financial Officer,spacy
"A-Mark Precious Metals, Inc.",8-K,Carol Meltzer,General Counsel,spacy
"A-Mark Precious Metals, Inc.",8-K,Greg Roberts,Ceo,spacy
"A-Mark Precious Metals, Inc.",8-K,Steve Reiner,Vice President,spacy
"Techpoint, Inc.",8-K,Fumihiro Kozato,President,spacy
"Techpoint, Inc.",8-K,Hiroshi Kondo,President,spacy
NATIONAL HEALTHCARE CORP,8-K,Brian F. Kidd,Chief Financial Officer,spacy
WATTS WATER TECHNOLOGIES INC,8-K,Rebecca Boll,Director,spacy
WATTS WATER TECHNOLOGIES INC,8-K,Allied Domecq,Unknown,spacy
SONIC AUTOMOTIVE INC,8-K,Jeff Dyke,Chairman,spacy
SONIC AUTOMOTIVE INC,8-K,David Bruton Smith,Chairman,spacy
"E2open Parent Holdings, Inc.",8-K,Deep Shah,Cto,spacy
"Couchbase, Inc.",8-K,Greg Henry,Chief Financial Officer,spacy
"Invivyd, Inc.",8-K,Tomas Heyman,Director,spacy
"Invivyd, Inc.",8-K,William Duke,Chief Financial Officer,spacy
"Invivyd, Inc.",8-K,Clive Meanwell,Director,spacy
"Invivyd, Inc.",8-K,Tamsin Berry,Director,spacy
"Invivyd, Inc.",8-K,David Hering,Chief Executive Officer,spacy
"Invivyd, Inc.",8-K,Tillman U. Gerngross,Chief Executive Officer,spacy
"Presidio Property Trust, Inc.",8-K,Steven Hightower,Director,spacy
"Presidio Property Trust, Inc.",8-K,Gary Katz,Chief Investment Officer,spacy
"Presidio Property Trust, Inc.",8-K,Edwin Bentzen,Chief Financial Officer,spacy
"Spero Therapeutics, Inc.",8-K,Tamara Joseph,Director,spacy
"Spero Therapeutics, Inc.",8-K,Sath Shukla,Chief Executive Officer,spacy
"Spero Therapeutics, Inc.",8-K,Satyavrat Shukla Satyavrat,President,spacy
"Block, Inc.",8-K,Larry Summers,Director,spacy
AMTECH SYSTEMS INC,8-K,Bob Daigle,Chief Executive Officer,spacy
HF Foods Group Inc.,8-K,Felix Lin,President,spacy
HF Foods Group Inc.,8-K,Xi Lin,President,spacy
HF Foods Group Inc.,8-K,Xiao Mou Zhang,Chief Executive Officer,spacy
Broadcom Inc.,8-K,Kenneth Y. Hao,Director,spacy
U S GLOBAL INVESTORS INC,8-K,Frank Holmes,Ceo,spacy
U S GLOBAL INVESTORS INC,8-K,Holly Schoenfeldt,Chief Financial Officer,spacy
"Edesa Biotech, Inc.",8-K,Par Nijhawan,Chief Executive Officer,spacy
"SUTRO BIOPHARMA, INC.",8-K,William J. Newell,Chief Executive Officer,spacy
"SUTRO BIOPHARMA, INC.",8-K,Edward Albini,Chief Financial Officer,spacy
"SUTRO BIOPHARMA, INC.",8-K,Squire Patton Boggs,Unknown,spacy
byNordic Acquisition Corp,8-K,Michael Hermansson,Chief Executive Officer,spacy
SONIC FOUNDRY INC,8-K,Ken Minor,Chief Financial Officer,spacy
AMERICAN STATES WATER CO,8-K,Robert J. Sprowls,Director,spacy
AMERICAN STATES WATER CO,8-K,Eva G. Tang,Vice President,spacy
AMERICAN STATES WATER CO,8-K,Paul J. Rowley,Treasurer,spacy
AMERICAN STATES WATER CO,8-K,Gladys M. Farrow,Vice President,spacy
"4D Molecular Therapeutics, Inc.",8-K,Bibi Maduri,Director,spacy
"Clearday, Inc.",8-K,Daniel J. Mendez,Unknown,spacy
"Clearday, Inc.",8-K,Sergio L. Mendez,Unknown,spacy
TWILIO INC,8-K,Advance Notice,Director,spacy
WEIS MARKETS INC,8-K,Kurt A. Schertle,Vice President,spacy
WEIS MARKETS INC,8-K,Harold G. Graber,Vice President,spacy
WEIS MARKETS INC,8-K,Michael T. Lockard,Vice President,spacy
"P10, Inc.",8-K,Luke Sarsfield,Chief Executive Officer,spacy
"P10, Inc.",8-K,William F. Souder,Cto,spacy
"P10, Inc.",8-K,William Souder,Chief Financial Officer,spacy
Yellow Corp,8-K,Matthew Doheny,Chief Restructuring Officer,spacy
Evoke Pharma Inc,8-K,David A. Gonyer,Chief Executive Officer,spacy
Evoke Pharma Inc,8-K,Solana Beach,Chief Executive Officer,spacy
PILGRIMS PRIDE CORP,8-K,Joanita Karoleski,Director,spacy
PILGRIMS PRIDE CORP,8-K,Batista Filho,Director,spacy
PILGRIMS PRIDE CORP,8-K,Matthew Galvanoni,Chief Financial Officer,spacy
PILGRIMS PRIDE CORP,8-K,Joesley Batista,Unknown,spacy
PILGRIMS PRIDE CORP,8-K,Wesley Batista Filho,Director,spacy
PILGRIMS PRIDE CORP,8-K,Joanita Maestri Karoleski,Director,spacy
"Mister Car Wash, Inc.",8-K,Atif Rafiq,Director,spacy
"Mister Car Wash, Inc.",8-K,Car Wash,General Counsel,spacy
"Mister Car Wash, Inc.",8-K,Markus Hartmann,General Counsel,spacy
American Resources Corp,8-K,Tarlis Thompson,Chief Executive Officer,spacy
American Resources Corp,8-K,Mark C. Jensen,Chief Executive Officer,spacy
American Resources Corp,8-K,Mark Jensen,Ceo,spacy
Landsea Homes Corp,8-K,Mike Forsum,President,spacy
"Investview, Inc.",8-K,David B. Rothrock,Chief Executive Officer,spacy
"Investview, Inc.",8-K,Kecks Rd,Chief Executive Officer,spacy
"Investview, Inc.",8-K,Chad Miller,Cto,spacy
"AN2 Therapeutics, Inc.",8-K,Eric Easom,Chief Executive Officer,spacy
BIG LOTS INC,8-K,Bruce Thorn,President,spacy
BIG LOTS INC,8-K,Ronald A. Robins,Vice President,spacy
"Immunovant, Inc.",8-K,Eva Renee,Chief Financial Officer,spacy
"Immunovant, Inc.",8-K,Barnett Eva Renee,Chief Financial Officer,spacy
"Larimar Therapeutics, Inc.",8-K,Russell Clayton,Chief Medical Officer,spacy
"Larimar Therapeutics, Inc.",8-K,Ellen Wiegner,Director,spacy
Garrett Motion Inc.,8-K,Paul A. Camuti,Director,spacy
Garrett Motion Inc.,8-K,Paul A. Camuti Appointed,Vice President,spacy
Garrett Motion Inc.,8-K,Paul Camuti,Chairman,spacy
"Grace Therapeutics, Inc.",8-K,Prashant Kohli,Cto,spacy
POTBELLY CORP,8-K,Steve Cirulis,Cfo,spacy
POTBELLY CORP,8-K,Revolving Exposure,Cto,spacy
POTBELLY CORP,8-K,Adiya Dixon,Cfo,spacy
POTBELLY CORP,8-K,James Doyle,Unknown,spacy
"Diamondback Energy, Inc.",8-K,William F. Krueger,Vice President,spacy
"Diamondback Energy, Inc.",8-K,Lance Robertson,President,spacy
"Diamondback Energy, Inc.",8-K,Travis Stice,Chairman,spacy
"Diamondback Energy, Inc.",8-K,Charles Meloy,Director,spacy
"Xenetic Biosciences, Inc.",8-K,Curis Lockshin,Chief Scientific Officer,spacy
CBL & ASSOCIATES PROPERTIES INC,8-K,Katie Reinsmidt,Vice President,spacy
CBL & ASSOCIATES PROPERTIES INC,8-K,Stephen D. Lebovitz,Chief Executive Officer,spacy
CBL & ASSOCIATES PROPERTIES INC,8-K,Galleria Nashville,Coo,spacy
CBL & ASSOCIATES PROPERTIES INC,8-K,Square Clarksville,Coo,spacy
CBL & ASSOCIATES PROPERTIES INC,8-K,Pointe Chattanooga,Coo,spacy
CBL & ASSOCIATES PROPERTIES INC,8-K,Mall Rockford,Coo,spacy
CBL & ASSOCIATES PROPERTIES INC,8-K,Hamilton Place Chattanooga,Cto,spacy
CBL & ASSOCIATES PROPERTIES INC,8-K,Stroud Mall Stroudsburg,Cto,spacy
CBL & ASSOCIATES PROPERTIES INC,8-K,Hobby Lobby,Cto,spacy
CBL & ASSOCIATES PROPERTIES INC,8-K,Von Maur,Cto,spacy
TRANSUITE.ORG INC.,8-K,Andrii Krot,Cto,spacy
"SPIRITS TIME INTERNATIONAL, INC.",8-K,Mark A. Scharmann,President,spacy
"SYNLOGIC, INC.",8-K,Aoife Brennan,President,spacy
"BioAtla, Inc.",8-K,Richard Waldron,Chief Financial Officer,spacy
"Simulations Plus, Inc.",8-K,Will Frederick Will,Chief Financial Officer,spacy
Royalty Management Holding Corp,8-K,Roy Smith,Director,spacy
Royalty Management Holding Corp,8-K,Benjamin Wrightsman,Director,spacy
Royalty Management Holding Corp,8-K,Daniel Hasler,Director,spacy
Royalty Management Holding Corp,8-K,Gary Ehlebracht,Director,spacy
Royalty Management Holding Corp,8-K,Thomas M. Sauve,Chief Executive Officer,spacy
LATTICE SEMICONDUCTOR CORP,8-K,Jim Anderson,President,spacy
LATTICE SEMICONDUCTOR CORP,8-K,Sophia Hong Rick Muscha,Cto,spacy
LATTICE SEMICONDUCTOR CORP,8-K,Sherri Luther,Cfo,spacy
LATTICE SEMICONDUCTOR CORP,8-K,Perienne De Jaray,Cto,spacy
ZoomInfo Technologies Inc.,8-K,Henry Schuck,Ceo,spacy
"Arista Networks, Inc.",8-K,Chantelle Breithaupt,Cfo,spacy
"Arista Networks, Inc.",8-K,Liz Stine,Director,spacy
"TrueBlue, Inc.",8-K,David Cruz,Director,spacy
"DELTA APPAREL, INC",8-K,Justin M. Grow,Vice President,spacy
TERADATA CORP /DE/,8-K,Claire Bramley,Chief Financial Officer,spacy
"STERLING INFRASTRUCTURE, INC.",8-K,Ronald A. Ballschmiede,Director,spacy
"STERLING INFRASTRUCTURE, INC.",8-K,Ronald Ballschmiede,Chief Financial Officer,spacy
"STERLING INFRASTRUCTURE, INC.",8-K,Joe Cutillo,Ceo,spacy
"Medpace Holdings, Inc.",8-K,Kevin M. Brady,Chief Financial Officer,spacy
Equity Commonwealth,8-K,Sam Zell,Chairman,spacy
Equity Commonwealth,8-K,Peter Linneman,Cto,spacy
Equity Commonwealth,8-K,James A. Star,Cto,spacy
UTG INC,8-K,Douglas P. Ditto,Director,spacy
UTG INC,8-K,Daniel T. Roberts,Ceo,spacy
UTG INC,8-K,Daniel Roberts,Vice President,spacy
UTG INC,8-K,Theodore C. Miller,Ceo,spacy
"Brighthouse Financial, Inc.",8-K,Eric Steigerwalt,President,spacy
BEASLEY BROADCAST GROUP INC,8-K,Caroline Beasley,Chief Executive Officer,spacy
BEASLEY BROADCAST GROUP INC,8-K,B. Caroline Beasley,Chief Executive Officer,spacy
BEASLEY BROADCAST GROUP INC,8-K,Joseph Jaffoni,Chief Executive Officer,spacy
BEASLEY BROADCAST GROUP INC,8-K,Jennifer Neuman,Chief Executive Officer,spacy
"MultiSensor AI Holdings, Inc.",8-K,Steve Guidry,Unknown,spacy
"MultiSensor AI Holdings, Inc.",8-K,Andrew Klobucar,Director,spacy
"MultiSensor AI Holdings, Inc.",8-K,David Gow,Chairman,spacy
Energy Services of America CORP,8-K,Douglas Reynolds,President,spacy
Energy Services of America CORP,8-K,Charles Crimmel,Chief Financial Officer,spacy
NL INDUSTRIES INC,8-K,Amy A. Samford,Vice President,spacy
INTEGRATED BIOPHARMA INC,8-K,Dina Masi,Cfo,spacy
INTEGRATED BIOPHARMA INC,8-K,Christina Kay,Chief Executive Officer,spacy
VORNADO REALTY TRUST,8-K,Kenneth C. Griffin,Ceo,spacy
ASTROTECH Corp,8-K,Jaime Hinojosa,Chief Financial Officer,spacy
ASTROTECH Corp,8-K,Thomas B. Pickens,Chairman,spacy
BARNWELL INDUSTRIES INC,8-K,Russell M. Gifford,Chief Executive Officer,spacy
PEGASYSTEMS INC,8-K,Matthew J. Cushing,Vice President,spacy
"Cadrenal Therapeutics, Inc.",8-K,Dear Jeff,Chief Operating Officer,spacy
"Cadrenal Therapeutics, Inc.",8-K,Ponte Vedra,Chief Executive Officer,spacy
"Cadrenal Therapeutics, Inc.",8-K,Matthew Szot,Cfo,spacy
"Cadrenal Therapeutics, Inc.",8-K,Robert Blum,Cfo,spacy
Trinseo PLC,8-K,Frank Bozich,President,spacy
Trinseo PLC,8-K,Andy Myers,President,spacy
Trinseo PLC,8-K,David Stasse,Vice President,spacy
"Hudson Pacific Properties, Inc.",8-K,Mark Lammas,President,spacy
"Hudson Pacific Properties, Inc.",8-K,Lisa Burelli,Cto,spacy
"Hudson Pacific Properties, Inc.",8-K,Drew B. Gordon,Chief Executive Officer,spacy
"Hudson Pacific Properties, Inc.",8-K,Kay L. Tidwell,Chairman,spacy
"Hudson Pacific Properties, Inc.",8-K,Jonathan M. Glaser,Director,spacy
"Hudson Pacific Properties, Inc.",8-K,Andy Wattula,Chairman,spacy
"Hudson Pacific Properties, Inc.",8-K,Christopher Barton,Chairman,spacy
"Hudson Pacific Properties, Inc.",8-K,Gary Hansel,Vice President,spacy
"Hudson Pacific Properties, Inc.",8-K,Steven Jaffe,Vice President,spacy
"Hudson Pacific Properties, Inc.",8-K,Arthur X. Suazo,Vice President,spacy
"Hudson Pacific Properties, Inc.",8-K,Leasing Chuck We,Vice President,spacy
"Hudson Pacific Properties, Inc.",8-K,Mark D. Linehan,Vice President,spacy
"Hudson Pacific Properties, Inc.",8-K,Andrea Wong,Chairman,spacy
"Hudson Pacific Properties, Inc.",8-K,Jeff Spector,Director,spacy
"Hudson Pacific Properties, Inc.",8-K,Tom Catherwood,Cto,spacy
"Hudson Pacific Properties, Inc.",8-K,Michael Griffin,Cto,spacy
"Hudson Pacific Properties, Inc.",8-K,Caitlin Burrows,Cto,spacy
"Hudson Pacific Properties, Inc.",8-K,Laura Campbell,Vice President,spacy
"KBS Real Estate Investment Trust III, Inc.",8-K,Jeffrey K. Waldvogel,Chief Financial Officer,spacy
EPLUS INC,8-K,Mark Marron,President,spacy
EPLUS INC,8-K,Erica Stoecker,General Counsel,spacy
EPLUS INC,8-K,Darren Raiguel,General Counsel,spacy
EPLUS INC,8-K,Elaine Marion,Ceo,spacy
EPLUS INC,8-K,Elaine D. Marion,Chief Financial Officer,spacy
EPLUS INC,8-K,William Blair,Ceo,spacy
EPLUS INC,8-K,William Blair Okay,Ceo,spacy
EPLUS INC,8-K,Matt Sheerin,Ceo,spacy
EPLUS INC,8-K,Hey Matt,Ceo,spacy
EPLUS INC,8-K,Stifel Okay,Ceo,spacy
EPLUS INC,8-K,Greg Burns,Ceo,spacy
EPLUS INC,8-K,Sidoti Alright,Ceo,spacy
"Hagerty, Inc.",8-K,Diana Chafey,Chief Legal Officer,spacy
WASTE MANAGEMENT INC,8-K,Charles C. Boettcher,Vice President,spacy
WASTE MANAGEMENT INC,8-K,Jim Fish,President,spacy
DIRTT ENVIRONMENTAL SOLUTIONS LTD,8-K,Fareeha Khan,Chief Financial Officer,spacy
KVH INDUSTRIES INC DE,8-K,Anthony Pike,Director,spacy
KVH INDUSTRIES INC DE,8-K,Roger A. Kuebel,Cto,spacy
KVH INDUSTRIES INC DE,8-K,Robert Balog,Director,spacy
WESCO INTERNATIONAL INC,8-K,John Engel,Chairman,spacy
GREENBRIER COMPANIES INC,8-K,Adrian J. Downes,Vice President,spacy
"Shattuck Labs, Inc.",8-K,Shattuck Labs,Chief Executive Officer,spacy
"Shattuck Labs, Inc.",8-K,Taylor Schreiber,Chief Executive Officer,spacy
TransUnion,8-K,Chris Cartwright,President,spacy
TransUnion,8-K,Todd Cello,President,spacy
HERC HOLDINGS INC,8-K,Larry Silber,President,spacy
HERC HOLDINGS INC,8-K,Aaron Birnbaum,President,spacy
SITE Centers Corp.,8-K,Estero Crossing,President,spacy
SITE Centers Corp.,8-K,Ross Dress,Coo,spacy
"HASBRO, INC.",8-K,Universes Beyond,Cto,spacy
"KalVista Pharmaceuticals, Inc.",8-K,Andrew Crockett,Chief Executive Officer,spacy
"KalVista Pharmaceuticals, Inc.",8-K,Benjamin L. Palleiko,President,spacy
"KalVista Pharmaceuticals, Inc.",8-K,Hereditary Angioedema,Cto,spacy
"KalVista Pharmaceuticals, Inc.",8-K,Bradykinin Kininogen,Cto,spacy
"KalVista Pharmaceuticals, Inc.",8-K,Marc A. Riedl,Director,spacy
"KalVista Pharmaceuticals, Inc.",8-K,Jarrod Aldom,Vice President,spacy
"KalVista Pharmaceuticals, Inc.",8-K,Ryan Baker Head,Vice President,spacy
MOLSON COORS BEVERAGE CO,8-K,Gavin Hattersley,Coo,spacy
MOLSON COORS BEVERAGE CO,8-K,Tracey Joubert,Chief Financial Officer,spacy
MOLSON COORS BEVERAGE CO,8-K,Natalie G. Maciolek,Coo,spacy
MOLSON COORS BEVERAGE CO,8-K,Miller Lite,Coo,spacy
MOLSON COORS BEVERAGE CO,8-K,Simply Spiked,Coo,spacy
MOLSON COORS BEVERAGE CO,8-K,Molson Canadian,Coo,spacy
MOODYS CORP /DE/,8-K,Rob Fauber,President,spacy
MOODYS CORP /DE/,8-K,Caroline Sullivan,Vice President,spacy
WATSCO INC,8-K,Albert H. Nahmad,Chairman,spacy
"AUTONATION, INC.",8-K,Mike Manley,Chief Executive Officer,spacy
INCYTE CORP,8-K,Christiana Stamoulis,Vice President,spacy
LianBio,8-K,Brianne Jahn Brianne,Chief Business Officer,spacy
LianBio,8-K,Konstantin Poukalov,Chairman,spacy
Roivant Sciences Ltd.,8-K,Matt Gline,Ceo,spacy
BIOGEN INC.,8-K,Taylor Wendell,Unknown,spacy
BIOGEN INC.,8-K,Christopher A. Viehbacher,President,spacy
"Datadog, Inc.",8-K,David Obstler,Chief Financial Officer,spacy
"Datadog, Inc.",8-K,Olivier Pomel,Ceo,spacy
"Datadog, Inc.",8-K,Sara Varni,Chief Marketing Officer,spacy
MARRIOTT INTERNATIONAL INC /MD/,8-K,Anthony Capuano,President,spacy
"MARKETWISE, INC.",8-K,F. Porter Stansberry,Chief Executive Officer,spacy
"Verde Clean Fuels, Inc.",8-K,Ernie Miller,Ceo,spacy
"Krispy Kreme, Inc.",8-K,Josh Charlesworth,Ceo,spacy
"Krispy Kreme, Inc.",8-K,Branded Sweet Treats,Coo,spacy
"Krispy Kreme, Inc.",8-K,Food Trucks,Coo,spacy
"Krispy Kreme, Inc.",8-K,Mini Theaters,Cto,spacy
HYCROFT MINING HOLDING CORP,8-K,Alex Davidson,Vice President,spacy
HYCROFT MINING HOLDING CORP,8-K,Diane Garrett,President,spacy
HYCROFT MINING HOLDING CORP,8-K,Rebecca A. Jennings,Vice President,spacy
IPG PHOTONICS CORP,8-K,Eugene Scherbakov,Chief Executive Officer,spacy
TPG Inc.,8-K,Jon Winkelried,Chief Executive Officer,spacy
GCM Grosvenor Inc.,8-K,Michael Sacks,Chairman,spacy
"Phathom Pharmaceuticals, Inc.",8-K,Larry Miller,General Counsel,spacy
WK Kellogg Co,8-K,Gary Pilnick,Chairman,spacy
ECOLAB INC.,8-K,David F. Duvick,Unknown,spacy
MeiraGTx Holdings plc,8-K,Richard Giroux,Chief Financial Officer,spacy
MeiraGTx Holdings plc,8-K,Alexandria Forbes,President,spacy
NETLIST INC,8-K,Gail Sasaki,Chief Executive Officer,spacy
NETLIST INC,8-K,Gail M. Sasaki,Vice President,spacy
INVESTORS TITLE CO,8-K,James A. Fine,President,spacy
INVESTORS TITLE CO,8-K,J. Allen Fine,Chairman,spacy
"REED'S, INC.",8-K,Shufen Deng,Director,spacy
"REED'S, INC.",8-K,Randle Lee Edwards,Director,spacy
"REED'S, INC.",8-K,Andrew Thau,Vice President,spacy
"REED'S, INC.",8-K,Andrew Thay,Vice President,spacy
FRANKLIN ELECTRIC CO INC,8-K,Jeffery L. Taylor,Vice President,spacy
FRANKLIN ELECTRIC CO INC,8-K,Gregg Sengstack,Chief Executive Officer,spacy
Bellevue Life Sciences Acquisition Corp.,8-K,Jun Chul Whang,Director,spacy
NETSOL TECHNOLOGIES INC,8-K,Roger Almond,Chief Executive Officer,spacy
NETSOL TECHNOLOGIES INC,8-K,Najeeb Ghauri,Chairman,spacy
"Brownie's Marine Group, Inc",8-K,Charles Hyatt,Director,spacy
OLD MARKET CAPITAL Corp,8-K,Irina Nashtatik,Cfo,spacy
OLD MARKET CAPITAL Corp,8-K,Jeremiah Gross,Cto,spacy
"Aldeyra Therapeutics, Inc.",8-K,Todd C. Brady,Chief Executive Officer,spacy
"Aldeyra Therapeutics, Inc.",8-K,Richard Douglas,Chairman,spacy
"Aldeyra Therapeutics, Inc.",8-K,Ben Bronstein,Chairman,spacy
"Aldeyra Therapeutics, Inc.",8-K,Marty Joyce,Chairman,spacy
"Aldeyra Therapeutics, Inc.",8-K,Gary Phillips,Ceo,spacy
"Aldeyra Therapeutics, Inc.",8-K,Bruce Greenberg,Chairman,spacy
"Aldeyra Therapeutics, Inc.",8-K,Todd Brady,Ceo,spacy
"Aldeyra Therapeutics, Inc.",8-K,Stephen Machatha,Chief Financial Officer,spacy
"SiteOne Landscape Supply, Inc.",8-K,Briley Brisendine,Chief Executive Officer,spacy
"SiteOne Landscape Supply, Inc.",8-K,John Guthrie,Chief Executive Officer,spacy
"SiteOne Landscape Supply, Inc.",8-K,Joseph Ketter,Vice President,spacy
"Corsair Gaming, Inc.",8-K,Andy Paul,Chief Executive Officer,spacy
"Corsair Gaming, Inc.",8-K,Michael G. Potter,Chief Financial Officer,spacy
AKAMAI TECHNOLOGIES INC,8-K,Tom Leighton,Chief Executive Officer,spacy
"BLACKLINE, INC.",8-K,Owen Ryan,Ceo,spacy
"BLACKLINE, INC.",8-K,Therese Tucker,Ceo,spacy
AGREE REALTY CORP,8-K,Tenant Annualized Base,Cto,spacy
AGREE REALTY CORP,8-K,Linglong He,Director,spacy
"Electromed, Inc.",8-K,Jim Cunniff,President,spacy
"Electromed, Inc.",8-K,Mike Cavanaugh,Chief Financial Officer,spacy
"Electromed, Inc.",8-K,Amy Yanta,Cto,spacy
"Upstart Holdings, Inc.",8-K,Dave Girouard,Ceo,spacy
"Lyft, Inc.",8-K,Erin Brewer,Chief Financial Officer,spacy
"Lyft, Inc.",8-K,David Risher,Ceo,spacy
Maplebear Inc.,8-K,Asha Sharma,Director,spacy
Maplebear Inc.,8-K,Nick Giovanni Nick,Chief Financial Officer,spacy
"ZILLOW GROUP, INC.",8-K,Rich Barton,Ceo,spacy
"ZILLOW GROUP, INC.",8-K,Follow Up Boss,Cto,spacy
"SUPERIOR GROUP OF COMPANIES, INC.",8-K,Loreen Spencer,Director,spacy
"SUPERIOR GROUP OF COMPANIES, INC.",8-K,Susan Lattmann,Director,spacy
"SUPERIOR GROUP OF COMPANIES, INC.",8-K,Farmer Focus,Director,spacy
"SUPERIOR GROUP OF COMPANIES, INC.",8-K,Robin Hensley Retires,Director,spacy
"SUPERIOR GROUP OF COMPANIES, INC.",8-K,Paul Mellini,Director,spacy
QuidelOrtho Corp,8-K,Douglas Bryant,President,spacy
QuidelOrtho Corp,8-K,Joseph M. Busky,Chief Financial Officer,spacy
QuidelOrtho Corp,8-K,Donor Screening,Cto,spacy
MERCURY GENERAL CORP,8-K,Theodore Stalick,Cfo,spacy
"STAG Industrial, Inc.",8-K,Bill Crooker,President,spacy
"STAG Industrial, Inc.",8-K,Jeffrey M. Sullivan,Vice President,spacy
"Airbnb, Inc.",8-K,Experiences Booked,Cto,spacy
"Waste Connections, Inc.",8-K,Ronald J. Mittelstaedt,President,spacy
"Waste Connections, Inc.",8-K,Mary Anne Whitney,Vice President,spacy
"KRATOS DEFENSE & SECURITY SOLUTIONS, INC.",8-K,Deanna H. Lund,Vice President,spacy
CHARLES & COLVARD LTD,8-K,Clint J. Pete,Cto,spacy
CHARLES & COLVARD LTD,8-K,Clint J. Pete Clint,Chief Financial Officer,spacy
InvenTrust Properties Corp.,8-K,Sun Belt,Cto,spacy
MGM Resorts International,8-K,Bill Hornbuckle,Chief Executive Officer,spacy
MGM Resorts International,8-K,Jonathan Halkyard,Chief Financial Officer,spacy
NEUROONE MEDICAL TECHNOLOGIES Corp,8-K,David Rosa,Chief Executive Officer,spacy
"WORTHINGTON ENTERPRISES, INC.",8-K,Patrick J. Kennedy,Vice President,spacy
"WORTHINGTON ENTERPRISES, INC.",8-K,B. Andrew Rose,President,spacy
"WORTHINGTON ENTERPRISES, INC.",8-K,Joseph B. Hayek,President,spacy
"WORTHINGTON ENTERPRISES, INC.",8-K,Andy Rose,President,spacy
"WORTHINGTON ENTERPRISES, INC.",8-K,Joe Hayek,President,spacy
"Anebulo Pharmaceuticals, Inc.",8-K,Richard Anthony Cunningham,Chief Executive Officer,spacy
"Anebulo Pharmaceuticals, Inc.",8-K,Subsequent Highlights,Chief Executive Officer,spacy
"Anebulo Pharmaceuticals, Inc.",8-K,Daniel George Acting,Chief Financial Officer,spacy
Invitation Homes Inc.,8-K,Dallas Tanner,Chief Executive Officer,spacy
IAC Inc.,8-K,Joey Levin,Ceo,spacy
Guild Holdings Co,8-K,Terry Schmidt,Unknown,spacy
Guild Holdings Co,8-K,Adam Kessler,Unknown,spacy
"Mirion Technologies, Inc.",8-K,Thomas Logan,Chief Executive Officer,spacy
DENNY'S Corp,8-K,Kelli Valade,Chief Executive Officer,spacy
DENNY'S Corp,8-K,Kelli F. Valade,Chief Financial Officer,spacy
DENNY'S Corp,8-K,David P. Schmidt,General Counsel,spacy
DENNY'S Corp,8-K,Robert P. Verostek,Vice President,spacy
DENNY'S Corp,8-K,Jay C. Gilmore,President,spacy
DENNY'S Corp,8-K,Stephen C. Dunn,Vice President,spacy
"RESIDEO TECHNOLOGIES, INC.",8-K,Jay Geldmacher,President,spacy
Topgolf Callaway Brands Corp.,8-K,Chip Brewer,President,spacy
MUNCY COLUMBIA FINANCIAL Corp,8-K,Lance O. Diehl,Chief Executive Officer,spacy
Allison Transmission Holdings Inc,8-K,Jackie Bolles,Director,spacy
Allison Transmission Holdings Inc,8-K,Claire Gregory,Director,spacy
Allison Transmission Holdings Inc,8-K,Dave Graziosi,Chairman,spacy
Allison Transmission Holdings Inc,8-K,Fred Bohley,Chairman,spacy
Allison Transmission Holdings Inc,8-K,Service Parts,Cto,spacy
BRIGHT HORIZONS FAMILY SOLUTIONS INC.,8-K,Stephen Kramer,Chief Executive Officer,spacy
BRIGHT HORIZONS FAMILY SOLUTIONS INC.,8-K,Elizabeth Boland,Chief Financial Officer,spacy
"Telomir Pharmaceuticals, Inc.",8-K,Christopher Chapman,Chief Executive Officer,spacy
"Telomir Pharmaceuticals, Inc.",8-K,Chris Chapman,Chief Executive Officer,spacy
Koppers Holdings Inc.,8-K,Nishan J. Vartanian,Director,spacy
Koppers Holdings Inc.,8-K,Jimmi Sue Smith,Chief Financial Officer,spacy
"Vistagen Therapeutics, Inc.",8-K,Shawn Singh,Chief Executive Officer,spacy
"ROCKET PHARMACEUTICALS, INC.",8-K,Gaurav Shah,Chief Executive Officer,spacy
AerSale Corp,8-K,Richard J. Townsend,Director,spacy
Perfect Moment Ltd.,8-K,B. Any,Cto,spacy
Hyliion Holdings Corp.,8-K,Josh Mook,Chief Technology Officer,spacy
Hyliion Holdings Corp.,8-K,Thomas Healy,Chief Executive Officer,spacy
SHOE CARNIVAL INC,8-K,Mark Worden,President,spacy
SHOE CARNIVAL INC,8-K,Pat Rogan,Chief Executive Officer,spacy
SHOE CARNIVAL INC,8-K,Patrick C. Edwards,Vice President,spacy
GEE Group Inc.,8-K,Kim Thorpe Kim,Chief Financial Officer,spacy
GEE Group Inc.,8-K,Ashley Ellis,Cto,spacy
"ZIPRECRUITER, INC.",8-K,Ian Siegel,Chief Executive Officer,spacy
CAMPBELL'S Co,8-K,Charles A. Brawley,Vice President,spacy
CAMPBELL'S Co,8-K,Mark Clouse,President,spacy
CAMPBELL'S Co,8-K,Todd Lachman,Chief Executive Officer,spacy
CEL SCI CORP,8-K,Geert Kersten,Chief Executive Officer,spacy
CEL SCI CORP,8-K,Ross D. Carmel,Unknown,spacy
CEL SCI CORP,8-K,Patricia B. Prichep,Director,spacy
CEL SCI CORP,8-K,Eyal Talor,Director,spacy
CEL SCI CORP,8-K,Daniel H. Zimmerman,Treasurer,spacy
CEL SCI CORP,8-K,John Cipriano,Corporate Secretary,spacy
CEL SCI CORP,8-K,Bruno Baillavoine,Vice President,spacy
CEL SCI CORP,8-K,Robert Watson,Vice President,spacy
CEL SCI CORP,8-K,Gail Naughton,Vice President,spacy
"Cinemark Holdings, Inc.",8-K,Michael D. Cavalier,Vice President,spacy
Community Healthcare Trust Inc,8-K,William G. Monroe,Vice President,spacy
Community Healthcare Trust Inc,8-K,David Dupuy,Chief Executive Officer,spacy
Community Healthcare Trust Inc,8-K,Timothy L. Meyer,Vice President,spacy
Community Healthcare Trust Inc,8-K,Timothy G. Wallace,Ceo,spacy
"BEYOND MEAT, INC.",8-K,Teri L.,Chief Legal Officer,spacy
"BEYOND MEAT, INC.",8-K,Teri L. Witteman,Unknown,spacy
ALLIANT ENERGY CORP,8-K,Terry L. Kouba,Director,spacy
EXPRO GROUP HOLDINGS N.V.,8-K,Brice Bouffard,Director,spacy
EXPRO GROUP HOLDINGS N.V.,8-K,Mark Chaichian,Director,spacy
EXPRO GROUP HOLDINGS N.V.,8-K,Michael De Rhune,Director,spacy
EXPRO GROUP HOLDINGS N.V.,8-K,John Fraser,Director,spacy
EXPRO GROUP HOLDINGS N.V.,8-K,Nicholas Gee,Director,spacy
EXPRO GROUP HOLDINGS N.V.,8-K,Robert Willings,Director,spacy
EXPRO GROUP HOLDINGS N.V.,8-K,Michael Anthony De Rhune,Cto,spacy
EXPRO GROUP HOLDINGS N.V.,8-K,John Kenneth Fraser Murray,Cto,spacy
EXPRO GROUP HOLDINGS N.V.,8-K,Michael Jardon,Chief Executive Officer,spacy
EXPRO GROUP HOLDINGS N.V.,8-K,Sidley Austin,Unknown,spacy
"Funko, Inc.",8-K,Andrew Perlmutter,Director,spacy
"Funko, Inc.",8-K,Tracy D. Daw,Chief Legal Officer,spacy
"Primerica, Inc.",8-K,Glenn Williams,Chief Executive Officer,spacy
RUSH ENTERPRISES INC TX,8-K,Steven L. Keller,Chief Financial Officer,spacy
Atlas Energy Solutions Inc.,8-K,Mike Howard,Director,spacy
Atlas Energy Solutions Inc.,8-K,Bud Brigham,Director,spacy
"Sonendo, Inc.",8-K,Bjarne Bergheim Bjarne,President,spacy
NSTAR ELECTRIC CO,8-K,Joe Nolan,Chairman,spacy
AVIENT CORP,8-K,Ashish Khandpur,President,spacy
AVIENT CORP,8-K,Jamie Beggs,Vice President,spacy
INNOSPEC INC.,8-K,David B. Jones,Vice President,spacy
Taylor Morrison Home Corp,8-K,Darrell C. Sherman,Vice President,spacy
Taylor Morrison Home Corp,8-K,C. Sherman,Vice President,spacy
Taylor Morrison Home Corp,8-K,Mackenzie Aron,Chief Legal Officer,spacy
Taylor Morrison Home Corp,8-K,Sheryl Palmer,Chairman,spacy
Taylor Morrison Home Corp,8-K,Taylor Morrison,Chairman,spacy
PARSONS CORP,8-K,Matthew M. Ofilos,Chief Financial Officer,spacy
PARSONS CORP,8-K,Carey Smith,President,spacy
"BLACKSTONE MORTGAGE TRUST, INC.",8-K,Katie Keenan,Chief Executive Officer,spacy
"BLACKSTONE MORTGAGE TRUST, INC.",8-K,Anthony F. Marone,Chief Financial Officer,spacy
RYDER SYSTEM INC,8-K,John J. Diez,Vice President,spacy
RYDER SYSTEM INC,8-K,Robert Sanchez,Chairman,spacy
RYDER SYSTEM INC,8-K,John Diez,Chief Financial Officer,spacy
Urban Edge Properties,8-K,Mark Langer,Vice President,spacy
Urban Edge Properties,8-K,Jeff Olson,Chairman,spacy
CROWN CRAFTS INC,8-K,Craig J. Demarest,Vice President,spacy
Kraft Heinz Co,8-K,Alex Abraham,Chief Financial Officer,spacy
GLOBAL PAYMENTS INC,8-K,Cameron Bready,President,spacy
GLOBAL PAYMENTS INC,8-K,Josh Whipple,Vice President,spacy
MARTIN MARIETTA MATERIALS INC,8-K,James A. J. Nickolas,Vice President,spacy
MARTIN MARIETTA MATERIALS INC,8-K,Jacklyn Rooker,Director,spacy
IQVIA HOLDINGS INC.,8-K,Ari Bousbib,Chairman,spacy
"WILLIAMS COMPANIES, INC.",8-K,John D. Porter,Vice President,spacy
CME GROUP INC.,8-K,Terry Duffy,Chairman,spacy
WESTINGHOUSE AIR BRAKE TECHNOLOGIES CORP,8-K,John A. Olin,Vice President,spacy
WESTINGHOUSE AIR BRAKE TECHNOLOGIES CORP,8-K,Rafael Santana,President,spacy
WESTINGHOUSE AIR BRAKE TECHNOLOGIES CORP,8-K,Lokomotiv Kurastyru Zauyty,Director,spacy
"Benson Hill, Inc.",8-K,Deanie Elsner,Ceo,spacy
"Benson Hill, Inc.",8-K,Dean Freeman,Director,spacy
"Benson Hill, Inc.",8-K,Susan Keefe,Chief Financial Officer,spacy
"Benson Hill, Inc.",8-K,Freeman Dean,Chief Executive Officer,spacy
"Avantor, Inc.",8-K,Michael Stubblefield,President,spacy
CoreCard Corp,8-K,Matthew A. White,Chief Financial Officer,spacy
CoreCard Corp,8-K,Leland Strange,Ceo,spacy
Helix Acquisition Corp. II,8-K,John Schmid,Director,spacy
Helix Acquisition Corp. II,8-K,Andrew Phillips,Director,spacy
Helix Acquisition Corp. II,8-K,Dan Dubin,Chairman,spacy
Helix Acquisition Corp. II,8-K,Andrew Phillips Acknowledged,Chief Executive Officer,spacy
Atmus Filtration Technologies Inc.,8-K,Steph Disher,Chief Executive Officer,spacy
Atmus Filtration Technologies Inc.,8-K,Sharon Barner,Director,spacy
Atmus Filtration Technologies Inc.,8-K,Tony Satterthwaite,Director,spacy
Atmus Filtration Technologies Inc.,8-K,Earl Newsome,Director,spacy
Atmus Filtration Technologies Inc.,8-K,Nathan Stoner,Director,spacy
Atmus Filtration Technologies Inc.,8-K,Stuart Taylor,Director,spacy
ENCISION INC,8-K,Gregory Trudel,President,spacy
BUTLER NATIONAL CORP,8-K,Christopher J. Reedy,Director,spacy
BUTLER NATIONAL CORP,8-K,Bradley Hoffman,Director,spacy
BUTLER NATIONAL CORP,8-K,Joseph P. Daly,Director,spacy
BUTLER NATIONAL CORP,8-K,Jeffrey D. Yowell,Director,spacy
BUTLER NATIONAL CORP,8-K,David B. Hayden,Chairman,spacy
BUTLER NATIONAL CORP,8-K,John M. Edgar,Chairman,spacy
BUTLER NATIONAL CORP,8-K,Aric Peters,Chairman,spacy
CONDUENT Inc,8-K,Virgin Atlantic,Cto,spacy
AQUABOUNTY TECHNOLOGIES INC,8-K,Sylvia Wulf,Chief Executive Officer,spacy
AQUABOUNTY TECHNOLOGIES INC,8-K,David A. Frank,Chief Financial Officer,spacy
S&W Seed Co,8-K,Vanessa Baughman,Cto,spacy
S&W Seed Co,8-K,Mark Herrmann,Chief Executive Officer,spacy
Blink Charging Co.,8-K,Brendan Jones,President,spacy
"Vishay Precision Group, Inc.",8-K,Ziv Shoshani,Chief Executive Officer,spacy
AAR CORP,8-K,Jessica A. Garascia,Vice President,spacy
AAR CORP,8-K,Dylan Wolin,Vice President,spacy
LITHIA MOTORS INC,8-K,Tina Miller,Chief Financial Officer,spacy
LITHIA MOTORS INC,8-K,Twitter Miller,Chief Financial Officer,spacy
CEVA INC,8-K,Amir Panush,Chief Executive Officer,spacy
CEVA INC,8-K,Yaniv Arieli Ceva,Cfo,spacy
CEVA INC,8-K,Richard Kingston Ceva,Cfo,spacy
CEVA INC,8-K,Richard Good,Chief Executive Officer,spacy
"Azitra, Inc.",8-K,John Schroer Sch,Director,spacy
HECLA MINING CO/DE/,8-K,David C. Sienko,Vice President,spacy
HECLA MINING CO/DE/,8-K,Kurt D. Allen,Unknown,spacy
HECLA MINING CO/DE/,8-K,Keith Blair,Unknown,spacy
"PULSE BIOSCIENCES, INC.",8-K,Vivek Reddy,Director,spacy
"PULSE BIOSCIENCES, INC.",8-K,Kevin Danahy,President,spacy
"PULSE BIOSCIENCES, INC.",8-K,Trip Taylor,President,spacy
"Xponential Fitness, Inc.",8-K,Sarah Luna,Director,spacy
Tennessee Valley Authority,8-K,John M. Thomas,Vice President,spacy
TC BioPharm (Holdings) plc,8-K,Bryan Kobel,Chief Executive Officer,spacy
CYANOTECH CORP,8-K,Felicia Ladin,Chief Financial Officer,spacy
"Glimpse Group, Inc.",8-K,Lyron Bentovim,Chief Executive Officer,spacy
PC CONNECTION INC,8-K,Thomas C. Baker,Vice President,spacy
PC CONNECTION INC,8-K,Thomas Baker,Vice President,spacy
"UPWORK, INC",8-K,Hayden Brown,President,spacy
"UPWORK, INC",8-K,Erica Gessert,Chief Financial Officer,spacy
MARTIN MIDSTREAM PARTNERS L.P.,8-K,Sharon L. Taylor,Vice President,spacy
"WARRIOR MET COAL, INC.",8-K,Walt Scheller,Ceo,spacy
Wag! Group Co.,8-K,Garrett Smallwood,Ceo,spacy
Ribbon Communications Inc.,8-K,Mick Lopez,Chief Financial Officer,spacy
Ribbon Communications Inc.,8-K,Patrick Macken,Vice President,spacy
"NERDWALLET, INC.",8-K,Tim Chen,Ceo,spacy
ROLLINS INC,8-K,Jerry Gahlhoff,President,spacy
ROLLINS INC,8-K,Kenneth Krause,Vice President,spacy
"NMI Holdings, Inc.",8-K,Adam Pollitzer,President,spacy
AppLovin Corp,8-K,Matthew A. Stumpf,Chief Financial Officer,spacy
AppLovin Corp,8-K,Adam Foroughi,Ceo,spacy
AppLovin Corp,8-K,Matt Stumpf,Ceo,spacy
"Fastly, Inc.",8-K,Todd Nightingale,Ceo,spacy
"Udemy, Inc.",8-K,Sarah Blanchard,Chief Financial Officer,spacy
"Udemy, Inc.",8-K,Dennis Walsh,Vice President,spacy
JFrog Ltd,8-K,Shlomi Ben Haim,Ceo,spacy
VEECO INSTRUMENTS INC,8-K,Kirk Mackey,Vice President,spacy
VEECO INSTRUMENTS INC,8-K,Bill Miller,Cto,spacy
VEECO INSTRUMENTS INC,8-K,John Kiernan,Cfo,spacy
"Greenwich LifeSciences, Inc.",8-K,Mothaffar F. Rimawi,Director,spacy
"Greenwich LifeSciences, Inc.",8-K,William J. Gradishar,Unknown,spacy
"Greenwich LifeSciences, Inc.",8-K,Betsy Bramsen,Unknown,spacy
"Greenwich LifeSciences, Inc.",8-K,Sara A. Hurvitz,Vice President,spacy
"Greenwich LifeSciences, Inc.",8-K,Sibylle Loibl,Vice President,spacy
"Greenwich LifeSciences, Inc.",8-K,Miguel Martin,Ceo,spacy
"Greenwich LifeSciences, Inc.",8-K,Helen Diller,Director,spacy
"Greenwich LifeSciences, Inc.",8-K,Laura M. Spring,Cto,spacy
"Greenwich LifeSciences, Inc.",8-K,Snehal Patel,Ceo,spacy
MOVING iMAGE TECHNOLOGIES INC.,8-K,William Greene,Chief Financial Officer,spacy
MOVING iMAGE TECHNOLOGIES INC.,8-K,Phil Rafnson,Cto,spacy
MOVING iMAGE TECHNOLOGIES INC.,8-K,Brian Siegel,Vice President,spacy
MOVING iMAGE TECHNOLOGIES INC.,8-K,Joe Delgado,Chairman,spacy
MOVING iMAGE TECHNOLOGIES INC.,8-K,Bill Greene,Cfo,spacy
Informatica Inc.,8-K,Amit Walia,Chief Executive Officer,spacy
"AYTU BIOPHARMA, INC",8-K,Mark Oki,Chief Financial Officer,spacy
"AYTU BIOPHARMA, INC",8-K,Josh Disbrow,Chairman,spacy
"Prime Medicine, Inc.",8-K,Keith Gottesdiener,President,spacy
ARCH CAPITAL GROUP LTD.,8-K,Marc Grandisson,Chief Executive Officer,spacy
"Arcadia Biosciences, Inc.",8-K,Thomas J. Schaefer,Director,spacy
"Arcadia Biosciences, Inc.",8-K,Laura Pitlik,Director,spacy
"Arcadia Biosciences, Inc.",8-K,Andrea Weiss,Unknown,spacy
"Four Corners Property Trust, Inc.",8-K,Bill Lenehan,Ceo,spacy
"Four Corners Property Trust, Inc.",8-K,Gerry Morgan,Ceo,spacy
Adaptive Biotechnologies Corp,8-K,Chad Robins,Chief Executive Officer,spacy
HUBSPOT INC,8-K,Yamini Rangan,Chief Executive Officer,spacy
"KNOW LABS, INC.",8-K,Ronald P. Erickson,Chairman,spacy
AETHLON MEDICAL INC,8-K,James B. Frakes,Chief Executive Officer,spacy
AETHLON MEDICAL INC,8-K,James Frakes,Chief Executive Officer,spacy
AETHLON MEDICAL INC,8-K,Jim Frakes,Chief Executive Officer,spacy
AETHLON MEDICAL INC,8-K,Susan Noonan,Chief Executive Officer,spacy
American Well Corp,8-K,Bradford Gay Bradford,Vice President,spacy
American Well Corp,8-K,Ido Schoenberg,Chairman,spacy
"Evolent Health, Inc.",8-K,Tunde Sotunde,Director,spacy
"Evolent Health, Inc.",8-K,Russell Glass,General Counsel,spacy
"Evolent Health, Inc.",8-K,Russ Glass,Director,spacy
PAR TECHNOLOGY CORP,8-K,Raju Malhotra,Director,spacy
QuantumScape Corp,8-K,Kevin Hettrich,Chief Financial Officer,spacy
QuantumScape Corp,8-K,Siva Sivaram,President,spacy
QuantumScape Corp,8-K,Frank Blome,Ceo,spacy
"Aurora Innovation, Inc.",8-K,Nat Beuse,Chief Safety Officer,spacy
"Aurora Innovation, Inc.",8-K,Chris Urmson,Ceo,spacy
ALBEMARLE CORP,8-K,Kent Masters,Ceo,spacy
"VICTORY CLEAN ENERGY, INC.",8-K,Oilfield Tech,Cto,spacy
RETAIL OPPORTUNITY INVESTMENTS CORP,8-K,Stuart A. Tanz,President,spacy
RETAIL OPPORTUNITY INVESTMENTS CORP,8-K,Jeffrey Spector,Cto,spacy
RETAIL OPPORTUNITY INVESTMENTS CORP,8-K,John P. Kim,Cto,spacy
RETAIL OPPORTUNITY INVESTMENTS CORP,8-K,Juan Sanabria,Cto,spacy
RETAIL OPPORTUNITY INVESTMENTS CORP,8-K,Baird Wes,Cto,spacy
RETAIL OPPORTUNITY INVESTMENTS CORP,8-K,Michael Gorman,Cto,spacy
ARMSTRONG WORLD INDUSTRIES INC,8-K,Austin K. So,Vice President,spacy
Bright Green Corp,8-K,Saleem Elmasri Saleem,Chief Financial Officer,spacy
"WYNDHAM HOTELS & RESORTS, INC.",8-K,Geoff Ballotti,President,spacy
"WYNDHAM HOTELS & RESORTS, INC.",8-K,Maire Griffin,Vice President,spacy
"Chicken Soup for the Soul Entertainment, Inc.",8-K,Chicken Soup,Chief Executive Officer,spacy
"Chicken Soup for the Soul Entertainment, Inc.",8-K,William J. Rouhana,Chief Executive Officer,spacy
Cineverse Corp.,8-K,Erick Opeka,President,spacy
Cineverse Corp.,8-K,Mary Ann Halford,Director,spacy
HERBALIFE LTD.,8-K,Alex Amezquita,Chief Financial Officer,spacy
HERBALIFE LTD.,8-K,Michael Johnson,Chairman,spacy
HERBALIFE LTD.,8-K,Erin Banyas,Vice President,spacy
"Aterian, Inc.",8-K,Arturo Rodriguez,Ceo,spacy
"Aterian, Inc.",8-K,Roi Zahut,Ceo,spacy
MVB FINANCIAL CORP,8-K,Larry F. Mazza,Chief Executive Officer,spacy
MVB FINANCIAL CORP,8-K,Donald T. Robinson,President,spacy
TYLER TECHNOLOGIES INC,8-K,Brian K. Miller,Vice President,spacy
TYLER TECHNOLOGIES INC,8-K,Lynn Moore,President,spacy
TYLER TECHNOLOGIES INC,8-K,Hala Elsherbini,Director,spacy
"Paramount Group, Inc.",8-K,Albert Behler,Chairman,spacy
"Paramount Group, Inc.",8-K,Wilbur Paes,Chairman,spacy
"Paramount Group, Inc.",8-K,Ermelinda Berberi,Treasurer,spacy
"Paramount Group, Inc.",8-K,Thomas Armbrust,Vice President,spacy
"Paramount Group, Inc.",8-K,Martin Bussmann,Vice President,spacy
"Paramount Group, Inc.",8-K,Karin Klein,Director,spacy
"Paramount Group, Inc.",8-K,Mark Patterson,Director,spacy
"Paramount Group, Inc.",8-K,Hitoshi Saito,Director,spacy
"Paramount Group, Inc.",8-K,Paula Sutter,Director,spacy
"Paramount Group, Inc.",8-K,Greg Wright,Director,spacy
MONARCH CASINO & RESORT INC,8-K,John Farahi,Chief Executive Officer,spacy
MONARCH CASINO & RESORT INC,8-K,Richard Land,Chief Executive Officer,spacy
MONARCH CASINO & RESORT INC,8-K,James Leahy,Chief Executive Officer,spacy
American National Group Inc.,8-K,Jim Hamalainen,Chief Investment Officer,spacy
American National Group Inc.,8-K,Anant Bhalla,President,spacy
ELITE PHARMACEUTICALS INC /NV/,8-K,Hakim Nasrat Hakim,President,spacy
Granite Point Mortgage Trust Inc.,8-K,Jack Taylor,President,spacy
"Cannae Holdings, Inc.",8-K,William P. Foley,Director,spacy
"Cannae Holdings, Inc.",8-K,Black Knight Football,Director,spacy
"Cannae Holdings, Inc.",8-K,Richard Massey,Chairman,spacy
"Cannae Holdings, Inc.",8-K,Ryan Caswell,Chairman,spacy
"Cannae Holdings, Inc.",8-K,Rick Massey,President,spacy
DOLLAR GENERAL CORP,8-K,Kelly M. Dilts,Vice President,spacy
DOLLAR GENERAL CORP,8-K,Peter Hale,Vice President,spacy
DOLLAR GENERAL CORP,8-K,Carlos Navarrete,Director,spacy
DOLLAR GENERAL CORP,8-K,J. Carlos Navarrete,Director,spacy
DOLLAR GENERAL CORP,8-K,Evan Ponder,Vice President,spacy
DOLLAR GENERAL CORP,8-K,Drew Rodgers,Vice President,spacy
"BIO-RAD LABORATORIES, INC.",8-K,Ilan Daskal,President,spacy
"BIO-RAD LABORATORIES, INC.",8-K,Norman Schwartz,Director,spacy
"BIO-RAD LABORATORIES, INC.",8-K,Kreisschreiben Nr,Cto,spacy
"BIO-RAD LABORATORIES, INC.",8-K,Jennifer M. Kent,General Counsel,spacy
ANTERO RESOURCES Corp,8-K,Daniel Katzenberg,Cto,spacy
ANTERO RESOURCES Corp,8-K,Paul Rady,Chairman,spacy
ANTERO RESOURCES Corp,8-K,Michael Kennedy,Cfo,spacy
Sunnova Energy International Inc.,8-K,David Searle,Vice President,spacy
Sunnova Energy International Inc.,8-K,Yezdan Badrakhan,Cto,spacy
Sunnova Energy International Inc.,8-K,Yumi Motai,Cto,spacy
FRIEDMAN INDUSTRIES INC,8-K,Michael J. Taylor,President,spacy
"GYRE THERAPEUTICS, INC.",8-K,Ying Luo,Director,spacy
"GYRE THERAPEUTICS, INC.",8-K,Michael Rogovin,Unknown,spacy
"GYRE THERAPEUTICS, INC.",8-K,Jeff Lombard,Unknown,spacy
"GYRE THERAPEUTICS, INC.",8-K,Han Ying,Chief Executive Officer,spacy
IntelGenx Technologies Corp.,8-K,Andre Godin,Chief Financial Officer,spacy
"International Money Express, Inc.",8-K,Ernesto Luciano,Director,spacy
"Ensysce Biosciences, Inc.",8-K,Bob Gower,Cto,spacy
"Red Cat Holdings, Inc.",8-K,Jeff Thompson,Ceo,spacy
"Red Cat Holdings, Inc.",8-K,George Matus,Cto,spacy
PATTERSON UTI ENERGY INC,8-K,Andy Hendricks,Chief Executive Officer,spacy
PATTERSON UTI ENERGY INC,8-K,Andy Smith,Chief Financial Officer,spacy
PATTERSON UTI ENERGY INC,8-K,Michael Sabella,Vice President,spacy
Orion S.A.,8-K,Jeffrey Glajch,Chief Financial Officer,spacy
Orion S.A.,8-K,Jeff Glajch,Chief Financial Officer,spacy
"EPAM Systems, Inc.",8-K,Arkadiy Dobkin,Ceo,spacy
DEERE & CO,8-K,John C. May,Chairman,spacy
DEERE & CO,8-K,John Deere,Cto,spacy
"Walker & Dunlop, Inc.",8-K,Gregory A. Florkowski,Vice President,spacy
"Walker & Dunlop, Inc.",8-K,Willy Walker,Chairman,spacy
Aurinia Pharmaceuticals Inc.,8-K,Peter Greenleaf,President,spacy
Aurinia Pharmaceuticals Inc.,8-K,Joe Miller,Chief Financial Officer,spacy
Aurinia Pharmaceuticals Inc.,8-K,Daniel Billen,Chairman,spacy
COGNEX CORP,8-K,Robert J. Willett,Ceo,spacy
Targa Resources Corp.,8-K,Arkoma Basins,Coo,spacy
Targa Resources Corp.,8-K,Sanjay Lad,Vice President,spacy
Targa Resources Corp.,8-K,Jennifer Kneale,Vice President,spacy
Vontier Corp,8-K,Mark Morelli,President,spacy
US Foods Holding Corp.,8-K,Dirk J. Locascio,Chief Financial Officer,spacy
US Foods Holding Corp.,8-K,Dave Flitman,Ceo,spacy
US Foods Holding Corp.,8-K,Dirk Locascio,Cfo,spacy
GENESIS ENERGY LP,8-K,Grant Sims,Ceo,spacy
DNOW Inc.,8-K,David Cherechinsky,President,spacy
DNOW Inc.,8-K,Mark Johnson,Cto,spacy
SpartanNash Co,8-K,Tony Sarsam,President,spacy
"CBRE GROUP, INC.",8-K,Bob Sulentic,Chief Executive Officer,spacy
"ARCH RESOURCES, INC.",8-K,Rosemary L. Klein,Vice President,spacy
"ARCH RESOURCES, INC.",8-K,L. Klein,Vice President,spacy
"ARCH RESOURCES, INC.",8-K,Paul A. Lang,Ceo,spacy
"ARCH RESOURCES, INC.",8-K,John T. Drexler,Chief Operating Officer,spacy
Iridium Communications Inc.,8-K,Matt Desch,Ceo,spacy
"AGIOS PHARMACEUTICALS, INC.",8-K,Brian Goff,Chief Executive Officer,spacy
Hanesbrands Inc.,8-K,Steve Bratspies,Ceo,spacy
Blueprint Medicines Corp,8-K,Kate Haviland,Chief Executive Officer,spacy
Blueprint Medicines Corp,8-K,Kathryn Haviland,Chief Executive Officer,spacy
Knife River Corp,8-K,Zane Karimi,Director,spacy
Knife River Corp,8-K,Brian Gray,President,spacy
Knife River Corp,8-K,Nathan Ring,Chief Financial Officer,spacy
Knife River Corp,8-K,Tony Spilde,Director,spacy
"Ventas, Inc.",8-K,Debra A. Cafaro,Chairman,spacy
APPIAN CORP,8-K,Mark Matheos,Chief Financial Officer,spacy
APPIAN CORP,8-K,Matt Calkins,Ceo,spacy
"RELIANCE, INC.",8-K,Karla Lewis,President,spacy
CURTISS WRIGHT CORP,8-K,Lynn M. Bamford,Chief Executive Officer,spacy
CURTISS WRIGHT CORP,8-K,K. Christopher Farkas,Chief Executive Officer,spacy
ULTRALIFE CORP,8-K,Mike Manna,President,spacy
ULTRALIFE CORP,8-K,Philip A. Fain,Chief Financial Officer,spacy
SunOpta Inc.,8-K,Brian Kocher,Vice President,spacy
SunOpta Inc.,8-K,Chris Whitehair,Director,spacy
SunOpta Inc.,8-K,Jill Barnett,Chief Administrative Officer,spacy
ZEBRA TECHNOLOGIES CORP,8-K,Bill Burns,Chief Executive Officer,spacy
ZEBRA TECHNOLOGIES CORP,8-K,Cristen Kogl,Chief Legal Officer,spacy
WEST PHARMACEUTICAL SERVICES INC,8-K,Eric M. Green,President,spacy
WEST PHARMACEUTICAL SERVICES INC,8-K,Bernard J. Birkett,Vice President,spacy
Integer Holdings Corp,8-K,Joseph Dziedzic,President,spacy
INSIGHT ENTERPRISES INC,8-K,Joyce Mullen,President,spacy
GENUINE PARTS CO,8-K,Will Stengel,President,spacy
GENUINE PARTS CO,8-K,Paul Donahue,Chairman,spacy
GENUINE PARTS CO,8-K,Timothy Walsh,Director,spacy
IDACORP INC,8-K,Lisa A. Grow,President,spacy
IDACORP INC,8-K,Lisa Grow,President,spacy
IDACORP INC,8-K,Amy Shaw,President,spacy
IDACORP INC,8-K,Brian Buckham,President,spacy
IDACORP INC,8-K,Amy I. Shaw,Vice President,spacy
LINCOLN ELECTRIC HOLDINGS INC,8-K,Steven B. Hedlund,President,spacy
LINCOLN ELECTRIC HOLDINGS INC,8-K,Gabriel Bruno,Vice President,spacy
LINCOLN ELECTRIC HOLDINGS INC,8-K,Chris Mapes,President,spacy
Scholar Rock Holding Corp,8-K,Katie Peng,Director,spacy
Scholar Rock Holding Corp,8-K,Junlin Ho Junlin,General Counsel,spacy
Scholar Rock Holding Corp,8-K,Promotes Mo Qatanani,Director,spacy
Scholar Rock Holding Corp,8-K,David Hallal,Director,spacy
Scholar Rock Holding Corp,8-K,Jay Backstrom,Chief Scientific Officer,spacy
Triller Group Inc.,8-K,Shu Pei Huang,Chief Financial Officer,spacy
Triller Group Inc.,8-K,Shu Pei,Chief Financial Officer,spacy
"NorthWestern Energy Group, Inc.",8-K,Brian Bird,President,spacy
"NorthWestern Energy Group, Inc.",8-K,Timothy P. Olson,Corporate Secretary,spacy
"NorthWestern Energy Group, Inc.",8-K,Sioux Falls,Unknown,spacy
"NorthWestern Energy Group, Inc.",8-K,Travis Meyer,Unknown,spacy
"CYBERLOQ TECHNOLOGIES, INC.",8-K,Christopher Jackson,President,spacy
NUSCALE POWER Corp,8-K,Chuck Goodnight,Vice President,spacy
NUSCALE POWER Corp,8-K,Jacqueline F. Engel,Director,spacy
NUSCALE POWER Corp,8-K,Jackie Engel,Unknown,spacy
LXP Industrial Trust,8-K,T. Wilson Eglin,Chairman,spacy
"AtriCure, Inc.",8-K,Michael Carrel,President,spacy
"AtriCure, Inc.",8-K,Angela L. Wirick,Chief Financial Officer,spacy
"Nurix Therapeutics, Inc.",8-K,Arthur T. Sands,President,spacy
"Nurix Therapeutics, Inc.",8-K,Fast Track,Cto,spacy
Bloom Energy Corp,8-K,Greg Cameron,Chief Financial Officer,spacy
"TRUPANION, INC.",8-K,Darryl Rawlings,Ceo,spacy
"TRUPANION, INC.",8-K,Laura Bainbridge,Vice President,spacy
APPLIED MATERIALS INC /DE,8-K,Gary Dickerson,President,spacy
"Texas Roadhouse, Inc.",8-K,Jerry Morgan,Chief Executive Officer,spacy
"Texas Roadhouse, Inc.",8-K,Christopher Monroe,Chief Financial Officer,spacy
ASCENT INDUSTRIES CO.,8-K,J. Bryan,Chief Financial Officer,spacy
ASCENT INDUSTRIES CO.,8-K,Chris Hutter,Vice President,spacy
ASCENT INDUSTRIES CO.,8-K,Doug Tackett,Chief Legal Officer,spacy
ASCENT INDUSTRIES CO.,8-K,Bryan Kitchen,President,spacy
ASCENT INDUSTRIES CO.,8-K,Bill Steckel,Cfo,spacy
ASCENT INDUSTRIES CO.,8-K,Ben Rosenzweig,Chairman,spacy
Ultragenyx Pharmaceutical Inc.,8-K,Howard Horn,Vice President,spacy
Ultragenyx Pharmaceutical Inc.,8-K,Emil D. Kakkis,Chief Executive Officer,spacy
"PROCORE TECHNOLOGIES, INC.",8-K,Benjamin C. Singer,Chief Legal Officer,spacy
"PROCORE TECHNOLOGIES, INC.",8-K,Howard Fu,Cfo,spacy
"PROCORE TECHNOLOGIES, INC.",8-K,Larry Stack,Chief Revenue Officer,spacy
"DROPBOX, INC.",8-K,Drew Houston,Chief Executive Officer,spacy
YELP INC,8-K,David Schwarzbach,Chief Financial Officer,spacy
YELP INC,8-K,Jeremy Stoppelman,Chief Executive Officer,spacy
"Toast, Inc.",8-K,Aman Narang,Chief Executive Officer,spacy
"Toast, Inc.",8-K,Mark Hawkins,Chief Operating Officer,spacy
PDF SOLUTIONS INC,8-K,Adnan Raza,Chief Financial Officer,spacy
PDF SOLUTIONS INC,8-K,John Kibarian,Ceo,spacy
"Coinbase Global, Inc.",8-K,Alesia J. Haas,Chief Financial Officer,spacy
TANGER INC.,8-K,Stephen Yalof,President,spacy
TANGER INC.,8-K,Michael J. Bilerman,Vice President,spacy
TANGER INC.,8-K,Outlets Nashville,Cto,spacy
TANGER INC.,8-K,Michael Kors,Cto,spacy
"ROKU, INC",8-K,Dan Jedda,Chief Financial Officer,spacy
"Kinsale Capital Group, Inc.",8-K,Bryan P. Petrucelli,Vice President,spacy
"Kinsale Capital Group, Inc.",8-K,Michael P. Kehoe,Chief Executive Officer,spacy
"Kinsale Capital Group, Inc.",8-K,Bryan Petrucelli,Vice President,spacy
PROTHENA CORP PUBLIC LTD CO,8-K,Gene Kinney,President,spacy
PROTHENA CORP PUBLIC LTD CO,8-K,Billy Dunn,Director,spacy
"Backblaze, Inc.",8-K,Gleb Budman,Ceo,spacy
"Backblaze, Inc.",8-K,David Ngo,Chief Product Officer,spacy
CORCEPT THERAPEUTICS INC,8-K,Joseph K. Belanoff,Chief Executive Officer,spacy
CORCEPT THERAPEUTICS INC,8-K,Bill Guyer,Chief Development Officer,spacy
"DIGITAL REALTY TRUST, INC.",8-K,Jeannie Lee,Vice President,spacy
"DIGITAL REALTY TRUST, INC.",8-K,Matt Mercier,President,spacy
Greenland Technologies Holding Corp.,8-K,Raymond Z.,Chief Executive Officer,spacy
Greenland Technologies Holding Corp.,8-K,Raymond Wang,Ceo,spacy
AMN HEALTHCARE SERVICES INC,8-K,Randle Reece,Director,spacy
National Storage Affiliates Trust,8-K,David G. Cramer,President,spacy
"TRINET GROUP, INC.",8-K,Michael Q. Simonds,Ceo,spacy
"TRINET GROUP, INC.",8-K,Samantha Wellington,Vice President,spacy
"TRINET GROUP, INC.",8-K,David Hodgson,Director,spacy
"TRINET GROUP, INC.",8-K,Total Rewards,Vice President,spacy
LTC PROPERTIES INC,8-K,Wendy L. Simpson,Chairman,spacy
LTC PROPERTIES INC,8-K,Wendy Simpson,Chairman,spacy
BJs RESTAURANTS INC,8-K,Greg Levin,Chief Executive Officer,spacy
BJs RESTAURANTS INC,8-K,Thomas A. Houdek,Chief Executive Officer,spacy
FONAR CORP,8-K,Timothy Damadian,President,spacy
FONAR CORP,8-K,Daniel Culver,Director,spacy
Prelude Therapeutics Inc,8-K,Kris Vaddi,Chief Executive Officer,spacy
"UNIVERSAL LOGISTICS HOLDINGS, INC.",8-K,Steven Fitzpatrick,Unknown,spacy
"UNIVERSAL LOGISTICS HOLDINGS, INC.",8-K,Tim Phillips,Ceo,spacy
"Employers Holdings, Inc.",8-K,Katherine Antonello,Ceo,spacy
DraftKings Inc.,8-K,Carter Vance,General Counsel,spacy
DraftKings Inc.,8-K,Lee C. Parnes,General Counsel,spacy
DraftKings Inc.,8-K,Jeff Laretto,General Counsel,spacy
DraftKings Inc.,8-K,Peter Sullivan,Unknown,spacy
DraftKings Inc.,8-K,Sean Siuda,Unknown,spacy
DraftKings Inc.,8-K,Jason Park,Unknown,spacy
PRA GROUP INC,8-K,Vikram Atal,President,spacy
PRA GROUP INC,8-K,Najim Mostamand,Vice President,spacy
"Applied UV, Inc.",8-K,Christopher Kobucha,Unknown,spacy
Opendoor Technologies Inc.,8-K,Carrie Wheeler,Ceo,spacy
Opendoor Technologies Inc.,8-K,Christy Schwartz,Ceo,spacy
Elme Communities,8-K,Steven Freishtat,Vice President,spacy
Elme Communities,8-K,Elme Druid Hills,Cto,spacy
STEPAN CO,8-K,Susan M. Lewis,Director,spacy
STEPAN CO,8-K,David G. Kabbes,Vice President,spacy
STEPAN CO,8-K,F. Quinn Stepan,Chairman,spacy
"Hercules Capital, Inc.",8-K,Kiersten Zaza,Unknown,spacy
MERCER INTERNATIONAL INC.,8-K,Richard Short,Chief Financial Officer,spacy
MERCER INTERNATIONAL INC.,8-K,Juan Carlos Bueno,Chief Executive Officer,spacy
CASELLA WASTE SYSTEMS INC,8-K,Charlie Wohlhuter,Director,spacy
CASELLA WASTE SYSTEMS INC,8-K,Jeff Weld,Director,spacy
CASELLA WASTE SYSTEMS INC,8-K,Bradford J. Helgeson,Vice President,spacy
Ingersoll Rand Inc.,8-K,Andrew Schiesl,Vice President,spacy
Ingersoll Rand Inc.,8-K,Vicente Reynal,Chairman,spacy
"Cryoport, Inc.",8-K,Jerrell Shelton,President,spacy
"Cryoport, Inc.",8-K,Robert Stefanovich,Chief Financial Officer,spacy
"Cryoport, Inc.",8-K,Mark Sawicki,Chief Scientific Officer,spacy
"Cryoport, Inc.",8-K,Edward Zecchini,Director,spacy
"1stdibs.com, Inc.",8-K,Everette Taylor,Director,spacy
"1stdibs.com, Inc.",8-K,David Rosenblatt,Ceo,spacy
"T2 Biosystems, Inc.",8-K,Certain Transactions,Unknown,spacy
"T2 Biosystems, Inc.",8-K,Evan G. Smith,General Counsel,spacy
"T2 Biosystems, Inc.",8-K,Evan Smith,Chief Financial Officer,spacy
"T2 Biosystems, Inc.",8-K,John Sperzel,Chairman,spacy
"Royale Energy, Inc.",8-K,Ron Lipnick,Chief Financial Officer,spacy
"Royale Energy, Inc.",8-K,Johnny Jordan,Cto,spacy
"Royale Energy, Inc.",8-K,Sweet Melissa,Cto,spacy
CONSOLIDATED EDISON INC,8-K,Jan Childress,Director,spacy
CONSOLIDATED EDISON INC,8-K,Tim Cawley,Chairman,spacy
CONSOLIDATED EDISON INC,8-K,Robert Hoglund,Vice President,spacy
CONSOLIDATED EDISON INC,8-K,Kiley Kemelman,Director,spacy
CONSOLIDATED EDISON INC,8-K,Mei Poon,Director,spacy
CONSOLIDATED EDISON INC,8-K,Caroline Elsasser,Director,spacy
"TTEC Holdings, Inc.",8-K,Laura Butler,Chief People Officer,spacy
"TTEC Holdings, Inc.",8-K,Laura Butler Kenneth,Chief People Officer,spacy
"TTEC Holdings, Inc.",8-K,Ken Tuchman,Cfo,spacy
GEO GROUP INC,8-K,Shayn P. March,Chief Financial Officer,spacy
GEO GROUP INC,8-K,Shayn P.,Chief Financial Officer,spacy
Sino Green Land Corp.,8-K,Tian Li,Cto,spacy
Sino Green Land Corp.,8-K,David Lazar,Director,spacy
Sino Green Land Corp.,8-K,Luo Xiong,Director,spacy
Sino Green Land Corp.,8-K,Wo Kuk Ching,Chief Executive Officer,spacy
Sino Green Land Corp.,8-K,Wong Ching Wing,President,spacy
Sino Green Land Corp.,8-K,Wong Erin,Chief Financial Officer,spacy
Sino Green Land Corp.,8-K,Bottle Bundle,Cto,spacy
Sino Green Land Corp.,8-K,Wong Ching,Ceo,spacy
Sino Green Land Corp.,8-K,Independence None,Director,spacy
Sino Green Land Corp.,8-K,Sunshine Green,Cto,spacy
Westrock Coffee Co,8-K,Joe Ford,Chief Executive Officer,spacy
Westrock Coffee Co,8-K,Irene Stephens,Director,spacy
Westrock Coffee Co,8-K,Parent Entities,Director,spacy
Westrock Coffee Co,8-K,Select Milk,Coo,spacy
"AtlasClear Holdings, Inc.",8-K,Eric Flesche,President,spacy
"AtlasClear Holdings, Inc.",8-K,Richard Korhammer,Director,spacy
"AtlasClear Holdings, Inc.",8-K,Sandip I. Patel,Unknown,spacy
"AtlasClear Holdings, Inc.",8-K,James Tabacchi,Director,spacy
"AtlasClear Holdings, Inc.",8-K,Ilya Bogdanov,Director,spacy
"AtlasClear Holdings, Inc.",8-K,Steven J. Carlson,Director,spacy
"AtlasClear Holdings, Inc.",8-K,Thomas J. Hammond,Director,spacy
"AtlasClear Holdings, Inc.",8-K,Richard Barber,Chief Executive Officer,spacy
"AtlasClear Holdings, Inc.",8-K,Henderson Blvd,Chief Executive Officer,spacy
"AtlasClear Holdings, Inc.",8-K,Steven Urbach,Chief Executive Officer,spacy
"AtlasClear Holdings, Inc.",8-K,Erik Luchs,Chief Executive Officer,spacy
"AtlasClear Holdings, Inc.",8-K,Byron B. Barkley,Ceo,spacy
"AtlasClear Holdings, Inc.",8-K,James C. Snow,President,spacy
"AtlasClear Holdings, Inc.",8-K,Paul Eric,President,spacy
"AtlasClear Holdings, Inc.",8-K,Paul Eric Flesche,President,spacy
"AtlasClear Holdings, Inc.",8-K,Chardan Quantum,Cto,spacy
Cyber App Solutions Corp.,8-K,Steven Looper,Chief Executive Officer,spacy
Cyber App Solutions Corp.,8-K,Annual Retainer,Director,spacy
PureBase Corp,8-K,John Bremer,Chief Executive Officer,spacy
PureBase Corp,8-K,Craig Barto,Director,spacy
PureBase Corp,8-K,Brady Barto,Director,spacy
DSG Global Inc.,8-K,James Singerling,Director,spacy
DSG Global Inc.,8-K,Michael Leemhuis,Director,spacy
DSG Global Inc.,8-K,Robert Silzer,Chief Executive Officer,spacy
"Marcus & Millichap, Inc.",8-K,Hessam Nadji,President,spacy
"NIKA PHARMACEUTICALS, INC",8-K,Slavchev Savov,Chief Executive Officer,spacy
"DT Midstream, Inc.",8-K,David Slater,President,spacy
"DT Midstream, Inc.",8-K,Jeff Jewell,Vice President,spacy
"DT Midstream, Inc.",8-K,Jeffrey Jewell,Chief Financial Officer,spacy
"DT Midstream, Inc.",8-K,Port Arthur Sabine,Cto,spacy
"DT Midstream, Inc.",8-K,Vector Pipeline,Cto,spacy
"Kontoor Brands, Inc.",8-K,Thomas L. Doerr,Vice President,spacy
"Kontoor Brands, Inc.",8-K,Michael Karapetian,Vice President,spacy
"Kontoor Brands, Inc.",8-K,Julia Burge,Vice President,spacy
Vulcan Materials CO,8-K,Tom Hill,Chairman,spacy
BALCHEM CORP,8-K,Ted Harris,Chairman,spacy
BALCHEM CORP,8-K,Martin Bengtsson,Chairman,spacy
Tronox Holdings plc,8-K,John D. Romano,Ceo,spacy
TELEPHONE & DATA SYSTEMS INC /DE/,8-K,Vicki L.,Vice President,spacy
TELEPHONE & DATA SYSTEMS INC /DE/,8-K,Vicki L. Villacrez,Vice President,spacy
Valaris Ltd,8-K,Valaris Limited,Vice President,spacy
Valaris Ltd,8-K,Christopher T. Weber,Vice President,spacy
AMERICAN AXLE & MANUFACTURING HOLDINGS INC,8-K,David C. Dauch,Cto,spacy
Denali Therapeutics Inc.,8-K,Alexander O. Schuth,Unknown,spacy
GUESS INC,8-K,Carlos Alberini,Chief Executive Officer,spacy
GUESS INC,8-K,Paul Marciano,Chief Creative Officer,spacy
GUESS INC,8-K,Andrew Rosen,Chairman,spacy
GUESS INC,8-K,Yehuda Shmidman,Chairman,spacy
PPL Corp,8-K,Marlene C. Beers,Vice President,spacy
"Fidelity National Financial, Inc.",8-K,Michael J. Schaltz,Director,spacy
"Fidelity National Financial, Inc.",8-K,Greg Janes,Vice President,spacy
"Fidelity National Financial, Inc.",8-K,Terri Okada,Vice President,spacy
PORTLAND GENERAL ELECTRIC CO /OR/,8-K,Maria Pope,Cto,spacy
PORTLAND GENERAL ELECTRIC CO /OR/,8-K,Joe Trpik,President,spacy
PORTLAND GENERAL ELECTRIC CO /OR/,8-K,Nick White,President,spacy
GLEN BURNIE BANCORP,8-K,Mark C. Hanna,Chief Executive Officer,spacy
GLEN BURNIE BANCORP,8-K,Jeffrey D. Harris,Cto,spacy
GLEN BURNIE BANCORP,8-K,Glen Burnie,Chief Financial Officer,spacy
"Gouverneur Bancorp, Inc./MD/",8-K,Clara P. Cummings,Director,spacy
"Gouverneur Bancorp, Inc./MD/",8-K,Charles C. Van Vleet,President,spacy
"Livento Group, Inc.",8-K,David Stybr,Chief Executive Officer,spacy
"PCS Edventures!, Inc.",8-K,Mike Bledsoe,President,spacy
"PCS Edventures!, Inc.",8-K,Todd Hackett,Ceo,spacy
"CANNAPHARMARX, INC.",8-K,Dean Medwid,Ceo,spacy
"Where Food Comes From, Inc.",8-K,John Saunders,Chairman,spacy
"Where Food Comes From, Inc.",8-K,Jay Pfeiffer,Chief Executive Officer,spacy
"Where Food Comes From, Inc.",8-K,Leann Saunders,Ceo,spacy
"Where Food Comes From, Inc.",8-K,Dannette Henning,Ceo,spacy
"Polomar Health Services, Inc.",8-K,Rasmus Refer,Director,spacy
"Climb Global Solutions, Inc.",8-K,Timothy Popovich,Director,spacy
"Climb Global Solutions, Inc.",8-K,Andrew Clark,Vice President,spacy
"Unusual Machines, Inc.",8-K,Calle De,Chief Executive Officer,spacy
"Unusual Machines, Inc.",8-K,Michael D. Harris,Chief Executive Officer,spacy
"Unusual Machines, Inc.",8-K,Matthew B.,Director,spacy
"Unusual Machines, Inc.",8-K,Unusual Machines,Chief Financial Officer,spacy
"Opus Genetics, Inc.",8-K,Nirav Jhaveri,Chief Financial Officer,spacy
"Opus Genetics, Inc.",8-K,Amy Rabourn,Vice President,spacy
"LANDS' END, INC.",8-K,Peter L. Gray,Chief Commercial Officer,spacy
"NORTHERN OIL & GAS, INC.",8-K,Erik J. Romslo,Chief Legal Officer,spacy
"NORTHERN OIL & GAS, INC.",8-K,Adam Dirlam,President,spacy
"NORTHERN OIL & GAS, INC.",8-K,Evelyn Leon,Vice President,spacy
"HireQuest, Inc.",8-K,David Hartley,Vice President,spacy
"HireQuest, Inc.",8-K,John Nesbett,Vice President,spacy
"HireQuest, Inc.",8-K,Jennifer Belodeau,Vice President,spacy
BOSTON OMAHA Corp,8-K,Joshua P. Weisenburger,Chief Financial Officer,spacy
"AEON Biopharma, Inc.",8-K,Marc Forth,Chief Executive Officer,spacy
Skillz Inc.,8-K,Andrew Dahlinghaus,Director,spacy
"Beyond Air, Inc.",8-K,Jeff Myers,Chief Medical Officer,spacy
"Beyond Air, Inc.",8-K,Steve Lisi,Chairman,spacy
ACRES Commercial Realty Corp.,8-K,William B. Hart,Director,spacy
"iANTHUS CAPITAL HOLDINGS, INC.",8-K,Philippe Faraut,Chief Financial Officer,spacy
"iANTHUS CAPITAL HOLDINGS, INC.",8-K,Richard Proud,Chief Executive Officer,spacy
"FIRST SOLAR, INC.",8-K,Richard D. Chapman,Director,spacy
"FIRST SOLAR, INC.",8-K,George A.,Director,spacy
"FIRST SOLAR, INC.",8-K,Craig Kennedy,Director,spacy
"Armada Hoffler Properties, Inc.",8-K,Louis Haddad,Chief Executive Officer,spacy
"Armada Hoffler Properties, Inc.",8-K,Shawn J. Tibbetts,President,spacy
"Armada Hoffler Properties, Inc.",8-K,Matthew T. Barnes,Chief Financial Officer,spacy
"Armada Hoffler Properties, Inc.",8-K,Shawn Tibbetts,Director,spacy
"Armada Hoffler Properties, Inc.",8-K,Armada Hoffler,Cto,spacy
"Armada Hoffler Properties, Inc.",8-K,Dan Hoffler,Director,spacy
Vertiv Holdings Co,8-K,Lynne Maxeiner,Vice President,spacy
Vertiv Holdings Co,8-K,Mayer Brown,Unknown,spacy
Vertiv Holdings Co,8-K,Ho Siu Wah Michelle,Director,spacy
Vertiv Holdings Co,8-K,Chen Feng,Director,spacy
Vertiv Holdings Co,8-K,Landlord Lien Waiver,Cto,spacy
Vertiv Holdings Co,8-K,Landlord Lien,Cto,spacy
Vertiv Holdings Co,8-K,Mayer Brown Paris,Unknown,spacy
Bowman Consulting Group Ltd.,8-K,Gary Bowman,Chairman,spacy
Bowman Consulting Group Ltd.,8-K,Bruce Labovitz,Chairman,spacy
BOX INC,8-K,David Leeb,Chief Legal Officer,spacy
"COOPER COMPANIES, INC.",8-K,Albert G. White,President,spacy
"ReposiTrak, Inc.",8-K,John Merrill,Chief Financial Officer,spacy
"ReposiTrak, Inc.",8-K,Randall K. Fields,Chairman,spacy
"ReposiTrak, Inc.",8-K,Randall Fields,Chief Financial Officer,spacy
"ReposiTrak, Inc.",8-K,Randy Fields,Chairman,spacy
"ReposiTrak, Inc.",8-K,Thomas Forte,Cto,spacy
NEKTAR THERAPEUTICS,8-K,Mark A. Wilson,Chief Legal Officer,spacy
COMMUNITY HEALTH SYSTEMS INC,8-K,Tim L. Hingtgen,Chief Executive Officer,spacy
COMMUNITY HEALTH SYSTEMS INC,8-K,Kevin J. Hammons,Chief Executive Officer,spacy
COMMUNITY HEALTH SYSTEMS INC,8-K,Chad A. Campbell,Vice President,spacy
COMMUNITY HEALTH SYSTEMS INC,8-K,Lynn T. Simon,Chief Executive Officer,spacy
COMMUNITY HEALTH SYSTEMS INC,8-K,Mark B. Medley,President,spacy
DAILY JOURNAL CORP,8-K,John B. Frank,Director,spacy
Allegion plc,8-K,John H. Stone,President,spacy
Allegion plc,8-K,Whitney Moorman,Director,spacy
"Trans American Aquaculture, Inc",8-K,Adam Thomas,Chief Executive Officer,spacy
"HOME DEPOT, INC.",8-K,Ted Decker,President,spacy
"DigitalBridge Group, Inc.",8-K,Marc Ganzi,Chief Executive Officer,spacy
"DigitalBridge Group, Inc.",8-K,Jensen Huang,Ceo,spacy
"DigitalBridge Group, Inc.",8-K,Satya Nadella,Ceo,spacy
OWENS & MINOR INC/VA/,8-K,Edward A. Pesicka,President,spacy
OWENS & MINOR INC/VA/,8-K,Heath H. Galloway,Vice President,spacy
Medtronic plc,8-K,Robert J. White,Vice President,spacy
Medtronic plc,8-K,Geoff Martha,Chairman,spacy
Medtronic plc,8-K,Karen Parkhill,Chief Financial Officer,spacy
"Pediatrix Medical Group, Inc.",8-K,C. Marc,Chief Financial Officer,spacy
"Pediatrix Medical Group, Inc.",8-K,Charles Lynch,Chief Financial Officer,spacy
"Pediatrix Medical Group, Inc.",8-K,James D. Swift,Chief Executive Officer,spacy
"Black Stone Minerals, L.P.",8-K,Steve Putman,Vice President,spacy
HEALTHSTREAM INC,8-K,Robert A. Frist,Chief Executive Officer,spacy
DANA INC,8-K,James Kamsickas,Chairman,spacy
DANA INC,8-K,Timothy Kraus,Vice President,spacy
"OIL STATES INTERNATIONAL, INC",8-K,Cindy B. Taylor,President,spacy
VISTEON CORP,8-K,Brett D. Pynnonen,Vice President,spacy
BICYCLE THERAPEUTICS PLC,8-K,Stephen Sands,Director,spacy
BICYCLE THERAPEUTICS PLC,8-K,Kevin Lee,Ceo,spacy
BICYCLE THERAPEUTICS PLC,8-K,Pierre Legault,Director,spacy
"AVANOS MEDICAL, INC.",8-K,Joe Woody,Chief Executive Officer,spacy
"Axsome Therapeutics, Inc.",8-K,Herriot Tabuteau,President,spacy
Zevia PBC,8-K,Amy Taylor,President,spacy
Zevia PBC,8-K,Florence Neubauer,Director,spacy
Zevia PBC,8-K,Girish Satya,General Counsel,spacy
Zevia PBC,8-K,Pasta Pomodoro,Cfo,spacy
Westlake Chemical Partners LP,8-K,Albert Chao,President,spacy
Enpro Inc.,8-K,Enpro Enpro,Cto,spacy
"BEYOND, INC.",8-K,Marcus Lemonis,Chairman,spacy
"BEYOND, INC.",8-K,William Nettles,Chairman,spacy
"BEYOND, INC.",8-K,Good Sam,Chief Executive Officer,spacy
"BEYOND, INC.",8-K,Sarah Factor,Cto,spacy
Enstar Group LTD,8-K,Matthew Kirk,Chief Financial Officer,spacy
Enstar Group LTD,8-K,Dominic Silvester,Ceo,spacy
Enstar Group LTD,8-K,Nazar Alobaidat,Chief Operations Officer,spacy
"Matinas BioPharma Holdings, Inc.",8-K,Theresa Matkovits,Chief Development Officer,spacy
"Chicago Atlantic BDC, Inc.",8-K,Silver Spike,Director,spacy
TACTILE SYSTEMS TECHNOLOGY INC,8-K,Dan Reuvers,President,spacy
Monopar Therapeutics,8-K,Chandler Robinson,Chief Executive Officer,spacy
Monopar Therapeutics,8-K,Follow Monopar,Chief Financial Officer,spacy
UFP INDUSTRIES INC,8-K,Matthew J. Missad,Chairman,spacy
Odysight.ai Inc.,8-K,Yehu Ofer,Ceo,spacy
"LGI Homes, Inc.",8-K,Eric Lipar,Chairman,spacy
"Tri Pointe Homes, Inc.",8-K,Doug Bauer,Chief Executive Officer,spacy
"Tri Pointe Homes, Inc.",8-K,Tom Mitchell,President,spacy
"Tri Pointe Homes, Inc.",8-K,Glenn Keeler,Chief Executive Officer,spacy
"Tri Pointe Homes, Inc.",8-K,Linda Mamet,Chief Executive Officer,spacy
"Tri Pointe Homes, Inc.",8-K,Tri Pointe Homes,President,spacy
"Tri Pointe Homes, Inc.",8-K,Carol Ruiz,Cto,spacy
"Village Farms International, Inc.",8-K,Stephen C. Ruffini,Vice President,spacy
"Auto Parts 4Less Group, Inc.",8-K,Christopher Davenport,Ceo,spacy
"Auto Parts 4Less Group, Inc.",8-K,Chris Davenport,Ceo,spacy
"Auto Parts 4Less Group, Inc.",8-K,Lou Posner,Ceo,spacy
"FORUM ENERGY TECHNOLOGIES, INC.",8-K,John C. Ivascu,Vice President,spacy
"Bespoke Extracts, Inc.",8-K,Michael Feinsod,Chief Executive Officer,spacy
EXPEDITORS INTERNATIONAL OF WASHINGTON INC,8-K,Geoffrey Buscher,President,spacy
EXPEDITORS INTERNATIONAL OF WASHINGTON INC,8-K,Airfreightkilos Ocean,Cto,spacy
"Bridgeline Digital, Inc.",8-K,Ari Kahn,President,spacy
"Amplitude, Inc.",8-K,Spenser Skates,Ceo,spacy
Adeia Inc.,8-K,Joe Guiliano,Unknown,spacy
Adeia Inc.,8-K,Chris Chaney,Vice President,spacy
NEOGENOMICS INC,8-K,Chris Smith,Ceo,spacy
NEOGENOMICS INC,8-K,Fort Myers,Vice President,spacy
"ARVINAS, INC.",8-K,Randy Teel,Director,spacy
Cushman & Wakefield plc,8-K,Neil Johnston,Chief Financial Officer,spacy
Cushman & Wakefield plc,8-K,John Forrester,Ceo,spacy
"Keysight Technologies, Inc.",8-K,Keysight Newsroom,Cto,spacy
NATIONAL PRESTO INDUSTRIES INC,8-K,David Peuse,Unknown,spacy
Enovix Corp,8-K,Raj Talluri,President,spacy
Enovix Corp,8-K,Anwar Ibrahim,Coo,spacy
"Arteris, Inc.",8-K,K. Charles Janac,President,spacy
"Sprout Social, Inc.",8-K,Justyn Howard,Ceo,spacy
"Sprout Social, Inc.",8-K,Becton Dickinson,Cto,spacy
"Sprout Social, Inc.",8-K,Alan Boyce,Cto,spacy
"Sprout Social, Inc.",8-K,Joe Del Preto,Cfo,spacy
"Sprout Social, Inc.",8-K,Ryan Barretto,Cfo,spacy
"Sprout Social, Inc.",8-K,Rachael Pfenning,Cfo,spacy
GLADSTONE LAND Corp,8-K,Lewis Parrish,Chief Financial Officer,spacy
"MediaAlpha, Inc.",8-K,Steve Yi,Ceo,spacy
"Empire State Realty OP, L.P.",8-K,Christina Chiu,Director,spacy
"Empire State Realty OP, L.P.",8-K,Stephen V. Horn,Chief Financial Officer,spacy
fuboTV Inc. /FL,8-K,David Gandler,Chief Executive Officer,spacy
"Skyward Specialty Insurance Group, Inc.",8-K,Mark Haushill,Chief Financial Officer,spacy
"Skyward Specialty Insurance Group, Inc.",8-K,Andrew Robinson,Chairman,spacy
HELEN OF TROY LTD,8-K,Brian L. Grass,Chief Financial Officer,spacy
HELEN OF TROY LTD,8-K,Adam Rose,Vice President,spacy
HELEN OF TROY LTD,8-K,Natalie Hill,Vice President,spacy
HELEN OF TROY LTD,8-K,Peter Echausse,Director,spacy
HELEN OF TROY LTD,8-K,Janet L. Wheeler,Director,spacy
HELEN OF TROY LTD,8-K,Martin Gregory,Director,spacy
Palo Alto Networks Inc,8-K,Dipak Golechha,Cto,spacy
Palo Alto Networks Inc,8-K,Nikesh Arora,Chairman,spacy
"TPG RE Finance Trust, Inc.",8-K,Doug Bouquard,Chief Executive Officer,spacy
"TPG RE Finance Trust, Inc.",8-K,Bob Foley,Chief Financial Officer,spacy
NATIONAL HEALTH INVESTORS INC,8-K,Eric Mendelsohn,President,spacy
"Teladoc Health, Inc.",8-K,Jason Gorevic,Ceo,spacy
JBG SMITH Properties,8-K,M. Moina Banerjee,Chief Financial Officer,spacy
JBG SMITH Properties,8-K,Innovation Campus,Cto,spacy
JBG SMITH Properties,8-K,Matthew Kelly,Chief Executive Officer,spacy
JBG SMITH Properties,8-K,Moina Banerjee,Chief Executive Officer,spacy
Orion Group Holdings Inc,8-K,Travis J. Boone,President,spacy
"Claros Mortgage Trust, Inc.",8-K,Richard Mack,Chief Executive Officer,spacy
WORKIVA INC,8-K,Julie Iskow,Ceo,spacy
LA-Z-BOY INC,8-K,Melinda D. Whittington,President,spacy
LA-Z-BOY INC,8-K,Bob Lucian,Chief Financial Officer,spacy
BlueLinx Holdings Inc.,8-K,Shyam Reddy,President,spacy
BlueLinx Holdings Inc.,8-K,Andy Wamser,Chief Financial Officer,spacy
BlueLinx Holdings Inc.,8-K,Andrew Wamser,Vice President,spacy
"TrueCar, Inc.",8-K,Jeff Swart,General Counsel,spacy
"TrueCar, Inc.",8-K,Jantoon Reigersman,President,spacy
"TrueCar, Inc.",8-K,Oliver Foley,President,spacy
Element Solutions Inc,8-K,Benjamin Gliklich,President,spacy
Element Solutions Inc,8-K,Richard L. Fricke,Director,spacy
Element Solutions Inc,8-K,Matthew Liebowitz,Vice President,spacy
Element Solutions Inc,8-K,Michael Goralski,Unknown,spacy
Element Solutions Inc,8-K,Michael Russnok,Chief Accounting Officer,spacy
Element Solutions Inc,8-K,Carey J. Dorman,President,spacy
"Andersons, Inc.",8-K,Brian A. Valentine,Vice President,spacy
"Andersons, Inc.",8-K,Pat Bowe,President,spacy
"Andersons, Inc.",8-K,Brian Valentine,Vice President,spacy
Industrial Logistics Properties Trust,8-K,Yael Duffy,President,spacy
Industrial Logistics Properties Trust,8-K,Kevin C. Phelan,Unknown,spacy
"HACKETT GROUP, INC.",8-K,Robert A. Ramirez,Chief Financial Officer,spacy
"HACKETT GROUP, INC.",8-K,Ted A. Fernandez,Chairman,spacy
AbCellera Biologics Inc.,8-K,Carl L. G. Hansen,Chief Executive Officer,spacy
AbCellera Biologics Inc.,8-K,Carl Hansen,Ceo,spacy
GeneDx Holdings Corp.,8-K,Melanie Duquette,Chief Growth Officer,spacy
GeneDx Holdings Corp.,8-K,Eric Olivares,Chief Growth Officer,spacy
"RAPT Therapeutics, Inc.",8-K,Rodney Young,Chief Financial Officer,spacy
GRAPHIC PACKAGING HOLDING CO,8-K,Michael Doss,President,spacy
GRAPHIC PACKAGING HOLDING CO,8-K,Arsen Kitch,President,spacy
"COSTAR GROUP, INC.",8-K,Andy Florance,Chief Executive Officer,spacy
"COSTAR GROUP, INC.",8-K,Cyndi Eakin,Vice President,spacy
"COSTAR GROUP, INC.",8-K,Matthew Blocher,Vice President,spacy
"Vir Biotechnology, Inc.",8-K,Phil Pang,Vice President,spacy
Clearwater Paper Corp,8-K,Rebecca A. Barckley,Vice President,spacy
Clearwater Paper Corp,8-K,Jules Joy,Director,spacy
"Toll Brothers, Inc.",8-K,Michael J. Grubb,Vice President,spacy
"Toll Brothers, Inc.",8-K,Douglas C. Yearley,Chairman,spacy
"RingCentral, Inc.",8-K,Vlad Shmunis,Ceo,spacy
"RingCentral, Inc.",8-K,Ned Segal,Director,spacy
"RingCentral, Inc.",8-K,Prat Bhatt,Director,spacy
"RingCentral, Inc.",8-K,Allan Thygesen,Chief Accounting Officer,spacy
Public Storage,8-K,Joe Russell,President,spacy
"International Seaways, Inc.",8-K,Nadim Qureshi,Director,spacy
"International Seaways, Inc.",8-K,Doug Wheat,Chairman,spacy
"International Seaways, Inc.",8-K,Kate Blankenship,Director,spacy
"Planet Fitness, Inc.",8-K,Christopher Rondeau,Director,spacy
"Planet Fitness, Inc.",8-K,C. Rondeau,Director,spacy
"Select Water Solutions, Inc.",8-K,Chris George,Vice President,spacy
"Select Water Solutions, Inc.",8-K,John Schmitz,Chairman,spacy
Seven Hills Realty Trust,8-K,Tom Lorenzini,President,spacy
"SEMrush Holdings, Inc.",8-K,Roman Simonov,Director,spacy
"SEMrush Holdings, Inc.",8-K,David Mason,General Counsel,spacy
"CVR PARTNERS, LP",8-K,Mark Pytosh,Chief Executive Officer,spacy
"Quad/Graphics, Inc.",8-K,Tony Staniak,Chief Financial Officer,spacy
"Quad/Graphics, Inc.",8-K,Anthony C. Staniak,Chief Financial Officer,spacy
"Quad/Graphics, Inc.",8-K,Joel Quadracci,Chairman,spacy
CVR ENERGY INC,8-K,Dave Lamp,Chief Executive Officer,spacy
MEDIFAST INC,8-K,James P. Maloney,Chief Financial Officer,spacy
MEDIFAST INC,8-K,Dan Chard,Chairman,spacy
OGE ENERGY CORP.,8-K,Sean Trauschke,Chairman,spacy
UNITED THERAPEUTICS Corp,8-K,Michael Benkowitz,President,spacy
UNITED THERAPEUTICS Corp,8-K,Martine Rothblatt,Chief Executive Officer,spacy
UNITED THERAPEUTICS Corp,8-K,Dean Bunce,Vice President,spacy
GENTHERM Inc,8-K,Wayne Kauffman,Vice President,spacy
GENTHERM Inc,8-K,Phil Eyler,President,spacy
Travel & Leisure Co.,8-K,Michael D. Brown,President,spacy
Bausch & Lomb Corp,8-K,Brent Saunders,Chairman,spacy
UNISYS CORP,8-K,Peter A. Altabef,Ceo,spacy
"Kimbell Royalty Partners, LP",8-K,Robert Ravnaas,Chairman,spacy
"Kimbell Royalty Partners, LP",8-K,Rick Black Dennard,Cto,spacy
"Verisk Analytics, Inc.",8-K,Lee Shavel,President,spacy
"Verisk Analytics, Inc.",8-K,Elizabeth Mann,Cfo,spacy
"Verisk Analytics, Inc.",8-K,Kathy Card Beckles,Vice President,spacy
DarioHealth Corp.,8-K,Rick Anderson,President,spacy
DarioHealth Corp.,8-K,Bilal Khan,Unknown,spacy
DarioHealth Corp.,8-K,Caesarea Industrial Park,Ceo,spacy
DarioHealth Corp.,8-K,Voting Requirements,Cto,spacy
DarioHealth Corp.,8-K,Erez Raphael,Ceo,spacy
DarioHealth Corp.,8-K,Expense Allowance,Chief Executive Officer,spacy
DarioHealth Corp.,8-K,Erez Raphael Erez,Chief Executive Officer,spacy
DarioHealth Corp.,8-K,Adam K. Stern,Chief Executive Officer,spacy
DarioHealth Corp.,8-K,Omar Manejwala,President,spacy
DarioHealth Corp.,8-K,Josh Fischer,President,spacy
DarioHealth Corp.,8-K,Brian Harrigan,President,spacy
DarioHealth Corp.,8-K,Yoav Shaked,Chief Product Officer,spacy
DarioHealth Corp.,8-K,Allen Kamer,Chairman,spacy
DarioHealth Corp.,8-K,Eric Milledge,Chairman,spacy
DarioHealth Corp.,8-K,David A. Horwitz,Chairman,spacy
PHINIA INC.,8-K,Brady Ericson,President,spacy
PHI GROUP INC,8-K,Henry D. Fahman,Chairman,spacy
"GIBRALTAR INDUSTRIES, INC.",8-K,Jeffrey J. Watorek,Vice President,spacy
"GIBRALTAR INDUSTRIES, INC.",8-K,Bill Bosway,Chairman,spacy
REPLIGEN CORP,8-K,Tony J. Hunt,Chief Executive Officer,spacy
"Alight, Inc. / Delaware",8-K,Stephan Scholl,Chief Executive Officer,spacy
"ADMA BIOLOGICS, INC.",8-K,Adam Grossman,President,spacy
"ADMA BIOLOGICS, INC.",8-K,Skyler Bloom,Director,spacy
"ADMA BIOLOGICS, INC.",8-K,Michelle Pappanastos,Director,spacy
Wingstop Inc.,8-K,Michael Skipworth,President,spacy
CPI AEROSTRUCTURES INC,8-K,Andrew Davis,Chief Financial Officer,spacy
CPI AEROSTRUCTURES INC,8-K,Andrew L. Davis,Chief Financial Officer,spacy
"BrightSpire Capital, Inc.",8-K,Michael J. Mazzei,Chief Executive Officer,spacy
MEDICAL PROPERTIES TRUST INC,8-K,Drew Babin,Director,spacy
MEDICAL PROPERTIES TRUST INC,8-K,J. Kevin Hanna,Chairman,spacy
MEDICAL PROPERTIES TRUST INC,8-K,Rosa H. Hooper,Vice President,spacy
MEDICAL PROPERTIES TRUST INC,8-K,Larry H. Portal,Vice President,spacy
MEDICAL PROPERTIES TRUST INC,8-K,C. Reynolds Thompson,Director,spacy
MEDICAL PROPERTIES TRUST INC,8-K,Drew Babin Tim Berryman,Director,spacy
MEDICAL PROPERTIES TRUST INC,8-K,Tim Berryman,Director,spacy
ALTAIR INTERNATIONAL CORP.,8-K,Leonard Lovallo,President,spacy
ALTAIR INTERNATIONAL CORP.,8-K,F. Prior,Unknown,spacy
ALTAIR INTERNATIONAL CORP.,8-K,Culhane Meadows,President,spacy
ALTAIR INTERNATIONAL CORP.,8-K,Ross Gourdie,President,spacy
"Ocugen, Inc.",8-K,Gene Therapy,Chairman,spacy
"Ocugen, Inc.",8-K,Arun Upadhyay,Chairman,spacy
"Ocugen, Inc.",8-K,Lejla Vajzovic,Director,spacy
"Ocugen, Inc.",8-K,Byron Lam,Director,spacy
"Ocugen, Inc.",8-K,Mark J. Daily,Ceo,spacy
"Ocugen, Inc.",8-K,Neena Haider,Ceo,spacy
"Gatos Silver, Inc.",8-K,Dale Andres,Ceo,spacy
MGE ENERGY INC,8-K,Tamara J. Johnson,Vice President,spacy
MGE ENERGY INC,8-K,J. Johnson,Vice President,spacy
"Cleartronic, Inc.",8-K,Larry Reid,Chief Financial Officer,spacy
"Vimeo, Inc.",8-K,Adam Gross,Ceo,spacy
"Vimeo, Inc.",8-K,Adam Oscar,Director,spacy
"Vimeo, Inc.",8-K,Ben Proudfoot,Director,spacy
GLADSTONE COMMERCIAL CORP,8-K,Gary Gerson,Chief Financial Officer,spacy
Sunrun Inc.,8-K,Jeanna Steele,Chief Legal Officer,spacy
Sunrun Inc.,8-K,Mary Powell,Chief Executive Officer,spacy
Sunrun Inc.,8-K,Danny Abajian,Chief Financial Officer,spacy
"HEALTHEQUITY, INC.",8-K,Jon Kessler,President,spacy
Pulmonx Corp,8-K,Alissa Hsu Lynch,Director,spacy
Pulmonx Corp,8-K,Glen French,Ceo,spacy
Pulmonx Corp,8-K,Steve Williamson,Ceo,spacy
Pulmonx Corp,8-K,Dana G. Mead,Director,spacy
"Unicycive Therapeutics, Inc.",8-K,Shalabh Gupta,Chief Executive Officer,spacy
"SenesTech, Inc.",8-K,Joel Fruendt,President,spacy
CENTURY ALUMINUM CO,8-K,Jesse Gary,President,spacy
"Five9, Inc.",8-K,Barry Zwarenstein,Chief Financial Officer,spacy
"Five9, Inc.",8-K,Mike Burkland,Chairman,spacy
NEVRO CORP,8-K,Kevin Thornal,Ceo,spacy
TANDEM DIABETES CARE INC,8-K,John Sheridan,President,spacy
TANDEM DIABETES CARE INC,8-K,Tandem Diabetes Care,Unknown,spacy
ENCORE CAPITAL GROUP INC,8-K,Jonathan C. Clark,Vice President,spacy
ENCORE CAPITAL GROUP INC,8-K,Ashish Masih,President,spacy
OUTFRONT Media Inc.,8-K,Jeremy Male,Chairman,spacy
Olo Inc.,8-K,Noah H. Glass,Chief Executive Officer,spacy
Olo Inc.,8-K,Noah Glass,Ceo,spacy
"SharpLink Gaming, Inc.",8-K,Robert Phythian,Director,spacy
"SharpLink Gaming, Inc.",8-K,Adrienne Anderson,Cto,spacy
"SharpLink Gaming, Inc.",8-K,Robert Gutkowski,Director,spacy
"SharpLink Gaming, Inc.",8-K,George Steinbrenner,Cto,spacy
"SharpLink Gaming, Inc.",8-K,Robert M. Gutkowski Via,Chief Executive Officer,spacy
"SharpLink Gaming, Inc.",8-K,Bob Gutkowski,Director,spacy
"Outset Medical, Inc.",8-K,Leslie Trigg,Chief Executive Officer,spacy
"Outset Medical, Inc.",8-K,Jim Mazzola,Vice President,spacy
"Remitly Global, Inc.",8-K,Gail Miller,Chief Financial Officer,spacy
"Remitly Global, Inc.",8-K,Matt Oppenheimer,Chief Executive Officer,spacy
"Veris Residential, Inc.",8-K,Veris Residential,Chief Executive Officer,spacy
"Western Midstream Partners, LP",8-K,Michael Ure,President,spacy
"Western Midstream Partners, LP",8-K,Kristen Shults,Vice President,spacy
ACV Auctions Inc.,8-K,George Chamoun,Ceo,spacy
"ADAMS RESOURCES & ENERGY, INC.",8-K,J. Roycraft,Chief Executive Officer,spacy
JACK IN THE BOX INC,8-K,Darin Harris,Chief Executive Officer,spacy
"Coca-Cola Consolidated, Inc.",8-K,Dave Katz,President,spacy
"Coca-Cola Consolidated, Inc.",8-K,J. Frank Harrison,Chairman,spacy
"Coca-Cola Consolidated, Inc.",8-K,Josh Gelinas,Vice President,spacy
"AGILENT TECHNOLOGIES, INC.",8-K,Angelica Riemann,Ceo,spacy
"AGILENT TECHNOLOGIES, INC.",8-K,Jonah Kirkwood,Ceo,spacy
"AGILENT TECHNOLOGIES, INC.",8-K,Koh Boon Hwee,Ceo,spacy
"Crescent Capital BDC, Inc.",8-K,Henry Chung,Director,spacy
"Crescent Capital BDC, Inc.",8-K,Jason Breaux,President,spacy
ICAHN ENTERPRISES L.P.,8-K,Andrew J. Teno,President,spacy
ICAHN ENTERPRISES L.P.,8-K,David Willetts,Director,spacy
ICAHN ENTERPRISES L.P.,8-K,Andrew Teno,President,spacy
ICAHN ENTERPRISES L.P.,8-K,Carl C. Icahn,Director,spacy
ICAHN ENTERPRISES L.P.,8-K,Bala Cynwyd,Director,spacy
ICAHN ENTERPRISES L.P.,8-K,Carl Icahn,Director,spacy
ICAHN ENTERPRISES L.P.,8-K,Matthew C. Flannery,Chief Legal Officer,spacy
Bridge Investment Group Holdings Inc.,8-K,Robert Morse,Cto,spacy
NEW YORK MORTGAGE TRUST INC,8-K,Jason Serrano,Chief Executive Officer,spacy
AMERISAFE INC,8-K,Andy Omiridis,Chief Financial Officer,spacy
AMERISAFE INC,8-K,G. Janelle Frost,President,spacy
Texas Pacific Land Corp,8-K,Tyler Glover,Chief Executive Officer,spacy
Jackson Financial Inc.,8-K,Laura Prieskorn,President,spacy
Jackson Financial Inc.,8-K,Marcia Wadsten,Vice President,spacy
NVIDIA CORP,8-K,Li Auto,Cfo,spacy
Ingevity Corp,8-K,John Fortson,President,spacy
Ingevity Corp,8-K,Mary Dean Hall,Vice President,spacy
Churchill Downs Inc,8-K,Marcia A. Dall,Vice President,spacy
"BuzzFeed, Inc.",8-K,Matt Omer,Chief Financial Officer,spacy
"BuzzFeed, Inc.",8-K,Freshfields Bruckhaus Deringer,Chief Legal Officer,spacy
"BuzzFeed, Inc.",8-K,Aaron Levant,Chief Executive Officer,spacy
"Ultra Clean Holdings, Inc.",8-K,Jim Scholhamer,Ceo,spacy
NPK International Inc.,8-K,Matthew Lanigan,President,spacy
NPK International Inc.,8-K,Gregg Piontek,Chief Financial Officer,spacy
MOSAIC CO,8-K,Bruce Bodine,President,spacy
CHEESECAKE FACTORY INC,8-K,Etienne Marcus,Cto,spacy
CHEESECAKE FACTORY INC,8-K,David Overton,Chairman,spacy
AMEDISYS INC,8-K,Nick Muscato,Chief Strategy Officer,spacy
"STRATA Skin Sciences, Inc.",8-K,Christopher Lesovitz,Chief Financial Officer,spacy
"Plymouth Industrial REIT, Inc.",8-K,Tripp Sullivan,Chief Executive Officer,spacy
"Plymouth Industrial REIT, Inc.",8-K,Jeff Witherell,Chairman,spacy
"Plymouth Industrial REIT, Inc.",8-K,Anthony J. Saladino,Chief Executive Officer,spacy
"Plymouth Industrial REIT, Inc.",8-K,Lyndon J. Blakesley,Chief Executive Officer,spacy
"Plymouth Industrial REIT, Inc.",8-K,David G. Gaw,General Counsel,spacy
"Plymouth Industrial REIT, Inc.",8-K,Lead Independent,Director,spacy
"Plymouth Industrial REIT, Inc.",8-K,Caitlin Murphy,Director,spacy
"Plymouth Industrial REIT, Inc.",8-K,Pendleton P. White,Director,spacy
"Plymouth Industrial REIT, Inc.",8-K,Nicholas Thillman,Director,spacy
"Plymouth Industrial REIT, Inc.",8-K,John Kim Nate,Cto,spacy
"Plymouth Industrial REIT, Inc.",8-K,Crossett Bryan Maher,Chairman,spacy
"Q2 Holdings, Inc.",8-K,David J. Mehok,Chief Financial Officer,spacy
"Q2 Holdings, Inc.",8-K,Matt Flake,Ceo,spacy
"Q2 Holdings, Inc.",8-K,David Mehok,Cfo,spacy
"CAMBER ENERGY, INC.",8-K,Minimum Triggering Level,Cto,spacy
MARRIOTT VACATIONS WORLDWIDE Corp,8-K,John Geller,President,spacy
EXACT SCIENCES CORP,8-K,Jeffrey T. Elliott,Vice President,spacy
"Vital Energy, Inc.",8-K,Jason Pigott,President,spacy
"Vital Energy, Inc.",8-K,Bryan J. Lemmerman,Vice President,spacy
ProPetro Holding Corp.,8-K,Sam Sledge,Chief Executive Officer,spacy
ProPetro Holding Corp.,8-K,David Schorlemer,Chief Financial Officer,spacy
ProPetro Holding Corp.,8-K,Matt Augustine,Chief Financial Officer,spacy
ProPetro Holding Corp.,8-K,Adam Munoz,Chief Executive Officer,spacy
"HOST HOTELS & RESORTS, INC.",8-K,James F. Risoleo,President,spacy
Pebblebrook Hotel Trust,8-K,Raymond D. Martz,President,spacy
STURM RUGER & CO INC,8-K,Christopher J. Killoy,Chief Executive Officer,spacy
GENCO SHIPPING & TRADING LTD,8-K,John C. Wobensmith,Chief Executive Officer,spacy
GENCO SHIPPING & TRADING LTD,8-K,Peter Allen,Chief Financial Officer,spacy
AltEnergy Acquisition Corp,8-K,Hogap Kang,Director,spacy
AltEnergy Acquisition Corp,8-K,Dohyung Kim,Director,spacy
AltEnergy Acquisition Corp,8-K,Jong Hoon Ha,Cto,spacy
AltEnergy Acquisition Corp,8-K,Ki Youn Kim,Cto,spacy
AltEnergy Acquisition Corp,8-K,Victor Park,Cto,spacy
AltEnergy Acquisition Corp,8-K,Shin Young,Chairman,spacy
AltEnergy Acquisition Corp,8-K,Car Tech,Ceo,spacy
Chord Energy Corp,8-K,Danny Brown,President,spacy
Chord Energy Corp,8-K,Shannon B. Kinney,Vice President,spacy
Chord Energy Corp,8-K,B. Kinney,Vice President,spacy
Chord Energy Corp,8-K,Ian Dundas,President,spacy
Chord Energy Corp,8-K,Williston Basin,President,spacy
Chord Energy Corp,8-K,Michael Lou,Director,spacy
Chord Energy Corp,8-K,Darrin Henke,Chief Financial Officer,spacy
Chord Energy Corp,8-K,Shannon Kinney,Chief Financial Officer,spacy
Chord Energy Corp,8-K,Bob Bakanauskas,President,spacy
Chord Energy Corp,8-K,Susan Cunningham Ian Dundas,Director,spacy
Chord Energy Corp,8-K,Michael Lou Darrin,Chief Financial Officer,spacy
Breeze Holdings Acquisition Corp.,8-K,J. Douglas Ramsey,Director,spacy
Breeze Holdings Acquisition Corp.,8-K,B. Parent,Cto,spacy
Breeze Holdings Acquisition Corp.,8-K,Nicholson Rd Garland,Chief Executive Officer,spacy
Breeze Holdings Acquisition Corp.,8-K,Kevin Boscamp,Chief Executive Officer,spacy
Breeze Holdings Acquisition Corp.,8-K,Daniel L. Hunt,President,spacy
Breeze Holdings Acquisition Corp.,8-K,Robert Lee Thomas,President,spacy
Breeze Holdings Acquisition Corp.,8-K,Bill Stark,President,spacy
ModivCare Inc,8-K,Barbara Gutierrez,President,spacy
ModivCare Inc,8-K,Ilias Simpson,President,spacy
ModivCare Inc,8-K,L. Heath Sampson,President,spacy
HAVERTY FURNITURE COMPANIES INC,8-K,Jenny Hill Parker,Vice President,spacy
HAVERTY FURNITURE COMPANIES INC,8-K,Clarence H. Smith,Chairman,spacy
VALMONT INDUSTRIES INC,8-K,Avner M. Applbaum,President,spacy
VALMONT INDUSTRIES INC,8-K,Timothy P. Francis,Chief Financial Officer,spacy
"ATN International, Inc.",8-K,Brad Martin,Chief Executive Officer,spacy
SJW GROUP,8-K,Andrew F. Walters,Chief Financial Officer,spacy
PG&E Corp,8-K,Carolyn J. Burke,Vice President,spacy
PG&E Corp,8-K,Patti Poppe,Ceo,spacy
CARRIAGE SERVICES INC,8-K,Steve Metzger,Ceo,spacy
CARRIAGE SERVICES INC,8-K,Carlos Quezada,Ceo,spacy
CARRIAGE SERVICES INC,8-K,Kian Granmayeh,Ceo,spacy
CARRIAGE SERVICES INC,8-K,Steve D. Metzger,President,spacy
CARRIAGE SERVICES INC,8-K,Don Patteson,Director,spacy
CARRIAGE SERVICES INC,8-K,Alan J. Robin Esq,Unknown,spacy
CARRIAGE SERVICES INC,8-K,Alan J. Robin,Unknown,spacy
NEWMONT Corp /DE/,8-K,Cynthia Dioquino,Director,spacy
NEWMONT Corp /DE/,8-K,Jake Wesley,Vice President,spacy
NEWMONT Corp /DE/,8-K,Christopher Facenda,Director,spacy
"Perimeter Solutions, Inc.",8-K,Kyle Sable,Chief Financial Officer,spacy
Enovis CORP,8-K,Matt Trerotola,Chief Executive Officer,spacy
"Clearway Energy, Inc.",8-K,Christopher Sotos,President,spacy
"Clearway Energy, Inc.",8-K,Cedro Hill,Cto,spacy
"Clearway Energy, Inc.",8-K,Victory Pass,Cto,spacy
"City Office REIT, Inc.",8-K,Anthony Maretic,Cfo,spacy
"Moderna, Inc.",8-K,James M.,Chief Financial Officer,spacy
"Moderna, Inc.",8-K,James M. Mock,Chief Financial Officer,spacy
"IMMUNIC, INC.",8-K,Daniel Vitt,Chief Executive Officer,spacy
"IMMUNIC, INC.",8-K,Jessica Breu,Vice President,spacy
"IMMUNIC, INC.",8-K,Paula Schwartz,Vice President,spacy
LKQ CORP,8-K,Rick Galloway,Vice President,spacy
LKQ CORP,8-K,Justin Jude,Chief Executive Officer,spacy
GRANITE CONSTRUCTION INC,8-K,Elizabeth L. Curtis,Vice President,spacy
GRANITE CONSTRUCTION INC,8-K,Kyle Larkin,President,spacy
GRANITE CONSTRUCTION INC,8-K,Tappan Zee,President,spacy
GRANITE CONSTRUCTION INC,8-K,Lisa Curtis,Vice President,spacy
"STARWOOD PROPERTY TRUST, INC.",8-K,Barry Sternlicht,Chairman,spacy
IRON MOUNTAIN INC,8-K,William L. Meaney,President,spacy
"QUANTA SERVICES, INC.",8-K,Duke Austin,President,spacy
"QUANTA SERVICES, INC.",8-K,Kip Rupp,Vice President,spacy
"QUANTA SERVICES, INC.",8-K,Jayshree Desai,Cfo,spacy
"QUANTA SERVICES, INC.",8-K,Liz James Kip Rupp,Cfo,spacy
"Option Care Health, Inc.",8-K,Michael Shapiro,Chief Financial Officer,spacy
"Option Care Health, Inc.",8-K,C. Rademacher,Chief Executive Officer,spacy
"Option Care Health, Inc.",8-K,Asher Dewhurst,Chief Financial Officer,spacy
"Builders FirstSource, Inc.",8-K,Dave Rush,Ceo,spacy
"Builders FirstSource, Inc.",8-K,Timothy D. Johnson,Vice President,spacy
TELEFLEX INC,8-K,Liam Kelly,Chairman,spacy
TELEFLEX INC,8-K,Thomas Powell,Chairman,spacy
"RHYTHM PHARMACEUTICALS, INC.",8-K,Hunter Smith,Chief Financial Officer,spacy
"RHYTHM PHARMACEUTICALS, INC.",8-K,David Meeker,President,spacy
"Amylyx Pharmaceuticals, Inc.",8-K,James M. Frates,Chief Financial Officer,spacy
"Amylyx Pharmaceuticals, Inc.",8-K,Justin Klee,Ceo,spacy
"Amylyx Pharmaceuticals, Inc.",8-K,Camille L. Bedrosian,Chief Medical Officer,spacy
"Amylyx Pharmaceuticals, Inc.",8-K,Linda Arsenault,Unknown,spacy
"Amylyx Pharmaceuticals, Inc.",8-K,Dan Monahan,Unknown,spacy
BRADY CORP,8-K,Ann Thornton,Chief Financial Officer,spacy
"Kymera Therapeutics, Inc.",8-K,Nello Mainolfi,President,spacy
HNI CORP,8-K,Marshall H. Bridges,Vice President,spacy
HNI CORP,8-K,Jeff Lorenger,Chairman,spacy
"Thryv Holdings, Inc.",8-K,Paul Rouse,Chief Financial Officer,spacy
"Thryv Holdings, Inc.",8-K,Joe Walsh,Chairman,spacy
"SHYFT GROUP, INC.",8-K,Jon Douyard,Chief Financial Officer,spacy
"SHYFT GROUP, INC.",8-K,Jonathan C. Douyard,Chief Financial Officer,spacy
"SHYFT GROUP, INC.",8-K,Sydney Lepora,Director,spacy
"SHYFT GROUP, INC.",8-K,Randy Wilson,Director,spacy
Hillman Solutions Corp.,8-K,Doug Cahill,Chairman,spacy
Hillman Solutions Corp.,8-K,Rocky Kraft,Chairman,spacy
Hillman Solutions Corp.,8-K,Jon Michael Adinolfi,Chairman,spacy
Driven Brands Holdings Inc.,8-K,Jonathan Fitzpatrick,President,spacy
Driven Brands Holdings Inc.,8-K,Taylor Blanchard,Cfo,spacy
"Installed Building Products, Inc.",8-K,Jeff Edwards,Chairman,spacy
Hamilton Beach Brands Holding Co,8-K,Gregory H. Trepp,Director,spacy
Hamilton Beach Brands Holding Co,8-K,Hamilton Beach Brands,Vice President,spacy
Hamilton Beach Brands Holding Co,8-K,Glen Allen,President,spacy
Hamilton Beach Brands Holding Co,8-K,Hamilton Beach,Cto,spacy
"Intra-Cellular Therapies, Inc.",8-K,Sharon Mates,Chairman,spacy
"Intra-Cellular Therapies, Inc.",8-K,Juan Sanchez,Vice President,spacy
"Intra-Cellular Therapies, Inc.",8-K,Cameron Radinovic,Vice President,spacy
"Harmony Biosciences Holdings, Inc.",8-K,Sandip Kapadia,Chief Financial Officer,spacy
"Harmony Biosciences Holdings, Inc.",8-K,Jeffrey M. Dayno,President,spacy
Cars.com Inc.,8-K,Alex Vetter,Chief Executive Officer,spacy
Cars.com Inc.,8-K,Sonia Jain,Chief Financial Officer,spacy
INSMED Inc,8-K,Will Lewis,Chief Executive Officer,spacy
INSMED Inc,8-K,Eleanor Barisser Associate,Director,spacy
RIGEL PHARMACEUTICALS INC,8-K,Ray Furey,Vice President,spacy
"Talkspace, Inc.",8-K,Jennifer Fulk,Chief Financial Officer,spacy
authID Inc.,8-K,Joe Trelin,Director,spacy
"ENTERGY MISSISSIPPI, LLC",8-K,Reginald T. Jackson,Vice President,spacy
"ENTERGY MISSISSIPPI, LLC",8-K,Drew Marsh,Chief Executive Officer,spacy
"Owlet, Inc.",8-K,Kurt Workman,Chief Executive Officer,spacy
CUMULUS MEDIA INC,8-K,Manoj Bhargava,Director,spacy
CUMULUS MEDIA INC,8-K,Henry Farell,Vice President,spacy
CUMULUS MEDIA INC,8-K,Andrew Hobson,Chairman,spacy
TENNANT CO,8-K,Dave Huml,President,spacy
"UPBOUND GROUP, INC.",8-K,Mitch Fadel,Ceo,spacy
"UPBOUND GROUP, INC.",8-K,Fahmi Karam,Chief Executive Officer,spacy
TRINITY INDUSTRIES INC,8-K,Leigh Anne Mann,Vice President,spacy
TRINITY INDUSTRIES INC,8-K,Eric Marchetto,Chief Executive Officer,spacy
TRINITY INDUSTRIES INC,8-K,Leigh Anne,Chief Executive Officer,spacy
POOL CORP,8-K,Peter D. Arvan,President,spacy
SinglePoint Inc.,8-K,Wil Ralston,Ceo,spacy
"DYNARESOURCE, INC.",8-K,Ronald Vail,Director,spacy
"DYNARESOURCE, INC.",8-K,Jose Vargas Lugo,Director,spacy
"DYNARESOURCE, INC.",8-K,Brent Omland,Director,spacy
"DYNARESOURCE, INC.",8-K,Quinton Hennigh,Director,spacy
"DYNARESOURCE, INC.",8-K,Vargas Lugo,Director,spacy
"DYNARESOURCE, INC.",8-K,Brent Omland Appointed,Director,spacy
"DYNARESOURCE, INC.",8-K,Brad J. Saulter,Chairman,spacy
"VWF Bancorp, Inc.",8-K,Michael D. Cahill,President,spacy
Playa Hotels & Resorts N.V.,8-K,Ryan Hymel Ryan,Chief Financial Officer,spacy
Playa Hotels & Resorts N.V.,8-K,Bruce D. Wardinski,Chairman,spacy
"COLLEGIUM PHARMACEUTICAL, INC",8-K,Joe Ciaffoni,President,spacy
"COLLEGIUM PHARMACEUTICAL, INC",8-K,Christopher James,Vice President,spacy
Longeveron Inc.,8-K,Lisa A. Locklear,Chief Financial Officer,spacy
Sanara MedTech Inc.,8-K,Callon Nichols,Director,spacy
Sanara MedTech Inc.,8-K,Zach Fleming,Ceo,spacy
"AVITA Medical, Inc.",8-K,Jessica Ekeberg,Chief Financial Officer,spacy
MERCADOLIBRE INC,8-K,Santos Sr,Vice President,spacy
"ARDELYX, INC.",8-K,Mike Raab,President,spacy
"ARDELYX, INC.",8-K,Justin Renz,Unknown,spacy
"ARDELYX, INC.",8-K,Philip Schoenfeld,Unknown,spacy
"ARDELYX, INC.",8-K,Arnold Silva,Director,spacy
"ARDELYX, INC.",8-K,David Spiegel,Director,spacy
"AlTi Global, Inc.",8-K,Nazim Cetin,Chief Executive Officer,spacy
"AlTi Global, Inc.",8-K,Michael Tiedemann,Chief Executive Officer,spacy
"AlTi Global, Inc.",8-K,Stephen Yarad,Chief Executive Officer,spacy
"AlTi Global, Inc.",8-K,Jed Emerson,Chief Operating Officer,spacy
"AlTi Global, Inc.",8-K,Craig Smith,Chief Marketing Officer,spacy
"AlTi Global, Inc.",8-K,Robert Weeber,Chief Impact Officer,spacy
"AlTi Global, Inc.",8-K,Patrick Flaton,President,spacy
"AlTi Global, Inc.",8-K,Ali Bouzarif,Chief Executive Officer,spacy
"AlTi Global, Inc.",8-K,Al Waddi,Chief Executive Officer,spacy
"AlTi Global, Inc.",8-K,Nancy Curtin,Chief Executive Officer,spacy
"AlTi Global, Inc.",8-K,Mark Furlong,Director,spacy
"AlTi Global, Inc.",8-K,Tracey B. Warson,Director,spacy
BOSTON BEER CO INC,8-K,Diego Reynoso,President,spacy
BOSTON BEER CO INC,8-K,Philip A. Hodges,Vice President,spacy
BOSTON BEER CO INC,8-K,Matthew D. Murphy,Chief Executive Officer,spacy
BOSTON BEER CO INC,8-K,John C. Geist,Chief Sales Officer,spacy
BOSTON BEER CO INC,8-K,Lesya Lysyj,Chief Sales Officer,spacy
BOSTON BEER CO INC,8-K,Frank H. Smalla,Chief Marketing Officer,spacy
BOSTON BEER CO INC,8-K,C. James Koch,Chairman,spacy
DYNAVAX TECHNOLOGIES CORP,8-K,Ryan Spencer,Chief Executive Officer,spacy
AMERICOLD REALTY TRUST,8-K,C. Novosel,President,spacy
COMFORT SYSTEMS USA INC,8-K,Julie Shaeff,Chief Accounting Officer,spacy
COMFORT SYSTEMS USA INC,8-K,Laura F. Howell,Vice President,spacy
"Health Catalyst, Inc.",8-K,Bryan Hunt,Cto,spacy
"Health Catalyst, Inc.",8-K,Jason Alger,Chief Financial Officer,spacy
"Health Catalyst, Inc.",8-K,Mark Templeton,Director,spacy
"Health Catalyst, Inc.",8-K,Dan Burton,Ceo,spacy
EDISON INTERNATIONAL,8-K,Pedro J. Pizarro,President,spacy
EDISON INTERNATIONAL,8-K,Sam Ramraj,Vice President,spacy
EDISON INTERNATIONAL,8-K,Derek Matsushima,Vice President,spacy
"iRhythm Technologies, Inc.",8-K,Quentin Blackford,President,spacy
"GRID DYNAMICS HOLDINGS, INC.",8-K,Leonard Livschitz,Ceo,spacy
"Sprouts Farmers Market, Inc.",8-K,Dustin Hamilton,Chief Financial Officer,spacy
"Sprouts Farmers Market, Inc.",8-K,Brandon Lombardi,Chief Stores Officer,spacy
"Sprouts Farmers Market, Inc.",8-K,Joe Hurley,Chief Legal Officer,spacy
"Sprouts Farmers Market, Inc.",8-K,Timmi Zalatoris,Chief Technology Officer,spacy
"Sprouts Farmers Market, Inc.",8-K,Nick Konat,Chief Technology Officer,spacy
"Sprouts Farmers Market, Inc.",8-K,Alisa Gmelich,President,spacy
Peakstone Realty Trust,8-K,Javier F. Bitar,Chief Financial Officer,spacy
Peakstone Realty Trust,8-K,Michael Escalante,Ceo,spacy
"TPI COMPOSITES, INC",8-K,Bill Siwek,President,spacy
UNIVERSAL DISPLAY CORP \PA\,8-K,Brian Millard,Vice President,spacy
UNIVERSAL DISPLAY CORP \PA\,8-K,Darice Liu,Treasurer,spacy
"MARAVAI LIFESCIENCES HOLDINGS, INC.",8-K,Trey Martin,Chief Executive Officer,spacy
"LEGALZOOM.COM, INC.",8-K,Dan Wernikoff,Chief Executive Officer,spacy
"LEGALZOOM.COM, INC.",8-K,Noel Watson,Chief Executive Officer,spacy
"Relay Therapeutics, Inc.",8-K,Sanjiv Patel,President,spacy
"Athira Pharma, Inc.",8-K,Mark Litton,President,spacy
"Athira Pharma, Inc.",8-K,Rachel Lenington,Chief Operating Officer,spacy
"Athira Pharma, Inc.",8-K,Samantha Willing,Chief Operating Officer,spacy
AXT INC,8-K,Morris Young,Chief Executive Officer,spacy
AXT INC,8-K,Gary L.,Chief Financial Officer,spacy
"APPLIED OPTOELECTRONICS, INC.",8-K,Thompson Lin,President,spacy
BRIGHTCOVE INC,8-K,Robert Noreck,Director,spacy
BRIGHTCOVE INC,8-K,Rob Noreck,Chief Financial Officer,spacy
BRIGHTCOVE INC,8-K,Kathy Klingler,Chief Revenue Officer,spacy
BRIGHTCOVE INC,8-K,Jim Norton,Chief Revenue Officer,spacy
BRIGHTCOVE INC,8-K,David Beck,Chief Revenue Officer,spacy
"Qualigen Therapeutics, Inc.",8-K,Paul A. Rachmuth,Unknown,spacy
"RE/MAX Holdings, Inc.",8-K,Nick Bailey,President,spacy
"RE/MAX Holdings, Inc.",8-K,Amy Lessinger,Director,spacy
"RE/MAX Holdings, Inc.",8-K,Abby Lee,Vice President,spacy
"RE/MAX Holdings, Inc.",8-K,Karri Callahan,Chief Financial Officer,spacy
"RE/MAX Holdings, Inc.",8-K,Erik Carlson,Chief Executive Officer,spacy
"RE/MAX Holdings, Inc.",8-K,Dave Liniger,Chairman,spacy
"RE/MAX Holdings, Inc.",8-K,Juris Doctorate,Vice President,spacy
"SMITH MICRO SOFTWARE, INC.",8-K,James M. Kempton,Vice President,spacy
"Alarm.com Holdings, Inc.",8-K,Steve Valenzuela,Chief Financial Officer,spacy
"Alarm.com Holdings, Inc.",8-K,Steve Trundle,Ceo,spacy
"NV5 Global, Inc.",8-K,Dickerson Wright,Chairman,spacy
"Floor & Decor Holdings, Inc.",8-K,Tom Taylor,Chief Executive Officer,spacy
"Floor & Decor Holdings, Inc.",8-K,David Christopherson,Vice President,spacy
"Floor & Decor Holdings, Inc.",8-K,David V. Christopherson,Ceo,spacy
FOX FACTORY HOLDING CORP,8-K,Michael C. Dennison,Cto,spacy
FOX FACTORY HOLDING CORP,8-K,Mike Dennison,Chief Executive Officer,spacy
"Apple Hospitality REIT, Inc.",8-K,Justin G. Knight,Chief Executive Officer,spacy
"Latham Group, Inc.",8-K,Alexander L. Hawkinson,Director,spacy
"Cable One, Inc.",8-K,Julie Laulis,President,spacy
"CTO Realty Growth, Inc.",8-K,Yonder Yoga,Cto,spacy
"CTO Realty Growth, Inc.",8-K,Lisa M. Vorakoun,Vice President,spacy
"CTO Realty Growth, Inc.",8-K,Matt Partridge,Cfo,spacy
"CTO Realty Growth, Inc.",8-K,John Massocca,Cto,spacy
"CTO Realty Growth, Inc.",8-K,Matthew Erdner,Cto,spacy
Altair Engineering Inc.,8-K,Matt Brown,Chief Financial Officer,spacy
Altair Engineering Inc.,8-K,Matthew Brown,Chief Financial Officer,spacy
"Stran & Company, Inc.",8-K,Andrew Shape,Chief Executive Officer,spacy
"Stran & Company, Inc.",8-K,David Browner,Chief Executive Officer,spacy
"Stran & Company, Inc.",8-K,John Audibert,Chief Executive Officer,spacy
"Stran & Company, Inc.",8-K,Sheila Johnshoy,Chief Executive Officer,spacy
ON24 INC.,8-K,Steven Vattuone,Chief Financial Officer,spacy
ON24 INC.,8-K,Sharat Sharan,Ceo,spacy
VICI PROPERTIES INC.,8-K,Chelsea Piers,Cto,spacy
VICI PROPERTIES INC.,8-K,Edward Pitoniak,Director,spacy
VICI PROPERTIES INC.,8-K,David Kieske,Director,spacy
VICI PROPERTIES INC.,8-K,Gabriel Wasserman,Vice President,spacy
VICI PROPERTIES INC.,8-K,Kellan Florio,Treasurer,spacy
VICI PROPERTIES INC.,8-K,Diana Cantor,Vice President,spacy
VICI PROPERTIES INC.,8-K,Monica Douglas,Vice President,spacy
VICI PROPERTIES INC.,8-K,Elizabeth Holland,President,spacy
VICI PROPERTIES INC.,8-K,Craig Macnab,Director,spacy
VICI PROPERTIES INC.,8-K,Michael Rumbolz,Cto,spacy
COPART INC,8-K,Brooke Boston,Chief Financial Officer,spacy
Advanced Flower Capital Inc.,8-K,Leonard M. Tannenbaum,Chief Investment Officer,spacy
Advanced Flower Capital Inc.,8-K,Robyn Tannenbaum,Chief Investment Officer,spacy
Advanced Flower Capital Inc.,8-K,Dan Neville,Chief Investment Officer,spacy
Advanced Flower Capital Inc.,8-K,Brian Sedrish,Chief Executive Officer,spacy
Advanced Flower Capital Inc.,8-K,Brandon Hetzel,Chief Executive Officer,spacy
Advanced Flower Capital Inc.,8-K,Anna Kim,Chairman,spacy
Advanced Flower Capital Inc.,8-K,Daniel Neville,Chief Executive Officer,spacy
CLEARONE INC,8-K,Narsi Narayanan,Director,spacy
CLEARONE INC,8-K,Derek Graham,Ceo,spacy
WORLD KINECT CORP,8-K,Michael J. Kasbar,Chairman,spacy
WORLD KINECT CORP,8-K,Ira M. Birns,Vice President,spacy
WORLD KINECT CORP,8-K,M. Birns,Vice President,spacy
"Arcosa, Inc.",8-K,Antonio Carrillo,President,spacy
ALAMO GROUP INC,8-K,Edward T. Rizzuti,General Counsel,spacy
ALAMO GROUP INC,8-K,Richard Wehrle,Vice President,spacy
ASSURED GUARANTY LTD,8-K,Mark C. Batten,Director,spacy
Arcadium Lithium plc,8-K,Paul Graves,President,spacy
MARIN SOFTWARE INC,8-K,Robert Bertz,Chief Financial Officer,spacy
MARIN SOFTWARE INC,8-K,Chris Lien,Ceo,spacy
OLYMPIC STEEL INC,8-K,Richard T. Marabito,Chief Executive Officer,spacy
Invesco Mortgage Capital Inc.,8-K,John Anzalone,Chief Executive Officer,spacy
SELECT MEDICAL HOLDINGS CORP,8-K,Joel T. Veit,Vice President,spacy
VICOR CORP,8-K,James F. Schmidt,Chief Financial Officer,spacy
NACCO INDUSTRIES INC,8-K,Elizabeth I. Loveman,Vice President,spacy
INNODATA INC,8-K,Marissa B. Espineli,Chief Financial Officer,spacy
INNODATA INC,8-K,Jack Abuhoff,Ceo,spacy
INNODATA INC,8-K,Marissa Espineli,Cfo,spacy
ARTS WAY MANUFACTURING CO INC,8-K,David King,Ceo,spacy
LION COPPER & GOLD CORP.,8-K,Charles Travis,Chief Executive Officer,spacy
LION COPPER & GOLD CORP.,8-K,Charles Travis Naugle,Chief Executive Officer,spacy
LION COPPER & GOLD CORP.,8-K,Stephen Goodman,Director,spacy
"SELECTIS HEALTH, INC.",8-K,Adam Desmond,Ceo,spacy
Noble Corp plc,8-K,Howard Jennie,Vice President,spacy
"Salarius Pharmaceuticals, Inc.",8-K,Mark J. Rosenblum,Vice President,spacy
"Salarius Pharmaceuticals, Inc.",8-K,David Arthur,Director,spacy
"Riot Platforms, Inc.",8-K,Jason Les,Ceo,spacy
"Riot Platforms, Inc.",8-K,Hannah Cho Independent,Chairman,spacy
"Riot Platforms, Inc.",8-K,Hubert Marleau,General Counsel,spacy
"Riot Platforms, Inc.",8-K,Jason Chung,President,spacy
Coterra Energy Inc.,8-K,Tom Jorden,Chairman,spacy
"CRACKER BARREL OLD COUNTRY STORE, INC",8-K,Carl T. Berquist,Director,spacy
"CRACKER BARREL OLD COUNTRY STORE, INC",8-K,Julie Masino,President,spacy
"Nextdoor Holdings, Inc.",8-K,Matt Anderson,Chief Financial Officer,spacy
"Nextdoor Holdings, Inc.",8-K,Sarah Friar,Chief Executive Officer,spacy
"Bloomin' Brands, Inc.",8-K,Christopher Meyer,Director,spacy
"Bloomin' Brands, Inc.",8-K,David Deno,Ceo,spacy
"Priority Technology Holdings, Inc.",8-K,Jeffrey Edelman,Cto,spacy
"Priority Technology Holdings, Inc.",8-K,Thomas C. Priore,Director,spacy
"Priority Technology Holdings, Inc.",8-K,Samuel F. Gross,Unknown,spacy
"Priority Technology Holdings, Inc.",8-K,Mark Nespole,Unknown,spacy
"Priority Technology Holdings, Inc.",8-K,Daniel Tepper,Unknown,spacy
"Priority Technology Holdings, Inc.",8-K,William M. Lafferty,Unknown,spacy
"Priority Technology Holdings, Inc.",8-K,Ryan D. Stottmann,Unknown,spacy
"Priority Technology Holdings, Inc.",8-K,Lauren K. Neal,Unknown,spacy
"Priority Technology Holdings, Inc.",8-K,Jason C. Rubinstein,Unknown,spacy
"OptiNose, Inc.",8-K,Michael F. Marino,Chief Legal Officer,spacy
Cactus Acquisition Corp. 1 Ltd,8-K,Hadar Ron,Director,spacy
Cactus Acquisition Corp. 1 Ltd,8-K,David Sidransky,Director,spacy
Cactus Acquisition Corp. 1 Ltd,8-K,David Shulkin,Director,spacy
Cactus Acquisition Corp. 1 Ltd,8-K,Joep Thomassen,Director,spacy
Cactus Acquisition Corp. 1 Ltd,8-K,Huiyan Geng,Director,spacy
Cactus Acquisition Corp. 1 Ltd,8-K,David J. Shulkin,Director,spacy
Cactus Acquisition Corp. 1 Ltd,8-K,Helen Geng,Director,spacy
Cactus Acquisition Corp. 1 Ltd,8-K,Michael Margolis,Director,spacy
"Medicine Man Technologies, Inc.",8-K,Forrest Hoffmaster,Chief Financial Officer,spacy
"Medicine Man Technologies, Inc.",8-K,Christine Jones,Chief Legal Officer,spacy
"Medicine Man Technologies, Inc.",8-K,Justin Dye,Chairman,spacy
"Sunstone Hotel Investors, Inc.",8-K,A. Giglia,Chief Executive Officer,spacy
"Sunstone Hotel Investors, Inc.",8-K,Hilton Garden Inn,Cto,spacy
E.W. SCRIPPS Co,8-K,Scripps Networks,President,spacy
E.W. SCRIPPS Co,8-K,Local Media,Ceo,spacy
"Hypha Labs, Inc.",8-K,Digipath Labs,Director,spacy
"Essential Utilities, Inc.",8-K,Christopher Franklin,Chairman,spacy
"Essential Utilities, Inc.",8-K,David Kralle,Vice President,spacy
"Essential Utilities, Inc.",8-K,Brian Dingerdissen,Vice President,spacy
River Financial Corp,8-K,James M. Stubbs,Chief Executive Officer,spacy
DT Cloud Acquisition Corp,8-K,Thomas Trent Stout,Director,spacy
DT Cloud Acquisition Corp,8-K,Michael David Osowski,Director,spacy
DT Cloud Acquisition Corp,8-K,David Osowski,Director,spacy
DT Cloud Acquisition Corp,8-K,Olivia Wenxi,Vice President,spacy
LINCOLN EDUCATIONAL SERVICES CORP,8-K,Sylvan Way,Chief Financial Officer,spacy
"Inari Medical, Inc.",8-K,Kirk Nielsen,Director,spacy
"Inari Medical, Inc.",8-K,Mitchell Hill Mitchell,Chief Financial Officer,spacy
Arcturus Therapeutics Holdings Inc.,8-K,Keith C. Kummerfeld,Director,spacy
"IR-Med, Inc.",8-K,Inna Martin,Director,spacy
"Finch Therapeutics Group, Inc.",8-K,Matthew P. Blischak,Chief Executive Officer,spacy
Warby Parker Inc.,8-K,Steve Miller,Chief Financial Officer,spacy
"Dine Brands Global, Inc.",8-K,Matthew T. Ryan,Director,spacy
"Dine Brands Global, Inc.",8-K,Christine K. Son,Vice President,spacy
"Dine Brands Global, Inc.",8-K,Susan Nelson Sr,Vice President,spacy
"Dine Brands Global, Inc.",8-K,Matt Ryan Joins,Vice President,spacy
"Dine Brands Global, Inc.",8-K,Matt Ryan,Director,spacy
"Dine Brands Global, Inc.",8-K,Richard Dahl,Director,spacy
ALBANY INTERNATIONAL CORP /DE/,8-K,Bonnie C. Lind,Director,spacy
ALBANY INTERNATIONAL CORP /DE/,8-K,Mission Produce,Director,spacy
"Atara Biotherapeutics, Inc.",8-K,Amar Murugan,Chief Legal Officer,spacy
"Lucy Scientific Discovery, Inc.",8-K,Richard Nanula,Chief Executive Officer,spacy
"DOMO, INC.",8-K,David Jolley,Chief Financial Officer,spacy
"FTI CONSULTING, INC",8-K,Steven H. Gunby,President,spacy
Wetouch Technology Inc.,8-K,Fei Bai,Chairman,spacy
"Air Transport Services Group, Inc.",8-K,Joseph C. Hete,Chief Executive Officer,spacy
"Air Transport Services Group, Inc.",8-K,Michael L. Berger,Chief Executive Officer,spacy
"Air Transport Services Group, Inc.",8-K,Quint O. Turner,Chief Executive Officer,spacy
"Air Transport Services Group, Inc.",8-K,Edward J. Koharik,Chairman,spacy
"Air Transport Services Group, Inc.",8-K,Paul Chase,Chief Financial Officer,spacy
"SPARTA COMMERCIAL SERVICES, INC.",8-K,Anthony L. Havens,Chief Executive Officer,spacy
"SPARTA COMMERCIAL SERVICES, INC.",8-K,Sandra L. Ahman,Chief Executive Officer,spacy
"ImmunityBio, Inc.",8-K,David Sachs,Cto,spacy
FRESH DEL MONTE PRODUCE INC,8-K,Monica Vicente,Vice President,spacy
FRESH DEL MONTE PRODUCE INC,8-K,Mann Packing,Cto,spacy
DOMINOS PIZZA INC,8-K,Greg Lemenchick,Vice President,spacy
DOMINOS PIZZA INC,8-K,Russell Weiner,Chief Executive Officer,spacy
"Freshpet, Inc.",8-K,Billy Cyr,Chief Executive Officer,spacy
Kosmos Energy Ltd.,8-K,Neal D. Shah,Vice President,spacy
Kosmos Energy Ltd.,8-K,Andrew G. Inglis,Chairman,spacy
Kosmos Energy Ltd.,8-K,Akeng Deep,Cto,spacy
"Celldex Therapeutics, Inc.",8-K,Anthony Marucci,President,spacy
Milestone Pharmaceuticals Inc.,8-K,Joseph Oliveto,President,spacy
Milestone Pharmaceuticals Inc.,8-K,Kim Fox,Vice President,spacy
Milestone Pharmaceuticals Inc.,8-K,Chris Calabrese,Vice President,spacy
"Surgery Partners, Inc.",8-K,Dave Doherty,Chief Financial Officer,spacy
"Surgery Partners, Inc.",8-K,David T. Doherty,Vice President,spacy
"Alpha Metallurgical Resources, Inc.",8-K,Michael J. Quillen,Director,spacy
"Alpha Metallurgical Resources, Inc.",8-K,David J. Stetson,Director,spacy
"Alpha Metallurgical Resources, Inc.",8-K,Elizabeth A. Fessenden,Director,spacy
"Alpha Metallurgical Resources, Inc.",8-K,Shelly Lombard,Director,spacy
"Alpha Metallurgical Resources, Inc.",8-K,Andy Eidson,Chief Executive Officer,spacy
"Alpha Metallurgical Resources, Inc.",8-K,David Stetson,Chairman,spacy
"Alpha Metallurgical Resources, Inc.",8-K,Michael Gorzynski,Director,spacy
"Alpha Metallurgical Resources, Inc.",8-K,Danny Smith,Director,spacy
"LUDWIG ENTERPRISES, INC.",8-K,Insert Wire Instructions,Chief Executive Officer,spacy
"LUDWIG ENTERPRISES, INC.",8-K,Shell Status,Cto,spacy
"Marker Therapeutics, Inc.",8-K,John Wilson,Director,spacy
"Emmaus Life Sciences, Inc.",8-K,Willis Lee Fax,Chairman,spacy
UNITED STATES ANTIMONY CORP,8-K,Joseph A. Carrabba,Director,spacy
UNITED STATES ANTIMONY CORP,8-K,Diavik Diamond Mines,President,spacy
UNITED STATES ANTIMONY CORP,8-K,Gary C. Evans,Chairman,spacy
"ITRON, INC.",8-K,Tom Deitrich,President,spacy
MoonLake Immunotherapeutics,8-K,Patricia Sousa,Cfo,spacy
MoonLake Immunotherapeutics,8-K,Ashley Tapp,Director,spacy
MoonLake Immunotherapeutics,8-K,Namrata Taak Tel,Director,spacy
"Anika Therapeutics, Inc.",8-K,John B. Henneman,Director,spacy
Digimarc CORP,8-K,Joel Meyer,Vice President,spacy
"LENDWAY, INC.",8-K,Zackery A. Weber,Vice President,spacy
"LENDWAY, INC.",8-K,Zackery A.,Vice President,spacy
"LENDWAY, INC.",8-K,Koninklijke Nederlandse Beroepsorganisatie,Chairman,spacy
"LENDWAY, INC.",8-K,Botman Bloembollen,Director,spacy
"LENDWAY, INC.",8-K,Parent Guarantor,Director,spacy
"LENDWAY, INC.",8-K,Parent Guarantor By,Chief Executive Officer,spacy
"LENDWAY, INC.",8-K,Nicholas Myers Fax,Vice President,spacy
"LENDWAY, INC.",8-K,Dba Bloomia,Ceo,spacy
"LENDWAY, INC.",8-K,Paul Botman,Ceo,spacy
"LENDWAY, INC.",8-K,Werner Jansen,Ceo,spacy
"LENDWAY, INC.",8-K,Mark Jundt,Director,spacy
"LENDWAY, INC.",8-K,Nick Swenson,Director,spacy
"Resonate Blends, Inc.",8-K,Geoffrey Selzer,Unknown,spacy
"Resonate Blends, Inc.",8-K,Jim Morrison,Director,spacy
"Resonate Blends, Inc.",8-K,James Zimbler,President,spacy
Medinotec Inc.,8-K,Gregory Vizirgianakis,Director,spacy
Medinotec Inc.,8-K,Stavros G. Vizirgianakis,Director,spacy
Medinotec Inc.,8-K,Joseph P. Dwyer,Director,spacy
Medinotec Inc.,8-K,Stavros Vizirgianakis Transactions,Chief Executive Officer,spacy
Medinotec Inc.,8-K,Vizirgianakis Transactions,Director,spacy
"Revolution Medicines, Inc.",8-K,Sandra Horning,Director,spacy
STAAR SURGICAL CO,8-K,Tom Frinzi,President,spacy
STAAR SURGICAL CO,8-K,Thomas G. Frinzi,President,spacy
STAAR SURGICAL CO,8-K,Brian Moore,Vice President,spacy
Nemaura Medical Inc.,8-K,Bashir Timol,Director,spacy
"Zeo ScientifiX, Inc.",8-K,Harry Leider,Chief Executive Officer,spacy
"Innovex International, Inc.",8-K,Erin Fazio,Director,spacy
"Innovex International, Inc.",8-K,Jeff Bird,President,spacy
"Innovex International, Inc.",8-K,Frac Ball Launchers,Cto,spacy
"Innovex International, Inc.",8-K,Jeffrey J. Bird,President,spacy
"Innovex International, Inc.",8-K,Stephen J. Chauffe,President,spacy
"Innovex International, Inc.",8-K,John Mossop,Chief Executive Officer,spacy
"Innovex International, Inc.",8-K,Hal Zimmermann,Vice President,spacy
"Innovex International, Inc.",8-K,Don M. Underwood,Vice President,spacy
"Innovex International, Inc.",8-K,James C. Webster,Vice President,spacy
"Innovex International, Inc.",8-K,Bruce Witwer,Vice President,spacy
"SkyWater Technology, Inc",8-K,Thomas J. Sonderman,Chief Executive Officer,spacy
"SkyWater Technology, Inc",8-K,Thomas Sonderman,President,spacy
"Zoom Communications, Inc.",8-K,Kelly Steckelberg,Chief Financial Officer,spacy
"EverQuote, Inc.",8-K,Julia Brncic,General Counsel,spacy
"EverQuote, Inc.",8-K,Jayme Mendal,Ceo,spacy
"EverQuote, Inc.",8-K,Joseph Sanborn,Cfo,spacy
"PubMatic, Inc.",8-K,Steven Pantelick,Chief Financial Officer,spacy
"PubMatic, Inc.",8-K,Rajeev Goel,Ceo,spacy
"PubMatic, Inc.",8-K,Steve Pantelick,Cfo,spacy
ASURE SOFTWARE INC,8-K,John Pence,Chief Financial Officer,spacy
ASURE SOFTWARE INC,8-K,Pat Goepel,Chairman,spacy
FIBROGEN INC,8-K,Thane Wettig,Chief Executive Officer,spacy
FIBROGEN INC,8-K,Meichiel Keenan,Vice President,spacy
INNOVATE Corp.,8-K,Avram A. Glazer,Chairman,spacy
"SI-BONE, Inc.",8-K,Laura Francis,Chief Executive Officer,spacy
"MasterBrand, Inc.",8-K,Dave Banyard,President,spacy
"MasterBrand, Inc.",8-K,Andi Simon,Vice President,spacy
"DOLLAR TREE, INC.",8-K,Jeffrey A. Davis,Chief Financial Officer,spacy
"DOLLAR TREE, INC.",8-K,Dollar Tree,Coo,spacy
"DOLLAR TREE, INC.",8-K,Rick Dreiling,Chairman,spacy
"ATI Physical Therapy, Inc.",8-K,Sharon Vitti,Chief Executive Officer,spacy
"Vitesse Energy, Inc.",8-K,James P. Henderson,Chief Financial Officer,spacy
Offerpad Solutions Inc.,8-K,Brian Bair,Chairman,spacy
Offerpad Solutions Inc.,8-K,James Grout,Chairman,spacy
Chatham Lodging Trust,8-K,Dennis Craven,Chief Operating Officer,spacy
Addus HomeCare Corp,8-K,Dirk Allison,Chairman,spacy
"Janux Therapeutics, Inc.",8-K,David Campbell,President,spacy
FRANKLIN STREET PROPERTIES CORP /MA/,8-K,George J. Carter,Chief Executive Officer,spacy
"PURE BIOSCIENCE, INC.",8-K,Tom Y. Lee,Director,spacy
"PURE BIOSCIENCE, INC.",8-K,Ivan Chen,Director,spacy
"PURE BIOSCIENCE, INC.",8-K,Tom Myers,Director,spacy
"PURE BIOSCIENCE, INC.",8-K,David M. Rendall,Director,spacy
"PURE BIOSCIENCE, INC.",8-K,Robert Bartlett,Director,spacy
"PURE BIOSCIENCE, INC.",8-K,Bernard Blotner,Director,spacy
"Argo Group International Holdings, Inc.",8-K,David Chan,Chief Financial Officer,spacy
"Argo Group International Holdings, Inc.",8-K,Frederick Cucciniello,Director,spacy
"Argo Group International Holdings, Inc.",8-K,Chris Choi,Vice President,spacy
"Hims & Hers Health, Inc.",8-K,Andrew Dudum,Ceo,spacy
"Hims & Hers Health, Inc.",8-K,Yemi Okupe,Cfo,spacy
Unity Software Inc.,8-K,Jim Whitehurst Interim,Ceo,spacy
Unity Software Inc.,8-K,Luis Visoso,Ceo,spacy
Primoris Services Corp,8-K,Kenneth M. Dodgen,Vice President,spacy
Primoris Services Corp,8-K,Ken Dodgen,President,spacy
DIVERSIFIED HEALTHCARE TRUST,8-K,Christopher Bilotto,President,spacy
DIVERSIFIED HEALTHCARE TRUST,8-K,Christopher J. Bilotto,President,spacy
"HELIOS TECHNOLOGIES, INC.",8-K,Josef Matosevic,President,spacy
ODYSSEY MARINE EXPLORATION INC,8-K,Warren Averett,Director,spacy
ODYSSEY MARINE EXPLORATION INC,8-K,Mark D. Gordon,Chief Executive Officer,spacy
"Dorman Products, Inc.",8-K,Kevin Olsen,President,spacy
"Postal Realty Trust, Inc.",8-K,Andrew Spodek,Chief Executive Officer,spacy
ISSUER DIRECT CORP,8-K,Timothy Pitoniak,Director,spacy
ISSUER DIRECT CORP,8-K,Steve Knerr,Vice President,spacy
ISSUER DIRECT CORP,8-K,Brian Balbirnie,Ceo,spacy
"Capstone Green Energy Holdings, Inc.",8-K,John P. Miller,Director,spacy
"Capstone Green Energy Holdings, Inc.",8-K,Robert C. Flexon,President,spacy
"Capstone Green Energy Holdings, Inc.",8-K,John Miller,Director,spacy
"Capstone Green Energy Holdings, Inc.",8-K,Robert Flexon,Director,spacy
"Capstone Green Energy Holdings, Inc.",8-K,Robert Powelson,Chairman,spacy
HEICO CORP,8-K,Victor H. Mendelson,Cto,spacy
HEICO CORP,8-K,H. Mendelson,Cto,spacy
MidCap Financial Investment Corp,8-K,Tanner Powell,Director,spacy
"Solaris Energy Infrastructure, Inc.",8-K,Bill Zartler,Chairman,spacy
HELIX ENERGY SOLUTIONS GROUP INC,8-K,Erik Staffeldt,Vice President,spacy
Vocodia Holdings Corp,8-K,Jonathan Gazdak,Director,spacy
Vocodia Holdings Corp,8-K,Brian Podolak James Sposato,Director,spacy
Vocodia Holdings Corp,8-K,Richard Shuster,Director,spacy
Vocodia Holdings Corp,8-K,Miles Lourdes,Director,spacy
Vocodia Holdings Corp,8-K,Ned L. Siegel,Director,spacy
Vocodia Holdings Corp,8-K,Lourdes Felix,Director,spacy
Vocodia Holdings Corp,8-K,Randall Miles,Director,spacy
VIRCO MFG CORPORATION,8-K,Robert A. Virtue,Chief Executive Officer,spacy
VIRCO MFG CORPORATION,8-K,Robert Virtue,Chairman,spacy
Constellation Energy Corp,8-K,Joe Dominguez,President,spacy
Constellation Energy Corp,8-K,Dan Eggers,Chief Financial Officer,spacy
Constellation Energy Corp,8-K,Daniel L. Eggers,Vice President,spacy
Constellation Energy Corp,8-K,Joe Biden,President,spacy
Constellation Energy Corp,8-K,Donald Trump,President,spacy
Constellation Energy Corp,8-K,Calvert Cliffs,Cto,spacy
"Cytek Biosciences, Inc.",8-K,Patrik Jeanmonod,Chief Financial Officer,spacy
HENRY SCHEIN INC,8-K,Stanley M. Bergman,Chairman,spacy
HENRY SCHEIN INC,8-K,Henry Schein,Chairman,spacy
HENRY SCHEIN INC,8-K,Graham Stanley,Vice President,spacy
HENRY SCHEIN INC,8-K,Ann Marie Gothard,Vice President,spacy
"Xenia Hotels & Resorts, Inc.",8-K,Marcel Verbaas,Chief Executive Officer,spacy
"Nuvalent, Inc.",8-K,Matthew Metivier,Vice President,spacy
"Nuvalent, Inc.",8-K,James Porter,Vice President,spacy
PERRIGO Co plc,8-K,Eduardo Bezerra,Chief Financial Officer,spacy
ONITY GROUP INC.,8-K,Glen A. Messina,President,spacy
INTERFACE INC,8-K,Laurel Hurd,Ceo,spacy
INTERFACE INC,8-K,Bruce Hausmann,Cfo,spacy
INTERFACE INC,8-K,Luxury Vinyl Tile,Cto,spacy
AUTOZONE INC,8-K,Phil Daniele,President,spacy
AUTOZONE INC,8-K,Jamere Jackson,Chief Financial Officer,spacy
INNOVATIVE INDUSTRIAL PROPERTIES INC,8-K,Paul Smithers,Director,spacy
INNOVATIVE INDUSTRIAL PROPERTIES INC,8-K,Ben Regin,President,spacy
INNOVATIVE INDUSTRIAL PROPERTIES INC,8-K,Brian Wolfe,Director,spacy
INNOVATIVE INDUSTRIAL PROPERTIES INC,8-K,Andy Bui,Treasurer,spacy
INNOVATIVE INDUSTRIAL PROPERTIES INC,8-K,Gary Kreitzer,Director,spacy
INNOVATIVE INDUSTRIAL PROPERTIES INC,8-K,David Stecher,Cto,spacy
INNOVATIVE INDUSTRIAL PROPERTIES INC,8-K,Mary Allis Curran,Director,spacy
BENTLEY SYSTEMS INC,8-K,Greg Bentley,Ceo,spacy
BENTLEY SYSTEMS INC,8-K,Nicholas Cumins,Coo,spacy
"Shift4 Payments, Inc.",8-K,Jared Isaacman,Ceo,spacy
SEALED AIR CORP/DE,8-K,Dustin J. Semach,President,spacy
SEALED AIR CORP/DE,8-K,Emile Chammas,Cto,spacy
SEALED AIR CORP/DE,8-K,Dustin Semach,Ceo,spacy
SEALED AIR CORP/DE,8-K,Henry Keizer,Ceo,spacy
Sotera Health Co,8-K,Jonathan M. Lyons,Vice President,spacy
Sotera Health Co,8-K,Michael B. Petras,Chairman,spacy
Sotera Health Co,8-K,Nelson Labs,Vice President,spacy
J M SMUCKER Co,8-K,Tucker Marshall,President,spacy
J M SMUCKER Co,8-K,Aaron Broholm,Vice President,spacy
J M SMUCKER Co,8-K,Mark Smucker,President,spacy
Stagwell Inc,8-K,Frank Lanuto,Chief Financial Officer,spacy
JONES LANG LASALLE INC,8-K,Christian Ulbrich,Ceo,spacy
Norwegian Cruise Line Holdings Ltd.,8-K,Harry Sommer,President,spacy
Norwegian Cruise Line Holdings Ltd.,8-K,Mark A. Kempa,Vice President,spacy
Norwegian Cruise Line Holdings Ltd.,8-K,Net Yield,Cto,spacy
"Verve Therapeutics, Inc.",8-K,Sekar Kathiresan,Chief Executive Officer,spacy
"Leonardo DRS, Inc.",8-K,Mark A. Dorfman,Vice President,spacy
"Leonardo DRS, Inc.",8-K,Bill Lynn,Chairman,spacy
"Minerva Neurosciences, Inc.",8-K,Remy Luthringer,Chairman,spacy
"Minerva Neurosciences, Inc.",8-K,Frederick Ahlholm,Chief Financial Officer,spacy
Portillo's Inc.,8-K,Michael Osanloo,President,spacy
PINNACLE WEST CAPITAL CORP,8-K,Jeff Guldner,Chairman,spacy
Grayscale Ethereum Trust ETF,8-K,Michael Spates,Cfo,spacy
LOWES COMPANIES INC,8-K,Dan C. Griggs,Vice President,spacy
GULF ISLAND FABRICATION INC,8-K,Richard Heo,President,spacy
"CISO Global, Inc.",8-K,David Jemmett,Ceo,spacy
SOUTHERN CALIFORNIA GAS CO,8-K,Valerie A. Bille,Vice President,spacy
SOUTHERN CALIFORNIA GAS CO,8-K,Karen Sedgwick,Vice President,spacy
MARKY CORP.,8-K,Kos Ramirez Maximiliano,Chief Executive Officer,spacy
SAFETY INSURANCE GROUP INC,8-K,George M. Murphy,Chairman,spacy
"Alignment Healthcare, Inc.",8-K,Thomas Freeman,Chief Financial Officer,spacy
"Alignment Healthcare, Inc.",8-K,John Kao,Ceo,spacy
Redfin Corp,8-K,Chris Nielsen,Chief Financial Officer,spacy
Redfin Corp,8-K,Glenn Kelman,Ceo,spacy
Syndax Pharmaceuticals Inc,8-K,Michael A. Metzger,Chief Executive Officer,spacy
Syndax Pharmaceuticals Inc,8-K,Axatilimab Axatilimab,Cto,spacy
Howard Hughes Holdings Inc.,8-K,Howard Hughes,Chief Executive Officer,spacy
Howard Hughes Holdings Inc.,8-K,Cristina Carlson,Vice President,spacy
Howard Hughes Holdings Inc.,8-K,Victoria Place Honolulu,Cto,spacy
"AXON ENTERPRISE, INC.",8-K,Axon Founder,Ceo,spacy
"AXON ENTERPRISE, INC.",8-K,Josh Allen,Cto,spacy
"AXON ENTERPRISE, INC.",8-K,Axon Air,Cto,spacy
"Luminar Technologies, Inc./DE",8-K,Austin Russell,Ceo,spacy
"Luminar Technologies, Inc./DE",8-K,Tom Fennimore,Cfo,spacy
Bumble Inc.,8-K,Anu Subramanian,Chief Financial Officer,spacy
Bumble Inc.,8-K,Lidiane Jones,Ceo,spacy
Bumble Inc.,8-K,Bumble App,Ceo,spacy
"B&G Foods, Inc.",8-K,Casey Keller,President,spacy
"B&G Foods, Inc.",8-K,Bruce C. Wacha,Vice President,spacy
"B&G Foods, Inc.",8-K,Spice Islands,Cto,spacy
MANNKIND CORP,8-K,David Thomson,Vice President,spacy
Zeta Global Holdings Corp.,8-K,David A. Steinberg,Chairman,spacy
Zeta Global Holdings Corp.,8-K,Chris Greiner,Cfo,spacy
IMMUCELL CORP /DE/,8-K,Michael F. Brigham,President,spacy
IMMUCELL CORP /DE/,8-K,Joe Diaz,President,spacy
Xencor Inc,8-K,Celia Eckert,General Counsel,spacy
Xencor Inc,8-K,Bassil Dahiyat,President,spacy
"Sabra Health Care REIT, Inc.",8-K,Tom Smith,Chief Executive Officer,spacy
"Sabra Health Care REIT, Inc.",8-K,Rick Matros,Ceo,spacy
"Sabra Health Care REIT, Inc.",8-K,Stabilized Facilities,Cto,spacy
"Sabra Health Care REIT, Inc.",8-K,Jessica Flores,President,spacy
"Sabra Health Care REIT, Inc.",8-K,Michael Foster,Vice President,spacy
"Sabra Health Care REIT, Inc.",8-K,Craig Barbarosh,Director,spacy
"Sabra Health Care REIT, Inc.",8-K,Katie Cusack Ann Kono,President,spacy
PROCEPT BioRobotics Corp,8-K,Reza Zadno,Chief Executive Officer,spacy
PROCEPT BioRobotics Corp,8-K,Nouri Alaleh,Chief Legal Officer,spacy
"Ventyx Biosciences, Inc.",8-K,Raju Mohan,Chief Executive Officer,spacy
"Klaviyo, Inc.",8-K,Andrew Bialecki,Ceo,spacy
INTEGRAL AD SCIENCE HOLDING CORP.,8-K,Lisa Utzschneider,Ceo,spacy
ORASURE TECHNOLOGIES INC,8-K,Eglinton Manner,President,spacy
REGENXBIO Inc.,8-K,Kenneth T. Mills,President,spacy
REGENXBIO Inc.,8-K,Patrick J. Christmas,Vice President,spacy
"Progyny, Inc.",8-K,Pete Anevski,Chief Executive Officer,spacy
"Progyny, Inc.",8-K,Peter Anevski,Chief Executive Officer,spacy
"Progyny, Inc.",8-K,Mark Livingston,Chief Financial Officer,spacy
Clean Energy Fuels Corp.,8-K,Andrew J. Littlefair,President,spacy
Clean Energy Fuels Corp.,8-K,Parker Weil,Director,spacy
Clean Energy Fuels Corp.,8-K,Robert M. Vreeland,Chief Financial Officer,spacy
"Compass, Inc.",8-K,Kalani Reelitz,Chief Financial Officer,spacy
"Compass, Inc.",8-K,Robert Reffkin,Chief Executive Officer,spacy
ICU MEDICAL INC/DE,8-K,Brian Bonnell,Chief Financial Officer,spacy
ICU MEDICAL INC/DE,8-K,Vivek Jain,Chief Executive Officer,spacy
ICU MEDICAL INC/DE,8-K,John Mills,Chief Financial Officer,spacy
Credo Technology Group Holding Ltd,8-K,Daniel Fleming,Chief Financial Officer,spacy
Open Lending Corp,8-K,Keith Jezek,Ceo,spacy
GULFPORT ENERGY CORP,8-K,John Reinhart,Ceo,spacy
GULFPORT ENERGY CORP,8-K,Jessica Antle,Vice President,spacy
GULFPORT ENERGY CORP,8-K,Michael Hodges,Chief Financial Officer,spacy
"TREACE MEDICAL CONCEPTS, INC.",8-K,Mark L. Hair,Chief Financial Officer,spacy
"TREACE MEDICAL CONCEPTS, INC.",8-K,John T. Treace,Ceo,spacy
"TREACE MEDICAL CONCEPTS, INC.",8-K,Julie Dewey,Unknown,spacy
"Virgin Galactic Holdings, Inc",8-K,Virgin Galactic,Chief Executive Officer,spacy
"Virgin Galactic Holdings, Inc",8-K,Eric Cerny,Vice President,spacy
"PB Bankshares, Inc.",8-K,Janak M. Amin,President,spacy
"PB Bankshares, Inc.",8-K,Beth Richman,Unknown,spacy
"Dogwood Therapeutics, Inc.",8-K,Angela Walsh,Vice President,spacy
PROASSURANCE CORP,8-K,Ned Rand,President,spacy
PROASSURANCE CORP,8-K,Jeffrey P. Lisenby,General Counsel,spacy
"Array Technologies, Inc.",8-K,Kevin Hostetler,Chief Executive Officer,spacy
AMBARELLA INC,8-K,Fermi Wang,President,spacy
AMBARELLA INC,8-K,John Young,President,spacy
AMBARELLA INC,8-K,John A. Young,Chief Financial Officer,spacy
"BWX Technologies, Inc.",8-K,Rex D. Geveden,President,spacy
"BWX Technologies, Inc.",8-K,Mike T. Fitzgerald,Vice President,spacy
TOKEN COMMUNITIES LTD.,8-K,David Chen,Ceo,spacy
MARCUS CORP,8-K,Chad Paris,Chairman,spacy
MARCUS CORP,8-K,Thomas Kissinger,Chairman,spacy
MARCUS CORP,8-K,Michael Evans,Vice President,spacy
MARCUS CORP,8-K,Chad M. Paris,Chief Financial Officer,spacy
"Alphatec Holdings, Inc.",8-K,Pat Miles,Chairman,spacy
Orion Office REIT Inc.,8-K,Gavin Brandon,Chief Executive Officer,spacy
Orion Office REIT Inc.,8-K,J. Lieb,Treasurer,spacy
Orion Office REIT Inc.,8-K,J. Whyte,President,spacy
Orion Office REIT Inc.,8-K,C. Hughes,Director,spacy
GREEN DOT CORP,8-K,George Gresham,Chief Executive Officer,spacy
GREEN DOT CORP,8-K,Jess Unruh,Chief Financial Officer,spacy
GREEN DOT CORP,8-K,Green Dot,Chief Executive Officer,spacy
IMAX CORP,8-K,Rich Gelfond,Ceo,spacy
UNIVERSAL HEALTH REALTY INCOME TRUST,8-K,Alan B. Miller,Chief Executive Officer,spacy
UNIVERSAL HEALTH REALTY INCOME TRUST,8-K,Charles Boyle,Chief Financial Officer,spacy
"CIVITAS RESOURCES, INC.",8-K,Chris Doyle,Ceo,spacy
"CIVITAS RESOURCES, INC.",8-K,Brad Whitmarsh,Coo,spacy
Huron Consulting Group Inc.,8-K,Mark Hussey,Chief Executive Officer,spacy
Huron Consulting Group Inc.,8-K,John D. Kelly,Vice President,spacy
Huron Consulting Group Inc.,8-K,Swing Line,Vice President,spacy
Global Medical REIT Inc.,8-K,Jamie A. Barber,General Counsel,spacy
Global Medical REIT Inc.,8-K,Jeffrey M. Busch,Chairman,spacy
Global Medical REIT Inc.,8-K,Jeffrey Busch,Chairman,spacy
Global Medical REIT Inc.,8-K,Robert Kiernan,Chairman,spacy
Global Medical REIT Inc.,8-K,Danica Holley,Chairman,spacy
Global Medical REIT Inc.,8-K,Jamie Barber,President,spacy
Global Medical REIT Inc.,8-K,Matthew Cypher,Cto,spacy
Global Medical REIT Inc.,8-K,Zhang Huiqi,Director,spacy
Global Medical REIT Inc.,8-K,Christopher Mangin,Unknown,spacy
LUXFER HOLDINGS PLC,8-K,Andy Butcher,Chief Executive Officer,spacy
"Eventbrite, Inc.",8-K,Julia Hartz,Chief Executive Officer,spacy
"Eventbrite, Inc.",8-K,Lanny Baker,Ceo,spacy
Fortitude Gold Corp,8-K,Jason D. Reid,Chief Executive Officer,spacy
Fortitude Gold Corp,8-K,Jason Reid,Ceo,spacy
SLR Investment Corp.,8-K,Michael Gross,Ceo,spacy
SLR Investment Corp.,8-K,Bruce Spohler,Ceo,spacy
"HYSTER-YALE, INC.",8-K,Jennifer M. Langer,Vice President,spacy
QUICKLOGIC Corp,8-K,Elias Nader,Chief Financial Officer,spacy
QUICKLOGIC Corp,8-K,Brian Faith,Ceo,spacy
ARKO Corp.,8-K,Arie Kotler,President,spacy
ARKO Corp.,8-K,Robb Giammatteo,Vice President,spacy
LEMAITRE VASCULAR INC,8-K,Joseph P. Pellegrino,Chief Financial Officer,spacy
Permian Resources Corp,8-K,Will Hickey,Ceo,spacy
Permian Resources Corp,8-K,James Walter,Ceo,spacy
"Inspired Entertainment, Inc.",8-K,Lorne Weil,Chairman,spacy
RAYONIER ADVANCED MATERIALS INC.,8-K,De Lyle Bloomquist,President,spacy
DONALDSON Co INC,8-K,Tod Carpenter,Chairman,spacy
"PAR PACIFIC HOLDINGS, INC.",8-K,William Pate,Chief Executive Officer,spacy
Ecovyst Inc.,8-K,Kurt J. Bitting,Chief Executive Officer,spacy
DYCOM INDUSTRIES INC,8-K,Callie Tomasso,Vice President,spacy
"LanzaTech Global, Inc.",8-K,Carl Wolf,Chief Operating Officer,spacy
"LanzaTech Global, Inc.",8-K,Jennifer Holmgren,Chief Executive Officer,spacy
"LanzaTech Global, Inc.",8-K,Geoff Trukenbrod,Cfo,spacy
"LanzaTech Global, Inc.",8-K,Zara Summers,Chief Science Officer,spacy
INTEGRA LIFESCIENCES HOLDINGS CORP,8-K,Jan De Witte,President,spacy
ADVANCE AUTO PARTS INC,8-K,Eduardo Lopez,Vice President,spacy
ADVANCE AUTO PARTS INC,8-K,Ryan Grimsland,Chief Financial Officer,spacy
ADVANCE AUTO PARTS INC,8-K,Elizabeth Dreyer,Chief Financial Officer,spacy
"Independence Contract Drilling, Inc.",8-K,Philip A. Choyce,Vice President,spacy
"Independence Contract Drilling, Inc.",8-K,Philip A.,Vice President,spacy
"Independence Contract Drilling, Inc.",8-K,Anthony Gallegos,Chief Executive Officer,spacy
Blackstone Secured Lending Fund,8-K,Brad Marshall,Chief Executive Officer,spacy
Blackstone Secured Lending Fund,8-K,Jonathan Bock,Chief Executive Officer,spacy
"Life Time Group Holdings, Inc.",8-K,Erik Weaver,Vice President,spacy
"NRG ENERGY, INC.",8-K,Christine A. Zoino,Corporate Secretary,spacy
ONESPAWORLD HOLDINGS Ltd,8-K,Stephen Lazarus,Chief Financial Officer,spacy
ONESPAWORLD HOLDINGS Ltd,8-K,Stephen B. Lazarus,Chief Financial Officer,spacy
ONESPAWORLD HOLDINGS Ltd,8-K,Leonard Fluxman,Chairman,spacy
"AvidXchange Holdings, Inc.",8-K,Joel Wilhite,Chief Financial Officer,spacy
"AvidXchange Holdings, Inc.",8-K,Michael Praeger,Ceo,spacy
"MADRIGAL PHARMACEUTICALS, INC.",8-K,Bill Sibold,Chief Executive Officer,spacy
"MADRIGAL PHARMACEUTICALS, INC.",8-K,Mardi C. Dier,Chief Financial Officer,spacy
"MADRIGAL PHARMACEUTICALS, INC.",8-K,Ronald Fillipo,Chief Commercial Officer,spacy
"MADRIGAL PHARMACEUTICALS, INC.",8-K,Clint Wallace,Chief Commercial Officer,spacy
"MADRIGAL PHARMACEUTICALS, INC.",8-K,Mark Barrett,Chief Commercial Officer,spacy
"MADRIGAL PHARMACEUTICALS, INC.",8-K,Tina Ventura,Chief Information Officer,spacy
"AMICUS THERAPEUTICS, INC.",8-K,Bradley Campbell,President,spacy
"AMICUS THERAPEUTICS, INC.",8-K,Galafold Galafold,Cto,spacy
"AMICUS THERAPEUTICS, INC.",8-K,Diana Moore Head,Vice President,spacy
Bandwidth Inc.,8-K,David Morken,Chief Executive Officer,spacy
Bandwidth Inc.,8-K,Daryl Raiford,Chief Financial Officer,spacy
"STEVEN MADDEN, LTD.",8-K,Steve Madden,Chief Executive Officer,spacy
BlackSky Technology Inc.,8-K,Brenda Harless,General Counsel,spacy
"Editas Medicine, Inc.",8-K,Erick Lucera Erick,Chief Financial Officer,spacy
"Mersana Therapeutics, Inc.",8-K,Martin Huber,President,spacy
"Fulgent Genetics, Inc.",8-K,Ming Hsieh,Director,spacy
"Fulgent Genetics, Inc.",8-K,Harry Gao Lab,Chief Commercial Officer,spacy
"Fulgent Genetics, Inc.",8-K,James Xie,Chief Medical Officer,spacy
"Fulgent Genetics, Inc.",8-K,Ray Yin,Chairman,spacy
"Endeavor Group Holdings, Inc.",8-K,Ariel Emanuel,Ceo,spacy
"Vita Coco Company, Inc.",8-K,Michael Kirban,Chairman,spacy
"Vita Coco Company, Inc.",8-K,Ira Liran,Chairman,spacy
Mind Medicine (MindMed) Inc.,8-K,Rob Barrow,Chief Executive Officer,spacy
"LINDBLAD EXPEDITIONS HOLDINGS, INC.",8-K,Craig I. Felenstein,Chief Financial Officer,spacy
"LINDBLAD EXPEDITIONS HOLDINGS, INC.",8-K,Sven Lindblad,Chief Executive Officer,spacy
"LINDBLAD EXPEDITIONS HOLDINGS, INC.",8-K,Craig I.,Chief Financial Officer,spacy
Holley Inc.,8-K,Matthew Stevenson,President,spacy
Holley Inc.,8-K,Jesse Weaver,Chief Financial Officer,spacy
Payoneer Global Inc.,8-K,Elana Brickner,Chief People Officer,spacy
Payoneer Global Inc.,8-K,John Davis,Chief People Officer,spacy
Payoneer Global Inc.,8-K,Sarit Frumkes,Chief People Officer,spacy
Payoneer Global Inc.,8-K,Oren Ryngler,Chief People Officer,spacy
"Kiniksa Pharmaceuticals International, plc",8-K,Madelyn Zeylikman Madelyn,Vice President,spacy
"Kiniksa Pharmaceuticals International, plc",8-K,Sanj K. Patel,Chairman,spacy
"Kiniksa Pharmaceuticals International, plc",8-K,Abiprubart Abiprubart,Cto,spacy
Viatris Inc,8-K,Rajiv Malik,President,spacy
Viatris Inc,8-K,Sanjeev Narula,Cfo,spacy
Viatris Inc,8-K,Deepak L. Bhatt,Director,spacy
Viatris Inc,8-K,Anca Askanase,Director,spacy
"Frontdoor, Inc.",8-K,Jessica Ross,Chief Financial Officer,spacy
NOVANTA INC,8-K,Robert J. Buckley,Chief Financial Officer,spacy
NOVANTA INC,8-K,Matthijs Glastra,Chief Executive Officer,spacy
uniQure N.V.,8-K,Matt Kapusta,Chief Executive Officer,spacy
uniQure N.V.,8-K,Jeannette Potts,Unknown,spacy
"Turning Point Brands, Inc.",8-K,Graham Purdy,President,spacy
vTv Therapeutics Inc.,8-K,Jonathan Isaacsohn,Cto,spacy
vTv Therapeutics Inc.,8-K,Raymond Cheong,Director,spacy
vTv Therapeutics Inc.,8-K,Srinivas Akkaraju,Director,spacy
vTv Therapeutics Inc.,8-K,Steven Tuch,Chief Financial Officer,spacy
vTv Therapeutics Inc.,8-K,Al Marzooqi,Director,spacy
vTv Therapeutics Inc.,8-K,Louis Solimine Naveen Pogula,General Counsel,spacy
"Southwest Gas Holdings, Inc.",8-K,Karen Haller,Chief Executive Officer,spacy
"Southwest Gas Holdings, Inc.",8-K,Robert J. Stefani,Vice President,spacy
"Southwest Gas Holdings, Inc.",8-K,Bill Fehrman,President,spacy
"Globalstar, Inc.",8-K,Rebecca Clary,Chief Financial Officer,spacy
"Bionano Genomics, Inc.",8-K,Eric Helenek,President,spacy
"Bionano Genomics, Inc.",8-K,Erik Holmlin,President,spacy
"Vivani Medical, Inc.",8-K,Adam Mendelsohn,President,spacy
"Vivani Medical, Inc.",8-K,Lisa Porter,Director,spacy
"Vivani Medical, Inc.",8-K,Donald Dwyer,Director,spacy
SIGNET JEWELERS LTD,8-K,H. Todd Stitzer,Director,spacy
SIGNET JEWELERS LTD,8-K,Gina Drosos,Ceo,spacy
SIGNET JEWELERS LTD,8-K,Cracker Barrel,Chief Financial Officer,spacy
SK Growth Opportunities Corp,8-K,Richard Chin,Chief Executive Officer,spacy
SK Growth Opportunities Corp,8-K,Haichen Wang,Chief Financial Officer,spacy
SK Growth Opportunities Corp,8-K,Ben James,Chief Financial Officer,spacy
SK Growth Opportunities Corp,8-K,Gloucester Tower,General Counsel,spacy
SK Growth Opportunities Corp,8-K,John Boehner,Director,spacy
SK Growth Opportunities Corp,8-K,Michael Noonen,Director,spacy
SK Growth Opportunities Corp,8-K,Richard Chin Derek Jensen,President,spacy
SK Growth Opportunities Corp,8-K,Anthony Denier Founder,Ceo,spacy
SK Growth Opportunities Corp,8-K,London Toronto,Ceo,spacy
SK Growth Opportunities Corp,8-K,Arianne Adams,Cfo,spacy
SK Growth Opportunities Corp,8-K,Johannesburg Sydney,Coo,spacy
SK Growth Opportunities Corp,8-K,Bernard Teo,Coo,spacy
Neonode Inc.,8-K,Urban Forssell,Ceo,spacy
DAKTRONICS INC /SD/,8-K,Sheila M. Anderson,Chief Financial Officer,spacy
DAKTRONICS INC /SD/,8-K,Reece Kurtenbach,Chairman,spacy
URBAN OUTFITTERS INC,8-K,Richard A. Hayne,Chief Executive Officer,spacy
"EMCOR Group, Inc.",8-K,Tony Guzzi,Chairman,spacy
"Gaming & Leisure Properties, Inc.",8-K,Matthew Demchyk,Chief Investment Officer,spacy
"Gaming & Leisure Properties, Inc.",8-K,Peter Carlino,Chairman,spacy
"Personalis, Inc.",8-K,Chris Hall,Chief Executive Officer,spacy
"Personalis, Inc.",8-K,Aaron Tachibana Aaron,Chief Financial Officer,spacy
"Voyager Therapeutics, Inc.",8-K,Alfred Sandrock,Chief Executive Officer,spacy
"Duolingo, Inc.",8-K,Matthew Skaruppa,Chief Financial Officer,spacy
"Salesforce, Inc.",8-K,Amy Weaver,President,spacy
"Salesforce, Inc.",8-K,Marc Benioff,Ceo,spacy
TRAVELZOO,8-K,Lijun Qi Lijun,Unknown,spacy
TRAVELZOO,8-K,Holger Bartel,Ceo,spacy
"RxSight, Inc.",8-K,Ron Kurtz,Cto,spacy
"James River Group Holdings, Ltd.",8-K,Sarah C. Doran,Chief Financial Officer,spacy
STANDARD BIOTOOLS INC.,8-K,Michael Egholm,President,spacy
Green Thumb Industries Inc.,8-K,Mathew Faulkner,Chief Financial Officer,spacy
Green Thumb Industries Inc.,8-K,Green Thumb Founder,Chairman,spacy
Green Thumb Industries Inc.,8-K,Ben Kovler,Chairman,spacy
Green Thumb Industries Inc.,8-K,Green Thumb,Director,spacy
Green Thumb Industries Inc.,8-K,Anthony Georgiadis,President,spacy
Green Thumb Industries Inc.,8-K,Good Green,Cto,spacy
"AAON, INC.",8-K,Gary Fields,Ceo,spacy
"AAON, INC.",8-K,Rebecca Thompson,Cfo,spacy
"IonQ, Inc.",8-K,Bill Scannell,President,spacy
"IonQ, Inc.",8-K,Thomas Kramer,Chief Financial Officer,spacy
"IonQ, Inc.",8-K,Jordan Shapiro,Chief Financial Officer,spacy
"IonQ, Inc.",8-K,Robert Thomas Cardillo,Director,spacy
"IonQ, Inc.",8-K,William Francis Scannell,Director,spacy
"IonQ, Inc.",8-K,Robert Cardillo,Director,spacy
"Pure Storage, Inc.",8-K,Kevan Krysler,Chief Financial Officer,spacy
"Pure Storage, Inc.",8-K,Charles Giancarlo,Chairman,spacy
"WW INTERNATIONAL, INC.",8-K,Sima Sistani,Ceo,spacy
"WW INTERNATIONAL, INC.",8-K,Oprah Winfrey,Director,spacy
"WW INTERNATIONAL, INC.",8-K,Thilo Semmelbauer,Chairman,spacy
"ALKAMI TECHNOLOGY, INC.",8-K,Bryan Hill,Chief Financial Officer,spacy
"Schrodinger, Inc.",8-K,Geoffrey Porges,Vice President,spacy
"Schrodinger, Inc.",8-K,Ramy Farid,Chief Executive Officer,spacy
"Schrodinger, Inc.",8-K,Geoff Porges,Chief Financial Officer,spacy
CASTLE BIOSCIENCES INC,8-K,Derek Maetzold,President,spacy
"Lyell Immunopharma, Inc.",8-K,Charles Newton,Chief Financial Officer,spacy
"Lyell Immunopharma, Inc.",8-K,Lynn Seely,President,spacy
"Lyell Immunopharma, Inc.",8-K,Matt Lang,Chief Business Officer,spacy
"Avidity Biosciences, Inc.",8-K,Sarah Boyce,President,spacy
"Avidity Biosciences, Inc.",8-K,Eric B. Mosbrooker,Chief Strategy Officer,spacy
Snowflake Inc.,8-K,Michael P. Scarpelli,Chief Financial Officer,spacy
Snowflake Inc.,8-K,Frank Slootman,Chairman,spacy
"Shoals Technologies Group, Inc.",8-K,Brandon Moss,Ceo,spacy
ZimVie Inc.,8-K,Vafa Jamali,President,spacy
"Marqeta, Inc.",8-K,Milotich Michael,Chief Financial Officer,spacy
"Marqeta, Inc.",8-K,Simon Khalaf,Ceo,spacy
"Pennant Group, Inc.",8-K,Brent Guerisoli,Chief Executive Officer,spacy
"Aris Water Solutions, Inc.",8-K,Amanda Brock,Chief Executive Officer,spacy
"MICROVISION, INC.",8-K,Drew G. Markham,Vice President,spacy
"MICROVISION, INC.",8-K,G. Markham,Vice President,spacy
"MICROVISION, INC.",8-K,Sumit Sharma,Chief Executive Officer,spacy
EPR PROPERTIES,8-K,Craig L. Evans,Director,spacy
EPR PROPERTIES,8-K,Paul Turvey,Vice President,spacy
EPR PROPERTIES,8-K,Mark A. Peterson,Vice President,spacy
EPR PROPERTIES,8-K,Greg Silvers,President,spacy
EPR PROPERTIES,8-K,Craig Evans,Vice President,spacy
"TaskUs, Inc.",8-K,Bryce Maddock,Ceo,spacy
MERIT MEDICAL SYSTEMS INC,8-K,Brian G. Lloyd,Chief Legal Officer,spacy
MERIT MEDICAL SYSTEMS INC,8-K,Fred P. Lampropoulos,Chairman,spacy
MERIT MEDICAL SYSTEMS INC,8-K,Fred Lampropoulos,Chairman,spacy
MERIT MEDICAL SYSTEMS INC,8-K,Raul Parra,Chairman,spacy
"CareDx, Inc.",8-K,Alex Johnson,President,spacy
"Clearwater Analytics Holdings, Inc.",8-K,Sandeep Sahai,Chief Executive Officer,spacy
"Clearwater Analytics Holdings, Inc.",8-K,Keith Viverito,Chief Strategy Officer,spacy
HP INC,8-K,Enrique Lores,President,spacy
TUTOR PERINI CORP,8-K,Ryan J. Soroka,Vice President,spacy
TUTOR PERINI CORP,8-K,Ronald Tutor,Chairman,spacy
"AMC ENTERTAINMENT HOLDINGS, INC.",8-K,Adam Aron,Chairman,spacy
BARRETT BUSINESS SERVICES INC,8-K,Anthony J. Harris,Vice President,spacy
BARRETT BUSINESS SERVICES INC,8-K,Gary Kramer,President,spacy
BARRETT BUSINESS SERVICES INC,8-K,Anthony Harris,Ceo,spacy
Stimcell Energetics Inc.,8-K,David Jeffs,Chief Executive Officer,spacy
Stimcell Energetics Inc.,8-K,Brad Hargreaves,Director,spacy
"FIGS, Inc.",8-K,Trina Spear,Chief Executive Officer,spacy
"FIGS, Inc.",8-K,Kevin Fosty,Director,spacy
"Alexander & Baldwin, Inc.",8-K,Chun Clayton,Vice President,spacy
"Alexander & Baldwin, Inc.",8-K,Longs Drugs,Ceo,spacy
"Alexander & Baldwin, Inc.",8-K,Clayton Chun,Cfo,spacy
ASTRONICS CORP,8-K,David C. Burney,Chief Financial Officer,spacy
ASTRONICS CORP,8-K,J. Gundermann,Chairman,spacy
ASTRONICS CORP,8-K,David Burney,Chief Financial Officer,spacy
MAGNACHIP SEMICONDUCTOR Corp,8-K,Steven Pelayo,Cto,spacy
"Butterfly Network, Inc.",8-K,Heather C. Getz,Vice President,spacy
"Vertex, Inc.",8-K,Ryan Leib,Director,spacy
Service Properties Trust,8-K,Todd Hargreaves,President,spacy
"Accel Entertainment, Inc.",8-K,Mathew Ellis,Chief Financial Officer,spacy
"Accel Entertainment, Inc.",8-K,Andy Rubenstein,Ceo,spacy
"Amphastar Pharmaceuticals, Inc.",8-K,Jack Zhang,President,spacy
FLANIGANS ENTERPRISES INC,8-K,James G. Flanigan,Director,spacy
FLANIGANS ENTERPRISES INC,8-K,John P. Foster,Director,spacy
FLANIGANS ENTERPRISES INC,8-K,Jeffrey D. Kastner,Director,spacy
FLANIGANS ENTERPRISES INC,8-K,Michael B. Flanigan,Director,spacy
FLANIGANS ENTERPRISES INC,8-K,Christopher J. Nelms,Director,spacy
FLANIGANS ENTERPRISES INC,8-K,Patrick J. Flanigan,Director,spacy
"Summit Hotel Properties, Inc.",8-K,Jonathan P. Stanner,President,spacy
U S PHYSICAL THERAPY INC /NV,8-K,Carey Hendrickson,Chief Financial Officer,spacy
U S PHYSICAL THERAPY INC /NV,8-K,Chris Reading,Chief Financial Officer,spacy
U S PHYSICAL THERAPY INC /NV,8-K,Joe Noyons,Chief Financial Officer,spacy
"Excelerate Energy, Inc.",8-K,Steven Kobos,President,spacy
"Excelerate Energy, Inc.",8-K,Dana Armstrong,Vice President,spacy
LIGHTBRIDGE Corp,8-K,Lightbridge Fuel,Cto,spacy
LIGHTBRIDGE Corp,8-K,Matthew Abenante,Cto,spacy
Clipper Realty Inc.,8-K,David Bistricer,Chairman,spacy
STONERIDGE INC,8-K,Jim Zizelman,President,spacy
STONERIDGE INC,8-K,Matt Horvath,Chief Financial Officer,spacy
"Cactus, Inc.",8-K,Alan Boyd,Director,spacy
Acushnet Holdings Corp.,8-K,David Maher,President,spacy
Verano Holdings Corp.,8-K,George Archos,Chief Executive Officer,spacy
Verano Holdings Corp.,8-K,Verano Founder,Chief Executive Officer,spacy
MultiPlan Corp,8-K,Dale White,Ceo,spacy
MultiPlan Corp,8-K,Travis Dalton,Ceo,spacy
TITAN INTERNATIONAL INC,8-K,Paul Reitz,President,spacy
ESAB Corp,8-K,Shyam P. Kambeyanda,President,spacy
ESAB Corp,8-K,Mark Barbalato,Vice President,spacy
Longduoduo Co Ltd,8-K,Xu Huibo,Director,spacy
Longduoduo Co Ltd,8-K,Zhou Hongxiao,Director,spacy
Longduoduo Co Ltd,8-K,Li Zhijie,Director,spacy
Longduoduo Co Ltd,8-K,Wu Binbin,Director,spacy
Longduoduo Co Ltd,8-K,Shan Bo,Director,spacy
Everi Holdings Inc.,8-K,Randy Taylor,Chief Executive Officer,spacy
FIRST ADVANTAGE CORP,8-K,Josh Peirez,Chief Executive Officer,spacy
FIRST ADVANTAGE CORP,8-K,David Gamsey,Chief Financial Officer,spacy
FIRST ADVANTAGE CORP,8-K,Adrian Jones,Chairman,spacy
"FREYR Battery, Inc. /DE/",8-K,Birger Steen,Chief Executive Officer,spacy
"Chicago Atlantic Real Estate Finance, Inc.",8-K,John Mazarakis,Chairman,spacy
COMPASS Pathways plc,8-K,Kabir Nath,Chief Executive Officer,spacy
BEST BUY CO INC,8-K,Best Buy,Ceo,spacy
BEST BUY CO INC,8-K,Matt Bilunas,Cfo,spacy
"Evergy, Inc.",8-K,Geoffrey T. Ley,Vice President,spacy
"Evergy, Inc.",8-K,Pete Flynn,Director,spacy
"Hayward Holdings, Inc.",8-K,Kevin Holleran,Ceo,spacy
BRINKS CO,8-K,Restructuring Brink,Director,spacy
New Fortress Energy Inc.,8-K,Wes Edens,President,spacy
Outbrain Inc.,8-K,Yaron Galai,Director,spacy
Outbrain Inc.,8-K,David Kostman,Chairman,spacy
Outbrain Inc.,8-K,Yaron Galai Remaining,Ceo,spacy
Outbrain Inc.,8-K,Shlomo Dovrat,Director,spacy
"Xometry, Inc.",8-K,Randy Altschuler,Ceo,spacy
"Xometry, Inc.",8-K,James Miln,Director,spacy
"Xometry, Inc.",8-K,James Rallo,Chief Financial Officer,spacy
"Xometry, Inc.",8-K,Jim Rallo,Cfo,spacy
"Akero Therapeutics, Inc.",8-K,Andrew Cheng,President,spacy
"HYDROFARM HOLDINGS GROUP, INC.",8-K,John Lindeman,Chairman,spacy
"HYDROFARM HOLDINGS GROUP, INC.",8-K,Bill Toler,Chairman,spacy
DENTSPLY SIRONA Inc.,8-K,Simon Campion,President,spacy
"TILE SHOP HOLDINGS, INC.",8-K,Cabell H. Lolmaugh,Director,spacy
"TILE SHOP HOLDINGS, INC.",8-K,Mark B. Davis,Vice President,spacy
"TILE SHOP HOLDINGS, INC.",8-K,Mark Davis,Ceo,spacy
"TILE SHOP HOLDINGS, INC.",8-K,Joseph Kinder,Vice President,spacy
Arbutus Biopharma Corp,8-K,David C. Hastings,Chief Financial Officer,spacy
Arbutus Biopharma Corp,8-K,Lisa M. Caperelli,Vice President,spacy
"Bath & Body Works, Inc.",8-K,Gina Boswell,Ceo,spacy
Verrica Pharmaceuticals Inc.,8-K,Terry Kohler,Chief Financial Officer,spacy
CHIMERIX INC,8-K,Mike Andriole,Chief Executive Officer,spacy
CHIMERIX INC,8-K,Lisa Decker,Director,spacy
CHIMERIX INC,8-K,Tom Riga,Chief Financial Officer,spacy
"Via Renewables, Inc.",8-K,Keith Maxwell,Chief Executive Officer,spacy
"Via Renewables, Inc.",8-K,Via Renewables,Chief Executive Officer,spacy
ENVIRI Corp,8-K,Nick Grasberger,Chairman,spacy
"Pacira BioSciences, Inc.",8-K,Charles A. Reinhart,Director,spacy
Cronos Group Inc.,8-K,Mike Gorenstein,Chairman,spacy
"CRA INTERNATIONAL, INC.",8-K,Paul Maleh,President,spacy
"CRA INTERNATIONAL, INC.",8-K,Dan Mahoney,Cfo,spacy
VYNE Therapeutics Inc.,8-K,David Domzalski,President,spacy
VYNE Therapeutics Inc.,8-K,Iain Stuart,Chief Scientific Officer,spacy
VYNE Therapeutics Inc.,8-K,Mutya Harsch,Chief Legal Officer,spacy
Civeo Corp,8-K,Bradley J. Dodson,President,spacy
"HUMBL, INC.",8-K,Brian Foote,Director,spacy
"HUMBL, INC.",8-K,Avrio Worldwide,Ceo,spacy
"ACI WORLDWIDE, INC.",8-K,Thomas Warsop,President,spacy
"ACI WORLDWIDE, INC.",8-K,Juan Benitez,Director,spacy
"ACI WORLDWIDE, INC.",8-K,Adalio T. Sanchez,Chairman,spacy
Ideal Power Inc.,8-K,Dan Brdar,President,spacy
Ideal Power Inc.,8-K,Timothy Burns,Chief Financial Officer,spacy
Ideal Power Inc.,8-K,Diane King Hall,Ceo,spacy
TRIMAS CORP,8-K,Thomas Amato,President,spacy
Citi Trends Inc,8-K,David Heath,Coo,spacy
Citi Trends Inc,8-K,Charles Liu,Coo,spacy
Citi Trends Inc,8-K,Michael Kvitko,Coo,spacy
Citi Trends Inc,8-K,Brian Carney,Director,spacy
Citi Trends Inc,8-K,Laurens Goff,Director,spacy
Citi Trends Inc,8-K,Christina Francis,Director,spacy
Citi Trends Inc,8-K,Paula Caroppoli,Chief Executive Officer,spacy
Citi Trends Inc,8-K,Christopher P. Davis,General Counsel,spacy
Citi Trends Inc,8-K,Jonathan Lennon,Chief Executive Officer,spacy
Citi Trends Inc,8-K,Peter Sachse,Director,spacy
Citi Trends Inc,8-K,Citi Trends,Cto,spacy
Permex Petroleum Corp,8-K,Steve Hosein,Chief Financial Officer,spacy
"HeartCore Enterprises, Inc.",8-K,Sumitaka Kanno Yamamoto,Ceo,spacy
"Y-mAbs Therapeutics, Inc.",8-K,Mike Rossi,President,spacy
"Y-mAbs Therapeutics, Inc.",8-K,Michael Rossi,President,spacy
"Y-mAbs Therapeutics, Inc.",8-K,Thomas Gad,Director,spacy
"Y-mAbs Therapeutics, Inc.",8-K,Naxitamab Plus,Cto,spacy
"NetApp, Inc.",8-K,George Kurian,Chief Executive Officer,spacy
"NetApp, Inc.",8-K,Riccardo Di Blasio,Vice President,spacy
"NetApp, Inc.",8-K,Cloud Volumes,Coo,spacy
"AvePoint, Inc.",8-K,Tianyi Jiang,Ceo,spacy
BIOLIFE SOLUTIONS INC,8-K,Garrie Richardson,Chairman,spacy
VEEVA SYSTEMS INC,8-K,Peter Gassner,Ceo,spacy
"Autodesk, Inc.",8-K,Debbie Clifford,Cfo,spacy
Elastic N.V.,8-K,Ash Kulkarni,Ceo,spacy
"Cardiff Oncology, Inc.",8-K,Mark Erlander,Chief Executive Officer,spacy
"Cardiff Oncology, Inc.",8-K,Fairooz Kabbinavar,Chief Medical Officer,spacy
"Cardiff Oncology, Inc.",8-K,Richa Kumari Taft,Unknown,spacy
"LISATA THERAPEUTICS, INC.",8-K,David J. Mazzo,President,spacy
"LISATA THERAPEUTICS, INC.",8-K,John Menditto,Vice President,spacy
"89bio, Inc.",8-K,Rohan Palekar,Chief Executive Officer,spacy
"89bio, Inc.",8-K,Rohan Palekar Rohan,Chief Executive Officer,spacy
Xenon Pharmaceuticals Inc.,8-K,Chad Fugere,Vice President,spacy
"Senseonics Holdings, Inc.",8-K,Brian Hansen,President,spacy
"Senseonics Holdings, Inc.",8-K,Tim Goodnow,President,spacy
JEWETT CAMERON TRADING CO LTD,8-K,Chad Summers,Ceo,spacy
ZYNEX INC,8-K,Thomas Sandgaard,President,spacy
"Global Clean Energy Holdings, Inc.",8-K,Richard Palmer,Cto,spacy
"Global Clean Energy Holdings, Inc.",8-K,Noah Verleun,Chief Executive Officer,spacy
"Global Clean Energy Holdings, Inc.",8-K,Dave Walker,Chairman,spacy
"Seer, Inc.",8-K,David Horn,President,spacy
"Seer, Inc.",8-K,Omid Farokhzad,Ceo,spacy
"SOUNDHOUND AI, INC.",8-K,Nitesh Sharan,Cfo,spacy
"Innoviva, Inc.",8-K,Matthew Ronsheim,President,spacy
Biohaven Ltd.,8-K,Matthew Buten,Chief Financial Officer,spacy
NCR Voyix Corp,8-K,David Wilkinson,Ceo,spacy
CubeSmart,8-K,Timothy M. Martin,Chief Financial Officer,spacy
CubeSmart,8-K,Christopher P. Marr,President,spacy
CubeSmart,8-K,Tim Martin,Chief Financial Officer,spacy
Fundamental Global Inc.,8-K,Larry G. Swets,Director,spacy
Fundamental Global Inc.,8-K,Michael C. Mitchell,Director,spacy
Fundamental Global Inc.,8-K,Ndamukong Suh,Director,spacy
Fundamental Global Inc.,8-K,Robert J. Roschman,Director,spacy
Fundamental Global Inc.,8-K,Rita Hayes,Unknown,spacy
Fundamental Global Inc.,8-K,Richard Govignon,President,spacy
Fundamental Global Inc.,8-K,Michael Mitchell,President,spacy
Fundamental Global Inc.,8-K,D. Kyle Cerminara,Chairman,spacy
Fundamental Global Inc.,8-K,Larry Swets,Ceo,spacy
Fundamental Global Inc.,8-K,Hassan Baqar,Ceo,spacy
Fundamental Global Inc.,8-K,Tom Heise,Cfo,spacy
Fundamental Global Inc.,8-K,Mark Roberson,Ceo,spacy
Fundamental Global Inc.,8-K,Todd Major,Ceo,spacy
Navitas Semiconductor Corp,8-K,Gene Sheridan,Ceo,spacy
"SAUL CENTERS, INC.",8-K,Carlos L. Heard,Vice President,spacy
"SAUL CENTERS, INC.",8-K,Rockville Pike,Cto,spacy
"Certara, Inc.",8-K,William F. Feehery,Chief Executive Officer,spacy
"Certara, Inc.",8-K,Richard M. Traynor,Vice President,spacy
"Life360, Inc.",8-K,Chris Hulls,Chief Executive Officer,spacy
"Life360, Inc.",8-K,Tier Membership,Cto,spacy
FTAI Infrastructure Inc.,8-K,Kenneth J. Nicholson,Chief Executive Officer,spacy
TIDEWATER INC,8-K,Quintin Kneen,President,spacy
NaturalShrimp Inc,8-K,Matthew L. Schissler,Ceo,spacy
Sachem Capital Corp.,8-K,John L. Villano,Chief Executive Officer,spacy
Pactiv Evergreen Inc.,8-K,Jon Baksht,Chief Financial Officer,spacy
Pactiv Evergreen Inc.,8-K,Chandra J. Mitchell,Chief Legal Officer,spacy
Pactiv Evergreen Inc.,8-K,Pactiv Evergreen,Chief Legal Officer,spacy
Tecnoglass Inc.,8-K,Christian Daes,Chief Operating Officer,spacy
QUAKER CHEMICAL CORP,8-K,Andy Tometich,Chief Executive Officer,spacy
QUAKER CHEMICAL CORP,8-K,Quaker Houghton,Director,spacy
QUAKER CHEMICAL CORP,8-K,Robert T. Traub,Chief Executive Officer,spacy
QUAKER CHEMICAL CORP,8-K,Jeffrey M. Schnell,Vice President,spacy
"ACHIEVE LIFE SCIENCES, INC.",8-K,John Bencich,Chief Executive Officer,spacy
"ACHIEVE LIFE SCIENCES, INC.",8-K,Amanda Rose,Chief Executive Officer,spacy
Nuvation Bio Inc.,8-K,David Hung,President,spacy
Nuvation Bio Inc.,8-K,Robert Mashal,Director,spacy
"Terra Property Trust, Inc.",8-K,Sarah Schwarzschild,Director,spacy
"Terra Property Trust, Inc.",8-K,Gorge Preserve,Director,spacy
"Ginkgo Bioworks Holdings, Inc.",8-K,Jason Kelly,Ceo,spacy
"Inuvo, Inc.",8-K,John B. Pisaris,General Counsel,spacy
"Inuvo, Inc.",8-K,Clinton Ave,President,spacy
"Inuvo, Inc.",8-K,Barry Lowenthal,President,spacy
"Inuvo, Inc.",8-K,Richard Howe,Ceo,spacy
"Inuvo, Inc.",8-K,Wally Ruiz,Chief Executive Officer,spacy
"SolarMax Technology, Inc.",8-K,David Hsu,Chief Executive Officer,spacy
"SolarMax Technology, Inc.",8-K,Stephen Brown Simon,Director,spacy
"SolarMax Technology, Inc.",8-K,Yuan Wei,Director,spacy
"SolarMax Technology, Inc.",8-K,Yuan Chen Jinxi,Director,spacy
"SolarMax Technology, Inc.",8-K,Lei Zhang,Director,spacy
"SolarMax Technology, Inc.",8-K,Ching Liu Bin Lu,Director,spacy
"Willdan Group, Inc.",8-K,Thomas D. Brisbin,Chief Executive Officer,spacy
VSE CORP,8-K,John Cuomo,President,spacy
MASTEC INC,8-K,Floor J. Marc Lewis,Vice President,spacy
MASTEC INC,8-K,Jose Mas,Chief Executive Officer,spacy
BIODESIX INC,8-K,Robin Harper,Chief Financial Officer,spacy
BIODESIX INC,8-K,Chris Brinzey,Director,spacy
Douglas Elliman Inc.,8-K,Howard M. Lorber,Chairman,spacy
Douglas Elliman Inc.,8-K,Douglas Elliman,Chairman,spacy
Gold Flora Corp.,8-K,Troy Datcher,Chairman,spacy
Gold Flora Corp.,8-K,Flora Mourns,Chief Financial Officer,spacy
"MAMMOTH ENERGY SERVICES, INC.",8-K,Mark Layton,Chief Financial Officer,spacy
GLYCOMIMETICS INC,8-K,Cancer Stat Facts,Cto,spacy
GLYCOMIMETICS INC,8-K,Overall Survival,Cto,spacy
JAKKS PACIFIC INC,8-K,Stephen Berman,Ceo,spacy
Nuveen Mortgage & Income Fund/MA/,8-K,Mark L.,Vice President,spacy
ACME UNITED CORP,8-K,Walter C. Johnsen,Chairman,spacy
"GREIF, INC",8-K,Ole Rosgaard,Ceo,spacy
"GREIF, INC",8-K,Matt Leahy,Vice President,spacy
"GREIF, INC",8-K,Ole G. Rosgaard,Director,spacy
"GREIF, INC",8-K,Bruce A. Edwards,Director,spacy
"GREIF, INC",8-K,Mark A. Emkes,Director,spacy
"GREIF, INC",8-K,Frank C. Miller,Director,spacy
"GREIF, INC",8-K,Karen A. Morrison,Director,spacy
"GREIF, INC",8-K,Robert M. Patterson,Director,spacy
"GREIF, INC",8-K,G. Rosgaard,President,spacy
"GREIF, INC",8-K,Matthew Leahy,President,spacy
"GREIF, INC",8-K,Shane Hajde,Vice President,spacy
"GREIF, INC",8-K,Larry Hilsheimer,Vice President,spacy
micromobility.com Inc.,8-K,Jonathan Hannestad,Director,spacy
"POWER SOLUTIONS INTERNATIONAL, INC.",8-K,Randall Lehner,Unknown,spacy
"POWER SOLUTIONS INTERNATIONAL, INC.",8-K,Xykis Printed,Ceo,spacy
"Hour Loop, Inc",8-K,Hour Loop,Vice President,spacy
"Hour Loop, Inc",8-K,Sau Kuen Yu,Chief Executive Officer,spacy
"Virpax Pharmaceuticals, Inc.",8-K,Ballard Spahr,Unknown,spacy
"Virpax Pharmaceuticals, Inc.",8-K,Anthony Mack,Ceo,spacy
"Virpax Pharmaceuticals, Inc.",8-K,Moshin Meghji,Chief Restructuring Officer,spacy
"ClearPoint Neuro, Inc.",8-K,Michael Townley,Ceo,spacy
Goldman Sachs Physical Gold ETF,8-K,Alyson Shupe,Unknown,spacy
Goldman Sachs Physical Gold ETF,8-K,Michael Crinieri,Unknown,spacy
"WM TECHNOLOGY, INC.",8-K,Mary Hoitt,Chief Financial Officer,spacy
"WM TECHNOLOGY, INC.",8-K,Susan Echard,Cfo,spacy
"Lyra Therapeutics, Inc.",8-K,Harlan Waksal,Director,spacy
"Algorhythm Holdings, Inc.",8-K,Gary Atkinson,Chief Executive Officer,spacy
DallasNews Corp,8-K,Katy Murray,President,spacy
"Super League Enterprise, Inc.",8-K,Ann Hand,Ceo,spacy
"Super League Enterprise, Inc.",8-K,Rodrigo Tamellini,Ceo,spacy
VanEck Bitcoin ETF,8-K,Authorized Participant,Cto,spacy
"Bluejay Diagnostics, Inc.",8-K,Neil Dey,Chief Executive Officer,spacy
"MODIV INDUSTRIAL, INC.",8-K,Aaron Halfacre,Ceo,spacy
"MODIV INDUSTRIAL, INC.",8-K,Modiv Industrial,Ceo,spacy
"MODIV INDUSTRIAL, INC.",8-K,John C. Raney Kimberly,Chief Executive Officer,spacy
"MODIV INDUSTRIAL, INC.",8-K,Sandra G. Sciutto,Chief Financial Officer,spacy
"MODIV INDUSTRIAL, INC.",8-K,Thomas H. Nolan,Chief Financial Officer,spacy
AMERICAN INTERNATIONAL HOLDINGS CORP.,8-K,Caren Currier,Director,spacy
AVADEL PHARMACEUTICALS PLC,8-K,Greg Divis,Chief Executive Officer,spacy
"EyePoint Pharmaceuticals, Inc.",8-K,Ramiro Ribeiro,Chief Medical Officer,spacy
"MSP Recovery, Inc.",8-K,John H. Ruiz,Ceo,spacy
"MSP Recovery, Inc.",8-K,Frank C. Quesada,Chief Legal Officer,spacy
"MSP Recovery, Inc.",8-K,David Simmons,Coo,spacy
"MSP Recovery, Inc.",8-K,Charlie Whorton,Ceo,spacy
"Envoy Medical, Inc.",8-K,Brent Lucas,Ceo,spacy
"Envoy Medical, Inc.",8-K,Glen Taylor,Director,spacy
WD 40 CO,8-K,Steve Brass,President,spacy
WD 40 CO,8-K,Phenix Q. Kiamilev,Vice President,spacy
WD 40 CO,8-K,Milton Saling,Chairman,spacy
AMERICAN REBEL HOLDINGS INC,8-K,Charles A. Ross,Chief Executive Officer,spacy
"Armata Pharmaceuticals, Inc.",8-K,Deborah Birx,Chief Executive Officer,spacy
"Stereotaxis, Inc.",8-K,David Fischel,Chairman,spacy
"Stereotaxis, Inc.",8-K,David L. Fischel,Chairman,spacy
"Pulmatrix, Inc.",8-K,Raad Teofilo,Chief Executive Officer,spacy
"Stitch Fix, Inc.",8-K,Matt Baer,Chief Executive Officer,spacy
"Stitch Fix, Inc.",8-K,David Aufderhaar,Chief Financial Officer,spacy
"Stitch Fix, Inc.",8-K,Stitch Fix,Chief Financial Officer,spacy
"Paymentus Holdings, Inc.",8-K,Dushyant Sharma,Ceo,spacy
"ARTELO BIOSCIENCES, INC.",8-K,Greg Gorgas,Unknown,spacy
Viant Technology Inc.,8-K,Tim Vanderhook,Chief Executive Officer,spacy
Viant Technology Inc.,8-K,Larry Madden,Cfo,spacy
"Akoya Biosciences, Inc.",8-K,James Allison,Director,spacy
"Akoya Biosciences, Inc.",8-K,Garry Nolan,Director,spacy
"Akoya Biosciences, Inc.",8-K,Padmanee Sharma,Director,spacy
OFS Capital Corp,8-K,Bilal Rashid,Chairman,spacy
CRAWFORD & CO,8-K,Rohit Verma,President,spacy
AeroVironment Inc,8-K,Wahid Nawabi,Chairman,spacy
Birchtech Corp.,8-K,David M. Kaye,Coo,spacy
Birchtech Corp.,8-K,Samir Patel,Chief Executive Officer,spacy
NORTHWEST PIPE CO,8-K,Aaron Wilkins,Chief Financial Officer,spacy
"Southland Holdings, Inc.",8-K,Frank Renda,President,spacy
"Southland Holdings, Inc.",8-K,Alex Murray,Chief Financial Officer,spacy
Dragonfly Energy Holdings Corp.,8-K,John Marchetti,Chief Executive Officer,spacy
"Annexon, Inc.",8-K,Douglas Love,President,spacy
"Annexon, Inc.",8-K,Michael Overdorf,President,spacy
"Annexon, Inc.",8-K,Lisa Butler,President,spacy
"Annexon, Inc.",8-K,Hugh J. Willison,President,spacy
"Annexon, Inc.",8-K,Key Takeaways,President,spacy
RARE ELEMENT RESOURCES LTD,8-K,Brent Berg,President,spacy
RARE ELEMENT RESOURCES LTD,8-K,Wayne Rich,Chief Financial Officer,spacy
RARE ELEMENT RESOURCES LTD,8-K,Jaye T. Pickarts,Chief Operating Officer,spacy
RARE ELEMENT RESOURCES LTD,8-K,Barrero Bouza,Chief Operating Officer,spacy
RARE ELEMENT RESOURCES LTD,8-K,Alan C. Noble,Unknown,spacy
RARE ELEMENT RESOURCES LTD,8-K,Diamond Drill Hole,Coo,spacy
RARE ELEMENT RESOURCES LTD,8-K,Laramide Orogeny,Ceo,spacy
RARE ELEMENT RESOURCES LTD,8-K,Ellen Leavitt,Unknown,spacy
RARE ELEMENT RESOURCES LTD,8-K,John Ray,Unknown,spacy
RARE ELEMENT RESOURCES LTD,8-K,Richard Larsen,Unknown,spacy
RARE ELEMENT RESOURCES LTD,8-K,Snowden Supervisor,Coo,spacy
RARE ELEMENT RESOURCES LTD,8-K,En G. Glass,Cto,spacy
ThredUp Inc.,8-K,James Reinhart,Ceo,spacy
"Commercial Vehicle Group, Inc.",8-K,James Ray,President,spacy
"Commercial Vehicle Group, Inc.",8-K,Andy Cheung,Chief Financial Officer,spacy
"Commercial Vehicle Group, Inc.",8-K,Chung Kin Cheung,Chief Financial Officer,spacy
NORDSTROM INC,8-K,Erik B. Nordstrom,Chief Executive Officer,spacy
"ICC Holdings, Inc.",8-K,Arron K. Sutherland,President,spacy
"ICC Holdings, Inc.",8-K,Arron Sutherland,President,spacy
EVENTIKO INC.,8-K,Wei Zhong,Director,spacy
EVENTIKO INC.,8-K,Yap Chin Liang,President,spacy
EVENTIKO INC.,8-K,Creativ Digital,Director,spacy
HOOKER FURNISHINGS Corp,8-K,Paul A. Huckfeldt,Chief Financial Officer,spacy
HOOKER FURNISHINGS Corp,8-K,Furnishings Declares,President,spacy
"LENZ Therapeutics, Inc.",8-K,Abraham Bassan,Director,spacy
"LENZ Therapeutics, Inc.",8-K,Jerel Davis,Director,spacy
"LENZ Therapeutics, Inc.",8-K,Perry Karsen,Director,spacy
"LENZ Therapeutics, Inc.",8-K,Kimberlee C. Drapkin,Director,spacy
"LENZ Therapeutics, Inc.",8-K,Kim Drapkin,Chief Executive Officer,spacy
"LENZ Therapeutics, Inc.",8-K,Kim Drapkin Interim,Chief Executive Officer,spacy
"Apogee Therapeutics, Inc.",8-K,Michael Henderson,Chief Executive Officer,spacy
"Apogee Therapeutics, Inc.",8-K,Carl Dambkowski,Chief Medical Officer,spacy
"BROADWIND, INC.",8-K,Eric Blashford,President,spacy
"BROADWIND, INC.",8-K,Eric B. Blashford,President,spacy
CECO ENVIRONMENTAL CORP,8-K,Todd Gleason,Chief Executive Officer,spacy
CECO ENVIRONMENTAL CORP,8-K,Peter Johansson,Unknown,spacy
"First Watch Restaurant Group, Inc.",8-K,Chris Tomasso,Ceo,spacy
"First Watch Restaurant Group, Inc.",8-K,Monterey Jack,Cto,spacy
908 Devices Inc.,8-K,Kevin J. Knopp,Ceo,spacy
"Axogen, Inc.",8-K,Harold D. Tamayo,Vice President,spacy
"Axogen, Inc.",8-K,Karen Zaderej,Chairman,spacy
"Axogen, Inc.",8-K,Axoguard Nerve,Cto,spacy
"Neuronetics, Inc.",8-K,Stephen Furlong,Chief Financial Officer,spacy
Dave Inc./DE,8-K,Jason Wilk,Ceo,spacy
"Nuvectis Pharma, Inc.",8-K,Ron Bentsur,Chairman,spacy
Akari Therapeutics Plc,8-K,Parent Representatives,Coo,spacy
Akari Therapeutics Plc,8-K,Hoyoung Huh,Chairman,spacy
Turnstone Biologics Corp.,8-K,Sammy Farah,President,spacy
Turnstone Biologics Corp.,8-K,Vijay Chiruvolu,Chief Executive Officer,spacy
Turnstone Biologics Corp.,8-K,Venkat Ramanan,Chief Executive Officer,spacy
Turnstone Biologics Corp.,8-K,Stewart Abbot,Chief Executive Officer,spacy
Turnstone Biologics Corp.,8-K,Mike Burgess,Chief Technology Officer,spacy
Turnstone Biologics Corp.,8-K,Steven A. Rosenberg,Director,spacy
Turnstone Biologics Corp.,8-K,Robert Seder,Director,spacy
Turnstone Biologics Corp.,8-K,Eric Tran,Director,spacy
Turnstone Biologics Corp.,8-K,Tassos Gianakakos,Ceo,spacy
Turnstone Biologics Corp.,8-K,Barsouk A. Epidemiology,Cto,spacy
Turnstone Biologics Corp.,8-K,Med Sci,Cto,spacy
"U.S. Lighting Group, Inc.",8-K,Paul Spivak,Chief Executive Officer,spacy
KRONOS ADVANCED TECHNOLOGIES INC,8-K,Michael Rubinov,Director,spacy
"RadNet, Inc.",8-K,Howard Berger,President,spacy
"Bakhu Holdings, Corp.",8-K,Aristotle Popolizio,Director,spacy
"Bakhu Holdings, Corp.",8-K,Carlos Garcia La,Director,spacy
"Bakhu Holdings, Corp.",8-K,Mitch Kahn,Director,spacy
"Bakhu Holdings, Corp.",8-K,Kimberly Tamani,Director,spacy
"Bakhu Holdings, Corp.",8-K,Grassroots Cannabis,Cto,spacy
"Bakhu Holdings, Corp.",8-K,Kimberly Tanami,Ceo,spacy
"Bakhu Holdings, Corp.",8-K,Peter Whitton,Director,spacy
"Bakhu Holdings, Corp.",8-K,Juan Carlos Garcia La,Director,spacy
"SolarWindow Technologies, Inc.",8-K,Amit Singh,Director,spacy
"SolarWindow Technologies, Inc.",8-K,Jatinder Bhogal,Director,spacy
AMERICAN PUBLIC EDUCATION INC,8-K,Angela Selden,President,spacy
AMERICAN PUBLIC EDUCATION INC,8-K,Frank Tutalo,Director,spacy
AMERICAN PUBLIC EDUCATION INC,8-K,Richard Sunderland,President,spacy
"PLUS THERAPEUTICS, INC.",8-K,Marc H. Hedrick,President,spacy
"MARINUS PHARMACEUTICALS, INC.",8-K,Steven Pfanstiel,Chief Operating Officer,spacy
"MARINUS PHARMACEUTICALS, INC.",8-K,Lancet Neurol,Cto,spacy
"MARINUS PHARMACEUTICALS, INC.",8-K,Kari Luther Rosbeck,President,spacy
"MARINUS PHARMACEUTICALS, INC.",8-K,Status Epilepticus,Cto,spacy
"MARINUS PHARMACEUTICALS, INC.",8-K,Refractory Status Epilepticus,Cto,spacy
WEYCO GROUP INC,8-K,Call Details,Director,spacy
"Cricut, Inc.",8-K,Kimball Shill,Chief Financial Officer,spacy
"Cricut, Inc.",8-K,Ashish Arora,Chief Executive Officer,spacy
"CrowdStrike Holdings, Inc.",8-K,Maria Riley,Vice President,spacy
"CrowdStrike Holdings, Inc.",8-K,George Kurtz,President,spacy
"CrowdStrike Holdings, Inc.",8-K,Burt Podbere,Chief Financial Officer,spacy
"CrowdStrike Holdings, Inc.",8-K,Kevin Benacci,Vice President,spacy
CERUS CORP,8-K,Jessica Hanover,Vice President,spacy
"Aeva Technologies, Inc.",8-K,Saurabh Sinha,Chief Financial Officer,spacy
"Aeva Technologies, Inc.",8-K,Soroush Salehian,Ceo,spacy
"SOCKET MOBILE, INC.",8-K,Kevin Mills,President,spacy
"SOCKET MOBILE, INC.",8-K,Lynn Zhao,Vice President,spacy
"Black Bird Biotech, Inc.",8-K,L. A. Newlan,Director,spacy
"Black Bird Biotech, Inc.",8-K,Eric Newlan,Director,spacy
"Black Bird Biotech, Inc.",8-K,Fabian G. Deneault,Director,spacy
"Black Bird Biotech, Inc.",8-K,Jack Qin,Director,spacy
PARK OHIO HOLDINGS CORP,8-K,Matthew V. Crawford,Chairman,spacy
FULL HOUSE RESORTS INC,8-K,Lewis Fanger,Chief Financial Officer,spacy
FULL HOUSE RESORTS INC,8-K,Lewis A. Fanger,Vice President,spacy
ONE LIBERTY PROPERTIES INC,8-K,Patrick J. Callan,President,spacy
ENTRAVISION COMMUNICATIONS CORP,8-K,Michael Christenson,Chief Executive Officer,spacy
ENTRAVISION COMMUNICATIONS CORP,8-K,Christopher T. Young,Cto,spacy
Pineapple Financial Inc.,8-K,Christa Mitchell,Director,spacy
Pineapple Financial Inc.,8-K,Shubha Dasgupta,Chief Executive Officer,spacy
OOMA INC,8-K,Eric Stang,Chief Executive Officer,spacy
OOMA INC,8-K,Mike Langberg,Director,spacy
"TXO Partners, L.P.",8-K,Brent Clum,President,spacy
"LSB INDUSTRIES, INC.",8-K,Mark Behrman,President,spacy
"LSB INDUSTRIES, INC.",8-K,Vopak Exolum,Cto,spacy
NANOPHASE TECHNOLOGIES Corp,8-K,Bradford T. Whitmore,Director,spacy
"Mayville Engineering Company, Inc.",8-K,Todd M. Butz,Chief Financial Officer,spacy
"Mayville Engineering Company, Inc.",8-K,Hazel Park,Ceo,spacy
"IO Biotech, Inc.",8-K,Lung Cancer,Cto,spacy
"Aquestive Therapeutics, Inc.",8-K,Daniel Barber,President,spacy
"Aquestive Therapeutics, Inc.",8-K,A. Ernest Toth,Chief Financial Officer,spacy
CUMBERLAND PHARMACEUTICALS INC,8-K,John Hamm,Chief Financial Officer,spacy
"Brookfield Oaktree Holdings, LLC",8-K,Nicholas H. Goodman,Director,spacy
"Entero Therapeutics, Inc.",8-K,Sarah Romano,Chief Financial Officer,spacy
Hippo Holdings Inc.,8-K,Stewart Ellis,Chief Financial Officer,spacy
"Alto Ingredients, Inc.",8-K,M. Graham,General Counsel,spacy
"European Wax Center, Inc.",8-K,David Willis,Chief Executive Officer,spacy
KORN FERRY,8-K,Robert P. Rozek,Vice President,spacy
KORN FERRY,8-K,Gary D. Burnison,Ceo,spacy
KORN FERRY,8-K,Korn Ferry,Ceo,spacy
KORN FERRY,8-K,Gary Burnison,Ceo,spacy
KORN FERRY,8-K,Robert Rozek,Ceo,spacy
"FOOT LOCKER, INC.",8-K,Mary Dillon,President,spacy
"FOOT LOCKER, INC.",8-K,Mike Baughn,Vice President,spacy
Trinity Capital Inc.,8-K,Kyle Brown,Chief Executive Officer,spacy
UNITED NATURAL FOODS INC,8-K,Sandy Douglas,Chief Executive Officer,spacy
"Xeris Biopharma Holdings, Inc.",8-K,Andrew Merrill,Director,spacy
Context Therapeutics Inc.,8-K,Martin Lehr,Ceo,spacy
Context Therapeutics Inc.,8-K,Alex Levit,Ceo,spacy
Context Therapeutics Inc.,8-K,Jennifer Minai,Ceo,spacy
Context Therapeutics Inc.,8-K,Chris Beck,Ceo,spacy
Wave Life Sciences Ltd.,8-K,Kyle Moran,Chief Financial Officer,spacy
Wave Life Sciences Ltd.,8-K,Paul Bolno,President,spacy
BiomX Inc.,8-K,Proclara Merav Bassan,Director,spacy
BiomX Inc.,8-K,Evogene Avi Gabay,Chief Business Officer,spacy
BiomX Inc.,8-K,Eitan Kerem,Chairman,spacy
BiomX Inc.,8-K,Michael Billard,Chairman,spacy
BiomX Inc.,8-K,Jesse Goodman,Director,spacy
Merus N.V.,8-K,Ante Lundberg,President,spacy
374Water Inc.,8-K,Jeff Quick,Ceo,spacy
enVVeno Medical Corp,8-K,Robert Berman,Ceo,spacy
CORETEC GROUP INC.,8-K,Matthew J. Kappers,Chief Executive Officer,spacy
CORETEC GROUP INC.,8-K,Roberto H. Kim,Director,spacy
CORETEC GROUP INC.,8-K,Seonkee Kim,Chief Executive Officer,spacy
"Omega Flex, Inc.",8-K,Omega Flex,Cto,spacy
ChromaDex Corp.,8-K,Zesty Paws,Cto,spacy
ChromaDex Corp.,8-K,Rob Fried,Chief Executive Officer,spacy
ChromaDex Corp.,8-K,Brianna Gerber,Chief Executive Officer,spacy
ChromaDex Corp.,8-K,Andrew Shao,Chief Executive Officer,spacy
ChromaDex Corp.,8-K,Roger Kornberg,Chairman,spacy
ChromaDex Corp.,8-K,Bruce German,Chairman,spacy
ChromaDex Corp.,8-K,John Walker,Chairman,spacy
ChromaDex Corp.,8-K,Brunie H. Felding,Director,spacy
ChromaDex Corp.,8-K,David Katz,President,spacy
"FUEL TECH, INC.",8-K,Ellen T. Albrecht,President,spacy
OneSpan Inc.,8-K,Jorge Martell,Chief Financial Officer,spacy
OneSpan Inc.,8-K,Victor Limongelli,Ceo,spacy
"Honest Company, Inc.",8-K,Dave Loretta,Chief Financial Officer,spacy
"SRAX, Inc.",8-K,Chris Miglino,Chief Executive Officer,spacy
"SRAX, Inc.",8-K,Christopher Miglino,Chief Executive Officer,spacy
Clarus Corp,8-K,Mike Yates,Chairman,spacy
Clarus Corp,8-K,Neil Fiske,Chairman,spacy
Clarus Corp,8-K,Warren Kanders,Chairman,spacy
Clarus Corp,8-K,Mathew Hayward,Chairman,spacy
Clarus Corp,8-K,Leon Berman,Chief Financial Officer,spacy
Clarus Corp,8-K,Matt Berkowitz,Chief Financial Officer,spacy
"GEN Restaurant Group, Inc.",8-K,Tom Croal,Chief Executive Officer,spacy
"GEN Restaurant Group, Inc.",8-K,Thomas V. Croal,Chief Financial Officer,spacy
"GEN Restaurant Group, Inc.",8-K,David Kim,Chief Executive Officer,spacy
"CompoSecure, Inc.",8-K,Jon Wilk,President,spacy
"CompoSecure, Inc.",8-K,Steve Squeri,Chairman,spacy
"CompoSecure, Inc.",8-K,Sachin Mehra,Cfo,spacy
"CompoSecure, Inc.",8-K,Jeremy Barnum,Cfo,spacy
AUDIOEYE INC,8-K,James Spolar,General Counsel,spacy
AUDIOEYE INC,8-K,Mike Paciello,Chief Accessibility Officer,spacy
AUDIOEYE INC,8-K,Bill Clinton,President,spacy
Amplify Energy Corp.,8-K,Martyn Willsher,President,spacy
"COMSCORE, INC.",8-K,Mary Margaret Curry,Chief Financial Officer,spacy
"COMSCORE, INC.",8-K,Jon Carpenter,Ceo,spacy
BRC Inc.,8-K,Chris Mondzelewski,Chief Executive Officer,spacy
BRC Inc.,8-K,Steve Kadenacy,Chief Financial Officer,spacy
"Hamilton Insurance Group, Ltd.",8-K,Pina Albo,Ceo,spacy
"Hamilton Insurance Group, Ltd.",8-K,Munich Re Megan,General Counsel,spacy
"Hamilton Insurance Group, Ltd.",8-K,Craig Howie,Ceo,spacy
"Hamilton Insurance Group, Ltd.",8-K,Anita Kuchma,Cto,spacy
"Hamilton Insurance Group, Ltd.",8-K,Munich Re,Cto,spacy
"Hamilton Insurance Group, Ltd.",8-K,Alex Baker,Cto,spacy
"Hamilton Insurance Group, Ltd.",8-K,Daniel Fisher,Chief Risk Officer,spacy
TriplePoint Venture Growth BDC Corp.,8-K,Sajal Srivastava,President,spacy
TriplePoint Venture Growth BDC Corp.,8-K,Jim Labe,Chairman,spacy
Victoria's Secret & Co.,8-K,Martin Waters,Chief Executive Officer,spacy
"Rush Street Interactive, Inc.",8-K,Richard Schwartz,Chief Executive Officer,spacy
SURF AIR MOBILITY INC.,8-K,Christopher F. Brown,General Counsel,spacy
"Grove Collaborative Holdings, Inc.",8-K,Jeff Yurcisin,Chief Executive Officer,spacy
"Grove Collaborative Holdings, Inc.",8-K,Jennie Perry,Chief Marketing Officer,spacy
"Grove Collaborative Holdings, Inc.",8-K,Chris Clark,Ceo,spacy
ORTHOPEDIATRICS CORP,8-K,Daniel J. Gerritzen,General Counsel,spacy
ORTHOPEDIATRICS CORP,8-K,David Bailey,President,spacy
Whitestone REIT,8-K,Dave Holeman,Chief Executive Officer,spacy
Whitestone REIT,8-K,David Mordy,Director,spacy
Whitestone REIT,8-K,David F. Taylor,Director,spacy
AIRGAIN INC,8-K,Michael Elbaz,Chief Financial Officer,spacy
"EXPRESS, INC.",8-K,Stewart Glendinning,Ceo,spacy
"EXPRESS, INC.",8-K,Bonobos Guideshop,Cto,spacy
"Intrepid Potash, Inc.",8-K,Matthew D. Preston,Chief Financial Officer,spacy
"Intrepid Potash, Inc.",8-K,Bob Jornayvaz,Chairman,spacy
"VIEMED HEALTHCARE, INC.",8-K,Casey Hoyt,Ceo,spacy
MARIMED INC.,8-K,Jon Levine,Chief Executive Officer,spacy
MARIMED INC.,8-K,Howard Schacter,Vice President,spacy
"Stabilis Solutions, Inc.",8-K,Andrew L. Puhala,Chief Financial Officer,spacy
"Stabilis Solutions, Inc.",8-K,Andrew Puhala,Chief Financial Officer,spacy
"Orchestra BioMed Holdings, Inc.",8-K,Andrew Taylor,President,spacy
"Orchestra BioMed Holdings, Inc.",8-K,Yuval Mika,President,spacy
"Orchestra BioMed Holdings, Inc.",8-K,George Papandreou,President,spacy
"Orchestra BioMed Holdings, Inc.",8-K,Bob Laughner,Chief Clinical Officer,spacy
Greenpro Capital Corp.,8-K,Kumar Kantilal H. Sheth,Director,spacy
Greenpro Capital Corp.,8-K,Mean Kwong Han,Director,spacy
Greenpro Capital Corp.,8-K,Mean Kwong,Director,spacy
Greenpro Capital Corp.,8-K,Lee Chong,Chief Executive Officer,spacy
Greenpro Capital Corp.,8-K,Loke Che Chan,Chief Executive Officer,spacy
Greenpro Capital Corp.,8-K,Sheth Prabodh,Director,spacy
Greenpro Capital Corp.,8-K,Lee Chong Kuang,Director,spacy
Greenpro Capital Corp.,8-K,Kuang Lee Chong,Director,spacy
Greenpro Capital Corp.,8-K,Kumar Kantilal,Chief Executive Officer,spacy
Greenpro Capital Corp.,8-K,Hulu Kelang,Director,spacy
"Global Water Resources, Inc.",8-K,Michael J. Liebman,Chief Financial Officer,spacy
"Global Water Resources, Inc.",8-K,Ron Fleming,President,spacy
"Global Water Resources, Inc.",8-K,Mike Liebman,Cto,spacy
"Burlington Stores, Inc.",8-K,David Glick,Vice President,spacy
HARVARD BIOSCIENCE INC,8-K,Jim Green,Chairman,spacy
CIENA CORP,8-K,Gary Smith,President,spacy
ALTISOURCE PORTFOLIO SOLUTIONS S.A.,8-K,William B. Shepro,Chairman,spacy
METHODE ELECTRONICS INC,8-K,Avi Avula,President,spacy
METHODE ELECTRONICS INC,8-K,Ronald L. G. Tsoumas,President,spacy
METHODE ELECTRONICS INC,8-K,Robert K. Cherry,Vice President,spacy
"Neumora Therapeutics, Inc.",8-K,Henry Gosebruch,Chief Executive Officer,spacy
"Neumora Therapeutics, Inc.",8-K,Joshua Pinto,Chief Financial Officer,spacy
"Neumora Therapeutics, Inc.",8-K,Robert Lenz,Cto,spacy
"Neumora Therapeutics, Inc.",8-K,Jason Duncan,Vice President,spacy
"Neumora Therapeutics, Inc.",8-K,Kaya Pai Panandiker,Chief Commercial Officer,spacy
"Neumora Therapeutics, Inc.",8-K,Pai Panandiker,Chief Commercial Officer,spacy
MONEYLION INC.,8-K,Dee Choubey,Chief Executive Officer,spacy
Drilling Tools International Corp,8-K,Wayne Prejean,Chief Executive Officer,spacy
Drilling Tools International Corp,8-K,Michael J. Blankenship,Director,spacy
Drilling Tools International Corp,8-K,Michael Ronca,Director,spacy
Drilling Tools International Corp,8-K,G. Troy,Chief Executive Officer,spacy
Drilling Tools International Corp,8-K,Troy Meier,Chairman,spacy
"ACORN ENERGY, INC.",8-K,Jan Loeb,Ceo,spacy
TORO CO,8-K,Angela C. Drake,Vice President,spacy
TORO CO,8-K,Richard M. Olson,Chairman,spacy
"ARS Pharmaceuticals, Inc.",8-K,Richard Lowenthal,President,spacy
"ARS Pharmaceuticals, Inc.",8-K,Jonathan Spergel,Chief Executive Officer,spacy
"ARS Pharmaceuticals, Inc.",8-K,Eric Karas,Chief Commercial Officer,spacy
"ARS Pharmaceuticals, Inc.",8-K,Thomas B. Casale,Chief Commercial Officer,spacy
"ARS Pharmaceuticals, Inc.",8-K,Jonathan M. Spergel,Unknown,spacy
"ARS Pharmaceuticals, Inc.",8-K,Rev Clin Immunol,Cto,spacy
"ARS Pharmaceuticals, Inc.",8-K,Proven Triad,Ceo,spacy
"Biomea Fusion, Inc.",8-K,Thomas Butler,Unknown,spacy
"Biomea Fusion, Inc.",8-K,Chunyi Zhao,Director,spacy
"Biomea Fusion, Inc.",8-K,Neera Chaudhary,Director,spacy
MACROGENICS INC,8-K,Jeffrey Peters,Vice President,spacy
MACROGENICS INC,8-K,Jim Karrels,Vice President,spacy
"American Outdoor Brands, Inc.",8-K,Brian Murphy,President,spacy
"American Outdoor Brands, Inc.",8-K,Andrew Fulmer,Chief Financial Officer,spacy
ALX ONCOLOGY HOLDINGS INC,8-K,Jason Lettmann,Chief Executive Officer,spacy
ALX ONCOLOGY HOLDINGS INC,8-K,Jaume Pons,Ceo,spacy
"Poseida Therapeutics, Inc.",8-K,Johanna M. Mylet,Chief Financial Officer,spacy
"Poseida Therapeutics, Inc.",8-K,Kristin Yarema,President,spacy
"Poseida Therapeutics, Inc.",8-K,Alexander Chapman,Vice President,spacy
"Poseida Therapeutics, Inc.",8-K,Brent Warner,President,spacy
"Poseida Therapeutics, Inc.",8-K,Sarah Thailing,Vice President,spacy
CHICAGO RIVET & MACHINE CO,8-K,Karen G. Ong,Director,spacy
"Marvell Technology, Inc.",8-K,Willem Meintjes,Chief Financial Officer,spacy
"Marvell Technology, Inc.",8-K,Matt Murphy,Chairman,spacy
CareView Communications Inc,8-K,Steven G. Johnson,Chief Executive Officer,spacy
"CarParts.com, Inc.",8-K,Ryan Lockwood,Chief Financial Officer,spacy
"CarParts.com, Inc.",8-K,David Meniane,Ceo,spacy
"CarParts.com, Inc.",8-K,Michael Huffaker,Ceo,spacy
"IGM Biosciences, Inc.",8-K,Fred Schwarzer,Chief Executive Officer,spacy
Samsara Inc.,8-K,Adam Eltoukhy,Vice President,spacy
Samsara Inc.,8-K,Sanjit Biswas,Ceo,spacy
"Traeger, Inc.",8-K,Jeremy Andrus,Ceo,spacy
"Traeger, Inc.",8-K,Traeger Traeger Grills,Coo,spacy
"Viracta Therapeutics, Inc.",8-K,Mark Rothera,Cto,spacy
"Viracta Therapeutics, Inc.",8-K,Dan Chevallard,Chief Operating Officer,spacy
"Viracta Therapeutics, Inc.",8-K,Daniel Chevallard,Chief Operating Officer,spacy
NOODLES & Co,8-K,Drew Madsen,Director,spacy
NOODLES & Co,8-K,Branden Berns,General Counsel,spacy
NEPHROS INC,8-K,Kirin Smith,President,spacy
NEPHROS INC,8-K,Lackawanna Place,Chief Financial Officer,spacy
ESCALADE INC,8-K,Anita Sehgal,Director,spacy
Cherry Hill Mortgage Investment Corp,8-K,Jay Lown,President,spacy
Cherry Hill Mortgage Investment Corp,8-K,Michael Hutchby,Chief Financial Officer,spacy
GAP INC,8-K,Richard Dickson,President,spacy
"Custom Truck One Source, Inc.",8-K,Christopher J. Eperjesy,Chief Financial Officer,spacy
Oil-Dri Corp of America,8-K,Laura G. Scheland,Vice President,spacy
"Guidewire Software, Inc.",8-K,Mike Rosenbaum,Chief Executive Officer,spacy
OppFi Inc.,8-K,Pamela D. Johnson,Chief Financial Officer,spacy
OppFi Inc.,8-K,Todd Schwartz,Chairman,spacy
"NCS Multistage Holdings, Inc.",8-K,Mike Morrison Mike,Chief Financial Officer,spacy
"NCS Multistage Holdings, Inc.",8-K,Ryan Hummer,Chief Executive Officer,spacy
"NCS Multistage Holdings, Inc.",8-K,Mike Morrison,Chief Financial Officer,spacy
Markforged Holding Corp,8-K,Shai Terem,Cto,spacy
Markforged Holding Corp,8-K,Austin Bohlig,Director,spacy
Markforged Holding Corp,8-K,Markforged Markforged,Cto,spacy
Markforged Holding Corp,8-K,Sam Manning,Director,spacy
Inspirato Inc,8-K,Eric Grosse,Chief Executive Officer,spacy
Inspirato Inc,8-K,Robert Kaiden,Chief Financial Officer,spacy
Inspirato Inc,8-K,Eric Grossa,Ceo,spacy
Inspirato Inc,8-K,Robert K.,Ceo,spacy
"Mission Produce, Inc.",8-K,Steve Barnard,President,spacy
"Mission Produce, Inc.",8-K,John Pawlowski,President,spacy
"Mission Produce, Inc.",8-K,Stephen J. Barnard,President,spacy
PREFORMED LINE PRODUCTS CO,8-K,Rob Ruhlman,Chairman,spacy
JOINT Corp,8-K,Peter D. Holt,President,spacy
JOINT Corp,8-K,Nationwide Brand,Coo,spacy
JOINT Corp,8-K,Jake Singleton,Cfo,spacy
TEAM INC,8-K,Nelson M.,Chief Financial Officer,spacy
TEAM INC,8-K,Keith D. Tucker,Chief Executive Officer,spacy
"Rivulet Entertainment, Inc.",8-K,Michael Witherill,President,spacy
COFFEE HOLDING CO INC,8-K,Joseph Nelson,President,spacy
"Red Violet, Inc.",8-K,Derek Dubner,Chief Executive Officer,spacy
"Red Violet, Inc.",8-K,James Reilly,President,spacy
"Red Violet, Inc.",8-K,Jeff Dell,Cfo,spacy
"Red Violet, Inc.",8-K,Angus Macnab,Cto,spacy
"Red Violet, Inc.",8-K,Margy Grant,Ceo,spacy
"Red Violet, Inc.",8-K,John Gormley,Ceo,spacy
"Xtant Medical Holdings, Inc.",8-K,Sean Browne,President,spacy
"Xtant Medical Holdings, Inc.",8-K,Tom Letscher,Unknown,spacy
"Nine Energy Service, Inc.",8-K,Ann Fox,President,spacy
DBV Technologies S.A.,8-K,Viaskin Peanut,Director,spacy
DBV Technologies S.A.,8-K,Kevin Malobisky,Chief Financial Officer,spacy
DXP ENTERPRISES INC,8-K,David Molero,Vice President,spacy
Star Alliance International Corp.,8-K,Anthony L. Anish,Chief Financial Officer,spacy
"Lazydays Holdings, Inc.",8-K,Kelly Porter,Chief Financial Officer,spacy
DIXIE GROUP INC,8-K,Allen Danzey,Chief Financial Officer,spacy
DIXIE GROUP INC,8-K,Daniel K. Frierson,Chairman,spacy
Ovid Therapeutics Inc.,8-K,Thomas M. Perone,General Counsel,spacy
Ovid Therapeutics Inc.,8-K,Jeremy Levin,Chairman,spacy
Ovid Therapeutics Inc.,8-K,D. Phil,Chairman,spacy
Structure Therapeutics Inc.,8-K,Raymond Stevens,Ceo,spacy
CPS TECHNOLOGIES CORP/DE/,8-K,Brian Mackey,President,spacy
CPS TECHNOLOGIES CORP/DE/,8-K,Charles K. Griffith,Chief Financial Officer,spacy
"Twin Vee PowerCats, Co.",8-K,Carrie Gunnerson,Cto,spacy
"Twin Vee PowerCats, Co.",8-K,Jim Leffew,Chief Executive Officer,spacy
MAUI LAND & PINEAPPLE CO INC,8-K,Wade K. Kodama,Chief Financial Officer,spacy
"Strawberry Fields REIT, Inc.",8-K,Strawberry Fields,Director,spacy
"Free Flow USA, Inc.",8-K,Sabir Saleem,Ceo,spacy
AMREP CORP.,8-K,Adrienne M. Uleau,Vice President,spacy
GE Vernova Inc.,8-K,Kenneth Parks,Director,spacy
GE Vernova Inc.,8-K,Steven Baert,President,spacy
GE Vernova Inc.,8-K,Jessica Uhl,Director,spacy
GE Vernova Inc.,8-K,Nicholas Akins,Chief Executive Officer,spacy
GE Vernova Inc.,8-K,Stephen Angel,Cto,spacy
GE Vernova Inc.,8-K,Arnold Donald,General Counsel,spacy
GE Vernova Inc.,8-K,Matthew Harris,General Counsel,spacy
GE Vernova Inc.,8-K,Jesus Malave,Chief People Officer,spacy
GE Vernova Inc.,8-K,Paula Rosput,Director,spacy
GE Vernova Inc.,8-K,Kim Rucker,Director,spacy
GE Vernova Inc.,8-K,Victor Abate,Cto,spacy
GE Vernova Inc.,8-K,Foster Farms,President,spacy
GE Vernova Inc.,8-K,Paula Rosput Reynolds,Director,spacy
"CARGO Therapeutics, Inc.",8-K,Gina Chapman,Chief Executive Officer,spacy
"Bancorp 34, Inc.",8-K,Jim Crotty,President,spacy
"Bancorp 34, Inc.",8-K,Kevin Vaughn,Chief Financial Officer,spacy
Fortrea Holdings Inc.,8-K,Sam Osman,President,spacy
Fortrea Holdings Inc.,8-K,Tom Pike,Chairman,spacy
Fortrea Holdings Inc.,8-K,Gene Gorbach,Director,spacy
Fortrea Holdings Inc.,8-K,Smith Anderson,Unknown,spacy
Investcorp Europe Acquisition Corp I,8-K,Century Yard,Chief Executive Officer,spacy
Investcorp Europe Acquisition Corp I,8-K,George Town,Chief Executive Officer,spacy
"LEXICON PHARMACEUTICALS, INC.",8-K,David P. Oelman,General Counsel,spacy
"LEXICON PHARMACEUTICALS, INC.",8-K,Brian T. Crum,Vice President,spacy
"LEXICON PHARMACEUTICALS, INC.",8-K,Craig Granowitz,Cto,spacy
"LEXICON PHARMACEUTICALS, INC.",8-K,Michael J. Davies,Cto,spacy
"ACELYRIN, Inc.",8-K,Gil M. Labrucherie,Chief Financial Officer,spacy
"ACELYRIN, Inc.",8-K,Philip Mease,Director,spacy
"ACELYRIN, Inc.",8-K,Kim Papp,President,spacy
OPAL Fuels Inc.,8-K,Opal Fuels,Unknown,spacy
OPAL Fuels Inc.,8-K,Opal Parent,Unknown,spacy
OPAL Fuels Inc.,8-K,Sight Draft,Unknown,spacy
"NewLake Capital Partners, Inc.",8-K,Jarrett Annenberg,Chief Executive Officer,spacy
"NewLake Capital Partners, Inc.",8-K,Alan Carr,Director,spacy
"NewLake Capital Partners, Inc.",8-K,Joyce Johnson,Director,spacy
"NewLake Capital Partners, Inc.",8-K,Peter Kadens,Director,spacy
"NewLake Capital Partners, Inc.",8-K,Peter Martay,Director,spacy
"NewLake Capital Partners, Inc.",8-K,David Weinstein,Director,spacy
"NewLake Capital Partners, Inc.",8-K,David Boies,Cto,spacy
DYADIC INTERNATIONAL INC,8-K,Mark Emalfarb,President,spacy
Rigel Resource Acquisition Corp.,8-K,Dov Lader,Director,spacy
Rigel Resource Acquisition Corp.,8-K,Abigail Taliep,Director,spacy
Rigel Resource Acquisition Corp.,8-K,Caroline Roosje,Director,spacy
Rigel Resource Acquisition Corp.,8-K,Expenses Cap,Director,spacy
Rigel Resource Acquisition Corp.,8-K,Nathanael Abebe,Chief Executive Officer,spacy
Rigel Resource Acquisition Corp.,8-K,Richard Floyd,Chief Executive Officer,spacy
Rigel Resource Acquisition Corp.,8-K,Jon Lamb,Chief Executive Officer,spacy
Rigel Resource Acquisition Corp.,8-K,Nate Abebe,President,spacy
Rigel Resource Acquisition Corp.,8-K,Oskar Le,Ceo,spacy
Rigel Resource Acquisition Corp.,8-K,Timothy Keating Independent Dire,Cto,spacy
"Koil Energy Solutions, Inc.",8-K,Charles Njuguna,President,spacy
"Koil Energy Solutions, Inc.",8-K,Erik Wiik,Director,spacy
"Koil Energy Solutions, Inc.",8-K,Charles K. Njuguna,President,spacy
"Koil Energy Solutions, Inc.",8-K,David Douglas,Chairman,spacy
"Koil Energy Solutions, Inc.",8-K,David J. Douglas,Chairman,spacy
CORE MOLDING TECHNOLOGIES INC,8-K,David Duvall,Chief Executive Officer,spacy
"Propanc Biopharma, Inc.",8-K,Edward Deese,Ceo,spacy
"WORLD HEALTH ENERGY HOLDINGS, INC.",8-K,Giora Rozensweig,Chief Executive Officer,spacy
Ranpak Holdings Corp.,8-K,William Drew,Vice President,spacy
Ranpak Holdings Corp.,8-K,Omar Asali,Chairman,spacy
"Olema Pharmaceuticals, Inc.",8-K,Geoffrey Mogilner,Vice President,spacy
"Olema Pharmaceuticals, Inc.",8-K,Shane Kovacs,Unknown,spacy
"Olema Pharmaceuticals, Inc.",8-K,Sean P. Bohen,President,spacy
"Asana, Inc.",8-K,Dustin Moskovitz,Chief Executive Officer,spacy
ORACLE CORP,8-K,Maria Smith,Vice President,spacy
ORACLE CORP,8-K,Deborah Hellinger,Unknown,spacy
ORACLE CORP,8-K,Safra Catz,Ceo,spacy
ORACLE CORP,8-K,Larry Ellison,Chairman,spacy
FEDEX CORP,8-K,Robert B. Carter,Vice President,spacy
FEDEX CORP,8-K,Sriram Krishnasamy,Vice President,spacy
"PLAYSTUDIOS, Inc.",8-K,Andrew Pascal,Chairman,spacy
"Caribou Biosciences, Inc.",8-K,Rachel Haurwitz,President,spacy
"NIKE, Inc.",8-K,Matthew Friend,Vice President,spacy
CASEYS GENERAL STORES INC,8-K,Darren Rebelez,Chairman,spacy
"Smart Sand, Inc.",8-K,Charles Young,Chief Executive Officer,spacy
"Smart Sand, Inc.",8-K,Lee Beckelman,Chief Financial Officer,spacy
Principal Real Estate Income Fund,8-K,Ernest J. Scalberg,Cto,spacy
Principal Real Estate Income Fund,8-K,Jerry G. Rutledge,Chairman,spacy
Principal Real Estate Income Fund,8-K,Jeremy Held,Chairman,spacy
NATURES SUNSHINE PRODUCTS INC,8-K,Terrence O. Moorehead,Director,spacy
NATURES SUNSHINE PRODUCTS INC,8-K,L. Shane Jones,Chief Financial Officer,spacy
NATURES SUNSHINE PRODUCTS INC,8-K,Martin Gonzalez,Vice President,spacy
NATURES SUNSHINE PRODUCTS INC,8-K,Nathan G. Brower,Vice President,spacy
"XWELL, Inc.",8-K,Ezra Ernst,Ceo,spacy
"Blade Air Mobility, Inc.",8-K,Rob Wiesenthal,Chief Executive Officer,spacy
"Blade Air Mobility, Inc.",8-K,Will Heyburn,Chief Financial Officer,spacy
"Ascend Wellness Holdings, Inc.",8-K,John Hartmann,Chief Executive Officer,spacy
"Ascend Wellness Holdings, Inc.",8-K,Mark Cassebaum,Chief Executive Officer,spacy
"Ascend Wellness Holdings, Inc.",8-K,Chris Holzer,Chief Financial Officer,spacy
"Ascend Wellness Holdings, Inc.",8-K,Rick Wilkins,Chief Financial Officer,spacy
"Ascend Wellness Holdings, Inc.",8-K,Denise Pedulla,Chief Legal Officer,spacy
"Ascend Wellness Holdings, Inc.",8-K,Melissa Feck,Chief Legal Officer,spacy
"LIFETIME BRANDS, INC",8-K,Laurence Winoker,Chief Financial Officer,spacy
"PLBY Group, Inc.",8-K,Ben Kohn,Chief Executive Officer,spacy
"ATOSSA THERAPEUTICS, INC.",8-K,Tessa Cigler,Director,spacy
"ATOSSA THERAPEUTICS, INC.",8-K,Steven Quay,Director,spacy
"Inozyme Pharma, Inc.",8-K,Matt Pera,Director,spacy
Li-Cycle Holdings Corp.,8-K,Tim Johnston,Chief Executive Officer,spacy
Li-Cycle Holdings Corp.,8-K,Justin Lee,Unknown,spacy
Li-Cycle Holdings Corp.,8-K,C. Switzerland,Unknown,spacy
Li-Cycle Holdings Corp.,8-K,Nitin Konchady,General Counsel,spacy
Li-Cycle Holdings Corp.,8-K,Susan Alban,Director,spacy
Li-Cycle Holdings Corp.,8-K,Jacqueline Dedo,Director,spacy
Li-Cycle Holdings Corp.,8-K,Anthony Tse,Director,spacy
Li-Cycle Holdings Corp.,8-K,Mark Wellings,Director,spacy
Li-Cycle Holdings Corp.,8-K,Diane Pearse,Director,spacy
Li-Cycle Holdings Corp.,8-K,Mark Kristoff,Director,spacy
"Hudson Global, Inc.",8-K,Jeff Eberwein,Ceo,spacy
MICROPAC INDUSTRIES INC,8-K,Mark King,Chief Executive Officer,spacy
Quest Resource Holding Corp,8-K,Daniel Friedberg,Director,spacy
"Allbirds, Inc.",8-K,Joey Zwillinger,Ceo,spacy
"Allbirds, Inc.",8-K,Joseph Zwillinger,Cto,spacy
"Allbirds, Inc.",8-K,Joe Vernachio,President,spacy
"Allbirds, Inc.",8-K,Richard Boyce,Director,spacy
"Allbirds, Inc.",8-K,Joe Vernachio Appointed,Coo,spacy
"CLOVER HEALTH INVESTMENTS, CORP. /DE",8-K,Andrew Toy,Ceo,spacy
TRANSACT TECHNOLOGIES INC,8-K,John Dillon,Chief Executive Officer,spacy
FLOTEK INDUSTRIES INC/CN/,8-K,Ryan Ezell,Chief Executive Officer,spacy
P3 Health Partners Inc.,8-K,Atul Kavthekar,Chief Financial Officer,spacy
"APPLIED ENERGETICS, INC.",8-K,Gregory J. Quarles Gregory,President,spacy
"APPLIED ENERGETICS, INC.",8-K,J. Quarles,President,spacy
"Identiv, Inc.",8-K,Steven Humphreys,Ceo,spacy
"Laird Superfood, Inc.",8-K,Jason Vieth,Chief Executive Officer,spacy
"Laird Superfood, Inc.",8-K,Laird Superfood,Chief Financial Officer,spacy
"FiscalNote Holdings, Inc.",8-K,Tim Hwang,Chairman,spacy
EASTERN CO,8-K,Mark Hernandez,President,spacy
PHX MINERALS INC.,8-K,Chad L. Stephens,Chief Executive Officer,spacy
PHX MINERALS INC.,8-K,Gross Wells,Coo,spacy
PHX MINERALS INC.,8-K,Haynesville Other Total,Coo,spacy
PHX MINERALS INC.,8-K,Jeff Grampp,President,spacy
PHX MINERALS INC.,8-K,Chad Stephens,President,spacy
PHX MINERALS INC.,8-K,Mark T. Behrman,Director,spacy
PHX MINERALS INC.,8-K,Glen A. Brown,Director,spacy
PHX MINERALS INC.,8-K,Lee M. Canaan,Director,spacy
PHX MINERALS INC.,8-K,Steven L. Packebush,Director,spacy
PHX MINERALS INC.,8-K,John H. Pinkerton,Director,spacy
PHX MINERALS INC.,8-K,Bakken Stack,Coo,spacy
"ThermoGenesis Holdings, Inc.",8-K,Haihong Zhu,Cto,spacy
"CalEthos, Inc.",8-K,Sean Fontenot,Director,spacy
Epsilon Energy Ltd.,8-K,Andrew Williamson,President,spacy
Epsilon Energy Ltd.,8-K,Henry Clanton,Unknown,spacy
Epsilon Energy Ltd.,8-K,J. Andrew Williamson,Chief Financial Officer,spacy
"Imunon, Inc.",8-K,Le Goff,President,spacy
"Imunon, Inc.",8-K,Michael H. Tardugno,Chief Executive Officer,spacy
"Imunon, Inc.",8-K,Kim Sutton Golodetz,Vice President,spacy
"INTERPACE BIOSCIENCES, INC.",8-K,Tom Burnell,Chief Financial Officer,spacy
"WideOpenWest, Inc.",8-K,John Rego,Chief Financial Officer,spacy
"WideOpenWest, Inc.",8-K,Teresa Elder,Ceo,spacy
"Entrada Therapeutics, Inc.",8-K,Dipal Doshi,Chief Executive Officer,spacy
"Entrada Therapeutics, Inc.",8-K,Doshi Dipal,Chief Executive Officer,spacy
"Entrada Therapeutics, Inc.",8-K,Nathan Dowden,Chief Operating Officer,spacy
"Entrada Therapeutics, Inc.",8-K,Kevin Healy,Vice President,spacy
"Entrada Therapeutics, Inc.",8-K,Marie Rosenfeld,Vice President,spacy
"Protara Therapeutics, Inc.",8-K,Jesse Shefferman,Chief Executive Officer,spacy
Leatt Corp,8-K,Sean Macdonald,Chief Executive Officer,spacy
Leatt Corp,8-K,Christopher Leatt,Chairman,spacy
"Aadi Bioscience, Inc.",8-K,Dave Lennon,President,spacy
"IGC Pharma, Inc.",8-K,Terry Lierman,Director,spacy
"IGC Pharma, Inc.",8-K,Ram Mukunda,Ceo,spacy
ALPHA PRO TECH LTD,8-K,Lloyd Hoffman,President,spacy
Enservco Corp,8-K,Richard A. Murphy,Ceo,spacy
Enservco Corp,8-K,Rich Murphy,Chairman,spacy
"Fossil Group, Inc.",8-K,Kevin Mansell,Chief Executive Officer,spacy
"Fossil Group, Inc.",8-K,Jeffrey Boyer,Chief Executive Officer,spacy
"Fossil Group, Inc.",8-K,Participants Fossil,Director,spacy
scPharmaceuticals Inc.,8-K,John Tucker,President,spacy
"PagerDuty, Inc.",8-K,Jennifer Tejada,Cto,spacy
"FTC Solar, Inc.",8-K,Shaker Sadasivam,Chairman,spacy
"FTC Solar, Inc.",8-K,Bill Michalek,Vice President,spacy
"SPRUCE BIOSCIENCES, INC.",8-K,Samir Gharib,President,spacy
"SPRUCE BIOSCIENCES, INC.",8-K,Javier Szwarcberg,Chief Executive Officer,spacy
"SentinelOne, Inc.",8-K,David Bernhardt,Chief Financial Officer,spacy
"SentinelOne, Inc.",8-K,Tomer Weingarten,Ceo,spacy
"SentinelOne, Inc.",8-K,Dave Bernhardt,Cfo,spacy
"SentinelOne, Inc.",8-K,Google Cloud,Cto,spacy
"SentinelOne, Inc.",8-K,Tomer Weingarten Dave Bernhardt,Ceo,spacy
"UiPath, Inc.",8-K,Brad Brubaker,Chief Legal Officer,spacy
"UiPath, Inc.",8-K,Rob Enslin,Chief Executive Officer,spacy
"UiPath, Inc.",8-K,Ashim Gupta,Chief Financial Officer,spacy
"UiPath, Inc.",8-K,Daniel Dines,Chief Innovation Officer,spacy
"KORU Medical Systems, Inc.",8-K,Linda Tharby,President,spacy
Turtle Beach Corp,8-K,Cris Keirn,Chief Executive Officer,spacy
Turtle Beach Corp,8-K,John Hanson,Chief Executive Officer,spacy
Logan Ridge Finance Corp.,8-K,Brandon Satoren,Cto,spacy
LENNAR CORP /NEW/,8-K,Stuart Miller,Chairman,spacy
LENNAR CORP /NEW/,8-K,Jon Jaffe,Chief Executive Officer,spacy
PROFIRE ENERGY INC,8-K,Ryan Oviatt,Chief Executive Officer,spacy
PROFIRE ENERGY INC,8-K,Cameron Tidball,Ceo,spacy
Solventum Corp,8-K,Bryan Hanson,Chief Executive Officer,spacy
Solventum Corp,8-K,Welch Allyn,Cto,spacy
Solventum Corp,8-K,Marcela Kirberger,Unknown,spacy
Solventum Corp,8-K,Lowenstein Sandler,Chief Compliance Officer,spacy
Solventum Corp,8-K,Pontificia Universidad Javeriana,Director,spacy
Solventum Corp,8-K,Glenn A. Eisenberg,Director,spacy
Solventum Corp,8-K,Karen J. May,Director,spacy
Solventum Corp,8-K,Elizabeth A. Mily,Director,spacy
Solventum Corp,8-K,Thermo Fisher,Cto,spacy
Solventum Corp,8-K,John H. Weiland,Director,spacy
Solventum Corp,8-K,Amy A. Wendell,Director,spacy
Solventum Corp,8-K,Darryl L. Wilson,Director,spacy
Solventum Corp,8-K,Karen May,Unknown,spacy
Solventum Corp,8-K,Darryl Wilson,Director,spacy
Solventum Corp,8-K,Amy Wendell,Director,spacy
Solventum Corp,8-K,Bryan C. Hanson,President,spacy
Solventum Corp,8-K,Bair Hugger,Cto,spacy
"Limbach Holdings, Inc.",8-K,Jay Sharp,President,spacy
"Limbach Holdings, Inc.",8-K,Jake Marshall,President,spacy
"Limbach Holdings, Inc.",8-K,Nick Angerosa,President,spacy
"Limbach Holdings, Inc.",8-K,Harper Limbach,President,spacy
"Limbach Holdings, Inc.",8-K,Joining Harper,President,spacy
"Limbach Holdings, Inc.",8-K,Matt Katz,Vice President,spacy
"Limbach Holdings, Inc.",8-K,Dominick Traina,Vice President,spacy
"Limbach Holdings, Inc.",8-K,Laurel Krzeminski,Chief Financial Officer,spacy
"Limbach Holdings, Inc.",8-K,Gordon Pratt,Director,spacy
"Limbach Holdings, Inc.",8-K,Norbert Young,Vice President,spacy
"Limbach Holdings, Inc.",8-K,Linda Alvarado,President,spacy
"Limbach Holdings, Inc.",8-K,Linda G. Alvarado,President,spacy
Catalyst Crew Technologies Corp.,8-K,Gurneet Kaur,President,spacy
"Protalix BioTherapeutics, Inc.",8-K,Eliot Richard Forster,Chairman,spacy
"Protalix BioTherapeutics, Inc.",8-K,Zeev Bronfeld,Chairman,spacy
"GoHealth, Inc.",8-K,Vijay Kotte,Ceo,spacy
"GoHealth, Inc.",8-K,Jason Schulz,Cfo,spacy
"Monte Rosa Therapeutics, Inc.",8-K,Markus Warmuth,Chief Executive Officer,spacy
"Monte Rosa Therapeutics, Inc.",8-K,Monte Rosa,Cto,spacy
"Monte Rosa Therapeutics, Inc.",8-K,Edmund Dunn,Unknown,spacy
"Monte Rosa Therapeutics, Inc.",8-K,Filip Janku,Chief Medical Officer,spacy
"Monte Rosa Therapeutics, Inc.",8-K,John Castle,Chief Medical Officer,spacy
"Monte Rosa Therapeutics, Inc.",8-K,Sharon Townson,Chief Medical Officer,spacy
"Monte Rosa Therapeutics, Inc.",8-K,Owen Wallace,Chief Executive Officer,spacy
"Monte Rosa Therapeutics, Inc.",8-K,Phil Nickson,Chief Technology Officer,spacy
SecureWorks Corp,8-K,Wendy Thomas,Ceo,spacy
"DICK'S SPORTING GOODS, INC.",8-K,Nate Gilch,Director,spacy
"Cullinan Therapeutics, Inc.",8-K,Nadim Ahmed,Chief Executive Officer,spacy
"Cullinan Therapeutics, Inc.",8-K,Jeffrey Trigilio,Chief Financial Officer,spacy
"Cullinan Therapeutics, Inc.",8-K,Jeff Trigilio,Chief Financial Officer,spacy
"NovaBay Pharmaceuticals, Inc.",8-K,Material Customer,Cto,spacy
"NovaBay Pharmaceuticals, Inc.",8-K,Buyer Indemnitees,Cto,spacy
"NovaBay Pharmaceuticals, Inc.",8-K,Audrey Kunin,Cto,spacy
"NovaBay Pharmaceuticals, Inc.",8-K,Justin Hall,Ceo,spacy
"NovaBay Pharmaceuticals, Inc.",8-K,Jody Cain,Chief Executive Officer,spacy
Cuentas Inc.,8-K,Shalom Arik Maimon,Chief Executive Officer,spacy
Cuentas Inc.,8-K,Bruce K. Terwilliger,Coo,spacy
Cuentas Inc.,8-K,Boris Tabak,President,spacy
Cuentas Inc.,8-K,Arik Maimon,President,spacy
Global Star Acquisition Inc.,8-K,Nicholas Khoo,Chairman,spacy
Global Star Acquisition Inc.,8-K,Shan Cui,Chairman,spacy
"Co-Diagnostics, Inc.",8-K,Ivory Chang,Unknown,spacy
"Co-Diagnostics, Inc.",8-K,Dwight Egan,Chief Executive Officer,spacy
aTYR PHARMA INC,8-K,Ashlee Dunston,Director,spacy
aTYR PHARMA INC,8-K,Wayne A. I. Frederick,President,spacy
"Phreesia, Inc.",8-K,Hilary Hatch,Chief Clinical Officer,spacy
"Kezar Life Sciences, Inc.",8-K,Chris Kirk,Chief Executive Officer,spacy
"Kezar Life Sciences, Inc.",8-K,Gitanjali Jain,Vice President,spacy
"ONE Group Hospitality, Inc.",8-K,Tyler Loy,Chief Financial Officer,spacy
"Ulta Beauty, Inc.",8-K,Dave Kimbell,Chief Executive Officer,spacy
"Ulta Beauty, Inc.",8-K,Kiley Rawlins,Vice President,spacy
"Blend Labs, Inc.",8-K,Amir Jafari,Unknown,spacy
"IN8BIO, INC.",8-K,William Ho,Ceo,spacy
"Enliven Therapeutics, Inc.",8-K,Sam Kintz,Chief Executive Officer,spacy
JONES SODA CO,8-K,Victor Petrone,Cto,spacy
JONES SODA CO,8-K,Kona Grill,Cto,spacy
JONES SODA CO,8-K,Jones Soda,President,spacy
JONES SODA CO,8-K,Mary Jones,President,spacy
JONES SODA CO,8-K,Eric Chastain,Coo,spacy
JONES SODA CO,8-K,Eric Bittner,Coo,spacy
JONES SODA CO,8-K,Keurig Dr Pepper,Coo,spacy
JONES SODA CO,8-K,Mary Money,Coo,spacy
JONES SODA CO,8-K,Loic Tomei,Director,spacy
JONES SODA CO,8-K,Kilter Films,Cto,spacy
"Brilliant Earth Group, Inc.",8-K,Jeff Kuo,Chief Financial Officer,spacy
"Brilliant Earth Group, Inc.",8-K,Beth Gerstein,Chief Executive Officer,spacy
TerrAscend Corp.,8-K,Ziad Ghanem,Chief Executive Officer,spacy
TerrAscend Corp.,8-K,Keith Stauffer,Chief Financial Officer,spacy
TerrAscend Corp.,8-K,Jason Wild,Chairman,spacy
Zumiez Inc,8-K,Rick Brooks,Chief Executive Officer,spacy
EASTMAN KODAK CO,8-K,Richard T. Michaels,Chief Accounting Officer,spacy
EASTMAN KODAK CO,8-K,David Bullwinkle,Cfo,spacy
MARCHEX INC,8-K,Edwin Miller,Ceo,spacy
FREQUENCY ELECTRONICS INC,8-K,Steven Bernstein,President,spacy
Fathom Holdings Inc.,8-K,Steve Murray,Director,spacy
Fathom Holdings Inc.,8-K,Joshua Harley,Director,spacy
EverCommerce Inc.,8-K,Lisa Storey,General Counsel,spacy
EverCommerce Inc.,8-K,Eric Remer,Ceo,spacy
NORTHWEST BIOTHERAPEUTICS INC,8-K,Jerry Jasinowski,Director,spacy
"Montauk Renewables, Inc.",8-K,John Ciroli,Chief Legal Officer,spacy
Regulus Therapeutics Inc.,8-K,Stelios Papadopoulos,Chairman,spacy
Regulus Therapeutics Inc.,8-K,Asa M. Henin,Coo,spacy
Regulus Therapeutics Inc.,8-K,Sarah Sutton,Chief Financial Officer,spacy
Regulus Therapeutics Inc.,8-K,Preston Klassen,President,spacy
OPTICAL CABLE CORP,8-K,Neil Wilkin,Chairman,spacy
OPTICAL CABLE CORP,8-K,Tracy Smith,Chairman,spacy
OPTICAL CABLE CORP,8-K,Aaron Palash,Vice President,spacy
OPTICAL CABLE CORP,8-K,Spencer Hoffman Joele Frank,Chairman,spacy
Redwire Corp,8-K,Peter Cannito,Chairman,spacy
"Forge Global Holdings, Inc.",8-K,Larry Leibowitz,Director,spacy
"ALLURION TECHNOLOGIES, INC.",8-K,Shantanu Gaur,Ceo,spacy
"GPO Plus, Inc.",8-K,Christopher Harter,Cto,spacy
Portman Ridge Finance Corp,8-K,Portman Ridge,Chief Executive Officer,spacy
"CBAK Energy Technology, Inc.",8-K,Jiewei Li,Chief Financial Officer,spacy
"CBAK Energy Technology, Inc.",8-K,Yunfei Li,Chairman,spacy
YUNHONG GREEN CTI LTD.,8-K,Frank Cesario Frank,Chief Executive Officer,spacy
YUNHONG GREEN CTI LTD.,8-K,Sixu Zhang,Chief Executive Officer,spacy
YUNHONG GREEN CTI LTD.,8-K,Levenfeld Pearlstein,Ceo,spacy
YUNHONG GREEN CTI LTD.,8-K,Harold Israel,Ceo,spacy
YUNHONG GREEN CTI LTD.,8-K,Sally Styles,Chief Executive Officer,spacy
"Townsquare Media, Inc.",8-K,Bill Wilson,Chief Executive Officer,spacy
"PALTALK, INC.",8-K,Jason Katz,Chairman,spacy
TELOS CORP,8-K,Mark Bendza,Chief Financial Officer,spacy
TELOS CORP,8-K,John B. Wood,Chairman,spacy
"ProPhase Labs, Inc.",8-K,Ted Karkus,Chairman,spacy
TREDEGAR CORP,8-K,John Steitz,President,spacy
TREDEGAR CORP,8-K,Terphane Limitada,Cto,spacy
TREDEGAR CORP,8-K,Terphane Brazil,Cto,spacy
Monogram Technologies Inc.,8-K,Ben Sexson,Chief Executive Officer,spacy
Monogram Technologies Inc.,8-K,Doug Unis,Chief Executive Officer,spacy
Monogram Technologies Inc.,8-K,Kamran Shamaei,Chief Executive Officer,spacy
Monogram Technologies Inc.,8-K,Noel Knape,Chief Executive Officer,spacy
"YOUNEEQAI TECHNICAL SERVICES, INC.",8-K,Murray Galbraith,Ceo,spacy
"YOUNEEQAI TECHNICAL SERVICES, INC.",8-K,David Edmunds,Ceo,spacy
"YOUNEEQAI TECHNICAL SERVICES, INC.",8-K,James Romano,Director,spacy
VILLAGE SUPER MARKET INC,8-K,John L. Van Orden,Chief Financial Officer,spacy
VILLAGE SUPER MARKET INC,8-K,John Van Orden,Cfo,spacy
"Everything Blockchain, Inc.",8-K,Eric C. Jaffe,Cto,spacy
"Everything Blockchain, Inc.",8-K,Craig T. Stephens,Director,spacy
LIPELLA PHARMACEUTICALS INC.,8-K,Jonathan H. Kaufman,Chief Executive Officer,spacy
LIPELLA PHARMACEUTICALS INC.,8-K,Michael B. Chancellor,Chief Executive Officer,spacy
LIPELLA PHARMACEUTICALS INC.,8-K,Douglas Johnston,Chief Financial Officer,spacy
"BBX Capital, Inc.",8-K,Brett Sheppard,Chief Financial Officer,spacy
"NI Holdings, Inc.",8-K,Michael J. Alexander,President,spacy
"J.Jill, Inc.",8-K,James Scully,Cto,spacy
Nature's Miracle Holding Inc.,8-K,Darin Carpenter,Chairman,spacy
Nature's Miracle Holding Inc.,8-K,Jon Montgomery,Chief Operating Officer,spacy
Nature's Miracle Holding Inc.,8-K,Independence Reference,Director,spacy
Nature's Miracle Holding Inc.,8-K,George Yutuc,Chief Executive Officer,spacy
Nature's Miracle Holding Inc.,8-K,Tie Li,Chief Executive Officer,spacy
Nature's Miracle Holding Inc.,8-K,Charles Jourdan Hausman,Chief Financial Officer,spacy
Nature's Miracle Holding Inc.,8-K,H. David Sherman,Chief Financial Officer,spacy
Nature's Miracle Holding Inc.,8-K,Jon M. Montgomery,Unknown,spacy
"Lument Finance Trust, Inc.",8-K,James A. Briggs,Chief Financial Officer,spacy
"Lument Finance Trust, Inc.",8-K,James Briggs,Chief Financial Officer,spacy
AlphaVest Acquisition Corp.,8-K,Brian Hartzband,Cto,spacy
"Exela Technologies, Inc.",8-K,Zach Maul Zach,Unknown,spacy
EXAGEN INC.,8-K,John Aballi,President,spacy
ABEONA THERAPEUTICS INC.,8-K,Vish Seshadri,Chief Executive Officer,spacy
Insight Select Income Fund,8-K,David Leduc,President,spacy
Insight Select Income Fund,8-K,Gautam Khanna,President,spacy
TABLE TRAC INC,8-K,Randy Gilbert,Chief Financial Officer,spacy
TABLE TRAC INC,8-K,Randy Gilbert Table Trac,Cto,spacy
Lantern Pharma Inc.,8-K,Panna Sharma,President,spacy
Lantern Pharma Inc.,8-K,Jianli Zhou,Cto,spacy
"Acurx Pharmaceuticals, Inc.",8-K,Robert G. Shawah,President,spacy
"Acurx Pharmaceuticals, Inc.",8-K,Kevin Garey,Cto,spacy
"Forte Biosciences, Inc.",8-K,Steve Doberstein,Cfo,spacy
"Forte Biosciences, Inc.",8-K,Steve Kornfeld,Chief Scientific Officer,spacy
"Forte Biosciences, Inc.",8-K,Don Williams,Cto,spacy
"Forte Biosciences, Inc.",8-K,Tony Riley,Ceo,spacy
"Forte Biosciences, Inc.",8-K,Chris Roenfeldt,Ceo,spacy
"Forte Biosciences, Inc.",8-K,Steven Ruhl,Ceo,spacy
"Wilhelmina International, Inc.",8-K,Alexander F. Mehr,Cto,spacy
Texas Mineral Resources Corp.,8-K,Donald Hulse,Director,spacy
Texas Mineral Resources Corp.,8-K,Deepak Malhotra,Director,spacy
Texas Mineral Resources Corp.,8-K,Withheld Anthony Marchese,Director,spacy
Texas Mineral Resources Corp.,8-K,Dan Gorski,Director,spacy
RH,8-K,Jack Preston,Chief Financial Officer,spacy
RH,8-K,Assistant Treasurers,Director,spacy
"Greenwave Technology Solutions, Inc.",8-K,Raintree Rd,Chief Executive Officer,spacy
"Climb Bio, Inc.",8-K,Andrew Levin,Director,spacy
"Hartford Creative Group, Inc.",8-K,Rose Hong Wang,Cto,spacy
"Hartford Creative Group, Inc.",8-K,Lili Dai,Cfo,spacy
CALERES INC,8-K,Jay Schmidt,President,spacy
CALERES INC,8-K,Thomas C. Burke,Vice President,spacy
"Binah Capital Group, Inc.",8-K,David Shane,President,spacy
"Binah Capital Group, Inc.",8-K,Gary Wilder,Chairman,spacy
"Binah Capital Group, Inc.",8-K,Jonathan Massing,Chairman,spacy
"Binah Capital Group, Inc.",8-K,Michael Nessim,Ceo,spacy
"Binah Capital Group, Inc.",8-K,David Hudd,Ceo,spacy
"Design Therapeutics, Inc.",8-K,Pratik Shah,Chief Executive Officer,spacy
DiaMedica Therapeutics Inc.,8-K,Paul Papi,Chief Financial Officer,spacy
"Taysha Gene Therapies, Inc.",8-K,Taysha Gene Therapies,Chief Financial Officer,spacy
"Taysha Gene Therapies, Inc.",8-K,Alam Kamran,Chief Financial Officer,spacy
"Taysha Gene Therapies, Inc.",8-K,Sean P. Nolan,Chairman,spacy
"Taysha Gene Therapies, Inc.",8-K,Meredith Schultz,Chief Medical Officer,spacy
"Taysha Gene Therapies, Inc.",8-K,Carolyn Hawley Inizio,Director,spacy
LIQUIDMETAL TECHNOLOGIES INC,8-K,Adam Bazih,Chief Executive Officer,spacy
LIQUIDMETAL TECHNOLOGIES INC,8-K,Isaac Bresnick,Chief Executive Officer,spacy
LIQUIDMETAL TECHNOLOGIES INC,8-K,Isaac A. Bresnick,Chief Executive Officer,spacy
LIQUIDMETAL TECHNOLOGIES INC,8-K,Engel Viper,Cto,spacy
VOLITIONRX LTD,8-K,Cameron Reynolds,President,spacy
VOLITIONRX LTD,8-K,Andrew Retter,Chief Medical Officer,spacy
VOLITIONRX LTD,8-K,Dr Retter,Chief Medical Officer,spacy
"INTELLINETICS, INC.",8-K,Matthew L. Chretien,President,spacy
"INTELLINETICS, INC.",8-K,Joseph D. Spain,President,spacy
"Ollie's Bargain Outlet Holdings, Inc.",8-K,John Swygert,President,spacy
"Ollie's Bargain Outlet Holdings, Inc.",8-K,John Rouleau,Vice President,spacy
"Ollie's Bargain Outlet Holdings, Inc.",8-K,Tom Kuypers,Vice President,spacy
Barinthus Biotherapeutics plc.,8-K,Bill Enright,Chief Executive Officer,spacy
Barinthus Biotherapeutics plc.,8-K,William Enright,Chief Executive Officer,spacy
"Vynleads, Inc.",8-K,Sergei Stetsenko,Director,spacy
"SERA PROGNOSTICS, INC.",8-K,Zhenya Lindgardt,President,spacy
"SERA PROGNOSTICS, INC.",8-K,Austin Aerts,Director,spacy
"SERA PROGNOSTICS, INC.",8-K,Jay Boniface,Chief Scientific Officer,spacy
"SERA PROGNOSTICS, INC.",8-K,Robert G. Harrison,Chief Scientific Officer,spacy
"SERA PROGNOSTICS, INC.",8-K,Benjamin Jackson,Chief Scientific Officer,spacy
"SERA PROGNOSTICS, INC.",8-K,Paul Kearney,Chief Scientific Officer,spacy
"SERA PROGNOSTICS, INC.",8-K,Michael Foley,Chief Scientific Officer,spacy
"SERA PROGNOSTICS, INC.",8-K,Doug Roach,Chief Information Officer,spacy
"Trevi Therapeutics, Inc.",8-K,Jennifer Good,President,spacy
"OmniAb, Inc.",8-K,Matt Foehr,Chief Executive Officer,spacy
"SPI Energy Co., Ltd.",8-K,Christopher Stalcup,President,spacy
"SPI Energy Co., Ltd.",8-K,Paul Zhai,President,spacy
Sadot Group Inc.,8-K,Jennifer Black,Chief Executive Officer,spacy
ProShares Trust II,8-K,Todd B. Johnson,Unknown,spacy
CuriosityStream Inc.,8-K,Tia Cudahy,Chief Operating Officer,spacy
"ROCKWELL MEDICAL, INC.",8-K,Mark Strobeck,Chief Executive Officer,spacy
"ROCKWELL MEDICAL, INC.",8-K,Jesse Neri,Cto,spacy
"ROCKWELL MEDICAL, INC.",8-K,Joan Lau,Cto,spacy
FACTSET RESEARCH SYSTEMS INC,8-K,Laurie Hylton,Director,spacy
FACTSET RESEARCH SYSTEMS INC,8-K,Phil Snow,Ceo,spacy
FACTSET RESEARCH SYSTEMS INC,8-K,Linda Huber,Cfo,spacy
FACTSET RESEARCH SYSTEMS INC,8-K,Robin Abrams,Director,spacy
US ENERGY CORP,8-K,Ryan L. Smith,Director,spacy
US ENERGY CORP,8-K,Mark L. Zajac,Chief Executive Officer,spacy
US ENERGY CORP,8-K,Ryan Smith,Chief Executive Officer,spacy
DARDEN RESTAURANTS INC,8-K,Rick Cardenas,President,spacy
"DESTINATION XL GROUP, INC.",8-K,Harvey Kanter,President,spacy
"X4 Pharmaceuticals, Inc",8-K,Adam Mostafa,Chief Financial Officer,spacy
"X4 Pharmaceuticals, Inc",8-K,Daniel Ferry,Director,spacy
"Protagenic Therapeutics, Inc.new",8-K,Kirin M. Smith,President,spacy
"Compass Therapeutics, Inc.",8-K,Thomas Schuetz,President,spacy
"NextCure, Inc.",8-K,Michael Richman,President,spacy
"Tipmefast, Inc.",8-K,Raid Chalil,Chief Executive Officer,spacy
MILLS MUSIC TRUST,8-K,Michael Reiss,Director,spacy
MILLS MUSIC TRUST,8-K,Garfield Barrett,Unknown,spacy
PARKERVISION INC,8-K,Lewis H. Titterton,Director,spacy
PARKERVISION INC,8-K,Jeffrey Parker,Director,spacy
"ONE STOP SYSTEMS, INC.",8-K,John Morrison,Chief Financial Officer,spacy
"ONE STOP SYSTEMS, INC.",8-K,Mike Knowles,President,spacy
"ONE STOP SYSTEMS, INC.",8-K,Mitchell Herbets,Director,spacy
"ONE STOP SYSTEMS, INC.",8-K,Joseph Manko,Director,spacy
"Bolt Biotherapeutics, Inc.",8-K,Randall Schatzman,Chief Executive Officer,spacy
lululemon athletica inc.,8-K,Meghan Frank,Chief Financial Officer,spacy
"Hyperfine, Inc.",8-K,Maria Sainz,Chief Executive Officer,spacy
"Hyperfine, Inc.",8-K,Tom Teisseyre,Chief Administrative Officer,spacy
"Nkarta, Inc.",8-K,Paul J. Hastings,President,spacy
"Comstock Holding Companies, Inc.",8-K,Christopher Clemente,Chairman,spacy
"Comstock Holding Companies, Inc.",8-K,Thomas Holly,Director,spacy
"Comstock Holding Companies, Inc.",8-K,David Paul,Director,spacy
"Comstock Holding Companies, Inc.",8-K,Christopher Guthrie,Vice President,spacy
Journey Medical Corp,8-K,Claude Maraoui,Chief Executive Officer,spacy
"Intellicheck, Inc.",8-K,Bryan Lewis,Ceo,spacy
"ENERGY FOCUS, INC/DE",8-K,Chiao Chieh,Chief Executive Officer,spacy
"MJ Holdings, Inc.",8-K,Gioong Ho,Director,spacy
"MJ Holdings, Inc.",8-K,John Gorst,Director,spacy
"MJ Holdings, Inc.",8-K,Jim Kelly,Cfo,spacy
"MJ Holdings, Inc.",8-K,Tim Luff,Chief Executive Officer,spacy
"Deep Green Waste & Recycling, Inc.",8-K,Bill Edmonds,Chairman,spacy
"Deep Green Waste & Recycling, Inc.",8-K,Deep Green,Director,spacy
"AstroNova, Inc.",8-K,Greg Woods,President,spacy
ENERGY FUELS INC,8-K,Grant Malensek,Director,spacy
ENERGY FUELS INC,8-K,Richard Lambert,Director,spacy
ENERGY FUELS INC,8-K,Gordon Sobering,Director,spacy
ENERGY FUELS INC,8-K,Denison Mines,Director,spacy
Anixa Biosciences Inc,8-K,Amit Kumar,Director,spacy
Anixa Biosciences Inc,8-K,Arnold Baskies,Director,spacy
Anixa Biosciences Inc,8-K,Emily Gottschalk,Director,spacy
TANDY LEATHER FACTORY INC,8-K,Janet Carr,Cto,spacy
TANDY LEATHER FACTORY INC,8-K,Tandy Leather Factory,Cto,spacy
ShoulderUP Technology Acquisition Corp.,8-K,Ed Nabrotzky,Chief Executive Officer,spacy
ShoulderUP Technology Acquisition Corp.,8-K,Gerry Williams,Unknown,spacy
ShoulderUP Technology Acquisition Corp.,8-K,Howard Hughes Pkwy,Chief Executive Officer,spacy
ShoulderUP Technology Acquisition Corp.,8-K,Rice Reuther,Unknown,spacy
NUTRA PHARMA CORP,8-K,Rik J. Deitsch,Director,spacy
NUTRA PHARMA CORP,8-K,Michael Flax,Director,spacy
NUTRA PHARMA CORP,8-K,Michael D. Flax,President,spacy
NUTRA PHARMA CORP,8-K,Joe Lucas,Director,spacy
VIVOS INC,8-K,Michael Korenko,Chief Executive Officer,spacy
VIVOS INC,8-K,Carlton M. Cadwell,Chairman,spacy
"MIND TECHNOLOGY, INC",8-K,Rob Capps,President,spacy
"MIND TECHNOLOGY, INC",8-K,Ken Dennard,President,spacy
"Lightwave Logic, Inc.",8-K,Michael Lebby,Chairman,spacy
"Lightwave Logic, Inc.",8-K,Lightwave Logic,Cto,spacy
DAXOR CORP,8-K,Michael Feldschuh,President,spacy
"Stoke Therapeutics, Inc.",8-K,Stephen J. Tulipano,Chief Financial Officer,spacy
"Stoke Therapeutics, Inc.",8-K,Eric Rojas,Chief Communications Officer,spacy
"Reddit, Inc.",8-K,G. Vote,Director,spacy
"Aerovate Therapeutics, Inc.",8-K,Tim Noyes,Chief Executive Officer,spacy
"Aerovate Therapeutics, Inc.",8-K,George A. Eldridge,Chief Financial Officer,spacy
"Aerovate Therapeutics, Inc.",8-K,Donald Santel,Director,spacy
"Aerovate Therapeutics, Inc.",8-K,Mark Iwicki,Director,spacy
TMC the metals Co Inc.,8-K,Andrei Karkar,Director,spacy
TMC the metals Co Inc.,8-K,Hillary Clinton,Unknown,spacy
Syra Health Corp,8-K,Vuppalanchi Deepika,Chief Executive Officer,spacy
Syra Health Corp,8-K,Deepika Vuppalanchi,Ceo,spacy
Syra Health Corp,8-K,Sandeep Allam,Cto,spacy
Syra Health Corp,8-K,Christine Drury,Director,spacy
Syra Health Corp,8-K,Ben Shamsian,Director,spacy
CATO CORP,8-K,John P. D. Cato,Chairman,spacy
CATO CORP,8-K,Charles D. Knight,Chairman,spacy
CATO CORP,8-K,John Cato,Chairman,spacy
"M-tron Industries, Inc.",8-K,Michael Ferrantino,Ceo,spacy
"M-tron Industries, Inc.",8-K,James Tivy,Ceo,spacy
AMPCO PITTSBURGH CORP,8-K,Michael G.,Vice President,spacy
TEJON RANCH CO,8-K,Gregory Bielli,Director,spacy
TEJON RANCH CO,8-K,Norman J. Metcalfe,Director,spacy
TEJON RANCH CO,8-K,Greg Bielli,Director,spacy
TEJON RANCH CO,8-K,Norm Metcalfe,Chairman,spacy
TEJON RANCH CO,8-K,Michael Winer,Director,spacy
TEJON RANCH CO,8-K,Steve Betts,Director,spacy
Black Hawk Acquisition Corp,8-K,Joseph T. Rallo,Chief Executive Officer,spacy
Black Hawk Acquisition Corp,8-K,Cassi Olson,Unknown,spacy
Black Hawk Acquisition Corp,8-K,Ryan Zhang,Unknown,spacy
Black Hawk Acquisition Corp,8-K,Jonathan Ginsberg Head,Chief Executive Officer,spacy
Winvest Group Ltd,8-K,Jeffrey Wong,Ceo,spacy
Mural Oncology plc,8-K,Caroline Loew,Chief Executive Officer,spacy
MOVADO GROUP INC,8-K,Efraim Grinberg,Chairman,spacy
MOVADO GROUP INC,8-K,Olivia Burton,Cto,spacy
"Third Harmonic Bio, Inc.",8-K,Natalie Holles,Chief Executive Officer,spacy
CRYO CELL INTERNATIONAL INC,8-K,David Portnoy,Chairman,spacy
CRYO CELL INTERNATIONAL INC,8-K,Irene Smith,Chairman,spacy
"Galecto, Inc.",8-K,Hans T. Schambye,Cto,spacy
"Direct Digital Holdings, Inc.",8-K,Diana Diaz,Chief Financial Officer,spacy
"Direct Digital Holdings, Inc.",8-K,Diana P. Diaz,Chief Financial Officer,spacy
"Direct Digital Holdings, Inc.",8-K,Mark D. Walker,Chairman,spacy
GameStop Corp.,8-K,Daniel Moore,Director,spacy
IRIDEX CORP,8-K,David I. Bruce,President,spacy
PACIFICORP /OR/,8-K,Nikki L. Kobliha,Vice President,spacy
PACIFICORP /OR/,8-K,L. Kobliha,Vice President,spacy
PACIFICORP /OR/,8-K,Michael J. Behrens,Vice President,spacy
"Korro Bio, Inc.",8-K,Rachel Meyers,Director,spacy
"Korro Bio, Inc.",8-K,Tim Pearson,Director,spacy
"American Clean Resources Group, Inc.",8-K,Tawana Bain,Director,spacy
VINCE HOLDING CORP.,8-K,David Stefko,Chief Executive Officer,spacy
VINCE HOLDING CORP.,8-K,Akiko Okuma,Vice President,spacy
VINCE HOLDING CORP.,8-K,Jack Schwefel,Ceo,spacy
VINCE HOLDING CORP.,8-K,Michael Mardy,Chairman,spacy
"bowmo, Inc.",8-K,Stefan Vaskiewicz,Director,spacy
"bowmo, Inc.",8-K,Aleksei Shestakov,Director,spacy
"Altimmune, Inc.",8-K,Richard Eisenstadt,Chief Financial Officer,spacy
"Altimmune, Inc.",8-K,Vipin K. Garg,President,spacy
"Galera Therapeutics, Inc.",8-K,J. Mel Sorensen,President,spacy
"PIERIS PHARMACEUTICALS, INC.",8-K,Stephen Yoder,President,spacy
"PIERIS PHARMACEUTICALS, INC.",8-K,Tom Bures,Chief Financial Officer,spacy
Golden Growers Cooperative,8-K,Brett Johnson,Coo,spacy
Golden Growers Cooperative,8-K,Larry Vipond,Director,spacy
Golden Growers Cooperative,8-K,Richard Pot,Director,spacy
Golden Growers Cooperative,8-K,Mark Harless,Director,spacy
Golden Growers Cooperative,8-K,Brady Koehl,Director,spacy
Golden Growers Cooperative,8-K,Matthew Hasbargen,Cto,spacy
Summit Networks Inc.,8-K,Shuhua Liu,President,spacy
MACREPORT NET INC,8-K,V. William Lucchetti,Chairman,spacy
"Erasca, Inc.",8-K,Ebun Garner,General Counsel,spacy
"MILLERKNOLL, INC.",8-K,Jeffrey M. Stutz,Chief Financial Officer,spacy
"Braze, Inc.",8-K,Susan Wiseman,General Counsel,spacy
AppTech Payments Corp.,8-K,Meilin Yu,Chief Financial Officer,spacy
EMERSON RADIO CORP,8-K,Michael Binney,Director,spacy
Celcuity Inc.,8-K,Brian Sullivan,Ceo,spacy
Celcuity Inc.,8-K,Eldon Mayer,Chief Commercial Officer,spacy
"Aqua Metals, Inc.",8-K,Mark Amodei,President,spacy
"Aqua Metals, Inc.",8-K,Judd Merrill,Chief Financial Officer,spacy
Bayview Acquisition Corp,8-K,Wei Lu,Director,spacy
"GAIA, INC",8-K,Ned Preston,Chief Financial Officer,spacy
"GAIA, INC",8-K,Jirka Rysavy,Chairman,spacy
"CREATIVE REALITIES, INC.",8-K,Will Logan,Chief Financial Officer,spacy
"FlexShopper, Inc.",8-K,H. Russell Heiser,Chief Executive Officer,spacy
"Galaxy Gaming, Inc.",8-K,Matt Reback,President,spacy
"Galaxy Gaming, Inc.",8-K,Todd Cravens,President,spacy
Shimmick Corp,8-K,Steve Richards,Chief Executive Officer,spacy
Kodiak Sciences Inc.,8-K,Victor Perlroth,Cto,spacy
"Professional Diversity Network, Inc.",8-K,Adam He,Chief Executive Officer,spacy
"Professional Diversity Network, Inc.",8-K,Ge Yi,Director,spacy
BIMI Holdings Inc.,8-K,Xiaoping Wang,Coo,spacy
BIMI Holdings Inc.,8-K,Li Zhou,Coo,spacy
CHINA AUTOMOTIVE SYSTEMS INC,8-K,Qizhou Wu,Chief Executive Officer,spacy
CHINA AUTOMOTIVE SYSTEMS INC,8-K,Jie Li,Chief Financial Officer,spacy
"CV Sciences, Inc.",8-K,Joseph Dowling,Chief Executive Officer,spacy
REX AMERICAN RESOURCES Corp,8-K,Zafar Rizvi,Chief Executive Officer,spacy
REX AMERICAN RESOURCES Corp,8-K,Douglas Bruggeman,Chief Financial Officer,spacy
REX AMERICAN RESOURCES Corp,8-K,Caldwell Bailey,Chief Financial Officer,spacy
Zhanling International Ltd,8-K,Dachuang Space,Cto,spacy
Zhanling International Ltd,8-K,Mr Li,Cto,spacy
"Ontrak, Inc.",8-K,Brandon H.,Chief Executive Officer,spacy
Mosaic ImmunoEngineering Inc.,8-K,Steven King,President,spacy
"Eledon Pharmaceuticals, Inc.",8-K,Eliezer Katz,Chief Medical Officer,spacy
"Eledon Pharmaceuticals, Inc.",8-K,Allan Kirk,Chief Medical Officer,spacy
"Eledon Pharmaceuticals, Inc.",8-K,James Robinson,Chief Medical Officer,spacy
"TSS, Inc.",8-K,Darryll Dewan,Ceo,spacy
Expion360 Inc.,8-K,Greg Aydelott,Chief Executive Officer,spacy
Expion360 Inc.,8-K,John Yozamp,Chief Executive Officer,spacy
Expion360 Inc.,8-K,Paul Shoun,Chief Executive Officer,spacy
"Cannabis Bioscience International Holdings, Inc.",8-K,Dante Picazo,Chief Executive Officer,spacy
SCYNEXIS INC,8-K,David Angulo,Chief Executive Officer,spacy
CVD EQUIPMENT CORP,8-K,Manny Lakios,President,spacy
Planet Labs PBC,8-K,Kevin Weil,Cto,spacy
Planet Labs PBC,8-K,Ashley Johnson,President,spacy
Planet Labs PBC,8-K,Will Marshall,Chief Executive Officer,spacy
"Leafly Holdings, Inc. /DE",8-K,Michael Blue,Cto,spacy
"Leafly Holdings, Inc. /DE",8-K,Jeffrey Monat,Director,spacy
"Leafly Holdings, Inc. /DE",8-K,Andres Nannetti,Director,spacy
"Leafly Holdings, Inc. /DE",8-K,Alan Pickerill,Director,spacy
"Leafly Holdings, Inc. /DE",8-K,Yoko Miyashita,Ceo,spacy
"Leafly Holdings, Inc. /DE",8-K,Suresh Krishnaswamy,Cfo,spacy
ENDRA Life Sciences Inc.,8-K,Yvonne Briggs,Director,spacy
Torrid Holdings Inc.,8-K,Lisa Harper,Chief Executive Officer,spacy
"Omega Therapeutics, Inc.",8-K,Mahesh Karande,President,spacy
OXFORD INDUSTRIES INC,8-K,Suraj A. Palakshappa,Vice President,spacy
OXFORD INDUSTRIES INC,8-K,Tom Chubb,Chairman,spacy
OXFORD INDUSTRIES INC,8-K,Johnny Was,Cto,spacy
Forian Inc.,8-K,Edward Spaniel,Vice President,spacy
Forian Inc.,8-K,Max Wygod,Chairman,spacy
SEMTECH CORP,8-K,Mark Lin,Chief Financial Officer,spacy
SEMTECH CORP,8-K,Paul H. Pickle,Cto,spacy
"Shapeways Holdings, Inc.",8-K,Greg Kress,Chief Executive Officer,spacy
Blue Star Foods Corp.,8-K,John Keeler,Chairman,spacy
"Firsthand Technology Value Fund, Inc.",8-K,Kevin Landis,President,spacy
BRIDGFORD FOODS CORP,8-K,Raymond F. Lancy,Director,spacy
BRIDGFORD FOODS CORP,8-K,Mary Schott D. Gregory,Director,spacy
BRIDGFORD FOODS CORP,8-K,William L. Bridgford,Director,spacy
BRIDGFORD FOODS CORP,8-K,Allan Bridgford Sr,Director,spacy
BRIDGFORD FOODS CORP,8-K,Todd C. Andrews,Director,spacy
Creative Media & Community Trust Corp,8-K,David Thompson,Chief Executive Officer,spacy
Creative Media & Community Trust Corp,8-K,Shaul Kuba,Chief Investment Officer,spacy
Creative Media & Community Trust Corp,8-K,Barry Berlin,Cfo,spacy
Creative Media & Community Trust Corp,8-K,Richard Ressler,Chairman,spacy
NetBrands Corp.,8-K,Avraham Burger,President,spacy
NetBrands Corp.,8-K,Spencer Clarke,President,spacy
NetBrands Corp.,8-K,Reid Drescher,President,spacy
GALECTIN THERAPEUTICS INC,8-K,Joel Lewis,Chief Executive Officer,spacy
GALECTIN THERAPEUTICS INC,8-K,Jack Callicutt,Chief Financial Officer,spacy
GALECTIN THERAPEUTICS INC,8-K,Richard Uihlein,Chairman,spacy
GALECTIN THERAPEUTICS INC,8-K,Pol Boudes,Chief Medical Officer,spacy
"TherapeuticsMD, Inc.",8-K,Marlan D. Walker,Chief Executive Officer,spacy
"TherapeuticsMD, Inc.",8-K,Lisa M. Wilson,Chief Executive Officer,spacy
IB Acquisition Corp.,8-K,John Joyce,Director,spacy
IB Acquisition Corp.,8-K,Silvia Panigone,Director,spacy
IB Acquisition Corp.,8-K,Christy Albeck,Director,spacy
IB Acquisition Corp.,8-K,Barry Grossman,Unknown,spacy
IB Acquisition Corp.,8-K,Benjamin Reichel,Chief Executive Officer,spacy
IB Acquisition Corp.,8-K,Al Lopez Christy,President,spacy
"BIOREGENX, INC.",8-K,Bill Resides,Ceo,spacy
"BIOREGENX, INC.",8-K,Raymond Firth,Director,spacy
"BIOREGENX, INC.",8-K,Robert Doran,Chief Executive Officer,spacy
"BIOREGENX, INC.",8-K,Sherri Adams,Chief Executive Officer,spacy
"BIOREGENX, INC.",8-K,Gary Hennerberg,Chief Executive Officer,spacy
"BIOREGENX, INC.",8-K,Suzanne Bird Jody Walker,Director,spacy
Carisma Therapeutics Inc.,8-K,Steven Kelly,President,spacy
Carisma Therapeutics Inc.,8-K,John Hohneker,Director,spacy
World Gold Trust,8-K,James Lam,Director,spacy
EQUATOR Beverage Co,8-K,Glenn Simpson,Ceo,spacy
BioNexus Gene Lab Corp,8-K,Yeat Min Fong,Director,spacy
BioNexus Gene Lab Corp,8-K,Chi Yuen Leong,Director,spacy
BioNexus Gene Lab Corp,8-K,Yee Meng Wong,Director,spacy
BioNexus Gene Lab Corp,8-K,Teng Fook Fong,Director,spacy
BioNexus Gene Lab Corp,8-K,Chee Keong Yap,Director,spacy
BioNexus Gene Lab Corp,8-K,Chak Hua Yew,Director,spacy
BioNexus Gene Lab Corp,8-K,Boon Teong Teoh,Director,spacy
BioNexus Gene Lab Corp,8-K,Chai Ping Lin,Director,spacy
BioNexus Gene Lab Corp,8-K,Koon Wai Wong,Director,spacy
BioNexus Gene Lab Corp,8-K,Wei Foong Lim,Director,spacy
BioNexus Gene Lab Corp,8-K,Tan Lee,Director,spacy
BioNexus Gene Lab Corp,8-K,Koon Wai,Chairman,spacy
BioNexus Gene Lab Corp,8-K,Pappajack Berhad,Chief Finance Officer,spacy
"VirTra, Inc",8-K,John Givens,Ceo,spacy
"VirTra, Inc",8-K,Alanna Boudreau,Cfo,spacy
"Hongchang International Co., Ltd",8-K,Stephan Truly Busch,Director,spacy
"Hongchang International Co., Ltd",8-K,Qingqing Wang,Unknown,spacy
"Hongchang International Co., Ltd",8-K,Zengqiang Lin,Director,spacy
"PIONEER POWER SOLUTIONS, INC.",8-K,Nathan Mazurek,Chairman,spacy
"Kraig Biocraft Laboratories, Inc",8-K,Kim Thompson,Ceo,spacy
"Polar Power, Inc.",8-K,Arthur D. Sams,President,spacy
"Polar Power, Inc.",8-K,Arthur Sams,Ceo,spacy
ProMIS Neurosciences Inc.,8-K,Neil Warma,Chief Executive Officer,spacy
ProMIS Neurosciences Inc.,8-K,Marie Fields,Director,spacy
SKYX Platforms Corp.,8-K,Steve Schmidt,Chairman,spacy
SKYX Platforms Corp.,8-K,Mark Earley,President,spacy
SKYX Platforms Corp.,8-K,Rani Kohen,Chairman,spacy
SKYX Platforms Corp.,8-K,Lenny Sokolow,Chairman,spacy
SKYX Platforms Corp.,8-K,Marc Boisseau,President,spacy
"XBP Europe Holdings, Inc.",8-K,Andrej Jonovic,Chief Executive Officer,spacy
"XBP Europe Holdings, Inc.",8-K,Dejan Avramovic,Chief Financial Officer,spacy
TORTOISE ENERGY INFRASTRUCTURE CORP,8-K,P. Bradley Adams,Director,spacy
TORTOISE ENERGY INFRASTRUCTURE CORP,8-K,Sean Wickliffe,Chief Executive Officer,spacy
LGL GROUP INC,8-K,Marc Gabelli,Chairman,spacy
LGL GROUP INC,8-K,Tim Foufas,Chairman,spacy
"Lifeloc Technologies, Inc",8-K,Wayne Willkomm,President,spacy
"Lifeloc Technologies, Inc",8-K,Vern D. Kornelsen,Chief Financial Officer,spacy
"SPAR Group, Inc.",8-K,Antonio Calisto Pato,Chief Financial Officer,spacy
"SPAR Group, Inc.",8-K,Mike Matacunas,President,spacy
"DH ENCHANTMENT, INC.",8-K,Sally Kin Yi,Director,spacy
"DH ENCHANTMENT, INC.",8-K,Cheuk Yin,Director,spacy
"OZOP ENERGY SOLUTIONS, INC.",8-K,Steven Klauber,Chief Executive Officer,spacy
"Moatable, Inc.",8-K,Joseph Chen,Chairman,spacy
CAL-MAINE FOODS INC,8-K,Sherman Miller,Chief Financial Officer,spacy
CAL-MAINE FOODS INC,8-K,Max P. Bowman,President,spacy
CAL-MAINE FOODS INC,8-K,Max Bowman,Vice President,spacy
CAL-MAINE FOODS INC,8-K,Overview Sherman Miller,President,spacy
CAL-MAINE FOODS INC,8-K,Ahead Miller,Coo,spacy
Asset Entities Inc.,8-K,Arshia Sarkhani,Chief Executive Officer,spacy
READING INTERNATIONAL INC,8-K,Andrzej Matyczynski,President,spacy
"Driveitaway Holdings, Inc.",8-K,Mike Elkin,Director,spacy
"Driveitaway Holdings, Inc.",8-K,Steven M. Plumb,Chief Financial Officer,spacy
Welsis Corp.,8-K,Dusan Zindovic,Director,spacy
Welsis Corp.,8-K,Kwok Boon Kit,Director,spacy
"SOLIGENIX, INC.",8-K,Brian Poligone,Director,spacy
"SOLIGENIX, INC.",8-K,Christopher Schaber,President,spacy
"SOLIGENIX, INC.",8-K,Christopher J. Schaber,Director,spacy
"SOLIGENIX, INC.",8-K,Richard Straube,Coo,spacy
"SOLIGENIX, INC.",8-K,Jonathan Guarino,Chief Scientific Officer,spacy
"SOLIGENIX, INC.",8-K,Gregg Lapointe,Coo,spacy
"SOLIGENIX, INC.",8-K,Genentech Robert Rubin,Coo,spacy
TOFUTTI BRANDS INC,8-K,Steven Kass,Unknown,spacy
TOFUTTI BRANDS INC,8-K,Steve Kass,Unknown,spacy
BioCorRx Inc.,8-K,Brady Granier,Director,spacy
BioCorRx Inc.,8-K,Harsha Murthy,Cto,spacy
Envela Corp,8-K,Bret A. Pedersen,Director,spacy
Movano Inc.,8-K,John Mastrototaro,Chief Executive Officer,spacy
Movano Inc.,8-K,Mark Busch,Chief Executive Officer,spacy
Inflection Point Acquisition Corp. II,8-K,Nicholas Shekerdemian,Director,spacy
Inflection Point Acquisition Corp. II,8-K,Peter Ondishin,Director,spacy
Inflection Point Acquisition Corp. II,8-K,Kevin Shannon,Director,spacy
"Traws Pharma, Inc.",8-K,Peter Atadja,Unknown,spacy
"Traws Pharma, Inc.",8-K,Jerome Groopman,Chief Executive Officer,spacy
"Traws Pharma, Inc.",8-K,Viren Mehta,Chief Executive Officer,spacy
"Traws Pharma, Inc.",8-K,Iain Dukes,Chief Executive Officer,spacy
"Traws Pharma, Inc.",8-K,Werner Cautreels,Director,spacy
"Traws Pharma, Inc.",8-K,C. David Pauza,Chief Scientific Officer,spacy
"Traws Pharma, Inc.",8-K,Robert Redfield,Chief Scientific Officer,spacy
"Traws Pharma, Inc.",8-K,Sterling Winthrop,Ceo,spacy
"Traws Pharma, Inc.",8-K,Inducement Grant,Ceo,spacy
"Traws Pharma, Inc.",8-K,Steven Fruchtman,Chief Executive Officer,spacy
"Traws Pharma, Inc.",8-K,James Marino,Chairman,spacy
"Traws Pharma, Inc.",8-K,M. Theresa Shoemaker,Director,spacy
"Lamb Weston Holdings, Inc.",8-K,Tom Werner,President,spacy
UNION ELECTRIC CO,8-K,Ameren Missouri,Cto,spacy
UNION ELECTRIC CO,8-K,Isabella Swanson,Director,spacy
UNION ELECTRIC CO,8-K,Jonathan T. Shade,General Counsel,spacy
UNION ELECTRIC CO,8-K,Esther Antoine,Corporate Secretary,spacy
Massimo Group,8-K,Yunhao Chen,Director,spacy
Massimo Group,8-K,Paolo Pietrogrande,Director,spacy
Massimo Group,8-K,Mark Sheffield,Director,spacy
Massimo Group,8-K,Ting Zhu,Director,spacy
Massimo Group,8-K,John Heidenreich,Chief Executive Officer,spacy
Bio Essence Corp,8-K,Yin Yan,Chief Executive Officer,spacy
Bio Essence Corp,8-K,Yangyang Huang,Director,spacy
Bio Essence Corp,8-K,Simon Shavanson,Director,spacy
Bio Essence Corp,8-K,Siyavash Fooladian,Director,spacy
Bio Essence Corp,8-K,Yang Zhang,Chief Executive Officer,spacy
Aerkomm Inc.,8-K,Teal Croup,Cto,spacy
"Trutankless, Inc.",8-K,Michael Stebbins,Cto,spacy
"Trutankless, Inc.",8-K,Guy Newman,Chief Executive Officer,spacy
NEOGEN CORP,8-K,John Moylan,Director,spacy
NEOGEN CORP,8-K,David Naemura,Vice President,spacy
Vireo Growth Inc.,8-K,Josh Rosen,Chief Executive Officer,spacy
Vireo Growth Inc.,8-K,Tamaki Sakai,Director,spacy
Vireo Growth Inc.,8-K,Sam Gibbons,Director,spacy
"ATHERSYS, INC / NEW",8-K,Neema Mayhugh,Chief Financial Officer,spacy
"ATHERSYS, INC / NEW",8-K,Joseph Nolan,Chief Financial Officer,spacy
"ATHERSYS, INC / NEW",8-K,Jane Wasman,Director,spacy
"ATHERSYS, INC / NEW",8-K,Nicholas M. Miller,Unknown,spacy
RetinalGenix Technologies Inc.,8-K,Jerry Katzman,Chief Executive Officer,spacy
PATRIOT NATIONAL BANCORP INC,8-K,Joseph Perillo,Chief Financial Officer,spacy
PATRIOT NATIONAL BANCORP INC,8-K,Joshua Oliver,Vice President,spacy
PATRIOT NATIONAL BANCORP INC,8-K,David Lowery,Chief Executive Officer,spacy
MERRILL LYNCH DEPOSITOR INC INDEXPLUS TRUST SERIES 2003-1,8-K,Matthew J. Nelson,President,spacy
"Cell Source, Inc.",8-K,Itamar Shimrat,President,spacy
Quetta Acquisition Corp,8-K,Michael Lazar,Director,spacy
Quetta Acquisition Corp,8-K,Qi Gong,Director,spacy
AEHR TEST SYSTEMS,8-K,Gayn Erickson,President,spacy
AEHR TEST SYSTEMS,8-K,Chris P. Siu,Vice President,spacy
AEHR TEST SYSTEMS,8-K,Chris Siu Todd Kehrli,Chief Financial Officer,spacy
"URBAN ONE, INC.",8-K,Alfred C. Liggins,President,spacy
"Contineum Therapeutics, Inc.",8-K,Carmine Stengone Carmine,Chief Executive Officer,spacy
"Contineum Therapeutics, Inc.",8-K,C. Classes,Director,spacy
"Broad Street Realty, Inc.",8-K,Michael Z.,Chief Executive Officer,spacy
"RICHARDSON ELECTRONICS, LTD.",8-K,Edward J. Richardson,Chairman,spacy
MANHATTAN SCIENTIFICS INC,8-K,Frank Georgiou,Cto,spacy
CARMAX INC,8-K,Bill Nash,President,spacy
CARMAX INC,8-K,David Lowenstein,Vice President,spacy
Lovesac Co,8-K,Shawn Nelson,Chief Executive Officer,spacy
iWallet Corp,8-K,Steven Cabouli,Chief Executive Officer,spacy
"GOLD ROCK HOLDINGS, INC.",8-K,Marcus Daley,Ceo,spacy
ENTREPRENEUR UNIVERSE BRIGHT GROUP,8-K,Lijun Yuan,Director,spacy
Correlate Energy Corp.,8-K,Todd Michaels Guarantor,Ceo,spacy
OneSolution Technology Inc.,8-K,Wong Nga Yin Polin,Director,spacy
OneSolution Technology Inc.,8-K,Yin Polin,Chief Financial Officer,spacy
OneSolution Technology Inc.,8-K,Fo Tan,Chief Financial Officer,spacy
"REVIVA PHARMACEUTICALS HOLDINGS, INC.",8-K,Narayan Prabhu,Chief Financial Officer,spacy
"SYNTEC OPTICS HOLDINGS, INC.",8-K,Al Kapoor,Chairman,spacy
"SYNTEC OPTICS HOLDINGS, INC.",8-K,Joe Mohr,Chief Manufacturing Officer,spacy
China Foods Holdings Ltd.,8-K,Kong Xiao,Chief Executive Officer,spacy
Skillsoft Corp.,8-K,Richard G. Walker,Chief Financial Officer,spacy
Skillsoft Corp.,8-K,Richard George Walker,Chief Financial Officer,spacy
"PACS Group, Inc.",8-K,C. Severability,Director,spacy
I-ON Digital Corp.,8-K,Carlos Montoya,Chief Executive Officer,spacy
Innovative Eyewear Inc,8-K,Biscayne Blvd,Unknown,spacy
"Vestiage, Inc.",8-K,Fu Raymond Fu,Ceo,spacy
Kuber Resources Corp,8-K,Raymond Fu,Director,spacy
UL Solutions Inc.,8-K,Jennifer F. Scanlon,Director,spacy
"TC Bancshares, Inc.",8-K,Michael Penney,Director,spacy
Northann Corp.,8-K,David M. Kratochvil,Chief Financial Officer,spacy
"CKX LANDS, INC.",8-K,William Gray Stream,President,spacy
"EBET, Inc.",8-K,Matthew Lourie,Chief Financial Officer,spacy
"Snail, Inc.",8-K,Heidy Chow,Chief Financial Officer,spacy
"Snail, Inc.",8-K,Tian Prior,Director,spacy
"Snail, Inc.",8-K,Ying Zhou,Director,spacy
"Snail, Inc.",8-K,Jefferson Blvd,Chief Executive Officer,spacy
Vuzix Corp,8-K,Paul Travers,President,spacy
Vuzix Corp,8-K,Grant Russell,Chief Financial Officer,spacy
ATIF Holdings Ltd,8-K,Jun Liu,Chief Executive Officer,spacy
"BIOXYTRAN, INC",8-K,Radka Milanova,Director,spacy
"REGIONAL HEALTH PROPERTIES, INC",8-K,Heather L. Pittard,Chief Accounting Officer,spacy
"NSTS Bancorp, Inc.",8-K,Kevin Dolan,Director,spacy
"NSTS Bancorp, Inc.",8-K,Savings Waukegan,Director,spacy
"Albertsons Companies, Inc.",8-K,Bipasha Mukherjee,Corporate Secretary,spacy
"Albertsons Companies, Inc.",8-K,Vivek Sankaran,Ceo,spacy
SPECTRAL CAPITAL Corp,8-K,Stephen Spalding Effective,Director,spacy
SPECTRAL CAPITAL Corp,8-K,Stephen Spalding,Director,spacy
SPECTRAL CAPITAL Corp,8-K,Steven Spalding,Director,spacy
SPECTRAL CAPITAL Corp,8-K,Jonathon Walton,Director,spacy
"1895 Bancorp of Wisconsin, Inc. /MD/",8-K,David Ball,Chief Executive Officer,spacy
"New Asia Holdings, Inc.",8-K,Laura Anthony,Unknown,spacy
"SILVER BULL RESOURCES, INC.",8-K,Withheld Brian D. Edgar,Director,spacy
"SILVER BULL RESOURCES, INC.",8-K,Timothy T. Barry,Director,spacy
"SILVER BULL RESOURCES, INC.",8-K,David T. Underwood,Cto,spacy
"SILVER BULL RESOURCES, INC.",8-K,Brian Edgar,Director,spacy
"SILVER BULL RESOURCES, INC.",8-K,Timothy Barry,Director,spacy
"SILVER BULL RESOURCES, INC.",8-K,David Underwood,Director,spacy
"SILVER BULL RESOURCES, INC.",8-K,Tim Barry,Director,spacy
"INNOVATIVE MEDTECH, INC.",8-K,Merle Griff,Director,spacy
"INNOVATIVE MEDTECH, INC.",8-K,Michael Friedman,Ceo,spacy
"INNOVATIVE MEDTECH, INC.",8-K,Michael Jordan,Chief Executive Officer,spacy
"Centuri Holdings, Inc.",8-K,Julie A. Dill,Cto,spacy
"Centuri Holdings, Inc.",8-K,Christopher A. Krummel,Director,spacy
"Centuri Holdings, Inc.",8-K,Anne L. Mariucci,Director,spacy
"Centuri Holdings, Inc.",8-K,William J. Fehrman,Director,spacy
"Sustainable Green Team, Ltd.",8-K,Anthony J. Raynor,Ceo,spacy
"Sustainable Green Team, Ltd.",8-K,Vista Landfill,Cto,spacy
"Sustainable Green Team, Ltd.",8-K,Anthony Raynor,Unknown,spacy
"Sustainable Green Team, Ltd.",8-K,Tami Raynor,Unknown,spacy
"ENNIS, INC.",8-K,Vera Burnett,Chief Financial Officer,spacy
"ENNIS, INC.",8-K,Dan Gus,Chairman,spacy
"ENNIS, INC.",8-K,Keith Walters,Chairman,spacy
U-Haul Holding Co /NV/,8-K,Jason A. Berg,Chief Financial Officer,spacy
U-Haul Holding Co /NV/,8-K,Kristine K. Campbell,Chief Financial Officer,spacy
NeoVolta Inc.,8-K,Ardes Johnson,Chief Executive Officer,spacy
NeoVolta Inc.,8-K,Brent Willson,Chief Executive Officer,spacy
NeoVolta Inc.,8-K,H. Ardes,President,spacy
Dakota Gold Corp.,8-K,Shawn Campbell,Chief Financial Officer,spacy
Dakota Gold Corp.,8-K,Jonathan Awde,President,spacy
Dakota Gold Corp.,8-K,Gerald Aberle,President,spacy
Dakota Gold Corp.,8-K,Patrick Malone,President,spacy
Dakota Gold Corp.,8-K,James Berry,Vice President,spacy
"Mama's Creations, Inc.",8-K,Lynn L. Blake,Director,spacy
Insight Acquisition Corp. /DE,8-K,Jeff Gary,Chief Financial Officer,spacy
Insight Acquisition Corp. /DE,8-K,Glenn Worman,Chairman,spacy
Insight Acquisition Corp. /DE,8-K,J. Gregory,President,spacy
Insight Acquisition Corp. /DE,8-K,Puesta Del Sol,Director,spacy
CAPITAL PROPERTIES INC /RI/,8-K,Withheld Robert H. Eder,Director,spacy
CAPITAL PROPERTIES INC /RI/,8-K,Steven G. Triedman,Director,spacy
"GEX MANAGEMENT, INC.",8-K,Sri Vanamali,Chief Executive Officer,spacy
"BOTS, Inc./PR",8-K,Simon Rubin,Ceo,spacy
"Accolade, Inc.",8-K,Stephen Barnes,Chief Financial Officer,spacy
"Accolade, Inc.",8-K,Rajeev Singh,Chief Executive Officer,spacy
"Accolade, Inc.",8-K,Steve Barnes,Chief Financial Officer,spacy
"SMC Entertainment, Inc.",8-K,Erik Blum,Ceo,spacy
"SMC Entertainment, Inc.",8-K,Bryan Feinberg,Ceo,spacy
"SMC Entertainment, Inc.",8-K,Ron Hughes,Chief Executive Officer,spacy
"Tattooed Chef, Inc.",8-K,Salvatore Galletti,Chairman,spacy
"Tattooed Chef, Inc.",8-K,Karsten Tortilla Factory,Cto,spacy
"Tattooed Chef, Inc.",8-K,Cardenas Three,Cto,spacy
"Tattooed Chef, Inc.",8-K,Bidder Winning,Chairman,spacy
"GOOD GAMING, INC.",8-K,David Dorwart,Chief Financial Officer,spacy
"Perma-Pipe International Holdings, Inc.",8-K,David Mansfield,President,spacy
"Central Plains Bancshares, Inc.",8-K,Brett Duff,Director,spacy
"Central Plains Bancshares, Inc.",8-K,Steven G. Schneider,Director,spacy
"Central Plains Bancshares, Inc.",8-K,Steven D. Kunzman,Chairman,spacy
iShares Silver Trust,8-K,Lindsey Haswell,Cto,spacy
iShares Silver Trust,8-K,Kimun Lee,Director,spacy
BurTech Acquisition Corp.,8-K,Roman Livson,Chief Financial Officer,spacy
"Mentor Capital, Inc.",8-K,David G. Carlile,Cto,spacy
"Mentor Capital, Inc.",8-K,Lori Stansfield,Director,spacy
"Nu-Med Plus, Inc.",8-K,Jeffrey Robins,Chairman,spacy
"Nu-Med Plus, Inc.",8-K,Keith Merrell,President,spacy
"Nu-Med Plus, Inc.",8-K,William H. Hayde,Director,spacy
"Nu-Med Plus, Inc.",8-K,Keith L. Merrell,Director,spacy
"Nu-Med Plus, Inc.",8-K,Jeffrey L. Robins,Director,spacy
ASA Gold & Precious Metals Ltd,8-K,Zac Tackett,Chief Operating Officer,spacy
ASA Gold & Precious Metals Ltd,8-K,Tyler Haynes,Chief Operating Officer,spacy
ASA Gold & Precious Metals Ltd,8-K,Drew Waford,Chief Operating Officer,spacy
ELECTRO SENSORS INC,8-K,David L. Klenk,Director,spacy
ELECTRO SENSORS INC,8-K,Jeffrey D. Peterson,Director,spacy
"Quarta-Rad, Inc.",8-K,Victor Shvetsky,Director,spacy
"Quarta-Rad, Inc.",8-K,Alexey Golovanov,Director,spacy
PARK AEROSPACE CORP,8-K,Matthew Farabaugh,Vice President,spacy
PARK AEROSPACE CORP,8-K,Brian Shore,Chairman,spacy
BIOETHICS LTD,8-K,Doug Morris,Cto,spacy
UNITIL CORP,8-K,Thomas P. Meissner,Chairman,spacy
UNITIL CORP,8-K,Daniel J. Hurstak,Vice President,spacy
"Pioneer Green Farms, Inc.",8-K,Thomas Bellante,Cto,spacy
Agriculture & Natural Solutions Acquisition Corp,8-K,Jennifer Aaker,Director,spacy
INTERGROUP CORP,8-K,John V. Winfield,Chairman,spacy
"LZG INTERNATIONAL, INC.",8-K,Peter B. Ritz,Chairman,spacy
"LifeMD, Inc.",8-K,Marc Benathen,Chief Financial Officer,spacy
"LifeMD, Inc.",8-K,Jessica Friedeman,Chief Financial Officer,spacy
"LifeMD, Inc.",8-K,Eric Yecies,Chief Legal Officer,spacy
"LifeMD, Inc.",8-K,Justin Schreiber,Ceo,spacy
"LifeMD, Inc.",8-K,G. Recent,Director,spacy
QUEST PATENT RESEARCH CORP,8-K,Jon C. Scahill,Chief Executive Officer,spacy
KINETIC GROUP INC.,8-K,Maria Mendez,President,spacy
"HST Global, Inc.",8-K,Mike Field,Director,spacy
"HST Global, Inc.",8-K,Jason Murphy,Director,spacy
"HST Global, Inc.",8-K,Ron Howell,Director,spacy
"HST Global, Inc.",8-K,Field Mitsubishi,Director,spacy
Loar Holdings Inc.,8-K,Brett Milgrim,Director,spacy
SEATech Ventures Corp.,8-K,Chin Chee,Chief Executive Officer,spacy
"Exodus Movement, Inc.",8-K,James Gernetzke,Cfo,spacy
"Exodus Movement, Inc.",8-K,Alice Lopatto,Ceo,spacy
"Exodus Movement, Inc.",8-K,Webcast Transcript,Ceo,spacy
"AmeriCann, Inc.",8-K,Ben Barton,Chief Financial Officer,spacy
"AmeriCann, Inc.",8-K,Chapman Dickerson,Chief Financial Officer,spacy
"AmeriCann, Inc.",8-K,Americann Parent,Coo,spacy
ARTESIAN RESOURCES CORP,8-K,Nicki Taylor,President,spacy
ARTESIAN RESOURCES CORP,8-K,David B. Spacht,Chief Financial Officer,spacy
ARTESIAN RESOURCES CORP,8-K,Dian C. Taylor,Ceo,spacy
Churchill Capital Corp IX/Cayman,8-K,Daniel Nussen,Unknown,spacy
Churchill Capital Corp IX/Cayman,8-K,Stephen Murphy,Unknown,spacy
Eva Live Inc,8-K,David Boulette,Chief Executive Officer,spacy
Oklo Inc.,8-K,John Jansen,Director,spacy
Oklo Inc.,8-K,Michael Klein,Director,spacy
Oklo Inc.,8-K,Sam Altman,Chairman,spacy
Oklo Inc.,8-K,Richard Kinzley,Chief Operating Officer,spacy
Oklo Inc.,8-K,Michael Landau,Director,spacy
Ivanhoe Electric Inc.,8-K,Ifigenia Gioka,Cto,spacy
Ivanhoe Electric Inc.,8-K,Robert Friedland,Chairman,spacy
"Kubient, Inc.",8-K,Mitchell Berg,Chief Technology Officer,spacy
Planet Green Holdings Corp.,8-K,Lili Hu,Chief Financial Officer,spacy
"Invech Holdings, Inc.",8-K,Michael Gillespie,Director,spacy
Omnitek Engineering Corp,8-K,Werner Funk,President,spacy
Omnitek Engineering Corp,8-K,John M. Palumbo,Director,spacy
Omnitek Engineering Corp,8-K,John Palumbo,Director,spacy
Omnitek Engineering Corp,8-K,Gary Maier,Director,spacy
Omnitek Engineering Corp,8-K,Werner Funk Funk,Director,spacy
"SILVERTON ENERGY, INC.",8-K,Samuel C. Smith,Director,spacy
"SILVERTON ENERGY, INC.",8-K,Eduardo Balli,Chief Financial Officer,spacy
"SILVERTON ENERGY, INC.",8-K,Dr Ed,Cto,spacy
"SILVERTON ENERGY, INC.",8-K,John Long,Cto,spacy
"SILVERTON ENERGY, INC.",8-K,Edward Balli,Ceo,spacy
ANAVEX LIFE SCIENCES CORP.,8-K,Christopher Missling,Chief Executive Officer,spacy
ConneXionONE Corp.,8-K,Chris Chang,Chief Financial Officer,spacy
Un Monde International Ltd.,8-K,Ci Zhang,Chief Executive Officer,spacy
"CXJ GROUP CO., Ltd",8-K,Zhen Hui,Director,spacy
"CXJ GROUP CO., Ltd",8-K,Lixin Cai,Chairman,spacy
"Cue Biopharma, Inc.",8-K,Daniel Passeri,Chief Executive Officer,spacy
"Cue Biopharma, Inc.",8-K,Marie Campinell,Director,spacy
"Appsoft Technologies, Inc.",8-K,Brian Kupchik,President,spacy
GROOVE BOTANICALS INC.,8-K,Kent Rodriguez,Chief Executive Officer,spacy
"Kaya Holdings, Inc.",8-K,Craig Frank,Cto,spacy
"LEAFBUYER TECHNOLOGIES, INC.",8-K,Kurt Rossner,Chief Executive Officer,spacy
NETWORK CN INC,8-K,Shirley Cheng,Director,spacy
NETWORK CN INC,8-K,Peter Li,Director,spacy
NETWORK CN INC,8-K,Earnest Leung,Chief Executive Officer,spacy
"iTeos Therapeutics, Inc.",8-K,Michel Detheux,President,spacy
STRUCTURED PRODUCTS CORP CORTS TR FOR PECO ENERGY CAP TR III,8-K,Jeffery Kania,President,spacy
"Fifth District Bancorp, Inc.",8-K,Luse Gorman,Unknown,spacy
"Fifth District Bancorp, Inc.",8-K,Elliott Davis,Cto,spacy
"Fifth District Bancorp, Inc.",8-K,Thomas P. Hutton,President,spacy
"Silvaco Group, Inc.",8-K,B. Quorum,Director,spacy
Ameren Illinois Co,8-K,Cynthia J. Brinkley,Cto,spacy
Ameren Illinois Co,8-K,Fadi M. Diya,Director,spacy
Ameren Illinois Co,8-K,Leonard P. Singh,Director,spacy
Ameren Illinois Co,8-K,Theresa A. Shaw,Director,spacy
GP-Act III Acquisition Corp.,8-K,Brigadeiro Faria Lima,Chief Financial Officer,spacy
GP-Act III Acquisition Corp.,8-K,Provide Cantor,Cto,spacy
GP-Act III Acquisition Corp.,8-K,Douglas Ellenoff,General Counsel,spacy
GP-Act III Acquisition Corp.,8-K,Steven Mermelstein,General Counsel,spacy
GP-Act III Acquisition Corp.,8-K,Lamas Lambranho,Director,spacy
GP-Act III Acquisition Corp.,8-K,L. Spinner,Director,spacy
GP-Act III Acquisition Corp.,8-K,Fersen Lamas Lambranho,Chairman,spacy
GP-Act III Acquisition Corp.,8-K,Steven Spinner,Chairman,spacy
GP-Act III Acquisition Corp.,8-K,Andrew Fleiss,Cto,spacy
GP-Act III Acquisition Corp.,8-K,Alexandre Ruberti,Chief Executive Officer,spacy
Lionsgate Studios Corp.,8-K,Mark H. Rachesky,Director,spacy
Lionsgate Studios Corp.,8-K,Emily Fine,Director,spacy
Lionsgate Studios Corp.,8-K,John D. Harkey,Director,spacy
Lionsgate Studios Corp.,8-K,Michael Burns,Director,spacy
Lionsgate Studios Corp.,8-K,Bruce Tobey,Director,spacy
Lionsgate Studios Corp.,8-K,Gordon Crawford,Unknown,spacy
Lionsgate Studios Corp.,8-K,Yvette Ostolaza,Director,spacy
Lionsgate Studios Corp.,8-K,Mignon Clyburn,Vice President,spacy
Lionsgate Studios Corp.,8-K,Michael T. Fries,Director,spacy
Lionsgate Studios Corp.,8-K,Daryl Simm,Director,spacy
Lionsgate Studios Corp.,8-K,Hardwick Simmons,Cto,spacy
Teucrium Commodity Trust,8-K,Steve Kahler,Chief Operating Officer,spacy
Teucrium Commodity Trust,8-K,Teucrium Trading,Chief Financial Officer,spacy
Limitless X Holdings Inc.,8-K,Mathur Jaspreet,Chief Executive Officer,spacy
HONG YUAN HOLDING GROUP,8-K,Li Xudong,Chief Executive Officer,spacy
EACO CORP,8-K,Michael Narikawa,Unknown,spacy
EACO CORP,8-K,Glen F. Ceiley,Ceo,spacy
WORLDS INC,8-K,Jordan Freeman,Director,spacy
Armlogi Holding Corp.,8-K,Zhiliang Zhou,Cfo,spacy
Armlogi Holding Corp.,8-K,Hunter Taubman Fischer,Unknown,spacy
"Proficient Auto Logistics, Inc",8-K,Randy Beggs,Director,spacy
"Proficient Auto Logistics, Inc",8-K,Steven F. Lux,Director,spacy
"Proficient Auto Logistics, Inc",8-K,John Skiadas,Director,spacy
"Proficient Auto Logistics, Inc",8-K,Brad Wright,Chief Financial Officer,spacy
Nordicus Partners Corp,8-K,Henrik Keller,Ceo,spacy
Nordicus Partners Corp,8-K,Henrik Rouf,Ceo,spacy
Nordicus Partners Corp,8-K,Allan Wehnert,Ceo,spacy
Orion Bliss Corp.,8-K,Alexandra Solomovskaya,Chief Executive Officer,spacy
PowerUp Acquisition Corp.,8-K,Surendra Ajjarapu Surendra,Chief Executive Officer,spacy
"APPYEA, INC",8-K,Boris Molchadsky,Chairman,spacy
"APPYEA, INC",8-K,Adi Shemer,Chairman,spacy
"APPYEA, INC",8-K,Neil Kline,Director,spacy
"CREATIVE MEDICAL TECHNOLOGY HOLDINGS, INC.",8-K,Timothy Warbington,Chief Executive Officer,spacy
Alchemy Investments Acquisition Corp 1,8-K,Jinalkumar Bipin Shah,Director,spacy
INNSUITES HOSPITALITY TRUST,8-K,James F.,Chairman,spacy
INNSUITES HOSPITALITY TRUST,8-K,James F. Wirth,Chairman,spacy
"Generations Bancorp NY, Inc.",8-K,Angela M. Krezmer,Chief Executive Officer,spacy
"Apple iSports Group, Inc.",8-K,Joe Martinez,Chief Executive Officer,spacy
"Freedom Holdings, Inc.",8-K,Olayinka Oyebola,Director,spacy
Dominari Holdings Inc.,8-K,Thomas Fanning,Chief Executive Officer,spacy
RF Acquisition Corp II,8-K,Meng Ng,Director,spacy
RF Acquisition Corp II,8-K,Chee Soon Tham,Director,spacy
RF Acquisition Corp II,8-K,Alexandra Low,General Counsel,spacy
RF Acquisition Corp II,8-K,Michael Powell,Director,spacy
Regenerative Medical Technology Group Inc.,8-K,David Christensen,Chief Executive Officer,spacy
ALEXANDERS INC,8-K,David M. Mandelbaum,Director,spacy
ALEXANDERS INC,8-K,Steven Roth,Director,spacy
ALEXANDERS INC,8-K,Mandakini Puri,Director,spacy
ALEXANDERS INC,8-K,Wendy A. Silverstein,Director,spacy
ALEXANDERS INC,8-K,Russell B. Wright,Director,spacy
"Inhibrx Biosciences, Inc.",8-K,Mark P. Lappe,Chief Executive Officer,spacy
"Inhibrx Biosciences, Inc.",8-K,Brendan P. Eckelman,Chief Executive Officer,spacy
"Inhibrx Biosciences, Inc.",8-K,Kelly D. Deck,Chief Executive Officer,spacy
"Inhibrx Biosciences, Inc.",8-K,Brendan Eckelman,Chief Scientific Officer,spacy
"Inhibrx Biosciences, Inc.",8-K,Douglas G. Forsyth,Director,spacy
"Inhibrx Biosciences, Inc.",8-K,Jon Faiz Kayyem,Director,spacy
"Inhibrx Biosciences, Inc.",8-K,Kimberly Manhard,Director,spacy
"Inhibrx Biosciences, Inc.",8-K,Kristiina Vuori,Director,spacy
"Inhibrx Biosciences, Inc.",8-K,Sanford Labs,President,spacy
"Inhibrx Biosciences, Inc.",8-K,Filling Vacancies Our,Director,spacy
"Nuvera Communications, Inc.",8-K,Perry Meyer,Director,spacy
"Nuvera Communications, Inc.",8-K,James Seifert,Director,spacy
"Nuvera Communications, Inc.",8-K,Redwood Falls,Cto,spacy
"Mobiquity Technologies, Inc.",8-K,Dean Julia,Ceo,spacy
abrdn Gold ETF Trust,8-K,Brian Kordeck,Chief Financial Officer,spacy
abrdn Gold ETF Trust,8-K,Sarah Fisher,Vice President,spacy
Western Uranium & Vanadium Corp.,8-K,George Glasier,President,spacy
Western Uranium & Vanadium Corp.,8-K,Andrew Wilder,Director,spacy
Western Uranium & Vanadium Corp.,8-K,Robert Klein,Chief Financial Officer,spacy
Western Uranium & Vanadium Corp.,8-K,Bryan Murphy,Director,spacy
Western Uranium & Vanadium Corp.,8-K,Michael Skutezky,Director,spacy
Western Uranium & Vanadium Corp.,8-K,Beneficially Owned,Director,spacy
Western Uranium & Vanadium Corp.,8-K,Nil Nil Nil,President,spacy
Western Uranium & Vanadium Corp.,8-K,Nil Nil Nil Total,Director,spacy
Western Uranium & Vanadium Corp.,8-K,Kathleen Glasier,President,spacy
"SKINVISIBLE, INC.",8-K,Terry Howlett,Chief Executive Officer,spacy
CREDITRISKMONITOR COM INC,8-K,Jennifer Gerold,Chief Financial Officer,spacy
CREDITRISKMONITOR COM INC,8-K,David Reiner,Chief Financial Officer,spacy
CREDITRISKMONITOR COM INC,8-K,Steven Gargano,Cfo,spacy
CREDITRISKMONITOR COM INC,8-K,Michael I. Flum,Chief Executive Officer,spacy
CREDITRISKMONITOR COM INC,8-K,Mike Flum,Ceo,spacy
CREDITRISKMONITOR COM INC,8-K,David Reiner Background,Vice President,spacy
"Kindly MD, Inc.",8-K,Tim Pickett,Ceo,spacy
"Kindly MD, Inc.",8-K,Amy Powell,Director,spacy
"Kindly MD, Inc.",8-K,Christian Robinson,Director,spacy
"Kindly MD, Inc.",8-K,Gary Seelhorst,Director,spacy
"Kindly MD, Inc.",8-K,Disputes Any,Director,spacy
"SUNHYDROGEN, INC.",8-K,John Calicchio,President,spacy
"GRAIL, Inc.",8-K,Aaron Freidin,Chief Executive Officer,spacy
"GRAIL, Inc.",8-K,Josh Ofman,Chief Executive Officer,spacy
"GRAIL, Inc.",8-K,Steve Mizell,Director,spacy
"GRAIL, Inc.",8-K,Jet Engine,President,spacy
"GRAIL, Inc.",8-K,Additional Retainer,Director,spacy
"GRAIL, Inc.",8-K,Supplies Supplies,Cto,spacy
"GRAIL, Inc.",8-K,Richard Klausner,Director,spacy
"GRAIL, Inc.",8-K,Hans Bishop,Cto,spacy
SCANDIUM INTERNATIONAL MINING CORP.,8-K,Peter Evensen,President,spacy
SCANDIUM INTERNATIONAL MINING CORP.,8-K,William B. Harris,Director,spacy
KAANAPALI LAND LLC,8-K,Richard Helland,Vice President,spacy
Clough Global Equity Fund,8-K,Christopher Morre Christopher Moore,Unknown,spacy
LadRx Corp,8-K,John Y. Caloz,Chief Financial Officer,spacy
LadRx Corp,8-K,Stephen Snowdy,Ceo,spacy
WILLAMETTE VALLEY VINEYARDS INC,8-K,Elizabeth Spencer,Director,spacy
INNOVATIVE DESIGNS INC,8-K,Richard Wortmann,Unknown,spacy
"Syros Pharmaceuticals, Inc.",8-K,Gerald Quirk,Chief Business Officer,spacy
"ADAMS DIVERSIFIED EQUITY FUND, INC.",8-K,James P. Haynie,Chief Executive Officer,spacy
"ADAMS DIVERSIFIED EQUITY FUND, INC.",8-K,F. Kerns,Chief Executive Officer,spacy
"ADAMS DIVERSIFIED EQUITY FUND, INC.",8-K,Lauriann C. Kloppenburg,Director,spacy
"ADAMS DIVERSIFIED EQUITY FUND, INC.",8-K,Mary Chris,Director,spacy
"ADAMS DIVERSIFIED EQUITY FUND, INC.",8-K,Kenneth J. Dale,Director,spacy
FS Credit Income Fund,8-K,Lee Kruter,Chairman,spacy
Heritage Global Inc.,8-K,Barbara Sinsley,Director,spacy
Heritage Global Inc.,8-K,Ross Dove,Chief Executive Officer,spacy
"Blubuzzard, Inc.",8-K,Paul Moody,Director,spacy
"Blubuzzard, Inc.",8-K,James Xilas,Director,spacy
ELECTRONIC SYSTEMS TECHNOLOGY INC,8-K,Withheld Donald,Director,spacy
ELECTRONIC SYSTEMS TECHNOLOGY INC,8-K,Thomas Schaefer,Director,spacy
ELECTRONIC SYSTEMS TECHNOLOGY INC,8-K,Daniel M. Tolley,President,spacy
Smurfit Westrock plc,8-K,Smurfit Kappa,Cto,spacy
"Sarepta Therapeutics, Inc.",8-K,Michael Chambers,Unknown,spacy
"Rapport Therapeutics, Inc.",8-K,Hudson Yards,Coo,spacy
"Rapport Therapeutics, Inc.",8-K,Kingsley L. Taft,Chief Financial Officer,spacy
"Rapport Therapeutics, Inc.",8-K,Stephanie A. Richards,Chief Financial Officer,spacy
ESPEY MFG & ELECTRONICS CORP,8-K,Katrina Sparano,Unknown,spacy
ESPEY MFG & ELECTRONICS CORP,8-K,Declares Regular,Chief Executive Officer,spacy
ESPEY MFG & ELECTRONICS CORP,8-K,Saratoga Springs,Chief Executive Officer,spacy
ESPEY MFG & ELECTRONICS CORP,8-K,Jennifer Pickering,President,spacy
Solid Biosciences Inc.,8-K,Adam Koppel,Director,spacy
Solid Biosciences Inc.,8-K,Martin Freed,Director,spacy
Solid Biosciences Inc.,8-K,Ilan Ganot,Director,spacy
Solid Biosciences Inc.,8-K,Ian Smith,Director,spacy
AURA SYSTEMS INC,8-K,Gary Campbell,Director,spacy
AURA SYSTEMS INC,8-K,Flavia Di Nino,Chief Financial Officer,spacy
AURA SYSTEMS INC,8-K,Di Nino,Chief Financial Officer,spacy
AURA SYSTEMS INC,8-K,Fabia Di Nino,Chief Financial Officer,spacy
AURA SYSTEMS INC,8-K,Cipora Lavut,President,spacy
"NATHANS FAMOUS, INC.",8-K,Robert Steinberg,Vice President,spacy
"RENN Fund, Inc.",8-K,Anita L. Allen,Director,spacy
"RENN Fund, Inc.",8-K,Melinda J. Newman,Director,spacy
Waystar Holding Corp.,8-K,T. Craig Bridge,Chief Business Officer,spacy
Waystar Holding Corp.,8-K,Ethan Waxman,Director,spacy
Waystar Holding Corp.,8-K,Eric Liu,Director,spacy
Waystar Holding Corp.,8-K,Samuel Blaichman,Director,spacy
Waystar Holding Corp.,8-K,Paul Moskowitz,Director,spacy
Waystar Holding Corp.,8-K,Priscilla Hung,Director,spacy
Waystar Holding Corp.,8-K,Vivian Riefberg,Director,spacy
Waystar Holding Corp.,8-K,Heidi Miller,Cto,spacy
Waystar Holding Corp.,8-K,Chris Jayne,Director,spacy
Waystar Holding Corp.,8-K,Sean Joyce,Director,spacy
Waystar Holding Corp.,8-K,James Barrese,Director,spacy
Waystar Holding Corp.,8-K,Ursula Burns,Director,spacy
Waystar Holding Corp.,8-K,Tristan Brown,Unknown,spacy
Chenghe Acquisition II Co.,8-K,James Zhang,Director,spacy
Chenghe Acquisition II Co.,8-K,Ning Ma,Director,spacy
Chenghe Acquisition II Co.,8-K,Shibin Wang,Director,spacy
Chenghe Acquisition II Co.,8-K,Lyle Wang Lyle,Chief Executive Officer,spacy
Chenghe Acquisition II Co.,8-K,Wang Acknowledged,Chief Executive Officer,spacy
Perceptive Capital Solutions Corp,8-K,Joseph Edelman,Chairman,spacy
Perceptive Capital Solutions Corp,8-K,Adam Stone,Chairman,spacy
Perceptive Capital Solutions Corp,8-K,Joel Rubinstein,General Counsel,spacy
Perceptive Capital Solutions Corp,8-K,Joel L. Rubinstein,General Counsel,spacy
Centurion Acquisition Corp.,8-K,Riaan Hodgson,Cto,spacy
Centurion Acquisition Corp.,8-K,Robert Foresman,Director,spacy
Centurion Acquisition Corp.,8-K,Michael Jesselson,Director,spacy
Centurion Acquisition Corp.,8-K,Mickie Rosen,Director,spacy
Centurion Acquisition Corp.,8-K,Michael Jesselson Acknowledged,Chief Executive Officer,spacy
Centurion Acquisition Corp.,8-K,Elliott M. Smith,Chief Executive Officer,spacy
RESEARCH FRONTIERS INC,8-K,Joseph M. Harary,Director,spacy
"Strategic Environmental & Energy Resources, Inc.",8-K,James Gaspard,Ceo,spacy
CION Ares Diversified Credit Fund,8-K,Gregg Schill Gregg,Vice President,spacy
VirnetX Holding Corp,8-K,Larsen Kendall,Chief Executive Officer,spacy
"Lifeway Foods, Inc.",8-K,Juan Carlos Dalto,Cto,spacy
"Lifeway Foods, Inc.",8-K,Jason Scher,Cto,spacy
"Lifeway Foods, Inc.",8-K,Pol Sikar,Cto,spacy
"Reliant Holdings, Inc.",8-K,Elijah May,Cto,spacy
Karbon-X Corp.,8-K,Chad Clovis,Chief Executive Officer,spacy
"MDB Capital Holdings, LLC",8-K,Daniel Torpey,Director,spacy
DIAMONDHEAD CASINO CORP,8-K,Deborah A. Vitale,President,spacy
DIAMONDHEAD CASINO CORP,8-K,Diamondhead Casino,President,spacy
DIAMONDHEAD CASINO CORP,8-K,Gregory Harrison,President,spacy
"Japan Food Tech Holdings, Inc.",8-K,St Ste,Director,spacy
XBiotech Inc.,8-K,John Simard,Director,spacy
"NAPC Defense, Inc.",8-K,Silver Shado,Cto,spacy
"NAPC Defense, Inc.",8-K,Craig A. Huffman,Director,spacy
"NAPC Defense, Inc.",8-K,Patrick Scheider,Director,spacy
"NAPC Defense, Inc.",8-K,Stephen L. Gurba,Chief Legal Officer,spacy
"NAPC Defense, Inc.",8-K,John Spence,Director,spacy
Melar Acquisition Corp. I/Cayman,8-K,Edward Lifshitz,Chief Executive Officer,spacy
Melar Acquisition Corp. I/Cayman,8-K,Eric Lifshitz,Chief Executive Officer,spacy
Melar Acquisition Corp. I/Cayman,8-K,Tara Kenney,Unknown,spacy
"Embassy Bancorp, Inc.",8-K,David M. Lobach,Director,spacy
"Embassy Bancorp, Inc.",8-K,John G. Englesson,Director,spacy
Lionheart Holdings,8-K,Lead Underwriter,Director,spacy
Lionheart Holdings,8-K,Stuart Neuhauser,General Counsel,spacy
Lionheart Holdings,8-K,Faquiry Diaz Cala,Chairman,spacy
Lionheart Holdings,8-K,Thomas Hawkins,Chief Financial Officer,spacy
Lionheart Holdings,8-K,Roger Meltzer,Chief Financial Officer,spacy
Lionheart Holdings,8-K,Antony Sheriff,Chief Operating Officer,spacy
SOLITARIO RESOURCES CORP.,8-K,Chris Herald,President,spacy
SOLITARIO RESOURCES CORP.,8-K,Brian Labadie,Director,spacy
Flag Ship Acquisition Corp,8-K,Pai Liu,Director,spacy
Flag Ship Acquisition Corp,8-K,Wen He,Director,spacy
Flag Ship Acquisition Corp,8-K,Citrus Grove,Director,spacy
Flag Ship Acquisition Corp,8-K,Bill Huo,Ceo,spacy
Antiaging Quantum Living Inc.,8-K,Barry Wan,President,spacy
GB SCIENCES INC,8-K,John Poss,Chief Executive Officer,spacy
SECURITY NATIONAL FINANCIAL CORP,8-K,Shital A. Mehta,Coo,spacy
SECURITY NATIONAL FINANCIAL CORP,8-K,Jason G. Overbaugh,Coo,spacy
SECURITY NATIONAL FINANCIAL CORP,8-K,H. Craig Moody,Coo,spacy
SECURITY NATIONAL FINANCIAL CORP,8-K,Robert G. Hunter,Coo,spacy
SECURITY NATIONAL FINANCIAL CORP,8-K,Gilbert A. Fuller,Coo,spacy
SECURITY NATIONAL FINANCIAL CORP,8-K,Ludmya B. Love,Coo,spacy
SECURITY NATIONAL FINANCIAL CORP,8-K,Adam G. Quist,Coo,spacy
SECURITY NATIONAL FINANCIAL CORP,8-K,A. Mehta,Coo,spacy
NXG NextGen Infrastructure Income Fund,8-K,Survive Delivery,Unknown,spacy
NXG NextGen Infrastructure Income Fund,8-K,Jeff Engelsman,Ceo,spacy
NXG NextGen Infrastructure Income Fund,8-K,Paul J. Torre,President,spacy
Coliseum Acquisition Corp.,8-K,Harry You,Chairman,spacy
Coliseum Acquisition Corp.,8-K,Written Request,Director,spacy
Coliseum Acquisition Corp.,8-K,Gavin Newsom Source,Cto,spacy
Coliseum Acquisition Corp.,8-K,Van De Graaff Generator,Coo,spacy
Coliseum Acquisition Corp.,8-K,Atmospheric Lab,Coo,spacy
Coliseum Acquisition Corp.,8-K,Mike Meldman,Ceo,spacy
"HIGH WIRE NETWORKS, INC.",8-K,Wire Networks,Chief Executive Officer,spacy
"HIGH WIRE NETWORKS, INC.",8-K,Tim Randall,Chief Marketing Officer,spacy
"Eline Entertainment Group, Inc.",8-K,Chi Wai,Director,spacy
"Eline Entertainment Group, Inc.",8-K,Shing Hei Lee,Ceo,spacy
Tamboran Resources Corp,8-K,Spraberry Interests,Chief Executive Officer,spacy
Tamboran Resources Corp,8-K,Ryan Dalton,Cto,spacy
Tamboran Resources Corp,8-K,Stephanie Reed,Director,spacy
"EWSB Bancorp, Inc. /MD/",8-K,Kip A. Weissman,President,spacy
Graf Global Corp.,8-K,Kenneth Weinstein,Director,spacy
Graf Global Corp.,8-K,Fred Zeidman,Director,spacy
Graf Global Corp.,8-K,James Graf,Director,spacy
ASIAFIN HOLDINGS CORP.,8-K,Wong Kai Cheong,Chief Executive Officer,spacy
ASIAFIN HOLDINGS CORP.,8-K,Louis Ramesh Ruben,Director,spacy
ASIAFIN HOLDINGS CORP.,8-K,Kai Cheong,Director,spacy
ASIAFIN HOLDINGS CORP.,8-K,Udang Pasir,Director,spacy
ASIAFIN HOLDINGS CORP.,8-K,Taman Megah Kepong,Director,spacy
ALUMIS INC.,8-K,Sara Klein,Unknown,spacy
GABELLI MULTIMEDIA TRUST INC.,8-K,Morrow Sodali,Cto,spacy
Ranger Gold Corp.,8-K,Bryan Glass,President,spacy
AI Transportation Acquisition Corp,8-K,Kirk Taylor,Cfo,spacy
AI Transportation Acquisition Corp,8-K,Yun Wu,Director,spacy
AI Transportation Acquisition Corp,8-K,Wong Ping Kuen,Director,spacy
AI Transportation Acquisition Corp,8-K,Ka Cheong Leung,Director,spacy
AI Transportation Acquisition Corp,8-K,Dick Wai Mak,Director,spacy
AI Transportation Acquisition Corp,8-K,Ka Cheong Leung Ka,Chief Financial Officer,spacy
AI Transportation Acquisition Corp,8-K,Cheong Leung,Director,spacy
AI Transportation Acquisition Corp,8-K,Dick Wai,Director,spacy
LandBridge Co LLC,8-K,Matthew K. Morrow,Chairman,spacy
LandBridge Co LLC,8-K,Frank Bayouth,Chairman,spacy
LandBridge Co LLC,8-K,Kara Goodloe Harling,Chairman,spacy
LandBridge Co LLC,8-K,Ben Moore,Chairman,spacy
LandBridge Co LLC,8-K,Charles Watson,Chairman,spacy
LandBridge Co LLC,8-K,Ty Daul,Chairman,spacy
LandBridge Co LLC,8-K,Raymond James Entities,Director,spacy
LandBridge Co LLC,8-K,Good Faith,Director,spacy
LandBridge Co LLC,8-K,Nathaniel Shahan Kekst,Chief Financial Officer,spacy
"Sunrise Realty Trust, Inc.",8-K,Alexander Frank,Chairman,spacy
"Sunrise Realty Trust, Inc.",8-K,Leonard Tannenbaum,Chief Financial Officer,spacy
"Sunrise Realty Trust, Inc.",8-K,Jodi Hanson,Director,spacy
Marvion Inc.,8-K,Chan Sze Yu,Chief Executive Officer,spacy
Marvion Inc.,8-K,Chang Man Chung,Chief Executive Officer,spacy
Marvion Inc.,8-K,Lee Ying Chiu Herbert,Chief Executive Officer,spacy
GLOBAL ACQUISITIONS Corp,8-K,Ronald Boreta,Chief Executive Officer,spacy
GLOBAL ACQUISITIONS Corp,8-K,John Boreta,President,spacy
GLOBAL ACQUISITIONS Corp,8-K,Michael J. Bonner,Unknown,spacy
Eureka Acquisition Corp,8-K,M. Anthony Wong,Director,spacy
Eureka Acquisition Corp,8-K,Lauren Simmons,Director,spacy
Eureka Acquisition Corp,8-K,Celeste Gonzalez,Ceo,spacy
Eureka Acquisition Corp,8-K,Yangguang Binjiang,Ceo,spacy
Eureka Acquisition Corp,8-K,Larry Glassberg,Director,spacy
Eureka Acquisition Corp,8-K,Wang Zhechen,Director,spacy
Six Flags Entertainment Corporation/NEW,8-K,Selim Bassoul,Chairman,spacy
Six Flags Entertainment Corporation/NEW,8-K,Richard Zimmerman,President,spacy
Six Flags Entertainment Corporation/NEW,8-K,Tim Fisher,President,spacy
Six Flags Entertainment Corporation/NEW,8-K,Brian Nurse,President,spacy
Six Flags Entertainment Corporation/NEW,8-K,Christian Dieckmann,Chief Operating Officer,spacy
STRUCTURED PRODUCTS CORP CRED ENHANCE CORTS TR FOR AON CAP A,8-K,Jeffrey Kania,President,spacy
JAAG Enterprises Ltd.,8-K,Jeffrey Chau,Chief Executive Officer,spacy
RemSleep Holdings Inc.,8-K,Judy Strzepek,Cto,spacy
"Balance Labs, Inc.",8-K,Ari Feldman,Director,spacy
"Balance Labs, Inc.",8-K,Joel Kleiner,Chief Financial Officer,spacy
Aceztech Corp,8-K,Kae Ren,Chief Executive Officer,spacy
"Dolphin Entertainment, Inc.",8-K,Mirta A. Negrini,Unknown,spacy
"GIFTIFY, INC.",8-K,Paul K. Danner,Director,spacy
"GIFTIFY, INC.",8-K,Kevin Harrington,Director,spacy
UNIVERSAL SECURITY INSTRUMENTS INC,8-K,Harvey B. Grossblatt,President,spacy
UNIVERSAL SECURITY INSTRUMENTS INC,8-K,James B. Huff,Vice President,spacy
SIM Acquisition Corp. I,8-K,Eric Spangenberg,Chief Executive Officer,spacy
SIM Acquisition Corp. I,8-K,Janine Grasso,Chief Financial Officer,spacy
UBUYHOLDINGS INC,8-K,John Tang Honjian,Director,spacy
UBUYHOLDINGS INC,8-K,John Tan,Director,spacy
UBUYHOLDINGS INC,8-K,Tan Honjian,Director,spacy
UBUYHOLDINGS INC,8-K,John Tan Honjian,Chairman,spacy
Launch One Acquisition Corp.,8-K,Risa Stack,Unknown,spacy
Launch One Acquisition Corp.,8-K,Ryan Gilbert,Chairman,spacy
Launch One Acquisition Corp.,8-K,Brian G. Atwood,Chief Executive Officer,spacy
Launch One Acquisition Corp.,8-K,Rodney A. Ferguson,Chief Executive Officer,spacy
T-REX Acquisition Corp.,8-K,Frank Horkey,President,spacy
"China Health Industries Holdings, Inc.",8-K,Liyuan Sun,Chairman,spacy
"Hawkeye Systems, Inc.",8-K,Christopher Mulgrew,Cfo,spacy
LVPAI GROUP Ltd,8-K,Xu Ni,Director,spacy
"Artiva Biotherapeutics, Inc.",8-K,Fred Aslan,President,spacy
GREENWAY TECHNOLOGIES INC,8-K,Robert Kevin Jones,Director,spacy
GREENWAY TECHNOLOGIES INC,8-K,Kent Harer,Director,spacy
GREENWAY TECHNOLOGIES INC,8-K,Ransom B. Jones,Chief Financial Officer,spacy
"TWFG, Inc.",8-K,Richard F. Bunch,Chief Executive Officer,spacy
SUNRISE REAL ESTATE GROUP INC,8-K,Wang Wen Hua,Director,spacy
SUNRISE REAL ESTATE GROUP INC,8-K,Gu Liang,Director,spacy
SUNRISE REAL ESTATE GROUP INC,8-K,Lin Hsin,Chairman,spacy
OCULUS VISIONTECH INC.,8-K,Anton J. Drescher,Corporate Secretary,spacy
"Lineage, Inc.",8-K,John Carrafiell,Director,spacy
"Lineage, Inc.",8-K,Luke Taylor,Director,spacy
"Lineage, Inc.",8-K,Michael Turner,Director,spacy
"Lineage, Inc.",8-K,James Wyper,Director,spacy
"Lineage, Inc.",8-K,Shellye Archambeau,Director,spacy
"Lineage, Inc.",8-K,Lynn Wentworth,Director,spacy
"Lineage, Inc.",8-K,Adam Forste,Chairman,spacy
"Lineage, Inc.",8-K,Kevin Marchetti,Chief Executive Officer,spacy
DT Cloud Star Acquisition Corp,8-K,Longjiao Li,Director,spacy
DT Cloud Star Acquisition Corp,8-K,Chi Zhang,Director,spacy
DT Cloud Star Acquisition Corp,8-K,Jiayi Liang,Director,spacy
DT Cloud Star Acquisition Corp,8-K,Kenneth Lam,Chief Executive Officer,spacy
"OneStream, Inc.",8-K,Allison Spinner,Cto,spacy
"OneStream, Inc.",8-K,Michael Nordtvedt,Cto,spacy
"OneStream, Inc.",8-K,Victor Nilsson,Cto,spacy
"OneStream, Inc.",8-K,David Welsh,Cto,spacy
"OneStream, Inc.",8-K,Quorum Requirement,Director,spacy
"OneStream, Inc.",8-K,Timothy K. Bliss,Unknown,spacy
"OneStream, Inc.",8-K,Anthony Dimitrie,Vice President,spacy
"OneStream, Inc.",8-K,Mark Reed,President,spacy
"OneStream, Inc.",8-K,John Kinzer,Chief Revenue Officer,spacy
"OneStream, Inc.",8-K,Michael Burkland,Chief Revenue Officer,spacy
"OneStream, Inc.",8-K,Chad Hart,Vice President,spacy
"OneStream, Inc.",8-K,Jonathan Mariner,Ceo,spacy
"OneStream, Inc.",8-K,Tom Shea,Ceo,spacy
"OneStream, Inc.",8-K,Richard Fortunato,Director,spacy
"OneStream, Inc.",8-K,Ricardo Rasche,Chief Solutions Officer,spacy
"ADM TRONICS UNLIMITED, INC.",8-K,Rosenberg Rich,Cfo,spacy
NITCHES INC,8-K,John Morgan,Unknown,spacy
CBRE GLOBAL REAL ESTATE INCOME FUND,8-K,Jeff Chang,Unknown,spacy
"VISIUM TECHNOLOGIES, INC.",8-K,Wayne Monk,Director,spacy
"VISIUM TECHNOLOGIES, INC.",8-K,Emmanuel Esaka,Director,spacy
"VISIUM TECHNOLOGIES, INC.",8-K,Solomon Adote,Director,spacy
"VISIUM TECHNOLOGIES, INC.",8-K,Mark Lucky,Chief Executive Officer,spacy
"Concentra Group Holdings Parent, Inc.",8-K,Keith Newton,Chief Executive Officer,spacy
"Concentra Group Holdings Parent, Inc.",8-K,Cheryl Pegus,Director,spacy
"Concentra Group Holdings Parent, Inc.",8-K,Robert A. Ortenzio,Cto,spacy
"Concentra Group Holdings Parent, Inc.",8-K,William K. Newton,Director,spacy
"Concentra Group Holdings Parent, Inc.",8-K,Lauren Dansbury,Director,spacy
"Concentra Group Holdings Parent, Inc.",8-K,Michael Hodshon,Vice President,spacy
Seaport Entertainment Group Inc.,8-K,David Z. Hirsh,Director,spacy
Seaport Entertainment Group Inc.,8-K,Michael A. Crawford,Director,spacy
Seaport Entertainment Group Inc.,8-K,Anthony F. Massaro,Director,spacy
Seaport Entertainment Group Inc.,8-K,Replacement Guaranty,Cto,spacy
Seaport Entertainment Group Inc.,8-K,Marilyn P. Davis,Chief Financial Officer,spacy
Invesco CurrencyShares Australian Dollar Trust,8-K,John Zerr,Director,spacy
"XERIANT, INC.",8-K,Keith Duffy,Chief Executive Officer,spacy
"Actinium Pharmaceuticals, Inc.",8-K,Avinash Desai,Chief Medical Officer,spacy
AA Mission Acquisition Corp.,8-K,Zhongxuan Li,Chief Executive Officer,spacy
AA Mission Acquisition Corp.,8-K,Zhenxing Wang,Chief Executive Officer,spacy
AA Mission Acquisition Corp.,8-K,Wenzhong Zhao,Chief Executive Officer,spacy
M3-Brigade Acquisition V Corp.,8-K,Frederick Arnold,Director,spacy
M3-Brigade Acquisition V Corp.,8-K,Matthew Perkal,Chief Executive Officer,spacy
M3-Brigade Acquisition V Corp.,8-K,Chris Chaice,Chief Executive Officer,spacy
M3-Brigade Acquisition V Corp.,8-K,Charles Garner,Unknown,spacy
M3-Brigade Acquisition V Corp.,8-K,Eric Greenhaus Acknowledged,Chairman,spacy
M3-Brigade Acquisition V Corp.,8-K,Raphael M. Russo,General Counsel,spacy
"Adagio Medical Holdings, Inc.",8-K,Sandra Gardiner,Director,spacy
"Adagio Medical Holdings, Inc.",8-K,Timothy Moran,Director,spacy
"Adagio Medical Holdings, Inc.",8-K,Hakon Bergheim,Chief Executive Officer,spacy
"Adagio Medical Holdings, Inc.",8-K,Shahram Moaddeb,Director,spacy
"Adagio Medical Holdings, Inc.",8-K,Orly Mishan,Director,spacy
"Adagio Medical Holdings, Inc.",8-K,Cardiothoracic Surgeon,Unknown,spacy
"Adagio Medical Holdings, Inc.",8-K,Astor Place,Chief Financial Officer,spacy
"Adagio Medical Holdings, Inc.",8-K,Todd Wider,Director,spacy
"Adagio Medical Holdings, Inc.",8-K,Tim Glynn,Director,spacy
"Adagio Medical Holdings, Inc.",8-K,Ilya Grigorov,Director,spacy
"Adagio Medical Holdings, Inc.",8-K,Nabil Jubran,Director,spacy
"Adagio Medical Holdings, Inc.",8-K,Doug Kurschinski,Director,spacy
"Adagio Medical Holdings, Inc.",8-K,Reed Smith,Chief Executive Officer,spacy
"Adagio Medical Holdings, Inc.",8-K,Stephen Jones,Unknown,spacy
EQV Ventures Acquisition Corp.,8-K,Jerome C. Silvey,Cto,spacy
EQV Ventures Acquisition Corp.,8-K,Bryan Summers,Director,spacy
EQV Ventures Acquisition Corp.,8-K,Andrew Blakeman,Director,spacy
EQV Ventures Acquisition Corp.,8-K,Marc Peperzak,Director,spacy
EQV Ventures Acquisition Corp.,8-K,Julian Seiguer,Chief Financial Officer,spacy
EQV Ventures Acquisition Corp.,8-K,Jerry Silvey,Chief Executive Officer,spacy
EQV Ventures Acquisition Corp.,8-K,Billy Vranish,General Counsel,spacy
EQV Ventures Acquisition Corp.,8-K,Marcus Peperzak,Director,spacy
Summit Midstream Corp,8-K,Matthew B. Sicinski,Vice President,spacy
"Accredited Solutions, Inc.",8-K,Eduardo A. Brito,Chief Executive Officer,spacy
"Monroe Federal Bancorp, Inc.",8-K,Victor L. Cangelosi,President,spacy
EOS INC.,8-K,Siang Yang,President,spacy
Leet Technology Inc.,8-K,Elain Lockman,Director,spacy
KHEOBA CORP.,8-K,Irakli Tatarishvili,Director,spacy
Medies,8-K,Kenneth Tindall,Director,spacy
Medies,8-K,Simon Kidd,Ceo,spacy
Medies,8-K,Leong Weng Fong,Ceo,spacy
Bowhead Specialty Holdings Inc.,8-K,Stephen Sills,Chief Executive Officer,spacy
"Ardent Health Partners, Inc.",8-K,Marty Bonick,President,spacy
Voyager Acquisition Corp./Cayman Islands,8-K,Jonathan Intrater,Chief Executive Officer,spacy
Voyager Acquisition Corp./Cayman Islands,8-K,Jonathan Intrater Acknowledged,Chief Executive Officer,spacy
"ACTUATE THERAPEUTICS, INC.",8-K,Jason Keyes,Director,spacy
"ACTUATE THERAPEUTICS, INC.",8-K,Roger Sawhney,Director,spacy
"ACTUATE THERAPEUTICS, INC.",8-K,Amy Ronneberg,Director,spacy
"Cantor Equity Partners, Inc.",8-K,Jane Novak,Chief Executive Officer,spacy
"Cantor Equity Partners, Inc.",8-K,Danny Salinas,Chief Executive Officer,spacy
"Cantor Equity Partners, Inc.",8-K,Carl Grimstad Acknowledged,Chief Executive Officer,spacy
"Cantor Equity Partners, Inc.",8-K,Jeffrey Gallant,General Counsel,spacy
OS Therapies Inc,8-K,Paul A. Romness,President,spacy
NEURALBASE AI LTD.,8-K,Frank Gomez,Chief Executive Officer,spacy
Premium Nickel Resources Ltd.,8-K,Sharon Taylor,Vice President,spacy
Premium Nickel Resources Ltd.,8-K,Timothy H. Moran,Chief Legal Officer,spacy
Premium Nickel Resources Ltd.,8-K,Keith Morrison,Ceo,spacy
Premium Nickel Resources Ltd.,8-K,Jaclyn Ruptash,Director,spacy
"STANDARD PREMIUM FINANCE HOLDINGS, INC.",8-K,William Koppelmann,Ceo,spacy
Stemtech Corp,8-K,Charles Arnold,Ceo,spacy
SilverBox Corp IV,8-K,Matthew Eilers,Director,spacy
SilverBox Corp IV,8-K,Jonathan Lewis,Cto,spacy
SilverBox Corp IV,8-K,Stephen Kadenacy,Director,spacy
HCM II Acquisition Corp.,8-K,Andrew Brenner,Chief Executive Officer,spacy
Phoenix Plus Corp.,8-K,Ryu Junsei,Chief Executive Officer,spacy
Silexion Therapeutics Corp,8-K,Herzog Tower,Ceo,spacy
Silexion Therapeutics Corp,8-K,Ruth Alon,Director,spacy
Silexion Therapeutics Corp,8-K,Mitchell Shirvan,Director,spacy
Silexion Therapeutics Corp,8-K,Len Porter,Director,spacy
Silexion Therapeutics Corp,8-K,Dror Abramov,Chairman,spacy
Silexion Therapeutics Corp,8-K,Avner Lushi,Chairman,spacy
Silexion Therapeutics Corp,8-K,Shlomo Noy,Chairman,spacy
Silexion Therapeutics Corp,8-K,Dror J. Abramov,Director,spacy
Silexion Therapeutics Corp,8-K,Ilan Shiloah,Director,spacy
Silexion Therapeutics Corp,8-K,David Chertok,Ceo,spacy
Silexion Therapeutics Corp,8-K,Jonathan M. Nathan,Ceo,spacy
Silexion Therapeutics Corp,8-K,Square Victoria,Cto,spacy
Silexion Therapeutics Corp,8-K,Glaser Weil Fink,Director,spacy
Silexion Therapeutics Corp,8-K,Amotz Shemi,Chairman,spacy
Silexion Therapeutics Corp,8-K,J. David Chertok,Chief Financial Officer,spacy
Silexion Therapeutics Corp,8-K,Mirit Horenshtein Hadar,Cfo,spacy
"China Green Agriculture, Inc.",8-K,Zhuoyu Li,Director,spacy
"China Green Agriculture, Inc.",8-K,Jian Huang,Director,spacy
"China Green Agriculture, Inc.",8-K,Xiaolai Li,Director,spacy
"China Green Agriculture, Inc.",8-K,Cui Song,Director,spacy
"China Green Agriculture, Inc.",8-K,Daqing Zhu,Director,spacy
"China Green Agriculture, Inc.",8-K,Lianfu Liu,Director,spacy
"China Green Agriculture, Inc.",8-K,Jinjun Lu,Director,spacy
"Odyssey Health, Inc.",8-K,Joseph Michael Redmond Joseph,Chief Executive Officer,spacy
"Odyssey Health, Inc.",8-K,J. Michael Redmond,President,spacy
ALPHATIME ACQUISITION CORP,8-K,Ding Xiameng,Ceo,spacy
GMTech Inc.,8-K,Jianting Liu,Director,spacy
Black Spade Acquisition II Co,8-K,Kester Ng,Cto,spacy
Black Spade Acquisition II Co,8-K,Richard Taylor,Director,spacy
Black Spade Acquisition II Co,8-K,Russell Galbut,Director,spacy
Black Spade Acquisition II Co,8-K,Robert Moore,Cto,spacy
Black Spade Acquisition II Co,8-K,Patsy Chan,Director,spacy
Black Spade Acquisition II Co,8-K,Sammy Hsieh,Director,spacy
Black Spade Acquisition II Co,8-K,Wai Dennis Tam,Chairman,spacy
Black Spade Acquisition II Co,8-K,Dennis Tam,Unknown,spacy
Black Spade Acquisition II Co,8-K,Stacey Wong,Unknown,spacy
Black Spade Acquisition II Co,8-K,Chi Wai Dennis,Chairman,spacy
Black Spade Acquisition II Co,8-K,Black Spade,Vice President,spacy
Black Spade Acquisition II Co,8-K,Chiu Yi Zoe,Ceo,spacy
Black Spade Acquisition II Co,8-K,Joe Kester Ng,Director,spacy
Black Spade Acquisition II Co,8-K,Joe Kester,Chairman,spacy
Black Spade Acquisition II Co,8-K,Richard Kirby,Director,spacy
Black Spade Acquisition II Co,8-K,Russell William Galbut,Director,spacy
Black Spade Acquisition II Co,8-K,Robert Steven Moore,Director,spacy
Black Spade Acquisition II Co,8-K,Po Yi,Director,spacy
Black Spade Acquisition II Co,8-K,Wing Hong Sammy Hsieh,Director,spacy
Bitwise Bitcoin ETF,8-K,Hunter Horsley,President,spacy
Tofla Megaline Inc.,8-K,Maria De Lourdes,Director,spacy
Tofla Megaline Inc.,8-K,Marquez Hernandez,Director,spacy
GigCapital7 Corp.,8-K,Raanan I. Horowitz,Director,spacy
GigCapital7 Corp.,8-K,Adrian Zuckerman,Director,spacy
GigCapital7 Corp.,8-K,Embarcadero Rd,Chief Executive Officer,spacy
GigCapital7 Corp.,8-K,Harbour Place,Director,spacy
GigCapital7 Corp.,8-K,Joint Ownership,Director,spacy
"INTEGRATED VENTURES, INC.",8-K,Joseph Rosati,Ceo,spacy
"INTEGRATED VENTURES, INC.",8-K,Medwell Direct,Ceo,spacy
Safe Pro Group Inc.,8-K,Robert D. Keyser,Ceo,spacy
Andretti Acquisition Corp. II,8-K,Zakary C. Brown,Director,spacy
Andretti Acquisition Corp. II,8-K,Gerald D. Putnam,Director,spacy
Andretti Acquisition Corp. II,8-K,John J. Romanelli,Director,spacy
Andretti Acquisition Corp. II,8-K,William J. Sandbrook,Director,spacy
Andretti Acquisition Corp. II,8-K,Michael M. Andretti,Director,spacy
Andretti Acquisition Corp. II,8-K,Gerald D. Brown,Director,spacy
Andretti Acquisition Corp. II,8-K,Mario Andretti,Director,spacy
Andretti Acquisition Corp. II,8-K,William J.,Chairman,spacy
Andretti Acquisition Corp. II,8-K,William M.,Chairman,spacy
EvoAir Holdings Inc.,8-K,Wai Koon,Chairman,spacy
Vine Hill Capital Investment Corp.,8-K,John Adams,Director,spacy
Vine Hill Capital Investment Corp.,8-K,Gregory Ethridge,Director,spacy
Vine Hill Capital Investment Corp.,8-K,Dean Seavers,Director,spacy
Vine Hill Capital Investment Corp.,8-K,Daniel Zlotnitsky,Director,spacy
"VPR Brands, LP.",8-K,Kevin Frija,Chief Executive Officer,spacy
"VPR Brands, LP.",8-K,Daniel Hoff,Chief Executive Officer,spacy
21Shares Core Ethereum ETF,8-K,Jody Mettler,President,spacy
21Shares Core Ethereum ETF,8-K,Rachel Anderika,Coo,spacy
Future Vision II Acquisition Corp.,8-K,Debbie A. Klis,Chief Executive Officer,spacy
Future Vision II Acquisition Corp.,8-K,Jinlong Liu,Chief Executive Officer,spacy
Future Vision II Acquisition Corp.,8-K,Lei Xiong,Director,spacy
Future Vision II Acquisition Corp.,8-K,Lien Default,Director,spacy
Future Vision II Acquisition Corp.,8-K,Shuding Zeng,Chairman,spacy
ALTEROLA BIOTECH INC.,8-K,Reggie Alston,Chairman,spacy
VS Trust,8-K,Justin Young,Unknown,spacy
"KwikClick, Inc.",8-K,Jeffrey Yates,Chief Financial Officer,spacy
"FARMHOUSE, INC. /NV",8-K,Leslie Katz,Chairman,spacy
"FARMHOUSE, INC. /NV",8-K,Jason Tucker,Chief Executive Officer,spacy
"FARMHOUSE, INC. /NV",8-K,Evan Horowitz,Ceo,spacy
"FARMHOUSE, INC. /NV",8-K,Faheem Rashad Najm,Ceo,spacy
"FARMHOUSE, INC. /NV",8-K,Melissa Tucker,Chief Executive Officer,spacy
"FARMHOUSE, INC. /NV",8-K,Faheem Najm,Ceo,spacy
"FARMHOUSE, INC. /NV",8-K,Leslie Rachel Katz,Cto,spacy
"FARMHOUSE, INC. /NV",8-K,Nappy Boy Dranks,Ceo,spacy
"FARMHOUSE, INC. /NV",8-K,Eric Feig,Unknown,spacy
"FARMHOUSE, INC. /NV",8-K,Nappy Boy Automotive,Cto,spacy
"FARMHOUSE, INC. /NV",8-K,Nappy Boy,Cto,spacy
"Cavitation Technologies, Inc.",8-K,James Fuller,Director,spacy
"Zenas BioPharma, Inc.",8-K,Leon O. Moulder,Chief Executive Officer,spacy
International Stem Cell CORP,8-K,Andrey Semechkin,Vice President,spacy
International Stem Cell CORP,8-K,Russell Kern,Vice President,spacy
Ferguson Enterprises Inc. /DE/,8-K,Kevin Murphy,Director,spacy
"Kairos Pharma, LTD.",8-K,Fisher Broyles,Cto,spacy
"Kairos Pharma, LTD.",8-K,Neil Bhowmick,Ceo,spacy
"Kairos Pharma, LTD.",8-K,Ramachandran Murali,Ceo,spacy
"Kairos Pharma, LTD.",8-K,Michael Keyoung,Chief Financial Officer,spacy
"Kairos Pharma, LTD.",8-K,Megan J. Penick,Ceo,spacy
"Amentum Holdings, Inc.",8-K,John Heller,Chief Executive Officer,spacy
"Amentum Holdings, Inc.",8-K,Travis Johnson,Vice President,spacy
"Amentum Holdings, Inc.",8-K,Stephen Arnette,Chief Executive Officer,spacy
"Amentum Holdings, Inc.",8-K,Steven Demetriou,Chief Financial Officer,spacy
"Amentum Holdings, Inc.",8-K,Expenses H. The,Cto,spacy
"Amentum Holdings, Inc.",8-K,Booz Allen Hamilton,Cto,spacy
"Amentum Holdings, Inc.",8-K,Stephen A. Arnette,Chief Executive Officer,spacy
"Amentum Holdings, Inc.",8-K,Travis B. Johnson,Chief Executive Officer,spacy
"Amentum Holdings, Inc.",8-K,Stuart I. Young,Chief Operating Officer,spacy
"Amentum Holdings, Inc.",8-K,Sean Mullen,Chief Growth Officer,spacy
"Amentum Holdings, Inc.",8-K,Jill Bruning,Chief Technology Officer,spacy
"Amentum Holdings, Inc.",8-K,Leslie Ireland,Director,spacy
"Amentum Holdings, Inc.",8-K,Barbara L. Loughran,Director,spacy
"Amentum Holdings, Inc.",8-K,Benjamin Dickson,Director,spacy
"Amentum Holdings, Inc.",8-K,Barack Obama,President,spacy
"Amentum Holdings, Inc.",8-K,Russell Triedman,Director,spacy
"Amentum Holdings, Inc.",8-K,John Vollmer,Director,spacy
"Amentum Holdings, Inc.",8-K,Intellectual Properties Prior,Coo,spacy
"Amentum Holdings, Inc.",8-K,Wachtell Lipton,Unknown,spacy
"Amentum Holdings, Inc.",8-K,Removal Except,Director,spacy
YHN Acquisition I Ltd,8-K,Yangyujia An,Chief Executive Officer,spacy
YHN Acquisition I Ltd,8-K,Donghui Xu,Chief Executive Officer,spacy
YHN Acquisition I Ltd,8-K,Zhengming Feng,Chief Executive Officer,spacy
Cayson Acquisition Corp,8-K,David A. Miller,Unknown,spacy
Cayson Acquisition Corp,8-K,Florence Chan,General Counsel,spacy
YERBAE BRANDS CORP.,8-K,Todd Gibson,Chief Executive Officer,spacy
YERBAE BRANDS CORP.,8-K,Karrie Gibson,Chief Financial Officer,spacy
YERBAE BRANDS CORP.,8-K,Andrew Dratt,Director,spacy
Foxx Development Holdings Inc.,8-K,Greg Foley,Ceo,spacy
GUIDED THERAPEUTICS INC,8-K,John Imhoff,Director,spacy
GUIDED THERAPEUTICS INC,8-K,Mark Faupel,President,spacy
"BioAge Labs, Inc.",8-K,Hooman Shahlavi,Chief Legal Officer,spacy
BKV Corp,8-K,Lindsay Larrick,Chief Legal Officer,spacy
BKV Corp,8-K,Samantha H. Crispin,Chief Legal Officer,spacy
BKV Corp,8-K,M. Preston Bernhisel,Chief Legal Officer,spacy
BKV Corp,8-K,Baker Botts,Chief Legal Officer,spacy
BKV Corp,8-K,Samantha Crispin,Unknown,spacy
BKV Corp,8-K,Somruedee Chaimongkol,Chief Executive Officer,spacy
Pacific Sports Exchange Inc.,8-K,Jennifer Whitesides,Director,spacy
Pacific Sports Exchange Inc.,8-K,Huang Hua Shang,Chief Executive Officer,spacy
Pacific Sports Exchange Inc.,8-K,Mr Huang,Director,spacy
"Guardian Pharmacy Services, Inc.",8-K,G. Kendall Forbes,Director,spacy
"Guardian Pharmacy Services, Inc.",8-K,John Ackerman,Unknown,spacy
"Guardian Pharmacy Services, Inc.",8-K,William Bindley,Chairman,spacy
"Guardian Pharmacy Services, Inc.",8-K,Thomas J. Salentine,President,spacy
"Guardian Pharmacy Services, Inc.",8-K,James L. Smeltzer,President,spacy
"Guardian Pharmacy Services, Inc.",8-K,G. Kendall,President,spacy
Lakeside Holding Ltd,8-K,Henry Liu,Chairman,spacy
"StandardAero, Inc.",8-K,Russell Ford,Chief Executive Officer,spacy
"StandardAero, Inc.",8-K,Andrew Skrilow,Vice President,spacy
CS DIAGNOSTICS CORP.,8-K,Thomas Fahrhoefer,President,spacy
CS DIAGNOSTICS CORP.,8-K,Thomas Josef Migotsch,President,spacy
CS DIAGNOSTICS CORP.,8-K,Lauren Kate,Vice President,spacy
"ABRDN ASIA-PACIFIC INCOME FUND, INC.",8-K,Megan Kennedy,Vice President,spacy
"ABRDN ASIA-PACIFIC INCOME FUND, INC.",8-K,Rahn Porter,Director,spacy
SusGlobal Energy Corp.,8-K,Bruce Rintoul,Director,spacy
SusGlobal Energy Corp.,8-K,Marc Hazout,Cto,spacy
"Revelyst, Inc.",8-K,Eric Nyman,Ceo,spacy
"Revelyst, Inc.",8-K,Vista Outdoor,Director,spacy
"Revelyst, Inc.",8-K,Jason Vanderbrink,Ceo,spacy
"Revelyst, Inc.",8-K,Victor Khosla,Cto,spacy
"FrontView REIT, Inc.",8-K,Randall Starr,Cto,spacy
"FrontView REIT, Inc.",8-K,Timothy Dieffenbacher,Cto,spacy
"FrontView REIT, Inc.",8-K,Stuart A. Barr,Chairman,spacy
"FrontView REIT, Inc.",8-K,Drew Ireland,Unknown,spacy
"FrontView REIT, Inc.",8-K,Timothy D. Dieffenbacher,Unknown,spacy
VALUE LINE INC,8-K,Howard A. Brecher,Director,spacy
VALUE LINE INC,8-K,Mary Bernstein,Director,spacy
Panamera Holdings Corp,8-K,Chet Fazand,Cto,spacy
Panamera Holdings Corp,8-K,Cris Proler,Chairman,spacy
"Innventure, Inc.",8-K,David Yablunosky,Director,spacy
"Innventure, Inc.",8-K,James O. Donnally,Director,spacy
"Innventure, Inc.",8-K,Bruce Brown,Director,spacy
"Innventure, Inc.",8-K,Elizabeth Williams,Director,spacy
"Innventure, Inc.",8-K,Michael Amalfitano,Director,spacy
"Innventure, Inc.",8-K,Jonathan Loeffler,Director,spacy
"Innventure, Inc.",8-K,B. Gifts,General Counsel,spacy
"Innventure, Inc.",8-K,Monte Carlo,Cto,spacy
Launch Two Acquisition Corp.,8-K,Lynn Eisenhart,Director,spacy
Launch Two Acquisition Corp.,8-K,Jeffrey M. Shanahan,Cto,spacy
Launch Two Acquisition Corp.,8-K,Shami Patel,Director,spacy
Sky Quarry Inc.,8-K,David Sealock,Cto,spacy
Sky Quarry Inc.,8-K,Darryl Delwo,Cto,spacy
Sky Quarry Inc.,8-K,Sky Quarry,Cto,spacy
Sky Quarry Inc.,8-K,Mark Elenowitz,Director,spacy
"PishPosh, Inc.",8-K,Stephano Slack,Cto,spacy
"BlackRock, Inc.",8-K,Laurence D. Fink,Chairman,spacy
"BlackRock, Inc.",8-K,Caroline Rodda,Cto,spacy
"BlackRock, Inc.",8-K,Ed Sweeney,Cto,spacy
"SWISS HELVETIA FUND, INC.",8-K,Stefan Frischknecht,Cto,spacy
Cohen Circle Acquisition Corp. I,8-K,Rochael Adranly,Director,spacy
Cohen Circle Acquisition Corp. I,8-K,Jan Hopkins Trachtman,Cto,spacy
Cohen Circle Acquisition Corp. I,8-K,Ellen F. Warren,Cto,spacy
Cohen Circle Acquisition Corp. I,8-K,Walter C. Jones,Cto,spacy
Cohen Circle Acquisition Corp. I,8-K,George Town Grand,Cto,spacy
Cohen Circle Acquisition Corp. I,8-K,Mark Rosenstein,Unknown,spacy
"KinderCare Learning Companies, Inc.",8-K,B. None,Director,spacy
"KinderCare Learning Companies, Inc.",8-K,Paul Thompson Tile,Chief Executive Officer,spacy
"KinderCare Learning Companies, Inc.",8-K,Joel Schwartz,Director,spacy
"KinderCare Learning Companies, Inc.",8-K,Benjamin Russell,Director,spacy
"KinderCare Learning Companies, Inc.",8-K,Preston Grasty,Director,spacy
"KinderCare Learning Companies, Inc.",8-K,Michael Nuzzo,Director,spacy
"KinderCare Learning Companies, Inc.",8-K,John T. Wyatt,Director,spacy
"KinderCare Learning Companies, Inc.",8-K,Jean Desravines,Director,spacy
"KinderCare Learning Companies, Inc.",8-K,Alyssa Waxenberg,Director,spacy
"KinderCare Learning Companies, Inc.",8-K,Dan Starr,Vice President,spacy
"KinderCare Learning Companies, Inc.",8-K,Pari Passu,Cto,spacy
"KinderCare Learning Companies, Inc.",8-K,Otherwise Applied,Cto,spacy
Rising Dragon Acquisition Corp.,8-K,Kei Tung Yeung,Chief Executive Officer,spacy
Rising Dragon Acquisition Corp.,8-K,Robert Wilson Garner,Chief Executive Officer,spacy
"Eco Bright Future, Inc.",8-K,George Athanasiadis,Cto,spacy
"Everus Construction Group, Inc.",8-K,Jon B. Hunke,Vice President,spacy
"Everus Construction Group, Inc.",8-K,Strategic Focus,Director,spacy
"Everus Construction Group, Inc.",8-K,Della Rocca,Chief Financial Officer,spacy
"Everus Construction Group, Inc.",8-K,David M. Sparby,Director,spacy
"Everus Construction Group, Inc.",8-K,Edward A. Ryan,Director,spacy
"Everus Construction Group, Inc.",8-K,Clark A. Wood,Director,spacy
"Everus Construction Group, Inc.",8-K,D. Nosbusch,President,spacy
"Everus Construction Group, Inc.",8-K,B. Hunke,President,spacy
"Everus Construction Group, Inc.",8-K,Thomas D. Nosbusch,Vice President,spacy
"Everus Construction Group, Inc.",8-K,Jon B.,Vice President,spacy
"Everus Construction Group, Inc.",8-K,Edward A.,Corporate Secretary,spacy
Vado Corp.,8-K,Steve Dang,Director,spacy
Vado Corp.,8-K,Amanda Edris,Vice President,spacy
Minerva Gold Inc.,8-K,Meltem Alieva,Director,spacy
PROCYON CORP,8-K,James B. Anderson,Cto,spacy
LSEB Creative Corp.,8-K,Beyond Media,Cto,spacy
LSEB Creative Corp.,8-K,Michael Kahiri,Ceo,spacy
LSEB Creative Corp.,8-K,Lauren Bentley Position,Ceo,spacy
LSEB Creative Corp.,8-K,Lauren Bentley,Ceo,spacy
Wolverine Resources Corp.,8-K,Richard Haderer,Cfo,spacy
Bold Eagle Acquisition Corp.,8-K,Diarmuid Cummins,Director,spacy
Bold Eagle Acquisition Corp.,8-K,Amy Gershkoff Bolles,Cto,spacy
Bold Eagle Acquisition Corp.,8-K,Simon Watson,Cto,spacy
Bold Eagle Acquisition Corp.,8-K,Matthew Noble,Director,spacy
Bold Eagle Acquisition Corp.,8-K,Simon Watson Acknowledged,Chief Executive Officer,spacy
Ingram Micro Holding Corp,8-K,John Holland,Vice President,spacy
Oaktree Acquisition Corp. III Life Sciences,8-K,Maria Attaar,Director,spacy
Oaktree Acquisition Corp. III Life Sciences,8-K,Maria Attaaar,Director,spacy
Oaktree Acquisition Corp. III Life Sciences,8-K,Pavan Bellur,General Counsel,spacy
Aldel Financial II Inc.,8-K,Stuart Kovensky,Cto,spacy
Aldel Financial II Inc.,8-K,Meltem Demirors,Cto,spacy
Aldel Financial II Inc.,8-K,Peter Early,Cto,spacy
Aldel Financial II Inc.,8-K,Robert Kauffman,Chairman,spacy
"TAYLOR DEVICES, INC.",8-K,Paul Heary,Cto,spacy
"TAYLOR DEVICES, INC.",8-K,John Burgess,Director,spacy
"TAYLOR DEVICES, INC.",8-K,F. Eric Armenat,Director,spacy
Charlton Aria Acquisition Corp,8-K,Stephen Markscheid,Cto,spacy
Charlton Aria Acquisition Corp,8-K,Umesh Patel,Cto,spacy
Charlton Aria Acquisition Corp,8-K,Mark Chaney,Cto,spacy
Charlton Aria Acquisition Corp,8-K,Sunny Tan,Ceo,spacy
"High Roller Technologies, Inc.",8-K,Kevin Mangan,Director,spacy
"High Roller Technologies, Inc.",8-K,Matt Teinert,Ceo,spacy
"High Roller Technologies, Inc.",8-K,High Roller,Coo,spacy
"High Roller Technologies, Inc.",8-K,Michael Cribari Brandon,Director,spacy
"High Roller Technologies, Inc.",8-K,Spike Up Media,Chairman,spacy
"High Roller Technologies, Inc.",8-K,Kristen Britt,Director,spacy
"High Roller Technologies, Inc.",8-K,Jonas Martensson,Director,spacy
"High Roller Technologies, Inc.",8-K,David Weild,Director,spacy
"High Roller Technologies, Inc.",8-K,Happy Socks,Director,spacy
PREAXIA HEALTH CARE PAYMENT SYSTEMS INC.,8-K,Tom Zapatinas,Cto,spacy
MIAMI BREEZE CAR CARE INC,8-K,Harald Dieter Gietmann,Director,spacy
SATIVUS TECH CORP.,8-K,Shmulik Yannay,Director,spacy
SATIVUS TECH CORP.,8-K,Tal Wilkes Glazer,Cto,spacy
SATIVUS TECH CORP.,8-K,Shmuel Yannay,Director,spacy
BALTIC INTERNATIONAL USA INC,8-K,Robert L. Knauss,Director,spacy
BALTIC INTERNATIONAL USA INC,8-K,David Grossman,Chairman,spacy
BALTIC INTERNATIONAL USA INC,8-K,Bob Knauss,Chief Executive Officer,spacy
BALTIC INTERNATIONAL USA INC,8-K,David A. Grossman,Chief Executive Officer,spacy
"DAYBREAK OIL & GAS, INC.",8-K,James F. Meara,Cto,spacy
"DAYBREAK OIL & GAS, INC.",8-K,Bennett Anderson,Chairman,spacy
"DAYBREAK OIL & GAS, INC.",8-K,Darren Williams,Chairman,spacy
"DAYBREAK OIL & GAS, INC.",8-K,John B. Linford,Cto,spacy
"CAPSTONE COMPANIES, INC.",8-K,Stewart Wallach,Chief Executive Officer,spacy
"CAPSTONE COMPANIES, INC.",8-K,Jeffrey Postal,Director,spacy
Bleichroeder Acquisition Corp. I,8-K,Joseph Samuels,Cto,spacy
Bleichroeder Acquisition Corp. I,8-K,Kathy Savitt,Director,spacy
Bleichroeder Acquisition Corp. I,8-K,Antoine Theysset,Director,spacy
Bleichroeder Acquisition Corp. I,8-K,Pierre Weinstein,Director,spacy
Bleichroeder Acquisition Corp. I,8-K,Robert Folino,Cto,spacy
"Skkynet Cloud Systems, Inc.",8-K,Paul Thomas,President,spacy
"Skkynet Cloud Systems, Inc.",8-K,Xavier Mesrobian,Director,spacy
TRANS LUX Corp,8-K,Nicholas Fazio,Cto,spacy
TRANS LUX Corp,8-K,Jie Feng,Director,spacy
TRANS LUX Corp,8-K,Xu He,Cto,spacy
Newbury Street II Acquisition Corp,8-K,Matthew Hong,Director,spacy
Newbury Street II Acquisition Corp,8-K,Jennifer Vescio,Cto,spacy
Newbury Street II Acquisition Corp,8-K,Ted Seides,Cto,spacy
Newbury Street II Acquisition Corp,8-K,Jake Gudoian,Cto,spacy
Newbury Street II Acquisition Corp,8-K,Barry I. Grossman,General Counsel,spacy
Newbury Street II Acquisition Corp,8-K,Theodore Seides,Director,spacy
PACIFIC HEALTH CARE ORGANIZATION INC,8-K,Tom Kubota,Chief Executive Officer,spacy
APPlife Digital Solutions Inc,8-K,Matthew Reid,Unknown,spacy
Willow Lane Acquisition Corp.,8-K,George Peng,Director,spacy
Willow Lane Acquisition Corp.,8-K,B. Luke,Chairman,spacy
Willow Lane Acquisition Corp.,8-K,Robert Stevens,Director,spacy
Willow Lane Acquisition Corp.,8-K,Rayne Steinberg,Director,spacy
Willow Lane Acquisition Corp.,8-K,Mauricio Orellana,Director,spacy
Willow Lane Acquisition Corp.,8-K,Rick Hartfiel,Director,spacy
Willow Lane Acquisition Corp.,8-K,A. Lorne Weil,Treasurer,spacy
"TORTOISE PIPELINE & ENERGY FUND, INC.",8-K,Tom Florence,Director,spacy
"TORTOISE PIPELINE & ENERGY FUND, INC.",8-K,H. Kevin Birzer,Chairman,spacy
ASPAC III Acquisition Corp.,8-K,Claudius Tsang Liu,Unknown,spacy
ASPAC III Acquisition Corp.,8-K,Wong Yi Dung Eden,Chief Executive Officer,spacy
ASPAC III Acquisition Corp.,8-K,Yuen Marvin,Director,spacy
ASPAC III Acquisition Corp.,8-K,Xiangge Liu,Chief Executive Officer,spacy
GSR III Acquisition Corp.,8-K,Lewis Silberman,Chief Executive Officer,spacy
GSR III Acquisition Corp.,8-K,Gus Garcia,Director,spacy
"TFF Pharmaceuticals, Inc.",8-K,Harlan Weisman,Director,spacy
"TFF Pharmaceuticals, Inc.",8-K,Robert J. Mills,Director,spacy
"TFF Pharmaceuticals, Inc.",8-K,Stephen Rocamboli,Director,spacy
"TFF Pharmaceuticals, Inc.",8-K,Zamaneh Mikhak,President,spacy
"Oncternal Therapeutics, Inc.",8-K,James B. Breitmeyer,Director,spacy
"Acreage Holdings, Inc.",8-K,Dennis Curran,Chief Executive Officer,spacy
"Thunder Bridge Capital Partners IV, Inc.",8-K,Great Falls,Director,spacy
"Dogecoin Cash, Inc.",8-K,David Tobias,Chief Executive Officer,spacy
"Dogecoin Cash, Inc.",8-K,Rob Tankson Call,Ceo,spacy
Guru App Factory Corp,8-K,Alexandr Chiciuc,Cto,spacy
Invizyne Technologies Inc,8-K,Michael Heltzen,Ceo,spacy
Invizyne Technologies Inc,8-K,Andrew D. Hudders,Ceo,spacy
Invizyne Technologies Inc,8-K,James Bowie Tyler,Director,spacy
Invizyne Technologies Inc,8-K,Edgardo Rayo Ivonne Bordas,Director,spacy
Invizyne Technologies Inc,8-K,Mo Hayat,Director,spacy
Invizyne Technologies Inc,8-K,Chris Marlett,Director,spacy
Invizyne Technologies Inc,8-K,Yi Tang,Director,spacy
Invizyne Technologies Inc,8-K,Golenbock Eiseman,Unknown,spacy
Horizon Space Acquisition II Corp.,8-K,Lafayette Place,Chief Executive Officer,spacy
Horizon Space Acquisition II Corp.,8-K,David Levine,General Counsel,spacy
Horizon Space Acquisition II Corp.,8-K,James Jiayuan Tong,Director,spacy
Horizon Space Acquisition II Corp.,8-K,Tianchen Cai,Director,spacy
Horizon Space Acquisition II Corp.,8-K,Li Mingyu,Director,spacy
Horizon Space Acquisition II Corp.,8-K,Zhai Min,Director,spacy
Horizon Space Acquisition II Corp.,8-K,Xu Qian,Director,spacy
Horizon Space Acquisition II Corp.,8-K,Mingyu Li,Chief Executive Officer,spacy
"Blue Line Protection Group, Inc.",8-K,Daniel Allen,Ceo,spacy
"JUPITER NEUROSCIENCES, INC.",8-K,Richard Smithline,Chairman,spacy
"Marathon Bancorp, Inc. /MD/",8-K,Thomas Grimm,Director,spacy
Atlantis Glory Inc.,8-K,Edward Liang Hsien,Treasurer,spacy
Emo Capital Corp.,8-K,Heng Lim,President,spacy
Emo Capital Corp.,8-K,Teck Heng Lim,President,spacy
CF Acquisition Corp. VII,8-K,Donald J. Trump,President,spacy
CF Acquisition Corp. VII,8-K,Howard Lutnick,Chief Executive Officer,spacy
Dynamix Corp,8-K,Philip Rajan,Director,spacy
Dynamix Corp,8-K,Tyler Crabtree,Cto,spacy
Dynamix Corp,8-K,Lynn A. Peterson,Director,spacy
Dynamix Corp,8-K,Steven A. Webster,Vice President,spacy
"LUMOS PHARMA, INC.",8-K,Richard J. Hawkins,Chief Executive Officer,spacy
CO2 Energy Transition Corp.,8-K,Val Peters,Chief Operating Officer,spacy
CO2 Energy Transition Corp.,8-K,Andrew Martin,Ceo,spacy
CO2 Energy Transition Corp.,8-K,Brittmoore Rd,Chief Executive Officer,spacy
CO2 Energy Transition Corp.,8-K,Brady Rodgers Indemnitee,Chief Executive Officer,spacy
CO2 Energy Transition Corp.,8-K,William H. Flores Indemnitee,Chief Executive Officer,spacy
CO2 Energy Transition Corp.,8-K,Charles Fox Indemnitee,Unknown,spacy
CO2 Energy Transition Corp.,8-K,Andrew J. Martin,President,spacy
Blue Ocean Acquisition Corp,8-K,Anny Yu,Unknown,spacy
Blue Ocean Acquisition Corp,8-K,Yanchang Rd,Chief Executive Officer,spacy
SSHT S&T Group Ltd.,8-K,Guoxiang Yang,Director,spacy
SSHT S&T Group Ltd.,8-K,Jianguo Geng,President,spacy
"Forza X1, Inc.",8-K,Twin Vee,Unknown,spacy
"Forza X1, Inc.",8-K,Marcia Kull,Director,spacy
"Forza X1, Inc.",8-K,Neill Ross,Director,spacy
"Forza X1, Inc.",8-K,Kevin Schuyler,Director,spacy
"Heritage Distilling Holding Company, Inc.",8-K,Andrew Varga,Director,spacy
"Heritage Distilling Holding Company, Inc.",8-K,Michael Carrosino,Vice President,spacy
"Heritage Distilling Holding Company, Inc.",8-K,Festa Italiana,Treasurer,spacy
"Heritage Distilling Holding Company, Inc.",8-K,Matthew Bernstein,Unknown,spacy
"Heritage Distilling Holding Company, Inc.",8-K,Bujacich Rd,Ceo,spacy
Blackwell 3D Construction Corp.,8-K,Mohammed Saif Zaveri,Chief Executive Officer,spacy
NEW ENGLAND REALTY ASSOCIATES LIMITED PARTNERSHIP,8-K,Jameson Brown,Director,spacy
SURGE COMPONENTS INC,8-K,Steven J. Lubman,Director,spacy
FACT II Acquisition Corp.,8-K,Perry Choset,General Counsel,spacy
FACT II Acquisition Corp.,8-K,Hella Alashkar,Director,spacy
FACT II Acquisition Corp.,8-K,Robert Rackind,Director,spacy
FACT II Acquisition Corp.,8-K,Brandon J. Bortner,Chief Financial Officer,spacy
FACT II Acquisition Corp.,8-K,Amir A. Heyat,Chief Financial Officer,spacy
FACT II Acquisition Corp.,8-K,Brandon Bortner,Chief Executive Officer,spacy
FACT II Acquisition Corp.,8-K,Amir Heyat,Chief Executive Officer,spacy
Roth CH Acquisition V Co.,8-K,Phil Kornbluth,Director,spacy
Roth CH Acquisition V Co.,8-K,William H. Flores,Director,spacy
Roth CH Acquisition V Co.,8-K,Charles Nelson,Director,spacy
Roth CH Acquisition V Co.,8-K,Stan Boroweic,Chairman,spacy
Roth CH Acquisition V Co.,8-K,John Lipman,Chief Executive Officer,spacy
"Longboard Pharmaceuticals, Inc.",8-K,Thomas Gibbs,Director,spacy
"Longboard Pharmaceuticals, Inc.",8-K,Casey Lynch,Director,spacy
"Longboard Pharmaceuticals, Inc.",8-K,Phillip Schneider,Director,spacy
"Longboard Pharmaceuticals, Inc.",8-K,Brandi Roberts,Cto,spacy
"Longboard Pharmaceuticals, Inc.",8-K,Randall Kaye,Cto,spacy
"Longboard Pharmaceuticals, Inc.",8-K,Steven Spector,Cto,spacy
"Longboard Pharmaceuticals, Inc.",8-K,Chad Orevillo,Cto,spacy
"Longboard Pharmaceuticals, Inc.",8-K,Thomas D. Forrester,President,spacy
"Longboard Pharmaceuticals, Inc.",8-K,Markus Kede,President,spacy
"MULTI SOLUTIONS II, INC",8-K,Lindsay Shain,President,spacy
GHST World Inc.,8-K,Esterino Castellazzi,Cto,spacy
GHST World Inc.,8-K,Roberto Castellazzi,Director,spacy
Vizio Holding Corp.,8-K,Seth Dallaire,Director,spacy
Vizio Holding Corp.,8-K,Julia Gouw,Cto,spacy
Vizio Holding Corp.,8-K,Vicky L. Free,Cto,spacy
Vizio Holding Corp.,8-K,Michael Mohan,Cto,spacy
Vizio Holding Corp.,8-K,William Wang,Ceo,spacy
"TechTarget, Inc.",8-K,Rebecca Kitchens,Chief Executive Officer,spacy
"TechTarget, Inc.",8-K,Gary Nugent,Director,spacy
"TechTarget, Inc.",8-K,Sally Ashford,Director,spacy
"TechTarget, Inc.",8-K,Stephen A. Carter,Director,spacy
"TechTarget, Inc.",8-K,David Flaschen,Director,spacy
"TechTarget, Inc.",8-K,M. Sean Griffey,Director,spacy
"TechTarget, Inc.",8-K,Don Hawk,Director,spacy
"TechTarget, Inc.",8-K,Perfecto Sanchez,Director,spacy
"TechTarget, Inc.",8-K,Christina Van Houten,Cto,spacy
"TechTarget, Inc.",8-K,Van Houten,Cto,spacy
"TechTarget, Inc.",8-K,Steven Niemiec,Chief Executive Officer,spacy
"TechTarget, Inc.",8-K,Charles D. Rennick,Vice President,spacy
"TechTarget, Inc.",8-K,Howick Place,General Counsel,spacy
"TechTarget, Inc.",8-K,Benjamin K. Sibbett,General Counsel,spacy
"TechTarget, Inc.",8-K,Gareth Wright Position,Director,spacy
"TechTarget, Inc.",8-K,Authorised Signatory,Director,spacy
"TechTarget, Inc.",8-K,Kate Russell,Chief Financial Officer,spacy
"TechTarget, Inc.",8-K,Key Strategic Strengths,Coo,spacy
"Duckhorn Portfolio, Inc.",8-K,Deirdre Mahlan,President,spacy
"Duckhorn Portfolio, Inc.",8-K,Sullivan Sean Sullivan,Vice President,spacy
"Catalent, Inc.",8-K,Alessandro Maselli,President,spacy
Tavia Acquisition Corp.,8-K,Thorp Alberga,Unknown,spacy
Tavia Acquisition Corp.,8-K,Christophe Charlier,Director,spacy
Tavia Acquisition Corp.,8-K,Marsha Kutkevich,Director,spacy
Tavia Acquisition Corp.,8-K,Marsha Kutkevitch,Chief Executive Officer,spacy
Tavia Acquisition Corp.,8-K,Kutkevitch Acknowledged,Chief Executive Officer,spacy
Tavia Acquisition Corp.,8-K,Askar Mametov,Chief Executive Officer,spacy
"zSpace, Inc.",8-K,Joanna Morris,Director,spacy
"zSpace, Inc.",8-K,Jane Swift,Director,spacy
"zSpace, Inc.",8-K,Angela Galardi,Director,spacy
"zSpace, Inc.",8-K,F. Any,Director,spacy
"zSpace, Inc.",8-K,Shaw Pittman,Unknown,spacy
Shepherd Ave Capital Acquisition Corp,8-K,Jia Peng,Ceo,spacy
Shepherd Ave Capital Acquisition Corp,8-K,Evan M. Graj,Director,spacy
Shepherd Ave Capital Acquisition Corp,8-K,Wee Peng Siong,Director,spacy
Shepherd Ave Capital Acquisition Corp,8-K,Carmelo Caschetto,Ceo,spacy
Shepherd Ave Capital Acquisition Corp,8-K,Wee Peng Song,Chief Executive Officer,spacy
Shepherd Ave Capital Acquisition Corp,8-K,Peng Song,Unknown,spacy
NEW ERA HELIUM INC.,8-K,Sichenzia Ross Ference,Chief Executive Officer,spacy
"REGENEREX PHARMA, INC.",8-K,J. Kenneth Hazen,Director,spacy
"REGENEREX PHARMA, INC.",8-K,Deborah L. Pilant,Director,spacy
"REGENEREX PHARMA, INC.",8-K,Brent Wilson,Treasurer,spacy
"REGENEREX PHARMA, INC.",8-K,Lee Ori,Treasurer,spacy
Jackson Acquisition Co II,8-K,J. Nicholas Ayers,Director,spacy
Jackson Acquisition Co II,8-K,Paul G. Gabos,Director,spacy
Jackson Acquisition Co II,8-K,Paul Gabos,Director,spacy
Jackson Acquisition Co II,8-K,Stephan Rodgers,Director,spacy
Jackson Acquisition Co II,8-K,Newport Beach,Cto,spacy
Jackson Acquisition Co II,8-K,Peter Strand,Unknown,spacy
Jackson Acquisition Co II,8-K,Provide Roth,Cto,spacy
Jackson Acquisition Co II,8-K,L. Jackson,Director,spacy
Jackson Acquisition Co II,8-K,Nicholas Ayers,Director,spacy
Jackson Acquisition Co II,8-K,G. Gabos,Director,spacy
US NUCLEAR CORP.,8-K,Michael Pope,Director,spacy
"GALAXY NEXT GENERATION, INC.",8-K,Ashley Reynolds Ray,Unknown,spacy
"GALAXY NEXT GENERATION, INC.",8-K,Katie Goodman,Cfo,spacy
"GALAXY NEXT GENERATION, INC.",8-K,Jones Walden,Unknown,spacy
"GALAXY NEXT GENERATION, INC.",8-K,David Weidenbaum,Unknown,spacy
"ServiceTitan, Inc.",8-K,Ara Mahdessian Ara,Chief Executive Officer,spacy
"ServiceTitan, Inc.",8-K,Olive Huang,Unknown,spacy
Anteris Technologies Global Corp.,8-K,John Seaberg,Director,spacy
Anteris Technologies Global Corp.,8-K,Stephen Denaro,Director,spacy
Anteris Technologies Global Corp.,8-K,Wenyi Gu,Director,spacy
Anteris Technologies Global Corp.,8-K,David St Denis,Chief Executive Officer,spacy
Quipt Home Medical Corp.,8-K,Hardik Mehta,Chief Financial Officer,spacy
Quipt Home Medical Corp.,8-K,Gregory Crawford,Chairman,spacy
Mountain Lake Acquisition Corp.,8-K,Douglas Horlick,Director,spacy
Mountain Lake Acquisition Corp.,8-K,Michael Marquez,Director,spacy
Mountain Lake Acquisition Corp.,8-K,Jaime Vieser,Director,spacy
Lode-Star Mining Inc.,8-K,Mark Walmesley,Chief Executive Officer,spacy
Roman DBDR Acquisition Corp. II,8-K,James Nevels,Director,spacy
Roman DBDR Acquisition Corp. II,8-K,Bryn Sherman,Director,spacy
Roman DBDR Acquisition Corp. II,8-K,Michael Woods,Director,spacy
Roman DBDR Acquisition Corp. II,8-K,Dixon Doll,Director,spacy
Roman DBDR Acquisition Corp. II,8-K,Donald G. Basile,Director,spacy
Roman DBDR Acquisition Corp. II,8-K,Michael Woods Acknowledged,Chief Executive Officer,spacy
AEI INCOME & GROWTH FUND XXII LTD PARTNERSHIP,8-K,Marissa Lassaux,Ceo,spacy
AEI INCOME & GROWTH FUND XXII LTD PARTNERSHIP,8-K,Aaron Mitchell,Ceo,spacy
AEI INCOME & GROWTH FUND XXII LTD PARTNERSHIP,8-K,Stephen Andy Rohrer,Ceo,spacy
AEI INCOME & GROWTH FUND XXII LTD PARTNERSHIP,8-K,Stephen Rohrer,Ceo,spacy
ACUREN CORP,8-K,Tal Pizzey,Ceo,spacy
Newbury Street Acquisition Corp,8-K,John P. Acunto,President,spacy
TAUTACHROME INC.,8-K,Gregory L. Carter,Chief Financial Officer,spacy
