company,filing_type,executive_name,executive_title,confidence,executive_title_clean
"Gryphon Digital Mining, Inc.",8-K,Jessica Billingsley,Chief Executive Officer,high,Chief Executive Officer
FOCUS UNIVERSAL INC.,8-K,Desheng Wang,Chief Executive Officer,high,Chief Executive Officer
BlackRock TCP Capital Corp.,8-K,Rajneesh Vig,Chairman and Chief Executive Officer By,high,Chief Executive Officer
CENTERPOINT ENERGY INC,8-K,Christopher A. Foster,"Executive Vice President and Chief Financial Officer Accepted as of the date first written above BOFA SECURITIES, INC",high,Chief Financial Officer
CENTERPOINT ENERGY INC,8-K,Dev Gandhi,"Managing Director RBC CAPITAL MARKETS, LLC As Manager and Forward Seller By",high,Managing Director
Osprey Bitcoin Trust,8-K,Gregory D. King,Chief Executive Officer,high,Chief Executive Officer
ASPEN AEROGELS INC,8-K,Ricardo C. Rodriguez,Chief Financial Officer and Treasurer,high,Chief Financial Officer
"HERTZ GLOBAL HOLDINGS, INC",8-K,Alexandra Brooks,Executive Vice President and Chief Financial Officer Date,high,Chief Financial Officer
ANGIODYNAMICS INC,8-K,Stephen A. Trowbridge,Executive Vice President and Chief Financial Officer,high,Chief Financial Officer
Worksport Ltd,8-K,Steven Rossi,Chief Executive Officer,high,Chief Executive Officer
Bone Biologics Corp,8-K,Jeffrey Frelick,Chief Executive Officer INDEX TO EXHIBITS Exhibit Number Description,high,Chief Executive Officer
Titan Environmental Solutions Inc.,8-K,Glen Miller,Chief Executive Officer By,high,Chief Executive Officer
Janover Inc.,8-K,Blake Janover,Chief Executive Officer and President,high,Chief Executive Officer
ENTERPRISE PRODUCTS PARTNERS L.P.,8-K,Christian M. Nelly,Executive Vice President,high,Vice President
ENTERPRISE PRODUCTS PARTNERS L.P.,8-K,Brian Jensen,Vice President Thirty,high,Vice President
New Horizon Aircraft Ltd.,8-K,Davin Kazama,Chief Executive Officer,high,Chief Executive Officer
"American Healthcare REIT, Inc.",8-K,Danny Prosky,Chief Executive Officer and President,high,Chief Executive Officer
MAGELLAN COPPER & GOLD INC.,8-K,Michael Lavigne,Chief Executive Officer,high,Chief Executive Officer
EMCORE CORP,8-K,Jeffrey Rittichier,President and CEO,high,Chief Executive Officer
EMCORE CORP,8-K,Bradley L. Radoff,Director,high,Director
"CONSTELLATION BRANDS, INC.",8-K,Michael Reitz,Vice President and Treasurer Signature Page,high,Vice President
SeaStar Medical Holding Corp,8-K,Eric Schlorff,Chief Executive Officer,high,Chief Executive Officer
FEDERAL REALTY INVESTMENT TRUST,8-K,Daniel Guglielmone,Executive Vice President,high,Vice President
FEDERAL REALTY INVESTMENT TRUST,8-K,Gaurav Maria,"Managing Director BOFA SECURITIES, INC",high,Managing Director
FEDERAL REALTY INVESTMENT TRUST,8-K,Hicham Hamdouch,"Managing Director WELLS FARGO SECURITIES, LLC By",high,Managing Director
"Concrete Pumping Holdings, Inc.",8-K,Iain Humphries,Chief Financial Officer and Secretary Dated,high,Chief Financial Officer
"Heritage Insurance Holdings, Inc.",8-K,Joseph Vattamattam,Chairman of the Compensation Committee EXECUTIVE,high,Chair
3D SYSTEMS CORP,8-K,Jeffrey A. Graves,President and Chief Executive Officer,high,Chief Executive Officer
LIVE VENTURES Inc,8-K,Jon Isaac,Chief Executive Officer Dated,high,Chief Executive Officer
"Ampio Pharmaceuticals, Inc.",8-K,Michael A. Martino,Chief Executive Officer,high,Chief Executive Officer
INTERNATIONAL FLAVORS & FRAGRANCES INC,8-K,Jennifer Johnson,"Executive Vice President, General Counsel and Corporate SecretaryDate",high,Vice President
"MFA FINANCIAL, INC.",8-K,Craig Knutson,Chief Executive Officer and President,high,Chief Executive Officer
"MFA FINANCIAL, INC.",8-K,Carolyn Hurley,Managing Director MORGAN STANLEY & CO,high,Managing Director
"MFA FINANCIAL, INC.",8-K,Hector Vazquez,Executive Director PIPER SANDLER & CO,high,Executive Director
"MFA FINANCIAL, INC.",8-K,John Sciales,Director,high,Director
SUN COMMUNITIES INC,8-K,Jully Jiang,Authorized Officer Signature Page to Fifth Supplemental Indenture EXHIBIT A,high,Authorized Officer Signature Page To Fifth Supplemental Indenture Exhibit A
EnerSys,8-K,Andrea Harris,Vice President,high,Vice President
SUPERIOR INDUSTRIES INTERNATIONAL INC,8-K,Thomas Lynch,Managing Director,high,Managing Director
"RELMADA THERAPEUTICS, INC.",8-K,Sergio Traversa,Chief Executive Officer,high,Chief Executive Officer
Energy Transfer LP,8-K,Dylan A. Bramhall,Chief Financial Officer Signature Page to Underwriting Agreement Accepted,high,Chief Financial Officer
Energy Transfer LP,8-K,Adam D. Bordner,Managing Director Credit Agricole Securities,high,Managing Director
Energy Transfer LP,8-K,Ivan Hrazdira,Managing Director By,high,Managing Director
Energy Transfer LP,8-K,Kevin Prior,Director By,high,Director
Energy Transfer LP,8-K,Valerie Shadeck,"Managing Director RBC Capital Markets, LLC By",high,Managing Director
ALLIANCE ENTERTAINMENT HOLDING CORP,8-K,Bruce Ogilvie,Executive Chairman,high,Chair
"CareMax, Inc.",8-K,Kevin Wirges,"Executive Vice President, Chief Financial Officer and Treasurer",high,Chief Financial Officer
Jaws Mustang Acquisition Corp,8-K,Andrew Klaber,Chief Executive Officer,high,Chief Executive Officer
HOVNANIAN ENTERPRISES INC,8-K,Shirley Nessralla,Vice President and Manager,high,Vice President
"Evofem Biosciences, Inc.",8-K,Saundra Pelletier,Chief Executive Officer,high,Chief Executive Officer
"Scorpius Holdings, Inc.",8-K,Jeff Wolf,Chief Executive Officer,high,Chief Executive Officer
"Vivakor, Inc.",8-K,James Ballengee,Chief Executive Officer,high,Chief Executive Officer
"Summit Materials, Inc.",8-K,Christopher B. Gaskill,"EVP, Chief Legal Officer & Secretary Date",high,Evp Chief Legal Officer & Secretary Date
Bukit Jalil Global Acquisition 1 Ltd.,8-K,Seck Chyn Foo,Chief Executive Officer,high,Chief Executive Officer
GROUP 1 AUTOMOTIVE INC,8-K,Gillian A. Hobson,Senior Vice President,high,Vice President
Nukkleus Inc.,8-K,Emil Assentato,Chief Executive Officer,high,Chief Executive Officer
Ovintiv Inc.,8-K,Dawna I. Gibb,Assistant Corporate Secretary,high,Assistant Corporate Secretary
"ADVENT TECHNOLOGIES HOLDINGS, INC.",8-K,Vassilios Gregoriou,Chairman and Chief Executive Officer,high,Chief Executive Officer
Israel Acquisitions Corp,8-K,Ziv Elul,Chief Executive Officer Date,high,Chief Executive Officer
Israel Acquisitions Corp,8-K,Felix Orihuela,Senior Vice President ISRAEL ACQUISITIONS CORP By,high,Vice President
"Glucotrack, Inc.",8-K,Paul Goode,Chief Executive Officer,high,Chief Executive Officer
"Scienture Holdings, Inc.",8-K,Suren Ajjarapu,Chief Executive Officer Dated,high,Chief Executive Officer
"Tenon Medical, Inc.",8-K,Steven M. Foster,Chief Executive Officer and President,high,Chief Executive Officer
AirJoule Technologies Corp.,8-K,Patrick C. Eilers,Chief Executive Officer,high,Chief Executive Officer
"Avenir Wellness Solutions, Inc.",8-K,Joel Bennett,Chief Financial Officer,high,Chief Financial Officer
"NKGen Biotech, Inc.",8-K,Paul Y. Song,Chief Executive Officer,high,Chief Executive Officer
Tidal Commodities Trust I,8-K,Guillermo Trias,"Chief Executive Officer of Tidal Investment LLC, as Sponsor",high,Chief Executive Officer
Franklin Templeton Digital Holdings Trust,8-K,David Mann,"President and Chief Executive Officer FRANKLIN TEMPLETON DIGITAL HOLDINGS TRUST, on behalf of Franklin Bitcoin ETF by DELAWARE TRUST COMPANY, as Delaware Trustee By",high,Chief Executive Officer
Blue Owl Capital Corp,8-K,Jonathan Lamm,Chief Operating Officer and Chief Financial Officer,high,Chief Operating Officer
SemiLEDs Corp,8-K,Christopher Lee,Chief Financial Officer,high,Chief Financial Officer
OCA Acquisition Corp.,8-K,David Shen,Chief Executive Officer and President,high,Chief Executive Officer
CARTERS INC,8-K,Antonio D. Robinson,"Senior Vice President, General Counsel, Corporate Secretary, CSR & Chief Compliance Officer",high,Vice President
Canoo Inc.,8-K,Hector Ruiz,General Counsel and Corporate Secretary,high,General Counsel And Corporate Secretary
Canoo Inc.,8-K,Tony Aquila,Chief Executive Officer INVESTOR,high,Chief Executive Officer
COMMERCIAL METALS Co,8-K,Jody K. Absher,"Senior Vice President, Chief Legal Officer and Corporate Secretary",high,Vice President
Prairie Operating Co.,8-K,Edward Kovalik,Chief Executive Officer PRAIRIE OPERATING CO,high,Chief Executive Officer
"Bark, Inc.",8-K,Allison Koehler,General Counsel and Secretary Date,high,General Counsel And Secretary Date
"Groupon, Inc.",8-K,Jiri Ponrt,Chief Financial Officer,high,Chief Financial Officer
"Zoomcar Holdings, Inc.",8-K,Greg Moran,Chief Executive Officer and Director,high,Chief Executive Officer
"CarGurus, Inc.",8-K,Javier Zamora,General Counsel & Corporate Secretary,high,General Counsel & Corporate Secretary
TopBuild Corp,8-K,Robert Kuhns,Vice President and Chief Financial Officer Dated,high,Chief Financial Officer
Hennessy Capital Investment Corp. VI,8-K,Nicholas Petruska,Chief Financial Officer Dated,high,Chief Financial Officer
Hennessy Capital Investment Corp. VI,8-K,Daniel J. Hennessy,Chairman and Chief Executive Officer,high,Chief Executive Officer
Bravo Multinational Inc.,8-K,Richard Kaiser,Director,high,Director
Broad Capital Acquisition Corp,8-K,Johann Tse,Chief Executive Officer,high,Chief Executive Officer
Broad Capital Acquisition Corp,8-K,Francis Wolf,Senior Vice President and Director of Shareholder Services BROAD CAPITAL ACQUISITION CORP,high,Vice President
MICRON TECHNOLOGY INC,8-K,Mark Murphy,Executive Vice President and Chief Financial Officer,high,Chief Financial Officer
"Lightning eMotors, Inc.",8-K,Timothy Reeser,Chief Executive Officer and President,high,Chief Executive Officer
Maquia Capital Acquisition Corp,8-K,Jeronimo Peralta,Chief Financial Officer,high,Chief Financial Officer
Versus Systems Inc.,8-K,Matthew Pierce,Chief Executive Officer,high,Chief Executive Officer
TERAWULF INC.,8-K,Stefanie C. Fleischmann,Chief Legal Officer & Corporate Secretary Dated,high,Chief Legal Officer & Corporate Secretary Dated
"Knightscope, Inc.",8-K,William Santana Li,Chief Executive Officer and President,high,Chief Executive Officer
NETSTREIT Corp.,8-K,Cathleen Burke,Managing Director Accepted and confirmed as of the date first above written,high,Managing Director
NETSTREIT Corp.,8-K,Daniel P. Donlan,Chief Financial Officer and Treasurer,high,Chief Financial Officer
NETSTREIT Corp.,8-K,Rohan Handa,Managing Director Accepted and confirmed as of the date first above written,high,Managing Director
Aquaron Acquisition Corp.,8-K,Yi Zhou,Chief Executive Officer,high,Chief Executive Officer
Main Street Capital CORP,8-K,Jason B. Beauvais,General Counsel,high,General Counsel
Main Street Capital CORP,8-K,Dwayne L. Hyzak,"Chief Executive OfficerConfirmed and Accepted, as of the date first above written",high,Chief Executive Officer
Main Street Capital CORP,8-K,Thomas Bausano,Managing DirectorFor itself and on behalf of the other Underwriters named on Schedule A hereto,high,Managing Directorfor Itself And On Behalf Of The Other Underwriters Named On Schedule A Hereto
Main Street Capital CORP,8-K,April Bradley,Vice President,high,Vice President
COLUMBUS MCKINNON CORP,8-K,Gregory P. Rustowicz,"Executive Vice President, Finance and Chief Financial Officer Dated",high,Chief Financial Officer
"Voya Financial, Inc.",8-K,My Chi To,"Executive Vice President, Chief Legal Officer and Corporate Secretary Dated",high,Vice President
ACADIA REALTY TRUST,8-K,John Gottfried,Executive Vice President and Chief Financial Officer,high,Chief Financial Officer
ACADIA REALTY TRUST,8-K,Jason Blacksberg,Executive Vice President and Chief Legal Officer ACADIA REALTY LIMITED PARTNERSHIP By,high,Vice President
WinVest Acquisition Corp.,8-K,Manish Jhunjhunwala,Chief Executive Officer and Chief Financial Officer,high,Chief Executive Officer
"NEWMARK GROUP, INC.",8-K,Michael J. Rispoli,"Chief Financial Officer REGIONS BANK, as Trustee By",high,Chief Financial Officer
"NEWMARK GROUP, INC.",8-K,Michael Rispoli,Chief Financial Officer Confirmed and accepted as of the date first written above,high,Chief Financial Officer
ALT5 Sigma Corp,8-K,Tony Isaac,President and Chief Executive Officer Dated,high,Chief Executive Officer
"DIH HOLDING US, INC.",8-K,Zachary Wang,Chief Executive Officer and Chairman,high,Chief Executive Officer
"Franklin BSP Realty Trust, Inc.",8-K,Micah Goodman,General Counsel and Secretary,high,General Counsel And Secretary
CNH Industrial N.V.,8-K,Roberto Russo,Chief Legal and Compliance Officer Date,high,Chief Legal And Compliance Officer Date
"iLearningEngines, Inc.",8-K,Matthew Safaii,Chief Executive Officer,high,Chief Executive Officer
Brixmor Property Group Inc.,8-K,Steven F. Siegel,"Executive Vice President, General Counsel and Secretary BRIXMOR OPERATING PARTNERSHIP LP By",high,Vice President
Brixmor Property Group Inc.,8-K,Stacey B. Poindexter,Vice President,high,Vice President
Brixmor Property Group Inc.,8-K,Som Bhattacharyya,Executive Director PNC Capital Markets LLC By,high,Executive Director
"TKO Group Holdings, Inc.",8-K,Andrew Schleimer,Chief Financial Officer Date,high,Chief Financial Officer
"TKO Group Holdings, Inc.",8-K,Mark Shapiro,President and Chief Operating Officer EMPLOYEE,high,Chief Operating Officer
"Utz Brands, Inc.",8-K,Ajay Kataria,"Executive Vice President, Chief Financial Officer",high,Chief Financial Officer
"Petros Pharmaceuticals, Inc.",8-K,Fady Boctor,President and Chief Commercial Officer,high,President
"T-Mobile US, Inc.",8-K,Johannes Thorsteinsson,"Senior Vice President, Treasury & Treasurer T",high,Vice President
"T-Mobile US, Inc.",8-K,Taylor D. Joss,Managing Director,high,Managing Director
"T-Mobile US, Inc.",8-K,Nicholas Tatlow,Managing Director,high,Managing Director
"T-Mobile US, Inc.",8-K,Todd Mahoney,"Managing Director, Head of DCM Syndicate Americas By",high,Managing Director
"T-Mobile US, Inc.",8-K,Carol Ng,Vice President By,high,Vice President
"Marygold Companies, Inc.",8-K,Nicholas Gerber,Chief Executive Officer Dated,high,Chief Executive Officer
Xperi Inc.,8-K,Rebecca K. Marquez,Chief Legal Officer and Corporate Secretary,high,Chief Legal Officer And Corporate Secretary
KILROY REALTY CORP,8-K,Eliott Trencher,"EVP, Chief Financial Officer and Chief Investment Officer By",high,Chief Financial Officer
KILROY REALTY CORP,8-K,Jeff Horowitz,Managing Director J,high,Managing Director
KILROY REALTY CORP,8-K,Michael Ravanesi,Managing Director & Head of U,high,Managing Director
Assure Holdings Corp.,8-K,John Farlinger,Chief Executive Officer,high,Chief Executive Officer
ENDI Corp.,8-K,David Sherman,Chief Executive Officer Agreed and Accepted as of the date first written above,high,Chief Executive Officer
ENDI Corp.,8-K,Alea Kleinhammer,Chief Financial Officer Confirmed and Agreed,high,Chief Financial Officer
HWH International Inc.,8-K,Rongguo Wei,Chief Financial Officer,high,Chief Financial Officer
HWH International Inc.,8-K,Heng Fai Ambrose Chan,Chief Executive Officer,high,Chief Executive Officer
HWH International Inc.,8-K,Lui Wai Leung Alan,Chief Financial Officer,high,Chief Financial Officer
"PaxMedica, Inc.",8-K,Howard J. Weisman,Chief Executive Officer Date,high,Chief Executive Officer
"Global Business Travel Group, Inc.",8-K,Eric J. Bock,"Chief Legal Officer, Global Head of M&A and Compliance and Corporate Secretary Date",high,Chief Legal Officer Global Head Of M&A And Compliance And Corporate Secretary Date
"Global Business Travel Group, Inc.",8-K,Katharine B. Douglas,Treasurer,high,Treasurer
"BioSig Technologies, Inc.",8-K,Kenneth L. Londoner,Executive Chairman,high,Chair
PRUDENTIAL FINANCIAL INC,8-K,Brian P. Spitser,Vice President and Assistant Secretary,high,Vice President
DYNATRONICS CORP,8-K,Brian Baker,President & Chief Executive Officer,high,Chief Executive Officer
U.S. GoldMining Inc.,8-K,Tim Smith,Chief Executive Officer,high,Chief Executive Officer
"F&G Annuities & Life, Inc.",8-K,Jodi Ahlman,"Senior Vice President, General Counsel & Secretary",high,Vice President
AMERICAN EXPRESS CO,8-K,Kristina V. Fink,Corporate Secretary Date,high,Corporate Secretary Date
KALTURA INC,8-K,Zvi Maayan,General Counsel and Corporate Secretary,high,General Counsel And Corporate Secretary
Amerant Bancorp Inc.,8-K,Julio V. Pena,"Senior Vice President, Securities Counsel and Corporate Secretary",high,Vice President
"EAGLE PHARMACEUTICALS, INC.",8-K,Brian Cahill,"Chief Financial Officer Signature Page to Waiver and First Amendment to Third Amended and Restated Credit Agreement Eagle Pharmaceuticals, Inc",high,Chief Financial Officer
"EAGLE PHARMACEUTICALS, INC.",8-K,Andy Reidell,"Executive Director Signature Page to Waiver and First Amendment to Third Amended and Restated Credit Agreement Eagle Pharmaceuticals, Inc",high,Executive Director
"EAGLE PHARMACEUTICALS, INC.",8-K,Ryan Debski,Secretary ACACIA PHARMA GROUP LIMITED By,high,Secretary Acacia Pharma Group Limited By
GUARANTY BANCSHARES INC /TX/,8-K,Tyson T. Abston,Chairman of the Board and Chief Executive Officer,high,Chief Executive Officer
Restaurant Brands International Limited Partnership,8-K,Jill Granat,General Counsel and Secretary,high,General Counsel And Secretary
RF Acquisition Corp.,8-K,Tse Meng Ng,Chief Executive Officer Date,high,Chief Executive Officer
DocGo Inc.,8-K,Norman Rosenberg,Chief Financial Officer and Treasurer Date,high,Chief Financial Officer
Rumble Inc.,8-K,Michael Ellis,General Counsel and Corporate Secretary,high,General Counsel And Corporate Secretary
SAFE & GREEN HOLDINGS CORP.,8-K,Paul Galvin,Chief Executive Officer BUYER,high,Chief Executive Officer
SAFE & GREEN HOLDINGS CORP.,8-K,Patricia Kaelin,Chief Financial Officer,high,Chief Financial Officer
ANSYS INC,8-K,Sassine Ghazi,Chief Executive Officer ALTA ACQUISITION CORP,high,Chief Executive Officer
"MARA Holdings, Inc.",8-K,Zabi Nowaid,General Counsel,high,General Counsel
RENOVARO INC.,8-K,Luisa Puche,Chief Financial Officer Date,high,Chief Financial Officer
Applied Digital Corp.,8-K,David Rench,Chief Financial Officer,high,Chief Financial Officer
MORGAN STANLEY,8-K,Raja Akram,Deputy Chief Financial Officer,high,Chief Financial Officer
CARVANA CO.,8-K,Paul Breaux,"Vice President, General Counsel, and Secretary",high,Vice President
TALOS ENERGY INC.,8-K,Michael T. Dane,Chief Executive Officer EQUITYHOLDERS,high,Chief Executive Officer
CSLM ACQUISITION CORP.,8-K,Charles Cassel,Chief Executive Officer,high,Chief Executive Officer
FIRST CITIZENS BANCSHARES INC /DE/,8-K,Craig L. Nix,Chief Financial Officer,high,Chief Financial Officer
Compass Diversified Holdings,8-K,Raj Dalal,"President & CEOMERGER SUBTHP MERGER SUB, LLCBy",high,President
Compass Diversified Holdings,8-K,Beatrice Dixon,Chief Executive Officer,high,Chief Executive Officer
Compass Diversified Holdings,8-K,Darryl Thompson,Sole DirectorBLOCKER II SELLER,high,Sole Directorblocker Ii Seller
"Amprius Technologies, Inc.",8-K,Sandra Wallach,Chief Financial Officer,high,Chief Financial Officer
BranchOut Food Inc.,8-K,Eric Healy,Chief Executive Officer Company,high,Chief Executive Officer
Johnson Controls International plc,8-K,Richard J. Dancy,Vice President and Corporate Secretary,high,Vice President
"Falcon's Beyond Global, Inc.",8-K,Bruce A. Brown,"Executive Vice President of Legal, General Counsel and Corporate Secretary",high,Vice President
Pyrophyte Acquisition Corp.,8-K,Sten Gustafson,Chief Financial Officer,high,Chief Financial Officer
"EKSO BIONICS HOLDINGS, INC.",8-K,Jerome Wong,Chief Financial Officer Dated,high,Chief Financial Officer
EVOME MEDICAL TECHNOLOGIES INC.,8-K,Natalia Vakhitova,Chief Financial Officer,high,Chief Financial Officer
AMETEK INC/,8-K,Thomas M. Montgomery,Senior Vice President,high,Vice President
SEAFARER EXPLORATION CORP,8-K,Kyle Kennedy,Chief Executive Officer,high,Chief Executive Officer
"60 DEGREES PHARMACEUTICALS, INC.",8-K,Geoffrey Dow,Chief Executive Officer and President,high,Chief Executive Officer
African Agriculture Holdings Inc.,8-K,Harry Green,Chief Financial Officer,high,Chief Financial Officer
"Transcode Therapeutics, Inc.",8-K,Thomas Fitzgerald,Chief Financial Officer,high,Chief Financial Officer
INNO HOLDINGS INC.,8-K,Dekui Liu,"Chief Executive Officer, Director and Chairman Date",high,Chief Executive Officer
"Interactive Brokers Group, Inc.",8-K,Paul J. Brody,"Chief Financial Officer, Treasurer and Secretary",high,Chief Financial Officer
NN INC,8-K,Michael C. Felcher,Senior Vice President,high,Vice President
FARO TECHNOLOGIES INC,8-K,Peter J. Lau,President & CEODate,high,President
"Sixth Street Specialty Lending, Inc.",8-K,Ian T. Simmonds,Chief Financial Officer U,high,Chief Financial Officer
"Sixth Street Specialty Lending, Inc.",8-K,Timothy Stephens,Managing Director,high,Managing Director
CoJax Oil & Gas Corp,8-K,Jeffrey J. Guzy,Chief Financial Officer,high,Chief Financial Officer
"Armour Residential REIT, Inc.",8-K,Mark Gruber,Chief Investment Officer,high,Chief Investment Officer
"ADIAL PHARMACEUTICALS, INC.",8-K,Cary J. Claiborne,President and Chief Executive Officer,high,Chief Executive Officer
KINGSWAY FINANCIAL SERVICES INC,8-K,Kent A. Hansen,Chief Financial Officer,high,Chief Financial Officer
Southport Acquisition Corp,8-K,Jeb Spencer,Chief Executive Officer,high,Chief Executive Officer
Sable Offshore Corp.,8-K,Gregory D. Patrinely,Executive Vice President and Chief Financial Officer,high,Chief Financial Officer
White River Energy Corp.,8-K,Jay Puchir,Chief Financial Officer,high,Chief Financial Officer
"Reborn Coffee, Inc.",8-K,Jay Kim,Chief Executive Officer,high,Chief Executive Officer
"Reborn Coffee, Inc.",8-K,Jay Y. Kim,Chief Executive Officer Notice Address,high,Chief Executive Officer
"Volato Group, Inc.",8-K,Mark Heinen,Chief Financial Officer,high,Chief Financial Officer
COMPASS MINERALS INTERNATIONAL INC,8-K,Mary L. Frontczak,Chief Legal and Administrative Officer and Corporate Secretary,high,Chief Legal And Administrative Officer And Corporate Secretary
Plum Acquisition Corp. III,8-K,Kanishka Roy,President and Chief Executive Officer,high,Chief Executive Officer
Kairous Acquisition Corp. Ltd,8-K,Athiwat Apichote,Chief Executive Officer,high,Chief Executive Officer
"Camping World Holdings, Inc.",8-K,Lindsey Christen,Chief Administrative and Legal Officer Date,high,Chief Administrative And Legal Officer Date
"Eve Holding, Inc.",8-K,Johann Bordais,Chief Executive Officer,high,Chief Executive Officer
Coronado Global Resources Inc.,8-K,Christopher P. Meyering,"Vice President, Chief Legal Officer Date",high,Vice President
"Solid Power, Inc.",8-K,James Liebscher,Chief Legal Officer and Secretary,high,Chief Legal Officer And Secretary
"Five Point Holdings, LLC",8-K,Kim Tobler,Vice President FIVE POINT CAPITAL CORP,high,Vice President
"Five Point Holdings, LLC",8-K,Michael Alvarado,"Chief Legal Officer, Vice President and Secretary",high,Vice President
"EnLink Midstream, LLC",8-K,Benjamin D. Lamb,Executive Vice President and Chief Financial Officer,high,Chief Financial Officer
"EnLink Midstream, LLC",8-K,Gregg Myers,"Chief Financial Officer GIP III STETSON II, L",high,Chief Financial Officer
Star Holdings,8-K,Jay Sugarman,Chief Executive Officer,high,Chief Executive Officer
Smith Douglas Homes Corp.,8-K,Russ Devendorf,"Executive Vice President and Chief Financial Officer SMITH DOUGLAS BUILDING SERVICES LLC, a Georgia limited liability company By",high,Chief Financial Officer
Smith Douglas Homes Corp.,8-K,Andrew Beardan,Director,high,Director
Smith Douglas Homes Corp.,8-K,Nadeige Dang,Executive Director,high,Executive Director
Smith Douglas Homes Corp.,8-K,Ted Smith,Senior Vice President,high,Vice President
Smith Douglas Homes Corp.,8-K,Brett A. Steele,"Vice President, General Counsel, and Secretary MANAGER",high,Vice President
"Light & Wonder, Inc.",8-K,James Sottile,"Executive Vice President, Chief Legal Officer and Corporate Secretary",high,Vice President
"Light & Wonder, Inc.",8-K,Carolina Arean,Vice President,high,Vice President
Eagle Point Credit Co Inc.,8-K,Kenneth P. Onorio,Chief Financial Officer EAGLE POINT CREDIT MANAGEMENT LLC By,high,Chief Financial Officer
Eagle Point Credit Co Inc.,8-K,Jeffrey Caliva,Managing Director,high,Managing Director
FIVE STAR BANCORP,8-K,Heather Luck,Senior Vice President and Chief Financial Officer Date,high,Chief Financial Officer
"Electriq Power Holdings, Inc.",8-K,Petrina Thomson,Chief Financial Officer,high,Chief Financial Officer
Trump Media & Technology Group Corp.,8-K,Eric Swider,Chief Executive Officer,high,Chief Executive Officer
"Aveanna Healthcare Holdings, Inc.",8-K,Ed Reisz,Chief Administrative Officer Dated,high,Chief Administrative Officer Dated
TuSimple Holdings Inc.,8-K,Cheng Lu,Chief Executive Officer EXECUTIVE By,high,Chief Executive Officer
EVgo Inc.,8-K,Olga Shevorenkova,Chief Financial Officer,high,Chief Financial Officer
Hyzon Motors Inc.,8-K,Parker Meeks,Chief Executive Officer,high,Chief Executive Officer
"Prologis, Inc.",8-K,Timothy D. Arndt,"Chief Financial Officer PROLOGIS, L",high,Chief Financial Officer
"KINETA, INC./DE",8-K,Shawn Iadonato,Chief Executive Officer and Director,high,Chief Executive Officer
EQT Corp,8-K,Jeremy T. Knop,Chief Financial Officer,high,Chief Financial Officer
EQT Corp,8-K,Sofia Barrera Jaime,"Vice President Signature Page to Third Amendment to Credit Agreement MIZUHO BANK, LTD",high,Vice President
EQT Corp,8-K,Edward Sacks,"Executive Director Signature Page to Third Amendment to Credit Agreement ROYAL BANK OF CANADA, as a Third Amendment Consenting Lender By",high,Executive Director
EQT Corp,8-K,John Mammen,"Managing Director Signature Page to Third Amendment to Credit Agreement BANK OF AMERICA, N",high,Managing Director
EQT Corp,8-K,Salman Samar,"Director Signature Page to Third Amendment to Credit Agreement BOK Financial, as a Third Amendment Consenting Lender By",high,Director
EQT Corp,8-K,Maureen Maroney,"Vice President Signature Page to Third Amendment to Credit Agreement First National Bank of Pennsylvania, as a Third Amendment Consenting Lender By",high,Vice President
EQT Corp,8-K,Alkesh Nanavaty,"Executive Director Signature Page to Third Amendment to Credit Agreement The Bank of Nova Scotia, Houston Branch, as a Third Amendment Consenting Lender By",high,Executive Director
EQT Corp,8-K,James Giordano,Managing Director Signature Page to Third Amendment to Credit Agreement U,high,Managing Director
EQT Corp,8-K,Paul V. Farrell,"Vice President Signature Page to Third Amendment to Credit Agreement M&T Bank, as a Third Amendment Consenting Lender By",high,Vice President
"GOLUB CAPITAL BDC, Inc.",8-K,Christopher C. Ericson,Chief Financial Officer,high,Chief Financial Officer
SMARTSHEET INC,8-K,Pete Godbole,Chief Financial Officer & Treasurer Date,high,Chief Financial Officer
"TIGO ENERGY, INC.",8-K,Bill Roeschlein,Chief Financial Officer,high,Chief Financial Officer
"TruBridge, Inc.",8-K,Chris Fowler,President and Chief Executive Officer BUYER,high,Chief Executive Officer
"TruBridge, Inc.",8-K,Dave Wessinger,Chief Executive Officer SELLER,high,Chief Executive Officer
"TruBridge, Inc.",8-K,George Hunter,"Vice President COMPUTER PROGRAMS AND SYSTEMS, INC",high,Vice President
"TruBridge, Inc.",8-K,Jeetu Pandian,"Senior Vice President COMPUTER PROGRAMS AND SYSTEMS, INC",high,Vice President
"TruBridge, Inc.",8-K,Megan Wood,"Vice President II COMPUTER PROGRAMS AND SYSTEMS, INC",high,Vice President
"TruBridge, Inc.",8-K,Angela Dunn,"Senior Vice President COMPUTER PROGRAMS AND SYSTEMS, INC",high,Vice President
"TruBridge, Inc.",8-K,H. Hope Walker,"Senior Vice President COMPUTER PROGRAMS AND SYSTEMS, INC",high,Vice President
Idaho Copper Corp,8-K,Robert Scannell,Chief Financial Officer and Treasurer,high,Chief Financial Officer
"Tingo Group, Inc.",8-K,Kenneth Denos,Chief Executive Officer,high,Chief Executive Officer
"Toughbuilt Industries, Inc",8-K,Martin Galstyan,Chief Financial Officer,high,Chief Financial Officer
"GoodRx Holdings, Inc.",8-K,Karsten Voermann,Chief Financial Officer,high,Chief Financial Officer
"Marpai, Inc.",8-K,Damien Lamendola,Chief Executive Officer,high,Chief Executive Officer
"Carlyle Secured Lending, Inc.",8-K,Thomas M. Hennigan,Chief Financial Officer,high,Chief Financial Officer
"BERRY GLOBAL GROUP, INC.",8-K,Jason K. Greene,"Executive Vice President, Chief Legal Officer and Secretary",high,Vice President
"BERRY GLOBAL GROUP, INC.",8-K,Chris Wood,Managing Director J,high,Managing Director
EzFill Holdings Inc,8-K,Yehuda Levy,Interim Chief Executive Officer,high,Chief Executive Officer
PLUG POWER INC,8-K,Paul Middleton,Chief Financial Officer,high,Chief Financial Officer
PLUG POWER INC,8-K,Paul B. Middleton,Chief Financial Officer ACCEPTED as of the date first,high,Chief Financial Officer
KITE REALTY GROUP TRUST,8-K,Heath Fear,Executive Vice President and Chief Financial Officer,high,Chief Financial Officer
KITE REALTY GROUP TRUST,8-K,Linda Garcia,Vice President,high,Vice President
"My Size, Inc.",8-K,Ronen Luzon,Chief Executive Officer,high,Chief Executive Officer
Discover Financial Services,8-K,Hope D. Mehlman,"Executive Vice President, Chief Legal Officer, General Counsel and Secretary",high,Vice President
"PENSKE AUTOMOTIVE GROUP, INC.",8-K,Shane M. Spradlin,Executive Vice President,high,Vice President
"MYOMO, INC.",8-K,David A. Henry,Chief Financial Officer,high,Chief Financial Officer
"MYOMO, INC.",8-K,Thomas Higgins,Managing Director Address for notice,high,Managing Director
Synchrony Financial,8-K,Jonathan Mothner,"Executive Vice President, Chief Risk and Legal Officer EXHIBIT INDEX Number Description",high,Vice President
"NanoVibronix, Inc.",8-K,Stephen Brown,Chief Financial Officer,high,Chief Financial Officer
IMPERIAL OIL LTD,8-K,Cathryn Walker,Assistant corporate secretary,high,Assistant Corporate Secretary
Palmer Square Capital BDC Inc.,8-K,Jeffrey D. Fox,Chief Financial Officer,high,Chief Financial Officer
"System1, Inc.",8-K,Tridivesh Kidambi,Chief Financial Officer,high,Chief Financial Officer
VAALCO ENERGY INC /DE/,8-K,Jason Doornik,Chief Accounting Officer,high,Chief Accounting Officer
PHOENIX MOTOR INC.,8-K,Chris Wang,Chief Financial Officer,high,Chief Financial Officer
"Childrens Place, Inc.",8-K,Jane Elfers,President and Chief Executive Officer,high,Chief Executive Officer
Yotta Acquisition Corp,8-K,Hui Chen,Chief Executive Officer,high,Chief Executive Officer
"Sila Realty Trust, Inc.",8-K,Kay C. Neely,Chief Financial Officer,high,Chief Financial Officer
Spring Valley Acquisition Corp. II,8-K,Christopher Sorrells,Chief Executive Officer,high,Chief Executive Officer
Spring Valley Acquisition Corp. II,8-K,David Levinson,Corporate Secretary,high,Corporate Secretary
Jet.AI Inc.,8-K,George Murnane,Interim Chief Financial Officer Date,high,Chief Financial Officer
COGNIZANT TECHNOLOGY SOLUTIONS CORP,8-K,John Kim,"Executive Vice President, General Counsel, Chief Corporate Affairs Officer and Secretary Date",high,Vice President
Gamer Pakistan Inc,8-K,James Knopf,Chief Executive Officer,high,Chief Executive Officer
"NEXSTAR MEDIA GROUP, INC.",8-K,Lee Ann Gliha,Chief Financial Officer,high,Chief Financial Officer
"MAIA Biotechnology, Inc.",8-K,Vlad Vitoc,Chief Executive Officer,high,Chief Executive Officer
"BALLY, CORP.",8-K,Haiping Hu,Chief Executive Officer,high,Chief Executive Officer
"BrightView Holdings, Inc.",8-K,Jonathan M. Gottsegen,"Executive Vice President, Chief Legal Officer and Corporate Secretary",high,Vice President
TARGET CORP,8-K,Melissa K. Kremer,Executive Vice President and Chief Human Resources Officer,high,Chief Human Resources Officer
"Caesars Entertainment, Inc.",8-K,Bret Yunker,Chief Financial Officer,high,Chief Financial Officer
ALLSTATE CORP,8-K,John C. Pintozzi,"Senior Vice President, Controller and Chief Accounting Officer Date",high,Vice President
"Processa Pharmaceuticals, Inc.",8-K,James Stanker,Chief Financial Officer,high,Chief Financial Officer
"KONA GOLD BEVERAGE, INC.",8-K,Robert Clark,President and Chief Executive Officer,high,Chief Executive Officer
"Surrozen, Inc./DE",8-K,Charles Williams,Chief Financial Officer,high,Chief Financial Officer
Data Storage Corp,8-K,Charles M. Piluso,Chief Executive Officer,high,Chief Executive Officer
"Southern States Bancshares, Inc.",8-K,Lynn Joyce,Senior Executive Vice President and Chief Financial Officer,high,Chief Financial Officer
Direct Selling Acquisition Corp.,8-K,Dave Wentz,Chief Executive Officer HUNCH TECHNOLOGIES LIMITED By,high,Chief Executive Officer
Direct Selling Acquisition Corp.,8-K,Melissa Tomkiel,President QUICK RESPONSE SERVICES PROVIDER LLP By,high,President
Direct Selling Acquisition Corp.,8-K,Amit Dutta,Director FLYBLADE,high,Director
Direct Selling Acquisition Corp.,8-K,Brig Rajeev Varma,Director HTL MERGER SUB LLC By,high,Director
"FLYWHEEL ADVANCED TECHNOLOGY, INC.",8-K,Tang Siu Fung,Chief Executive Officer,high,Chief Executive Officer
"Microvast Holdings, Inc.",8-K,Craig Webster,Chief Financial Officer,high,Chief Financial Officer
"FIREFLY NEUROSCIENCE, INC.",8-K,Jon Olsen,"Chief Executive Officer MERGER SUB FFN MERGER SUB, INC",high,Chief Executive Officer
NorthView Acquisition Corp,8-K,Fred Knechtel,Chief Financial Officer,high,Chief Financial Officer
Battery Future Acquisition Corp.,8-K,Stephen Gill,Director,high,Director
Battery Future Acquisition Corp.,8-K,Nazan Akdeniz,Chief Operating Officer Accepted and agreed as of the date set forth above,high,Chief Operating Officer
SOUTHERN FIRST BANCSHARES INC,8-K,D. Andrew Borrmann,Chief Financial Officer January,high,Chief Financial Officer
"CITIUS ONCOLOGY, INC.",8-K,Xiaofeng Yuan,Chairman and Chief Executive Officer,high,Chief Executive Officer
"CITIUS ONCOLOGY, INC.",8-K,Taylor Zhang,Chief Financial Officer and Director,high,Chief Financial Officer
"AVIS BUDGET GROUP, INC.",8-K,Jean M. Sera,"Senior Vice President, General Counsel, Chief Compliance Officer and Corporate Secretary Date",high,Vice President
"AVIS BUDGET GROUP, INC.",8-K,David Calabria,Senior Vice President and Treasurer Signature Page to AESOP,high,Vice President
"AVIS BUDGET GROUP, INC.",8-K,Vassilena Ouzounova,"Vice President THE BANK OF NEW YORK MELLON TRUST COMPANY, N",high,Vice President
"AVIS BUDGET GROUP, INC.",8-K,Mitchell L. Brumwell,"Vice President JPMORGAN CHASE BANK, N",high,Vice President
"AVIS BUDGET GROUP, INC.",8-K,Catherine V. Frank,"Managing Director AGREED, ACKNOWLEDGED AND CONSENTED",high,Managing Director
"AVIS BUDGET GROUP, INC.",8-K,Douglas Noe,"Managing Director CAFCO, LLC, as a CP Conduit Purchaser under the Series",high,Managing Director
"AVIS BUDGET GROUP, INC.",8-K,Martin Finan,"Managing Director SOCIETE GENERALE, as a Funding Agent and an APA Bank under the Series",high,Managing Director
"AVIS BUDGET GROUP, INC.",8-K,Michael Ryan,"Managing Director CREDIT AGRICOLE CORPORATE AND INVESTMENT BANK, as a Funding Agent and an APA Bank under the Series",high,Managing Director
"AVIS BUDGET GROUP, INC.",8-K,Andrew Estes,"Director THUNDER BAY FUNDING, LLC, as a CP Conduit Purchaser under the Series",high,Director
"AVIS BUDGET GROUP, INC.",8-K,Steven Parsons,Director By,high,Director
"AVIS BUDGET GROUP, INC.",8-K,Benjamin Keskic,"Vice President FAIRWAY FINANCE COMPANY, LLC, as a CP Conduit Purchaser under the Series",high,Vice President
"AVIS BUDGET GROUP, INC.",8-K,Irina Khaimova,Vice President BMO CAPITAL MARKETS CORP,high,Vice President
"AVIS BUDGET GROUP, INC.",8-K,Matt Peters,"Managing Director VICTORY RECEIVABLES CORPORATION, as CP Conduit Purchaser under the Series",high,Managing Director
"AVIS BUDGET GROUP, INC.",8-K,Brian Chin,"Director MUFG BANK, LTD",high,Director
"AVIS BUDGET GROUP, INC.",8-K,Edward Leng,Director By,high,Director
"AVIS BUDGET GROUP, INC.",8-K,Emily Shields,"Senior Vice President MORGAN STANLEY BANK, N",high,Vice President
"AVIS BUDGET GROUP, INC.",8-K,Leigh Poltrack,Director U,high,Director
"AVIS BUDGET GROUP, INC.",8-K,Pawel Bania,"Vice President MIZUHO BANK, LTD",high,Vice President
"AVIS BUDGET GROUP, INC.",8-K,Jeremy Ebrahim,"Managing Director AESOP LEASING, L",high,Managing Director
"AVIS BUDGET GROUP, INC.",8-K,Neil Bautista,"Director BARCLAYS BANK PLC, as an APA Bank under the Series",high,Director
"UpHealth, Inc.",8-K,Jennifer J. Provenzano,Senior Vice President Address,high,Vice President
"UpHealth, Inc.",8-K,Michael C. Jenkins,Vice President Address,high,Vice President
"UpHealth, Inc.",8-K,Jeremy Livianu,SecretaryEXHIBIT C NOTICETo the Holders of,high,Secretaryexhibit C Noticeto The Holders Of
ASP Isotopes Inc.,8-K,Paul Mann,Chief Executive Officer,high,Chief Executive Officer
WillScot Holdings Corp,8-K,Hezron Timothy Lopez,"Executive Vice President, Chief Legal & Compliance Officer & ESG",high,Vice President
"ARTIVION, INC.",8-K,Lance A. Berry,"Executive Vice President, Chief Financial Officer and Treasurer",high,Chief Financial Officer
"ARTIVION, INC.",8-K,K. Patel,Director By,high,Director
"ARTIVION, INC.",8-K,Stephen Nesbitt,President,high,President
"Aimei Health Technology Co., Ltd.",8-K,Juan Fernandez Pascual,Chief Executive Officer Dated,high,Chief Executive Officer
Ally Financial Inc.,8-K,Jeffrey A. Belisle,Corporate Secretary,high,Corporate Secretary
PEPSICO INC,8-K,Cynthia A. Nastanski,"Senior Vice President, Corporate Law and Deputy Corporate Secretary",high,Vice President
"AST SpaceMobile, Inc.",8-K,Sean Wallace,Chief Financial Officer Place of Execution,high,Chief Financial Officer
"AST SpaceMobile, Inc.",8-K,Sanjay Kapoor,"Vice President, Corporate Development Place of Execution",high,Vice President
REGENCY CENTERS CORP,8-K,Craig V. Koshkarian,Director,high,Director
REGENCY CENTERS CORP,8-K,Andrew T. White,Senior Vice President,high,Vice President
REGENCY CENTERS CORP,8-K,Trudy Wilson,Vice President,high,Vice President
REGENCY CENTERS CORP,8-K,Steve Hall,Senior Vice President,high,Vice President
REGENCY CENTERS CORP,8-K,George Skoufis,Vice President,high,Vice President
REGENCY CENTERS CORP,8-K,Rebecca Liu Chabanon,Director,high,Director
REGENCY CENTERS CORP,8-K,Abdullah Dahman,Director,high,Director
REGENCY CENTERS CORP,8-K,Lisa Palmer,President and Chief Executive Officer REGENCY CENTERS CORPORATION By,high,Chief Executive Officer
REGENCY CENTERS CORP,8-K,Sheryl Lear,Vice President,high,Vice President
REGENCY CENTERS CORP,8-K,Michael J. Mas,Executive Vice President and Chief Financial Officer Trustee,high,Chief Financial Officer
Hall of Fame Resort & Entertainment Co,8-K,Michael Crawford,President and Chief Executive Officer,high,Chief Executive Officer
Hall of Fame Resort & Entertainment Co,8-K,John A. Mase,Chief Executive Officer Lender,high,Chief Executive Officer
Hall of Fame Resort & Entertainment Co,8-K,Stuart Lichter,President Second Amendment to Second A&R Note CH Capital Lending,high,President
Hall of Fame Resort & Entertainment Co,8-K,John Mase,"Chief Executive Officer ACKNOWLEDGMENT A notary public or other officer completing this certificate verifies only the identity of the individual who signed the document to which this certificate is attached, and not the truthfulness, accuracy, or validity of that document",high,Chief Executive Officer
DATASEA INC.,8-K,Zhixin Liu,Chief Executive Officer,high,Chief Executive Officer
Green Giant Inc.,8-K,Yuhuai Luo,Chief Executive Officer and Chairman,high,Chief Executive Officer
TETRA TECHNOLOGIES INC,8-K,Brady Murphy,Director Fifth Amendment to Credit Agreement,high,Director
TETRA TECHNOLOGIES INC,8-K,Jacek Mucha,Vice President,high,Vice President
TETRA TECHNOLOGIES INC,8-K,Devin Mock,Authorized OfficerFifth Amendment to Credit Agreement,high,Authorized Officerfifth Amendment To Credit Agreement
TETRA TECHNOLOGIES INC,8-K,Thomas Pietro,Assistant Vice PresidentFifth Amendment to Credit Agreement,high,Vice President
PEABODY ENERGY CORP,8-K,Mark A. Spurbeck,Executive Vice President and Chief Financial Officer,high,Chief Financial Officer
PEABODY ENERGY CORP,8-K,Gabriel X. Garcia,"Executive Director TEXAS CAPITAL BANK, as an Issuing Lender By",high,Executive Director
PEABODY ENERGY CORP,8-K,Joe Kucik,"Senior Vice President FIRST FOUNDATION BANK, as an Issuing Lender By",high,Vice President
PEABODY ENERGY CORP,8-K,Jim Esinduy,"Managing Director NORTHWEST BANK, as a Lender By",high,Managing Director
PEABODY ENERGY CORP,8-K,Stephen J. Orban,"Senior Vice President STIFEL BANK & TRUST, as a Lender By",high,Vice President
Bannix Acquisition Corp.,8-K,Douglas Davis,Chief Executive Officer,high,Chief Executive Officer
"loanDepot, Inc.",8-K,David Hayes,Chief Financial Officer Date,high,Chief Financial Officer
"loanDepot, Inc.",8-K,Valerie Delgado,Senior Trust Officer,high,Senior Trust Officer
"loanDepot, Inc.",8-K,Jonathan Davis,Executive Director,high,Executive Director
"HALLMARK VENTURE GROUP, INC.",8-K,Steven Arenal,President and Chief Executive Officer,high,Chief Executive Officer
REGIONS FINANCIAL CORP,8-K,Karin K. Allen,Executive Vice President and Assistant Controller,high,Vice President
GD Culture Group Ltd,8-K,Xiao Jian Wang,"Chief Executive Officer, President and Chairman of the Board",high,Chief Executive Officer
"Spirit Airlines, Inc.",8-K,Thomas Canfield,Senior Vice President and General Counsel,high,Vice President
AdvanSix Inc.,8-K,Achilles B. Kintiroglou,"Senior Vice President, General Counsel and Corporate Secretary",high,Vice President
Liquidia Corp,8-K,Roger Jeffs,Chief Executive Officer,high,Chief Executive Officer
AES CORP,8-K,Paul L. Freedman,"Executive Vice President, General Counsel and Corporate Secretary",high,Vice President
AVANT TECHNOLOGIES INC.,8-K,Vitalis Racius,"Chief Financial Officer, Director & Treasurer",high,Chief Financial Officer
"RYAN SPECIALTY HOLDINGS, INC.",8-K,Patrick G. Ryan,Managing Director,high,Managing Director
"RYAN SPECIALTY HOLDINGS, INC.",8-K,Milena Kolev,Vice President,high,Vice President
Spectaire Holdings Inc.,8-K,Brian Semkiw,Chief Executive Officer,high,Chief Executive Officer
"Arena Group Holdings, Inc.",8-K,Douglas B. Smith,Chief Financial Officer,high,Chief Financial Officer
"GenFlat Holdings, Inc.",8-K,Drew D. Hall,Chief Executive Officer and Chief Financial Officer Dated,high,Chief Executive Officer
METRO ONE TELECOMMUNICATIONS INC,8-K,Elchanan Maoz,"Chief Executive Officer, President and Director",high,Chief Executive Officer
FOXO TECHNOLOGIES INC.,8-K,Mark White,Interim Chief Executive Officer,high,Chief Executive Officer
"Acadia Healthcare Company, Inc.",8-K,Heather B. Dixon,Vice President and Treasurer,high,Vice President
"Abpro Holdings, Inc.",8-K,Shahraab Ahmad,Chief Executive Officer Dated,high,Chief Executive Officer
"Abpro Holdings, Inc.",8-K,Jin Sang Yang,President Address for Notice,high,President
"Abpro Holdings, Inc.",8-K,Ian Chan,Chief Executive Officer Address for Notice,high,Chief Executive Officer
MGO Global Inc.,8-K,Maximiliano Ojeda,Chief Executive Officer,high,Chief Executive Officer
Venus Concept Inc.,8-K,Hemanth Varghese,President and General Manager VENUS CONCEPT LTD,high,President
Venus Concept Inc.,8-K,Luis F. Moran,Vice President,high,Vice President
RYVYL Inc.,8-K,Fredi Nisan,Chief Executive Officer false,high,Chief Executive Officer
"Eos Energy Enterprises, Inc.",8-K,Nathan Kroeker,Chief Financial Officer,high,Chief Financial Officer
EVERSOURCE ENERGY,8-K,David Mikula,"Managing Director BNY MELLON CAPITAL MARKETS, LLC By",high,Managing Director
EVERSOURCE ENERGY,8-K,Kevin Dirkse,Managing Director MIZUHO SECURITIES USA LLC By,high,Managing Director
EVERSOURCE ENERGY,8-K,Luiz Lanfredi,"Director WELLS FARGO SECURITIES, LLC By",high,Director
Cannabist Co Holdings Inc.,8-K,David Sirolly,Chief Legal Officer & General CounselDate,high,Chief Legal Officer & General Counseldate
Booking Holdings Inc.,8-K,Peter J. Millones,Executive Vice President and General Counsel Date,high,Vice President
"ASSURANT, INC.",8-K,Mariana Wisk,Senior Vice President and Corporate Secretary,high,Vice President
BTC Digital Ltd.,8-K,Siguang Peng,Chief Executive Officer,high,Chief Executive Officer
"Vislink Technologies, Inc.",8-K,Carleton M. Miller,Chief Executive Officer,high,Chief Executive Officer
IX Acquisition Corp.,8-K,Noah Aptekar,Chief Financial Officer and Chief Operating Officer Dated,high,Chief Operating Officer
Hut 8 Corp.,8-K,Aniss Amdiss,Chief Legal Officer and Corporate Secretary,high,Chief Legal Officer And Corporate Secretary
PROKIDNEY CORP.,8-K,Todd Girolamo,Chief Legal Officer,high,Chief Legal Officer
PROKIDNEY CORP.,8-K,Donald Lynaugh,Managing Director EXHIBIT A ISSUANCE NOTICE,high,Managing Director
"Rimini Street, Inc.",8-K,Seth A. Ravin,President and Chief Executive Officer,high,Chief Executive Officer
Palladyne AI Corp.,8-K,Stephen Sonne,Chief Legal Officer PARENT,high,Chief Legal Officer Parent
Palladyne AI Corp.,8-K,Dennis Weibling,Chairman of the Board EXECUTIVE,high,Chair
"WRAP TECHNOLOGIES, INC.",8-K,Jared Novick,Chief Operating Officer,high,Chief Operating Officer
"Dare Bioscience, Inc.",8-K,Sabrina Martucci Johnson,President and Chief Executive Officer,high,Chief Executive Officer
ADC Therapeutics SA,8-K,Peter J. Graham,Chief Legal Officer,high,Chief Legal Officer
ADC Therapeutics SA,8-K,Ameet Mallik,Chief Executive Officer GUARANTORS,high,Chief Executive Officer
ADC Therapeutics SA,8-K,Matthew Stewart,Managing Director By,high,Managing Director
Embrace Change Acquisition Corp.,8-K,Jingyu Wang,Chief Executive Officer,high,Chief Executive Officer
"Thunder Power Holdings, Inc.",8-K,Yuanmei Ma,Chief Financial Officer,high,Chief Financial Officer
"Thunder Power Holdings, Inc.",8-K,Wellen Sham,Chief Executive Officer of TPH,high,Chief Executive Officer
ITT INC.,8-K,Lori B. Marino,"Senior Vice President, General Counsel and Corporate Secretary",high,Vice President
"Fluent, Inc.",8-K,Donald Patrick,Chief Executive Officer,high,Chief Executive Officer
"NANOVIRICIDES, INC.",8-K,Anil Diwan,"Chairman, President",high,President
ORAMED PHARMACEUTICALS INC.,8-K,Nadav Kidron,President and CEO January,high,Chief Executive Officer
Cartesian Growth Corp II,8-K,Peter Yu,Chief Executive Officer Date,high,Chief Executive Officer
Cartesian Growth Corp II,8-K,Beth Michelson,Manager and Vice President,high,Vice President
"Nauticus Robotics, Inc.",8-K,Nicholas J. Bigney,General Counsel,high,General Counsel
BIOVIE INC.,8-K,Joanne Wendy Kim,Chief Financial Officer,high,Chief Financial Officer
"Viridian Therapeutics, Inc.\DE",8-K,Seth Harmon,Senior Vice President of Finance and Accounting,high,Vice President
"Viridian Therapeutics, Inc.\DE",8-K,Dustin Tyner,Managing Director LEERINK PARTNERS LLC By,high,Managing Director
"Mondee Holdings, Inc.",8-K,Jesus Portillo,Chief Financial Officer,high,Chief Financial Officer
"Mondee Holdings, Inc.",8-K,Suzanne Grosso,Managing Director,high,Managing Director
"Mondee Holdings, Inc.",8-K,William Gassman,Executive Director,high,Executive Director
"Allarity Therapeutics, Inc.",8-K,Thomas Jensen,Chief Executive Officer Facsimile No,high,Chief Executive Officer
W&T OFFSHORE INC,8-K,Jonathan Curth,"Executive Vice President, General Counsel and Corporate Secretary",high,Vice President
"SOLAREDGE TECHNOLOGIES, INC.",8-K,Ronen Faier,Chief Financial Officer,high,Chief Financial Officer
"TILLY'S, INC.",8-K,Michael L. Henry,"Executive Vice President, Chief Financial Officer",high,Chief Financial Officer
"Dianthus Therapeutics, Inc. /DE/",8-K,Marino Garcia,"President & Chief Executive Officer IN WITNESS WHEREOF, the parties hereto have caused this Securities Purchase Agreement to be duly executed by their respective authorized signatories as of the date first indicated above",high,Chief Executive Officer
"Dianthus Therapeutics, Inc. /DE/",8-K,Darshan Patel,"Director RTW INNOVATION MASTER FUND, LTD",high,Director
"Dianthus Therapeutics, Inc. /DE/",8-K,Tavi Yehudai,"Managing Director of Great Point Partners, LLC",high,Managing Director
"Dianthus Therapeutics, Inc. /DE/",8-K,Ilko Menkov,"Director IN WITNESS WHEREOF, the parties hereto have caused this Securities Purchase Agreement to be duly executed by their respective authorized signatories as of the date first indicated above",high,Director
"MainStreet Bancshares, Inc.",8-K,Thomas J. Chmelik,Chief Financial Officer,high,Chief Financial Officer
"ADTRAN Holdings, Inc.",8-K,Ulrich Dopfer,"President and Chief Financial Officer ADTRAN HOLDINGS, INC",high,Chief Financial Officer
"ADTRAN Holdings, Inc.",8-K,John C. Canty,"Senior Vice President ADTRAN, INC",high,Vice President
"ADTRAN Holdings, Inc.",8-K,Nathan Muller,"Senior Vice President ADTRAN, INC",high,Vice President
"ADTRAN Holdings, Inc.",8-K,Sven Walther,Vice President By,high,Vice President
"ADTRAN Holdings, Inc.",8-K,Jeremy Fernandez,"Senior Vice President ADTRAN, INC",high,Vice President
"ADTRAN Holdings, Inc.",8-K,Ketak Sampat,"Senior Vice President ADTRAN, INC",high,Vice President
"ADTRAN Holdings, Inc.",8-K,Eric Sanders,"Executive Vice President ADTRAN, INC",high,Vice President
ACACIA RESEARCH CORP,8-K,Jason Soncini,General Counsel,high,General Counsel
"Coherus BioSciences, Inc.",8-K,Dennis M. Lanfear,Chief Executive Officer,high,Chief Executive Officer
"Coherus BioSciences, Inc.",8-K,Keren Haruvi,"President, Sandoz North America",high,President
"SEELOS THERAPEUTICS, INC.",8-K,Michael Golembiewski,Chief Financial Officer,high,Chief Financial Officer
Adient plc,8-K,Heather M. Tiltmann,"Executive Vice President, Chief Legal and Human Resources Officer, and Corporate Secretary",high,Vice President
INTERNATIONAL TOWER HILL MINES LTD,8-K,Karl Hanneman,President and Chief Executive Officer,high,Chief Executive Officer
"Oric Pharmaceuticals, Inc.",8-K,Patrick Heron,"Managing Director FRAZIER LIFE SCIENCES XI, L",high,Managing Director
"Oric Pharmaceuticals, Inc.",8-K,Albert Cha,"Managing Director FRAZIER LIFE SCIENCES PUBLIC OVERAGE FUND, L",high,Managing Director
NEXTNAV INC.,8-K,Christian D. Gates,Chief Financial Officer,high,Chief Financial Officer
"Gyrodyne, LLC",8-K,Gary Fitlin,"President, Chief Executive Officer, Chief Financial Officer and Treasurer",high,Chief Executive Officer
"United Airlines Holdings, Inc.",8-K,Michael Leskinen,Executive Vice President and Chief Financial Officer Date,high,Chief Financial Officer
SIGA TECHNOLOGIES INC,8-K,Daniel J. Luckshire,Chief Financial Officer Date,high,Chief Financial Officer
Capital Bancorp Inc,8-K,Jay Walker,Chief Financial Officer January,high,Chief Financial Officer
Agape ATP Corp,8-K,How Kok Choong,"Chief Executive Officer, President, Director, Secretary and Treasurer",high,Chief Executive Officer
MKS INSTRUMENTS INC,8-K,Kathleen F. Burke,"Executive Vice President, General Counsel & Secretary",high,Vice President
MKS INSTRUMENTS INC,8-K,Timothy D. Lee,"Executive Director JPMORGAN CHASE BANK, N",high,Executive Director
"Motus GI Holdings, Inc.",8-K,Mark Pomeranz,Chief Executive Officer,high,Chief Executive Officer
"Eastern Bankshares, Inc.",8-K,Kathleen C. Henry,"Executive Vice President, General Counsel and Corporate Secretary",high,Vice President
ALTA EQUIPMENT GROUP INC.,8-K,Ryan Greenawalt,Chief Executive Officer,high,Chief Executive Officer
"Alaunos Therapeutics, Inc.",8-K,Michael Wong,"Vice President, Finance",high,Vice President
SAFEGUARD SCIENTIFICS INC,8-K,G. Matthew Barnard,Special Counsel,high,Special Counsel
"DSS, INC.",8-K,Frank D. Heuszel,Chief Executive Officer,high,Chief Executive Officer
Triton International Ltd,8-K,Carla L. Heiss,"Senior Vice President, General Counsel and Secretary",high,Vice President
"B. Riley Financial, Inc.",8-K,Phillip Ahn,"Chief Financial Officer, Chief Operating Officer Signature Page to Guaranty ACKNOWLEDGED AND AGREED, WITH RESPECT TO SECTIONS",high,Chief Operating Officer
"B. Riley Financial, Inc.",8-K,David Park,Executive Vice President Signature Page to Guaranty,high,Vice President
Aircastle LTD,8-K,Michael J. Inglese,Chief Executive Officer,high,Chief Executive Officer
Aircastle LTD,8-K,Christopher L. Beers,Chief Legal Officer and Secretary Date,high,Chief Legal Officer And Secretary Date
"OPENLANE, Inc.",8-K,Brad Lakhia,Executive Vice President and Chief Financial Officer CANADIAN BORROWER,high,Chief Financial Officer
"OPENLANE, Inc.",8-K,Richard Barritt,Executive Director OPENLANE,high,Executive Director
"OPENLANE, Inc.",8-K,Thomas Hasenauer,Managing Director By,high,Managing Director
"OPENLANE, Inc.",8-K,Craig Malloy,Director OPENLANE,high,Director
"OPENLANE, Inc.",8-K,Michael Woo,Vice President OPENLANE,high,Vice President
"OPENLANE, Inc.",8-K,Jerrod Clements,Vice President OPENLANE,high,Vice President
"OPENLANE, Inc.",8-K,John P. Wofford,Authorized Officer OPENLANE,high,Authorized Officer Openlane
"OPENLANE, Inc.",8-K,Rajesh Bakhshi,Vice President OPENLANE,high,Vice President
"OPENLANE, Inc.",8-K,Phil Andresen,Vice President OPENLANE,high,Vice President
Iron Horse Acquisitions Corp.,8-K,Jose A. Bengochea,Chief Executive Officer false,high,Chief Executive Officer
Presto Automation Inc.,8-K,Susan Shinoff,General Counsel and Corporate Secretary Dated,high,General Counsel And Corporate Secretary Dated
Presto Automation Inc.,8-K,Xavier Casanova,Chief Executive Officer PARENT,high,Chief Executive Officer
Presto Automation Inc.,8-K,Steven Carlino,Chief Financial Officer,high,Chief Financial Officer
Sunoco LP,8-K,Dylan Bramhall,Chief Financial Officer Date,high,Chief Financial Officer
Sunoco LP,8-K,Joesph Kim,"President and Chief Executive Officer SATURN MERGER SUB, LLC By",high,Chief Executive Officer
Sunoco LP,8-K,Joseph Kim,President and Chief Executive Officer NUSTAR ENERGY L,high,Chief Executive Officer
Sunoco LP,8-K,Bradley C. Barron,"President and Chief Executive Officer RIVERWALK LOGISTICS, L",high,Chief Executive Officer
SPRUCE POWER HOLDING CORP,8-K,Jonathan Norling,General Counsel,high,General Counsel
CrossAmerica Partners LP,8-K,Keenan D. Lynch,General Counsel and Chief Administrative Officer Dated,high,General Counsel And Chief Administrative Officer Dated
"Distribution Solutions Group, Inc.",8-K,Ronald J. Knutson,Executive Vice President and Chief Financial Officer,high,Chief Financial Officer
"BeiGene, Ltd.",8-K,Chan Lee,"Senior Vice President, General Counsel",high,Vice President
"Kodiak Gas Services, Inc.",8-K,Kelly M. Battle,"Executive Vice President, Chief Legal Officer, Chief Compliance Officer and Corporate Secretary",high,Vice President
"Kodiak Gas Services, Inc.",8-K,John B. Griggs,"Executive Vice President and Chief Financial Officer KODIAK GAS SERVICES, LLC By",high,Chief Financial Officer
"Kodiak Gas Services, Inc.",8-K,Umar Hassan,Authorized Officer,high,Authorized Officer
"Kodiak Gas Services, Inc.",8-K,Michael Song,Director,high,Director
"Kodiak Gas Services, Inc.",8-K,Griffin Bayoud,Vice President,high,Vice President
"Kodiak Gas Services, Inc.",8-K,Willard Dickerson,Senior Vice President,high,Vice President
"Kodiak Gas Services, Inc.",8-K,Brad Miller,Vice President,high,Vice President
"Kodiak Gas Services, Inc.",8-K,William Kane,Vice president,high,Vice President
"Kodiak Gas Services, Inc.",8-K,Eric Morse,Managing Director,high,Managing Director
"Kodiak Gas Services, Inc.",8-K,Melissa Mok,Director,high,Director
"Kodiak Gas Services, Inc.",8-K,Sydney G. Dennis,Director,high,Director
"Kodiak Gas Services, Inc.",8-K,Pasqual Slaughter,Vice President,high,Vice President
"Kodiak Gas Services, Inc.",8-K,Dan Clubb,Director,high,Director
"Kodiak Gas Services, Inc.",8-K,Christopher Solley,Vice President,high,Vice President
"Kodiak Gas Services, Inc.",8-K,David Risen,Vice President,high,Vice President
"Kodiak Gas Services, Inc.",8-K,Daryn Veney,Vice President,high,Vice President
ATAI Life Sciences N.V.,8-K,Florian Brand,Chief Executive Officer,high,Chief Executive Officer
"Lantheus Holdings, Inc.",8-K,Daniel M. Niedzwiecki,Chief Administrative Officer and General Counsel Date,high,Chief Administrative Officer And General Counsel Date
"Aclarion, Inc.",8-K,John Lorbiecki,Chief Financial Officer,high,Chief Financial Officer
NFiniTi inc.,8-K,Michael Noble,President,high,President
Simply Good Foods Co,8-K,Shaun P. Mara,Chief Financial Officer,high,Chief Financial Officer
GRAPHJET TECHNOLOGY,8-K,Swee Guan Hoo,Chief Executive Officer,high,Chief Executive Officer
"MDWerks, Inc.",8-K,Steven C. Laker,Chief Executive Officer,high,Chief Executive Officer
"Veritone, Inc.",8-K,Ryan Steelberg,Chief Executive Officer Address for Notice,high,Chief Executive Officer
CONNECTICUT LIGHT & POWER CO,8-K,Yuri Tanaka,Assistant Vice President By,high,Vice President
"Indaptus Therapeutics, Inc.",8-K,Nir Sassi,Chief Financial Officer,high,Chief Financial Officer
PERDOCEO EDUCATION Corp,8-K,Michele A. Peppers,Accounting & Reporting and Chief Accounting Officer,high,Accounting & Reporting And Chief Accounting Officer
PERDOCEO EDUCATION Corp,8-K,Joe Arnold,First Vice President,high,Vice President
"Investcorp Credit Management BDC, Inc.",8-K,Andrew Shuster,Managing Director,high,Managing Director
"Investcorp Credit Management BDC, Inc.",8-K,Anthony Smaniotto,Vice President,high,Vice President
Hewlett Packard Enterprise Co,8-K,Jonathan Sturz,"Vice President, Deputy General Counsel and Assistant Corporate Secretary",high,Vice President
"Purple Innovation, Inc.",8-K,Todd Vogensen,Chief Financial Officer and Treasurer,high,Chief Financial Officer
"Triumph Financial, Inc.",8-K,Adam D. Nelson,Executive Vice President & General Counsel Date,high,Vice President
"Zedge, Inc.",8-K,Jonathan Reich,Chief Executive Officer Dated,high,Chief Executive Officer
"NRX Pharmaceuticals, Inc.",8-K,Stephen Willard,Acting General Counsel,high,Acting General Counsel
INSEEGO CORP.,8-K,Kurt Scheuerman,Chief Administrative Officer & General Counsel Date,high,Chief Administrative Officer & General Counsel Date
"PAYCOR HCM, INC.",8-K,Alice Geene,Chief Legal Officer and Secretary,high,Chief Legal Officer And Secretary
Vistra Corp.,8-K,Margaret Montemayor,"Senior Vice President, Chief Accounting Officer and Controller",high,Vice President
Amalgamated Financial Corp.,8-K,Priscilla Sims Brown,Chief Executive Officer Date,high,Chief Executive Officer
DIGIASIA CORP.,8-K,Bhargav Marepally,Chief Executive Officer Date,high,Chief Executive Officer
ARES CAPITAL CORP,8-K,Penni F. Roll,Chief Financial Officer,high,Chief Financial Officer
ARES CAPITAL CORP,8-K,Joshua M. Bloomstein,Vice President and Assistant Secretary ADMINISTRATOR,high,Vice President
ARES CAPITAL CORP,8-K,Anthony Aceto,Managing Director By,high,Managing Director
ARES CAPITAL CORP,8-K,Stephen L. Sheiner,Executive Director By,high,Executive Director
ARES CAPITAL CORP,8-K,Brandon Bonfig,Vice President,high,Vice President
Clean Vision Corp,8-K,Daniel Bates,Chief Executive Officer,high,Chief Executive Officer
WINNEBAGO INDUSTRIES INC,8-K,Stacy L. Bogart,"Senior Vice President, General Counsel, Secretary and Corporate Responsibility",high,Vice President
WINNEBAGO INDUSTRIES INC,8-K,Bryan L. Hughes,Chief Financial Officer and Senior Vice President U,high,Chief Financial Officer
WINNEBAGO INDUSTRIES INC,8-K,Brian Riley,"Managing Director, Global Markets",high,Managing Director
BLACKBERRY Ltd,8-K,Steve Rai,Chief Financial Officer,high,Chief Financial Officer
"KBR, INC.",8-K,J. Jay Ibrahim,"President, Sustainable Technology Solutions",high,President
"KBR, INC.",8-K,William Byron Bright,"President, Government Solutions",high,President
"KBR, INC.",8-K,Doug Hill,Chairman,high,Chair
"KBR, INC.",8-K,Sonia Galindo,"Executive Vice President, General Counsel & Corporate Secretary",high,Vice President
"KBR, INC.",8-K,Mukesh Singh,Director,high,Director
"MOBIX LABS, INC",8-K,Keyvan Samini,President and Chief Financial Officer Date,high,Chief Financial Officer
"MOBIX LABS, INC",8-K,Jiong Ma,Chief Executive Officer Date,high,Chief Executive Officer
"Angel Oak Mortgage REIT, Inc.",8-K,Brandon Filson,Chief Financial Officer and Treasurer,high,Chief Financial Officer
"Marquie Group, Inc.",8-K,Marc Angell,Chief Executive Officer,high,Chief Executive Officer
"Creatd, Inc.",8-K,Jeremy Frommer,Chief Executive Officer,high,Chief Executive Officer
"DuPont de Nemours, Inc.",8-K,Michael G. Goss,Vice President and Controller EXHIBIT INDEX Exhibit No,high,Vice President
STIFEL FINANCIAL CORP,8-K,James M. Marischen,Chief Financial Officer,high,Chief Financial Officer
"Desktop Metal, Inc.",8-K,Meg Broderick,General Counsel and Corporate Secretary,high,General Counsel And Corporate Secretary
"United States Natural Gas Fund, LP",8-K,John P. Love,"President and Chief Executive Officer, and Management Director",high,Chief Executive Officer
FORWARD AIR CORP,8-K,Thomas Schmitt,President and Chief Executive Officer,high,Chief Executive Officer
PROGRESSIVE CORP/OH/,8-K,Mariann Wojtkun Marshall,Vice President and Chief Accounting Officer,high,Vice President
SCOTTS MIRACLE-GRO CO,8-K,Dimiter Todorov,"Executive Vice President, General Counsel, Corporate Secretary & Chief Compliance Officer",high,Vice President
BATTALION OIL CORP,8-K,Matthew B. Steele,Chief Executive Officer,high,Chief Executive Officer
Sidus Space Inc.,8-K,Carol Craig,Chief Executive Officer,high,Chief Executive Officer
"IIOT-OXYS, Inc.",8-K,Clifford L. Emmons,Chief Executive Officer,high,Chief Executive Officer
FIRST BANCORP /PR/,8-K,Orlando Berges,EVP and Chief Financial Officer,high,Chief Financial Officer
Mars Acquisition Corp.,8-K,Karl Brenza,Chief Executive Officer,high,Chief Executive Officer
Bowen Acquisition Corp,8-K,Xiaoqin Lin,Director,high,Director
VISA INC.,8-K,Kelly Mahon Tullier,Corporate Secretary,high,Corporate Secretary
JVSPAC Acquisition Corp.,8-K,Albert Wong,Chief Executive Officer,high,Chief Executive Officer
JVSPAC Acquisition Corp.,8-K,Claudius Tsang,Chief Financial Officer MAXIM GROUP LLC Acknowledged and Agreed,high,Chief Financial Officer
Philip Morris International Inc.,8-K,Darlene Quashie Henry,"Vice President, Associate General Counsel & Corporate Secretary Date",high,Vice President
Philip Morris International Inc.,8-K,Henrik Slotsaa,Vice President Signature page,high,Vice President
Philip Morris International Inc.,8-K,Caryn Bell,Managing Director Signature page,high,Managing Director
Philip Morris International Inc.,8-K,Cara Younger,Managing Director By,high,Managing Director
Philip Morris International Inc.,8-K,Andres Barbosa,Managing Director By,high,Managing Director
Philip Morris International Inc.,8-K,Albert Wheeler,Vice President Signature page,high,Vice President
Philip Morris International Inc.,8-K,Mark Pope,Vice President Signature page,high,Vice President
Philip Morris International Inc.,8-K,Kate Khoo,Vice President Signature page,high,Vice President
Philip Morris International Inc.,8-K,Ming K. Chu,Director By,high,Director
Philip Morris International Inc.,8-K,Rod Stoyle,Vice President Signature page,high,Vice President
Philip Morris International Inc.,8-K,Tracy Rahn,Executive Director Signature page,high,Executive Director
Philip Morris International Inc.,8-K,Simon Derrick,Managing Director Signature page,high,Managing Director
Philip Morris International Inc.,8-K,Danijel Radulovic,Director By,high,Director
Philip Morris International Inc.,8-K,Chantal Schmidli,Associate Director By,high,Director
Philip Morris International Inc.,8-K,Jonathan Childs,Director Signature page,high,Director
Seagate Technology Holdings plc,8-K,Gianluca Romano,Executive Vice President and Chief Financial Officer,high,Chief Financial Officer
SolarWinds Corp,8-K,J. Barton Kalsu,"President SOLARWINDS HOLDINGS, INC",high,President
CONNS INC,8-K,Melissa Allen,SVP & Treasurer,high,Svp & Treasurer
CONNS INC,8-K,Alexander Wiener,Executive Director Conn,high,Executive Director
ARK RESTAURANTS CORP,8-K,Michael Weinstein,Chief Executive Officer Date,high,Chief Executive Officer
BERKLEY W R CORP,8-K,Richard M. Baio,Executive Vice President,high,Vice President
AIR LEASE CORP,8-K,Gregory B. Willis,Executive Vice President and Chief Financial Officer,high,Chief Financial Officer
Warner Music Group Corp.,8-K,Paul M. Robinson,"Executive Vice President, General Counsel and Assistant Secretary",high,Vice President
Tevogen Bio Holdings Inc.,8-K,Surendra Ajjarapu,Chief Executive Officer,high,Chief Executive Officer
"Manitex International, Inc.",8-K,Joseph Doolan,Chief Financial Officer Date,high,Chief Financial Officer
"Baldwin Insurance Group, Inc.",8-K,Bradford L. Hale,Chief Financial Officer,high,Chief Financial Officer
"Fortune Valley Treasures, Inc.",8-K,Yumin Lin,Chief Executive Officer,high,Chief Executive Officer
SUBURBAN PROPANE PARTNERS LP,8-K,Michael A. Kuglin,Chief Financial Officer,high,Chief Financial Officer
Bristow Group Inc.,8-K,Jennifer D. Whalen,"Senior Vice President, Chief Financial Officer",high,Chief Financial Officer
"FIVE BELOW, INC",8-K,Kristy Chipman,Chief Financial Officer & Treasurer,high,Chief Financial Officer
MINERALS TECHNOLOGIES INC,8-K,Timothy J. Jordan,"Vice President, General Counsel, Secretary and Chief Compliance Officer Date",high,Vice President
Franklin BSP Capital Corp,8-K,Nina K. Baryski,Chief Financial Officer and Treasurer FRANKLIN BSP CAPITAL ADVISER L,high,Chief Financial Officer
Franklin BSP Capital Corp,8-K,Bryan Martoken,Chief Financial Officer,high,Chief Financial Officer
"NeueHealth, Inc.",8-K,Jeff Craig,General Counsel and Corporate Secretary,high,General Counsel And Corporate Secretary
"Tourmaline Bio, Inc.",8-K,Ryan Robinson,"Interim Chief Financial Officer, Vice President,Finance and Controller",high,Chief Financial Officer
American Homes 4 Rent,8-K,Christopher C. Lau,Chief Financial Officer Accepted,high,Chief Financial Officer
American Homes 4 Rent,8-K,Shawn Cepeda,Managing Director J,high,Managing Director
American Homes 4 Rent,8-K,Robert Bottamedi,Executive Director,high,Executive Director
"SpringBig Holdings, Inc.",8-K,Jeffrey Harris,Chief Executive Officer,high,Chief Executive Officer
"SpringBig Holdings, Inc.",8-K,Paul Sykes,Chief Financial Officer EXHIBIT A Definitions,high,Chief Financial Officer
FIRST COMMUNITY CORP /SC/,8-K,D. Shawn Jordan,Chief Financial Officer Dated,high,Chief Financial Officer
"Blackstone Real Estate Income Trust, Inc.",8-K,Leon Volchyok,Chief Legal Officer and Secretary,high,Chief Legal Officer And Secretary
"STANLEY BLACK & DECKER, INC.",8-K,Janet M. Link,"Senior Vice President, General Counsel and Secretary",high,Vice President
"Accelerate Diagnostics, Inc",8-K,David Patience,"Chief Financial Officer Broadridge Corporate Issuer Solutions, Inc",high,Chief Financial Officer
Jamf Holding Corp.,8-K,Jeff Lendino,Chief Legal Officer,high,Chief Legal Officer
"Virtu Financial, Inc.",8-K,Justin Waldie,"Senior Vice President, Secretary and General Counsel Dated",high,Vice President
Welsbach Technology Metals Acquisition Corp.,8-K,Christopher Clower,Chief Operating Officer and Director,high,Chief Operating Officer
Mobileye Global Inc.,8-K,Moran Shemesh Rojansky,Chief Financial Officer Date,high,Chief Financial Officer
SHERWIN WILLIAMS CO,8-K,Stephen J. Perisutti,"Vice President, Deputy General Counsel and Assistant Secretary",high,Vice President
WEST BANCORPORATION INC,8-K,Jane M. Funk,"Executive Vice President, Treasurer and Chief Financial Officer",high,Chief Financial Officer
Agrify Corp,8-K,Josh Savitz,General Counsel,high,General Counsel
Agrify Corp,8-K,Joshua Savitz,General Counsel,high,General Counsel
Currenc Group Inc.,8-K,Alexander Edgarov,Chief Executive Officer Date,high,Chief Executive Officer
"GCT Semiconductor Holding, Inc.",8-K,Jeff Tuder,Chief Executive Officer Date,high,Chief Executive Officer
CASS INFORMATION SYSTEMS INC,8-K,Martin H. Resch,President and Chief Executive Officer By,high,Chief Executive Officer
UNIVEST FINANCIAL Corp,8-K,Brian J. Richardson,"Senior Executive Vice President, Chief Financial Officer January",high,Chief Financial Officer
Zeo Energy Corp.,8-K,Andrea Bernatova,Chief Executive Officer,high,Chief Executive Officer
"Lumen Technologies, Inc.",8-K,Chris Stansbury,Executive Vice President & Chief Financial Officer LEVEL,high,Chief Financial Officer
CPI Card Group Inc.,8-K,Jessica Browne,Acting Chief Legal and Compliance Officer and Corporate Secretary,high,Acting Chief Legal And Compliance Officer And Corporate Secretary
"STRATS SM TRUST FOR WAL-MART STORES, INC. SECURITIES, SERIES 2005-4",8-K,Barbara Garafalo,President Date,high,President
"USCB FINANCIAL HOLDINGS, INC.",8-K,Robert Anderson,Chief Financial Officer Date,high,Chief Financial Officer
PROSPECT CAPITAL CORP,8-K,M. Grier Eliasek,Chief Operating Officer Date,high,Chief Operating Officer
RED ROBIN GOURMET BURGERS INC,8-K,Sarah A. Mussetter,Chief Legal Officer,high,Chief Legal Officer
"L3HARRIS TECHNOLOGIES, INC. /DE/",8-K,Kenneth L. Bedingfield,Senior Vice President and Chief Financial Officer Date,high,Chief Financial Officer
Cue Health Inc.,8-K,Aasim Javed,Chief Financial Officer,high,Chief Financial Officer
WEX Inc.,8-K,Jennifer Kimball,"Treasurer and PresidentTRANSPLATINUM SERVICE, LLCBy",high,Treasurer And Presidenttransplatinum Service Llcby
WEX Inc.,8-K,Erica Martin,SecretaryWEX CAPITAL LLCBy,high,Secretarywex Capital Llcby
WEX Inc.,8-K,Angela Larkin,Vice President,high,Vice President
WEX Inc.,8-K,Jeremy Kearns,Vice President,high,Vice President
Grocery Outlet Holding Corp.,8-K,Luke D. Thompson,"Senior Vice President, General Counsel and Secretary",high,Vice President
KLA CORP,8-K,Bren D. Higgins,Executive Vice President and Chief Financial Officer,high,Chief Financial Officer
MYR GROUP INC.,8-K,William F. Fry,"Vice President, Chief Legal Officer and Secretary",high,Vice President
"Porch Group, Inc.",8-K,Matt Ehrlichman,Chief Executive OfficerAddress for Notices,high,Chief Executive Officer
"Porch Group, Inc.",8-K,Matthew Cullen,General Counsel Date,high,General Counsel Date
"Bancorp, Inc.",8-K,Paul Frenkiel,Chief Financial Officer and Secretary,high,Chief Financial Officer
"Easterly Government Properties, Inc.",8-K,Allison Marino,Chief Financial Officer and Chief Accounting Officer PARENT,high,Chief Financial Officer
"Easterly Government Properties, Inc.",8-K,Germaine Korhone,"Senior Vice President TRUIST BANK, as a Lender By",high,Vice President
"SmartRent, Inc.",8-K,Lucas Haldeman,Chief Executive Officer,high,Chief Executive Officer
TEGNA INC,8-K,Marc Sher,"Vice President, Associate General Counsel and Secretary",high,Vice President
TEGNA INC,8-K,Inderjeet Aneja,Executive Director,high,Executive Director
TEGNA INC,8-K,Neel Patel,Director,high,Director
TEGNA INC,8-K,Nabeel Shah,Director,high,Director
TEGNA INC,8-K,Kyle Giesel,Vice President,high,Vice President
TEGNA INC,8-K,Jason Shrader,Director,high,Director
TEGNA INC,8-K,Kimberly A. Crotty,Vice President,high,Vice President
APPFOLIO INC,8-K,Fay Sien Goon,Chief Financial Officer,high,Chief Financial Officer
"Cellectar Biosciences, Inc.",8-K,Chad J. Kolean,Chief Financial Officer,high,Chief Financial Officer
"PINEAPPLE, INC.",8-K,Shawn Credle,Chief Executive Officer,high,Chief Executive Officer
"PetVivo Holdings, Inc.",8-K,John Lai,Chief Executive Officer,high,Chief Executive Officer
"FIRST BUSINESS FINANCIAL SERVICES, INC.",8-K,Brian D. Spielmann,Chief Financial Officer,high,Chief Financial Officer
"SALEM MEDIA GROUP, INC. /DE/",8-K,Christopher J. Henderson,"Executive Vice President, General Counsel, and Secretary BORROWERS",high,Vice President
"HIGHWOODS PROPERTIES, INC.",8-K,Jeffrey D. Miller,"Executive Vice President, General Counsel and SecretaryHIGHWOODS PROPERTIES, INC",high,Vice President
"SANUWAVE Health, Inc.",8-K,Morgan C. Frank,Chief Executive Officer Address for Notice,high,Chief Executive Officer
"SANUWAVE Health, Inc.",8-K,Toni Rinow,Chief Financial Officer,high,Chief Financial Officer
"SANUWAVE Health, Inc.",8-K,William Reiland,Managing Director Address for Notice,high,Managing Director
SBA COMMUNICATIONS CORP,8-K,David Sams,Vice President,high,Vice President
SBA COMMUNICATIONS CORP,8-K,Keith Lukasavich,Vice President & Managing Director GOLDMAN SACHS BANK USA By,high,Vice President
SBA COMMUNICATIONS CORP,8-K,Melanie George,Vice President,high,Vice President
SBA COMMUNICATIONS CORP,8-K,Gambo Audu,Vice President,high,Vice President
"Core & Main, Inc.",8-K,Rima Simson,"Vice President, Treasurer and Secretary",high,Vice President
Goldenstone Acquisition Ltd.,8-K,Eddie Ni,Chief Executive Officer,high,Chief Executive Officer
Perception Capital Corp. IV,8-K,Rick Gaenzle,Chief Executive Officer,high,Chief Executive Officer
Jazz Pharmaceuticals plc,8-K,Patricia Carr,Principal Accounting Officer and Interim Principal Financial Officer Date,high,Principal Accounting Officer And Interim Principal Financial Officer Date
Jazz Pharmaceuticals plc,8-K,Hugh Kiely,"Director JAZZ FINANCING I DESIGNATED ACTIVITY COMPANY, as an Irish Borrower By",high,Director
Jazz Pharmaceuticals plc,8-K,Aislinn Doody,"Director JAZZ FINANCING HOLDINGS LIMITED, as an Irish Borrower By",high,Director
Jazz Pharmaceuticals plc,8-K,David Spackman,"Director JAZZ PHARMACEUTICALS, INC",high,Director
Jazz Pharmaceuticals plc,8-K,Alan Campion,Vice President and Chief Financial Officer JAZZ CAPITAL LIMITED,high,Chief Financial Officer
Jazz Pharmaceuticals plc,8-K,Kathleen Gibbons,"Director JAZZ FINANCING II LIMITED, as a Guarantor By",high,Director
Jazz Pharmaceuticals plc,8-K,Bernard Zammit,"Director GW PHARMACEUTICALS LIMITED, as a Guarantor By",high,Director
Jazz Pharmaceuticals plc,8-K,Aislinn Jane Doody,"Director GW PHARMA LIMITED, as a Guarantor By",high,Director
Jazz Pharmaceuticals plc,8-K,Elizabeth Uribe,Assistant Vice President,high,Vice President
Jazz Pharmaceuticals plc,8-K,Jimmy Ko,Vice President,high,Vice President
Jazz Pharmaceuticals plc,8-K,Christopher J. Grell,Vice President,high,Vice President
"Customers Bancorp, Inc.",8-K,Carla A. Leibold,Executive Vice President,high,Vice President
ALPHA & OMEGA SEMICONDUCTOR Ltd,8-K,Yifan Liang,Chief Financial Officer and Corporate Secretary,high,Chief Financial Officer
iQSTEL Inc,8-K,Tolga Alemdar,Director BUYER,high,Director
iQSTEL Inc,8-K,Leandro Jose Iglesias,Chief Executive Officer,high,Chief Executive Officer
iQSTEL Inc,8-K,Daniel Kordash,President,high,President
"TEMPUR SEALY INTERNATIONAL, INC.",8-K,Bhaskar Rao,Executive Vice President & Chief Financial Officer,high,Chief Financial Officer
CALIFORNIA WATER SERVICE GROUP,8-K,David B. Healey,Principal Financial Officer,high,Principal Financial Officer
AUTOLIV INC,8-K,Anthony J. Nellis,"Executive Vice President, Legal Affairs and General Counsel Date",high,Vice President
"Premier, Inc.",8-K,Michael J. Alkire,President and Chief Executive Officer Date,high,Chief Executive Officer
"Cheniere Energy Partners, L.P.",8-K,Zach Davis,Executive Vice President and Chief Financial Officer,high,Chief Financial Officer
FOSTER L B CO,8-K,John F. Kasel,President and CEO,high,Chief Executive Officer
Genie Energy Ltd.,8-K,Michael Stein,Chief Executive Officer Dated,high,Chief Executive Officer
Autolus Therapeutics plc,8-K,Christian Itin,Chief Executive Officer,high,Chief Executive Officer
OptimizeRx Corp,8-K,Edward Stelmakh,Chief Financial Officer,high,Chief Financial Officer
CIMG Inc.,8-K,Randell Weaver,"President, Chief Financial Officer, and Chief Operating Officer",high,Chief Operating Officer
"LogicMark, Inc.",8-K,Mark Archer,Chief Financial Officer,high,Chief Financial Officer
"Kura Oncology, Inc.",8-K,Mark Lampert,"Chief Executive Officer of BVF I GP LLC, General Partner of Biotechnology Value Fund, L",high,Chief Executive Officer
United Parks & Resorts Inc.,8-K,G. Anthony Taylor,"Chief Legal Officer, General Counsel, and Corporate Secretary SEAWORLD ENTERTAINMENT, INC",high,Chief Legal Officer General Counsel And Corporate Secretary Seaworld Entertainment Inc
United Parks & Resorts Inc.,8-K,Laura Woodward,Vice President,high,Vice President
Edible Garden AG Inc,8-K,James Kras,President and Chief Executive Officer,high,Chief Executive Officer
Local Bounti Corporation/DE,8-K,Kathleen Valiasek,Chief Financial Officer Holder,high,Chief Financial Officer
"Post Holdings, Inc.",8-K,Diedre J. Gray,"Executive Vice President, General Counsel & Chief Administrative Officer, Secretary",high,Vice President
"Tivic Health Systems, Inc.",8-K,Jennifer Ernst,Chief Executive Officer,high,Chief Executive Officer
"HCI Group, Inc.",8-K,Andrew L. Graham,General Counsel,high,General Counsel
"indie Semiconductor, Inc.",8-K,Thomas Schiller,Chief Financial Officer & EVP of Strategy,high,Chief Financial Officer
"eFFECTOR Therapeutics, Inc.",8-K,Michael Byrnes,Chief Financial Officer,high,Chief Financial Officer
Finnovate Acquisition Corp.,8-K,Calvin Kung,Chief Executive Officer,high,Chief Executive Officer
INTEGRATED RAIL & RESOURCES ACQUISITION CORP,8-K,Mark A. Michel,Chief Executive Officer and Chairman,high,Chief Executive Officer
"AG Mortgage Investment Trust, Inc.",8-K,Jenny B. Neslin,General Counsel and Secretary,high,General Counsel And Secretary
"AG Mortgage Investment Trust, Inc.",8-K,Anthony Rossiello,"Chief Financial OfficerAG REIT MANAGEMENT, LLCBy",high,Chief Financial Officer
INTELLIGENT BIO SOLUTIONS INC.,8-K,Spiro Sakiris,Chief Financial Officer,high,Chief Financial Officer
INTELLIGENT BIO SOLUTIONS INC.,8-K,Harry Simeonidis,Chief Executive Officer,high,Chief Executive Officer
"NightFood Holdings, Inc.",8-K,Sean Folkson,Chief Executive Officer,high,Chief Executive Officer
Avinger Inc,8-K,Jeffrey M. Soinski,Chief Executive Officer,high,Chief Executive Officer
REPUBLIC FIRST BANCORP INC,8-K,Thomas X. Geisel,Chief Executive Officer,high,Chief Executive Officer
"Castellum, Inc.",8-K,Mark C. Fuller,Chief Executive Officer,high,Chief Executive Officer
"Castellum, Inc.",8-K,Mark Fuller,President & CEOAddress for Notice,high,President
"REV Group, Inc.",8-K,Mark A. Skonieczny,"President and Chief Executive Officer, Interim Chief Financial Officer, and Director",high,Chief Executive Officer
Inception Growth Acquisition Ltd,8-K,Cheuk Hang Chow,Chief Executive Officer Date,high,Chief Executive Officer
Inception Growth Acquisition Ltd,8-K,Felix Yun Pun Wong,Chief Financial Officer Accepted and Agreed,high,Chief Financial Officer
"SoFi Technologies, Inc.",8-K,Christopher Lapointe,Chief Financial Officer,high,Chief Financial Officer
enGene Holdings Inc.,8-K,Jason D. Hanson,Chief Executive Officer,high,Chief Executive Officer
TIPTREE INC.,8-K,Jonathan Ilany,Chief Executive Officer,high,Chief Executive Officer
MSCI Inc.,8-K,Henry A. Fernandez,Chairman and Chief Executive Officer,high,Chief Executive Officer
MSCI Inc.,8-K,Andrew C. Wiechmann,Chief Financial Officer,high,Chief Financial Officer
MSCI Inc.,8-K,Barbara Ingrassia,Vice President,high,Vice President
MSCI Inc.,8-K,Maryann Fitzmaurice,Director,high,Director
MSCI Inc.,8-K,Angela Reilly,Senior Vice President,high,Vice President
MSCI Inc.,8-K,Steve Levi,Senior Vice President,high,Vice President
MSCI Inc.,8-K,Gordon Yip,Director By,high,Director
MSCI Inc.,8-K,Joseph Ward,Managing Director,high,Managing Director
MSCI Inc.,8-K,Ryan Benefiel,Vice President,high,Vice President
"SRM Entertainment, Inc.",8-K,Richard Miller,Chief Executive Officer,high,Chief Executive Officer
Cingulate Inc.,8-K,Shane J. Schaffer,Chief Executive Officer,high,Chief Executive Officer
Ready Capital Corp,8-K,Andrew Ahlborn,Chief Financial Officer,high,Chief Financial Officer
IROBOT CORP,8-K,Glen D. Weinstein,Interim Chief Executive Officer,high,Chief Executive Officer
IROBOT CORP,8-K,Peter Krawiec,"Senior Vice President, Worldwide Corporate Development IROBOT CORPORATION By",high,Vice President
"Privia Health Group, Inc.",8-K,David Mountcastle,"Executive Vice President, Chief Financial Officer and Authorized Officer",high,Chief Financial Officer
COHU INC,8-K,Jeffrey D. Jones,Senior VP Finance and Chief Financial Officer Exhibit Index Exhibit No,high,Chief Financial Officer
"PlayAGS, Inc.",8-K,Kimo Akiona,Chief Financial Officer,high,Chief Financial Officer
ESSA Pharma Inc.,8-K,David Wood,Chief Financial Officer,high,Chief Financial Officer
Vicarious Surgical Inc.,8-K,Adam Sachs,Chief Executive Officer Date,high,Chief Executive Officer
"Quince Therapeutics, Inc.",8-K,Dirk Thye,Chief Executive Officer,high,Chief Executive Officer
SIRIUS XM HOLDINGS INC.,8-K,Patrick Donnelly,"Executive Vice President, General Counsel and Secretary",high,Vice President
SIRIUS XM HOLDINGS INC.,8-K,Peter Thauer,Managing Director,high,Managing Director
SIRIUS XM HOLDINGS INC.,8-K,Christina M. Terry,Vice President,high,Vice President
SIRIUS XM HOLDINGS INC.,8-K,Barbara Nash,Managing Director By,high,Managing Director
SIRIUS XM HOLDINGS INC.,8-K,Jill Wong,Director By,high,Director
SIRIUS XM HOLDINGS INC.,8-K,Carlos Cruz,Director,high,Director
SIRIUS XM HOLDINGS INC.,8-K,Jack Stutesman,Director,high,Director
SIRIUS XM HOLDINGS INC.,8-K,Stacey Hansen,Senior Vice President,high,Vice President
SIRIUS XM HOLDINGS INC.,8-K,Laila Shehata,Assistant Vice President,high,Vice President
SIRIUS XM HOLDINGS INC.,8-K,Sean Duggan,Director,high,Director
SIRIUS XM HOLDINGS INC.,8-K,Victor Davida,Director,high,Director
"Bergio International, Inc.",8-K,Berge Abajian,Chief Executive Officer,high,Chief Executive Officer
Merchants Bancorp,8-K,John F. Macke,Chief Financial Officer,high,Chief Financial Officer
"Data443 Risk Mitigation, Inc.",8-K,Jason Remillard,Chief Executive Officer,high,Chief Executive Officer
"TransMedics Group, Inc.",8-K,Stephen Gordon,Chief Financial Officer and Treasurer,high,Chief Financial Officer
RAND CAPITAL CORP,8-K,Daniel P. Penberthy,President and Chief Executive Officer,high,Chief Executive Officer
Fintech Scion Ltd,8-K,Lim Chun Hoo,Chief Executive Officer,high,Chief Executive Officer
"NexPoint Real Estate Finance, Inc.",8-K,Brian Mitts,"Chief Financial Officer, Executive VP",high,Chief Financial Officer
"United Homes Group, Inc.",8-K,Keith Feldman,Chief Financial Officer,high,Chief Financial Officer
"United Homes Group, Inc.",8-K,Michael P. Nieri,"Chief Executive Officer UNITED HOMES GROUP, INC",high,Chief Executive Officer
"United Homes Group, Inc.",8-K,Darci Morris,Managing Director,high,Managing Director
"United Homes Group, Inc.",8-K,Justin Smith,Senior Vice President,high,Vice President
"United Homes Group, Inc.",8-K,Jay Ratterree,Senior Vice President,high,Vice President
"United Homes Group, Inc.",8-K,Tiffany Weber,Bank Officer,high,Bank Officer
"Stronghold Digital Mining, Inc.",8-K,Gregory A. Beard,Chief Executive Officer and Chairman,high,Chief Executive Officer
"Helmerich & Payne, Inc.",8-K,William H. Gault,Corporate Secretary Date,high,Corporate Secretary Date
Invesco Galaxy Bitcoin ETF,8-K,Adam Henkel,"Secretary and Head of Legal, US ETFs Date",high,Secretary And Head Of Legal Us Etfs Date
"Fresh Vine Wine, Inc.",8-K,Michael Pruitt,"Chief Executive Officer FVW Merger Sub, Inc",high,Chief Executive Officer
CLEVELAND-CLIFFS INC.,8-K,James D. Graham,"Executive Vice President, Chief Legal and Administrative Officer & Secretary",high,Vice President
"dMY Squared Technology Group, Inc.",8-K,Harry L. You,Chief Financial Officer and Chairman Dated,high,Chief Financial Officer
Zapata Computing Holdings Inc.,8-K,William M. Brown,President and Chief Financial Officer,high,Chief Financial Officer
Fresh2 Group Ltd,8-K,Haohan Xu,Chief Executive Officer,high,Chief Executive Officer
OFFICE PROPERTIES INCOME TRUST,8-K,Anatole Wedmid,Director,high,Director
OFFICE PROPERTIES INCOME TRUST,8-K,Cheryl Sneor,Vice President,high,Vice President
OFFICE PROPERTIES INCOME TRUST,8-K,William Chalmers,Senior Vice President,high,Vice President
OFFICE PROPERTIES INCOME TRUST,8-K,David C. Heyson,Senior Vice President,high,Vice President
OFFICE PROPERTIES INCOME TRUST,8-K,Mary Harold,Executive Director,high,Executive Director
OFFICE PROPERTIES INCOME TRUST,8-K,Jack J. Kane,Managing Director,high,Managing Director
OFFICE PROPERTIES INCOME TRUST,8-K,Adam Harding,Senior Vice President,high,Vice President
OFFICE PROPERTIES INCOME TRUST,8-K,Stephen Picard,Assistant Vice President,high,Vice President
OFFICE PROPERTIES INCOME TRUST,8-K,Hanul Vera Abraham,Vice President,high,Vice President
OFFICE PROPERTIES INCOME TRUST,8-K,Michael King,Vice President,high,Vice President
OFFICE PROPERTIES INCOME TRUST,8-K,Danielle Calo,Associate Director By,high,Director
ARVANA INC,8-K,Ruairidh Campbell,"Chief Executive Officer LCF SALONS, LLC By",high,Chief Executive Officer
"Velo3D, Inc.",8-K,Bernard Chung,Acting Chief Financial Officer,high,Chief Financial Officer
"Powerfleet, Inc.",8-K,David Wilson,Chief Financial Officer Date,high,Chief Financial Officer
Marathon Petroleum Corp,8-K,John J. Quaid,Executive Vice President and Chief Financial Officer,high,Chief Financial Officer
NELNET INC,8-K,James D. Kruger,Chief Financial Officer,high,Chief Financial Officer
"CG Oncology, Inc.",8-K,Arthur Kuan,Chairman and Chief Executive Officer,high,Chief Executive Officer
"Akebia Therapeutics, Inc.",8-K,John P. Butler,President and Chief Executive Officer,high,Chief Executive Officer
HUBBELL INC,8-K,Jonathan M. Del Nero,"Vice President, Controller Date",high,Vice President
JACOBS SOLUTIONS INC.,8-K,Justin Johnson,SecretaryDated,high,Secretarydated
"SideChannel, Inc.",8-K,Brian Haugli,Chief Executive Officer,high,Chief Executive Officer
GRAY TELEVISION INC,8-K,James C. Ryan,Executive Vice President and Chief Financial Officer,high,Chief Financial Officer
CHEETAH NET SUPPLY CHAIN SERVICE INC.,8-K,Huan Liu,President,high,President
REGIS CORP,8-K,Kersten D. Zupfer,Executive Vice President & Chief Financial Officer,high,Chief Financial Officer
REGIS CORP,8-K,Kersten Zupfer,"Executive Vice President & Chief Financial Officer EQUINITI TRUST COMPANY, LLC By",high,Chief Financial Officer
GENERAL MILLS INC,8-K,Kofi A. Bruce,Chief Financial Officer,high,Chief Financial Officer
GENERAL MILLS INC,8-K,Keith Harman,Managing Director GOLDMAN SACHS & CO,high,Managing Director
GENERAL MILLS INC,8-K,Iva Vukina,Managing Director J,high,Managing Director
GENERAL MILLS INC,8-K,Thomas Hadley,Managing Director SCHEDULE I Underwriting Agreement dated,high,Managing Director
"United States 12 Month Natural Gas Fund, LP",8-K,Stuart P. Crumbaugh,Chief Financial Officer,high,Chief Financial Officer
"HAWTHORN BANCSHARES, INC.",8-K,Brent M. Giles,C hief Executive Officer,high,C Hief Executive Officer
"KURA SUSHI USA, INC.",8-K,Jeffrey Uttz,Chief Financial Officer,high,Chief Financial Officer
"Kartoon Studios, Inc.",8-K,Andy Heyward,Chief Executive Officer,high,Chief Executive Officer
Singularity Future Technology Ltd.,8-K,Ziyuan Liu,Chief Executive Officer,high,Chief Executive Officer
ROBERT HALF INC.,8-K,Michael C. Buckley,"Executive Vice President, Chief Financial Officer",high,Chief Financial Officer
"Mondelez International, Inc.",8-K,Luca Zaramella,Executive Vice President and Chief Financial Officer Date,high,Chief Financial Officer
CARLISLE COMPANIES INC,8-K,Kevin P. Zdimal,Vice President & Chief Financial OfficerAMPHENOL CORPORATIONBy,high,Chief Financial Officer
"SKYWORKS SOLUTIONS, INC.",8-K,Kris Sennesael,Senior Vice President and Chief Financial Officer,high,Chief Financial Officer
Finward Bancorp,8-K,Benjamin J. Bochnowski,President and Chief Executive Officer,high,Chief Executive Officer
"Quoin Pharmaceuticals, Ltd.",8-K,Gordon Dunn,Chief Financial Officer,high,Chief Financial Officer
"KonaTel, Inc.",8-K,Charles D. Griffin,President COMPANY,high,President
"SPECIFICITY, INC.",8-K,Jason Wood,Chief Executive Officer,high,Chief Executive Officer
ADVANCED MICRO DEVICES INC,8-K,Jean Hu,"Executive Vice President, Chief Financial Officer & Treasurer",high,Chief Financial Officer
JUNIPER NETWORKS INC,8-K,Kenneth B. Miller,"Executive Vice President, Chief Financial Officer",high,Chief Financial Officer
"Rubicon Technologies, Inc.",8-K,Kevin Schubert,"Chief Financial Officer, President and Secretary Date",high,Chief Financial Officer
"Rubicon Technologies, Inc.",8-K,Jose Miguel Enrich,Director Notice Address,high,Director
Unum Group,8-K,J. Paul Jullienne,"Vice President, Managing Counsel, and Corporate Secretary",high,Vice President
NAVIENT CORP,8-K,Mark L. Heleen,Chief Legal Officer Date,high,Chief Legal Officer Date
"BrightSpring Health Services, Inc.",8-K,Jon Rousseau,"Chairman, President and Chief Executive Officer U",high,Chief Executive Officer
"BrightSpring Health Services, Inc.",8-K,Shannon Matthews,Assistant Vice President U,high,Vice President
"BrightSpring Health Services, Inc.",8-K,Elizabeth Wood,Managing Director For themselves and the other several Underwriters named in Schedule I to the foregoing Agreement,high,Managing Director
"LiveOne, Inc.",8-K,Aaron Sullivan,Chief Financial Officer,high,Chief Financial Officer
"GULF RESOURCES, INC.",8-K,Min Li,Chief Financial Officer Dated,high,Chief Financial Officer
Cenntro Inc.,8-K,Peter Wang,Chief Executive Officer,high,Chief Executive Officer
"Comera Life Sciences Holdings, Inc.",8-K,Michael Campbell,Executive Vice President and Chief Financial Officer,high,Chief Financial Officer
"Piedmont Office Realty Trust, Inc.",8-K,Laura P. Moon,"Chief Accounting Officer PIEDMONT OFFICE REALTY TRUST, INC",high,Chief Accounting Officer Piedmont Office Realty Trust Inc
"Piedmont Office Realty Trust, Inc.",8-K,Helen Chan,Vice President,high,Vice President
"Checkpoint Therapeutics, Inc.",8-K,James F. Oliviero,President and Chief Executive Officer,high,Chief Executive Officer
Movella Holdings Inc.,8-K,Stephen Smith,Chief Financial Officer,high,Chief Financial Officer
UR-ENERGY INC,8-K,Penne A. Goplerud,Corporate Secretary and General Counsel,high,Corporate Secretary And General Counsel
Walmart Inc.,8-K,Gordon Y. Allison,"Senior Vice President, Office of the Corporate Secretary, and Chief Counsel for Finance and Governance",high,Vice President
"Savers Value Village, Inc.",8-K,Jay Stasz,Chief Financial Officer and Treasurer,high,Chief Financial Officer
GOLD RESOURCE CORP,8-K,Allen Palmiere,Chief Executive Officer and President,high,Chief Executive Officer
"Sally Beauty Holdings, Inc.",8-K,Denise Paulonis,President and Chief Executive Officer,high,Chief Executive Officer
"Evolv Technologies Holdings, Inc.",8-K,Peter George,Chief Executive Officer,high,Chief Executive Officer
APPLIED DNA SCIENCES INC,8-K,James A. Hayward,Chief Executive Officer,high,Chief Executive Officer
LENNOX INTERNATIONAL INC,8-K,Monica M. Brown,Assistant Secretary,high,Assistant Secretary
TEVA PHARMACEUTICAL INDUSTRIES LTD,8-K,Eli Kalif,"Executive Vice President, Chief Financial Officer",high,Chief Financial Officer
"NASDAQ, INC.",8-K,John A. Zecca,Executive Vice President and Chief Legal Officer,high,Vice President
HESS CORP,8-K,John P. Rielly,Executive Vice President and Chief Financial Officer,high,Chief Financial Officer
NOVAVAX INC,8-K,Mark J. Casey,"Executive Vice President, Chief Legal Officer and Corporate Secretary",high,Vice President
"InspireMD, Inc.",8-K,Craig Shore,Chief Financial Officer,high,Chief Financial Officer
Polished.com Inc.,8-K,Robert D. Barry,Interim Chief Financial Officer Dated,high,Chief Financial Officer
Beam Global,8-K,Lisa A. Potok,Chief Financial Officer,high,Chief Financial Officer
"Schneider National, Inc.",8-K,Thomas G. Jackson,"Executive Vice President, General Counsel and Corporate Secretary",high,Vice President
GLOBAL TECHNOLOGIES LTD,8-K,Fredrick Cutcher,Chief Executive Officer,high,Chief Executive Officer
"DELCATH SYSTEMS, INC.",8-K,Gerard Michel,Chief Executive Officer,high,Chief Executive Officer
"Sun Country Airlines Holdings, Inc.",8-K,Erin Rose Neale,"Senior Vice President, General Counsel and Secretary",high,Vice President
"bioAffinity Technologies, Inc.",8-K,Maria Zannes,President and Chief Executive Officer By,high,Chief Executive Officer
KULICKE & SOFFA INDUSTRIES INC,8-K,Lester Wong,Executive Vice President and Chief Financial Officer,high,Chief Financial Officer
"Robinhood Markets, Inc.",8-K,Jason Warnick,Chief Financial Officer,high,Chief Financial Officer
"NETGEAR, INC.",8-K,Bryan D. Murray,Chief Financial Officer,high,Chief Financial Officer
"Oruka Therapeutics, Inc.",8-K,C. Jeffrey Dekker,Chief Financial Officer,high,Chief Financial Officer
GLOBALINK INVESTMENT INC.,8-K,Say Leong Lim,Chief Executive Officer,high,Chief Executive Officer
Accenture plc,8-K,Joel Unruch,General Counsel & Corporate Secretary,high,General Counsel & Corporate Secretary
LANDSTAR SYSTEM INC,8-K,James P. Todd,"Vice President, Chief Financial Officer and Assistant Secretary",high,Chief Financial Officer
"Altus Power, Inc.",8-K,Dylan Seff,President and CEO,high,Chief Executive Officer
Blue Bird Corp,8-K,Ted Scartz,Senior Vice President and General Counsel Dated,high,Vice President
Bunker Hill Mining Corp.,8-K,Sam Ash,President and CEO,high,Chief Executive Officer
METLIFE INC,8-K,Tamara L. Schock,Executive Vice President andChief Accounting Officer Date,high,Vice President
"AMERICAN INTERNATIONAL GROUP, INC.",8-K,Christina Banthin,Senior Vice President and Corporate Secretary,high,Vice President
"DermTech, Inc.",8-K,Kevin Sun,Chief Financial Officer,high,Chief Financial Officer
"LAKE SHORE BANCORP, INC.",8-K,Taylor M. Gilden,Chief Financial Officer,high,Chief Financial Officer
RiceBran Technologies,8-K,William J. Keneally,Interim Chief Financial Officer and Secretary,high,Chief Financial Officer
AMERICAN SHARED HOSPITAL SERVICES,8-K,Raymond Stachowiak,"Executive Chairman of the Board PBRT ORLANDO, LLC, a Delaware limited liability company By",high,Chair
Veradigm Inc.,8-K,Chad Kerner,"Vice President of Finance and Treasurer VERADIGM LLC, as Co",high,Vice President
Veradigm Inc.,8-K,Melanie Her,Vice President,high,Vice President
Veradigm Inc.,8-K,Shailesh H. Patel,Managing Director,high,Managing Director
Veradigm Inc.,8-K,Alyssa Suckow,Vice President,high,Vice President
Veradigm Inc.,8-K,Eugene Stunson,Director,high,Director
Veradigm Inc.,8-K,Karen Yap,Vice President,high,Vice President
Veradigm Inc.,8-K,Raj Nambar,Senior Vice President,high,Vice President
Veradigm Inc.,8-K,Sarah Willett,Managing Director,high,Managing Director
Veradigm Inc.,8-K,Victoria Willard,Officer,high,Officer
Veradigm Inc.,8-K,Dawn Mase,Senior Vice President,high,Vice President
"Gain Therapeutics, Inc.",8-K,C. Evan Ballantyne,Chief Financial Officer,high,Chief Financial Officer
Workhorse Group Inc.,8-K,James D. Harrington,"General Counsel, Chief Compliance Officer and Secretary",high,General Counsel Chief Compliance Officer And Secretary
ROYAL CARIBBEAN CRUISES LTD,8-K,Naftali Holtz,Chief Financial Officer,high,Chief Financial Officer
TENET HEALTHCARE CORP,8-K,Thomas Arnst,"Executive Vice President, Chief Administrative Officer, General Counsel and Corporate Secretary",high,Vice President
"Lazard, Inc.",8-K,Shari Soloway,Corporate Secretary Dated,high,Corporate Secretary Dated
BrightSphere Investment Group Inc.,8-K,Suren Rana,Chief Executive Officer EXHIBIT INDEX Exhibit No,high,Chief Executive Officer
"Clear Channel Outdoor Holdings, Inc.",8-K,Lynn A. Feldman,"Executive Vice President, Chief Legal Officer and Corporate Secretary",high,Vice President
OneWater Marine Inc.,8-K,Jack Ezzell,Chief Financial Officer Dated,high,Chief Financial Officer
INTERNATIONAL PAPER CO /NEW/,8-K,Holly G. Goughnour,Vice President,high,Vice President
"Fidelity National Information Services, Inc.",8-K,Stephanie Ferris,"Chief Executive Officer & President NEW BOOST HOLDCO, LLC By",high,Chief Executive Officer
NATURAL GAS SERVICES GROUP INC,8-K,Stephen C. Taylor,Interim Chief Executive OfficerEXECUTIVE,high,Chief Executive Officer
TRACTOR SUPPLY CO /DE/,8-K,Kurt D. Barton,Executive Vice President,high,Vice President
EON Resources Inc.,8-K,Mitchell B. Trotter,Chief Financial Officer,high,Chief Financial Officer
Innovation Pharmaceuticals Inc.,8-K,Leo Ehrlich,Chief Executive Officer,high,Chief Executive Officer
ENZO BIOCHEM INC,8-K,Patricia Eckert,Chief Financial Officer Date,high,Chief Financial Officer
"Okta, Inc.",8-K,Brett Tighe,Chief Financial Officer,high,Chief Financial Officer
"Rocket Companies, Inc.",8-K,Tina V. John,General Counsel and Secretary,high,General Counsel And Secretary
"GT Biopharma, Inc.",8-K,Michael Breen,Executive Chairman of the Board and Interim Chief Executive Officer,high,Chief Executive Officer
"MGT CAPITAL INVESTMENTS, INC.",8-K,Robert B. Ladd,Chief Executive Officer,high,Chief Executive Officer
"Clearside Biomedical, Inc.",8-K,Charles A. Deignan,Chief Financial Officer,high,Chief Financial Officer
"Usio, Inc.",8-K,Louis A. Hoch,Chief Executive Officer and President,high,Chief Executive Officer
"Intellia Therapeutics, Inc.",8-K,John M. Leonard,Chief Executive Officer and President,high,Chief Executive Officer
"Academy Sports & Outdoors, Inc.",8-K,Rene G. Casares,"Senior Vice President, General Counsel and Secretary",high,Vice President
LPL Financial Holdings Inc.,8-K,Matthew J. Audette,Chief Financial Officer Dated,high,Chief Financial Officer
SKECHERS USA INC,8-K,John Vandemore,Chief Financial Officer,high,Chief Financial Officer
"HARTFORD FINANCIAL SERVICES GROUP, INC.",8-K,Allison G. Niderno,Senior Vice President and Controller,high,Vice President
DXC Technology Co,8-K,Rob Del Bene,Executive Vice President and Chief Financial Officer,high,Chief Financial Officer
"Janus International Group, Inc.",8-K,Anselm Wong,Chief Financial Officer,high,Chief Financial Officer
CROSS COUNTRY HEALTHCARE INC,8-K,William J. Burns,Executive Vice President & Chief Financial Officer,high,Chief Financial Officer
Integrated Wellness Acquisition Corp,8-K,Steven Schapera,Chief Executive Officer Dated,high,Chief Executive Officer
FLYEXCLUSIVE INC.,8-K,Matthew Lux,Senior Managing Director & General Counsel WIRE INSTRUCTIONS,high,Managing Director
reAlpha Tech Corp.,8-K,Michael J. Logozzo,Chief Operating Officer and President EMPLOYEE,high,Chief Operating Officer
reAlpha Tech Corp.,8-K,Giri Devanur,Chief Executive Officer EMPLOYEE,high,Chief Executive Officer
"AiAdvertising, Inc.",8-K,Gerard Hug,Chief Executive Officer,high,Chief Executive Officer
"Apollo Global Management, Inc.",8-K,Jessica L. Lomm,Vice President and Secretary,high,Vice President
"Calidi Biotherapeutics, Inc.",8-K,Andrew Jackson,Chief Financial Officer,high,Chief Financial Officer
"Calidi Biotherapeutics, Inc.",8-K,Allan Camaisa,Chief Executive Officer,high,Chief Executive Officer
La Rosa Holdings Corp.,8-K,Kent Metzroth,Chief Financial Officer,high,Chief Financial Officer
"Tyra Biosciences, Inc.",8-K,Alan Fuhrman,Chief Financial Officer,high,Chief Financial Officer
Everest Consolidator Acquisition Corp,8-K,Adam Dooley,Chief Executive Officer,high,Chief Executive Officer
"GameSquare Holdings, Inc.",8-K,Justin Kenna,Chief Executive Officer and Director EXHIBIT INDEX Exhibit Description,high,Chief Executive Officer
LQR House Inc.,8-K,Sean Dollinger,Chief Executive Officer,high,Chief Executive Officer
Hudson Acquisition I Corp.,8-K,Jiang Hui,Chief Executive Officer,high,Chief Executive Officer
"LifeStance Health Group, Inc.",8-K,Ryan Pardo,Chief Legal Officer and Secretary,high,Chief Legal Officer And Secretary
"Granite Ridge Resources, Inc.",8-K,Luke C. Brandenberg,President and Chief Executive Officer,high,Chief Executive Officer
"VIRTUS INVESTMENT PARTNERS, INC.",8-K,Michael A. Angerthal,Chief Financial Officer,high,Chief Financial Officer
CHURCH & DWIGHT CO INC /DE/,8-K,Richard A. Dierker,Executive Vice President and Chief Financial Officer,high,Chief Financial Officer
BRISTOL MYERS SQUIBB CO,8-K,Kimberly M. Jablonski,Corporate Secretary,high,Corporate Secretary
"Spectral AI, Inc.",8-K,Wensheng Fan,Chief Executive Officer,high,Chief Executive Officer
"W.W. GRAINGER, INC.",8-K,Deidra C. Merriwether,Senior Vice President and Chief Financial Officer,high,Chief Financial Officer
HIRU Corp,8-K,Gerald Mounger,Chief Executive Officer,high,Chief Executive Officer
"SpringWorks Therapeutics, Inc.",8-K,Saqib Islam,Chief Executive Officer,high,Chief Executive Officer
Waitr Holdings Inc.,8-K,Thomas C. Pritchard,General Counsel,high,General Counsel
"Notable Labs, Ltd.",8-K,Thomas A. Bock,Chief Executive Officer,high,Chief Executive Officer
CervoMed Inc.,8-K,William Elder,General Counsel EXECUTIVE By,high,General Counsel Executive By
Entera Bio Ltd.,8-K,Miranda Toledano,Chief Executive Officer,high,Chief Executive Officer
RADIAN GROUP INC,8-K,Preston James,Senior Vice President Federal ID,high,Vice President
RADIAN GROUP INC,8-K,Jason Lenzini,"Senior Vice President, Chief Investment Officer and Treasurer Federal ID",high,Vice President
RADIAN GROUP INC,8-K,Tara Greene,Vice President Addresses for Notices,high,Vice President
Finance of America Companies Inc.,8-K,Matthew A. Engel,Chief Financial Officer,high,Chief Financial Officer
"cbdMD, Inc.",8-K,T. Ronan Kennedy,Chief Financial Officer,high,Chief Financial Officer
"RADIUS RECYCLING, INC.",8-K,James Matthew Vaughn,"Senior Vice President, General Counsel, Chief Compliance Officer and Secretary",high,Vice President
Ares Management Corp,8-K,Jarrod Phillips,Chief Financial Officer,high,Chief Financial Officer
PBF Energy Inc.,8-K,Trecia Canty,"Senior Vice President, General Counsel",high,Vice President
Borealis Foods Inc.,8-K,Kanat Mynzhanov,Chief Executive Officer Date,high,Chief Executive Officer
HARTE HANKS INC,8-K,Robert Wyman,Secretary and General Counsel,high,Secretary And General Counsel
"HeartBeam, Inc.",8-K,Branislav Vajdic,Chief Executive Officer,high,Chief Executive Officer
LUXURBAN HOTELS INC.,8-K,Brian Ferdinand,Chairman and Co,high,Chair
"WESTWATER RESOURCES, INC.",8-K,Steven M. Cates,Senior Vice President,high,Vice President
Elanco Animal Health Inc,8-K,Todd Young,Executive Vice President and Chief Financial Officer,high,Chief Financial Officer
Elanco Animal Health Inc,8-K,Michel Deinum,Director,high,Director
"AFFILIATED MANAGERS GROUP, INC.",8-K,Kavita Padiyar,"Managing Director, Chief Corporate Counsel, and Corporate Secretary",high,Managing Director
Sphere Entertainment Co.,8-K,David F. Byrnes,"Executive Vice President, Chief Financial Officer and Treasurer Dated",high,Chief Financial Officer
LivaNova PLC,8-K,Michael Hutchinson,"SVP, Company Secretary & Chief Legal Officer",high,Svp Company Secretary & Chief Legal Officer
"Frontier Communications Parent, Inc.",8-K,Mark D. Nielsen,"Executive Vice President, Chief Legal & Regulatory Officer",high,Vice President
"Verb Technology Company, Inc.",8-K,Rory J. Cutaia,President and Chief Executive Officer,high,Chief Executive Officer
Wheels Up Experience Inc.,8-K,George Mattson,Chief Executive Officer,high,Chief Executive Officer
Slam Corp.,8-K,Himanshu Gulati,Chairman,high,Chair
Slam Corp.,8-K,Alexander Rodriguez,Chief Executive Officer SPONSOR,high,Chief Executive Officer
Slam Corp.,8-K,Charles Miller,Chief Executive Officer TOPCO,high,Chief Executive Officer
Allegiant Travel CO,8-K,Robert J. Neal,Senior Vice President and Chief Financial Officer EXHIBIT INDEX Exhibit No,high,Chief Financial Officer
"Forward Industries, Inc.",8-K,Kathleen Weisberg,Chief Financial Officer,high,Chief Financial Officer
Symbotic Inc.,8-K,Carol Hibbard,Chief Financial Officer and Treasurer,high,Chief Financial Officer
VARONIS SYSTEMS INC,8-K,Guy Melamed,Chief Financial Officer and Chief Operating Officer,high,Chief Operating Officer
"SHINECO, INC.",8-K,Jennifer Zhan,Chief Executive Officer,high,Chief Executive Officer
Trinity Place Holdings Inc.,8-K,Matthew Messinger,President and Chief Executive Officer,high,Chief Executive Officer
"Shuttle Pharmaceuticals Holdings, Inc.",8-K,Anatoly Dritschilo,Chief Executive Officer,high,Chief Executive Officer
Better Home & Finance Holding Co,8-K,Kevin Ryan,Chief Financial Officer and President,high,Chief Financial Officer
Madison Square Garden Entertainment Corp.,8-K,Mark Cresitello,Secretary,high,Secretary
Vanda Pharmaceuticals Inc.,8-K,Timothy Williams,"Senior Vice President, General Counsel and Secretary",high,Vice President
Trio Petroleum Corp.,8-K,Michael L. Peterson,Chief Executive Officer,high,Chief Executive Officer
"BELLRING BRANDS, INC.",8-K,Paul A. Rode,Chief Financial Officer,high,Chief Financial Officer
"XTI Aerospace, Inc.",8-K,Nadir Ali,Chief Executive Officer XTI AIRCRAFT COMPANY By,high,Chief Executive Officer
CABOT CORP,8-K,Lisa M. Dumont,Vice President and Controller Date,high,Vice President
Solidion Technology Inc.,8-K,Jaymes Winters,Chief Executive Officer,high,Chief Executive Officer
GLADSTONE INVESTMENT CORPORATION\DE,8-K,David Gladstone,Chief Executive Officer GLADSTONE MANAGEMENT CORPORATION By,high,Chief Executive Officer
GLADSTONE INVESTMENT CORPORATION\DE,8-K,Richard Andersen,Senior Vice President Signature page to Amendment No,high,Vice President
GLADSTONE INVESTMENT CORPORATION\DE,8-K,Pawan Churiwal,Director Signature page to Amendment No,high,Director
GLADSTONE INVESTMENT CORPORATION\DE,8-K,Amir Oveissi,"Vice President, Relationship Manager Signature page to Amendment No",high,Vice President
WILLIS TOWERS WATSON PLC,8-K,Andrew Krasner,Chief Financial Officer,high,Chief Financial Officer
"CERO THERAPEUTICS HOLDINGS, INC.",8-K,Chris Ehrlich,Chief Executive Officer,high,Chief Executive Officer
PJT Partners Inc.,8-K,Helen T. Meates,Chief Financial Officer Date,high,Chief Financial Officer
Hamilton Lane INC,8-K,Lydia A. Gavalis,General Counsel and Secretary,high,General Counsel And Secretary
WATERS CORP /DE/,8-K,Amol Chaubal,Senior Vice President and Chief Financial Officer,high,Chief Financial Officer
Tradeweb Markets Inc.,8-K,Douglas Friedman,General Counsel,high,General Counsel
LEAR CORP,8-K,Jason M. Cardew,Senior Vice President and Chief Financial Officer,high,Chief Financial Officer
ELI LILLY & Co,8-K,Donald A. Zakrowski,"Senior Vice President, Finance, and Chief Accounting Officer Date",high,Vice President
Cerence Inc.,8-K,Thomas L. Beaudoin,Executive Vice President and Chief Financial Officer,high,Chief Financial Officer
Magnolia Oil & Gas Corp,8-K,Timothy D. Yang,"Executive Vice President, General Counsel, Corporate Secretary & Land",high,Vice President
Madison Square Garden Sports Corp.,8-K,Victoria M. Mink,"Executive Vice President, Chief Financial Officer and Treasurer Dated",high,Chief Financial Officer
"VERACYTE, INC.",8-K,Rebecca Chambers,Chief Financial Officer Principal Financial Officer,high,Chief Financial Officer
"Wheeler Real Estate Investment Trust, Inc.",8-K,M. Andrew Franklin,Chief Executive Officer and President Dated,high,Chief Executive Officer
"Velocity Financial, Inc.",8-K,Roland T. Kelly,"General Counsel VELOCITY FINANCIAL, INC",high,General Counsel Velocity Financial Inc
PHIBRO ANIMAL HEALTH CORP,8-K,Judith Weinstein,"Senior Vice President, General Counsel and Corporate Secretary",high,Vice President
"Ayala Pharmaceuticals, Inc.",8-K,Kenneth A. Berlin,President and Chief Executive Officer,high,Chief Executive Officer
"Jasper Therapeutics, Inc.",8-K,Ronald Martell,President and Chief Executive Officer Accepted as of the date first above written,high,Chief Executive Officer
"Jasper Therapeutics, Inc.",8-K,Herb Cross,Chief Financial Officer,high,Chief Financial Officer
"Jasper Therapeutics, Inc.",8-K,Bill Folis,Managing Director By,high,Managing Director
"Jasper Therapeutics, Inc.",8-K,Gloria Tang,Managing Director,high,Managing Director
"CLEANSPARK, INC.",8-K,Zachary Bradford,Chief Executive Officer,high,Chief Executive Officer
Greenidge Generation Holdings Inc.,8-K,Christian Mulvihill,Chief Financial Officer,high,Chief Financial Officer
MUELLER INDUSTRIES INC,8-K,Anthony J. Steinriede,Vice President,high,Vice President
International Media Acquisition Corp.,8-K,Shibasish Sarkar,Chief Executive Officer,high,Chief Executive Officer
"SONIDA SENIOR LIVING, INC.",8-K,Kevin J. Detz,Executive Vice President and Chief Financial Officer,high,Chief Financial Officer
"SONIDA SENIOR LIVING, INC.",8-K,Brandon M. Ribar,Chief Executive Officer and President,high,Chief Executive Officer
Kinetik Holdings Inc.,8-K,Todd Carpenter,"General Counsel, Assistant Secretary and Chief Compliance Officer",high,General Counsel Assistant Secretary And Chief Compliance Officer
"AVIAT NETWORKS, INC.",8-K,David M. Gray,Senior Vice President and Chief Financial Officer,high,Chief Financial Officer
Safe & Green Development Corp,8-K,David Villarreal,Chief Executive Officer,high,Chief Executive Officer
Fortune Rise Acquisition Corp,8-K,Ryan Spick,Principal Executive Officer,high,Principal Executive Officer
InnovAge Holding Corp.,8-K,Benjamin C. Adams,Chief Financial Officer,high,Chief Financial Officer
"Intapp, Inc.",8-K,Steven Todd,General Counsel,high,General Counsel
Vestis Corp,8-K,Rick Dillon,Executive Vice President and Chief Financial Officer,high,Chief Financial Officer
EVOLUTION PETROLEUM CORP,8-K,Ryan Stash,Senior Vice President and Chief Financial Officer,high,Chief Financial Officer
"Enact Holdings, Inc.",8-K,Hardin Dean Mitchell,"Executive Vice President, Chief Financial Officer and Treasurer Dated",high,Chief Financial Officer
"Airship AI Holdings, Inc.",8-K,Victor Huang,Chief Executive Officer,high,Chief Executive Officer
AMGEN INC,8-K,Peter H. Griffith,Executive Vice President and Chief Financial Officer,high,Chief Financial Officer
Keurig Dr Pepper Inc.,8-K,Anthony Shoemaker,"Chief Legal Officer, General Counsel and Secretary",high,Chief Legal Officer General Counsel And Secretary
"Yum China Holdings, Inc.",8-K,Pingping Liu,Chief Legal Officer Date,high,Chief Legal Officer Date
Veralto Corp,8-K,James A. Tanaka,"Vice President, Securities & Governance and Secretary",high,Vice President
Beneficient,8-K,James G. Silk,Executive Vice President and Chief Legal Officer Dated,high,Vice President
"Barnes & Noble Education, Inc.",8-K,Michael C. Miller,"Chief Legal Officer and Executive Vice President, Corporate Development & Affairs",high,Vice President
"Tilray Brands, Inc.",8-K,Mitchell Gendel,Global General Counsel,high,Global General Counsel
Ares Commercial Real Estate Corp,8-K,Brandon Feitelson,Senior Vice President Exhibit AConformed Credit Agreement,high,Vice President
"BigBear.ai Holdings, Inc.",8-K,Sean Ricker,Chief Accounting Officer,high,Chief Accounting Officer
NABORS INDUSTRIES LTD,8-K,Mark D. Andrews,Corporate Secretary,high,Corporate Secretary
Legato Merger Corp. III,8-K,Gregory Monahan,"Chief Executive Officer EQUINITI TRUST COMPANY, LLC By",high,Chief Executive Officer
Legato Merger Corp. III,8-K,Paul Wood,Managing Director,high,Managing Director
Legato Merger Corp. III,8-K,Michael Legregin,"Senior Vice President, Corporate Actions Relationship Management & Operations LEGATO MERGER CORP",high,Vice President
"Aeries Technology, Inc.",8-K,Rajeev Nair,Chief Financial Officer,high,Chief Financial Officer
"Apollo Commercial Real Estate Finance, Inc.",8-K,Stuart A. Rothstein,President and Chief Executive Officer Date,high,Chief Executive Officer
FARADAY FUTURE INTELLIGENT ELECTRIC INC.,8-K,Jonathan Maroko,Interim Chief Financial Officer,high,Chief Financial Officer
FARADAY FUTURE INTELLIGENT ELECTRIC INC.,8-K,Matthias Aydt,Global Chief Executive Officer,high,Chief Executive Officer
"Tango Therapeutics, Inc.",8-K,Douglas Barry,General Counsel,high,General Counsel
APx Acquisition Corp. I,8-K,Kyle Bransfield,Chief Executive Officer,high,Chief Executive Officer
HAIN CELESTIAL GROUP INC,8-K,Lee A. Boyce,Executive Vice President and Chief Financial Officer,high,Chief Financial Officer
Criteo S.A.,8-K,Sarah Glickman,Chief Financial Officer,high,Chief Financial Officer
VISHAY INTERTECHNOLOGY INC,8-K,Lori Lipcaman,Executive Vice President and Chief Financial Officer,high,Chief Financial Officer
"SelectQuote, Inc.",8-K,Ryan Clement,Chief Financial Officer,high,Chief Financial Officer
"Getty Images Holdings, Inc.",8-K,Kjelti Kellough,"Senior Vice President, General Counsel, and Corporate Secretary",high,Vice President
Global Crossing Airlines Group Inc.,8-K,Ryan Goepel,President,high,President
"Reservoir Media, Inc.",8-K,Golnar Khosrowshahi,Chief Executive Officer,high,Chief Executive Officer
"ORGANOVO HOLDINGS, INC.",8-K,Keith Murphy,Executive Chairman,high,Chair
Fox Corp,8-K,Adam G. Ciongoli,Chief Legal and Policy Officer February,high,Chief Legal And Policy Officer February
iPower Inc.,8-K,Kevin Vassily,Chief Financial Officer,high,Chief Financial Officer
Chilean Cobalt Corp.,8-K,Duncan T. Blount,Chief Executive Officer,high,Chief Executive Officer
"MachTen, Inc.",8-K,Daniel M. Miller,Chairman and Chief Executive Officer,high,Chief Executive Officer
STEELCASE INC,8-K,Rajesh K. Mehan,"Vice President, Finance & Treasurer Signature Page to Fourth Amended and Restated Credit Agreement Steelcase Inc",high,Vice President
STEELCASE INC,8-K,Christopher Salek,Executive Director Signature Page to Fourth Amended and Restated Credit Agreement Steelcase Inc,high,Executive Director
STEELCASE INC,8-K,Jillian Clemmons,Senior Vice President Signature Page to Fourth Amended and Restated Credit Agreement Steelcase Inc,high,Vice President
STEELCASE INC,8-K,Mylissa Merten,Vice President Signature Page to Fourth Amended and Restated Credit Agreement Steelcase Inc,high,Vice President
STEELCASE INC,8-K,Will Hicks,Vice President Signature Page to Fourth Amended and Restated Credit Agreement Steelcase Inc,high,Vice President
STEELCASE INC,8-K,Kelsey Hehman,Vice President Signature Page to Fourth Amended and Restated Credit Agreement Steelcase Inc,high,Vice President
STEELCASE INC,8-K,Brandon Derusha,Director Signature Page to Fourth Amended and Restated Credit Agreement Steelcase Inc,high,Director
STEELCASE INC,8-K,Todd Kennedy,Managing Director Signature Page to Fourth Amended and Restated Credit Agreement Steelcase Inc,high,Managing Director
"VACCINEX, INC.",8-K,Maurice Zauderer,"President and Chief Executive Officer IN WITNESS WHEREOF, the parties have executed and delivered this Registration Rights Agreement as of the date first written above",high,Chief Executive Officer
Crypto Co,8-K,Ron Levy,"Chief Executive Officer, Chief Operating Officer and Secretary",high,Chief Executive Officer
MATTEL INC /DE/,8-K,Jonathan Anschell,"Executive Vice President, Chief Legal Officer, and Secretary Dated",high,Vice President
FORMFACTOR INC,8-K,Shai Shahar,Chief Financial Officer,high,Chief Financial Officer
"INTENSITY THERAPEUTICS, INC.",8-K,Lewis H. Bender,Chief Executive Officer,high,Chief Executive Officer
ANNALY CAPITAL MANAGEMENT INC,8-K,Anthony C. Green,Chief Corporate Officer & Chief Legal Officer Dated,high,Chief Corporate Officer & Chief Legal Officer Dated
Regional Management Corp.,8-K,Harpreet Rana,Executive Vice President and Chief Financial Officer,high,Chief Financial Officer
Regional Management Corp.,8-K,Merle Becker,"Director LENDERS WELLS FARGO BANK, NATIONAL ASSOCIATION, as a Lender By",high,Director
Regional Management Corp.,8-K,Daniel A. Ryan,"Director FIRST HORIZON BANK, f",high,Director
Regional Management Corp.,8-K,Thomas Drake,"Vice President TEXAS CAPITAL BANK, as a Lender By",high,Vice President
Goal Acquisitions Corp.,8-K,William T. Duffy,Chief Financial Officer and Chief Operating Officer,high,Chief Operating Officer
Goal Acquisitions Corp.,8-K,Harvey Schiller,Chief Executive Officer,high,Chief Executive Officer
"Nuburu, Inc.",8-K,Brian Knaley,Chief Executive Officer,high,Chief Executive Officer
HORACE MANN EDUCATORS CORP /DE/,8-K,Kimberly A. Johnson,Senior Vice President & Controller,high,Vice President
STREAMLINE HEALTH SOLUTIONS INC.,8-K,Blake Reid,Senior Director,high,Director
RMR GROUP INC.,8-K,Matthew P. Jordan,"Executive Vice President, Chief Financial Officer and Treasurer Date",high,Chief Financial Officer
"BM Technologies, Inc.",8-K,Luvleen Sidhu,Chief Executive Officer,high,Chief Executive Officer
"ESPORTS ENTERTAINMENT GROUP, INC.",8-K,Alex Igelman,Chief Executive Officer,high,Chief Executive Officer
Serve Robotics Inc. /DE/,8-K,Jake Dadd,"Senior Director, Engineering",high,Director
Serve Robotics Inc. /DE/,8-K,Matteo Del Sorbo,Executive Vice President By,high,Vice President
Magnera Corp,8-K,Jill L. Urey,"Vice President, General Counsel & Compliance",high,Vice President
HAEMONETICS CORP,8-K,Christopher A. Simon,President and Chief Executive Officer,high,Chief Executive Officer
"Digital Locations, Inc.",8-K,Rich Berliner,Chief Executive Officer,high,Chief Executive Officer
"Dynatrace, Inc.",8-K,James Benson,"Senior Vice President, Chief Financial Officer & Treasurer",high,Chief Financial Officer
"ZIMMER BIOMET HOLDINGS, INC.",8-K,Chad F. Phipps,"Senior Vice President, General Counsel and Secretary",high,Vice President
ASBURY AUTOMOTIVE GROUP INC,8-K,Michael D. Welch,Senior Vice President and Chief Financial Officer,high,Chief Financial Officer
TransDigm Group INC,8-K,Sarah Wynne,Chief Financial Officer,high,Chief Financial Officer
BAXTER INTERNATIONAL INC,8-K,Joel T. Grade,Executive Vice President and Chief Financial Officer,high,Chief Financial Officer
OPGEN INC,8-K,Oliver Schacht,Chief Executive Officer,high,Chief Executive Officer
Gates Industrial Corp plc,8-K,L. Brooks Mallard,Chief Financial Officer Date,high,Chief Financial Officer
Sabre Corp,8-K,Ann Bruder,Executive Vice President and Chief Legal Officer,high,Vice President
ANI PHARMACEUTICALS INC,8-K,Stephen P. Carey,Senior Vice President Finance and Chief Financial Officer,high,Chief Financial Officer
"National Vision Holdings, Inc.",8-K,Jared Brandman,"Senior Vice President, General Counsel and Secretary",high,Vice President
Lumentum Holdings Inc.,8-K,Wajid Ali,Chief Financial Officer February,high,Chief Financial Officer
"Tenaya Therapeutics, Inc.",8-K,Bill Follis,Managing Director,high,Managing Director
"INTERPUBLIC GROUP OF COMPANIES, INC.",8-K,Andrew Bonzani,Executive Vice President and General Counsel,high,Vice President
Ezagoo Ltd,8-K,Tan Xiaohao,Chief Executive Officer,high,Chief Executive Officer
RBC Bearings INC,8-K,John J. Feeney,"Vice President, General Counsel & Secretary",high,Vice President
"Collective Audience, Inc.",8-K,Peter Bordes,Chief Executive Officer,high,Chief Executive Officer
"Expedia Group, Inc.",8-K,Robert Dzielak,Chief Legal OfficerDated,high,Chief Legal Officerdated
POWER INTEGRATIONS INC,8-K,Sandeep Nayyar,Chief Financial Officer Dated,high,Chief Financial Officer
PETMED EXPRESS INC,8-K,Christine Chambers,"Chief Financial Officer, Treasurer and Secretary",high,Chief Financial Officer
"CHINA PHARMA HOLDINGS, INC.",8-K,Zhilin Li,President and Chief Executive Officer,high,Chief Executive Officer
"Affirm Holdings, Inc.",8-K,Michael Linford,Chief Financial Officer Date,high,Chief Financial Officer
"Spire Global, Inc.",8-K,Peter Platzer,Chief Executive Officer,high,Chief Executive Officer
"i3 Verticals, Inc.",8-K,Clay Whitson,Chief Financial Officer,high,Chief Financial Officer
"Banzai International, Inc.",8-K,Joseph Davy,Chief Executive Officer ACKNOWLEDGED AND AGREED by the PAYEE as of the date first above written,high,Chief Executive Officer
Genpact LTD,8-K,Heather D. White,"Senior Vice President, Chief Legal Officer and Secretary",high,Vice President
"CISCO SYSTEMS, INC.",8-K,Evan Sloves,Secretary,high,Secretary
"CISCO SYSTEMS, INC.",8-K,Greg Bromberger,"Vice President, Finance and Assistant Treasurer CISCO SYSTEMS, INC",high,Vice President
"CISCO SYSTEMS, INC.",8-K,Liliana Claar,"Vice President CISCO SYSTEMS, INC",high,Vice President
"CISCO SYSTEMS, INC.",8-K,Herman Chang,"Vice President CISCO SYSTEMS, INC",high,Vice President
"CISCO SYSTEMS, INC.",8-K,Daniel Boselli,"Vice President CISCO SYSTEMS, INC",high,Vice President
"CISCO SYSTEMS, INC.",8-K,Abhishek Joshi,"Vice President CISCO SYSTEMS, INC",high,Vice President
"CISCO SYSTEMS, INC.",8-K,Michelle Frederick,"Vice President CISCO SYSTEMS, INC",high,Vice President
"CISCO SYSTEMS, INC.",8-K,Theodore Olsen,Managing Director By,high,Managing Director
"CISCO SYSTEMS, INC.",8-K,Alfonso Brigham,"Director CISCO SYSTEMS, INC",high,Director
"CISCO SYSTEMS, INC.",8-K,Lillian Kim,"Director CISCO SYSTEMS, INC",high,Director
"CBIZ, Inc.",8-K,Jaileah X. Huddleston,Chief Legal Officer & Corporate Secretary,high,Chief Legal Officer & Corporate Secretary
"ILLUMINA, INC.",8-K,Joydeep Goswami,"Chief Financial Officer, Chief Strategy and Corporate Development Officer Table of Contents Exhibit Index Exhibit Number Description",high,Chief Financial Officer
"Motorola Solutions, Inc.",8-K,Katherine Maher,Corporate Vice President and Chief Accounting Officer,high,Vice President
Zymeworks Inc.,8-K,Kenneth Galbraith,Chair and Chief Executive Officer,high,Chief Executive Officer
Zalatoris II Acquisition Corp,8-K,Paul Davis,Chief Executive Officer,high,Chief Executive Officer
"Victory Capital Holdings, Inc.",8-K,Michael D. Policarpo,"President, Chief Financial Officer and Chief Administrative Officer",high,Chief Financial Officer
INTERNATIONAL ISOTOPES INC,8-K,Eric K. Rockett,President SCHEDULE A Seller,high,President
"Mineralys Therapeutics, Inc.",8-K,Adam Levy,Chief Financial Officer and Secretary,high,Chief Financial Officer
Predictive Oncology Inc.,8-K,Josh Blacher,Chief Financial Officer,high,Chief Financial Officer
Bitcoin Depot Inc.,8-K,Brandon Mintz,President and Chief Executive Officer,high,Chief Executive Officer
"Digerati Technologies, Inc.",8-K,Seth Block,"Executive Vice President AEGIS VENTURE FUND, LLC",high,Vice President
"Digerati Technologies, Inc.",8-K,Michael Fussell,President AGENT,high,President
"Digerati Technologies, Inc.",8-K,Antonio Estrada,Chief Financial Officer LOAN AND SECURITY AGREEMENT,high,Chief Financial Officer
"Digerati Technologies, Inc.",8-K,Jerry Ou,President Jerry Ou,high,President
"Digerati Technologies, Inc.",8-K,Patrick Hassani,Chief Investment Officer,high,Chief Investment Officer
SENSIENT TECHNOLOGIES CORP,8-K,John J. Manning,"Senior Vice President, General Counsel, and Secretary Date",high,Vice President
Global Gas Corp,8-K,Shachi Shah,Chief Financial Officer,high,Chief Financial Officer
Ubiquiti Inc.,8-K,Robert J. Pera,Chief Executive Officer EXHIBIT INDEX Exhibit Number Description,high,Chief Executive Officer
"INSPIRE VETERINARY PARTNERS, INC.",8-K,Kimball Carr,Chief Executive Officer Address for notice,high,Chief Executive Officer
"INSPIRE VETERINARY PARTNERS, INC.",8-K,Kim Monchik,Chief Administrative Officer Address for notice,high,Chief Administrative Officer Address For Notice
"Humacyte, Inc.",8-K,Dale A. Sander,"Chief Financial Officer, Chief Corporate Development Officer and Treasurer",high,Chief Financial Officer
PLAINS ALL AMERICAN PIPELINE LP,8-K,Sharon Spurlin,Senior Vice President and Treasurer,high,Vice President
PLAINS GP HOLDINGS LP,8-K,Al Swanson,Executive Vice President and Chief Financial Officer,high,Chief Financial Officer
FEDERAL AGRICULTURAL MORTGAGE CORP,8-K,Stephen P. Mullery,Executive Vice President,high,Vice President
"N2OFF, Inc.",8-K,David Palach,Chief Executive Officer,high,Chief Executive Officer
Owens Corning,8-K,Todd Fister,Executive Vice President and Chief Financial Officer MT ACQUISITION CO ULC By,high,Chief Financial Officer
Owens Corning,8-K,Howard C. Heckes,President and Chief Executive Officer Signature Page to Arrangement Agreement Schedule,high,Chief Executive Officer
Graphene & Solar Technologies Ltd,8-K,Jason May,Chief Executive Officer and Director,high,Chief Executive Officer
"Presidio Property Trust, Inc.",8-K,Ed Bentzen,Chief Financial Officer Dated,high,Chief Financial Officer
AMTECH SYSTEMS INC,8-K,Lisa D. Gibbs,Vice President and Chief Financial Officer,high,Chief Financial Officer
HF Foods Group Inc.,8-K,Carlos Rodriguez,"Chief Financial OfficerB&R GLOBAL HOLDINGS, INC",high,Chief Financial Officer
HF Foods Group Inc.,8-K,Jason Ward,"Vice PresidentCOMERICA BANK, as a LenderBy",high,Vice President
OneMedNet Corp,8-K,Paul J. Casey,Chief Executive Officer,high,Chief Executive Officer
Broadcom Inc.,8-K,Kirsten M. Spears,Chief Financial Officer and Chief Accounting Officer,high,Chief Financial Officer
"Edesa Biotech, Inc.",8-K,Stephen Lemieux,Chief Financial Officer,high,Chief Financial Officer
"SUTRO BIOPHARMA, INC.",8-K,Edward C. Albini,"Chief Financial Officer The foregoing Agreement is hereby confirmed and accepted by the Agent in New York, New York as of the date first above written",high,Chief Financial Officer
byNordic Acquisition Corp,8-K,Thomas Fairfield,Chief Financial Officer,high,Chief Financial Officer
"4D Molecular Therapeutics, Inc.",8-K,Uneek Mehra,Chief Financial & Business Officer,high,Chief Financial & Business Officer
"4D Molecular Therapeutics, Inc.",8-K,Lyla Bibi Maduri,"Managing Director BofA Securities, Inc",high,Managing Director
"4D Molecular Therapeutics, Inc.",8-K,John Bishai,Managing Director Jefferies LLC By,high,Managing Director
"Clearday, Inc.",8-K,James Walesa,Chief Executive Officer Dated,high,Chief Executive Officer
ProFrac Holding Corp.,8-K,Steven Scrogham,"Chief Legal Officer, Chief Compliance Officer and Corporate Secretary Date",high,Chief Legal Officer Chief Compliance Officer And Corporate Secretary Date
Hyatt Hotels Corp,8-K,Margaret C. Egan,"Executive Vice President, General Counsel and Secretary",high,Vice President
Papaya Growth Opportunity Corp. I,8-K,Clay Whitehead,Chief Executive Officer,high,Chief Executive Officer
Golden Star Acquisition Corp,8-K,Linjun Guo,Chief Executive Officer,high,Chief Executive Officer
Landsea Homes Corp,8-K,Kelly Rentzel,General Counsel,high,General Counsel
"Investview, Inc.",8-K,Victor Oviedo,Chief Executive Officer,high,Chief Executive Officer
Garrett Motion Inc.,8-K,Sean Deason,Senior Vice President and Chief Financial Officer,high,Chief Financial Officer
POTBELLY CORP,8-K,Steven Cirulis,"Senior Vice President, Chief Financial Officer, and Chief Strategy Officer",high,Chief Financial Officer
"Diamondback Energy, Inc.",8-K,Travis D. Stice,"Chief Executive Officer ECLIPSE MERGER SUB I, LLC By",high,Chief Executive Officer
"Diamondback Energy, Inc.",8-K,Autry C. Stephens,"Chairman of the Board and Sole Member ENDEAVOR MANAGER, LLC By",high,Chair
ACTELIS NETWORKS INC,8-K,Yoav Efron,Chief Financial Officer,high,Chief Financial Officer
TRIO-TECH INTERNATIONAL,8-K,Srinivasan Anitha,Chief Financial Officer EXIBIT INDEX Exhibit Number Description,high,Chief Financial Officer
TRANSUITE.ORG INC.,8-K,Michal Wisniewski,Chief Financial Officer,high,Chief Financial Officer
Better Choice Co Inc.,8-K,Carolina Martinez,Chief Financial Officer February,high,Chief Financial Officer
ZoomInfo Technologies Inc.,8-K,P. Cameron Hyzer,Chief Financial Officer,high,Chief Financial Officer
"TrueBlue, Inc.",8-K,Carl Schweihs,Chief Financial OfficerGUARANTORS,high,Chief Financial Officer
"TrueBlue, Inc.",8-K,Rich Christensen,Vice President & Chief Financial OfficerCLP HOLDINGS CORP,high,Chief Financial Officer
"TrueBlue, Inc.",8-K,Timothy G. Holsapple,"Senior Vice PresidentPNC BANK, NATIONAL ASSOCIATION as a LenderBy",high,Vice President
"TrueBlue, Inc.",8-K,Mark Gibbs,"Managing DirectorWELLS FARGO BANK, NATIONAL ASSOCIATION as a LenderBy",high,Managing Directorwells Fargo Bank National Association As A Lenderby
"TrueBlue, Inc.",8-K,David Raczka,"Senior Vice PresidentCREDIT AGREEMENT TRUEBLUE, INC",high,Vice President
ECA Marcellus Trust I,8-K,Sarah Newell,Vice President Date,high,Vice President
Science Applications International Corp,8-K,Brian Reed,Vice President SIGNATURE PAGE TO SIXTH AMENDMENT,high,Vice President
Equity Commonwealth,8-K,William H. Griffiths,"Executive Vice President, Chief Financial Officer and Treasurer Date",high,Chief Financial Officer
"Brighthouse Financial, Inc.",8-K,Kristine H. Toscano,Chief Accounting Officer Date,high,Chief Accounting Officer Date
"MultiSensor AI Holdings, Inc.",8-K,Peter Baird,Chief Financial Officer,high,Chief Financial Officer
Atlas Lithium Corp,8-K,Marc Fogassa,Chief Executive Officer,high,Chief Executive Officer
Athena Technology Acquisition Corp. II,8-K,Isabelle Freidheim,Chief Executive Officer and Chairperson of the Board of Directors,high,Chief Executive Officer
VORNADO REALTY TRUST,8-K,Deirdre Maddock,Chief Accounting Officer,high,Chief Accounting Officer
"Allovir, Inc.",8-K,Edward Miller,General Counsel,high,General Counsel
BARNWELL INDUSTRIES INC,8-K,Alexander C. Kinzler,Chief Executive Officer and President Exhibit Index Exhibit No,high,Chief Executive Officer
"Cadrenal Therapeutics, Inc.",8-K,Quang Pham,Chairman and Chief Executive Officer,high,Chief Executive Officer
"SOUNDTHINKING, INC.",8-K,Monica Fleming,Senior Vice President Guarantor Reaffirmation Statement Each of the undersigned has previously executed a Payment Guaranty dated as of December,high,Vice President
"FORMATION MINERALS, INC.",8-K,James Hiza,Chief Executive Officer,high,Chief Executive Officer
TransUnion,8-K,Todd M. Cello,"Executive Vice President, Chief Financial Officer",high,Chief Financial Officer
HERC HOLDINGS INC,8-K,Mark Humphrey,Senior Vice President and Chief Financial Officer Date,high,Chief Financial Officer
SITE Centers Corp.,8-K,Christa A. Vesy,Executive Vice President and Chief Accounting Officer,high,Vice President
"HASBRO, INC.",8-K,Gina Goetter,Executive Vice President and Chief Financial Officer Date,high,Chief Financial Officer
Howmet Aerospace Inc.,8-K,Lola F. Lin,"Executive Vice President, Chief Legal and Compliance Officer and Secretary",high,Vice President
"MARKETWISE, INC.",8-K,Erik Mickels,Chief Financial Officer,high,Chief Financial Officer
"Verde Clean Fuels, Inc.",8-K,Ernest Miller,Chief Executive Officer and Interim Chief Financial Officer,high,Chief Executive Officer
"Krispy Kreme, Inc.",8-K,Jeremiah Ashukian,Chief Financial Officer,high,Chief Financial Officer
TPG Inc.,8-K,Jack Weingart,Chief Financial Officer Date,high,Chief Financial Officer
GCM Grosvenor Inc.,8-K,Michael J. Sacks,Chief Executive Officer,high,Chief Executive Officer
Bellevue Life Sciences Acquisition Corp.,8-K,Kuk Hyoun Hwang,Chief Executive Officer Email,high,Chief Executive Officer
Kisses From Italy Inc.,8-K,Claudio Ferri,Chief Executive Officer SC CULLINARY LLC By,high,Chief Executive Officer
"ZILLOW GROUP, INC.",8-K,Jennifer Rock,Chief Accounting Officer,high,Chief Accounting Officer
"Metagenomi, Inc.",8-K,Brian C. Thomas,Chief Executive Officer,high,Chief Executive Officer
Healthcare Realty Trust Inc,8-K,J. Christopher Douglas,Executive Vice President,high,Vice President
InvenTrust Properties Corp.,8-K,Christy L. David,"Executive Vice President, Chief Operating Officer, General Counsel & Secretary",high,Chief Operating Officer
Invitation Homes Inc.,8-K,Mark A. Solls,"Executive Vice President, Secretary and Chief Legal Officer Date",high,Vice President
IAC Inc.,8-K,Kendall Handler,Executive Vice President & Chief Legal Officer Date,high,Vice President
"GXO Logistics, Inc.",8-K,Baris Oran,Chief Financial Officer,high,Chief Financial Officer
"Mirion Technologies, Inc.",8-K,Brian Schopfer,Chief Financial Officer,high,Chief Financial Officer
Angi Inc.,8-K,Shannon Shaw,Chief Legal Officer Date,high,Chief Legal Officer Date
Allison Transmission Holdings Inc,8-K,Eric C. Scroggins,"Vice President, General Counsel and Secretary",high,Vice President
"Telomir Pharmaceuticals, Inc.",8-K,Tyler Bashaw,Director SCHEDULE,high,Director
AerSale Corp,8-K,James Fry,"Executive Vice President, General Counsel & Corporate Secretary",high,Vice President
Perfect Moment Ltd.,8-K,Mark Buckley,"Chief Executive Officer Confirmed as of the date first written above mentioned, on behalf of itself and as Representative of the several Underwriters named on Schedule",high,Chief Executive Officer
TUCOWS INC /PA/,8-K,Davinder Singh,Chief Financial Officer,high,Chief Financial Officer
"nCino, Inc.",8-K,Gregory Orenstein,Chief Financial OfficerHOLDINGS,high,Chief Financial Officer
"nCino, Inc.",8-K,Thomas M. Paulk,"Senior Vice PresidentFirst AmendmentnCino Opco, Inc",high,Vice President
Atlas Energy Solutions Inc.,8-K,John Turner,President and Chief Financial Officer,high,Chief Financial Officer
"Expensify, Inc.",8-K,Ryan Schaffer,Chief Financial Officer Date,high,Chief Financial Officer
PRIMEENERGY RESOURCES CORP,8-K,Beverly A. Cummings,"Executive Vice President, Treasurer & Chief Financial Officer GUARANTORS",high,Chief Financial Officer
PRIMEENERGY RESOURCES CORP,8-K,Ryan Watson,Senior Vice President LENDERS,high,Vice President
PRIMEENERGY RESOURCES CORP,8-K,Blake Kirshman,Senior Vice President SECOND AMENDMENT,high,Vice President
AVIENT CORP,8-K,Jamie A. Beggs,Senior Vice President and Chief Financial Officer Dated,high,Chief Financial Officer
HEALTHCARE SERVICES GROUP INC,8-K,Andrew M. Brophy,"Vice President, Controller & Principal Accounting Officer",high,Vice President
"Benson Hill, Inc.",8-K,Walter Cronin,PresidentSELLER,high,Presidentseller
"Benson Hill, Inc.",8-K,Adrienne Elsner,Chief Executive Officer Date,high,Chief Executive Officer
"Avantor, Inc.",8-K,Steven Eck,Senior Vice President and Chief Accounting Officer,high,Vice President
Helix Acquisition Corp. II,8-K,Caleb Tripp,Chief Financial Officer,high,Chief Financial Officer
Helix Acquisition Corp. II,8-K,Bihua Chen,Chief Executive Officer The foregoing Underwriting Agreement is hereby confirmed and accepted as of the date first above written,high,Chief Executive Officer
Byrna Technologies Inc.,8-K,Bryan Ganz,Chief Executive Officer,high,Chief Executive Officer
IMMERSION CORP,8-K,Eric Singer,Chief Executive Officer,high,Chief Executive Officer
"Chefs' Warehouse, Inc.",8-K,Alexandros Aldous,"General Counsel, Corporate Secretary, Chief Government Relations Officer & Chief Administrative Officer Date",high,General Counsel Corporate Secretary Chief Government Relations Officer & Chief Administrative Officer Date
Blink Charging Co.,8-K,Michael P. Rama,Chief Financial Officer,high,Chief Financial Officer
"Vishay Precision Group, Inc.",8-K,William M. Clancy,Executive Vice President and Chief Financial Officer,high,Chief Financial Officer
"Cogent Biosciences, Inc.",8-K,Evan Kearns,Chief Legal Officer ANNEX A NOTICE OF CONVERSION,high,Chief Legal Officer Annex A Notice Of Conversion
"Cogent Biosciences, Inc.",8-K,Andrew Robbins,"Chief Executive Officer and President IN WITNESS WHEREOF, the parties hereto have caused this Securities Purchase Agreement to be duly executed by their respective authorized signatories as of the date first indicated above",high,Chief Executive Officer
"Cogent Biosciences, Inc.",8-K,James H. Mannix,"Chief Operating Officer IN WITNESS WHEREOF, the parties hereto have caused this Securities Purchase Agreement to be duly executed by their respective authorized signatories as of the date first indicated above",high,Chief Operating Officer
"Cogent Biosciences, Inc.",8-K,Dan Lehan,"Chief Operating Officer IN WITNESS WHEREOF, the parties hereto have caused this Securities Purchase Agreement to be duly executed by their respective authorized signatories as of the date first indicated above",high,Chief Operating Officer
CEVA INC,8-K,Yaniv Arieli,Chief Financial Officer,high,Chief Financial Officer
"Xponential Fitness, Inc.",8-K,John Meloun,Chief Financial Officer,high,Chief Financial Officer
FutureTech II Acquisition Corp.,8-K,Ray Chen,Chief Executive Officer,high,Chief Executive Officer
"INDEPENDENCE REALTY TRUST, INC.",8-K,James J. Sebra,Chief Financial Officer and Treasurer,high,Chief Financial Officer
ROLLINS INC,8-K,Kenneth D. Krause,"Executive Vice President, Chief Financial Officer and Treasurer",high,Chief Financial Officer
HUBSPOT INC,8-K,Kate Bueker,Chief Financial Officer,high,Chief Financial Officer
"Evolent Health, Inc.",8-K,Jonathan Weinberg,General Counsel and Secretary,high,General Counsel And Secretary
"Awaysis Capital, Inc.",8-K,Andrew Trumbach,President and CFO,high,Chief Financial Officer
"Aurora Innovation, Inc.",8-K,David Maday,Chief Financial Officer,high,Chief Financial Officer
RETAIL OPPORTUNITY INVESTMENTS CORP,8-K,Michael B. Haines,"Chief Financial Officer RETAIL OPPORTUNITY INVESTMENTS PARTNERSHIP, LP By",high,Chief Financial Officer
Future FinTech Group Inc.,8-K,Shanchun Huang,Chief Executive Officer and President,high,Chief Executive Officer
HERBALIFE LTD.,8-K,Henry C. Wang,"EVP, General Counsel and Corporate Secretary",high,Evp General Counsel And Corporate Secretary
Comstock Inc.,8-K,Sven Lochen,Chief Executive Officer,high,Chief Executive Officer
IEH Corp,8-K,Subrata Purkayastha,Chief Financial Officer Date,high,Chief Financial Officer
DOLLAR GENERAL CORP,8-K,Michael Vondriska,Vice President Signature Page to Dollar General Amendment No,high,Vice President
Sunnova Energy International Inc.,8-K,William B. Kuesel,Vice President,high,Vice President
Sunnova Energy International Inc.,8-K,Keith Kishiyama,Senior Vice President,high,Vice President
Sunnova Energy International Inc.,8-K,Efrain Soto,Director,high,Director
Sunnova Energy International Inc.,8-K,Takashi Fueno,"Managing Director SUMITOMO MITSUI BANKING CORPORATION, as a Committed Lender By",high,Managing Director
Sunnova Energy International Inc.,8-K,Elena Ghilardi,Director,high,Director
Sunnova Energy International Inc.,8-K,Helen Ellis,Managing Director,high,Managing Director
"International Money Express, Inc.",8-K,Andras Bende,Chief Financial Officer,high,Chief Financial Officer
"Ensysce Biosciences, Inc.",8-K,Lynn Kirkpatrick,Chief Executive Officer,high,Chief Executive Officer
"Red Cat Holdings, Inc.",8-K,Jeffrey Thompson,Chief Executive Officer,high,Chief Executive Officer
PATTERSON UTI ENERGY INC,8-K,C. Andrew Smith,Executive Vice President and Chief Financial Officer,high,Chief Financial Officer
"EPAM Systems, Inc.",8-K,Jason Peterson,"Senior Vice President, Chief Financial Officer and Treasurer",high,Chief Financial Officer
Swiftmerge Acquisition Corp.,8-K,Christopher Munyan,Chief Financial Officer,high,Chief Financial Officer
Swiftmerge Acquisition Corp.,8-K,J. Sam Bremner,"Chief Executive Officer IVCP MERGER SUB, INC",high,Chief Executive Officer
Swiftmerge Acquisition Corp.,8-K,Michael Matin,Chief Executive Officer SIGNATURE PAGE TO TERMINATION OF MERGER AGREEMENT,high,Chief Executive Officer
"Corebridge Financial, Inc.",8-K,Christine Nixon,Executive Vice President and General Counsel,high,Vice President
Aurinia Pharmaceuticals Inc.,8-K,Joseph Miller,Chief Financial Officer,high,Chief Financial Officer
COGNEX CORP,8-K,Paul Todgham,Senior Vice President and Chief Financial Officer,high,Chief Financial Officer
Iridium Communications Inc.,8-K,Thomas J. Fitzpatrick,Chief Financial Officer,high,Chief Financial Officer
IRONWOOD PHARMACEUTICALS INC,8-K,Sravan K. Emany,"Senior Vice President, Chief Financial Officer",high,Chief Financial Officer
"Applied Therapeutics, Inc.",8-K,Shoshana Shendelman,President and Chief Executive Officer,high,Chief Executive Officer
Organon & Co.,8-K,Matthew Walsh,Chief Financial Officer Dated,high,Chief Financial Officer
GENUINE PARTS CO,8-K,Bert Nappier,Executive Vice President and CFO,high,Chief Financial Officer
"Vivos Therapeutics, Inc.",8-K,Thomas J. Higgins,Managing Director Accepted and agreed to as of the date first written above,high,Managing Director
"Vivos Therapeutics, Inc.",8-K,Bradford K. Amman,Chief Financial Officer,high,Chief Financial Officer
NUSCALE POWER Corp,8-K,Ramsey Hamady,Chief Financial Officer,high,Chief Financial Officer
"TRUPANION, INC.",8-K,Fawwad Qureshi,Chief Financial Officer Date,high,Chief Financial Officer
"Travere Therapeutics, Inc.",8-K,Eric Dube,Chief Executive Officer,high,Chief Executive Officer
"Toast, Inc.",8-K,Elena Gomez,Chief Financial Officer,high,Chief Financial Officer
"GlassBridge Enterprises, Inc.",8-K,Daniel Strauss,Chief Executive Officer,high,Chief Executive Officer
"GlassBridge Enterprises, Inc.",8-K,Francis Ruchalski,Chief Financial Officer THE LENDER,high,Chief Financial Officer
PROTHENA CORP PUBLIC LTD CO,8-K,Tran B. Nguyen,Chief Financial Officer and Chief Strategy Officer,high,Chief Financial Officer
CORCEPT THERAPEUTICS INC,8-K,Atabak Mokari,Chief Financial Officer,high,Chief Financial Officer
Greenland Technologies Holding Corp.,8-K,Raymond Z. Wang,Chief Executive Officer,high,Chief Executive Officer
"Vaxxinity, Inc.",8-K,Mei Mei Hu,Chief Executive Officer,high,Chief Executive Officer
AMN HEALTHCARE SERVICES INC,8-K,Cary Grace,Chief Executive Officer,high,Chief Executive Officer
DraftKings Inc.,8-K,Jason Robins,Chief Executive Officer and Chairman DRAFTKINGS HOLDINGS INC,high,Chief Executive Officer
DraftKings Inc.,8-K,Paul Liberman,President and Chief Executive Officer FORTUNE MERGER SUB INC,high,Chief Executive Officer
"Applied UV, Inc.",8-K,Mike Riccio,Chief Financial Officer,high,Chief Financial Officer
Opendoor Technologies Inc.,8-K,Christina Schwartz,Interim Chief Financial Officer,high,Chief Financial Officer
MACH NATURAL RESOURCES LP,8-K,Tom L. Ward,Chief Executive Officer,high,Chief Executive Officer
"Emerald Holding, Inc.",8-K,Sam Camens,Director,high,Director
"Abacus Life, Inc.",8-K,Jay Jackson,Chief Executive Officer,high,Chief Executive Officer
"Abacus Life, Inc.",8-K,James Furey,Managing Director For itself and as Representative of the Underwriters named in Exhibit A hereto,high,Managing Director
iSpecimen Inc.,8-K,Tracy Curley,Chief Executive Officer,high,Chief Executive Officer
Westrock Coffee Co,8-K,T. Christopher Pledger,Chief Financial Officer,high,Chief Financial Officer
Westrock Coffee Co,8-K,Christine Gardiner,Senior Vice President,high,Vice President
Westrock Coffee Co,8-K,Van Brandenburg,Managing Director By,high,Managing Director
Westrock Coffee Co,8-K,Valery Amouroux,Director,high,Director
Westrock Coffee Co,8-K,Jason Douglas,Director,high,Director
Pangaea Logistics Solutions Ltd.,8-K,Gianni Del Signore,Chief Financial Officer,high,Chief Financial Officer
"AtlasClear Holdings, Inc.",8-K,John Schaible,"Chief Executive Officer CALCULATOR NEW PUBCO, INC",high,Chief Executive Officer
"AtlasClear Holdings, Inc.",8-K,Craig Ridenhour,Chief Business Development Officer ATLAS FINANCIAL TECHNOLOGIES CORP,high,Chief Business Development Officer Atlas Financial Technologies Corp
"AtlasClear Holdings, Inc.",8-K,Lyle Davis,Chairman PURCHASER,high,Chair
"AtlasClear Holdings, Inc.",8-K,John M. Schaible,Chairman SELLERS,high,Chair
ARBOR REALTY TRUST INC,8-K,Paul Elenio,Chief Financial Officer Date,high,Chief Financial Officer
"Fidelity National Financial, Inc.",8-K,Michael L. Gravelle,"Executive Vice President, General Counsel and Corporate Secretary EXHIBIT INDEX Exhibit Number Description",high,Vice President
"Fidelity National Financial, Inc.",8-K,Aamir Saleem,"Vice President Signature Page to Sixth Amended and Restated Credit Agreement BANK OF AMERICA, N",high,Vice President
"Fidelity National Financial, Inc.",8-K,Christopher Choi,Managing Director Signature Page to Sixth Amended and Restated Credit Agreement JPMORGAN CHASE BANK N,high,Managing Director
"Fidelity National Financial, Inc.",8-K,Austin Bennett,Vice President Signature Page to Sixth Amended and Restated Credit Agreement U,high,Vice President
"Fidelity National Financial, Inc.",8-K,L. Doreen Markowitz,Vice President Signature Page to Sixth Amended and Restated Credit Agreement BMO BANK N,high,Vice President
"Fidelity National Financial, Inc.",8-K,Charlene A. Davidson,"Managing Director Signature Page to Sixth Amended and Restated Credit Agreement FIFTH THIRD BANK, NATIONAL ASSOCIATION, as a Lender By",high,Managing Director
"Fidelity National Financial, Inc.",8-K,Hudson H. Marshall,"Senior Vice President Signature Page to Sixth Amended and Restated Credit Agreement BANK OF HAWAII, as a Lender By",high,Vice President
"Fidelity National Financial, Inc.",8-K,Kimberly Shaffer,"Managing Director Signature Page to Amended and Restated Credit Agreement CITIBANK, N",high,Managing Director
"Fidelity National Financial, Inc.",8-K,Marko Lukin,Vice President By,high,Vice President
Endexx Corp,8-K,Todd Davis,Chief Executive Officer,high,Chief Executive Officer
"Polomar Health Services, Inc.",8-K,Brett Rosen,President Date,high,President
Scilex Holding Co,8-K,Jaisim Shah,Chief Executive Officer and President Date,high,Chief Executive Officer
"Unusual Machines, Inc.",8-K,Allan Evans,Chief Financial Officer,high,Chief Financial Officer
"SELLAS Life Sciences Group, Inc.",8-K,Barbara A. Wood,"Executive Vice President, General Counsel and Corporate Secretary",high,Vice President
"Vacasa, Inc.",8-K,Robert Greyber,Chief Executive Officer Date,high,Chief Executive Officer
Skillz Inc.,8-K,Gaetano Franceschi,Chief Financial Officer Date,high,Chief Financial Officer
"FIRST SOLAR, INC.",8-K,Jason Dymbort,General Counsel & Secretary,high,General Counsel & Secretary
Vertiv Holdings Co,8-K,David Fallon,Chief Financial Officer,high,Chief Financial Officer
Vertiv Holdings Co,8-K,Peter Lambrecht,"Managing Director VERTIV INTEGRATED SYSTEMS GMBH, as German Guarantor By",high,Managing Director
Vertiv Holdings Co,8-K,Andrew James Whall,Director AVOCENT ASIA PACIFIC PTE,high,Director
Vertiv Holdings Co,8-K,James Shender,"Executive Director JPMORGAN CHASE BANK, N",high,Executive Director
Vertiv Holdings Co,8-K,David Smith,Vice President & Director,high,Vice President
Vertiv Holdings Co,8-K,Olesya Mitkevych,Director,high,Director
Vertiv Holdings Co,8-K,Sylwia Durkiewicz,Vice President,high,Vice President
Vertiv Holdings Co,8-K,Jean Grasso,Managing Director By,high,Managing Director
Vertiv Holdings Co,8-K,Gaurav Mathur,Managing Director,high,Managing Director
Vertiv Holdings Co,8-K,Jonathan Lidz,Director,high,Director
Vertiv Holdings Co,8-K,Frans Braniotis,Managing Director,high,Managing Director
Vertiv Holdings Co,8-K,Roy Kuruvilla,"Managing Director, Leveraged & Acquisition Finance",high,Managing Director
DANA INC,8-K,Douglas H. Liedberg,"Senior Vice President, General Counsel and Secretary",high,Vice President
BICYCLE THERAPEUTICS PLC,8-K,Alethia Young,Chief Financial Officer,high,Chief Financial Officer
"Matinas BioPharma Holdings, Inc.",8-K,Jerome D. Jabbour,Chief Executive Officer,high,Chief Executive Officer
"Chicago Atlantic BDC, Inc.",8-K,Umesh Mahajan,Chief Financial Officer,high,Chief Financial Officer
"Montrose Environmental Group, Inc.",8-K,Allan Dicks,Chief Financial Officer MONTROSE ENVIRONMENTAL GROUP LTD,high,Chief Financial Officer
"Montrose Environmental Group, Inc.",8-K,Jose Revuelta,Secretary and Treasurer MATRIX SOLUTIONS INC,high,Secretary And Treasurer Matrix Solutions Inc
"Montrose Environmental Group, Inc.",8-K,Henry Pennell,"Vice President FOURTH AMENDMENT TO CREDIT AGREEMENTMONTROSE ENVIRONMENTAL GROUP, INC LENDERS",high,Vice President
"Montrose Environmental Group, Inc.",8-K,Jennifer Yan,"Senior Vice President FOURTH AMENDMENT TO CREDIT AGREEMENTMONTROSE ENVIRONMENTAL GROUP, INC capital one national association, as an Existing Lender, an Incremental Term Loan Lender and an Incremental Revolving Lender By",high,Vice President
"Montrose Environmental Group, Inc.",8-K,Jeff Ameen,"Vice President JPMORGAN CHASE BANK, N",high,Vice President
"Montrose Environmental Group, Inc.",8-K,Brian Dosher,"Director FOURTH AMENDMENT TO CREDIT AGREEMENTMONTROSE ENVIRONMENTAL GROUP, INC u",high,Director
"Montrose Environmental Group, Inc.",8-K,Thomas Lerner,"Senior Vice President FOURTH AMENDMENT TO CREDIT AGREEMENTMONTROSE ENVIRONMENTAL GROUP, INC wells fargo bANK, NATIONAL ASSOCIATION, as a New Lender, an Incremental Term Loan Lender and an Incremental Revolving Lender By",high,Vice President
GLOBAL INDUSTRIAL Co,8-K,Thomas Clark,Senior Vice President and Chief Financial Officer,high,Chief Financial Officer
Odysight.ai Inc.,8-K,Tanya Yosef,Chief Financial Officer,high,Chief Financial Officer
PPLUS Trust Series GSC-2,8-K,Matthew Nelson,President EXHIBIT INDEX,high,President
"Artisan Consumer Goods, Inc.",8-K,Amber Finney,President and Chief Executive Officer,high,Chief Executive Officer
"Amplitude, Inc.",8-K,Christopher Harms,Chief Financial Officer,high,Chief Financial Officer
Adeia Inc.,8-K,Keith A. Jones,Chief Financial Officer,high,Chief Financial Officer
"Arteris, Inc.",8-K,Nicholas B. Hawkins,Vice President and Chief Financial Officer,high,Chief Financial Officer
"Matterport, Inc./DE",8-K,James D. Fay,Chief Financial Officer,high,Chief Financial Officer
"Sprout Social, Inc.",8-K,Heidi Jonas,General Counsel and Secretary Date,high,General Counsel And Secretary Date
"Empire State Realty OP, L.P.",8-K,Heather L. Houston,"Secretary Pursuant to the requirements of the Exchange Act, the registrant has duly caused this report to be signed on its behalf by the undersigned hereunto duly authorized",high,Secretary Pursuant To The Requirements Of The Exchange Act The Registrant Has Duly Caused This Report To Be Signed On Its Behalf By The Undersigned Hereunto Duly Authorized
"TPG RE Finance Trust, Inc.",8-K,Robert Foley,Chief Financial Officer Date,high,Chief Financial Officer
NATIONAL HEALTH INVESTORS INC,8-K,John L. Spaid,Chief Financial Officer Date,high,Chief Financial Officer
"Teladoc Health, Inc.",8-K,Adam C. Vandervoort,Chief Legal Officer and Secretary,high,Chief Legal Officer And Secretary
Sonder Holdings Inc.,8-K,Dominique Bourgault,Chief Financial Officer and Treasurer,high,Chief Financial Officer
WORKIVA INC,8-K,Jill Klindt,"Executive Vice President, Chief Financial Officer, and Treasurer",high,Chief Financial Officer
"Viper Energy, Inc.",8-K,Teresa L. Dick,"Chief Financial Officer, Executive Vice President and Assistant Secretary",high,Chief Financial Officer
Brookdale Senior Living Inc.,8-K,Chad C. White,"Executive Vice President, General Counsel and Secretary",high,Vice President
GeneDx Holdings Corp.,8-K,Katherine Stueland,Chief Executive Officer,high,Chief Executive Officer
CONX Corp.,8-K,Kyle Jason Kiser,Chief Executive Officer,high,Chief Executive Officer
"Cadre Holdings, Inc.",8-K,Blaine Browers,Chief Financial Officer,high,Chief Financial Officer
"ISUN, INC.",8-K,Jeffrey Peck,Chief Executive Officer,high,Chief Executive Officer
COGNITION THERAPEUTICS INC,8-K,Lisa Ricciardi,President and Chief Executive Officer,high,Chief Executive Officer
"RingCentral, Inc.",8-K,Sonalee Parekh,Chief Financial Officer,high,Chief Financial Officer
Seven Hills Realty Trust,8-K,Fernando Diaz,Chief Financial Officer and Treasurer,high,Chief Financial Officer
Cartica Acquisition Corp,8-K,Suresh Guduru,Chairman and Chief Executive Officer,high,Chief Executive Officer
UNITED THERAPEUTICS Corp,8-K,Paul A. Mahon,General Counsel,high,General Counsel
Travel & Leisure Co.,8-K,Thomas M. Duncan,Chief Accounting Officer Date,high,Chief Accounting Officer Date
Bausch & Lomb Corp,8-K,Sam Eldessouky,"Executive Vice President, Chief Financial Officer Date",high,Chief Financial Officer
DarioHealth Corp.,8-K,Zvi Ben David,"Chief Financial Officer, Treasurer and Secretary",high,Chief Financial Officer
DarioHealth Corp.,8-K,Ofer Leidner,President,high,President
DarioHealth Corp.,8-K,Richard Anderson,President,high,President
PHINIA INC.,8-K,Robert Boyle,"Vice President, General Counsel, and Secretary",high,Vice President
"ADMA BIOLOGICS, INC.",8-K,Brian Lenz,Executive Vice President and Chief Financial Officer,high,Chief Financial Officer
"Ocugen, Inc.",8-K,Shankar Musunuri,"Chairman, Chief Executive Officer, & Co",high,Chief Executive Officer
Vystar Corp,8-K,Jamie Rotman,President,high,President
"Spok Holdings, Inc",8-K,Calvin C. Rice,Chief Financial Officer,high,Chief Financial Officer
"Vimeo, Inc.",8-K,Gillian Munson,Chief Financial Officer,high,Chief Financial Officer
"HEALTHEQUITY, INC.",8-K,James Lucania,Executive Vice President and Chief Financial Officer,high,Chief Financial Officer
"Joby Aviation, Inc.",8-K,Matthew Field,Chief Financial Officer,high,Chief Financial Officer
Bally's Corp,8-K,Marcus Glover,Chief Financial Officer Date,high,Chief Financial Officer
CENTURY ALUMINUM CO,8-K,Gerald C. Bialek,Executive Vice President and Chief Financial Officer,high,Chief Financial Officer
Neurogene Inc.,8-K,Christine Mikail,President and Chief Financial Officer,high,Chief Financial Officer
RICHTECH ROBOTICS INC.,8-K,Zhenwu Huang,Chief Executive Officer and Director INVESTOR,high,Chief Executive Officer
"Weave Communications, Inc.",8-K,Brett White,Chief Executive Officer,high,Chief Executive Officer
OUTFRONT Media Inc.,8-K,Matthew Siegel,Executive Vice President and Chief Financial Officer Date,high,Chief Financial Officer
"SharpLink Gaming, Inc.",8-K,Rob Phythian,Chief Executive Officer Dated,high,Chief Executive Officer
"AGILENT TECHNOLOGIES, INC.",8-K,P. Diana Chiu,"Vice President, Interim General Counsel & Secretary",high,Vice President
"Crescent Capital BDC, Inc.",8-K,Gerhard Lombard,Chief Financial Officer,high,Chief Financial Officer
ICAHN ENTERPRISES L.P.,8-K,Ted Papapostolou,Chief Financial Officer Exhibit A NAV Incentive Arrangement No,high,Chief Financial Officer
"BuzzFeed, Inc.",8-K,Jonah Peretti,Chief Executive Officer,high,Chief Executive Officer
"Ultra Clean Holdings, Inc.",8-K,Paul Y. Cho,General Counsel and Corporate Secretary,high,General Counsel And Corporate Secretary
Crescent Energy Co,8-K,Brandi Kendall,Chief Financial Officer,high,Chief Financial Officer
"CAMBER ENERGY, INC.",8-K,James A. Doris,Chief Executive Officer,high,Chief Executive Officer
MARRIOTT VACATIONS WORLDWIDE Corp,8-K,Jason P. Marino,Executive Vice President and Chief Financial Officer,high,Chief Financial Officer
EMPIRE PETROLEUM CORP,8-K,Michael Morrisett,President and CEO,high,Chief Executive Officer
AltEnergy Acquisition Corp,8-K,Jonghoon Ha,Executive Director,high,Executive Director
AltEnergy Acquisition Corp,8-K,Daniel Shribman,Chief Investment Officer,high,Chief Investment Officer
"Kayne Anderson BDC, Inc.",8-K,Terry A. Hart,Chief Financial Officer and Treasurer,high,Chief Financial Officer
ModivCare Inc,8-K,Jennifer Jaskolka,"VP, Deputy General Counsel & Corporate Secretary",high,Vice President
"EQUUS TOTAL RETURN, INC.",8-K,Kenneth I. Denos,Secretary,high,Secretary
"ORMAT TECHNOLOGIES, INC.",8-K,Doron Blachar,Chief Executive Officer Date,high,Chief Executive Officer
CARRIAGE SERVICES INC,8-K,Steven D. Metzger,President,high,President
NEWMONT Corp /DE/,8-K,Logan Hennessey,"Vice President, Associate General Counsel and Corporate Secretary Dated",high,Vice President
NEWMONT Corp /DE/,8-K,Mark Ebel,Vice President,high,Vice President
NEWMONT Corp /DE/,8-K,Mark Ahlers,Director,high,Director
NEWMONT Corp /DE/,8-K,Grace Chan,"Vice President, Corporate Banking, on behalf of its Chicago Branch",high,Vice President
NEWMONT Corp /DE/,8-K,Karim Remtoula,Director By,high,Director
NEWMONT Corp /DE/,8-K,Jackie Castillo,"Vice President THE BANK OF NOVA SCOTIA, as a Lender and an Issuing Bank By",high,Vice President
NEWMONT Corp /DE/,8-K,Lavinia Ban,Associate Director THE TORONTO,high,Director
NEWMONT Corp /DE/,8-K,David Torrey,"Managing Director & Head STANDARD CHARTERED BANK, as a Lender By",high,Managing Director
Enovis CORP,8-K,John Kleckner,Vice President Controller and Chief Accounting Officer,high,Vice President
"City Office REIT, Inc.",8-K,James Farrar,Chief Executive Officer and Director,high,Chief Executive Officer
"STARWOOD PROPERTY TRUST, INC.",8-K,Rina Paniry,"Chief Financial Officer, Treasurer, Chief Accounting Officer and Principal Financial Officer",high,Chief Financial Officer
IRON MOUNTAIN INC,8-K,Barry Hytinen,Executive Vice President and Chief Financial Officer Date,high,Chief Financial Officer
"QUANTA SERVICES, INC.",8-K,Paul M. Nobel,Senior Vice President and Chief Accounting Officer,high,Vice President
Flywire Corp,8-K,Robert Orgel,President and Chief Operating Officer Dated,high,Chief Operating Officer
"LAUREATE EDUCATION, INC.",8-K,Richard M. Buskirk,Senior Vice President and Chief Financial Officer Date,high,Chief Financial Officer
"Thryv Holdings, Inc.",8-K,Paul D. Rouse,"Chief Financial Officer, Executive Vice President and Treasurer",high,Chief Financial Officer
Hillman Solutions Corp.,8-K,Robert O. Kraft,Chief Financial Officer,high,Chief Financial Officer
"Installed Building Products, Inc.",8-K,Michael T. Miller,Chief Financial Officer,high,Chief Financial Officer
INSMED Inc,8-K,Michael A. Smith,Chief Legal Officer and Corporate Secretary,high,Chief Legal Officer And Corporate Secretary
INSMED Inc,8-K,Sara Bonstein,Chief Financial Officer ACCEPTED as of the date first,high,Chief Financial Officer
authID Inc.,8-K,Edward Sellitto,Chief Financial Officer,high,Chief Financial Officer
SinglePoint Inc.,8-K,William Ralston,Chief Executive Officer,high,Chief Executive Officer
BOSTON BEER CO INC,8-K,David A. Burwick,President & Chief Executive Officer,high,Chief Executive Officer
AMERICOLD REALTY TRUST,8-K,Jay Wells,Chief Financial Officer and Executive Vice President,high,Chief Financial Officer
"GRID DYNAMICS HOLDINGS, INC.",8-K,Anil Doradla,Chief Financial Officer,high,Chief Financial Officer
"Sprouts Farmers Market, Inc.",8-K,Brandon F. Lombardi,Chief Legal Officer and Corporate Secretary,high,Chief Legal Officer And Corporate Secretary
"MARAVAI LIFESCIENCES HOLDINGS, INC.",8-K,Kevin M. Herde,Chief Financial Officer,high,Chief Financial Officer
"Qualigen Therapeutics, Inc.",8-K,Paul Rachmuth,General Counsel,high,General Counsel
"Floor & Decor Holdings, Inc.",8-K,Bryan H. Langley,Executive Vice President and Chief Financial Officer,high,Chief Financial Officer
Advanced Flower Capital Inc.,8-K,Gabriel Katz,"Secretary and Chief Legal Officer AFC MANAGEMENT, LLC By",high,Secretary And Chief Legal Officer Afc Management Llc By
"Arcosa, Inc.",8-K,Gail M. Peck,Chief Financial Officer,high,Chief Financial Officer
"TOMI Environmental Solutions, Inc.",8-K,Halden Shane,Chief Executive Officer,high,Chief Executive Officer
ASSURED GUARANTY LTD,8-K,Ling Chow,General Counsel DATE,high,General Counsel Date
AMEREN CORP,8-K,Michael L. Moehn,Senior Executive Vice President and Chief Financial Officer Date,high,Chief Financial Officer
"Salarius Pharmaceuticals, Inc.",8-K,David J. Arthur,Chief Executive Officer EXECUTIVE,high,Chief Executive Officer
TECHPRECISION CORP,8-K,Barbara M. Lilley,Chief Financial Officer,high,Chief Financial Officer
"CRACKER BARREL OLD COUNTRY STORE, INC",8-K,Richard M. Wolfson,"Senior Vice President, General Counsel and Corporate Secretary",high,Vice President
Cactus Acquisition Corp. 1 Ltd,8-K,Ofer Gonen,Chief Executive Officer,high,Chief Executive Officer
Cactus Acquisition Corp. 1 Ltd,8-K,Emmanuel Meyer,Managing Director SPONSOR Cactus Healthcare Management LP By,high,Managing Director
Cactus Acquisition Corp. 1 Ltd,8-K,Stephen T. Wills,Secretary SPAC Cactus Acquisition Corp,high,Secretary Spac Cactus Acquisition Corp
DT Cloud Acquisition Corp,8-K,Shaoke Li,Chief Executive Officer CONTINENTAL STOCK TRANSFER & TRUST COMPANY By,high,Chief Executive Officer
DT Cloud Acquisition Corp,8-K,Guojian Chen,Director,high,Director
DT Cloud Acquisition Corp,8-K,Michael Goedecke,Vice President,high,Vice President
LINCOLN EDUCATIONAL SERVICES CORP,8-K,Brian K. Meyers,"Executive Vice President, Chief Financial Officer and Treasurer",high,Chief Financial Officer
LINCOLN EDUCATIONAL SERVICES CORP,8-K,Taylor Beringer,Senior Vice President Lender,high,Vice President
Netcapital Inc.,8-K,Martin Kay,Chief Executive Officer Dated,high,Chief Executive Officer
"IR-Med, Inc.",8-K,Sharon Lefkoviz,Chief Financial Officer Date,high,Chief Financial Officer
ALBANY INTERNATIONAL CORP /DE/,8-K,Robert D. Starr,Executive Vice President and Chief Financial Officer,high,Chief Financial Officer
"FTI CONSULTING, INC",8-K,Curtis P. Lu,General Counsel,high,General Counsel
"OLB GROUP, INC.",8-K,Ronny Yakov,Chief Executive Officer Accepted as of the date hereof,high,Chief Executive Officer
Wetouch Technology Inc.,8-K,Zongyi Lian,President and Chief Executive officer,high,Chief Executive Officer
Wetouch Technology Inc.,8-K,Richard Rappaport,Chief Executive Officer Address for Notice,high,Chief Executive Officer
Wetouch Technology Inc.,8-K,Stephen Kiront,Chief Operating Officer Address for Notice,high,Chief Operating Officer
"KLX Energy Services Holdings, Inc.",8-K,Keefer M. Lehner,"Chief Financial Officer, Executive Vice President Date",high,Chief Financial Officer
"Freshpet, Inc.",8-K,Todd Cunfer,Chief Financial Officer,high,Chief Financial Officer
Uniti Group Inc.,8-K,Daniel L. Heard,Executive Vice President,high,Vice President
Uniti Group Inc.,8-K,Daniel Heard,"Manager, Executive Vice President, General Counsel and Secretary HOLDINGS",high,Vice President
Uniti Group Inc.,8-K,Jessica A. Jankiewicz,Vice President,high,Vice President
Uniti Group Inc.,8-K,Thomas Holber,"Director DEUTSCHE BANK AG, NEW YORK BRANCH By",high,Director
Uniti Group Inc.,8-K,Shawn Rose,"Managing Director CITIBANK, N",high,Managing Director
Uniti Group Inc.,8-K,Matthew J. Simonetti,Managing Director,high,Managing Director
"Alpha Metallurgical Resources, Inc.",8-K,J. Todd Munsey,Chief Financial Officer EXHIBIT INDEX Exhibit No,high,Chief Financial Officer
"Emmaus Life Sciences, Inc.",8-K,Willis Lee,"Chairman, Co",high,Chair
"Petco Health & Wellness Company, Inc.",8-K,Giovanni Insana,Chief Legal Officer and Secretary,high,Chief Legal Officer And Secretary
MoonLake Immunotherapeutics,8-K,Matthias Bodenstedt,Chief Financial Officer,high,Chief Financial Officer
"LENDWAY, INC.",8-K,Randy Uglem,Chief Executive Officer,high,Chief Executive Officer
"LENDWAY, INC.",8-K,Werner F. Jansen,Chief Executive Officer,high,Chief Executive Officer
"LENDWAY, INC.",8-K,Nicholas G. Myers,"Senior Vice President Address for Associated Bank, N",high,Vice President
Archer Aviation Inc.,8-K,Andy Missan,Chief Legal Officer,high,Chief Legal Officer
INNOVATE Corp.,8-K,Michael J. Sena,Chief Financial Officer,high,Chief Financial Officer
"ATI Physical Therapy, Inc.",8-K,Joseph Jordan,Chief Financial Officer,high,Chief Financial Officer
Chatham Lodging Trust,8-K,Jeremy B. Wegner,Senior Vice President and Chief Financial Officer,high,Chief Financial Officer
ERIE INDEMNITY CO,8-K,Julie M. Pelkowski,Executive Vice President & CFO,high,Chief Financial Officer
"ChargePoint Holdings, Inc.",8-K,Mansi Khetani,Interim Chief Financial Officer Date,high,Chief Financial Officer
"Argo Group International Holdings, Inc.",8-K,Christopher Donahue,Chief Financial Officer,high,Chief Financial Officer
DIVERSIFIED HEALTHCARE TRUST,8-K,Matthew C. Brown,Chief Financial Officer and Treasurer Dated,high,Chief Financial Officer
"Dorman Products, Inc.",8-K,David M. Hession,"Senior Vice President, Chief Financial Officer and Treasurer",high,Chief Financial Officer
"Postal Realty Trust, Inc.",8-K,Jeremy Garber,President and Treasurer,high,President
MidCap Financial Investment Corp,8-K,Kristin Hester,Chief Legal Officer and Secretary Date,high,Chief Legal Officer And Secretary Date
Rithm Property Trust Inc.,8-K,Mary Doyle,Chief Financial Officer Dated,high,Chief Financial Officer
Vocodia Holdings Corp,8-K,Brian Podolak,Chief Executive Officer,high,Chief Executive Officer
"CAVA GROUP, INC.",8-K,Tricia Tolivar,Chief Financial Officer,high,Chief Financial Officer
"Airsculpt Technologies, Inc.",8-K,Dennis Dean,Chief Financial Officer,high,Chief Financial Officer
"Xenia Hotels & Resorts, Inc.",8-K,Atish Shah,Executive Vice President and Chief Financial Officer,high,Chief Financial Officer
Beam Therapeutics Inc.,8-K,John Evans,Chief Executive Officer,high,Chief Executive Officer
"Fulcrum Therapeutics, Inc.",8-K,Alex C. Sapir,President and Chief Executive Officer,high,Chief Executive Officer
BENTLEY SYSTEMS INC,8-K,Werner Andre,Chief Financial Officer and Chief Accounting Officer,high,Chief Financial Officer
"Shift4 Payments, Inc.",8-K,Jordan Frankel,"Secretary, General Counsel and Executive Vice President, Legal, Risk and Compliance",high,Vice President
AdaptHealth Corp.,8-K,Jason Clemens,Chief Financial Officer,high,Chief Financial Officer
LIGAND PHARMACEUTICALS INC,8-K,Andrew Reardon,Chief Legal Officer and Secretary,high,Chief Legal Officer And Secretary
JONES LANG LASALLE INC,8-K,Karen Brennan,Chief Financial Officer,high,Chief Financial Officer
"Verve Therapeutics, Inc.",8-K,Allison Dorval,Chief Financial Officer,high,Chief Financial Officer
"Minerva Neurosciences, Inc.",8-K,Geoffrey Race,President,high,President
"CISO Global, Inc.",8-K,Debra L. Smith,Chief Financial Officer,high,Chief Financial Officer
Nerdy Inc.,8-K,Jason Pello,Chief Financial Officer,high,Chief Financial Officer
"Luminar Technologies, Inc./DE",8-K,Thomas J. Fennimore,Chief Financial Officer,high,Chief Financial Officer
Bumble Inc.,8-K,Anuradha B. Subramanian,Chief Financial Officer,high,Chief Financial Officer
"Klaviyo, Inc.",8-K,Amanda Whalen,Chief Financial Officer,high,Chief Financial Officer
Open Lending Corp,8-K,Charles D. Jehl,Chief Financial Officer Date,high,Chief Financial Officer
"Virgin Galactic Holdings, Inc",8-K,Douglas Ahrens,"Executive Vice President, Chief Financial Officer and Treasurer",high,Chief Financial Officer
"Array Technologies, Inc.",8-K,Tyson Hottinger,Chief Legal Officer,high,Chief Legal Officer
UNIVERSAL HEALTH SERVICES INC,8-K,Steve Filton,Executive Vice President and Chief Financial Officer Date,high,Chief Financial Officer
Orion Office REIT Inc.,8-K,Gavin B. Brandon,"Chief Financial Officer, Executive Vice President and Treasurer Date",high,Chief Financial Officer
IMAX CORP,8-K,Richard L. Gelfond,Chief Executive Officer & Director,high,Chief Executive Officer
UNIVERSAL HEALTH REALTY INCOME TRUST,8-K,Charles F. Boyle,Senior Vice President and Chief Financial Officer,high,Chief Financial Officer
"CIVITAS RESOURCES, INC.",8-K,Adrian Milton,"Senior Vice President, General Counsel and Assistant Corporate Secretary",high,Vice President
Denali Capital Acquisition Corp.,8-K,Lei Huang,Chief Executive Officer,high,Chief Executive Officer
"Inspired Entertainment, Inc.",8-K,Carys Damon,General Counsel,high,General Counsel
Ecovyst Inc.,8-K,Michael Feehan,Vice President and Chief Financial Officer,high,Chief Financial Officer
DYCOM INDUSTRIES INC,8-K,Ryan F. Urness,"Vice President, General Counsel and Corporate Secretary",high,Vice President
"LanzaTech Global, Inc.",8-K,Joseph Blasko,General Counsel and Corporate Secretary,high,General Counsel And Corporate Secretary
Taboola.com Ltd.,8-K,Stephen Walker,Chief Financial Officer Date,high,Chief Financial Officer
"Baudax Bio, Inc.",8-K,Gerri A. Henwood,President and Chief Executive Officer Date,high,Chief Executive Officer
Blackstone Secured Lending Fund,8-K,Teddy Desloge,Chief Financial Officer,high,Chief Financial Officer
"MADRIGAL PHARMACEUTICALS, INC.",8-K,Brian J. Lynch,Senior Vice President and General Counsel Date,high,Vice President
"Nautilus Biotechnology, Inc.",8-K,Sujal Patel,Chief Executive Officer,high,Chief Executive Officer
"STEVEN MADDEN, LTD.",8-K,Edward Rosenfeld,Chief Executive Officer,high,Chief Executive Officer
BlackSky Technology Inc.,8-K,Henry Dubois,Chief Financial Officer,high,Chief Financial Officer
"Fulgent Genetics, Inc.",8-K,Paul Kim,Chief Financial Officer,high,Chief Financial Officer
"Endeavor Group Holdings, Inc.",8-K,Jason Lublin,Chief Financial Officer Date,high,Chief Financial Officer
Mind Medicine (MindMed) Inc.,8-K,Robert Barrow,Chief Executive Officer,high,Chief Executive Officer
Payoneer Global Inc.,8-K,Bea Ordonez,Chief Financial Officer,high,Chief Financial Officer
"Frontdoor, Inc.",8-K,Jessica P. Ross,Senior Vice President and Chief Financial Officer,high,Chief Financial Officer
vTv Therapeutics Inc.,8-K,Paul Sekhri,President and Chief Executive Officer,high,Chief Executive Officer
vTv Therapeutics Inc.,8-K,Paul J. Sekhri,President and Chief Executive Officer,high,Chief Executive Officer
vTv Therapeutics Inc.,8-K,Peng Xiao,Director,high,Director
vTv Therapeutics Inc.,8-K,Jon Isaacsohn,"Officer CINRX PHARMA, LLC By",high,Officer Cinrx Pharma Llc By
vTv Therapeutics Inc.,8-K,Jeffrey Brodsky,Chief Financial Officer,high,Chief Financial Officer
SIGNET JEWELERS LTD,8-K,Joan M. Hilson,"Chief Financial, Strategy & Services Officer",high,Chief Financial Strategy & Services Officer
UWM Holdings Corp,8-K,Andrew Hubacker,"Executive Vice President, Chief Financial Officer and Chief Accounting Officer",high,Chief Financial Officer
SK Growth Opportunities Corp,8-K,Derek Jensen,Chief Financial Officer,high,Chief Financial Officer
SK Growth Opportunities Corp,8-K,Anquan Wang,Director MERGER SUB II,high,Director
"Gaming & Leisure Properties, Inc.",8-K,Desiree A. Burke,Chief Financial Officer and Treasurer,high,Chief Financial Officer
"RxSight, Inc.",8-K,Shelley Thunen,Chief Financial Officer,high,Chief Financial Officer
"James River Group Holdings, Ltd.",8-K,Sarah Doran,Chief Financial OfficerJRG REINSURANCE COMPANY LTD,high,Chief Financial Officer
"James River Group Holdings, Ltd.",8-K,Allan Defante,Chief Financial Officer,high,Chief Financial Officer
"James River Group Holdings, Ltd.",8-K,Ashley Braniecki,Vice President,high,Vice President
"James River Group Holdings, Ltd.",8-K,Peter Bickford,Vice President,high,Vice President
"James River Group Holdings, Ltd.",8-K,Robert C. Mason,Senior Vice President,high,Vice President
"James River Group Holdings, Ltd.",8-K,Jordache Rawson,Senior Vice PresidentBy,high,Vice President
"James River Group Holdings, Ltd.",8-K,Benjamin Mlot,Director,high,Director
STANDARD BIOTOOLS INC.,8-K,Jeffrey Black,Chief Financial Officer,high,Chief Financial Officer
"WW INTERNATIONAL, INC.",8-K,Heather Stark,Chief Financial Officer,high,Chief Financial Officer
"Shoals Technologies Group, Inc.",8-K,Dominic Bardos,Chief Financial Officer Date,high,Chief Financial Officer
ZimVie Inc.,8-K,Heather Kidwell,"Senior Vice President, Chief Legal, Compliance and Human Resources Officer and Corporate Secretary",high,Vice President
Distoken Acquisition Corp,8-K,Jian Zhang,Chief Executive Officer,high,Chief Executive Officer
GAXOS.AI INC.,8-K,Vadim Mats,Chief Executive Officer,high,Chief Executive Officer
"TaskUs, Inc.",8-K,Balaji Sekar,Chief Financial Officer Date,high,Chief Financial Officer
HP INC,8-K,Rick Hansen,"Deputy General Counsel, Corporate and Corporate Secretary",high,Deputy General Counsel Corporate And Corporate Secretary
"FIGS, Inc.",8-K,Daniella Turenshine,Chief Financial Officer,high,Chief Financial Officer
"Vertex, Inc.",8-K,Bryan Rowland,General Counsel and Secretary,high,General Counsel And Secretary
LIGHTBRIDGE Corp,8-K,Seth Grae,President and Chief Executive Officer,high,Chief Executive Officer
"Cactus, Inc.",8-K,Alan Keifer,Interim Chief Financial Officer,high,Chief Financial Officer
"ExlService Holdings, Inc.",8-K,Ajay Ayyappan,General Counsel and Corporate Secretary,high,General Counsel And Corporate Secretary
Acushnet Holdings Corp.,8-K,Sean Sullivan,"Executive Vice President, Chief Financial Officer Date",high,Chief Financial Officer
Verano Holdings Corp.,8-K,Brett Summerer,Chief Financial Officer,high,Chief Financial Officer
MultiPlan Corp,8-K,James M. Head,Executive Vice President and Chief Financial Officer,high,Chief Financial Officer
ESAB Corp,8-K,Renato Negro,Controller and Chief Accounting Officer,high,Controller And Chief Accounting Officer
FIRST ADVANTAGE CORP,8-K,David L. Gamsey,Executive Vice President & Chief Financial Officer,high,Chief Financial Officer
"FREYR Battery, Inc. /DE/",8-K,Oscar K. Brown,Group Chief Financial Officer,high,Chief Financial Officer
"Chicago Atlantic Real Estate Finance, Inc.",8-K,Anthony Cappell,Chief Executive Officer,high,Chief Executive Officer
"COGENT COMMUNICATIONS HOLDINGS, INC.",8-K,David Schaeffer,President and Chief Executive Officer,high,Chief Executive Officer
"HYDROFARM HOLDINGS GROUP, INC.",8-K,William Toler,Chief Executive Officer,high,Chief Executive Officer
"TILE SHOP HOLDINGS, INC.",8-K,Karla Lunan,Chief Financial Officer,high,Chief Financial Officer
"Via Renewables, Inc.",8-K,Mike Barajas,Chief Financial Officer,high,Chief Financial Officer
Vericel Corp,8-K,Joseph A. Mara,Chief Financial Officer,high,Chief Financial Officer
Cronos Group Inc.,8-K,Michael Gorenstein,President and Chief Executive Officer,high,Chief Executive Officer
"OLAPLEX HOLDINGS, INC.",8-K,Amanda Baldwin,Chief Executive Officer,high,Chief Executive Officer
Citi Trends Inc,8-K,Heather Plutino,Chief Financial Officer,high,Chief Financial Officer
LEHMAN ABS CORP GOLDMAN SACHS CAP 1 SEC BACKED SER 2004-6,8-K,Paul Edwards,Vice President EXHIBIT INDEX Exhibit Number Description,high,Vice President
"HeartCore Enterprises, Inc.",8-K,Sumitaka Yamamoto,Chief Executive Officer,high,Chief Executive Officer
"HeartCore Enterprises, Inc.",8-K,Kento Fukuoka,Chief Executive Officer,high,Chief Executive Officer
Carlyle Credit Income Fund,8-K,Nelson Joseph,Principal Financial Officer,high,Principal Financial Officer
Organogenesis Holdings Inc.,8-K,Lori Freedman,Chief Administrative and Legal Officer Date,high,Chief Administrative And Legal Officer Date
Elastic N.V.,8-K,Janesh Moorjani,Chief Financial Officer and Chief Operating Officer,high,Chief Operating Officer
"Senseonics Holdings, Inc.",8-K,Rick Sullivan,Chief Financial Officer,high,Chief Financial Officer
"SOUNDHOUND AI, INC.",8-K,Keyvan Mohajer,Chief Executive Officer,high,Chief Executive Officer
Fundamental Global Inc.,8-K,Mark D. Roberson,Chief Financial Officer,high,Chief Financial Officer
SEACOR Marine Holdings Inc.,8-K,John Gellert,President and Chief Executive Officer,high,Chief Executive Officer
Tecnoglass Inc.,8-K,Jose M. Daes,Chief Executive Officer,high,Chief Executive Officer
Nuvation Bio Inc.,8-K,Moses Makunje,"VP, Finance, Principal Financial and Accounting Officer",high,Vice President
"Terra Property Trust, Inc.",8-K,Gregory Pinkus,Chief Financial Officer,high,Chief Financial Officer
"Ginkgo Bioworks Holdings, Inc.",8-K,Mark Dmytruk,Chief Financial Officer,high,Chief Financial Officer
"Amneal Pharmaceuticals, Inc.",8-K,Anastasios Konidaris,Executive Vice President and Chief Financial Officer,high,Chief Financial Officer
Gold Flora Corp.,8-K,Marshall Minor,Chief Financial Officer,high,Chief Financial Officer
Focus Impact BH3 Acquisition Co,8-K,Carl Stanton,Chief Executive Officer,high,Chief Executive Officer
"POWER SOLUTIONS INTERNATIONAL, INC.",8-K,Dino Xykis,Chief Executive Officer and Chief Technical Officer,high,Chief Executive Officer
"American Cannabis Company, Inc.",8-K,Greg Forrest,"Chief Executive Officer AMERICAN CANNABIS COMPANY, INC",high,Chief Executive Officer
"Hour Loop, Inc",8-K,Sam Lai,Chief Executive Officer and Interim Chief Financial Officer,high,Chief Executive Officer
"Virpax Pharmaceuticals, Inc.",8-K,Gerald Bruce,Chief Executive Officer,high,Chief Executive Officer
"ClearPoint Neuro, Inc.",8-K,Joseph M. Burnett,President and Chief Executive Officer Accepted as of the date first above written,high,Chief Executive Officer
"Mistras Group, Inc.",8-K,Edward J. Prajzner,Senior Executive Vice President and Chief Financial Officer Exhibit No,high,Chief Financial Officer
"Cocrystal Pharma, Inc.",8-K,James Martin,Chief Financial Officer and Co,high,Chief Financial Officer
"ZyVersa Therapeutics, Inc.",8-K,Stephen Glover,Chief Executive Officer,high,Chief Executive Officer
VanEck Bitcoin ETF,8-K,Matthew Babinsky,"Assistant Vice President DELAWARE TRUST COMPANY, as Trustee By",high,Vice President
"MODIV INDUSTRIAL, INC.",8-K,Raymond J. Pacini,Chief Financial Officer Date,high,Chief Financial Officer
AVADEL PHARMACEUTICALS PLC,8-K,Jerad G. Seurer,General Counsel & Corporate Secretary,high,General Counsel & Corporate Secretary
"MSP Recovery, Inc.",8-K,Alexandra Plasencia,General Counsel,high,General Counsel
"KALA BIO, Inc.",8-K,Eric L. Trachtenberg,"Chief Legal Officer, Chief Compliance Officer & Corporate Secretary",high,Chief Legal Officer Chief Compliance Officer & Corporate Secretary
KIDPIK CORP.,8-K,Ezra Dabah,Chief Executive Officer,high,Chief Executive Officer
"Armata Pharmaceuticals, Inc.",8-K,Richard Rychlik,Principal Financial Officer and Corporate Controller,high,Principal Financial Officer And Corporate Controller
"Armata Pharmaceuticals, Inc.",8-K,Pavel Raifeld,Chief Executive Officer,high,Chief Executive Officer
Chenghe Acquisition I Co.,8-K,Zhiyang Zhou,Chief Executive Officer and Chief Financial Officer Date,high,Chief Executive Officer
"ROYCE GLOBAL TRUST, INC.",8-K,Christopher D. Clark,President DATE,high,President
"IT TECH PACKAGING, INC.",8-K,Zhenyong Liu,Chief Executive Officer,high,Chief Executive Officer
Dragonfly Energy Holdings Corp.,8-K,Denis Phares,"Chief Executive Officer, Interim Chief Financial Officer and President",high,Chief Executive Officer
GLOBAL DIGITAL SOLUTIONS INC,8-K,William Delgado,Chief Executive Officer,high,Chief Executive Officer
"First Watch Restaurant Group, Inc.",8-K,Mel Hope,Chief Financial Officer and Treasurer,high,Chief Financial Officer
"Dyne Therapeutics, Inc.",8-K,Joshua Brumm,President and Chief Executive Officer,high,Chief Executive Officer
Dave Inc./DE,8-K,Kyle Beilman,Chief Financial Officer,high,Chief Financial Officer
Akari Therapeutics Plc,8-K,Rachelle Jacques,Chief Executive Officer,high,Chief Executive Officer
KRONOS ADVANCED TECHNOLOGIES INC,8-K,Greg Rubin,"Chairman, Interim CEO",high,Chief Executive Officer
"SolarWindow Technologies, Inc.",8-K,Justin Frere,Interim Chief Financial Officer,high,Chief Financial Officer
NORTECH SYSTEMS INC,8-K,Brian Bender,Vice President Credit Agreement Exhibit A Form of Compliance Certificate Financial Statement Date,high,Vice President
"GREENLIGHT CAPITAL RE, LTD.",8-K,Faramarz Romer,Chief Financial Officer Date,high,Chief Financial Officer
NANOPHASE TECHNOLOGIES Corp,8-K,Jess Jankowski,Chief Executive Officer,high,Chief Executive Officer
"Brookfield Oaktree Holdings, LLC",8-K,Daniel D. Levin,Chief Financial Officer and Secretary Date,high,Chief Financial Officer
"Entero Therapeutics, Inc.",8-K,James Sapirstein,Chief Financial Executive Officer,high,Chief Financial Executive Officer
Mobile Infrastructure Corp,8-K,Stephanie Hogue,Chief Financial Officer,high,Chief Financial Officer
Mobile Infrastructure Corp,8-K,Manuel Chavez,Director Signature Page to Acknowledgment and Confirmation ADMINISTRATIVE AGENT,high,Director
"FOOT LOCKER, INC.",8-K,Michael Baughn,Executive Vice President and Chief Financial Officer,high,Chief Financial Officer
"Xeris Biopharma Holdings, Inc.",8-K,Steven M. Pieper,Chief Financial Officer,high,Chief Financial Officer
Context Therapeutics Inc.,8-K,Martin A. Lehr,Chief Executive Officer,high,Chief Executive Officer
Context Therapeutics Inc.,8-K,Benjamin Doranz,"Chief Executive OfficerCONTEXT THERAPEUTIC, LLCBy",high,Chief Executive Officer
BiomX Inc.,8-K,Jonathan Solomon,"Chief Executive Officer BTX MERGER SUB I, INC",high,Chief Executive Officer
BiomX Inc.,8-K,Ian Hardy,Chief Executive Officer,high,Chief Executive Officer
374Water Inc.,8-K,Jeffrey M. Quick,Interim Chief Executive Officer,high,Chief Executive Officer
CORETEC GROUP INC.,8-K,Matthew Kappers,Chief Executive Officer COMPANY,high,Chief Executive Officer
CORETEC GROUP INC.,8-K,David Lee,Managing Director MEMBER,high,Managing Director
Kinetic Seas Inc.,8-K,Ed Honour,Chief Executive Officer,high,Chief Executive Officer
Nuveen NASDAQ 100 Dynamic Overwrite Fund,8-K,Mark L. Winget,Vice President and Secretary,high,Vice President
"Honest Company, Inc.",8-K,David Loretta,"Executive Vice President, Chief Financial Officer",high,Chief Financial Officer
Clarus Corp,8-K,Michael J. Yates,Chief Financial Officer,high,Chief Financial Officer
AUDIOEYE INC,8-K,David Moradi,"Chief Executive Officer SPRINGTIME, INC",high,Chief Executive Officer
HUDSON TECHNOLOGIES INC /NY,8-K,Nat Krishnamurti,Chief Financial Officer & Secretary,high,Chief Financial Officer
BRC Inc.,8-K,Christopher Mondzelewski,Chief Executive Officer,high,Chief Executive Officer
"Hamilton Insurance Group, Ltd.",8-K,Brian Deegan,Group Chief Accounting Officer,high,Group Chief Accounting Officer
TriplePoint Venture Growth BDC Corp.,8-K,James P. Labe,Chief Executive Officer Date,high,Chief Executive Officer
"THERALINK TECHNOLOGIES, INC.",8-K,Faith Zaslavsky,Chief Executive Officer Date,high,Chief Executive Officer
"Enhabit, Inc.",8-K,Dylan Black,General Counsel Dated,high,General Counsel Dated
"Rush Street Interactive, Inc.",8-K,Kyle Sauers,Chief Financial Officer Dated,high,Chief Financial Officer
SURF AIR MOBILITY INC.,8-K,Stan Little,Chief Executive Officer,high,Chief Executive Officer
SURF AIR MOBILITY INC.,8-K,Sudhin Shahani,Authorized Officer GEM GLOBAL YIELD LLC SCS By,high,Authorized Officer Gem Global Yield Llc Scs By
"Grove Collaborative Holdings, Inc.",8-K,Sergio Cervantes,Chief Financial Officer Date,high,Chief Financial Officer
LAZARD GLOBAL TOTAL RETURN & INCOME FUND INC,8-K,Jessica A. Falzone,Assistant Secretary false,high,Assistant Secretary False
"EXPRESS, INC.",8-K,Laurel Krueger,Chief Legal Officer and Secretary,high,Chief Legal Officer And Secretary
"Arhaus, Inc.",8-K,Dawn Phillipson,Chief Financial Officer,high,Chief Financial Officer
IDT CORP,8-K,Shmuel Jonas,Chief Executive Officer Dated,high,Chief Executive Officer
"Orchestra BioMed Holdings, Inc.",8-K,David P. Hochman,Chief Executive Officer Date,high,Chief Executive Officer
METHODE ELECTRONICS INC,8-K,Jonathan M. Phillips,"Senior Vice President FIRST AMENDMENT TO CREDIT AGREEMENT WELLS FARGO BANK, NATIONAL ASSOCIATION,as a Lender By",high,Vice President
METHODE ELECTRONICS INC,8-K,Debra Hoffenkamp,"Assistant Vice President FIRST AMENDMENT TO CREDIT AGREEMENT TD BANK, N",high,Vice President
METHODE ELECTRONICS INC,8-K,Leonid Batsevitsky,"Vice President FIRST AMENDMENT TO CREDIT AGREEMENT HSBC BANK USA, NATIONAL ASSOCIATION,as a Lender By",high,Vice President
METHODE ELECTRONICS INC,8-K,Andrew Stella,"Vice President FIRST AMENDMENT TO CREDIT AGREEMENT JPMORGAN CHASE BANK, N",high,Vice President
METHODE ELECTRONICS INC,8-K,Richard D. Barritt,"Executive Director FIRST AMENDMENT TO CREDIT AGREEMENT THE BANK OF EAST ASIA, LIMITED, NEW YORK BRANCH,as a Lender By",high,Executive Director
Drilling Tools International Corp,8-K,G. Troy Meier,Chief Executive Officer,high,Chief Executive Officer
A.K.A. BRANDS HOLDING CORP.,8-K,Ciaran Long,Interim Chief Executive Officer and Chief Financial Officer,high,Chief Executive Officer
"MongoDB, Inc.",8-K,Dev Ittycheria,President and Chief Executive Officer,high,Chief Executive Officer
NOODLES & Co,8-K,Mike Hynes,Chief Financial Officer DATED,high,Chief Financial Officer
"XCel Brands, Inc.",8-K,James F. Haran,Chief Financial Officer,high,Chief Financial Officer
"Rivulet Entertainment, Inc.",8-K,Walter Geldenhuys,"President, Chief Executive Officer",high,Chief Executive Officer
COFFEE HOLDING CO INC,8-K,Andrew Gordon,President and Chief Executive Officer Date,high,Chief Executive Officer
"Ascent Solar Technologies, Inc.",8-K,Jin Jo,Chief Financial Officer,high,Chief Financial Officer
"Ascent Solar Technologies, Inc.",8-K,Paul Warley,Chief Executive Officer HOLDER,high,Chief Executive Officer
DBV Technologies S.A.,8-K,Virginie Boucinha,Chief Financial Officer,high,Chief Financial Officer
GENESCO INC,8-K,Thomas A. George,Senior Vice President and Chief Financial Officer,high,Chief Financial Officer
"GRESHAM WORLDWIDE, INC.",8-K,Lutz Henckels,Chief Financial Officer,high,Chief Financial Officer
"Sonoma Pharmaceuticals, Inc.",8-K,Amy Trombly,President and Chief Executive Officer Confirmed as of the date first above mentioned,high,Chief Executive Officer
Crown Electrokinetics Corp.,8-K,Doug Croxall,Chief Executive Officer,high,Chief Executive Officer
"ESS Tech, Inc.",8-K,Anthony Rabb,Chief Financial Officer,high,Chief Financial Officer
"Cibus, Inc.",8-K,Rory Riggs,Chief Executive Officer and Chairman,high,Chief Executive Officer
ClimateRock,8-K,Per Regnarsson,Chief Executive Officer,high,Chief Executive Officer
"Bancorp 34, Inc.",8-K,James Crotty,President and Chief Executive Officer,high,Chief Executive Officer
Investcorp Europe Acquisition Corp I,8-K,Bonnie Willkom,Director,high,Director
Investcorp Europe Acquisition Corp I,8-K,Dean Clinton,Director,high,Director
"LEXICON PHARMACEUTICALS, INC.",8-K,Jeffrey L. Wade,President and Chief Financial Officer SIGNATURE PAGE TO PREFERRED STOCK PURCHASE AGREEMENT PURCHASERS,high,Chief Financial Officer
OPAL Fuels Inc.,8-K,Timothy Chin,Managing Director,high,Managing Director
Iris Acquisition Corp,8-K,Sumit Mehta,Chief Executive Officer,high,Chief Executive Officer
"NewLake Capital Partners, Inc.",8-K,Lisa Meyer,"Chief Financial Officer, Treasurer and Secretary",high,Chief Financial Officer
GigaCloud Technology Inc,8-K,Larry Lei Wu,Chairman of the Board of Directors andChief Executive Officer,high,Chief Executive Officer
DYADIC INTERNATIONAL INC,8-K,Ping Rawson,"Chief Financial Officer SIGNATURE PAGE TO SECURITIES PURCHASE AGREEMENT PURCHASER SIGNATURE PAGES TO DYADIC INTERNATIONAL, INC",high,Chief Financial Officer
DYADIC INTERNATIONAL INC,8-K,Mark A. Emalfarb,Chief Executive Officer,high,Chief Executive Officer
Rigel Resource Acquisition Corp.,8-K,Jonathan Lamb,Chief Executive Officer,high,Chief Executive Officer
Rigel Resource Acquisition Corp.,8-K,Alan Smith,Director Blyvoor Gold Underground Operations Proprietary Limited By,high,Director
Rigel Resource Acquisition Corp.,8-K,Alan Gordon Smith,Director,high,Director
"Klotho Neurosciences, Inc.",8-K,Jiande Chen,Chief Executive Officer,high,Chief Executive Officer
CORE MOLDING TECHNOLOGIES INC,8-K,John P. Zimmer,"Executive Vice President, Treasurer, Secretary and Chief Financial Officer",high,Chief Financial Officer
"Propanc Biopharma, Inc.",8-K,James Nathanielsz,Chief Executive Officer and Chief Financial Officer,high,Chief Executive Officer
NET Power Inc.,8-K,Akash Patel,Chief Financial Officer,high,Chief Financial Officer
VERINT SYSTEMS INC,8-K,Grant Highlander,Chief Financial Officer,high,Chief Financial Officer
"ANAPTYSBIO, INC",8-K,Dennis Mulroy,Chief Financial Officer,high,Chief Financial Officer
Principal Real Estate Income Fund,8-K,Nicholas Adams,Secretary,high,Secretary
Arogo Capital Acquisition Corp.,8-K,Suradech Taweesaengsakulthai,Chief Executive Officer Dated,high,Chief Executive Officer
"Real Good Food Company, Inc.",8-K,Bryan Freeman,"Executive Chairman Signature Page to Amendment Number Twenty Seven to Loan and Security Agreement PMC FINANCIAL SERVICES GROUP, LLC By",high,Chair
"Blade Air Mobility, Inc.",8-K,William A. Heyburn,Chief Financial Officer,high,Chief Financial Officer
"PLBY Group, Inc.",8-K,Chris Riley,General Counsel and Secretary,high,General Counsel And Secretary
Li-Cycle Holdings Corp.,8-K,Ajay Kochhar,"Chief Executive Officer CONTINENTAL STOCK TRANSFER & TRUST COMPANY, AS RIGHTS AGENT By",high,Chief Executive Officer
"CLOVER HEALTH INVESTMENTS, CORP. /DE",8-K,Terrence Ronan,Interim Chief Financial Officer,high,Chief Financial Officer
Beauty Health Co,8-K,Michael Monahan,Chief Financial Officer,high,Chief Financial Officer
"Laird Superfood, Inc.",8-K,Anya Hamill,Chief Financial Officer,high,Chief Financial Officer
"FiscalNote Holdings, Inc.",8-K,Jon Slabaugh,Chief Financial Officer,high,Chief Financial Officer
"IGC Pharma, Inc.",8-K,Claudia Grimaldi,Vice President and PFO false,high,Vice President
"Fossil Group, Inc.",8-K,Sunil M. Doshi,"Executive Vice President, Chief Financial Officer and Treasurer",high,Chief Financial Officer
scPharmaceuticals Inc.,8-K,John H. Tucker,President and Chief Executive Officer,high,Chief Executive Officer
GrowGeneration Corp.,8-K,Darren Lampert,Chief Executive Officer,high,Chief Executive Officer
"KORU Medical Systems, Inc.",8-K,Thomas Adams,Chief Financial Officer,high,Chief Financial Officer
"KORU Medical Systems, Inc.",8-K,Evan Chen,Vice President,high,Vice President
Logan Ridge Finance Corp.,8-K,Jason Roos,Chief Financial Officer,high,Chief Financial Officer
LENNAR CORP /NEW/,8-K,Diane Bessette,"Vice President, Chief Financial Officer and Treasurer",high,Chief Financial Officer
Solventum Corp,8-K,Teresa Crockett,PresidentDate,high,Presidentdate
"Limbach Holdings, Inc.",8-K,Jayme L. Brooks,Executive Vice President and Chief Financial Officer Dated,high,Chief Financial Officer
"Limbach Holdings, Inc.",8-K,Jayme Brooks,Chief Financial Officer GUARANTORS,high,Chief Financial Officer
"Limbach Holdings, Inc.",8-K,Vito Gerardi,Assistant Vice President,high,Vice President
"PSQ Holdings, Inc.",8-K,Michael Seifert,"Founder, Chairman and Chief Executive Officer",high,Chief Executive Officer
"Protalix BioTherapeutics, Inc.",8-K,Dror Bashan,President and Chief Executive Officer,high,Chief Executive Officer
"DICK'S SPORTING GOODS, INC.",8-K,Navdeep Gupta,Executive Vice President,high,Vice President
"NovaBay Pharmaceuticals, Inc.",8-K,Justin M. Hall,Chief Executive Officer and General Counsel,high,Chief Executive Officer
Global Star Acquisition Inc.,8-K,Anthony Ang,Director Merger Sub,high,Director
"Co-Diagnostics, Inc.",8-K,Brian Brown,Chief Financial Officer,high,Chief Financial Officer
"Phreesia, Inc.",8-K,Balaji Gandhi,Chief Financial Officer,high,Chief Financial Officer
"Enliven Therapeutics, Inc.",8-K,Samuel Kintz,President and Chief Executive Officer,high,Chief Executive Officer
FREQUENCY ELECTRONICS INC,8-K,Steven L. Bernstein,"Chief Financial Officer, Secretary and Treasurer false",high,Chief Financial Officer
SONIM TECHNOLOGIES INC,8-K,Clay Crolius,Chief Financial Officer,high,Chief Financial Officer
"Ouster, Inc.",8-K,Megan Chung,General Counsel and Corporate Secretary,high,General Counsel And Corporate Secretary
Regulus Therapeutics Inc.,8-K,Cris Calsada,Chief Financial Officer,high,Chief Financial Officer
OPTICAL CABLE CORP,8-K,Tracy G. Smith,Senior Vice President and Chief Financial Officer Dated,high,Chief Financial Officer
Redwire Corp,8-K,Jonathan Baliff,Chief Financial Officer and Director,high,Chief Financial Officer
"Forge Global Holdings, Inc.",8-K,Kelly Rodriques,Chief Executive Officer,high,Chief Executive Officer
Mediaco Holding Inc.,8-K,Ann C. Beemish,Chief Financial Officer,high,Chief Financial Officer
Portman Ridge Finance Corp,8-K,Jason T. Roos,Chief Financial Officer Date,high,Chief Financial Officer
YUNHONG GREEN CTI LTD.,8-K,Frank Cesario,Chief Executive Officer,high,Chief Executive Officer
"Townsquare Media, Inc.",8-K,Stuart Rosenstein,Executive Vice President and Chief Financial Officer,high,Chief Financial Officer
Monogram Technologies Inc.,8-K,Benjamin Sexson,Chief Executive Officer Dated,high,Chief Executive Officer
LIPELLA PHARMACEUTICALS INC.,8-K,Jonathan Kaufman,Chief Executive Officer,high,Chief Executive Officer
"Ankam, Inc.",8-K,Bakur Kalichava,"President, Director, Chief Executive Officer, Chief Financial Officer, Treasurer and Secretary",high,Chief Executive Officer
"J.Jill, Inc.",8-K,Kathleen B. Stevens,"Senior Vice President, General Counsel, Secretary and ESG",high,Vice President
Nature's Miracle Holding Inc.,8-K,Bill Chen,Chief Executive Officer,high,Chief Executive Officer
"Annovis Bio, Inc.",8-K,Maria Maccecchini,President and Chief Executive Officer,high,Chief Executive Officer
"bluebird bio, Inc.",8-K,Joseph Vittiglio,Chief Legal & Business Officer and Secretary,high,Chief Legal & Business Officer And Secretary
ABEONA THERAPEUTICS INC.,8-K,Joseph Vazzano,Chief Financial Officer Date,high,Chief Financial Officer
Insight Select Income Fund,8-K,Daniel Haff,Chief Compliance Officer Date,high,Chief Compliance Officer Date
"Acurx Pharmaceuticals, Inc.",8-K,David P. Luci,President and Chief Executive Officer,high,Chief Executive Officer
"Greenwave Technology Solutions, Inc.",8-K,Danny Meeks,Chief Executive Officer Date,high,Chief Executive Officer
"Binah Capital Group, Inc.",8-K,Craig Gould,Chief Executive Officer Dated,high,Chief Executive Officer
"Oblong, Inc.",8-K,Peter Holst,President & CEO,high,Chief Executive Officer
"Tempest Therapeutics, Inc.",8-K,Stephen Brady,Chief Executive Officer,high,Chief Executive Officer
ASPAC II Acquisition Corp.,8-K,Serena Shie,Chief Executive Officer,high,Chief Executive Officer
"Bolt Projects Holdings, Inc.",8-K,Timothy Babich,Chief Executive Officer Date,high,Chief Executive Officer
Hi-Great Group Holding Co,8-K,Jun Ho Yang,"Chief Executive Officer, Principal Financial & Accounting Officer,",high,Chief Executive Officer
"TELA Bio, Inc.",8-K,Antony Koblish,"President, Chief Executive Officer and Director Date",high,Chief Executive Officer
"Ollie's Bargain Outlet Holdings, Inc.",8-K,Robert Helm,Senior Vice President and Chief Financial Officer Date,high,Chief Financial Officer
"Trevi Therapeutics, Inc.",8-K,Lisa Delfini,Chief Financial Officer,high,Chief Financial Officer
"OmniAb, Inc.",8-K,Kurt Gustafson,"Executive Vice President, Finance and Chief Financial Officer",high,Chief Financial Officer
Sadot Group Inc.,8-K,Michael Roper,Chief Executive Officer Date,high,Chief Executive Officer
"Cepton, Inc.",8-K,Jun Pei,President and Chief Executive Officer,high,Chief Executive Officer
"Protagenic Therapeutics, Inc.new",8-K,Alexander K. Arrow,Chief Financial Officer,high,Chief Financial Officer
"Latch, Inc.",8-K,Priyen Patel,Senior Vice President and General Counsel,high,Vice President
"Intellicheck, Inc.",8-K,Jeffrey Ishmael,Chief Financial Officer and Chief Operating Officer Exhibit Index Exhibit Description,high,Chief Operating Officer
Four Leaf Acquisition Corp,8-K,Angel Orrantia,Chief Executive Officer Dated,high,Chief Executive Officer
GBT Technologies Inc.,8-K,Mansour Khatib,Chief Executive Officer Date,high,Chief Executive Officer
Anixa Biosciences Inc,8-K,Michael J. Catelani,"President, Chief Operating Officer and Chief Financial Officer",high,Chief Operating Officer
Paramount Gold Nevada Corp.,8-K,Carlo Buffone,Chief Financial Officer Dated,high,Chief Financial Officer
T Stamp Inc,8-K,Gareth Genner,Chief Executive Officer Dated,high,Chief Executive Officer
VIVOS INC,8-K,Michael K. Korenko,Chief Executive Officer,high,Chief Executive Officer
"MIND TECHNOLOGY, INC",8-K,Robert P. Capps,President and Chief Executive Officer,high,Chief Executive Officer
DAXOR CORP,8-K,Robert J. Michel,Chief Financial Officer,high,Chief Financial Officer
"Reddit, Inc.",8-K,Steven Huffman,"Chief Executive OfficerEXHIBIT AARTICLE IThe name of the corporation is Reddit, Inc",high,Chief Executive Officer
TMC the metals Co Inc.,8-K,Craig Shesky,Chief Financial Officer,high,Chief Financial Officer
Black Hawk Acquisition Corp,8-K,Kent Louis Kaufman,Chief Executive Officer CONTINENTAL STOCK TRANSFER & TRUST COMPANY By,high,Chief Executive Officer
Mural Oncology plc,8-K,Adam Cutler,Chief Financial Officer,high,Chief Financial Officer
MOVADO GROUP INC,8-K,Mitchell Sussis,"Senior Vice President, General Counsel and Secretary",high,Vice President
"AmpliTech Group, Inc.",8-K,Fawad Maqbool,Chief Executive Officer,high,Chief Executive Officer
"Global Self Storage, Inc.",8-K,Mark C. Winmill,President,high,President
"Korro Bio, Inc.",8-K,Ram Aiyar,President and Chief Executive Officer,high,Chief Executive Officer
"Precipio, Inc.",8-K,Ilan Danieli,Chief Executive Officer Date,high,Chief Executive Officer
"Oncology Institute, Inc.",8-K,Mihir Shah,Chief Financial Officer,high,Chief Financial Officer
Mereo BioPharma Group plc,8-K,Christine Fox,Chief Financial Officer,high,Chief Financial Officer
Avalon GloboCare Corp.,8-K,Luisa Ingargiola,Chief Financial Officer,high,Chief Financial Officer
EMERSON RADIO CORP,8-K,Christopher Ho,Chief Executive Officer Dated,high,Chief Executive Officer
Sky Harbour Group Corp,8-K,Tal Keinan,Chief Executive Officer,high,Chief Executive Officer
Bayview Acquisition Corp,8-K,Xin Wang,Chief Executive Officer Dated,high,Chief Executive Officer
"Iveda Solutions, Inc.",8-K,David Ly,Chief Executive Officer,high,Chief Executive Officer
"American Oncology Network, Inc.",8-K,Todd Schonherz,Chief Executive Officer,high,Chief Executive Officer
Senmiao Technology Ltd,8-K,Xiaoyuan Zhang,Chief Financial Officer,high,Chief Financial Officer
REX AMERICAN RESOURCES Corp,8-K,Douglas L. Bruggeman,Vice President,high,Vice President
"Vemanti Group, Inc.",8-K,Tan Tran,Chief Executive Officer,high,Chief Executive Officer
"Ontrak, Inc.",8-K,Fonda Hall,Vice PresidentExhibit AForm of Demand Note,high,Vice President
Expion360 Inc.,8-K,Brian Schaffner,Chief Executive Officer,high,Chief Executive Officer
CVD EQUIPMENT CORP,8-K,Richard Catalano,"Executive Vice President, Chief Financial Officer, Secretary and Treasurer",high,Chief Financial Officer
SARATOGA INVESTMENT CORP.,8-K,Henri J. Steenkamp,"Chief Financial Officer, Chief Compliance Officer, Treasurer and Secretary",high,Chief Financial Officer
SARATOGA INVESTMENT CORP.,8-K,Michael J. Grisius,Chief Investment Officer,high,Chief Investment Officer
SARATOGA INVESTMENT CORP.,8-K,Robert Riesen,"Vice President LIVE OAK BANKING COMPANY, as a Lender By",high,Vice President
SARATOGA INVESTMENT CORP.,8-K,Kenneth Brandt,Vice President,high,Vice President
"Astera Labs, Inc.",8-K,Michael Tate,Chief Financial Officer,high,Chief Financial Officer
"Astera Labs, Inc.",8-K,Jitendra Mohan,Chief Executive Officer,high,Chief Executive Officer
Torrid Holdings Inc.,8-K,Paula Dempsey,Chief Financial Officer Date,high,Chief Financial Officer
"Shapeways Holdings, Inc.",8-K,Alberto Recchi,Chief Financial Officer,high,Chief Financial Officer
Oak Woods Acquisition Corp,8-K,Lixin Zheng,Chief Executive Officer Dated,high,Chief Executive Officer
Oak Woods Acquisition Corp,8-K,Xuehong Li,Chairman of the Board of Directors Shareholders,high,Chair
NetBrands Corp.,8-K,Paul Adler,President & CEO EXHIBIT A,high,Chief Executive Officer
NextPlat Corp,8-K,David Phipps,President SELLER,high,President
NextPlat Corp,8-K,Charles M. Fernandez,Chairman and Chief Executive Officer Dated,high,Chief Executive Officer
"RANGE IMPACT, INC.",8-K,Michael Cavanaugh,Chief Executive Officer EXHIBIT INDEX Exhibit No,high,Chief Executive Officer
Metal Sky Star Acquisition Corp,8-K,Wenxi He,Chief Executive Officer and Director,high,Chief Executive Officer
SCWorx Corp.,8-K,Timothy A. Hannibal,Chief Executive Officer,high,Chief Executive Officer
IB Acquisition Corp.,8-K,Al Lopez,Chief Executive Officer,high,Chief Executive Officer
"BIOREGENX, INC.",8-K,William Resides,Chief Executive Officer,high,Chief Executive Officer
"PIONEER POWER SOLUTIONS, INC.",8-K,Walter Michalec,Chief Financial Officer,high,Chief Financial Officer
SKYX Platforms Corp.,8-K,John P. Campi,Chief Executive Officer,high,Chief Executive Officer
"Elys BMG Group, Inc.",8-K,Michele Ciavarella,Executive Chairman,high,Chair
"Electromedical Technologies, Inc",8-K,Matthew Wolfson,"Chief Executive Officer MAST HILL FUND, L",high,Chief Executive Officer
"Boundless Bio, Inc.",8-K,Jessica Oien,Chief Legal Officer and Corporate Secretary,high,Chief Legal Officer And Corporate Secretary
"Boundless Bio, Inc.",8-K,Zachary D. Hornby,President and Chief Executive Officer,high,Chief Executive Officer
READING INTERNATIONAL INC,8-K,Gilbert Avanes,"Executive Vice President, Chief Financial Officer and Treasurer",high,Chief Financial Officer
"Driveitaway Holdings, Inc.",8-K,John Possumato,Chief Executive Officer,high,Chief Executive Officer
Mountain Crest Acquisition Corp. V,8-K,Suying Liu,Chief Executive Officer,high,Chief Executive Officer
Inflection Point Acquisition Corp. II,8-K,Michael Blitzer,Chairman and Chief Executive Officer,high,Chief Executive Officer
"Traws Pharma, Inc.",8-K,Steven M. Fruchtman,"President and CEO trawS merger sub, inc",high,Chief Executive Officer
"Traws Pharma, Inc.",8-K,Nikolay Savchuk,Chief Executive Officer,high,Chief Executive Officer
"Traws Pharma, Inc.",8-K,Mark Guerin,Chief Financial Officer,high,Chief Financial Officer
CONAGRA BRANDS INC.,8-K,Carey Bartell,"Executive Vice President, General Counsel and Corporate Secretary Date",high,Vice President
"Lamb Weston Holdings, Inc.",8-K,Bernadette M. Madarieta,Chief Financial Officer Date,high,Chief Financial Officer
UNION ELECTRIC CO,8-K,Mark C. Birk,Chairman and President Date,high,President
Massimo Group,8-K,David Shan,Chief Executive Officer Dated,high,Chief Executive Officer
Massimo Group,8-K,Barry Kiront,Chief Executive Officer R,high,Chief Executive Officer
"Synaptogenix, Inc.",8-K,Robert Weinstein,Chief Financial Officer,high,Chief Financial Officer
"ORIGINCLEAR, INC.",8-K,T. Riggs Eckelberry,Chief Executive Officer,high,Chief Executive Officer
Aerkomm Inc.,8-K,Louis Giordimaina,Chief Executive Officer,high,Chief Executive Officer
Aerkomm Inc.,8-K,Karen Bach,Chief Executive Officer Merger Sub,high,Chief Executive Officer
Flora Growth Corp.,8-K,Clifford Starke,Chief Executive Officer,high,Chief Executive Officer
NEOGEN CORP,8-K,Amy M. Rocklin,"Chief Legal & Compliance Officer, Corporate Secretary",high,Chief Legal & Compliance Officer Corporate Secretary
"ATHERSYS, INC / NEW",8-K,Kasey Rosado,Interim Chief Financial Officer,high,Chief Financial Officer
Pagaya Technologies Ltd.,8-K,Gal Krubiner,Chief Executive Officer,high,Chief Executive Officer
"INDIA FUND, INC.",8-K,Lucia Sitar,Vice President and Chief Legal Officer,high,Vice President
"Contineum Therapeutics, Inc.",8-K,Carmine Stengone,Chief Executive Officer,high,Chief Executive Officer
QDM International Inc.,8-K,Huihe Zheng,Chief Executive Officer,high,Chief Executive Officer
MANHATTAN SCIENTIFICS INC,8-K,Emmanuel Tsoupanarias,Chief Executive Officer,high,Chief Executive Officer
Lovesac Co,8-K,Keith Siegner,Executive Vice President and Chief Financial Officer,high,Chief Financial Officer
"ConnectM Technology Solutions, Inc.",8-K,Bhaskar Panigrahi,"Chairman and CEO Signature Page to Second Amendment to Agreement and Plan of Merger IN WITNESS WHEREOF, this Amendment of Agreement and Plan of Merger has been duly executed and delivered by the Parties, effective as of the Second Amendment Effective Date",high,Chief Executive Officer
"ConnectM Technology Solutions, Inc.",8-K,Bala Padmakumar,Chairman and CEO MERGER SUB,high,Chief Executive Officer
"BASANITE, INC.",8-K,Jackie Placeres,Acting Interim Chief Financial Officer,high,Chief Financial Officer
Marblegate Acquisition Corp.,8-K,Jeffrey Kravetz,Chief Financial Officer,high,Chief Financial Officer
Marblegate Acquisition Corp.,8-K,Andrew Milgram,Chief Executive Officer,high,Chief Executive Officer
ENTREPRENEUR UNIVERSE BRIGHT GROUP,8-K,Guolin Tao,Chief Executive Officer and Chief Financial Officer,high,Chief Executive Officer
Correlate Energy Corp.,8-K,Todd Michaels,Chief Executive Officer,high,Chief Executive Officer
Technology & Telecommunication Acquisition Corp,8-K,Tek Che Ng,Chief Executive Officer,high,Chief Executive Officer
China Foods Holdings Ltd.,8-K,Kong Xiao Jun,Chief Executive Officer,high,Chief Executive Officer
"PACS Group, Inc.",8-K,John Mitchell,"SecretaryEXHIBIT AARTICLE IThe name of the corporation is PACS Group, Inc",high,Secretaryexhibit Aarticle Ithe Name Of The Corporation Is Pacs Group Inc
"PACS Group, Inc.",8-K,Derick Apt,Chief Financial Officer,high,Chief Financial Officer
I-ON Digital Corp.,8-K,Carlos X. Montoya,President,high,President
Innovative Eyewear Inc,8-K,Harrison Gross,Chief Executive Officer,high,Chief Executive Officer
Innovative Eyewear Inc,8-K,Konrad Dabrowski,Chief Financial Officer Address for Notice,high,Chief Financial Officer
CXApp Inc.,8-K,Khurram P. Sheikh,Chairman and Chief Executive Officer,high,Chief Executive Officer
"TC Bancshares, Inc.",8-K,Greg Eiford,President and Chief Executive Officer EXECUTIVE,high,Chief Executive Officer
Northann Corp.,8-K,Lin Li,"Chairman of the Board, Chief Executive Officer, President, Secretary, Treasurer",high,Chief Executive Officer
"Cyclerion Therapeutics, Inc.",8-K,Regina Graul,President,high,President
Integral Acquisition Corp 1,8-K,Enrique Klix,Chief Executive Officer Dated,high,Chief Executive Officer
"Snail, Inc.",8-K,Hai Shi,Chairman of the Board ACCEPTED By,high,Chair
U.S. GOLD CORP.,8-K,Eric Alexander,Chief Financial Officer,high,Chief Financial Officer
Viewbix Inc.,8-K,Amihay Hadad,Chief Executive Officer Date,high,Chief Executive Officer
"BIOXYTRAN, INC",8-K,David Platt,Chief Executive Officer EXHIBIT,high,Chief Executive Officer
"NSTS Bancorp, Inc.",8-K,Stephen G. Lear,President and Chief Executive Officer,high,Chief Executive Officer
SPECTRAL CAPITAL Corp,8-K,Jenifer Osterwalder,Chief Executive Officer,high,Chief Executive Officer
"Ibotta, Inc.",8-K,Bryan Leach,"Founder, Chief Executive Officer, President, and Chairman of the Board of DirectorsDated",high,Chief Executive Officer
"New Asia Holdings, Inc.",8-K,Lin Kok Peng,Chief Executive Officer,high,Chief Executive Officer
"SILVER BULL RESOURCES, INC.",8-K,Christopher Richards,Chief Financial Officer,high,Chief Financial Officer
"Centuri Holdings, Inc.",8-K,Gregory A. Izenstark,Executive Vice President and Chief Financial Officer,high,Chief Financial Officer
PetroGas Co,8-K,Huang Yu,"President, CEO",high,Chief Executive Officer
"Mama's Creations, Inc.",8-K,Adam L. Michaels,Chief Executive Officer Dated,high,Chief Executive Officer
Insight Acquisition Corp. /DE,8-K,Michael Singer,Executive Chairman,high,Chair
Charging Robotics Inc.,8-K,Gadi Levin,Chief Financial Officer Date,high,Chief Financial Officer
"Tattooed Chef, Inc.",8-K,Edward J. Bidanset,Chief Restructuring Officer Date,high,Chief Restructuring Officer Date
"Yale Transaction Finders, Inc.",8-K,Jonathan J. Ledecky,Chief Executive Officer,high,Chief Executive Officer
"GOOD GAMING, INC.",8-K,David B. Dorwart,Chief Executive Officer,high,Chief Executive Officer
iShares Silver Trust,8-K,Shannon Ghia,"Director, President and Chief Executive Officer",high,Chief Executive Officer
BurTech Acquisition Corp.,8-K,Shahal Khan,Chief Executive Officer,high,Chief Executive Officer
BurTech Acquisition Corp.,8-K,Barthelemy Debray,Director By,high,Director
"Nu-Med Plus, Inc.",8-K,William Hayde,"Chief Executive Officer YOURSPACE AMERICA, INC",high,Chief Executive Officer
ASA Gold & Precious Metals Ltd,8-K,Axel Merk,Chief Operating Officer,high,Chief Operating Officer
PARK AEROSPACE CORP,8-K,P. Matthew Farabaugh,Senior Vice President and Chief Financial Officer,high,Chief Financial Officer
"Bantec, Inc.",8-K,Michael Bannon,President and CEO,high,Chief Executive Officer
SOCIETY PASS INCORPORATED.,8-K,Raynauld Liang,Chief Executive Officer Date,high,Chief Executive Officer
"CleanCore Solutions, Inc.",8-K,Douglas T. Moore,"Chief Executive Officer Confirmed as of the date first written above mentioned, on behalf of itself and as Representative of the several Underwriters named on Schedule",high,Chief Executive Officer
"LOGIQ, INC.",8-K,Brent Suen,Chief Executive Officer,high,Chief Executive Officer
Agriculture & Natural Solutions Acquisition Corp,8-K,Thomas Smith,"Chief Financial Officer, Chief Accounting Officer and Secretary",high,Chief Financial Officer
Raphael Pharmaceutical Inc.,8-K,Shlomo Pilo,Chief Executive Officer Date,high,Chief Executive Officer
Vor Biopharma Inc.,8-K,Robert Ang,Chief Executive Officer,high,Chief Executive Officer
DevvStream Corp.,8-K,Sunny Trinh,Chief Executive Officer,high,Chief Executive Officer
Loar Holdings Inc.,8-K,Michael Manella,"Vice President, General Counsel and Secretary",high,Vice President
Loar Holdings Inc.,8-K,Dirkson Charles,"President, Chief Executive Officer and Executive Co",high,Chief Executive Officer
Target Global Acquisition I Corp.,8-K,Shmuel Chafets,Chief Executive Officer,high,Chief Executive Officer
NEXT-ChemX Corporation.,8-K,J. Michael Johnson,President,high,President
Ivanhoe Electric Inc.,8-K,Sonia Scarselli,Director IVANHOE ELECTRIC INC,high,Director
Ivanhoe Electric Inc.,8-K,Taylor Melvin,President and Chief Executive Officer SAND HILL EXPLORATION INC,high,Chief Executive Officer
Ivanhoe Electric Inc.,8-K,Cassandra Joseph,Director,high,Director
Planet Green Holdings Corp.,8-K,Bin Zhou,Chief Executive Officer and Chairman,high,Chief Executive Officer
Yoshiharu Global Co.,8-K,James Chae,Chief Executive Officer,high,Chief Executive Officer
"ECO SCIENCE SOLUTIONS, INC.",8-K,Michael Rountree,Chief Executive Officer,high,Chief Executive Officer
"LINGERIE FIGHTING CHAMPIONSHIPS, INC.",8-K,Shaun Donnelly,Chief Executive Officer,high,Chief Executive Officer
Global Blockchain Acquisition Corp.,8-K,Max Hooper,Chief Executive Officer,high,Chief Executive Officer
Hubilu Venture Corp,8-K,David Behrend,Chief Executive Officer,high,Chief Executive Officer
"GLOBAL TECH INDUSTRIES GROUP, INC.",8-K,David Reichman,Chairman & CEO,high,Chief Executive Officer
BIOMERICA INC,8-K,Zackary Irani,Chief Executive Officer ACCEPTED as of the date first,high,Chief Executive Officer
BIOMERICA INC,8-K,Phil Wiederlight,Chief Operating Officer R,high,Chief Operating Officer
BIOMERICA INC,8-K,Robert Hackel,Chief Operating Officer,high,Chief Operating Officer
"iTeos Therapeutics, Inc.",8-K,Aaron Davis,Chief Executive Officer Address,high,Chief Executive Officer
"Fifth District Bancorp, Inc.",8-K,J. Andrew Hitt,Managing Director,high,Managing Director
Ameren Illinois Co,8-K,Chonda J. Nwamu,"Executive Vice President, General Counsel and Secretary UNION ELECTRIC COMPANY",high,Vice President
Nano Nuclear Energy Inc.,8-K,James Walker,Chief Executive Officer NOTICE OF EXERCISE TO,high,Chief Executive Officer
Nano Nuclear Energy Inc.,8-K,Jay Jiang Yu,"Chairman of the Board and President Confirmed as of the date first written above mentioned, on behalf of itself and as Representative of the underwriters named on Schedule",high,President
GP-Act III Acquisition Corp.,8-K,Antonio Bonchristiano,Chief Executive Officer,high,Chief Executive Officer
GP-Act III Acquisition Corp.,8-K,Luis Ortiz,Vice President,high,Vice President
Legacy Housing Corp,8-K,Duncan Bates,President and Chief Executive Officer,high,Chief Executive Officer
Calamos Dynamic Convertible & Income Fund,8-K,Erik D. Ojala,Vice President and Secretary Date,high,Vice President
Evergreen Corp,8-K,Liew Choon Lian,Chief Executive Officer,high,Chief Executive Officer
Armlogi Holding Corp.,8-K,Aidy Chou,Chief Executive Officer,high,Chief Executive Officer
Horizon Kinetics Holding Corp,8-K,Jay Kesslen,General Counsel Parent SCOTT,high,General Counsel Parent Scott
Horizon Kinetics Holding Corp,8-K,David M. Arndt,"Chief Financial Officer Merger Sub HKNY ONE, LLC a Delaware liability company By",high,Chief Financial Officer
"Proficient Auto Logistics, Inc",8-K,Ross Berner,President,high,President
"APPYEA, INC",8-K,Asaf Porat,Chief Financial Officer Date,high,Chief Financial Officer
"HG Holdings, Inc.",8-K,Justin H. Edenfield,Principal Financial and Accounting Officer,high,Principal Financial And Accounting Officer
Caro Holdings Inc.,8-K,Meriesha Rennalls,President,high,President
"GOLDENWELL BIOTECH, INC.",8-K,Shuang Liu,Chief Executive Officer,high,Chief Executive Officer
NXG Cushing Midstream Energy Fund,8-K,Blake Nelson,"Chief Financial Officer, Treasurer and Secretary",high,Chief Financial Officer
NXG Cushing Midstream Energy Fund,8-K,John Musgrave,"Chief Executive Officer and President FORESIDE FUND SERVICES, LLC By",high,Chief Executive Officer
NXG Cushing Midstream Energy Fund,8-K,Saawan Pathange,Managing Director By,high,Managing Director
Mag Magna Corp,8-K,Oleg Bilinski,"Director, President, Chief Executive Officer, Treasurer, and Secretary",high,Chief Executive Officer
Dominari Holdings Inc.,8-K,Anthony Hayes,Chief Executive Officer,high,Chief Executive Officer
"ENZON PHARMACEUTICALS, INC.",8-K,Richard L. Feinstein,"Chief Executive Officer, Chief Financial Officer and Secretary",high,Chief Executive Officer
RF Acquisition Corp II,8-K,Fran Wolf,Vice President RF ACQUISITION CORP II By,high,Vice President
ALEXANDERS INC,8-K,Gary Hansen,Chief Financial Officer,high,Chief Financial Officer
Vanguard Green Investment Ltd,8-K,Niu Yen Yen,Chief Executive Officer and Director,high,Chief Executive Officer
NeuroMind AI Corp.,8-K,Eyal Perez,Chief Executive Officer,high,Chief Executive Officer
"Inhibrx Biosciences, Inc.",8-K,Kelly Deck,Chief Financial Officer and Treasurer,high,Chief Financial Officer
"SUNHYDROGEN, INC.",8-K,Timothy Young,Chief Executive Officer INVESTOR,high,Chief Executive Officer
"GRAIL, Inc.",8-K,Abram Barth,General Counsel,high,General Counsel
"ADAMS DIVERSIFIED EQUITY FUND, INC.",8-K,Janis F. Kerns,"Vice President, General Counsel and Secretary Date",high,Vice President
"Fly-E Group, Inc.",8-K,Zhou Ou,"Chief Executive Officer Confirmed as of the date first written above mentioned, on behalf of itself and as Representative of the several Underwriters named on Schedule",high,Chief Executive Officer
"Sarepta Therapeutics, Inc.",8-K,Douglas Ingram,Chief Executive Officer,high,Chief Executive Officer
PINEAPPLE EXPRESS CANNABIS Co,8-K,Matthew Feinstein,"President, CEO and Treasurer",high,Chief Executive Officer
Compass Digital Acquisition Corp.,8-K,Nick Geeza,Chief Financial Officer Date,high,Chief Financial Officer
Solid Biosciences Inc.,8-K,Alexander Cumbo,Chief Executive Officer,high,Chief Executive Officer
"NATHANS FAMOUS, INC.",8-K,Eric Gatoff,Chief Executive Officer,high,Chief Executive Officer
Waystar Holding Corp.,8-K,Matthew J. Hawkins,Chief Executive Officer,high,Chief Executive Officer
Waystar Holding Corp.,8-K,Matthew Hawkins,President and Chief Executive Officer,high,Chief Executive Officer
Waystar Holding Corp.,8-K,Erin Blake,"Managing Director, Legal M&A FRANCISCO PARTNERS PARALLEL FUND III",high,Managing Director
Chenghe Acquisition II Co.,8-K,Anna Zhou,Chief Executive Officer Accepted on the date first above written,high,Chief Executive Officer
Chenghe Acquisition II Co.,8-K,Jerry Serowik,Senior Managing Director and Head of Capital Markets SEAPORT GLOBAL SECURITIES LLC As a Representative of the several underwriters By,high,Managing Director
Chenghe Acquisition II Co.,8-K,Richard Li,Director,high,Director
Chenghe Acquisition II Co.,8-K,Lyle Wang,Chief Financial Officer HOLDERS,high,Chief Financial Officer
Chenghe Acquisition II Co.,8-K,Anthony Denier,Chief Executive Officer,high,Chief Executive Officer
Chenghe Acquisition II Co.,8-K,Qi Li,Director,high,Director
Haymaker Acquisition Corp. 4,8-K,Christopher Bradley,Chief Financial Officer Dated,high,Chief Financial Officer
Perceptive Capital Solutions Corp,8-K,Tina Pappas,Managing Director,high,Managing Director
Centurion Acquisition Corp.,8-K,Mark Gerhard,Chief Executive Officer Accepted on the date first above written,high,Chief Executive Officer
Centurion Acquisition Corp.,8-K,David Gomberg,President AGREED AND ACCEPTED BY,high,President
TREES Corp (Colorado),8-K,Adam Hershey,Interim Chief Executive Officer,high,Chief Executive Officer
Alpha Cognition Inc.,8-K,Don Kalkofen,Chief Financial Officer,high,Chief Financial Officer
HOUSTON AMERICAN ENERGY CORP,8-K,John Terwilliger,Chief Executive Officer,high,Chief Executive Officer
"Lifeway Foods, Inc.",8-K,Julie Smolyansky,Chief Executive Officer and Secretary,high,Chief Executive Officer
"Reliant Holdings, Inc.",8-K,Claude Zdanow,Chief Executive Officer,high,Chief Executive Officer
"Japan Food Tech Holdings, Inc.",8-K,Koichi Ishizuka,President and Chief Executive Officer,high,Chief Executive Officer
"MANHATTAN BRIDGE CAPITAL, INC",8-K,Assaf Ran,President and Chief Executive Officer,high,Chief Executive Officer
Melar Acquisition Corp. I/Cayman,8-K,Gautam Ivatury,Chief Executive Officer,high,Chief Executive Officer
"Embassy Bancorp, Inc.",8-K,Judith A. Hunsicker,"First Executive, Chief Operating and Financial Officer",high,First Executive Chief Operating And Financial Officer
Lionheart Holdings,8-K,Paul Rapisarda,Chief Financial Officer Dated,high,Chief Financial Officer
Lionheart Holdings,8-K,Ophir Sternberg,Chief Executive Officer By,high,Chief Executive Officer
Flag Ship Acquisition Corp,8-K,Matthew Chen,Chief Executive Officer,high,Chief Executive Officer
Flag Ship Acquisition Corp,8-K,Young D. Kim,Compliance Officer,high,Compliance Officer
Flag Ship Acquisition Corp,8-K,Amy M. Kohr,Assistant Vice President,high,Vice President
DUKE Robotics Corp.,8-K,Yossef Balucka,Chief Executive Officer,high,Chief Executive Officer
Business Warrior Corp,8-K,Rhett Doolittle,Chief Executive Officer and Director,high,Chief Executive Officer
NXG NextGen Infrastructure Income Fund,8-K,Jeffrey Engelsman,Chief Compliance Officer Agreed & Accepted,high,Chief Compliance Officer Agreed & Accepted
"Crown Equity Holdings, Inc.",8-K,Mike Zaman,CEO and President,high,Chief Executive Officer
"United Health Products, Inc.",8-K,Brian Thom,"Chief Executive Officer White Lion Capital, LLC By",high,Chief Executive Officer
Coliseum Acquisition Corp.,8-K,Charles Wert,Chief Executive Officer,high,Chief Executive Officer
Coliseum Acquisition Corp.,8-K,Christopher Riley,"Chief Executive Officer Rain Enhancement Technologies HOLDCO, Inc",high,Chief Executive Officer
Coliseum Acquisition Corp.,8-K,Paul T. Dacier,President RainWATER MERGER SUB,high,President
Coliseum Acquisition Corp.,8-K,Andrew Fishkoff,Chief Operating Officer and General Counsel BERTO LLC By,high,Chief Operating Officer
Coliseum Acquisition Corp.,8-K,Paul Dacier,President COMPANY,high,President
Nabors Energy Transition Corp. II,8-K,Anthony G. Petrello,"President, Chief Executive Officer and Secretary",high,Chief Executive Officer
"HIGH WIRE NETWORKS, INC.",8-K,Mark Porter,Chief Executive Officer,high,Chief Executive Officer
SHARING SERVICES GLOBAL Corp,8-K,Ronald Wei,Chief Financial Officer,high,Chief Financial Officer
SHARING SERVICES GLOBAL Corp,8-K,John Thatch,Chief Executive Officer and Vice Chairman of the Board of Directors,high,Chief Executive Officer
SHARING SERVICES GLOBAL Corp,8-K,Chan Heng Fai Ambrose,Executive Chairman,high,Chair
Trailblazer Merger Corp I,8-K,Yosef Eichorn,Chief Development Officer,high,Chief Development Officer
Tamboran Resources Corp,8-K,Joel Riddle,Chief Executive Officer Signature Page to Tamboran Resources Corporation Registration Rights Agreement HOLDERS,high,Chief Executive Officer
Tamboran Resources Corp,8-K,Bryan Sheffield,President Notice Information,high,President
"EWSB Bancorp, Inc. /MD/",8-K,Charles D. Schmalz,"President and Chief Executive Officer EWSB BANCORP, INC",high,Chief Executive Officer
Graf Global Corp.,8-K,James A. Graf,"Chief Executive Officer, Chief Financial Officer and Director Dated",high,Chief Executive Officer
KKR Income Opportunities Fund,8-K,Thomas Murphy,Chief Financial Officer,high,Chief Financial Officer
KKR Income Opportunities Fund,8-K,Rudy Pimentel,President KKR CAPITAL MARKETS LLC By,high,President
KKR Income Opportunities Fund,8-K,David Bauer,Managing Director ACCEPTED as of the datefirst above written UBS SECURITIES LLC,high,Managing Director
GABELLI MULTIMEDIA TRUST INC.,8-K,John C. Ball,President and Treasurer,high,President
WEBTOON Entertainment Inc.,8-K,Junkoo Kim,Chief Executive Officer and Chairman of the Board Date,high,Chief Executive Officer
WEBTOON Entertainment Inc.,8-K,Soo Yeon Choi,Chief Executive Officer Address,high,Chief Executive Officer
WEBTOON Entertainment Inc.,8-K,Takeshi Idezawa,Representative Director Address,high,Director
Bitwise 10 Crypto Index Fund,8-K,Paul Fusaro,Chief Operating Officer,high,Chief Operating Officer
AI Transportation Acquisition Corp,8-K,Yongjin Chen,Chief Executive Officer and Chairman,high,Chief Executive Officer
AI Transportation Acquisition Corp,8-K,Kirk P. Taylor,Chief Financial Officer SIGNATURE PAGE TO SPONSOR SUPPORT AGREEMENT,high,Chief Financial Officer
LandBridge Co LLC,8-K,Jason Long,Chief Executive Officer HOLDERS,high,Chief Executive Officer
LandBridge Co LLC,8-K,Charles Park,Managing Director Barclays Capital Inc,high,Managing Director
LandBridge Co LLC,8-K,Amit Chandra,Managing Director On behalf of each of the Underwriters,high,Managing Director
"Crimson Wine Group, Ltd",8-K,Jennifer L. Locke,Chief Executive Officer,high,Chief Executive Officer
CFN Enterprises Inc.,8-K,Brian Ross,President and Chief Executive Officer Date,high,Chief Executive Officer
Eureka Acquisition Corp,8-K,Fen Zhang,Chief Executive Officer Accepted on the date first above written,high,Chief Executive Officer
"Legacy Education Alliance, Inc.",8-K,Barry Kostiner,Chief Executive Officer,high,Chief Executive Officer
Six Flags Entertainment Corporation/NEW,8-K,Brian Witherow,Chief Financial Officer,high,Chief Financial Officer
WNS (HOLDINGS) LTD,8-K,Gopi Krishnan,General Counsel,high,General Counsel
"Balance Labs, Inc.",8-K,Michael D. Farkas,Chief Executive Officer,high,Chief Executive Officer
Aceztech Corp,8-K,Kae Ren Tee,"Chief Executive Officer, Chief Financial Officer, Director",high,Chief Executive Officer
"Sound Point Meridian Capital, Inc.",8-K,Ujjaval Desai,Chief Executive Officer,high,Chief Executive Officer
"Sound Point Meridian Capital, Inc.",8-K,Kevin Gerlitz,Chief Financial Officer Credit Agreement Signature Page,high,Chief Financial Officer
"Sound Point Meridian Capital, Inc.",8-K,Shyam Shankar,Managing Director Credit Agreement Signature Page,high,Managing Director
SIM Acquisition Corp. I,8-K,Erich Spangenberg,Chief Executive Officer Accepted on the date first above written,high,Chief Executive Officer
SIM Acquisition Corp. I,8-K,David Kutcher,Chief Financial Officer Dated,high,Chief Financial Officer
"STARGUIDE GROUP, INC.",8-K,Lu Mei Xian,President,high,President
BIONOMICS LIMITED/FI,8-K,Spyros Papapetropoulos,President and Chief Executive Officer,high,Chief Executive Officer
"Calumet, Inc. /DE",8-K,David Lunin,Executive Vice President and Chief Financial Officer,high,Chief Financial Officer
"China Health Industries Holdings, Inc.",8-K,Xin Sun,Chief Executive Officer and Chief Financial Officer,high,Chief Executive Officer
Birdie Win Corp,8-K,Yunyuan Chen,"President, Chief Executive Officer, Treasurer, Secretary and Director",high,Chief Executive Officer
"TWFG, Inc.",8-K,Apoorva Ramesh,Vice President,high,Vice President
"TWFG, Inc.",8-K,Jyri Wilska,Managing Director,high,Managing Director
SUNRISE REAL ESTATE GROUP INC,8-K,Lin Hsin Hung,Chairman,high,Chair
KEEMO Fashion Group Ltd,8-K,Liu Lu,"Chief Executive Officer, President, Secretary, Treasurer, Director",high,Chief Executive Officer
TCW STRATEGIC INCOME FUND INC,8-K,Peter Davidson,Vice President and Secretary,high,Vice President
"Lineage, Inc.",8-K,Greg Lehmkuhl,President and Chief Executive Officer Date,high,Chief Executive Officer
"Lineage, Inc.",8-K,Aala Saifi,Vice President By,high,Vice President
"Lineage, Inc.",8-K,Ryan Cunn,Managing Director By,high,Managing Director
"Lineage, Inc.",8-K,Chris Djoganopoulos,Managing Director By,high,Managing Director
"Lineage, Inc.",8-K,Samantha Carter,Vice President By,high,Vice President
"Lineage, Inc.",8-K,Rohit Mehta,Executive Director I,high,Executive Director
DT Cloud Star Acquisition Corp,8-K,Bian Fan,"Chief Executive Officer VStock Transfer, LLC By",high,Chief Executive Officer
"OneStream, Inc.",8-K,Holly Koczot,General Counsel,high,General Counsel
"OneStream, Inc.",8-K,Bill Koefoed,Chief Financial Officer MANAGER,high,Chief Financial Officer
"OneStream, Inc.",8-K,Alexandra Chamber,"Principal Officer IGSB AVATAR P I, LLC By",high,Principal Officer Igsb Avatar P I Llc By
"OneStream, Inc.",8-K,Abby Honikman,Secretary,high,Secretary
"OneStream, Inc.",8-K,Jason Kreuziger,"Vice President FIRE JACK CONSULTING, LLC By",high,Vice President
"OneStream, Inc.",8-K,Ken Hohenstein,Chief Revenue Officer JOHN E,high,Chief Revenue Officer John E
"OneStream, Inc.",8-K,Peter Fugere,"Chief Solutions Officer IRONSTREAM, LLC By",high,Chief Solutions Officer Ironstream Llc By
"OneStream, Inc.",8-K,Anthony Ciaburro,"Vice President B LOVELACE SERVICES, LLC By",high,Vice President
"OneStream, Inc.",8-K,Matthew Dellenger,President CKOA LLC By,high,President
"OneStream, Inc.",8-K,Jennifer Shufro,"Managing Director ALKEON INNOVATION MASTER FUND II, LP By",high,Managing Director
"OneStream, Inc.",8-K,Bill Lovelace,Global Vice President,high,Vice President
"OneStream, Inc.",8-K,Anthony Cracchiolo,Assistant Secretary,high,Assistant Secretary
"OneStream, Inc.",8-K,Alexandra Chambers,Principal Officer,high,Principal Officer
Talen Energy Corp,8-K,Terry L. Nutt,Chief Financial Officer,high,Chief Financial Officer
"Concentra Group Holdings Parent, Inc.",8-K,Tyler Morgan,Vice President,high,Vice President
"Concentra Group Holdings Parent, Inc.",8-K,Katie Lundin,Managing Director,high,Managing Director
Seaport Entertainment Group Inc.,8-K,Lucy Fato,"Executive Vice President, GeneralCounsel and Corporate SecretaryDate",high,Vice President
Seaport Entertainment Group Inc.,8-K,Carlos Olea,Chief Financial Officer,high,Chief Financial Officer
Seaport Entertainment Group Inc.,8-K,Anton Nikodemus,Chief Executive Officer,high,Chief Executive Officer
Seaport Entertainment Group Inc.,8-K,Anton D. Nikodemus,Chief Executive Officer,high,Chief Executive Officer
Seaport Entertainment Group Inc.,8-K,Carlos A. Olea,Chief Financial OfficerSignature Page to Amendment to Loan Documents AgreementGUARANTOR,high,Chief Financial Officer
Seaport Entertainment Group Inc.,8-K,Mirza Kafedzic,Managing DirectorLENDER,high,Managing Directorlender
Seaport Entertainment Group Inc.,8-K,Rebecca Sachs,Chief People OfficerEXECUTIVE,high,Chief People Officerexecutive
AA Mission Acquisition Corp.,8-K,Qing Sun,Chief Executive Officer Accepted on the date first above written,high,Chief Executive Officer
M3-Brigade Acquisition V Corp.,8-K,Mohsin Y. Meghji,"Executive Chairman of the Board of Directors CONTINENTAL STOCK TRANSFER & TRUST COMPANY, as Warrant Agent By",high,Chair
M3-Brigade Acquisition V Corp.,8-K,Eric Greenhaus,Chief Financial Officer,high,Chief Financial Officer
M3-Brigade Acquisition V Corp.,8-K,Mohsin Meghji,Executive Chairman of the Board of Directors HOLDERS,high,Chair
"Adagio Medical Holdings, Inc.",8-K,Michael Altman,"Chief Financial Officer ADAGIO MEDICAL, INC",high,Chief Financial Officer
"Adagio Medical Holdings, Inc.",8-K,Olav Bergheim,Chief Executive Officer,high,Chief Executive Officer
"Adagio Medical Holdings, Inc.",8-K,John Dahldorf,Chief Financial Officer,high,Chief Financial Officer
Global Lights Acquisition Corp,8-K,Zhizhuang Miao,Chief Executive Officer Date,high,Chief Executive Officer
EQV Ventures Acquisition Corp.,8-K,Tyson Taylor,President and Chief Financial Officer,high,Chief Financial Officer
EQV Ventures Acquisition Corp.,8-K,Jerome Silvey,Chief Executive Officer PURCHASER,high,Chief Executive Officer
Investcorp AI Acquisition Corp.,8-K,Nikhil Kalghatgi,Principal Executive Officer and Director,high,Director
"Accredited Solutions, Inc.",8-K,Eduardo Brito,Chief Executive Officer,high,Chief Executive Officer
"Monroe Federal Bancorp, Inc.",8-K,Matthew F. Kennedy,Managing Director,high,Managing Director
"FB Bancorp, Inc. /MD/",8-K,Christopher Ferris,President and Chief Executive Officer FIDELITY BANK By,high,Chief Executive Officer
"FB Bancorp, Inc. /MD/",8-K,Andrew Hitt,Managing Director,high,Managing Director
Bowhead Specialty Holdings Inc.,8-K,Brad Mulcahey,Chief Financial Officer and Treasurer,high,Chief Financial Officer
"Ardent Health Partners, Inc.",8-K,Alfred Lumsdaine,Chief Financial Officer,high,Chief Financial Officer
Voyager Acquisition Corp./Cayman Islands,8-K,Adeel Rouf,"Chief Executive Officer CONTINENTAL STOCK TRANSFER & TRUST COMPANY, as Warrant Agent By",high,Chief Executive Officer
"ACTUATE THERAPEUTICS, INC.",8-K,Daniel M. Schmitt,President and Chief Executive Officer,high,Chief Executive Officer
"ACTUATE THERAPEUTICS, INC.",8-K,Daniel Schmitt,President and Chief Executive Officer,high,Chief Executive Officer
AFB Ltd,8-K,Tak Chun Wong,"Chief Executive Officer, Chief Financial Officer, Director",high,Chief Executive Officer
SilverBox Corp IV,8-K,Stephen M. Kadenacy,Chief Executive Officer,high,Chief Executive Officer
HCM II Acquisition Corp.,8-K,Shawn Matthews,Chairman and Chief Executive Officer Dated,high,Chief Executive Officer
HCM II Acquisition Corp.,8-K,Steven Bischoff,Chief Financial Officer AGREED TO AND ACCEPTED BY,high,Chief Financial Officer
PIMCO CORPORATE & INCOME OPPORTUNITY FUND,8-K,Ryan G. Leshaw,Chief Legal Officer and Secretary Date,high,Chief Legal Officer And Secretary Date
Phoenix Plus Corp.,8-K,Lee Chong Chow,Chief Executive Officer,high,Chief Executive Officer
Silexion Therapeutics Corp,8-K,Ilan Levin,Chairman and Chief Executive Officer BIOMOTION SCIENCES By,high,Chief Executive Officer
Silexion Therapeutics Corp,8-K,Ilan Hadar,"Chief Executive Officer Accepted and agreed that this Note shall amend and restate, and replace, in its entirety, each Existing Promissory Note identified above",high,Chief Executive Officer
Silexion Therapeutics Corp,8-K,Steven Vacante,Vice President,high,Vice President
Silexion Therapeutics Corp,8-K,Sam Yaffa,Managing Director,high,Managing Director
Silexion Therapeutics Corp,8-K,Leonard A. Potter,"President, Wildcat Capital Management, LLC By",high,President
VASO Corp,8-K,Jun Ma,Chief Executive Officer and President,high,Chief Executive Officer
ALPHATIME ACQUISITION CORP,8-K,Dajiang Guo,Chief Executive Officer Date,high,Chief Executive Officer
"Endo, Inc.",8-K,Matthew J. Maletta,"Executive Vice President,Chief Legal Officer and Company Secretary Dated",high,Vice President
GMTech Inc.,8-K,Yuyang Cui,Chief Executive Officer,high,Chief Executive Officer
Black Spade Acquisition II Co,8-K,Chi Wai Dennis Tam,Chairman & Co,high,Chair
Black Spade Acquisition II Co,8-K,Ryan Gerety,"Managing Director COHEN & COMPANY CAPITAL MARKETS, A DIVISION OF J",high,Managing Director
JAPAN SMALLER CAPITALIZATION FUND INC,8-K,Neil Daniele,Chief Compliance Officer,high,Chief Compliance Officer
America Great Health,8-K,Mike Wang,President false  true,high,President
Tofla Megaline Inc.,8-K,Rodolfo Guerrero Angulo,"Chief Executive Officer President, Treasurer and Secretary",high,Chief Executive Officer
GigCapital7 Corp.,8-K,Avi Katz,Chief Executive Officer Agreed to and accepted as of the date first written above,high,Chief Executive Officer
GigCapital7 Corp.,8-K,Christine Marshall,Chief Financial Officer By,high,Chief Financial Officer
GigCapital7 Corp.,8-K,Raanan Horowitz,Director Nominee By,high,Director
GigCapital7 Corp.,8-K,Darius Moshfeghi,Director Nominee,high,Director
GigCapital7 Corp.,8-K,Karen Rogge,Director Nominee By,high,Director
GigCapital7 Corp.,8-K,Gaurav Verma,Managing Director,high,Managing Director
GigCapital7 Corp.,8-K,Christine M. Marshall,Chief Financial Officer INDEMNITEE By,high,Chief Financial Officer
"INTEGRATED VENTURES, INC.",8-K,Steve Rubakh,Chief Executive Officer,high,Chief Executive Officer
"Outdoor Specialty Products, Inc.",8-K,Kirk Blosch,President,high,President
21Shares Core Ethereum ETF,8-K,Ophelia Snyder,President Company,high,President
Future Vision II Acquisition Corp.,8-K,Xiaodong Wang,Chief Executive Officer TRANSHARE CORPORATION By,high,Chief Executive Officer
Future Vision II Acquisition Corp.,8-K,Lingling Xiong,Director,high,Director
Future Vision II Acquisition Corp.,8-K,Linling Xiong,"Director Acknowledged and Agreed to by FUTURE VISION II ACQUISITION CORP, Registrant By",high,Director
Future Vision II Acquisition Corp.,8-K,Caihong Chen,Chief Financial Officer and Director By,high,Chief Financial Officer
Future Vision II Acquisition Corp.,8-K,Shuting Zeng,Director,high,Director
ALTEROLA BIOTECH INC.,8-K,Tim Rogers,Chairman Acknowledged and Accepted by,high,Chair
"Zenas BioPharma, Inc.",8-K,Jennifer Fox,Chief Business Officer and Chief Financial Officer Date,high,Chief Financial Officer
Bicara Therapeutics Inc.,8-K,Claire Mazumdar,Chief Executive Officer,high,Chief Executive Officer
"MBX Biosciences, Inc.",8-K,P. Kent Hawryluk,Chief Executive Officer,high,Chief Executive Officer
ADVENT CONVERTIBLE & INCOME FUND,8-K,Tony Huang,Vice President and Assistant Secretary,high,Vice President
HEALTHY CHOICE WELLNESS CORP.,8-K,Ritesh Veera,Executive Managing Director Address for Notice,high,Managing Director
"Amentum Holdings, Inc.",8-K,Justin C. Johnson,Secretary,high,Secretary
YHN Acquisition I Ltd,8-K,Pui Chun Wong,Director Acknowledged and Agreed,high,Director
Cayson Acquisition Corp,8-K,Henry Farrell,Vice President CAYSON ACQUISITION CORP By,high,Vice President
Cayson Acquisition Corp,8-K,Mike Powell,Senior Managing Director,high,Managing Director
Foxx Development Holdings Inc.,8-K,Gregory Foley,Chief Executive Officer,high,Chief Executive Officer
NON INVASIVE MONITORING SYSTEMS INC /FL/,8-K,James J. Martin,Chief Financial Officer,high,Chief Financial Officer
BKV Corp,8-K,Thiti Mekavichai,Chief Executive Officer By,high,Chief Executive Officer
BKV Corp,8-K,Christopher P. Kalnin,Chief Executive Officer,high,Chief Executive Officer
BKV Corp,8-K,Michael Shelly,Managing Director Barclays Capital Inc,high,Managing Director
BKV Corp,8-K,Robert Stowe,Managing Director Acting on behalf of themselves and as the Representatives of the several Underwriters,high,Managing Director
Smart Powerr Corp.,8-K,Guohua Ku,Chief Executive Officer and Chairman of the Board,high,Chief Executive Officer
Curbline Properties Corp.,8-K,Lesley H. Solomon,"Executive Vice President, General Counsel and Secretary",high,Vice President
"Guardian Pharmacy Services, Inc.",8-K,David K. Morris,Executive Vice President and Chief Financial Officer,high,Chief Financial Officer
"Guardian Pharmacy Services, Inc.",8-K,Fred P. Burke,"President and Chief Executive Officer GUARDIAN PHARMACY SERVICES, INC",high,Chief Executive Officer
"StandardAero, Inc.",8-K,Daniel Satterfield,Chief Financial Officer,high,Chief Financial Officer
"StandardAero, Inc.",8-K,Jeremy Anderson,Vice President,high,Vice President
"Revelyst, Inc.",8-K,Andrew Keegan,Chief Financial Officer Date,high,Chief Financial Officer
CHAIN BRIDGE BANCORP INC,8-K,John J. Brough,Chief Executive Officer and Director,high,Chief Executive Officer
"FrontView REIT, Inc.",8-K,Stephen Preston,"Chairman, Co",high,Chair
"FrontView REIT, Inc.",8-K,Jon Sierant,Managing Director By,high,Managing Director
"FrontView REIT, Inc.",8-K,Kevin King,Managing Director,high,Managing Director
"Innventure, Inc.",8-K,Michael Otworth,Executive Chairman FOUNDING INVESTORS,high,Chair
"Innventure, Inc.",8-K,Suzanne Niemeyer,General Counsel,high,General Counsel
"Innventure, Inc.",8-K,Robert Hutter,President LEARN CW INVESTMENT CORPORATION By,high,President
"Innventure, Inc.",8-K,Carlos Pinto,"Senior Vice President, Director",high,Vice President
"Innventure, Inc.",8-K,Adam Fisher,Director,high,Director
"Innventure, Inc.",8-K,Anuranjita Tewary,Director,high,Director
"Innventure, Inc.",8-K,Daniel H. Stern,Director,high,Director
"Innventure, Inc.",8-K,Peter Relan,Director,high,Director
"Innventure, Inc.",8-K,Ellen Levy,Director,high,Director
"PishPosh, Inc.",8-K,Eric Sherb,Chief Financial Officer,high,Chief Financial Officer
"SWISS HELVETIA FUND, INC.",8-K,Thomas F. Antonucci,Chief Financial Officer,high,Chief Financial Officer
"KinderCare Learning Companies, Inc.",8-K,Anthony Amandi,Chief Financial Officer,high,Chief Financial Officer
"KinderCare Learning Companies, Inc.",8-K,Paul Thompson,Chief Executive Officer,high,Chief Executive Officer
"KinderCare Learning Companies, Inc.",8-K,Kristian Rathbone,Managing Director,high,Managing Director
"KinderCare Learning Companies, Inc.",8-K,Kristin Jang,Vice President,high,Vice President
"KinderCare Learning Companies, Inc.",8-K,Muhammad Afzal,Director By,high,Director
"KinderCare Learning Companies, Inc.",8-K,Jeffrey Murphy,Vice President,high,Vice President
Rising Dragon Acquisition Corp.,8-K,Wenyi Shen,Chief Financial Officer Accepted and agreed this AURORA BEACON LLC By,high,Chief Financial Officer
Rising Dragon Acquisition Corp.,8-K,Lulu Xing,Chief Executive Officer,high,Chief Executive Officer
XAI Madison Equity Premium Income Fund,8-K,Steven J. Fredricks,Chief Legal Officer & Chief Compliance Officer,high,Chief Legal Officer & Chief Compliance Officer
Guggenheim Taxable Municipal Bond & Investment Grade Debt Trust,8-K,Michael Balbick,"Director Schedule I Eligible Securities Any Debt Position, Equity Position or any Cash and Cash Equivalents",high,Director
Spark I Acquisition Corp,8-K,James Rhee,Chairman and Chief Executive Officer Dated,high,Chief Executive Officer
Minerva Gold Inc.,8-K,Aftandil Aibekov,President,high,President
Qrons Inc.,8-K,Jonah Meer,Chief Executive Officer,high,Chief Executive Officer
Bold Eagle Acquisition Corp.,8-K,Eli Baker,Chief Executive Officer Dated,high,Chief Executive Officer
Bold Eagle Acquisition Corp.,8-K,Adam Kerbis,Director By,high,Director
Ingram Micro Holding Corp,8-K,Mary Ann Sigler,Vice President and Treasurer Address,high,Vice President
Ingram Micro Holding Corp,8-K,Michael Zilis,Executive Vice President and Chief Financial Officer,high,Chief Financial Officer
Ingram Micro Holding Corp,8-K,Rizvan Dhalla,"Managing Director, Morgan Stanley, Investment Banking Division GOLDMAN SACHS & CO",high,Managing Director
Ingram Micro Holding Corp,8-K,Charlie Black,Managing Director J,high,Managing Director
Ingram Micro Holding Corp,8-K,Olivia Sem Buran,Vice President,high,Vice President
Ingram Micro Holding Corp,8-K,Paul Bay,Chief Executive Officer Exhibit A SECOND AMENDED AND RESTATED CERTIFICATE OF INCORPORATION OF INGRAM MICRO HOLDING CORPORATION ARTICLE ONE NAME The name of the corporation is Ingram Micro Holding Corporation,high,Chief Executive Officer
Oaktree Acquisition Corp. III Life Sciences,8-K,Zaid Pardesi,Chief Executive Officer,high,Chief Executive Officer
Oaktree Acquisition Corp. III Life Sciences,8-K,Alex Cahail,Associate Director,high,Director
Oaktree Acquisition Corp. III Life Sciences,8-K,Peter Boos,Vice President By,high,Vice President
Aldel Financial II Inc.,8-K,Robert I. Kauffman,Chief Executive Officer,high,Chief Executive Officer
GlobeStar Therapeutics Corp,8-K,James C. Katzaroff,Chief Executive Officer,high,Chief Executive Officer
Charlton Aria Acquisition Corp,8-K,Will Garner,Chief Executive Officer Date,high,Chief Executive Officer
Charlton Aria Acquisition Corp,8-K,Sunny Tan Kah Wei,Director,high,Director
Charlton Aria Acquisition Corp,8-K,Robert Garner,Chairman and Chief Executive Officer,high,Chief Executive Officer
"Septerna, Inc.",8-K,Jeffrey Finer,President,high,President
"High Roller Technologies, Inc.",8-K,Ben Clemes,"Chief Executive Officer Confirmed as of the date first written above mentioned, on behalf of itself and as Representative of the several Underwriters named on Schedule",high,Chief Executive Officer
MIAMI BREEZE CAR CARE INC,8-K,Wolfgang Ruecker,Chief Executive Officer,high,Chief Executive Officer
THUMZUP MEDIA Corp,8-K,Robert Steele,Chief Executive Officer,high,Chief Executive Officer
"Sunstock, Inc.",8-K,Jason C. Chang,"President, Chief Financial Officer",high,Chief Financial Officer
Bleichroeder Acquisition Corp. I,8-K,Andrew Gundlach,Chief Executive Officer Accepted on the date first above written,high,Chief Executive Officer
TRANS LUX Corp,8-K,Todd Dupee,Senior Vice President and Chief Accounting Officer,high,Vice President
Newbury Street II Acquisition Corp,8-K,Thomas Bushey,"Chief Executive Officer Accepted on the date first above written BTIG, LLC, as Representative of the several underwriters By",high,Chief Executive Officer
Willow Lane Acquisition Corp.,8-K,B. Luke Weil,"Chairman and Chief Executive Officer CONTINENTAL STOCK TRANSFER & TRUST COMPANY, as Warrant Agent By",high,Chief Executive Officer
GSR III Acquisition Corp.,8-K,Jimmy Baker,"President Kingswood Capital Partners LLC, as Broker Dealer By",high,President
GSR III Acquisition Corp.,8-K,Anantha Ramamurti,Chief Financial Officer and President,high,Chief Financial Officer
GSR III Acquisition Corp.,8-K,Yuya Orime,Chief Business Development Officer,high,Chief Business Development Officer
GSR III Acquisition Corp.,8-K,Jody Sitkoski,Director,high,Director
GSR III Acquisition Corp.,8-K,Susie Kuan,Director,high,Director
"Thunder Bridge Capital Partners IV, Inc.",8-K,Gary A. Simanson,Chief Executive Officer,high,Chief Executive Officer
Damon Inc.,8-K,Jay Giraud,Chief Executive Officer,high,Chief Executive Officer
Guru App Factory Corp,8-K,Deniss Volkovs,President,high,President
Horizon Space Acquisition II Corp.,8-K,Jenny Chen,Compliance Officer,high,Compliance Officer
Horizon Space Acquisition II Corp.,8-K,Daniel Barnes,Assistant Vice President,high,Vice President
Greenbrook TMS Inc.,8-K,Bill Leonard,President & Chief Executive Officer,high,Chief Executive Officer
Dynamix Corp,8-K,Rebecca Paulson,President EXHIBIT A PRIVATE PLACEMENT WARRANTS LEGEND THE SECURITIES REPRESENTED BY THIS CERTIFICATE HAVE NOT BEEN REGISTERED UNDER THE SECURITIES ACT OF,high,President
CO2 Energy Transition Corp.,8-K,Brady Rodgers,President and Chief Executive Officer Accepted on the date first above written,high,Chief Executive Officer
Blue Ocean Acquisition Corp,8-K,Richard Leggett,Chief Executive Officer,high,Chief Executive Officer
SSHT S&T Group Ltd.,8-K,Zonghan Wu,Chief Executive Officer and Director,high,Chief Executive Officer
WisdomTree Bitcoin Fund,8-K,Jeremy Schwartz,Chief Executive Officer Date,high,Chief Executive Officer
WisdomTree Bitcoin Fund,8-K,Robert M. Stein Jr,Vice President Date,high,Vice President
"Heritage Distilling Holding Company, Inc.",8-K,Justin Stiefel,Chief Executive Officer Address for Notice,high,Chief Executive Officer
"Heritage Distilling Holding Company, Inc.",8-K,Chad D. Champion,Senior Managing Director Address for Notice,high,Managing Director
NEW ENGLAND REALTY ASSOCIATES LIMITED PARTNERSHIP,8-K,Ronald Brown,President,high,President
FACT II Acquisition Corp.,8-K,Adam Gishen,Chief Executive Officer Accepted on the date first above written,high,Chief Executive Officer
GHST World Inc.,8-K,Edoardo Berti Riboli,Chief Executive Officer,high,Chief Executive Officer
Australian Oilseeds Holdings Ltd,8-K,Gary Seaton,Chief Executive Officer,high,Chief Executive Officer
"TechTarget, Inc.",8-K,Daniel Noreck,"Chief Financial Officer TORO COMBINECO, INC",high,Chief Financial Officer
"TechTarget, Inc.",8-K,David J. Ganss,Vice President,high,Vice President
"TechTarget, Inc.",8-K,Daniel T. Noreck,Chief Financial Officer and Treasurer,high,Chief Financial Officer
"TechTarget, Inc.",8-K,Simon Bane,Deputy Group General Counsel Stockholders Agreement Signature Page SCHEDULE,high,Deputy Group General Counsel Stockholders Agreement Signature Page Schedule
"TechTarget, Inc.",8-K,Gareth Wright,"Group Finance Director TECHTARGET, INC",high,Director
"TechTarget, Inc.",8-K,Brian Vasandani,Vice President INFORMA INTREPID HOLDINGS INC,high,Vice President
ESH Acquisition Corp.,8-K,James Francis,Chief Executive Officer,high,Chief Executive Officer
Synergy CHC Corp.,8-K,Jack Ross,Chief Executive Officer,high,Chief Executive Officer
"Catalent, Inc.",8-K,Joseph A. Ferraro,"Senior Vice President, General Counsel, Chief Compliance Officer & Secretary",high,Vice President
Tavia Acquisition Corp.,8-K,Thomas Haeusler,Director Accepted and Agreed,high,Director
"zSpace, Inc.",8-K,Paul Kellenberger,Chief Executive Officer Confirmed as of the date first above,high,Chief Executive Officer
"zSpace, Inc.",8-K,Aaron M. Gurewitz,President and Head of Investment Banking,high,President
Shepherd Ave Capital Acquisition Corp,8-K,William Snyder,Chairman and Chief Executive Officer INITIAL SHAREHOLDERS,high,Chief Executive Officer
Jackson Acquisition Co II,8-K,Richard L. Jackson,Chief Executive Officer,high,Chief Executive Officer
Jackson Acquisition Co II,8-K,Aaron Gurewitz,"President and Head of Investment Banking SCHEDULE A Name Number of Firm Units to be Purchased Roth Capital Partners, LLC",high,President
"ServiceTitan, Inc.",8-K,Vahe Kuzoyan,"President EXHIBIT A ARTICLE I The name of this corporation is ServiceTitan, Inc",high,President
Anteris Technologies Global Corp.,8-K,Wayne Paterson,Chief Executive Officer,high,Chief Executive Officer
Mountain Lake Acquisition Corp.,8-K,Paul Grinberg,Chief Executive Officer and Chairman of the Board,high,Chief Executive Officer
"Elvictor Group, Inc.",8-K,Konstantinos Galanakis,Chief Executive Officer,high,Chief Executive Officer
Roman DBDR Acquisition Corp. II,8-K,John C. Small,Chief Financial Officer PURCHASER,high,Chief Financial Officer
AEI INCOME & GROWTH FUND XXII LTD PARTNERSHIP,8-K,Marni Nygard,President Date,high,President
ACUREN CORP,8-K,Kristin Schultes,Chief Financial Officer,high,Chief Financial Officer
"Magnolia Bancorp, Inc.",8-K,Michael L. Hurley,"Chairman, President and Chief Executive Officer Date",high,Chief Executive Officer
"Rocky Mountain Chocolate Factory, Inc.",8-K,Allen Arroyo,Chief Financial Officer,low,Chief Financial Officer
NORTHERN TECHNOLOGIES INTERNATIONAL CORP,8-K,Patrick Lynch,President,low,President
1606 CORP.,8-K,Gregory Lambrecht,Chief Executive Officer,low,Chief Executive Officer
"Perspective Therapeutics, Inc.",8-K,Anne Heino,Chief Executive Officer,low,Chief Executive Officer
"Heliogen, Inc.",8-K,Christie Obiaya,Chief Executive Officer,low,Chief Executive Officer
Alpha Star Acquisition Corp,8-K,Zhe Zhang,Chief Executive Officer,low,Chief Executive Officer
CNH Industrial N.V.,8-K,Stefano Pampalone,President,low,President
TECOGEN INC.,8-K,Abinand Rangesh,Chief Executive Officer,low,Chief Executive Officer
Yuenglings Ice Cream Corp,8-K,Richard Jordan,President,low,President
Yuenglings Ice Cream Corp,8-K,Everett M. Dickson,President,low,President
PLEXUS CORP,8-K,Todd Kelsey,Chief Executive Officer,low,Chief Executive Officer
"Alpha Teknova, Inc.",8-K,Stephen Gunstream,President,low,President
"Alpha Teknova, Inc.",8-K,Damon Terrill,General Counsel,low,General Counsel
PepGen Inc.,8-K,Noel Donnelly,Chief Financial Officer,low,Chief Financial Officer
"DigitalOcean Holdings, Inc.",8-K,Matthew Steinfort,Chief Financial Officer,low,Chief Financial Officer
"GeoSolar Technologies, Inc.",8-K,Stone Douglass,Chief Executive Officer,low,Chief Executive Officer
"Better For You Wellness, Inc.",8-K,Ian James,Chief Executive Officer,low,Chief Executive Officer
MetaVia Inc.,8-K,Heon Kim,President,low,President
AMERICAN COASTAL INSURANCE Corp,8-K,Bradford Martz,President,low,President
Cambium Networks Corp,8-K,Morgan Kurk,president,low,President
"Delek US Holdings, Inc.",8-K,Rosy Zuklic,Vice President,low,Vice President
"Phunware, Inc.",8-K,Troy Reisner,Chief Financial Officer,low,Chief Financial Officer
Venus Concept Inc.,8-K,De Silva,Chief Executive Officer,low,Chief Executive Officer
"COMMUNITY FINANCIAL SYSTEM, INC.",8-K,Dimitar Karaivanov,President,low,President
AGILYSYS INC,8-K,Ramesh Srinivasan,President,low,President
"Hanryu Holdings, Inc.",8-K,Hyuk Kang,Chief Executive Officer,low,Chief Executive Officer
Aircastle LTD,8-K,Christopher Beers,Chief Legal Officer,low,Chief Legal Officer
SMARTFINANCIAL INC.,8-K,Billy Carroll,President,low,President
JOHNSON & JOHNSON,8-K,Eugene A. Woods,Chief Executive Officer,low,Chief Executive Officer
HEIDRICK & STRUGGLES INTERNATIONAL INC,8-K,Bianca Wilson,Director,low,Director
RENASANT CORP,8-K,Mitchell Waycaster,Chief Executive Officer,low,Chief Executive Officer
"John Marshall Bancorp, Inc.",8-K,Chris Bergstrom,President,low,President
"Gevo, Inc.",8-K,Eric Frey,Vice President,low,Vice President
C & F FINANCIAL CORP,8-K,Tom Cherry,President,low,President
"Arq, Inc.",8-K,Ryan Roberts,Vice President,low,Vice President
ALERUS FINANCIAL CORP,8-K,Alan A. Villalon,Chief Financial Officer,low,Chief Financial Officer
"UNITED RENTALS, INC.",8-K,Matthew Flannery,chief executive officer,low,Chief Executive Officer
KADANT INC,8-K,William C. Mecke,president,low,President
"MARSH & MCLENNAN COMPANIES, INC.",8-K,John Doyle,President,low,President
VALERO ENERGY CORP/TX,8-K,Eric Herbort,Director,low,Director
VALERO ENERGY CORP/TX,8-K,Gautam Srivastava,Director,low,Director
"Columbia Financial, Inc.",8-K,Thomas J. Kemly,President,low,President
FIRST FINANCIAL BANCORP /OH/,8-K,Archie Brown,President,low,President
UNITED SECURITY BANCSHARES,8-K,Dennis Woods,President,low,President
"BLUE RIDGE BANKSHARES, INC.",8-K,William Beale,Director,low,Director
iQSTEL Inc,8-K,Jose Iglesias,President,low,President
"Dime Community Bancshares, Inc. /NY/",8-K,Stuart H. Lubow,President,low,President
"Worthington Steel, Inc.",8-K,Michaune D. Tillman,Vice President,low,Vice President
PSYCHEMEDICS CORP,8-K,Daniella Mehalik,Vice President,low,Vice President
United Parks & Resorts Inc.,8-K,Anthony Taylor,General Counsel,low,General Counsel
McEwen Mining Inc.,8-K,Carmen Diges,General Counsel,low,General Counsel
NISOURCE INC.,8-K,Lloyd Yates,President,low,President
"Rezolute, Inc.",8-K,Nevan Elam,Chief Executive Officer,low,Chief Executive Officer
"Rezolute, Inc.",8-K,Charles Elam,Chief Executive Officer,low,Chief Executive Officer
DANAHER CORP /DE/,8-K,Chaz Bickers,Director,low,Director
Marathon Petroleum Corp,8-K,Kristina Kazarian,Vice President,low,Vice President
PFIZER INC,8-K,David Denton,Chief Financial Officer,low,Chief Financial Officer
"HAWTHORN BANCSHARES, INC.",8-K,Brent Giles,Chief Executive Officer,low,Chief Executive Officer
ROBERT HALF INC.,8-K,Keith Waddell,president,low,President
Alphabet Inc.,8-K,Ruth Porat,President,low,President
UNITED FIRE GROUP INC,8-K,Eric J. Martin,Chief Financial Officer,low,Chief Financial Officer
"BRINKER INTERNATIONAL, INC",8-K,Kevin D. Hochman,President,low,President
"M/I HOMES, INC.",8-K,Mark Kirkendall,Vice President,low,Vice President
"Qorvo, Inc.",8-K,Bob Bruggeworth,president,low,President
EZCORP INC,8-K,Lachie Given,Chief Executive Officer,low,Chief Executive Officer
"Thermon Group Holdings, Inc.",8-K,Ivonne Salem,Vice President,low,Vice President
ETSY INC,8-K,Deb Wasser,Vice President,low,Vice President
DXC Technology Co,8-K,Raul Fernandez,Chief Executive Officer,low,Chief Executive Officer
"Flux Power Holdings, Inc.",8-K,Ronald F. Dutt,Chief Executive Officer,low,Chief Executive Officer
PIPER SANDLER COMPANIES,8-K,Deb Schoneman,president,low,President
HEARTLAND EXPRESS INC,8-K,Chris Strain,Chief Financial Officer,low,Chief Financial Officer
"SUNation Energy, Inc.",8-K,Kyle J. Udseth,Chief Executive Officer,low,Chief Executive Officer
"Lexeo Therapeutics, Inc.",8-K,Nolan Townsend,Chief Executive Officer,low,Chief Executive Officer
"AFFILIATED MANAGERS GROUP, INC.",8-K,Jay C. Horgen,President,low,President
ESTEE LAUDER COMPANIES INC,8-K,Fabrizio Freda,President,low,President
Quantum-Si Inc,8-K,Jeff Keyes,Chief Financial Officer,low,Chief Financial Officer
SECURITY FEDERAL CORP,8-K,Darrell Rains,Chief Financial Officer,low,Chief Financial Officer
KFORCE INC,8-K,Jeffrey B. Hackman,Chief Financial Officer,low,Chief Financial Officer
Fabrinet,8-K,Seamus Grady,Chief Executive Officer,low,Chief Executive Officer
"CROWN HOLDINGS, INC.",8-K,Thomas T. Fischer,Vice President,low,Vice President
"Velocity Financial, Inc.",8-K,Shazia Flores,Vice President,low,Vice President
"Container Store Group, Inc.",8-K,Satish Malhotra,Chief Executive Officer,low,Chief Executive Officer
GENCOR INDUSTRIES INC,8-K,Marc G. Elliott,President,low,President
Nano Magic Inc.,8-K,Leandro Vera,Chief Financial Officer,low,Chief Financial Officer
NEW YORK TIMES CO,8-K,Kopit Levien,president,low,President
WHITE MOUNTAINS INSURANCE GROUP LTD,8-K,Mark Plourde,President,low,President
DMC Global Inc.,8-K,Geoff High,Vice President,low,Vice President
STEELCASE INC,8-K,Raj Mehan,Vice President,low,Vice President
"Pioneer Bancorp, Inc./MD",8-K,Thomas Amell,President,low,President
"ESPORTS ENTERTAINMENT GROUP, INC.",8-K,Damian Mathews,Chief Operating Officer,low,Chief Operating Officer
BELDEN INC.,8-K,Ashish Chand,President,low,President
STRATTEC SECURITY CORP,8-K,Dennis P. Bowe,Vice President,low,Vice President
"Mueller Water Products, Inc.",8-K,Edmunds Zakas,Chief Executive Officer,low,Chief Executive Officer
SYNAPTICS Inc,8-K,Dean Butler,Chief Financial Officer,low,Chief Financial Officer
Proto Labs Inc,8-K,Dan Schumacher,Chief Financial Officer,low,Chief Financial Officer
Soho House & Co Inc.,8-K,Thomas Allen,Chief Financial Officer,low,Chief Financial Officer
Owens Corning,8-K,Amber Wohlfarth,Vice President,low,Vice President
DIRTT ENVIRONMENTAL SOLUTIONS LTD,8-K,Benjamin Urban,Chief Executive Officer,low,Chief Executive Officer
WATSCO INC,8-K,Ana M. Menendez,Chief Financial Officer,low,Chief Financial Officer
"Brownie's Marine Group, Inc",8-K,Robert Carmichael,Chief Executive Officer,low,Chief Executive Officer
"SiteOne Landscape Supply, Inc.",8-K,Doug Black,Chief Executive Officer,low,Chief Executive Officer
Atomera Inc,8-K,Francis B. Laurencio,Chief Financial Officer,low,Chief Financial Officer
"Anebulo Pharmaceuticals, Inc.",8-K,Richie Cunningham,Chief Executive Officer,low,Chief Executive Officer
HEALTHCARE SERVICES GROUP INC,8-K,Ted Wahl,Chief Executive Officer,low,Chief Executive Officer
"Evolent Health, Inc.",8-K,Seth Blackley,Chief Executive Officer,low,Chief Executive Officer
ELITE PHARMACEUTICALS INC /NV/,8-K,Nasrat Hakim,President,low,President
"Corebridge Financial, Inc.",8-K,Kevin Hogan,President,low,President
"PENN Entertainment, Inc.",8-K,Jay Snowden,Chief Executive Officer,low,Chief Executive Officer
CURTISS WRIGHT CORP,8-K,Christopher Farkas,Vice President,low,Vice President
KELLY SERVICES INC,8-K,Peter Quigley,president,low,President
"NorthWestern Energy Group, Inc.",8-K,Crystal Lail,vice president,low,Vice President
"DROPBOX, INC.",8-K,Tim Regan,Chief Financial Officer,low,Chief Financial Officer
"PACIFIC BIOSCIENCES OF CALIFORNIA, INC.",8-K,Christian Henry,President,low,President
"Backblaze, Inc.",8-K,Frank Patchel,Chief Financial Officer,low,Chief Financial Officer
DraftKings Inc.,8-K,Stanton Dodge,Chief Legal Officer,low,Chief Legal Officer
Sino Green Land Corp.,8-K,Kuk Ching,Director,low,Director
Sino Green Land Corp.,8-K,Ching Wing,Director,low,Director
"Beyond Air, Inc.",8-K,Duncan Fatkin,Chief Commercial Officer,low,Chief Commercial Officer
"Tri Pointe Homes, Inc.",8-K,Glenn J. Keeler,Chief Financial Officer,low,Chief Financial Officer
"Arteris, Inc.",8-K,Charles Janac,President,low,President
GARMIN LTD,8-K,Cliff Pemble,President,low,President
"Alight, Inc. / Delaware",8-K,Martin Felli,Chief Legal Officer,low,Chief Legal Officer
"Veris Residential, Inc.",8-K,Mahbod Nia,Chief Executive Officer,low,Chief Executive Officer
AMERISAFE INC,8-K,Janelle Frost,President,low,President
ModivCare Inc,8-K,Heath Sampson,President,low,President
VALMONT INDUSTRIES INC,8-K,Avner Applbaum,President,low,President
"Option Care Health, Inc.",8-K,John C. Rademacher,Chief Executive Officer,low,Chief Executive Officer
"XPEL, Inc.",8-K,Ryan Pape,President,low,President
TRINITY INDUSTRIES INC,8-K,Anne Mann,Vice President,low,Vice President
AMERICOLD REALTY TRUST,8-K,George Chappelle,Chief Executive Officer,low,Chief Executive Officer
EDISON INTERNATIONAL,8-K,Pedro Pizarro,President,low,President
"MARAVAI LIFESCIENCES HOLDINGS, INC.",8-K,Becky Buzzeo,Chief Commercial Officer,low,Chief Commercial Officer
"LEGALZOOM.COM, INC.",8-K,Rich Preece,Chief Operating Officer,low,Chief Operating Officer
COPART INC,8-K,Leah Stearns,Chief Financial Officer,low,Chief Financial Officer
"Live Nation Entertainment, Inc.",8-K,Michael Rapino,President,low,President
Arcadium Lithium plc,8-K,Gilberto Antoniazzi,Vice President,low,Vice President
LION COPPER & GOLD CORP.,8-K,Travis Naugle,Chief Executive Officer,low,Chief Executive Officer
"Sunstone Hotel Investors, Inc.",8-K,Bryan A. Giglia,Chief Executive Officer,low,Chief Executive Officer
"Surgery Partners, Inc.",8-K,Eric Evans,Chief Executive Officer,low,Chief Executive Officer
"ATI Physical Therapy, Inc.",8-K,Joe Jordan,Chief Financial Officer,low,Chief Financial Officer
HELIX ENERGY SOLUTIONS GROUP INC,8-K,Owen Kratz,President,low,President
VIRCO MFG CORPORATION,8-K,Robert Dose,Chief Financial Officer,low,Chief Financial Officer
INTEGRA LIFESCIENCES HOLDINGS CORP,8-K,De Witte,president,low,President
Snowflake Inc.,8-K,Emily Ho,Chief Accounting Officer,low,Chief Accounting Officer
"Alexander & Baldwin, Inc.",8-K,Lance Parker,president,low,President
"STEM, INC.",8-K,John Carrington,Chief Executive Officer,low,Chief Executive Officer
STONERIDGE INC,8-K,Kelly K. Harvey,Director,low,Director
Tecnoglass Inc.,8-K,Manuel Daes,Chief Executive Officer,low,Chief Executive Officer
MASTEC INC,8-K,Marc Lewis,Vice President,low,Vice President
"MAMMOTH ENERGY SERVICES, INC.",8-K,Arty Straehla,Chief Executive Officer,low,Chief Executive Officer
"Lyra Therapeutics, Inc.",8-K,Jason Cavalier,Chief Financial Officer,low,Chief Financial Officer
CRAWFORD & CO,8-K,Bruce Swain,Chief Financial Officer,low,Chief Financial Officer
"MARINUS PHARMACEUTICALS, INC.",8-K,Luther Rosbeck,President,low,President
"TXO Partners, L.P.",8-K,Keith A. Hutton,President,low,President
"GREENLIGHT CAPITAL RE, LTD.",8-K,Greg Richardson,Chief Executive Officer,low,Chief Executive Officer
"IO Biotech, Inc.",8-K,Maryann Cimino,Director,low,Director
"Alto Ingredients, Inc.",8-K,Auste M. Graham,General Counsel,low,General Counsel
HURCO COMPANIES INC,8-K,Greg Volovic,Chief Executive Officer,low,Chief Executive Officer
NET Power Inc.,8-K,Danny Rice,Chief Executive Officer,low,Chief Executive Officer
"Inozyme Pharma, Inc.",8-K,Stefan Riley,Director,low,Director
Quest Resource Holding Corp,8-K,Ray Hatch,President,low,President
"APPLIED ENERGETICS, INC.",8-K,Gregory J. Quarles,President,low,President
BRT Apartments Corp.,8-K,George Zweier,Vice President,low,Vice President
"BlueOne Card, Inc.",8-K,James Koh,Chief Executive Officer,low,Chief Executive Officer
"FTC Solar, Inc.",8-K,Cathy Behnen,Chief Financial Officer,low,Chief Financial Officer
"DICK'S SPORTING GOODS, INC.",8-K,Lauren Hobart,President,low,President
"Hartford Creative Group, Inc.",8-K,Hong Wang,Chief Executive Officer,low,Chief Executive Officer
LIQUIDMETAL TECHNOLOGIES INC,8-K,Tony Chung,Chief Executive Officer,low,Chief Executive Officer
Galaxy Enterprises Inc. /WY/,8-K,Greg Navone,President,low,President
"Value Exchange International, Inc.",8-K,Seng Wee,Chief Executive Officer,low,Chief Executive Officer
"Hyperfine, Inc.",8-K,Brett Hale,Chief Administrative Officer,low,Chief Administrative Officer
Black Hawk Acquisition Corp,8-K,Louis Kaufman,Chief Executive Officer,low,Chief Executive Officer
"MILLERKNOLL, INC.",8-K,Carola Mengolini,Vice President,low,Vice President
DAWSON GEOPHYSICAL CO,8-K,Ian Shaw,Chief Financial Officer,low,Chief Financial Officer
BRAINSTORM CELL THERAPEUTICS INC.,8-K,Chaim Lebovits,President,low,President
"SPAR Group, Inc.",8-K,Calisto Pato,Chief Financial Officer,low,Chief Financial Officer
JRSIS HEALTH CARE Corp,8-K,Zhu Linhai,Chief Executive Officer,low,Chief Executive Officer
HILLS BANCORPORATION,8-K,Dwight O. Seegmiller,Director,low,Director
"Onfolio Holdings, Inc",8-K,Dominic Wells,Chief Executive Officer,low,Chief Executive Officer
"AmeriCann, Inc.",8-K,Timothy Keogh,Chief Executive Officer,low,Chief Executive Officer
"Invech Holdings, Inc.",8-K,Rhonda Keaveney,Chief Executive Officer,low,Chief Executive Officer
Alpha Investment Inc.,8-K,Todd Buxton,Chief Executive Officer,low,Chief Executive Officer
WORLDS INC,8-K,Thom Kidrin,President,low,President
NEUTRA CORP.,8-K,Sydney Jim,President,low,President
Nowtransit Inc,8-K,Darren Lopez,Chief Executive Officer,low,Chief Executive Officer
"Mobiquity Technologies, Inc.",8-K,Dean L. Julia,Chief Executive Officer,low,Chief Executive Officer
INNOVATIVE DESIGNS INC,8-K,Joseph Riccelli,Chief Executive Officer,low,Chief Executive Officer
"Fly-E Group, Inc.",8-K,Ruifeng Guo,Director,low,Director
"Fly-E Group, Inc.",8-K,Rui Feng,Chief Operating Officer,low,Chief Operating Officer
"Fly-E Group, Inc.",8-K,Bing Wang,Director,low,Director
"Fly-E Group, Inc.",8-K,Lun Feng,Director,low,Director
Flag Ship Acquisition Corp,8-K,Luhuang Zhong,Chief Financial Officer,low,Chief Financial Officer
Tribal Rides International Corp.,8-K,Joseph Grimes,Chief Executive Officer,low,Chief Executive Officer
PUBLIC CO MANAGEMENT CORP,8-K,Quinn Tran,President,low,President
Ferguson Enterprises Inc. /DE/,8-K,Pete Kennedy,Director,low,Director
CS DIAGNOSTICS CORP.,8-K,Josef Migotsch,Vice President,low,Vice President
"Revelyst, Inc.",8-K,Jeffrey Ehrich,General Counsel,low,General Counsel
"Revelyst, Inc.",8-K,Jung Choi,General Counsel,low,General Counsel
Vado Corp.,8-K,Jason Wulfsohn,Chief Executive Officer,low,Chief Executive Officer
"TFF Pharmaceuticals, Inc.",8-K,Craig Jalbert,President,low,President
Invizyne Technologies Inc,8-K,Fouad Nawaz,Vice President,low,Vice President
"Tesla, Inc.",8-K,Brandon Ehrhart,General Counsel,spacy,General Counsel
BERKSHIRE HATHAWAY INC,8-K,Marc D. Hamburg,Vice President,spacy,Vice President
"Gryphon Digital Mining, Inc.",8-K,Rob Chang,Ceo,spacy,Chief Executive Officer
NEWS CORP,8-K,Michael L. Bunder,Vice President,spacy,Vice President
EchoStar CORP,8-K,Hamid Akhavan,President,spacy,President
EchoStar CORP,8-K,Timothy Messner,Director,spacy,Director
EchoStar CORP,8-K,Tom Ortolf,Director,spacy,Director
Quanterix Corp,8-K,Masoud Toloue,President,spacy,President
BlackRock TCP Capital Corp.,8-K,Erik Cuellar,Chairman,spacy,Chair
CENTERPOINT ENERGY INC,8-K,Monica Karuturi,Vice President,spacy,Vice President
CENTERPOINT ENERGY INC,8-K,Kevin Cheng,Director,spacy,Director
CENTERPOINT ENERGY INC,8-K,Eric Natelson,Director,spacy,Director
CENTERPOINT ENERGY INC,8-K,Theodore Finkelstein,Director,spacy,Director
CENTERPOINT ENERGY INC,8-K,Jonathan Mir,Director,spacy,Director
CENTERPOINT ENERGY INC,8-K,Ashwani Khubani,Director,spacy,Director
CENTERPOINT ENERGY INC,8-K,James Watts,Director,spacy,Director
"Praxis Precision Medicines, Inc.",8-K,Marcio Souza,Chief Executive Officer,spacy,Chief Executive Officer
Infinera Corp,8-K,Nancy Erba,Chief Financial Officer,spacy,Chief Financial Officer
BARNES GROUP INC,8-K,Thomas J. Hook,President,spacy,President
BARNES GROUP INC,8-K,Ante Kusurin,Director,spacy,Director
BARNES GROUP INC,8-K,William Pitts,Vice President,spacy,Vice President
EXPAND ENERGY Corp,8-K,Bill Way,President,spacy,President
EXPAND ENERGY Corp,8-K,Mike Wichterich,Chairman,spacy,Chair
"MeridianLink, Inc.",8-K,Sean Blitchok,Chief Financial Officer,spacy,Chief Financial Officer
WOLVERINE WORLD WIDE INC /DE/,8-K,Michael D. Stornant,Vice President,spacy,Vice President
Polaris Inc.,8-K,Steve Menneto,President,spacy,President
Polaris Inc.,8-K,Marc Suarez,Vice President,spacy,Vice President
Polaris Inc.,8-K,Ken Pucel,Director,spacy,Director
Polaris Inc.,8-K,Lucy Clark,Vice President,spacy,Vice President
Polaris Inc.,8-K,Mike Speetzen,Ceo,spacy,Chief Executive Officer
Polaris Inc.,8-K,Tony Kinsman,Vice President,spacy,Vice President
Polaris Inc.,8-K,Doug Adrian,Vice President,spacy,Vice President
ASPEN AEROGELS INC,8-K,Don Young,President,spacy,President
ANGIODYNAMICS INC,8-K,James Clemmer,President,spacy,President
ANGIODYNAMICS INC,8-K,Jim Clemmer,President,spacy,President
ANGIODYNAMICS INC,8-K,Cardiovas Revasc Med,Cto,spacy,Chief Technology Officer
"ConnectOne Bancorp, Inc.",8-K,Shannan Weeks,Cto,spacy,Chief Technology Officer
Emergent BioSolutions Inc.,8-K,Paul Williams,Vice President,spacy,Vice President
Emergent BioSolutions Inc.,8-K,Assal Hellmer,Vice President,spacy,Vice President
"Rocky Mountain Chocolate Factory, Inc.",8-K,Rob Sarlls,Ceo,spacy,Chief Executive Officer
PATRICK INDUSTRIES INC,8-K,Andy Nemeth,Chief Executive Officer,spacy,Chief Executive Officer
PATRICK INDUSTRIES INC,8-K,Kip Ellis,Chief Executive Officer,spacy,Chief Executive Officer
PATRICK INDUSTRIES INC,8-K,Jim Glomstad,Chief Executive Officer,spacy,Chief Executive Officer
PATRICK INDUSTRIES INC,8-K,Matt Filer,Chief Executive Officer,spacy,Chief Executive Officer
NORTHERN TECHNOLOGIES INTERNATIONAL CORP,8-K,Matthew C. Wolsfeld,Chief Financial Officer,spacy,Chief Financial Officer
NORTHERN TECHNOLOGIES INTERNATIONAL CORP,8-K,G. Patrick Lynch,President,spacy,President
NORTHERN TECHNOLOGIES INTERNATIONAL CORP,8-K,Matthew Wolsfeld,Cfo,spacy,Chief Financial Officer
CURIS INC,8-K,Diantha Duvall,Chief Financial Officer,spacy,Chief Financial Officer
Bone Biologics Corp,8-K,Erick Lucera,Director,spacy,Director
Titan Environmental Solutions Inc.,8-K,Michael Jansen,President,spacy,President
PRECISION BIOSCIENCES INC,8-K,Michael Amoroso,President,spacy,President
PRECISION BIOSCIENCES INC,8-K,John Alexander Kelly,Chief Financial Officer,spacy,Chief Financial Officer
PRECISION BIOSCIENCES INC,8-K,Mei Burris,Director,spacy,Director
NATE'S FOOD CO.,8-K,Nate Steck,Cto,spacy,Chief Technology Officer
"First Financial Northwest, Inc.",8-K,Geoff Lundfelt,President,spacy,President
"First Financial Northwest, Inc.",8-K,Tim Woolston,Vice President,spacy,Vice President
Janover Inc.,8-K,Tyler Schapiro,Ceo,spacy,Chief Executive Officer
"Vigil Neuroscience, Inc.",8-K,Gray Matter Volume Change,Cto,spacy,Chief Technology Officer
"IZEA Worldwide, Inc.",8-K,Edward H.,Chief Executive Officer,spacy,Chief Executive Officer
"IZEA Worldwide, Inc.",8-K,Ted Murphy,Ceo,spacy,Chief Executive Officer
"Nutex Health, Inc.",8-K,Tom Vo,Ceo,spacy,Chief Executive Officer
"Nutex Health, Inc.",8-K,Warren Hosseinion,Ceo,spacy,Chief Executive Officer
"Nutex Health, Inc.",8-K,Jon C. Bates,Chief Financial Officer,spacy,Chief Financial Officer
"Nutex Health, Inc.",8-K,Thomas T. Vo,Chief Operating Officer,spacy,Chief Operating Officer
"Nutex Health, Inc.",8-K,Jon Bates,Chief Operating Officer,spacy,Chief Operating Officer
"Nutex Health, Inc.",8-K,Pamela Montgomery,Chief Operating Officer,spacy,Chief Operating Officer
"Nutex Health, Inc.",8-K,Michael Chang,Chief Financial Officer,spacy,Chief Financial Officer
"Nutex Health, Inc.",8-K,Elisa Luqman,President,spacy,President
"Nutex Health, Inc.",8-K,John Waters,Chief Executive Officer,spacy,Chief Executive Officer
"Nutex Health, Inc.",8-K,Cheryl Grenas,Chief Executive Officer,spacy,Chief Executive Officer
"Nutex Health, Inc.",8-K,Mike Reed,Chief Executive Officer,spacy,Chief Executive Officer
BIO KEY INTERNATIONAL INC,8-K,Cecilia C. Welch Cecilia,Chief Financial Officer,spacy,Chief Financial Officer
BIO KEY INTERNATIONAL INC,8-K,C. Welch,Chief Financial Officer,spacy,Chief Financial Officer
"STAR GROUP, L.P.",8-K,Kestrel Heat,Chief Financial Officer,spacy,Chief Financial Officer
"STAR GROUP, L.P.",8-K,Richard F. Ambury,Chief Financial Officer,spacy,Chief Financial Officer
"Xos, Inc.",8-K,Dakota Semler,Director,spacy,Director
"Xos, Inc.",8-K,Giordano Sordoni,Director,spacy,Director
"Xos, Inc.",8-K,Liana Pogosyan,Director,spacy,Director
"Xos, Inc.",8-K,Christen Romero,Chief Operating Officer,spacy,Chief Operating Officer
"Xos, Inc.",8-K,Susan Docherty,Director,spacy,Director
"Xos, Inc.",8-K,Kim Brink,Director,spacy,Director
"Xos, Inc.",8-K,Michael Bridge,Chief Executive Officer,spacy,Chief Executive Officer
"Xos, Inc.",8-K,Stephen Johnston,Chief Revenue Officer,spacy,Chief Revenue Officer
"Xos, Inc.",8-K,Stuart Bernstein,Director,spacy,Director
"Xos, Inc.",8-K,Burt Jordan,Director,spacy,Director
"Xos, Inc.",8-K,Alice K. Jackson,Director,spacy,Director
"Xos, Inc.",8-K,Ed Rapp,Director,spacy,Director
"Xos, Inc.",8-K,Michael Richardson,Director,spacy,Director
"Xos, Inc.",8-K,Steven Sanders,Director,spacy,Director
"Xos, Inc.",8-K,David Shemmans,Director,spacy,Director
"Xos, Inc.",8-K,Joanne Yan,Director,spacy,Director
"Xos, Inc.",8-K,Mike Richardson,Chairman,spacy,Chair
"Xos, Inc.",8-K,John Franklin,Unknown,spacy,Unknown
"ZIFF DAVIS, INC.",8-K,Jeremy Rossen Jeremy,Vice President,spacy,Vice President
"Reliance Global Group, Inc.",8-K,Ezra Beyman Ezra,Chief Executive Officer,spacy,Chief Executive Officer
"Reliance Global Group, Inc.",8-K,Joel Markovits,Chief Financial Officer,spacy,Chief Financial Officer
"Reliance Global Group, Inc.",8-K,Ezra Beyman,Chief Financial Officer,spacy,Chief Financial Officer
QUAINT OAK BANCORP INC,8-K,John J. Augustine,Vice President,spacy,Vice President
QUAINT OAK BANCORP INC,8-K,Robert T. Strong,President,spacy,President
"Sigyn Therapeutics, Inc.",8-K,Craig Roberts,Chief Technical Officer,spacy,Chief Technical Officer
MAGELLAN COPPER & GOLD INC.,8-K,John Ryan,President,spacy,President
MAGELLAN COPPER & GOLD INC.,8-K,Mike Lavigne,President,spacy,President
HealthLynked Corp,8-K,Michael Dent,Chief Executive Officer,spacy,Chief Executive Officer
EDUCATIONAL DEVELOPMENT CORP,8-K,Craig White,President,spacy,President
"Arcutis Biotherapeutics, Inc.",8-K,Todd Franklin Watanabe,President,spacy,President
"Acutus Medical, Inc.",8-K,Tom Sohn,Chief Administrative Officer,spacy,Chief Administrative Officer
"Acutus Medical, Inc.",8-K,David Roman,President,spacy,President
PRINCIPAL FINANCIAL GROUP INC,8-K,Patrick G. Halter,President,spacy,President
PRINCIPAL FINANCIAL GROUP INC,8-K,Kamal Bhatia,President,spacy,President
PRINCIPAL FINANCIAL GROUP INC,8-K,Pat Halter,President,spacy,President
PRINCIPAL FINANCIAL GROUP INC,8-K,Dan Houston,Chairman,spacy,Chair
PRINCIPAL FINANCIAL GROUP INC,8-K,Pat Halter Patrick,President,spacy,President
"Serina Therapeutics, Inc.",8-K,Steven Mintz,Director,spacy,Director
Good Times Restaurants Inc.,8-K,Ryan Zink,President,spacy,President
Good Times Restaurants Inc.,8-K,Ryan M. Zink,President,spacy,President
SOUTHERN CALIFORNIA EDISON Co,8-K,Kara G. Ryan,Vice President,spacy,Vice President
SOUTHERN CALIFORNIA EDISON Co,8-K,Michael A. Henry,General Counsel,spacy,General Counsel
SOUTHERN CALIFORNIA EDISON Co,8-K,Lee Schreibstein,Director,spacy,Director
SOUTHERN CALIFORNIA EDISON Co,8-K,Robert Nordlinger,Cto,spacy,Chief Technology Officer
SOUTHERN CALIFORNIA EDISON Co,8-K,Reginald Brewer,Vice President,spacy,Vice President
SOUTHERN CALIFORNIA EDISON Co,8-K,Keith J. Larson,Vice President,spacy,Vice President
SOUTHERN CALIFORNIA EDISON Co,8-K,Ann M. Davey,Unknown,spacy,Unknown
EMCORE CORP,8-K,Stephen L. Domenik,Coo,spacy,Chief Operating Officer
EMCORE CORP,8-K,Cletus C. Glasener,Director,spacy,Director
EMCORE CORP,8-K,Jeffrey J. Roncka,Director,spacy,Director
EMCORE CORP,8-K,Noel Heiks,Director,spacy,Director
EMCORE CORP,8-K,Tom Minichiello,Chief Financial Officer,spacy,Chief Financial Officer
EMCORE CORP,8-K,Steve Domenik,Director,spacy,Director
EMCORE CORP,8-K,Booz Allen,Cto,spacy,Chief Technology Officer
EMCORE CORP,8-K,Cletus Glasener,Director,spacy,Director
EMCORE CORP,8-K,Jeffrey Roncka,Director,spacy,Director
BIOMARIN PHARMACEUTICAL INC,8-K,Jeffrey Ajer,Vice President,spacy,Vice President
"HERON THERAPEUTICS, INC. /DE/",8-K,Thomas Fleetwood,Chief Executive Officer,spacy,Chief Executive Officer
Northwest Natural Holding Co,8-K,Shawn M. Filippi,Vice President,spacy,Vice President
"OMNICELL, INC.",8-K,Sara J. White,Director,spacy,Director
"OMNICELL, INC.",8-K,Eileen Voynick,Director,spacy,Director
"OMNICELL, INC.",8-K,Vance Moore,Director,spacy,Director
"OMNICELL, INC.",8-K,Vance B. Moore,Director,spacy,Director
"OMNICELL, INC.",8-K,Randall Lipps,Director,spacy,Director
"Perspective Therapeutics, Inc.",8-K,Thijs Spoor,Chief Executive Officer,spacy,Chief Executive Officer
"Perspective Therapeutics, Inc.",8-K,Spoor Johan,Chief Executive Officer,spacy,Chief Executive Officer
"Perspective Therapeutics, Inc.",8-K,Mary Anne Heino,Chief Executive Officer,spacy,Chief Executive Officer
"Esperion Therapeutics, Inc.",8-K,Sheldon L. Koenig,President,spacy,President
SeaStar Medical Holding Corp,8-K,David Green,Director,spacy,Director
SeaStar Medical Holding Corp,8-K,Caryl Baron,Chief Financial Officer,spacy,Chief Financial Officer
SeaStar Medical Holding Corp,8-K,C. Any,Chief Executive Officer,spacy,Chief Executive Officer
SeaStar Medical Holding Corp,8-K,David A. Green,Chief Financial Officer,spacy,Chief Financial Officer
"ALEXANDRIA REAL ESTATE EQUITIES, INC.",8-K,Peter M. Moglia,Chief Executive Officer,spacy,Chief Executive Officer
FEDERAL REALTY INVESTMENT TRUST,8-K,Dawn Becker,General Counsel,spacy,General Counsel
FEDERAL REALTY INVESTMENT TRUST,8-K,Elizabeth Alvarez,Director,spacy,Director
"Concrete Pumping Holdings, Inc.",8-K,Bruce Young,Ceo,spacy,Chief Executive Officer
BLACKBAUD INC,8-K,Kristian P. Talvitie,Director,spacy,Director
BLACKBAUD INC,8-K,Kristian Talvitie,Director,spacy,Director
BLACKBAUD INC,8-K,Andrew M. Leitch,Director,spacy,Director
BLACKBAUD INC,8-K,George H. Ellis,Director,spacy,Director
BLACKBAUD INC,8-K,Mike Gianoni,Director,spacy,Director
BLACKBAUD INC,8-K,Yogesh K. Gupta,Director,spacy,Director
BLACKBAUD INC,8-K,Roger Nanney,Chairman,spacy,Chair
"Kiromic Biopharma, Inc.",8-K,Pietro Bersani,Chief Executive Officer,spacy,Chief Executive Officer
"Catheter Precision, Inc.",8-K,Thomassen Margrit,Chief Financial Officer,spacy,Chief Financial Officer
"Catheter Precision, Inc.",8-K,David Jenkins,Ceo,spacy,Chief Executive Officer
TUPPERWARE BRANDS CORP,8-K,Karen M. Sheehan,Vice President,spacy,Vice President
"Heritage Insurance Holdings, Inc.",8-K,Ernie Garateix,Chief Executive Officer,spacy,Chief Executive Officer
"Heritage Insurance Holdings, Inc.",8-K,Kirk Lusk,Chief Executive Officer,spacy,Chief Executive Officer
"Heritage Insurance Holdings, Inc.",8-K,Tim Moura,Chief Executive Officer,spacy,Chief Executive Officer
"Heritage Insurance Holdings, Inc.",8-K,Sharon Binnun,Chief Executive Officer,spacy,Chief Executive Officer
3D SYSTEMS CORP,8-K,Jeffrey Graves,General Counsel,spacy,General Counsel
3D SYSTEMS CORP,8-K,Menno Ellis,Vice President,spacy,Vice President
3D SYSTEMS CORP,8-K,Andrew M. Johnson,Vice President,spacy,Vice President
3D SYSTEMS CORP,8-K,Andy Johnson,Cto,spacy,Chief Technology Officer
LIVE VENTURES Inc,8-K,Thomas Sedlak,Director,spacy,Director
INTERNATIONAL FLAVORS & FRAGRANCES INC,8-K,Franklin K. Clyburn,Chief Executive Officer,spacy,Chief Executive Officer
INTERNATIONAL FLAVORS & FRAGRANCES INC,8-K,J. Erik Fyrwald,Ceo,spacy,Chief Executive Officer
INTERNATIONAL FLAVORS & FRAGRANCES INC,8-K,Frank Clyburn,General Counsel,spacy,General Counsel
"MFA FINANCIAL, INC.",8-K,Robert Smith,General Counsel,spacy,General Counsel
"MFA FINANCIAL, INC.",8-K,Vanderbilt Ave,Unknown,spacy,Unknown
EnerSys,8-K,Andrea J. Funk,Chief Financial Officer,spacy,Chief Financial Officer
EnerSys,8-K,Lisa Hartman,Vice President,spacy,Vice President
"ALPINE 4 HOLDINGS, INC.",8-K,Kent B. Wilson,Chief Executive Officer,spacy,Chief Executive Officer
FLEXSTEEL INDUSTRIES INC,8-K,Derek Schmidt,President,spacy,President
FLEXSTEEL INDUSTRIES INC,8-K,Matt Kaness,Director,spacy,Director
FLEXSTEEL INDUSTRIES INC,8-K,Michael J. Ressler,Director,spacy,Director
FLEXSTEEL INDUSTRIES INC,8-K,Derek P. Schmidt,Chief Financial Officer,spacy,Chief Financial Officer
FLEXSTEEL INDUSTRIES INC,8-K,Jerald K. Dittmer,Director,spacy,Director
FLEXSTEEL INDUSTRIES INC,8-K,Jerry Dittmer,Ceo,spacy,Chief Executive Officer
FLEXSTEEL INDUSTRIES INC,8-K,Michael Ressler,Director,spacy,Director
FLEXSTEEL INDUSTRIES INC,8-K,Thomas M. Levine,Chairman,spacy,Chair
SUPERIOR INDUSTRIES INTERNATIONAL INC,8-K,Deven Petito,Director,spacy,Director
SUPERIOR INDUSTRIES INTERNATIONAL INC,8-K,David Sherbin,Vice President,spacy,Vice President
Runway Growth Finance Corp.,8-K,Greg Greifeld,Chief Executive Officer,spacy,Chief Executive Officer
Runway Growth Finance Corp.,8-K,Stefan Norbom,President,spacy,President
XOMA Royalty Corp,8-K,Owen Hughes,Director,spacy,Director
XOMA Royalty Corp,8-K,Jack Wyszomierski,Chairman,spacy,Chair
XOMA Royalty Corp,8-K,Thomas Burns,Vice President,spacy,Vice President
"Lemonade, Inc.",8-K,Tim Bixby,Chief Financial Officer,spacy,Chief Financial Officer
biote Corp.,8-K,Robert Peterson,Director,spacy,Director
biote Corp.,8-K,Samar Kamdar,Chief Financial Officer,spacy,Chief Financial Officer
biote Corp.,8-K,Terry Weber,Chief Executive Officer,spacy,Chief Executive Officer
Jaws Mustang Acquisition Corp,8-K,David Helfand,Director,spacy,Director
Fuss Brands Corp.,8-K,Issamar Ginzberg,Director,spacy,Director
Fuss Brands Corp.,8-K,Cheskel Meisels,Chairman,spacy,Chair
Fuss Brands Corp.,8-K,Daniel Hirsch,Director,spacy,Director
"Vivakor, Inc.",8-K,Tyler Nelson,Chief Financial Officer,spacy,Chief Financial Officer
"Summit Materials, Inc.",8-K,Anne Noonan,President,spacy,President
NutriBand Inc.,8-K,Gareth Sheridan,Ceo,spacy,Chief Executive Officer
NutriBand Inc.,8-K,David Stevens,Chief Commercial Officer,spacy,Chief Commercial Officer
MBIA INC,8-K,Greg Diamond,Director,spacy,Director
GROUP 1 AUTOMOTIVE INC,8-K,Shelley Washburn,Vice President,spacy,Vice President
GROUP 1 AUTOMOTIVE INC,8-K,Daryl Kenningham,President,spacy,President
"ECD Automotive Design, Inc.",8-K,Matt Chesler,Chairman,spacy,Chair
Ovintiv Inc.,8-K,Peter Dea,Chairman,spacy,Chair
"ADVENT TECHNOLOGIES HOLDINGS, INC.",8-K,Kevin L. Brackman,Director,spacy,Director
BASSETT FURNITURE INDUSTRIES INC,8-K,Peter D. Morrison,Vice President,spacy,Vice President
BASSETT FURNITURE INDUSTRIES INC,8-K,J. Michael,Vice President,spacy,Vice President
BASSETT FURNITURE INDUSTRIES INC,8-K,Daniel J. Michael,Vice President,spacy,Vice President
BASSETT FURNITURE INDUSTRIES INC,8-K,J. Michael Daniel,Vice President,spacy,Vice President
Israel Acquisitions Corp,8-K,Related Entities,Director,spacy,Director
Sow Good Inc.,8-K,Tim Creed,Director,spacy,Director
Sow Good Inc.,8-K,Edward Shensky,Director,spacy,Director
Zura Bio Ltd,8-K,Kim Davis,Chief Legal Officer,spacy,Chief Legal Officer
Zura Bio Ltd,8-K,Neil Graham,Director,spacy,Director
Zura Bio Ltd,8-K,Thiara Sandeep Kulkarni,Director,spacy,Director
Zura Bio Ltd,8-K,Mike Howell,Chairman,spacy,Chair
Zura Bio Ltd,8-K,Kiran Nistala,Director,spacy,Director
Zura Bio Ltd,8-K,Gary Whale,Chief Legal Officer,spacy,Chief Legal Officer
Zura Bio Ltd,8-K,Verender Badial,Chief Technology Officer,spacy,Chief Technology Officer
Zura Bio Ltd,8-K,Robert Lisicki,Chief Technology Officer,spacy,Chief Technology Officer
Immunome Inc.,8-K,Max Rosett,Chief Financial Officer,spacy,Chief Financial Officer
Immunome Inc.,8-K,Bob Lechleider,Chief Medical Officer,spacy,Chief Medical Officer
Immunome Inc.,8-K,Sandra Stoneman,Chief Medical Officer,spacy,Chief Medical Officer
Immunome Inc.,8-K,Bruce Turner,Chief Strategy Officer,spacy,Chief Strategy Officer
Immunome Inc.,8-K,Jack Higgins,Chief Strategy Officer,spacy,Chief Strategy Officer
Immunome Inc.,8-K,Phil Roberts,Chief Scientific Officer,spacy,Chief Scientific Officer
"Avenir Wellness Solutions, Inc.",8-K,Nancy Duitch,Chief Executive Officer,spacy,Chief Executive Officer
"NKGen Biotech, Inc.",8-K,Vik Mittal,Chief Executive Officer,spacy,Chief Executive Officer
UNITEDHEALTH GROUP INC,8-K,Andrew Witty,Chief Executive Officer,spacy,Chief Executive Officer
"DELTA AIR LINES, INC.",8-K,Daniel C. Janki,Vice President,spacy,Vice President
"DELTA AIR LINES, INC.",8-K,Ed Bastian,Chief Executive Officer,spacy,Chief Executive Officer
"DELTA AIR LINES, INC.",8-K,Glen Hauenstein,President,spacy,President
"DELTA AIR LINES, INC.",8-K,Main Cabin,Cto,spacy,Chief Technology Officer
"DELTA AIR LINES, INC.",8-K,Dan Janki,Chief Financial Officer,spacy,Chief Financial Officer
UNITY BANCORP INC /NJ/,8-K,George Boyan,Cto,spacy,Chief Technology Officer
LINDSAY CORP,8-K,Randy A. Wood,Director,spacy,Director
WELLS FARGO & COMPANY/MN,8-K,Charlie Scharf,Chief Executive Officer,spacy,Chief Executive Officer
BANK OF AMERICA CORP /DE/,8-K,Rudolf A. Bless,Chief Accounting Officer,spacy,Chief Accounting Officer
BANK OF AMERICA CORP /DE/,8-K,Brian Moynihan,Ceo,spacy,Chief Executive Officer
BANK OF AMERICA CORP /DE/,8-K,Alastair Borthwick,Chief Financial Officer,spacy,Chief Financial Officer
JPMORGAN CHASE & CO,8-K,Elena Korablina,Director,spacy,Director
CARTERS INC,8-K,Brian Lynch,President,spacy,President
CARTERS INC,8-K,Kendra D. Krugman,Vice President,spacy,Vice President
CARTERS INC,8-K,Michael D. Casey,Chairman,spacy,Chair
CARTERS INC,8-K,Kendra Krugman,Vice President,spacy,Vice President
"Heliogen, Inc.",8-K,Alan Gahm,Chief Financial Officer,spacy,Chief Financial Officer
"Heliogen, Inc.",8-K,Wilda Siu,Chief Accounting Officer,spacy,Chief Accounting Officer
"Heliogen, Inc.",8-K,Kelly Rosser,Chief Accounting Officer,spacy,Chief Accounting Officer
"Heliogen, Inc.",8-K,Kurada Steps,Cfo,spacy,Chief Financial Officer
"Heliogen, Inc.",8-K,Alan Gahm Appointed,Cfo,spacy,Chief Financial Officer
KELLANOVA,8-K,Chris Hood,Cto,spacy,Chief Technology Officer
KELLANOVA,8-K,John Min,Chief Legal Officer,spacy,Chief Legal Officer
KELLANOVA,8-K,Victor Marroquin,President,spacy,President
MCCORMICK & CO INC,8-K,Freeman A. Hrabowski,Director,spacy,Director
MCCORMICK & CO INC,8-K,Jeffery D. Schwartz,Vice President,spacy,Vice President
"ROCKY BRANDS, INC.",8-K,Thomas D. Robertson,Chief Operating Officer,spacy,Chief Operating Officer
AMERISERV FINANCIAL INC /PA/,8-K,Michael D. Lynch,Cfo,spacy,Chief Financial Officer
Prairie Operating Co.,8-K,Gary Hanna,President,spacy,President
Prairie Operating Co.,8-K,Andrew Haney,President,spacy,President
Prairie Operating Co.,8-K,Ed Kovalik,Chairman,spacy,Chair
"TERADYNE, INC",8-K,Sanjay Mehta,Chief Financial Officer,spacy,Chief Financial Officer
"TERADYNE, INC",8-K,Andy Blanchard,Director,spacy,Director
"TERADYNE, INC",8-K,Paul Tufano,Director,spacy,Director
"Acumen Pharmaceuticals, Inc.",8-K,Matthew Zuga,Chief Financial Officer,spacy,Chief Financial Officer
MID PENN BANCORP INC,8-K,Jordan D. Space,Chief Operating Officer,spacy,Chief Operating Officer
"Zoomcar Holdings, Inc.",8-K,Adarsh Menon,Director,spacy,Director
"Zoomcar Holdings, Inc.",8-K,Bradford Moran,Chief Executive Officer,spacy,Chief Executive Officer
"Zoomcar Holdings, Inc.",8-K,Gregory Bradford,Chief Executive Officer,spacy,Chief Executive Officer
"Zoomcar Holdings, Inc.",8-K,Deepika Bhan,President,spacy,President
"Zoomcar Holdings, Inc.",8-K,Rakesh Krishnan,President,spacy,President
"Zoomcar Holdings, Inc.",8-K,Hari Kumar,President,spacy,President
"Zoomcar Holdings, Inc.",8-K,Ankush Wadehra,Vice President,spacy,Vice President
"Rackspace Technology, Inc.",8-K,Amar Maletira,Chief Executive Officer,spacy,Chief Executive Officer
"Rackspace Technology, Inc.",8-K,Mark Marino,Chief Financial Officer,spacy,Chief Financial Officer
"Rackspace Technology, Inc.",8-K,Kelly Teal,Vice President,spacy,Vice President
REGAL REXNORD CORP,8-K,Robert J. Rehard,Vice President,spacy,Vice President
"P2 Solar, Inc.",8-K,Sham Sunder,Director,spacy,Director
"P2 Solar, Inc.",8-K,Sham Dhari,Director,spacy,Director
"CarGurus, Inc.",8-K,Andrea Eldridge,Director,spacy,Director
TD SYNNEX CORP,8-K,Fred Breidenbach,Director,spacy,Director
TD SYNNEX CORP,8-K,Matthew Miau,Director,spacy,Director
TD SYNNEX CORP,8-K,David Vetter,Chief Legal Officer,spacy,Chief Legal Officer
TD SYNNEX CORP,8-K,Ting Herh,Director,spacy,Director
TD SYNNEX CORP,8-K,Claude Pumilia,Cto,spacy,Chief Technology Officer
TD SYNNEX CORP,8-K,Ann Vezina,Director,spacy,Director
APA Corp,8-K,Rajesh Sharma,Corporate Secretary,spacy,Corporate Secretary
TopBuild Corp,8-K,Steven P. Raia,Director,spacy,Director
TopBuild Corp,8-K,Robert M. Buck,President,spacy,President
TopBuild Corp,8-K,Jeffrey M. Krestancic,President,spacy,President
Hennessy Capital Investment Corp. VI,8-K,Daniel Hennessy,Chairman,spacy,Chair
Hennessy Capital Investment Corp. VI,8-K,Daniel Zlotnisky,Cto,spacy,Chief Technology Officer
Yong Bai Chao New Retail Corp,8-K,Min Zhang,Chief Financial Officer,spacy,Chief Financial Officer
Yong Bai Chao New Retail Corp,8-K,Yong Bai Chao,Chief Financial Officer,spacy,Chief Financial Officer
Yong Bai Chao New Retail Corp,8-K,Jianbao Huang,Director,spacy,Director
Yong Bai Chao New Retail Corp,8-K,Yanying Feng,Director,spacy,Director
Yong Bai Chao New Retail Corp,8-K,Zhengpeng Lu,Director,spacy,Director
Yong Bai Chao New Retail Corp,8-K,Li Yang,Director,spacy,Director
Yong Bai Chao New Retail Corp,8-K,Zhenpeng Lu,Director,spacy,Director
CHS INC,8-K,Jay Debertin,Coo,spacy,Chief Operating Officer
CHS INC,8-K,Mark Orr,Coo,spacy,Chief Operating Officer
Bitech Technologies Corp,8-K,Benjamin Tran,Chairman,spacy,Chair
CITIGROUP INC,8-K,Jane Fraser,Ceo,spacy,Chief Executive Officer
UNIFIRST CORP,8-K,Michael Iandoli,Director,spacy,Director
UNIFIRST CORP,8-K,Joseph M. Nowicki,Director,spacy,Director
SIEBERT FINANCIAL CORP,8-K,John J. Gebbia,Chief Executive Officer,spacy,Chief Executive Officer
SIEBERT FINANCIAL CORP,8-K,Andrew H. Reich,Chief Executive Officer,spacy,Chief Executive Officer
INCOME OPPORTUNITY REALTY INVESTORS INC /TX/,8-K,Robert A. Jakuszewski,Director,spacy,Director
INCOME OPPORTUNITY REALTY INVESTORS INC /TX/,8-K,Fernando Victor Lara Celis,Director,spacy,Director
Bravo Multinational Inc.,8-K,Booth Blvd,Coo,spacy,Chief Operating Officer
Bravo Multinational Inc.,8-K,Kayla Slick,Coo,spacy,Chief Operating Officer
Bravo Multinational Inc.,8-K,Kyala Slick,Coo,spacy,Chief Operating Officer
"DORCHESTER MINERALS, L.P.",8-K,Bradley J. Ehrman,Chief Executive Officer,spacy,Chief Executive Officer
"C3.ai, Inc.",8-K,Guy Wanger,Chief Administrative Officer,spacy,Chief Administrative Officer
"C3.ai, Inc.",8-K,Thomas M. Siebel,Chief Executive Officer,spacy,Chief Executive Officer
MICRON TECHNOLOGY INC,8-K,Cheryl Nelson,Vice President,spacy,Vice President
"Lightning eMotors, Inc.",8-K,Kelly Lanham,Coo,spacy,Chief Operating Officer
"Lightning eMotors, Inc.",8-K,Tim Reeser,Coo,spacy,Chief Operating Officer
"Lightning eMotors, Inc.",8-K,Craig Huth,Coo,spacy,Chief Operating Officer
"Lightning eMotors, Inc.",8-K,Heath Morrison,Coo,spacy,Chief Operating Officer
"Lightning eMotors, Inc.",8-K,Glen Perlman,Coo,spacy,Chief Operating Officer
"Lightning eMotors, Inc.",8-K,Trent Yang,Coo,spacy,Chief Operating Officer
"Lightning eMotors, Inc.",8-K,Thaddeus Senko,Coo,spacy,Chief Operating Officer
"Lightning eMotors, Inc.",8-K,Diana Tremblay,Coo,spacy,Chief Operating Officer
"Lightning eMotors, Inc.",8-K,Kenneth Jack,Coo,spacy,Chief Operating Officer
"Lightning eMotors, Inc.",8-K,Zalmon Uvaydov,Director,spacy,Director
"Lightning eMotors, Inc.",8-K,William M. Alleman,Unknown,spacy,Unknown
"Lightning eMotors, Inc.",8-K,Neil Miotto,Unknown,spacy,Unknown
"Lightning eMotors, Inc.",8-K,Brad Weightman,Unknown,spacy,Unknown
"Lightning eMotors, Inc.",8-K,John J. Mikulsky,Unknown,spacy,Unknown
"Lightning eMotors, Inc.",8-K,Teresa P.,Coo,spacy,Chief Operating Officer
Versus Systems Inc.,8-K,Juan Carlos Barrera,Director,spacy,Director
Versus Systems Inc.,8-K,Keyvan Peymani,Director,spacy,Director
Versus Systems Inc.,8-K,David Catzel,Director,spacy,Director
Repare Therapeutics Inc.,8-K,Lloyd M. Segal,President,spacy,President
Repare Therapeutics Inc.,8-K,Morpheus Lung,Director,spacy,Director
Repare Therapeutics Inc.,8-K,Susan M. Molineaux,Director,spacy,Director
Repare Therapeutics Inc.,8-K,Robin Garner,Vice President,spacy,Vice President
Horizon Technology Finance Corp,8-K,Robert D. Pomeroy,Chief Executive Officer,spacy,Chief Executive Officer
TERAWULF INC.,8-K,Christopher Allen Jarvis,Director,spacy,Director
TERAWULF INC.,8-K,Amanda Fabiano,Director,spacy,Director
TERAWULF INC.,8-K,Christopher Jarvis,Director,spacy,Director
TERAWULF INC.,8-K,Jason New,Chairman,spacy,Chair
TERAWULF INC.,8-K,Chris Jarvis,Director,spacy,Director
TERAWULF INC.,8-K,Jason Assad,Cto,spacy,Chief Technology Officer
YIJIA GROUP CORP.,8-K,Qiuping Lu,Director,spacy,Director
YIJIA GROUP CORP.,8-K,Steve Niu,Cfo,spacy,Chief Financial Officer
"Knightscope, Inc.",8-K,Mallorie Burak,President,spacy,President
"Knightscope, Inc.",8-K,William Santana,Chief Executive Officer,spacy,Chief Executive Officer
NETSTREIT Corp.,8-K,Daniel Donlan,Chief Financial Officer,spacy,Chief Financial Officer
NETSTREIT Corp.,8-K,Christina T. Roupas,Coo,spacy,Chief Operating Officer
NETSTREIT Corp.,8-K,Elizabeth Alvarez Print,Treasurer,spacy,Treasurer
NETSTREIT Corp.,8-K,Hicham Hamdouch Print,Director,spacy,Director
Braemar Hotels & Resorts Inc.,8-K,Eligible Holder,Director,spacy,Director
Athene Holding Ltd.,8-K,Martin P. Klein,Vice President,spacy,Vice President
HOLOGIC INC,8-K,Namal Nawana,Director,spacy,Director
HOLOGIC INC,8-K,John M. Griffin,General Counsel,spacy,General Counsel
"ROCKWELL AUTOMATION, INC",8-K,Frank Kulaszewicz,Vice President,spacy,Vice President
COLUMBUS MCKINNON CORP,8-K,Heath Mitts,Director,spacy,Director
"Voya Financial, Inc.",8-K,Robert Leary,Director,spacy,Director
Microbot Medical Inc.,8-K,Harel Gadot,President,spacy,President
"NEWMARK GROUP, INC.",8-K,Participating Holders,Unknown,spacy,Unknown
"NEWMARK GROUP, INC.",8-K,Participating Holder,Unknown,spacy,Unknown
"NEWMARK GROUP, INC.",8-K,Ali Malik,Director,spacy,Director
"Beachbody Company, Inc.",8-K,Kush Desai,Vice President,spacy,Vice President
"Beachbody Company, Inc.",8-K,Marc Suidan,Cfo,spacy,Chief Financial Officer
"Beachbody Company, Inc.",8-K,Kevin Genda,Cfo,spacy,Chief Financial Officer
"Candel Therapeutics, Inc.",8-K,Jason A. Amello,Chief Financial Officer,spacy,Chief Financial Officer
"Candel Therapeutics, Inc.",8-K,Charles Schoch,Director,spacy,Director
"TENAX THERAPEUTICS, INC.",8-K,Eliot M. Lurier,Cto,spacy,Chief Technology Officer
"TENAX THERAPEUTICS, INC.",8-K,Christopher T. Giordano,President,spacy,President
BTCS Inc.,8-K,Charles Allen,Director,spacy,Director
BTCS Inc.,8-K,Manish Paranjape,Director,spacy,Director
BTCS Inc.,8-K,Michael Prevoznik,Director,spacy,Director
"SurgePays, Inc.",8-K,Jeremy Gies,President,spacy,President
CNH Industrial N.V.,8-K,Derek Neilson,Chief Executive Officer,spacy,Chief Executive Officer
CNH Industrial N.V.,8-K,Fritz Eichler,Chief Executive Officer,spacy,Chief Executive Officer
CNH Industrial N.V.,8-K,Kevin Barr,Unknown,spacy,Unknown
CNH Industrial N.V.,8-K,Kelly Manley,Unknown,spacy,Unknown
CNH Industrial N.V.,8-K,Marc Kermisch,Chief Financial Officer,spacy,Chief Financial Officer
CNH Industrial N.V.,8-K,Tom Verbaeten,Chief Technology Officer,spacy,Chief Technology Officer
"TKO Group Holdings, Inc.",8-K,Seth Krauss,Unknown,spacy,Unknown
ONTO INNOVATION INC.,8-K,Karen M. Rogge,Director,spacy,Director
BEACON ROOFING SUPPLY INC,8-K,Carmelo Carrubba,Chief Financial Officer,spacy,Chief Financial Officer
BEACON ROOFING SUPPLY INC,8-K,Frank A. Lonegro,Vice President,spacy,Vice President
TEXAS INSTRUMENTS INC,8-K,Kyle M. Flessner,Director,spacy,Director
TEXAS INSTRUMENTS INC,8-K,Cynthia Hoff,Vice President,spacy,Vice President
"Utz Brands, Inc.",8-K,Eric Aumen,Chief Financial Officer,spacy,Chief Financial Officer
Grayscale Bitcoin Trust ETF,8-K,Michael Sonnenshein,Chief Executive Officer,spacy,Chief Executive Officer
"HA Sustainable Infrastructure Capital, Inc.",8-K,Steven L. Chuslo,Vice President,spacy,Vice President
"Staffing 360 Solutions, Inc.",8-K,Baker Tilly,Director,spacy,Director
"Staffing 360 Solutions, Inc.",8-K,Melanie Grossman,Director,spacy,Director
"Fortune Brands Innovations, Inc.",8-K,John G. Morikis,Director,spacy,Director
"T-Mobile US, Inc.",8-K,Peter Osvaldik,Vice President,spacy,Vice President
"T-Mobile US, Inc.",8-K,Daniel J. Bursky,General Counsel,spacy,General Counsel
"Hyperscale Data, Inc.",8-K,Milton C. Ault,Director,spacy,Director
"Hyperscale Data, Inc.",8-K,Henry Nisser,President,spacy,President
MESABI TRUST,8-K,Sebastian Hidalgo,Vice President,spacy,Vice President
MANNATECH INC,8-K,David A. Johnson,Director,spacy,Director
MANNATECH INC,8-K,Landen Fredrick,Chief Financial Officer,spacy,Chief Financial Officer
MANNATECH INC,8-K,Killian Fredrick,Director,spacy,Director
MANNATECH INC,8-K,Alfredo Bala,Chief Executive Officer,spacy,Chief Executive Officer
"Onconetix, Inc.",8-K,Neil Campbell,Director,spacy,Director
"LIFECORE BIOMEDICAL, INC. \DE\",8-K,Listing Rule,Cto,spacy,Chief Technology Officer
"LIFECORE BIOMEDICAL, INC. \DE\",8-K,John D. Morberg,Chief Financial Officer,spacy,Chief Financial Officer
"WISA TECHNOLOGIES, INC.",8-K,Brett Moyer,President,spacy,President
WILLIAMS SONOMA INC,8-K,Marta Benson,Chief Executive Officer,spacy,Chief Executive Officer
WILLIAMS SONOMA INC,8-K,Monica Bhargava,President,spacy,President
WILLIAMS SONOMA INC,8-K,Jennifer Kellor,President,spacy,President
ELUTIA INC.,8-K,Matthew Ferguson,Chief Financial Officer,spacy,Chief Financial Officer
ELUTIA INC.,8-K,Jeffrey D.,Vice President,spacy,Vice President
PennantPark Floating Rate Capital Ltd.,8-K,Richard T. Allorto,Chief Financial Officer,spacy,Chief Financial Officer
4Front Ventures Corp.,8-K,Leonid Gontmakher,Director,spacy,Director
4Front Ventures Corp.,8-K,Andrew Thut,Director,spacy,Director
KILROY REALTY CORP,8-K,Taylor Friend,Vice President,spacy,Vice President
"Nxu, Inc.",8-K,Mark Hanchett,Chief Executive Officer,spacy,Chief Executive Officer
AGRIFORCE GROWING SYSTEMS LTD.,8-K,Richard Wong,Chief Executive Officer,spacy,Chief Executive Officer
"Fat Brands, Inc",8-K,Kenneth J. Kuick,Chief Financial Officer,spacy,Chief Financial Officer
"MedMen Enterprises, Inc.",8-K,Kimble Cannon,General Counsel,spacy,General Counsel
"MedMen Enterprises, Inc.",8-K,Ellen Deutsch Harrison,Ceo,spacy,Chief Executive Officer
"MedMen Enterprises, Inc.",8-K,Vegas Retail,Cto,spacy,Chief Technology Officer
"MedMen Enterprises, Inc.",8-K,Eivan Shahara Eivan,Ceo,spacy,Chief Executive Officer
LIQTECH INTERNATIONAL INC,8-K,Simon Stadil,Director,spacy,Director
HWH International Inc.,8-K,Heng Fai,Director,spacy,Director
HWH International Inc.,8-K,Wong Shui Yeung,Director,spacy,Director
HWH International Inc.,8-K,Wong Tat Keung,Director,spacy,Director
HWH International Inc.,8-K,Ambrose Chan,Chief Executive Officer,spacy,Chief Executive Officer
HWH International Inc.,8-K,Shui Yeung,Director,spacy,Director
HWH International Inc.,8-K,William Wu,Director,spacy,Director
HWH International Inc.,8-K,Tat Keung,Director,spacy,Director
HWH International Inc.,8-K,Independence Certain,Director,spacy,Director
HWH International Inc.,8-K,Anthony Chan,Chairman,spacy,Chair
HWH International Inc.,8-K,Danny Lim,Chairman,spacy,Chair
HWH International Inc.,8-K,Liaw Wei Sheng,Chief Financial Officer,spacy,Chief Financial Officer
HWH International Inc.,8-K,Adam Tan,Chief Operating Officer,spacy,Chief Operating Officer
HWH International Inc.,8-K,Darrin Ocasio,Chief Executive Officer,spacy,Chief Executive Officer
HWH International Inc.,8-K,Chan Heng Fai,Chairman,spacy,Chair
INNOVATIVE FOOD HOLDINGS INC,8-K,Robert William Bennett,Chief Executive Officer,spacy,Chief Executive Officer
INNOVATIVE FOOD HOLDINGS INC,8-K,Bill Bennett,Ceo,spacy,Chief Executive Officer
INNOVATIVE FOOD HOLDINGS INC,8-K,Gary Schubert,Chief Financial Officer,spacy,Chief Financial Officer
Terreno Realty Corp,8-K,John T. Meyer,Director,spacy,Director
"Getaround, Inc",8-K,Spencer Jackson,General Counsel,spacy,General Counsel
"Global Business Travel Group, Inc.",8-K,Michael Gregory,Director,spacy,Director
"Mobile Global Esports, Inc.",8-K,Kiki Benson,Director,spacy,Director
"Mobile Global Esports, Inc.",8-K,Mark J. Keeley,Cfo,spacy,Chief Financial Officer
PRUDENTIAL FINANCIAL INC,8-K,Overall Progress,Director,spacy,Director
SSR MINING INC.,8-K,Alex Hunchak,Vice President,spacy,Vice President
SSR MINING INC.,8-K,Michael J. Sparks,Vice President,spacy,Vice President
SSR MINING INC.,8-K,F. Edward Farid,Vice President,spacy,Vice President
DYNATRONICS CORP,8-K,Brian M. Larkin,Chairman,spacy,Chair
DYNATRONICS CORP,8-K,Andrew Hulett,Chairman,spacy,Chair
"5E Advanced Materials, Inc.",8-K,Susan Brennan,President,spacy,President
"5E Advanced Materials, Inc.",8-K,Davis Snyder,Chief Marketing Officer,spacy,Chief Marketing Officer
"Ryman Hospitality Properties, Inc.",8-K,Mark Fioravanti,President,spacy,President
"Ryman Hospitality Properties, Inc.",8-K,Shannon Sullivan,President,spacy,President
"Ryman Hospitality Properties, Inc.",8-K,Jennifer Hutcheson,Chief Financial Officer,spacy,Chief Financial Officer
"Ryman Hospitality Properties, Inc.",8-K,Sarah Martin,Vice President,spacy,Vice President
"Ryman Hospitality Properties, Inc.",8-K,Robert Winters,Chief Financial Officer,spacy,Chief Financial Officer
FB Financial Corp,8-K,Michael M. Mettee,Chief Financial Officer,spacy,Chief Financial Officer
FB Financial Corp,8-K,Christopher T. Holmes,President,spacy,President
FB Financial Corp,8-K,Michael Mettee,Chief Financial Officer,spacy,Chief Financial Officer
FIRSTSUN CAPITAL BANCORP,8-K,Mollie Hale Carter,Chairman,spacy,Chair
FIRSTSUN CAPITAL BANCORP,8-K,Neal Arnold,Chairman,spacy,Chair
FIRSTSUN CAPITAL BANCORP,8-K,Mark Mason,Chairman,spacy,Chair
FIRSTSUN CAPITAL BANCORP,8-K,Keefe Bruyette,Director,spacy,Director
FIRSTSUN CAPITAL BANCORP,8-K,Mark K. Mason,Ceo,spacy,Chief Executive Officer
FIRSTSUN CAPITAL BANCORP,8-K,Rob Cafera,Ceo,spacy,Chief Executive Officer
FIRSTSUN CAPITAL BANCORP,8-K,John Michel,Ceo,spacy,Chief Executive Officer
FIRSTSUN CAPITAL BANCORP,8-K,Robert A. Cafera,Ceo,spacy,Chief Executive Officer
FIRSTSUN CAPITAL BANCORP,8-K,I. Mark K. Mason,Ceo,spacy,Chief Executive Officer
FIRSTSUN CAPITAL BANCORP,8-K,Mollie H. Carter,Chairman,spacy,Chair
"HomeStreet, Inc.",8-K,John M. Michel,Vice President,spacy,Vice President
"PNC FINANCIAL SERVICES GROUP, INC.",8-K,Bill Demchak,Chairman,spacy,Chair
"PNC FINANCIAL SERVICES GROUP, INC.",8-K,Robert Q. Reilly,Chairman,spacy,Chair
KALTURA INC,8-K,Yaron Garmazi,Director,spacy,Director
KALTURA INC,8-K,John Doherty,Director,spacy,Director
KALTURA INC,8-K,Michal Tsur,President,spacy,President
KALTURA INC,8-K,Ron Yekutiel,Chairman,spacy,Chair
KALTURA INC,8-K,Dear John,Chief Financial Officer,spacy,Chief Financial Officer
Amerant Bancorp Inc.,8-K,Jeffrey A. Lehman,Chief Financial Officer,spacy,Chief Financial Officer
Amerant Bancorp Inc.,8-K,Sharymar Calderon,Chief Financial Officer,spacy,Chief Financial Officer
GUARANTY BANCSHARES INC /TX/,8-K,Ty Abston,Chairman,spacy,Chair
"Adicet Bio, Inc.",8-K,Nick Harvey,Chief Financial Officer,spacy,Chief Financial Officer
"Adicet Bio, Inc.",8-K,Chen Schor,Chief Medical Officer,spacy,Chief Medical Officer
"Adicet Bio, Inc.",8-K,Don Healey,Chief Medical Officer,spacy,Chief Medical Officer
"Adicet Bio, Inc.",8-K,Blake Aftab,Chief Medical Officer,spacy,Chief Medical Officer
"Adicet Bio, Inc.",8-K,Amy Locke,President,spacy,President
"Adicet Bio, Inc.",8-K,Nancy Boman,Chief Financial Officer,spacy,Chief Financial Officer
LEGGETT & PLATT INC,8-K,Cassie J. Branscum,Vice President,spacy,Vice President
LEGGETT & PLATT INC,8-K,Mitch Dolloff,President,spacy,President
LEGGETT & PLATT INC,8-K,Cassie Branscum,Vice President,spacy,Vice President
Restaurant Brands International Limited Partnership,8-K,Tom Curtis,President,spacy,President
Restaurant Brands International Limited Partnership,8-K,Deborah Derby,President,spacy,President
Restaurant Brands International Limited Partnership,8-K,Josh Kobza,Ceo,spacy,Chief Executive Officer
RF Acquisition Corp.,8-K,Ng Tse Meng,Chairman,spacy,Chair
"PARKS AMERICA, INC",8-K,Lisa Brady,Director,spacy,Director
GOLDMAN SACHS GROUP INC,8-K,David Solomon,Chairman,spacy,Chair
"IDEANOMICS, INC.",8-K,Ben Wu,General Counsel,spacy,General Counsel
"IDEANOMICS, INC.",8-K,Benjamin Wu,General Counsel,spacy,General Counsel
"IDEANOMICS, INC.",8-K,Jason Lucas,General Counsel,spacy,General Counsel
"IDEANOMICS, INC.",8-K,Mukim Sungai Karang,Cto,spacy,Chief Technology Officer
"IDEANOMICS, INC.",8-K,Kawasan Perindustrian Gebeng,Cto,spacy,Chief Technology Officer
"IDEANOMICS, INC.",8-K,Daerah Kuantan,Cto,spacy,Chief Technology Officer
"IDEANOMICS, INC.",8-K,Negeri Pahang,Cto,spacy,Chief Technology Officer
"IDEANOMICS, INC.",8-K,Majid Manjit,Director,spacy,Director
"IDEANOMICS, INC.",8-K,Bin Abdullah,Director,spacy,Director
"IDEANOMICS, INC.",8-K,Chin Keong,Director,spacy,Director
"IDEANOMICS, INC.",8-K,James Dermott Mackie,Unknown,spacy,Unknown
"Rafael Holdings, Inc.",8-K,Susan Y. Bernstein,Cto,spacy,Chief Technology Officer
AERWINS Technologies Inc.,8-K,Kiran Sidhu,Chief Executive Officer,spacy,Chief Executive Officer
"Axil Brands, Inc.",8-K,Jeff Toghraie,Chief Executive Officer,spacy,Chief Executive Officer
ANSYS INC,8-K,Ajei Gopal,President,spacy,President
"PATTERSON COMPANIES, INC.",8-K,Les B. Korsh,Chief Legal Officer,spacy,Chief Legal Officer
"V2X, Inc.",8-K,Kevin T. Boyle,Chief Legal Officer,spacy,Chief Legal Officer
"MARA Holdings, Inc.",8-K,Fred Thiel,Chairman,spacy,Chair
"MARA Holdings, Inc.",8-K,Salman Khan,Chief Financial Officer,spacy,Chief Financial Officer
NORDSON CORP,8-K,Christopher L. Mapes,Director,spacy,Director
NORDSON CORP,8-K,Christopher Mapes,Vice President,spacy,Vice President
NORDSON CORP,8-K,Michael J. Merriman,Director,spacy,Director
NORDSON CORP,8-K,Mary Puma,Director,spacy,Director
RENOVARO INC.,8-K,Mark Dybul,Ceo,spacy,Chief Executive Officer
3M CO,8-K,Michael M. Dai,Vice President,spacy,Vice President
Applied Digital Corp.,8-K,Wes Cummins,Chairman,spacy,Chair
SYNOPSYS INC,8-K,John F. Runkel,General Counsel,spacy,General Counsel
MORGAN STANLEY,8-K,Ted Pick,Chief Executive Officer,spacy,Chief Executive Officer
MORGAN STANLEY,8-K,James Gorman,Chairman,spacy,Chair
MORGAN STANLEY,8-K,Andy Saperstein,Chairman,spacy,Chair
MORGAN STANLEY,8-K,Dan Simkowitz,Chairman,spacy,Chair
GOODYEAR TIRE & RUBBER CO /OH/,8-K,Daniel T. Young,Unknown,spacy,Unknown
"EYENOVIA, INC.",8-K,Michael Rowe,Chief Executive Officer,spacy,Chief Executive Officer
"EYENOVIA, INC.",8-K,John Gandolfo,Chief Financial Officer,spacy,Chief Financial Officer
"EYENOVIA, INC.",8-K,Norbert Lowe,Vice President,spacy,Vice President
"Alternus Clean Energy, Inc.",8-K,Karl Andersen,Director,spacy,Director
AgEagle Aerial Systems Inc.,8-K,Grant Begley,Chairman,spacy,Chair
"BullFrog AI Holdings, Inc.",8-K,Vininder Singh Vininder,Chief Executive Officer,spacy,Chief Executive Officer
"BullFrog AI Holdings, Inc.",8-K,Vin Singh,Ceo,spacy,Chief Executive Officer
FIRST CITIZENS BANCSHARES INC /DE/,8-K,Gregory L. Smith,Unknown,spacy,Unknown
FIRST CITIZENS BANCSHARES INC /DE/,8-K,Deanna Hart,Unknown,spacy,Unknown
FIRST CITIZENS BANCSHARES INC /DE/,8-K,Barbara Thompson,Unknown,spacy,Unknown
"NextTrip, Inc.",8-K,Bill Kerby,Chairman,spacy,Chair
"NextTrip, Inc.",8-K,William Kerby,Chief Executive Officer,spacy,Chief Executive Officer
"NextTrip, Inc.",8-K,Chris Tyson,Cto,spacy,Chief Technology Officer
"InterDigital, Inc.",8-K,Joshua D. Schmidt,Chief Legal Officer,spacy,Chief Legal Officer
GLOBAL PARTNERS LP,8-K,Sean T. Geary,Chief Legal Officer,spacy,Chief Legal Officer
Compass Diversified Holdings,8-K,Elias Sabo,Ceo,spacy,Chief Executive Officer
VOXX International Corp,8-K,Pat Lavelle,Chief Executive Officer,spacy,Chief Executive Officer
VOXX International Corp,8-K,Charles M. Stoehr,Vice President,spacy,Vice President
VOXX International Corp,8-K,Michael Stoehr,Chief Executive Officer,spacy,Chief Executive Officer
"Yext, Inc.",8-K,Michael Walrath,Director,spacy,Director
"Yext, Inc.",8-K,Ho Shin,General Counsel,spacy,General Counsel
"Amprius Technologies, Inc.",8-K,Kang Sun,Chief Executive Officer,spacy,Chief Executive Officer
"GRI Bio, Inc.",8-K,Marc Hertz,Chief Executive Officer,spacy,Chief Executive Officer
"GRI Bio, Inc.",8-K,Vipin Kumar,Chief Executive Officer,spacy,Chief Executive Officer
SANDRIDGE ENERGY INC,8-K,Brandon Brown,Vice President,spacy,Vice President
Mawson Infrastructure Group Inc.,8-K,Rahul Mewawalla,Ceo,spacy,Chief Executive Officer
Mawson Infrastructure Group Inc.,8-K,Sandy Harrison,Chief Financial Officer,spacy,Chief Financial Officer
MERCANTILE BANK CORP,8-K,Ray Reitsma,President,spacy,President
MERCANTILE BANK CORP,8-K,Robert B. Kaminski,President,spacy,President
BranchOut Food Inc.,8-K,John Dalfonsi,Director,spacy,Director
BranchOut Food Inc.,8-K,Carmen Loop,Chief Executive Officer,spacy,Chief Executive Officer
MYRIAD GENETICS INC,8-K,Surgeon Urologist Genetic,Unknown,spacy,Unknown
MYRIAD GENETICS INC,8-K,Pedram Razavi,Director,spacy,Director
Johnson Controls International plc,8-K,Olivier Leonetti,Cto,spacy,Chief Technology Officer
Johnson Controls International plc,8-K,Marc Vandiepenbeeck,Vice President,spacy,Vice President
Johnson Controls International plc,8-K,George Oliver,Chairman,spacy,Chair
ORAGENICS INC,8-K,Michael Redmond,President,spacy,President
ORAGENICS INC,8-K,Joseph Michael Redmond,President,spacy,President
ORAGENICS INC,8-K,Nancy New,Director,spacy,Director
ORAGENICS INC,8-K,Janet Huffman,Chief Financial Officer,spacy,Chief Financial Officer
Next Technology Holding Inc.,8-K,Nan Ding,Director,spacy,Director
Next Technology Holding Inc.,8-K,Lichen Dong Post,Chairman,spacy,Chair
"Vaxart, Inc.",8-K,Andrei Floroiu,President,spacy,President
"Vaxart, Inc.",8-K,Michael J. Finney,Chief Executive Officer,spacy,Chief Executive Officer
"Vaxart, Inc.",8-K,David Wheadon,Director,spacy,Director
"Starco Brands, Inc.",8-K,Ross Sklar,Ceo,spacy,Chief Executive Officer
"Starco Brands, Inc.",8-K,Deeper Dive,Ceo,spacy,Chief Executive Officer
Altisource Asset Management Corp,8-K,Luxor Spectrum,Director,spacy,Director
Altisource Asset Management Corp,8-K,Nathaniel Redleaf,Director,spacy,Director
Altisource Asset Management Corp,8-K,Richard G. Rodick,Chief Financial Officer,spacy,Chief Financial Officer
Altisource Asset Management Corp,8-K,Nathanel Redleaf,Director,spacy,Director
Altisource Asset Management Corp,8-K,William Erbey,Chairman,spacy,Chair
HORIZON BANCORP INC /IN/,8-K,Craig M. Dwight,Chairman,spacy,Chair
EVOME MEDICAL TECHNOLOGIES INC.,8-K,Kyle Wilks,Director,spacy,Director
EVOME MEDICAL TECHNOLOGIES INC.,8-K,Mike Seckler,Director,spacy,Director
AMETEK INC/,8-K,William J. Burke,Vice President,spacy,Vice President
AMETEK INC/,8-K,Dalip M. Puri,Vice President,spacy,Vice President
"AMERIGUARD SECURITY SERVICES, INC.",8-K,Jason Bovell,Director,spacy,Director
"AMERIGUARD SECURITY SERVICES, INC.",8-K,Mike Goossen,Director,spacy,Director
InMed Pharmaceuticals Inc.,8-K,Eric A. Adams,President,spacy,President
SEAFARER EXPLORATION CORP,8-K,Tim Reynolds,Cto,spacy,Chief Technology Officer
"Cryomass Technologies, Inc.",8-K,Kevin Ahaesy,Chief Executive Officer,spacy,Chief Executive Officer
HANCOCK WHITNEY CORP,8-K,John M. Hairston,President,spacy,President
HANCOCK WHITNEY CORP,8-K,Michael M. Achary,Chief Financial Officer,spacy,Chief Financial Officer
"Transcode Therapeutics, Inc.",8-K,Robert Michael Dudley,Chief Executive Officer,spacy,Chief Executive Officer
"Transcode Therapeutics, Inc.",8-K,Thomas A. Fitzgerald,President,spacy,President
"Transcode Therapeutics, Inc.",8-K,Phillippe Calais,Chairman,spacy,Chair
"Transcode Therapeutics, Inc.",8-K,Tom Fitzgerald,Cfo,spacy,Chief Financial Officer
FULLNET COMMUNICATIONS INC,8-K,Jason Ayers,President,spacy,President
FULLNET COMMUNICATIONS INC,8-K,Roger P. Baresel,Chief Executive Officer,spacy,Chief Executive Officer
NN INC,8-K,Harold Bevis,President,spacy,President
NN INC,8-K,Michael Felcher,President,spacy,President
NN INC,8-K,Worm Shafts,Cto,spacy,Chief Technology Officer
NN INC,8-K,Shields Smart,Cto,spacy,Chief Technology Officer
FARO TECHNOLOGIES INC,8-K,Peter Lau,President,spacy,President
FARO TECHNOLOGIES INC,8-K,Matthew Horwath,Chief Financial Officer,spacy,Chief Financial Officer
"Leopard Energy, Inc.",8-K,Luca Benedetto,President,spacy,President
SURO CAPITAL CORP.,8-K,Mark Klein,Chairman,spacy,Chair
REALTY INCOME CORP,8-K,Jonathan Pong,Vice President,spacy,Vice President
REALTY INCOME CORP,8-K,Bianca Martinez,Vice President,spacy,Vice President
Blue Owl Capital Corp III,8-K,Logan Nicholson,President,spacy,President
Blue Owl Capital Corp III,8-K,Craig Packer,President,spacy,President
"Sixth Street Specialty Lending, Inc.",8-K,Ian Simmonds,Chief Financial Officer,spacy,Chief Financial Officer
"Sixth Street Specialty Lending, Inc.",8-K,Joshua Peck,Cto,spacy,Chief Technology Officer
"10x Genomics, Inc.",8-K,James Wilbur,Director,spacy,Director
Monster Beverage Corp,8-K,Rodney Sacks,Chief Executive Officer,spacy,Chief Executive Officer
Monster Beverage Corp,8-K,Hilton Schlosberg,Chief Executive Officer,spacy,Chief Executive Officer
Monster Beverage Corp,8-K,Hilton H. Schlosberg,Chairman,spacy,Chair
NICOLET BANKSHARES INC,8-K,Mike Daniels,Chairman,spacy,Chair
NICOLET BANKSHARES INC,8-K,Bob Atwell,Chairman,spacy,Chair
MASIMO CORP,8-K,Robert A. Chapek,Director,spacy,Director
MASIMO CORP,8-K,Chapek Joins,Director,spacy,Director
MASIMO CORP,8-K,Bob Chapek,Director,spacy,Director
BIG 5 SPORTING GOODS Corp,8-K,Barry D. Emerson,Vice President,spacy,Vice President
BIG 5 SPORTING GOODS Corp,8-K,Jeff Sonnek,Vice President,spacy,Vice President
BIG 5 SPORTING GOODS Corp,8-K,Steven G. Miller,Chairman,spacy,Chair
Definitive Healthcare Corp.,8-K,Craig Hazenfield,Coo,spacy,Chief Operating Officer
Definitive Healthcare Corp.,8-K,Robert Musslewhite,Chief Executive Officer,spacy,Chief Executive Officer
Definitive Healthcare Corp.,8-K,Jason Krantz,Chief Executive Officer,spacy,Chief Executive Officer
Definitive Healthcare Corp.,8-K,Richard Booth,Chief Financial Officer,spacy,Chief Financial Officer
Definitive Healthcare Corp.,8-K,Matt Ruderman,Chief Legal Officer,spacy,Chief Legal Officer
Definitive Healthcare Corp.,8-K,Transition Jason Krantz,Ceo,spacy,Chief Executive Officer
"DOCUSIGN, INC.",8-K,Inhi Suh,Cto,spacy,Chief Technology Officer
"DOCUSIGN, INC.",8-K,Blake Grayson,Chief Financial Officer,spacy,Chief Financial Officer
"DOCUSIGN, INC.",8-K,Robert Chatwani,Chief Financial Officer,spacy,Chief Financial Officer
"DOCUSIGN, INC.",8-K,James Shaughnessy,Chief Financial Officer,spacy,Chief Financial Officer
"DOCUSIGN, INC.",8-K,Stephen Shute,Chief Financial Officer,spacy,Chief Financial Officer
"DOCUSIGN, INC.",8-K,Inhi Cho Suh,President,spacy,President
"DOCUSIGN, INC.",8-K,James P. Shaughnessy,Chief Legal Officer,spacy,Chief Legal Officer
"DOCUSIGN, INC.",8-K,Voluntary Assistance,Director,spacy,Director
"DOCUSIGN, INC.",8-K,Inhi Cho,Chief Legal Officer,spacy,Chief Legal Officer
"Phillips Edison & Company, Inc.",8-K,Jennifer L. Robison,Chief Accounting Officer,spacy,Chief Accounting Officer
INTEST CORP,8-K,Nick Grant,President,spacy,President
INTEST CORP,8-K,Michael Goodrich,President,spacy,President
"Digital Brands Group, Inc.",8-K,Hil Davis,Chief Executive Officer,spacy,Chief Executive Officer
"Digital Brands Group, Inc.",8-K,John Hilburn Davis,President,spacy,President
CoJax Oil & Gas Corp,8-K,Barrett Wellman,Director,spacy,Director
CoJax Oil & Gas Corp,8-K,Will Downs,Chairman,spacy,Chair
"Mirum Pharmaceuticals, Inc.",8-K,Peter Radovich,Director,spacy,Director
"Mirum Pharmaceuticals, Inc.",8-K,Christopher Peetz,Chief Operating Officer,spacy,Chief Operating Officer
"EXICURE, INC.",8-K,Paul Kang,Chief Executive Officer,spacy,Chief Executive Officer
"InPoint Commercial Real Estate Income, Inc.",8-K,Catherine L. Lynch,Chief Financial Officer,spacy,Chief Financial Officer
IMPINJ INC,8-K,Chris Diorio,Chief Executive Officer,spacy,Chief Executive Officer
IMPINJ INC,8-K,Cary Baker,Ceo,spacy,Chief Executive Officer
"Vera Bradley, Inc.",8-K,Jackie Ardrey,Director,spacy,Director
"Vera Bradley, Inc.",8-K,Carrie Tharp,Director,spacy,Director
"Vera Bradley, Inc.",8-K,Mark C. Dely,Chief Administrative Officer,spacy,Chief Administrative Officer
"Vera Bradley, Inc.",8-K,Barbara Bradley Baekgaard,Ceo,spacy,Chief Executive Officer
"Vera Bradley, Inc.",8-K,Robert J. Hall,Ceo,spacy,Chief Executive Officer
"Vera Bradley, Inc.",8-K,Mary Lou Kelley,Chairman,spacy,Chair
"Vera Bradley, Inc.",8-K,Frances P. Philip,Chairman,spacy,Chair
MANITOWOC CO INC,8-K,Ryan M. Gwillim,Director,spacy,Director
"FingerMotion, Inc.",8-K,Martin Shen,Ceo,spacy,Chief Executive Officer
MID AMERICA APARTMENT COMMUNITIES INC.,8-K,Albert M. Campbell,Vice President,spacy,Vice President
"Reborn Coffee, Inc.",8-K,Farooq Arjomand,Chairman,spacy,Chair
"NEXGEL, INC.",8-K,Miranda J. Toledano,Cto,spacy,Chief Technology Officer
"NewHydrogen, Inc.",8-K,Steve Hill,Chief Executive Officer,spacy,Chief Executive Officer
"NewHydrogen, Inc.",8-K,Ben Emerson,Chief Executive Officer,spacy,Chief Executive Officer
"Volato Group, Inc.",8-K,Matthew Liotta,Chief Executive Officer,spacy,Chief Executive Officer
"Volato Group, Inc.",8-K,Keith Rabin,Chief Executive Officer,spacy,Chief Executive Officer
"Inhibikase Therapeutics, Inc.",8-K,Joseph Frattaroli,Director,spacy,Director
"Inhibikase Therapeutics, Inc.",8-K,Milton Werner,President,spacy,President
"Inhibikase Therapeutics, Inc.",8-K,Milton H. Werner,President,spacy,President
SAN JUAN BASIN ROYALTY TRUST,8-K,Ross C. Durr,Vice President,spacy,Vice President
SAN JUAN BASIN ROYALTY TRUST,8-K,Ross Durr,Vice President,spacy,Vice President
SAN JUAN BASIN ROYALTY TRUST,8-K,Kaye Wilke,Vice President,spacy,Vice President
"CHARLES RIVER LABORATORIES INTERNATIONAL, INC.",8-K,William D. Barbo,Vice President,spacy,Vice President
"CHARLES RIVER LABORATORIES INTERNATIONAL, INC.",8-K,Matthew L. Daniel,Vice President,spacy,Vice President
Yuenglings Ice Cream Corp,8-K,Bonnie Berkoski,President,spacy,President
Yuenglings Ice Cream Corp,8-K,Original Assignor,President,spacy,President
Yuenglings Ice Cream Corp,8-K,Robert C. Bohorad,President,spacy,President
DELUXE CORP,8-K,Michael Reed,Director,spacy,Director
PROGRESS SOFTWARE CORP /MA,8-K,Yogesh Gupta,Ceo,spacy,Chief Executive Officer
PROGRESS SOFTWARE CORP /MA,8-K,Anthony Folger,Cfo,spacy,Chief Financial Officer
COMPASS MINERALS INTERNATIONAL INC,8-K,Kevin Crutchfield,President,spacy,President
COMPASS MINERALS INTERNATIONAL INC,8-K,Edward C. Dowling,President,spacy,President
COMPASS MINERALS INTERNATIONAL INC,8-K,Rich Dealy,Director,spacy,Director
COMPASS MINERALS INTERNATIONAL INC,8-K,Joe Reece,Chairman,spacy,Chair
URANIUM ENERGY CORP,8-K,Amir Adnani,President,spacy,President
URANIUM ENERGY CORP,8-K,Andrew Kurrus,Vice President,spacy,Vice President
URANIUM ENERGY CORP,8-K,Pat Obara,Chief Financial Officer,spacy,Chief Financial Officer
FULTON FINANCIAL CORP,8-K,Curtis J. Myers,Chairman,spacy,Chair
PINNACLE FINANCIAL PARTNERS INC,8-K,M. Terry Turner,President,spacy,President
PLEXUS CORP,8-K,Patrick J. Jermain,Vice President,spacy,Vice President
"BIMINI CAPITAL MANAGEMENT, INC.",8-K,G. Hunter Haas,Director,spacy,Director
PURE CYCLE CORP,8-K,Marc Spezialy,Cfo,spacy,Chief Financial Officer
PURE CYCLE CORP,8-K,Patrick J. Beirne,Director,spacy,Director
PURE CYCLE CORP,8-K,Peter C. Howell,Director,spacy,Director
PURE CYCLE CORP,8-K,Jeffrey G. Sheets,Director,spacy,Director
PURE CYCLE CORP,8-K,J. Abel,Director,spacy,Director
FARMERS & MERCHANTS BANCORP INC,8-K,Lars B. Eller,President,spacy,President
Allakos Inc.,8-K,Adam Tomasi,President,spacy,President
Allakos Inc.,8-K,Craig Paterson,Chief Medical Officer,spacy,Chief Medical Officer
Allakos Inc.,8-K,Alex Schwartz,President,spacy,President
Allakos Inc.,8-K,Denise Powell,President,spacy,President
"Camping World Holdings, Inc.",8-K,Stephen Adams,Cto,spacy,Chief Technology Officer
"Instil Bio, Inc.",8-K,Sandeep Laumas,Chief Financial Officer,spacy,Chief Financial Officer
"Eve Holding, Inc.",8-K,Simone Oliveira,General Counsel,spacy,General Counsel
Coronado Global Resources Inc.,8-K,Douglas Thompson,Director,spacy,Director
Coronado Global Resources Inc.,8-K,Gerhard Ziems,Director,spacy,Director
Coronado Global Resources Inc.,8-K,Andrew Mooney,Vice President,spacy,Vice President
LOEWS CORP,8-K,Joseph L. Bower,Director,spacy,Director
"Solid Power, Inc.",8-K,Derek Johnson,Chief Operating Officer,spacy,Chief Operating Officer
"Solid Power, Inc.",8-K,Kevin Paprzycki,Chief Financial Officer,spacy,Chief Financial Officer
Energous Corp,8-K,Cesar Johnston,Chief Financial Officer,spacy,Chief Financial Officer
Energous Corp,8-K,Johnston Cesar,President,spacy,President
"Five Point Holdings, LLC",8-K,Lennar Homes,Director,spacy,Director
"LEAP THERAPEUTICS, INC.",8-K,Meredith Pelster,Cto,spacy,Chief Technology Officer
"LEAP THERAPEUTICS, INC.",8-K,Zev Wainberg,Director,spacy,Director
"Alpha Teknova, Inc.",8-K,Matthew Lowell,President,spacy,President
"Alpha Teknova, Inc.",8-K,Brett Robertson,Chief Financial Officer,spacy,Chief Financial Officer
"Alpha Teknova, Inc.",8-K,Alexander Vos,General Counsel,spacy,General Counsel
"Alpha Teknova, Inc.",8-K,Ken Gelhaus,Chief Commercial Officer,spacy,Chief Commercial Officer
MULLEN AUTOMOTIVE INC.,8-K,Jonathan New,Chief Financial Officer,spacy,Chief Financial Officer
MULLEN AUTOMOTIVE INC.,8-K,David Michery,Ceo,spacy,Chief Executive Officer
Safehold Inc.,8-K,Jay Sugarman Jay,Chief Executive Officer,spacy,Chief Executive Officer
Safehold Inc.,8-K,Steve Wylder Named,Chief Investment Officer,spacy,Chief Investment Officer
Safehold Inc.,8-K,Tim Doherty,Chief Investment Officer,spacy,Chief Investment Officer
Safehold Inc.,8-K,Steve Wylder,Chief Investment Officer,spacy,Chief Investment Officer
KIORA PHARMACEUTICALS INC,8-K,Melissa Tosca,Vice President,spacy,Vice President
"SmartStop Self Storage REIT, Inc.",8-K,H. Michael Schwartz,Chairman,spacy,Chair
MIDDLEBY Corp,8-K,Darcy Bretz,Vice President,spacy,Vice President
MIDDLEBY Corp,8-K,Tejas P. Shah,Cto,spacy,Chief Technology Officer
MIDDLEBY Corp,8-K,Stephen Scherger,Director,spacy,Director
MIDDLEBY Corp,8-K,Tejas Shah,Director,spacy,Director
MIDDLEBY Corp,8-K,Egon Zehnder,Chairman,spacy,Chair
"BIORA THERAPEUTICS, INC.",8-K,Adi Mohanty,Chief Executive Officer,spacy,Chief Executive Officer
"BIORA THERAPEUTICS, INC.",8-K,Chuck Padala,Director,spacy,Director
FIRST BANCSHARES INC /MS/,8-K,Donna T.,Cfo,spacy,Chief Financial Officer
FIRST BANCSHARES INC /MS/,8-K,Dee Dee,Cfo,spacy,Chief Financial Officer
FIRST BANCSHARES INC /MS/,8-K,Dee Dee Lowery,Chief Executive Officer,spacy,Chief Executive Officer
Smith Douglas Homes Corp.,8-K,Brett Steele,General Counsel,spacy,General Counsel
Smith Douglas Homes Corp.,8-K,Greg Bennett,Director,spacy,Director
Smith Douglas Homes Corp.,8-K,Tom Bradbury,Cto,spacy,Chief Technology Officer
Smith Douglas Homes Corp.,8-K,Russell Devendorf,President,spacy,President
Smith Douglas Homes Corp.,8-K,Thomas L. Bradbury,Vice President,spacy,Vice President
Smith Douglas Homes Corp.,8-K,Marc Jaffe,General Counsel,spacy,General Counsel
Smith Douglas Homes Corp.,8-K,Senet Bischoff,Unknown,spacy,Unknown
Smith Douglas Homes Corp.,8-K,Marc Jaffe Facsimile,General Counsel,spacy,General Counsel
"Light & Wonder, Inc.",8-K,Lien Searches,Cto,spacy,Chief Technology Officer
"Evolus, Inc.",8-K,David Moatazedi,President,spacy,President
HUNT J B TRANSPORT SERVICES INC,8-K,Patrick J. Ottensmeyer,Director,spacy,Director
HUNT J B TRANSPORT SERVICES INC,8-K,John Kuhlow,Chief Executive Officer,spacy,Chief Executive Officer
HUNT J B TRANSPORT SERVICES INC,8-K,Persio Lisboa,President,spacy,President
HUNT J B TRANSPORT SERVICES INC,8-K,Thad Hill,President,spacy,President
HUNT J B TRANSPORT SERVICES INC,8-K,Patrick Ottensmeyer,Director,spacy,Director
WINMARK CORP,8-K,Mark L. Wilson,Director,spacy,Director
WINMARK CORP,8-K,Anthony D. Ishaug,Chief Financial Officer,spacy,Chief Financial Officer
Carmell Corp,8-K,Bryan J. Cassaday,Chief Financial Officer,spacy,Chief Financial Officer
Carmell Corp,8-K,Jason D. Bloom,Chief Financial Officer,spacy,Chief Financial Officer
Carmell Corp,8-K,Rajiv Shukla,Chairman,spacy,Chair
FIVE STAR BANCORP,8-K,Heather C. Luck,Chief Financial Officer,spacy,Chief Financial Officer
CaliberCos Inc.,8-K,Chris Loeffler,Ceo,spacy,Chief Executive Officer
CaliberCos Inc.,8-K,John C. Loeffler,Chairman,spacy,Chair
CaliberCos Inc.,8-K,Victoria Rotondo,Cto,spacy,Chief Technology Officer
CaliberCos Inc.,8-K,Jennifer Schrader,Ceo,spacy,Chief Executive Officer
CaliberCos Inc.,8-K,Roy Bade,Ceo,spacy,Chief Executive Officer
CaliberCos Inc.,8-K,John Hartman,Ceo,spacy,Chief Executive Officer
CaliberCos Inc.,8-K,Yaron Ashkenazi,Ceo,spacy,Chief Executive Officer
CaliberCos Inc.,8-K,Dan Hansen,Chief Executive Officer,spacy,Chief Executive Officer
CaliberCos Inc.,8-K,Lisa Fortuna,Ceo,spacy,Chief Executive Officer
Artificial Intelligence Technology Solutions Inc.,8-K,Steve Reinharz,Ceo,spacy,Chief Executive Officer
Artificial Intelligence Technology Solutions Inc.,8-K,Mark Folmer,President,spacy,President
Incannex Healthcare Inc.,8-K,Joel Latham,Chief Executive Officer,spacy,Chief Executive Officer
CITIZENS FINANCIAL GROUP INC/RI,8-K,John F. Woods,Chief Financial Officer,spacy,Chief Financial Officer
CITIZENS FINANCIAL GROUP INC/RI,8-K,Bruce Van Saun,Chairman,spacy,Chair
US BANCORP \DE\,8-K,Andy Cecere,Chairman,spacy,Chair
US BANCORP \DE\,8-K,John Stern,Chairman,spacy,Chair
"Aveanna Healthcare Holdings, Inc.",8-K,Jeff Shaner,Chief Executive Officer,spacy,Chief Executive Officer
"Aveanna Healthcare Holdings, Inc.",8-K,Shannon Drake Shannon,Chief Administrative Officer,spacy,Chief Administrative Officer
"Loop Industries, Inc.",8-K,Fady Mansour,Chief Financial Officer,spacy,Chief Financial Officer
"Loop Industries, Inc.",8-K,Daniel Solomita,Ceo,spacy,Chief Executive Officer
"Loop Industries, Inc.",8-K,Sung Min,Director,spacy,Director
"Loop Industries, Inc.",8-K,Kim Jun,Director,spacy,Director
DZS INC.,8-K,Misty Kawecki Misty,Chief Financial Officer,spacy,Chief Financial Officer
DZS INC.,8-K,Misty Kawecki,Chief Operations Officer,spacy,Chief Operations Officer
DZS INC.,8-K,Justin Ferguson,Chief Operations Officer,spacy,Chief Operations Officer
DZS INC.,8-K,Laura Larson,Chief Operations Officer,spacy,Chief Operations Officer
DZS INC.,8-K,Miguel Alonso,Chief Financial Officer,spacy,Chief Financial Officer
DZS INC.,8-K,Charlie Vogt,Chief Legal Officer,spacy,Chief Legal Officer
TuSimple Holdings Inc.,8-K,Mo Chen,Coo,spacy,Chief Operating Officer
TuSimple Holdings Inc.,8-K,Eric Tapia,Chief Financial Officer,spacy,Chief Financial Officer
TuSimple Holdings Inc.,8-K,James Lu,Director,spacy,Director
TuSimple Holdings Inc.,8-K,Zhen Tao,Director,spacy,Director
TuSimple Holdings Inc.,8-K,Michael Mosier,Director,spacy,Director
EVgo Inc.,8-K,Ivo Steklac,Chief Operating Officer,spacy,Chief Operating Officer
EVgo Inc.,8-K,Badar Khan,Chief Executive Officer,spacy,Chief Executive Officer
EVgo Inc.,8-K,Dennis Kish,President,spacy,President
D-Wave Quantum Inc.,8-K,Kirstjen Nielsen,Director,spacy,Director
D-Wave Quantum Inc.,8-K,Alan Baratz,President,spacy,President
PepGen Inc.,8-K,Mary Beth,Vice President,spacy,Vice President
Hyzon Motors Inc.,8-K,Steve Weiland,Chief Executive Officer,spacy,Chief Executive Officer
Hyzon Motors Inc.,8-K,Stephen Weiland,Chief Executive Officer,spacy,Chief Executive Officer
Hyzon Motors Inc.,8-K,Christian Mohrdieck,Chief Commercial Officer,spacy,Chief Commercial Officer
Hyzon Motors Inc.,8-K,Matthew Foulston,Chief Commercial Officer,spacy,Chief Commercial Officer
Hyzon Motors Inc.,8-K,Erik Anderson,Director,spacy,Director
Hyzon Motors Inc.,8-K,Andrea Farace,Director,spacy,Director
"Day One Biopharmaceuticals, Inc.",8-K,Habib J. Dable,Director,spacy,Director
"Day One Biopharmaceuticals, Inc.",8-K,William Grossman,Director,spacy,Director
"Day One Biopharmaceuticals, Inc.",8-K,Habib Dable,Director,spacy,Director
"Day One Biopharmaceuticals, Inc.",8-K,Jeremy Bender,Director,spacy,Director
"KINETA, INC./DE",8-K,Thierry Guillaudeux,Chief Scientific Officer,spacy,Chief Scientific Officer
EQT Corp,8-K,David Dodd,Director,spacy,Director
EQT Corp,8-K,Paul Wargo,President,spacy,President
EQT Corp,8-K,Stephen Hoffman,Vice President,spacy,Vice President
EQT Corp,8-K,Patty M. Galitis,Vice President,spacy,Vice President
EQT Corp,8-K,Matthew D. Pankey,Chief Executive Officer,spacy,Chief Executive Officer
"GOLUB CAPITAL BDC, Inc.",8-K,David Golub,Chief Executive Officer,spacy,Chief Executive Officer
"KULR Technology Group, Inc.",8-K,William Walker,Chief Technology Officer,spacy,Chief Technology Officer
"KULR Technology Group, Inc.",8-K,Michael Mo,Chief Executive Officer,spacy,Chief Executive Officer
"Core Scientific, Inc./tx",8-K,Lien Takeback,Cto,spacy,Chief Technology Officer
"Core Scientific, Inc./tx",8-K,Paul Hastings,Unknown,spacy,Unknown
"Core Scientific, Inc./tx",8-K,Adam Sullivan,Chief Executive Officer,spacy,Chief Executive Officer
"Core Scientific, Inc./tx",8-K,Jarrod Patten,Director,spacy,Director
"Core Scientific, Inc./tx",8-K,Jeff Booth,Director,spacy,Director
"Core Scientific, Inc./tx",8-K,Eric Weiss,Director,spacy,Director
"Core Scientific, Inc./tx",8-K,Todd Becker,Director,spacy,Director
"Core Scientific, Inc./tx",8-K,Jordan Levy,Director,spacy,Director
"Core Scientific, Inc./tx",8-K,Yadin Rozov,Director,spacy,Director
"Core Scientific, Inc./tx",8-K,Swap Obligation,Director,spacy,Director
"Core Scientific, Inc./tx",8-K,Gordon Rees Scully,Cto,spacy,Chief Technology Officer
"Core Scientific, Inc./tx",8-K,Certain Assignees,Cto,spacy,Chief Technology Officer
"Core Scientific, Inc./tx",8-K,Eligible Assignee,Cto,spacy,Chief Technology Officer
"Core Scientific, Inc./tx",8-K,Sara Lee,Director,spacy,Director
"Ocean Power Technologies, Inc.",8-K,Philipp Stratmann,Ceo,spacy,Chief Executive Officer
PLUMAS BANCORP,8-K,Andrew J. Ryback,President,spacy,President
"DigitalOcean Holdings, Inc.",8-K,Padmanabhan Srinivasan,Chief Executive Officer,spacy,Chief Executive Officer
"DigitalOcean Holdings, Inc.",8-K,Yancey Spruill,Chief Executive Officer,spacy,Chief Executive Officer
"DigitalOcean Holdings, Inc.",8-K,Paddy Srinivasan,Ceo,spacy,Chief Executive Officer
"DigitalOcean Holdings, Inc.",8-K,Warren Adelman,Chairman,spacy,Chair
SMARTSHEET INC,8-K,Mark Mader,Ceo,spacy,Chief Executive Officer
SMARTSHEET INC,8-K,Amin Panjwani,Ceo,spacy,Chief Executive Officer
"TIGO ENERGY, INC.",8-K,Zvi Alon,Chairman,spacy,Chair
"TruBridge, Inc.",8-K,Christopher L. Fowler,President,spacy,President
"TruBridge, Inc.",8-K,Christopher L.,President,spacy,President
"TruBridge, Inc.",8-K,David Dye,Unknown,spacy,Unknown
"TruBridge, Inc.",8-K,Kevin Plessner,Unknown,spacy,Unknown
"TruBridge, Inc.",8-K,Ryan Harkins,Unknown,spacy,Unknown
"TruBridge, Inc.",8-K,Michelle Theriot,Unknown,spacy,Unknown
"TruBridge, Inc.",8-K,Claire Stephens,Unknown,spacy,Unknown
"TruBridge, Inc.",8-K,Joseph Theis,Unknown,spacy,Unknown
"TruBridge, Inc.",8-K,Robert F. Diehl,Vice President,spacy,Vice President
FEDERAL HOME LOAN MORTGAGE CORP,8-K,Roy Swan,Director,spacy,Director
FEDERAL HOME LOAN MORTGAGE CORP,8-K,Christopher Spina,Director,spacy,Director
FEDERAL HOME LOAN MORTGAGE CORP,8-K,Lance Drummond,Director,spacy,Director
Cigna Group,8-K,Brian C. Evanko,President,spacy,President
Cigna Group,8-K,Eric P. Palmer,Vice President,spacy,Vice President
"Golden Matrix Group, Inc.",8-K,Anthony Brian,Chief Executive Officer,spacy,Chief Executive Officer
"Golden Matrix Group, Inc.",8-K,Brian Goodman,Ceo,spacy,Chief Executive Officer
BION ENVIRONMENTAL TECHNOLOGIES INC,8-K,Mark A. Smith,President,spacy,President
WILSON BANK HOLDING CO,8-K,Keith Hatley,President,spacy,President
"FreightCar America, Inc.",8-K,Michael A. Riordan,Vice President,spacy,Vice President
"FreightCar America, Inc.",8-K,Michael Riordan,Chief Financial Officer,spacy,Chief Financial Officer
"FreightCar America, Inc.",8-K,Matthew Tonn,Chief Commercial Officer,spacy,Chief Commercial Officer
"FreightCar America, Inc.",8-K,Nicholas Randall,Chief Operating Officer,spacy,Chief Operating Officer
"GeoSolar Technologies, Inc.",8-K,A. Stone Douglass,Chief Executive Officer,spacy,Chief Executive Officer
"Tingo Group, Inc.",8-K,Kenneth Denos Interim,Chief Executive Officer,spacy,Chief Executive Officer
"Tingo Group, Inc.",8-K,Jamal Khurshid,Director,spacy,Director
CALAVO GROWERS INC,8-K,Calavo Growers,Chief Executive Officer,spacy,Chief Executive Officer
"BITMINE IMMERSION TECHNOLOGIES, INC.",8-K,John Kelly,Director,spacy,Director
"BITMINE IMMERSION TECHNOLOGIES, INC.",8-K,Jonathan Bates,Ceo,spacy,Chief Executive Officer
BEL FUSE INC /NJ,8-K,Steve Dawson,President,spacy,President
BEL FUSE INC /NJ,8-K,Dennis Ackerman,Vice President,spacy,Vice President
BEL FUSE INC /NJ,8-K,Daniel Bernstein,President,spacy,President
BEL FUSE INC /NJ,8-K,Dan Bernstein,Ceo,spacy,Chief Executive Officer
BEL FUSE INC /NJ,8-K,Bel Bel,Cto,spacy,Chief Technology Officer
BEL FUSE INC /NJ,8-K,Lynn Hutkin,Director,spacy,Director
BEL FUSE INC /NJ,8-K,Jean Marie Young,Director,spacy,Director
BEL FUSE INC /NJ,8-K,Steven Hooser,Director,spacy,Director
Kentucky First Federal Bancorp,8-K,Don Jennings,President,spacy,President
Kentucky First Federal Bancorp,8-K,Don D. Jennings,President,spacy,President
"MEI Pharma, Inc.",8-K,Richard Ghalie,Cto,spacy,Chief Technology Officer
"MEI Pharma, Inc.",8-K,David M. Urso,President,spacy,President
"Marpai, Inc.",8-K,Yaron Eitan,Chief Executive Officer,spacy,Chief Executive Officer
"Marpai, Inc.",8-K,Robert Pons,Chief Executive Officer,spacy,Chief Executive Officer
"Marpai, Inc.",8-K,Steve Johnson,Chief Financial Officer,spacy,Chief Financial Officer
"Trade Desk, Inc.",8-K,Tim Sims,Chief Revenue Officer,spacy,Chief Revenue Officer
"Trade Desk, Inc.",8-K,Jed Dederick,Chief Revenue Officer,spacy,Chief Revenue Officer
"Trade Desk, Inc.",8-K,Jeff Green,Director,spacy,Director
ROYAL GOLD INC,8-K,Laura B. Gill,Vice President,spacy,Vice President
"Molecular Templates, Inc.",8-K,Jonathan Lanfear,Director,spacy,Director
"Molecular Templates, Inc.",8-K,Kevin Lalande,Director,spacy,Director
DIODES INC /DEL/,8-K,Gary Yu,Director,spacy,Director
DIODES INC /DEL/,8-K,Shew Lu,Chairman,spacy,Chair
"ASSEMBLY BIOSCIENCES, INC.",8-K,John O. Gunderson,General Counsel,spacy,General Counsel
"Ocean Biomedical, Inc.",8-K,Elizabeth Ng,Chief Executive Officer,spacy,Chief Executive Officer
"Azenta, Inc.",8-K,Ellen M. Zane,Cto,spacy,Chief Technology Officer
RVL Pharmaceuticals plc,8-K,Brian Markison,Chief Executive Officer,spacy,Chief Executive Officer
LAKELAND INDUSTRIES INC,8-K,Martin G. Glavin,Director,spacy,Director
LAKELAND INDUSTRIES INC,8-K,Roger D. Shannon,Chief Financial Officer,spacy,Chief Financial Officer
FARMERS NATIONAL BANC CORP /OH/,8-K,James M. Gasior,Vice President,spacy,Vice President
FARMERS NATIONAL BANC CORP /OH/,8-K,Timothy Carney,Vice President,spacy,Vice President
FARMERS NATIONAL BANC CORP /OH/,8-K,Kevin J. Helmick Kevin,President,spacy,President
FARMERS NATIONAL BANC CORP /OH/,8-K,J. Helmick,President,spacy,President
NVE CORP /NEW/,8-K,Daniel A. Baker,Cto,spacy,Chief Technology Officer
MERCURY SYSTEMS INC,8-K,Christine F. Harbison,Vice President,spacy,Vice President
MERCURY SYSTEMS INC,8-K,William L. Ballhaus,Vice President,spacy,Vice President
MERCURY SYSTEMS INC,8-K,Roger Wells,Chief Operating Officer,spacy,Chief Operating Officer
MERCURY SYSTEMS INC,8-K,Bill Ballhaus,Chief Operating Officer,spacy,Chief Operating Officer
MERCURY SYSTEMS INC,8-K,Christine Harbison,Chief Growth Officer,spacy,Chief Growth Officer
"AMMO, INC.",8-K,Russell William Wallace,Director,spacy,Director
"AMMO, INC.",8-K,Robert D. Wiley,Chief Financial Officer,spacy,Chief Financial Officer
"Pedro's List, Inc.",8-K,Victor Mokuolu,Cto,spacy,Chief Technology Officer
"Pedro's List, Inc.",8-K,Andrew Birnbaum,President,spacy,President
PLUG POWER INC,8-K,James T. Seery,Unknown,spacy,Unknown
"Zivo Bioscience, Inc.",8-K,Keith Marchiando Keith,Chief Financial Officer,spacy,Chief Financial Officer
Allied Gaming & Entertainment Inc.,8-K,Yinghua Chen,Chief Executive Officer,spacy,Chief Executive Officer
Allied Gaming & Entertainment Inc.,8-K,Roy Anderson,Chief Executive Officer,spacy,Chief Executive Officer
Alcoa Corp,8-K,William F. Oplinger,President,spacy,President
Celularity Inc,8-K,Robert Hariri,Chairman,spacy,Chair
Celularity Inc,8-K,Robert J. Hariri,Chairman,spacy,Chair
Celularity Inc,8-K,David Beers,Chief Financial Officer,spacy,Chief Financial Officer
Celularity Inc,8-K,Florham Park,Director,spacy,Director
Celularity Inc,8-K,Dean Kehler,Cto,spacy,Chief Technology Officer
Celularity Inc,8-K,Rober J. Hariri,Ceo,spacy,Chief Executive Officer
"First Seacoast Bancorp, Inc.",8-K,Richard M. Donovan,Chief Financial Officer,spacy,Chief Financial Officer
Discover Financial Services,8-K,John Owen,Ceo,spacy,Chief Executive Officer
UroGen Pharma Ltd.,8-K,Don Kim Don,Chief Financial Officer,spacy,Chief Financial Officer
"Mercer Bancorp, Inc.",8-K,Richard A. Mosier,Director,spacy,Director
"Mercer Bancorp, Inc.",8-K,Alvin B. Parmiter,President,spacy,President
"KINDER MORGAN, INC.",8-K,David P. Michels,Vice President,spacy,Vice President
"KINDER MORGAN, INC.",8-K,Richard D. Kinder,Chairman,spacy,Chair
"KINDER MORGAN, INC.",8-K,Kim Dang,Chief Executive Officer,spacy,Chief Executive Officer
"KINDER MORGAN, INC.",8-K,Tom Martin,President,spacy,President
"PENSKE AUTOMOTIVE GROUP, INC.",8-K,Robert Kurnick,President,spacy,President
SCHWAB CHARLES CORP,8-K,Walt Bettinger,Chairman,spacy,Chair
SCHWAB CHARLES CORP,8-K,Peter Crawford,Cfo,spacy,Chief Financial Officer
"MYOMO, INC.",8-K,David A. Henry Boston,Chief Financial Officer,spacy,Chief Financial Officer
"Vintage Wine Estates, Inc.",8-K,Seth Kaufman,President,spacy,President
"Vintage Wine Estates, Inc.",8-K,Wine Estates,Chief Financial Officer,spacy,Chief Financial Officer
Synchrony Financial,8-K,David P. Melito,Director,spacy,Director
UWHARRIE CAPITAL CORP,8-K,Stephen C. Seltzer,Director,spacy,Director
"Broadstone Net Lease, Inc.",8-K,John D. Callan,Vice President,spacy,Vice President
ALLIANCEBERNSTEIN HOLDING L.P.,8-K,Nella Domenici,Director,spacy,Director
ALLIANCEBERNSTEIN HOLDING L.P.,8-K,Mark Manley,Corporate Secretary,spacy,Corporate Secretary
"MIRA PHARMACEUTICALS, INC.",8-K,Christos Nicholoudis,Director,spacy,Director
William Penn Bancorporation,8-K,Kenneth J. Stephon,Chairman,spacy,Chair
William Penn Bancorporation,8-K,William Penn,Director,spacy,Director
CROWN CASTLE INC.,8-K,Jay A. Brown,Chief Executive Officer,spacy,Chief Executive Officer
CROWN CASTLE INC.,8-K,Edward B. Adams,Vice President,spacy,Vice President
CROWN CASTLE INC.,8-K,Dan Schlanger,Cfo,spacy,Chief Financial Officer
CROWN CASTLE INC.,8-K,P. Robert Bartolo,Director,spacy,Director
IMPERIAL OIL LTD,8-K,Peter Shaw,Chairman,spacy,Chair
"Leidos Holdings, Inc.",8-K,Daniel J. Antal,Director,spacy,Director
"Leidos Holdings, Inc.",8-K,Dan Antal,General Counsel,spacy,General Counsel
"Leidos Holdings, Inc.",8-K,Jerry Howe,General Counsel,spacy,General Counsel
"Leidos Holdings, Inc.",8-K,Tom Bell,Ceo,spacy,Chief Executive Officer
"LiveRamp Holdings, Inc.",8-K,Jerry C. Jones,Vice President,spacy,Vice President
"LiveRamp Holdings, Inc.",8-K,Matt Kilmartin,Ceo,spacy,Chief Executive Officer
"LiveRamp Holdings, Inc.",8-K,Vihan Sharma,Chief Revenue Officer,spacy,Chief Revenue Officer
"LiveRamp Holdings, Inc.",8-K,Lauren Dillard,Cfo,spacy,Chief Financial Officer
Palmer Square Capital BDC Inc.,8-K,Josh Clarkson,Chief Compliance Officer,spacy,Chief Compliance Officer
VAALCO ENERGY INC /DE/,8-K,George Maxwell,Chief Executive Officer,spacy,Chief Executive Officer
PHOENIX MOTOR INC.,8-K,Mark Hastings,Chief Investment Officer,spacy,Chief Investment Officer
PHOENIX MOTOR INC.,8-K,Xiaofeng Peng,Ceo,spacy,Chief Executive Officer
PHOENIX MOTOR INC.,8-K,Lakeview Loop,Ceo,spacy,Chief Executive Officer
PHOENIX MOTOR INC.,8-K,Denton Peng,Ceo,spacy,Chief Executive Officer
"Childrens Place, Inc.",8-K,Marla Beck,Director,spacy,Director
NATIONAL RESEARCH CORP,8-K,Helen L. Hrdy,Director,spacy,Director
NATIONAL RESEARCH CORP,8-K,Jason Hahn,Chief Revenue Officer,spacy,Chief Revenue Officer
NATIONAL RESEARCH CORP,8-K,Andy Monnich,Chief Revenue Officer,spacy,Chief Revenue Officer
NATIONAL RESEARCH CORP,8-K,Helen Hrdy,Chief Customer Officer,spacy,Chief Customer Officer
NATIONAL RESEARCH CORP,8-K,Michael Hays,Chief Executive Officer,spacy,Chief Executive Officer
"Conifer Holdings, Inc.",8-K,J. Grant Smith,Director,spacy,Director
"Conifer Holdings, Inc.",8-K,Jessica Gulis,President,spacy,President
MGP INGREDIENTS INC,8-K,Stephen J. Glaser,Director,spacy,Director
MGP INGREDIENTS INC,8-K,Brandon M. Gall,Vice President,spacy,Vice President
Orthofix Medical Inc.,8-K,Massimo Calafiore,President,spacy,President
Orthofix Medical Inc.,8-K,Julie Andrews,Director,spacy,Director
Orthofix Medical Inc.,8-K,Geoffrey Gillespie,Cfo,spacy,Chief Financial Officer
SYNOVUS FINANCIAL CORP,8-K,Kevin Blair,Chairman,spacy,Chair
"BROWN & BROWN, INC.",8-K,Kathleen A. Savio,Director,spacy,Director
NOV Inc.,8-K,Patricia B. Melcher,Director,spacy,Director
NOV Inc.,8-K,Brigitte M. Hunt,Vice President,spacy,Vice President
NOV Inc.,8-K,Patricia Melcher,Director,spacy,Director
NOV Inc.,8-K,Clay Williams,Director,spacy,Director
ROGERS CORP,8-K,Ganesh Moorthy,Director,spacy,Director
ROGERS CORP,8-K,Jessica A. Morton,Vice President,spacy,Vice President
Cytosorbents Corp,8-K,Daniel Wendt,Vice President,spacy,Vice President
Cytosorbents Corp,8-K,Phillip P. Chan,Chief Executive Officer,spacy,Chief Executive Officer
Cytosorbents Corp,8-K,Kathleen Bloch,Cfo,spacy,Chief Financial Officer
Spring Valley Acquisition Corp. II,8-K,Richard Thompson,Director,spacy,Director
Spring Valley Acquisition Corp. II,8-K,Sharon Youngblood,Director,spacy,Director
Spring Valley Acquisition Corp. II,8-K,Kevin Pohler,Corporate Secretary,spacy,Corporate Secretary
UNION BANKSHARES INC,8-K,Karyn J. Hale,Chief Executive Officer,spacy,Chief Executive Officer
Jet.AI Inc.,8-K,Leslie Ave,Ceo,spacy,Chief Executive Officer
Jet.AI Inc.,8-K,Heidi Mortensen,Ceo,spacy,Chief Executive Officer
WINTRUST FINANCIAL CORP,8-K,David L. Stoehr,Vice President,spacy,Vice President
WINTRUST FINANCIAL CORP,8-K,Substandard Accrual,Cto,spacy,Chief Technology Officer
"Altice USA, Inc.",8-K,Dennis Mathew,Director,spacy,Director
"Altice USA, Inc.",8-K,Marc Sirota,Chief Executive Officer,spacy,Chief Executive Officer
MITEK SYSTEMS INC,8-K,David Lyle,Chief Financial Officer,spacy,Chief Financial Officer
"Goldman Sachs BDC, Inc.",8-K,David Miller,Chief Executive Officer,spacy,Chief Executive Officer
SBC Medical Group Holdings Inc,8-K,Yoshiyuki Aikawa,Chief Executive Officer,spacy,Chief Executive Officer
SBC Medical Group Holdings Inc,8-K,Mitchell Nussbaum,Ceo,spacy,Chief Executive Officer
SBC Medical Group Holdings Inc,8-K,Alexandria Kane,Ceo,spacy,Chief Executive Officer
"WhiteHorse Finance, Inc.",8-K,Kevin F. Burke,Director,spacy,Director
"WhiteHorse Finance, Inc.",8-K,Kevin Burke,Director,spacy,Director
"Meta Platforms, Inc.",8-K,Sheryl Sandberg,Director,spacy,Director
"NEXSTAR MEDIA GROUP, INC.",8-K,I. Martin Pompadur,Director,spacy,Director
TEXAS CAPITAL BANCSHARES INC/TX,8-K,Rob C. Holmes,President,spacy,President
"BALLY, CORP.",8-K,Shitong Li,Director,spacy,Director
"BALLY, CORP.",8-K,Kaichen Zheng,Chief Financial Officer,spacy,Chief Financial Officer
TRUIST FINANCIAL CORP,8-K,Cynthia B. Powell,Vice President,spacy,Vice President
TRUIST FINANCIAL CORP,8-K,Bill Rogers,Chairman,spacy,Chair
M&T BANK CORP,8-K,Brian Klock,Chief Financial Officer,spacy,Chief Financial Officer
M&T BANK CORP,8-K,Frank Lentini,Chief Financial Officer,spacy,Chief Financial Officer
"BrightView Holdings, Inc.",8-K,Thomas C. Donnelly,Director,spacy,Director
TARGET CORP,8-K,Michael J. Fiddelke,Cto,spacy,Chief Technology Officer
TARGET CORP,8-K,John J. Mulligan,Chief Operating Officer,spacy,Chief Operating Officer
TARGET CORP,8-K,Don H. Liu,Vice President,spacy,Vice President
FIRST HORIZON CORP,8-K,Bryan Jordan,Chairman,spacy,Chair
KEYCORP /NEW/,8-K,Douglas M. Schosser,Chief Accounting Officer,spacy,Chief Accounting Officer
KEYCORP /NEW/,8-K,Chris Gorman,Chairman,spacy,Chair
KEYCORP /NEW/,8-K,Clark Khayat,Chairman,spacy,Chair
NovoCure Ltd,8-K,Asaf Danziger,Chief Executive Officer,spacy,Chief Executive Officer
"HilleVax, Inc.",8-K,Aditya Kohli,Director,spacy,Director
"HilleVax, Inc.",8-K,David Socks,Chief Business Officer,spacy,Chief Business Officer
"ORION ENERGY SYSTEMS, INC.",8-K,Mike Jenkins,Ceo,spacy,Chief Executive Officer
"ORION ENERGY SYSTEMS, INC.",8-K,William Jones,Cfo,spacy,Chief Financial Officer
HeartSciences Inc.,8-K,Bruce Bent,Director,spacy,Director
HeartSciences Inc.,8-K,Mark Hilz,Director,spacy,Director
HeartSciences Inc.,8-K,Andrew Simpson,Ceo,spacy,Chief Executive Officer
HeartSciences Inc.,8-K,Brian Szymczak,Director,spacy,Director
"Princeton Bancorp, Inc.",8-K,Edward J. Dietzler,President,spacy,President
ALLSTATE CORP,8-K,Jess Merten,Chief Financial Officer,spacy,Chief Financial Officer
VAIL RESORTS INC,8-K,Kirsten Lynch,Chief Executive Officer,spacy,Chief Executive Officer
VAIL RESORTS INC,8-K,Angela A. Korch,Vice President,spacy,Vice President
Trulieve Cannabis Corp.,8-K,Christine Hersey,Vice President,spacy,Vice President
Trulieve Cannabis Corp.,8-K,Marie Zhang,Director,spacy,Director
Trulieve Cannabis Corp.,8-K,Kim Rivers,Director,spacy,Director
Trulieve Cannabis Corp.,8-K,Tim Morey,Chief Legal Officer,spacy,Chief Legal Officer
Trulieve Cannabis Corp.,8-K,Kyle Landrum,Chief Legal Officer,spacy,Chief Legal Officer
Trulieve Cannabis Corp.,8-K,Phil Buck,Vice President,spacy,Vice President
"Enfusion, Inc.",8-K,Valeria Gutowski,General Counsel,spacy,General Counsel
"Enfusion, Inc.",8-K,Brad Herring,Chief Accounting Officer,spacy,Chief Accounting Officer
Lipocine Inc.,8-K,Mahesh Patel,President,spacy,President
Lipocine Inc.,8-K,Mahesh V. Patel,President,spacy,President
Lipocine Inc.,8-K,V. Patel,President,spacy,President
"Processa Pharmaceuticals, Inc.",8-K,George Ng,Chief Executive Officer,spacy,Chief Executive Officer
MetaVia Inc.,8-K,Hyung Heon Kim,President,spacy,President
"PUMA BIOTECHNOLOGY, INC.",8-K,Alan H. Auerbach,Chairman,spacy,Chair
Data Storage Corp,8-K,Thomas Kempster,Chief Executive Officer,spacy,Chief Executive Officer
Data Storage Corp,8-K,Hal Schwartz,President,spacy,President
Data Storage Corp,8-K,Chuck Piluso,Director,spacy,Director
Data Storage Corp,8-K,Clifford Stein,Director,spacy,Director
HOME BANCSHARES INC,8-K,Jennifer C. Floyd,Chief Accounting Officer,spacy,Chief Accounting Officer
HOME BANCSHARES INC,8-K,John Allison,Chairman,spacy,Chair
FULLER H B CO,8-K,Gregory O. Ogunsanya,Vice President,spacy,Vice President
FULLER H B CO,8-K,Celeste Mastin,President,spacy,President
Sharps Technology Inc.,8-K,Robert Hayes,Ceo,spacy,Chief Executive Officer
Sharps Technology Inc.,8-K,Ben Scheu,Director,spacy,Director
Direct Selling Acquisition Corp.,8-K,Thomas Ramapuram,Coo,spacy,Chief Operating Officer
Direct Selling Acquisition Corp.,8-K,Hunch Mobility,Director,spacy,Director
Direct Selling Acquisition Corp.,8-K,Cyril Amarchand Mangaldas,Unknown,spacy,Unknown
Direct Selling Acquisition Corp.,8-K,Mike Lohner,Director,spacy,Director
Direct Selling Acquisition Corp.,8-K,Wayne Moorehead,Director,spacy,Director
Direct Selling Acquisition Corp.,8-K,Jaunt Air Mobility,Coo,spacy,Chief Operating Officer
Direct Selling Acquisition Corp.,8-K,Farah Khan,Director,spacy,Director
Direct Selling Acquisition Corp.,8-K,Shri Jyotiraditya Scindia,Cto,spacy,Chief Technology Officer
Direct Selling Acquisition Corp.,8-K,Shri Scindia,Director,spacy,Director
Elite Health Systems Inc.,8-K,Prasad Jeereddi,Ceo,spacy,Chief Executive Officer
"Securetech Innovations, Inc.",8-K,Kao Lee,President,spacy,President
COMMERCE BANCSHARES INC /MO/,8-K,John Kemper,President,spacy,President
ARGAN INC,8-K,Richard H. Deily,Vice President,spacy,Vice President
"FLYWHEEL ADVANCED TECHNOLOGY, INC.",8-K,Lu Yeqin,Director,spacy,Director
Eaton Corp plc,8-K,Thomas B. Okray,Director,spacy,Director
Eaton Corp plc,8-K,Craig Arnold,Director,spacy,Director
Nevada Canyon Gold Corp.,8-K,Alan Day,President,spacy,President
Nevada Canyon Gold Corp.,8-K,John Schaff,Director,spacy,Director
Nevada Canyon Gold Corp.,8-K,Smith Miller,Director,spacy,Director
WAFD INC,8-K,Brent Beardall,President,spacy,President
"CLS Holdings USA, Inc.",8-K,Andrew Glashow,Chief Executive Officer,spacy,Chief Executive Officer
Berry Corp (bry),8-K,Fernando Araujo,Ceo,spacy,Chief Executive Officer
ENB Financial Corp,8-K,Rachel G. Bitner,Treasurer,spacy,Treasurer
"FIREFLY NEUROSCIENCE, INC.",8-K,Timothy G. Hannon,Chief Financial Officer,spacy,Chief Financial Officer
"FIREFLY NEUROSCIENCE, INC.",8-K,G. James Benoit,Chief Executive Officer,spacy,Chief Executive Officer
"ECB Bancorp, Inc. /MD/",8-K,John A. Citrano,Vice President,spacy,Vice President
"Sensus Healthcare, Inc.",8-K,Michael Sardano,Director,spacy,Director
"Sensus Healthcare, Inc.",8-K,Joseph C. Sardano,Chairman,spacy,Chair
Battery Future Acquisition Corp.,8-K,Greg Martyr,Director,spacy,Director
Battery Future Acquisition Corp.,8-K,Kris Salinger,Director,spacy,Director
Battery Future Acquisition Corp.,8-K,Simon Hay,Chief Financial Officer,spacy,Chief Financial Officer
Battery Future Acquisition Corp.,8-K,Jessica Fung,Chief Financial Officer,spacy,Chief Financial Officer
Battery Future Acquisition Corp.,8-K,Erez Ichilov,Director,spacy,Director
Battery Future Acquisition Corp.,8-K,Natalia Streltsova,Director,spacy,Director
Battery Future Acquisition Corp.,8-K,Adrian Griffin,Chief Operating Officer,spacy,Chief Operating Officer
Battery Future Acquisition Corp.,8-K,Weiyi Zheng,Director,spacy,Director
Battery Future Acquisition Corp.,8-K,Hao Tian,Director,spacy,Director
Battery Future Acquisition Corp.,8-K,Zixun Jin,Director,spacy,Director
Battery Future Acquisition Corp.,8-K,Shengming Shi,Chief Executive Officer,spacy,Chief Executive Officer
SOUTHERN FIRST BANCSHARES INC,8-K,Art Seaver,Chief Executive Officer,spacy,Chief Executive Officer
"CITIUS ONCOLOGY, INC.",8-K,Fully Paid,Director,spacy,Director
AMERICAN COASTAL INSURANCE Corp,8-K,B. Bradford Martz,Director,spacy,Director
AMERICAN COASTAL INSURANCE Corp,8-K,Svetlana Castle,Chief Financial Officer,spacy,Chief Financial Officer
"AVIS BUDGET GROUP, INC.",8-K,Linda Moses,Director,spacy,Director
INSULET CORP,8-K,Timothy Stonesifer,Director,spacy,Director
INSULET CORP,8-K,Flavia Pease,Director,spacy,Director
INSULET CORP,8-K,Tim Stonesifer,Director,spacy,Director
INSULET CORP,8-K,Shacey Petrovic,Director,spacy,Director
INSULET CORP,8-K,Timothy Scannell,Chairman,spacy,Chair
INSULET CORP,8-K,Charles River,Vice President,spacy,Vice President
"PMV Pharmaceuticals, Inc.",8-K,Michael Carulli,Chief Financial Officer,spacy,Chief Financial Officer
"UpHealth, Inc.",8-K,Delray Beach,Chief Executive Officer,spacy,Chief Executive Officer
Community West Bancshares,8-K,James J. Kim,President,spacy,President
Community West Bancshares,8-K,Daniel J. Doyle,Director,spacy,Director
Community West Bancshares,8-K,Robert J. Flautt,Director,spacy,Director
Community West Bancshares,8-K,Gary D. Gall,Director,spacy,Director
Community West Bancshares,8-K,Karen A. Musson,Chairman,spacy,Chair
Community West Bancshares,8-K,Livingston Debbie,Vice President,spacy,Vice President
"Black Diamond Therapeutics, Inc.",8-K,Rajeev Shah,Director,spacy,Director
"Fortinet, Inc.",8-K,John Whittle,Director,spacy,Director
"Fortinet, Inc.",8-K,Keith Jensen,Chief Financial Officer,spacy,Chief Financial Officer
ASP Isotopes Inc.,8-K,Joshua Donfeld,Director,spacy,Director
ASP Isotopes Inc.,8-K,Rob Ryan,Director,spacy,Director
Titan Machinery Inc.,8-K,David Meyer,Director,spacy,Director
Carlyle Group Inc.,8-K,Bruce M. Larson,Director,spacy,Director
MESA ROYALTY TRUST/TX,8-K,Elaina Rodgers,Vice President,spacy,Vice President
"RESOURCES CONNECTION, INC.",8-K,Jennifer Ryu,Chief Financial Officer,spacy,Chief Financial Officer
"RESOURCES CONNECTION, INC.",8-K,Michael Sitrick,Chief Financial Officer,spacy,Chief Financial Officer
Cambium Networks Corp,8-K,Andrew Bronstein,Director,spacy,Director
Cambium Networks Corp,8-K,John Becerril,Director,spacy,Director
Cambium Networks Corp,8-K,Sally J. Rau,General Counsel,spacy,General Counsel
Cambium Networks Corp,8-K,Peter Schuman,President,spacy,President
"Matson, Inc.",8-K,Joel M. Wine,Vice President,spacy,Vice President
"Matson, Inc.",8-K,Joel Wine,Chairman,spacy,Chair
LAS VEGAS SANDS CORP,8-K,Nora Jordan,Director,spacy,Director
CITIZENS & NORTHERN CORP,8-K,Mark A. Hughes,Treasurer,spacy,Treasurer
"Super Micro Computer, Inc.",8-K,Charles Liang,President,spacy,President
Metropolitan Bank Holding Corp.,8-K,Daniel F. Dougherty,Vice President,spacy,Vice President
AMCON DISTRIBUTING CO,8-K,Charles J. Schmaderer,Vice President,spacy,Vice President
AMCON DISTRIBUTING CO,8-K,Christopher H. Atayan,Chairman,spacy,Chair
AMCON DISTRIBUTING CO,8-K,Andrew C. Plummer,Cto,spacy,Chief Technology Officer
GENWORTH FINANCIAL INC,8-K,Jerome T. Upton,Vice President,spacy,Vice President
INDEPENDENT BANK CORP,8-K,Mark Ruggiero,Chief Executive Officer,spacy,Chief Executive Officer
INDEPENDENT BANK CORP,8-K,Mark J. Ruggiero,Chief Financial Officer,spacy,Chief Financial Officer
INDEPENDENT BANK CORP,8-K,Jeffrey Tengel,Chief Executive Officer,spacy,Chief Executive Officer
Piedmont Lithium Inc.,8-K,Keith Phillips,President,spacy,President
"Ikena Oncology, Inc.",8-K,Mark Manfredi,President,spacy,President
"MacKenzie Realty Capital, Inc.",8-K,Robert Dixon,President,spacy,President
AWARE INC /MA/,8-K,David K. Traverse,Unknown,spacy,Unknown
CCC Intelligent Solutions Holdings Inc.,8-K,Steven Puccinelli,Director,spacy,Director
"SOUTH PLAINS FINANCIAL, INC.",8-K,Mikella Newsom,Chief Risk Officer,spacy,Chief Risk Officer
"SOUTH PLAINS FINANCIAL, INC.",8-K,Steven B. Crockett,Chief Financial Officer,spacy,Chief Financial Officer
"Tarsus Pharmaceuticals, Inc.",8-K,Jose Trevejo,Chief Medical Officer,spacy,Chief Medical Officer
"Tarsus Pharmaceuticals, Inc.",8-K,Sesha Neervannan,Chief Operating Officer,spacy,Chief Operating Officer
ATLANTIC INTERNATIONAL CORP.,8-K,Daniel Jones,Chief Executive Officer,spacy,Chief Executive Officer
ATLANTIC INTERNATIONAL CORP.,8-K,Prateek Gattani,Chief Executive Officer,spacy,Chief Executive Officer
PEDEVCO CORP,8-K,Simon G. Kukes,Chief Executive Officer,spacy,Chief Executive Officer
OCEANFIRST FINANCIAL CORP,8-K,Christopher D. Maher,Chairman,spacy,Chair
Ally Financial Inc.,8-K,Douglas Timmerman,President,spacy,President
Ally Financial Inc.,8-K,Doug Timmerman,Corporate Secretary,spacy,Corporate Secretary
Ally Financial Inc.,8-K,Jeffrey J. Brown,President,spacy,President
Wendy's Co,8-K,Kirk Tanner,President,spacy,President
Wendy's Co,8-K,Todd A. Penegor,President,spacy,President
Wendy's Co,8-K,Michael G. Berner,Vice President,spacy,Vice President
Wendy's Co,8-K,Succeed Todd Penegor,Ceo,spacy,Chief Executive Officer
Wendy's Co,8-K,Todd Penegor,Director,spacy,Director
Wendy's Co,8-K,Nelson Peltz,Chairman,spacy,Chair
Wendy's Co,8-K,Heidi Schauer,Vice President,spacy,Vice President
VISTA GOLD CORP,8-K,Frederick H. Earnest,President,spacy,President
BANCFIRST CORP /OK/,8-K,David Harlow,Ceo,spacy,Chief Executive Officer
"AST SpaceMobile, Inc.",8-K,Abel Avellan,Director,spacy,Director
"AST SpaceMobile, Inc.",8-K,Chris Sambar,Vice President,spacy,Vice President
"AST SpaceMobile, Inc.",8-K,Margherita Della Valle,Unknown,spacy,Unknown
ReShape Lifesciences Inc.,8-K,Paul F. Hickey,President,spacy,President
AZZ INC,8-K,David Nark,Vice President,spacy,Vice President
AZZ INC,8-K,Sandy Martin,Vice President,spacy,Vice President
"Pacific Oak Strategic Opportunity REIT, Inc.",8-K,Keith D. Hall,Chief Executive Officer,spacy,Chief Executive Officer
"Pacific Oak Strategic Opportunity REIT, Inc.",8-K,Michael A. Bender,Chief Financial Officer,spacy,Chief Financial Officer
FIRST OF LONG ISLAND CORP,8-K,Stephen V. Murphy,Director,spacy,Director
MESA AIR GROUP INC,8-K,Jonathan Ornstein,Chairman,spacy,Chair
Gitlab Inc.,8-K,Sabrina Farmer,Director,spacy,Director
Gitlab Inc.,8-K,Brian Robins,Chief Financial Officer,spacy,Chief Financial Officer
Gitlab Inc.,8-K,Sid Sijbrandij,Ceo,spacy,Chief Executive Officer
"Delek US Holdings, Inc.",8-K,Avigal Soreq,President,spacy,President
"Delek US Holdings, Inc.",8-K,Christine Benson Schwartzstein,Director,spacy,Director
"Phunware, Inc.",8-K,Michael Snavely,Chief Executive Officer,spacy,Chief Executive Officer
TITAN PHARMACEUTICALS INC,8-K,Brian Crowley,Director,spacy,Director
Arcimoto Inc,8-K,Damien Biro,Ceo,spacy,Chief Executive Officer
Lucky Strike Entertainment Corp,8-K,Lev Ekster,Cto,spacy,Chief Technology Officer
Lucky Strike Entertainment Corp,8-K,Thomas Shannon,President,spacy,President
Lucky Strike Entertainment Corp,8-K,Bobby Lavan,Chief Financial Officer,spacy,Chief Financial Officer
Lucky Strike Entertainment Corp,8-K,Jeffrey Gliner,Chief Financial Officer,spacy,Chief Financial Officer
"Danimer Scientific, Inc.",8-K,David J. Moody,Director,spacy,Director
"Danimer Scientific, Inc.",8-K,Michael A. Hajost,Chief Financial Officer,spacy,Chief Financial Officer
"Danimer Scientific, Inc.",8-K,Stephen A. Martin,Chief Legal Officer,spacy,Chief Legal Officer
TETRA TECHNOLOGIES INC,8-K,Jesse Dorigo,President,spacy,President
PEABODY ENERGY CORP,8-K,Daniel Scherling,President,spacy,President
PEABODY ENERGY CORP,8-K,Brad Mauzy,President,spacy,President
HORTON D R INC /DE/,8-K,Service Provider,Director,spacy,Director
Bannix Acquisition Corp.,8-K,Instant Fame,Director,spacy,Director
LIBERTY STAR URANIUM & METALS CORP.,8-K,Patricia Madaris,Chief Financial Officer,spacy,Chief Financial Officer
LIBERTY STAR URANIUM & METALS CORP.,8-K,Curt Kramer,Chief Executive Officer,spacy,Chief Executive Officer
"GREYSTONE LOGISTICS, INC.",8-K,Warren Kruger,Ceo,spacy,Chief Executive Officer
"HALLMARK VENTURE GROUP, INC.",8-K,John D. Murphy,Director,spacy,Director
"HALLMARK VENTURE GROUP, INC.",8-K,Paul Strickland,Director,spacy,Director
"HALLMARK VENTURE GROUP, INC.",8-K,Paul Stirckland,Director,spacy,Director
"HALLMARK VENTURE GROUP, INC.",8-K,Jr Steven Arenal,President,spacy,President
"HALLMARK VENTURE GROUP, INC.",8-K,Jeff English,President,spacy,President
"Contango ORE, Inc.",8-K,Mike Clark,Chief Financial Officer,spacy,Chief Financial Officer
"Contango ORE, Inc.",8-K,Tetlin Alaska,Cto,spacy,Chief Technology Officer
BRUKER CORP,8-K,Yinghua Zhang,Vice President,spacy,Vice President
BRUKER CORP,8-K,Philipp Horat,Director,spacy,Director
BRUKER CORP,8-K,Gerald Herman,Vice President,spacy,Vice President
BRUKER CORP,8-K,Peter Rietman,Vice President,spacy,Vice President
BRUKER CORP,8-K,J. Brent Alldredge,Unknown,spacy,Unknown
John Bean Technologies CORP,8-K,Matthew J. Meister,Vice President,spacy,Vice President
John Bean Technologies CORP,8-K,Brian Deck,President,spacy,President
ANALOG DEVICES INC,8-K,Anantha P. Chandrakasan,Director,spacy,Director
ANALOG DEVICES INC,8-K,Kenton J. Sicchitano,Director,spacy,Director
ANALOG DEVICES INC,8-K,Stephen M. Jennings,Director,spacy,Director
ANALOG DEVICES INC,8-K,Janene I. Asgeirsson,Vice President,spacy,Vice President
FIFTH THIRD BANCORP,8-K,Bryan D. Preston,Vice President,spacy,Vice President
FIFTH THIRD BANCORP,8-K,Tim Spence,Chairman,spacy,Chair
HUNTINGTON BANCSHARES INC /MD/,8-K,Zachary Wasserman,Chief Financial Officer,spacy,Chief Financial Officer
HUNTINGTON BANCSHARES INC /MD/,8-K,Tim Sedabres,Unknown,spacy,Unknown
HUNTINGTON BANCSHARES INC /MD/,8-K,Steve Steinour,Chairman,spacy,Chair
MATERION Corp,8-K,Shelly M. Chadwick,Vice President,spacy,Vice President
AdvanSix Inc.,8-K,Erin Kane,President,spacy,President
"TRAVELERS COMPANIES, INC.",8-K,Alan Schnitzer,Chairman,spacy,Chair
"TRAVELERS COMPANIES, INC.",8-K,Ocean Marine,Cto,spacy,Chief Technology Officer
Liquidia Corp,8-K,Michael Kaseta,Chief Operating Officer,spacy,Chief Operating Officer
Liquidia Corp,8-K,Robert Lippe,Chief Operations Officer,spacy,Chief Operations Officer
Liquidia Corp,8-K,Michael Hunter,Vice President,spacy,Vice President
SCHLUMBERGER LIMITED/NV,8-K,Howard Guild,Chief Accounting Officer,spacy,Chief Accounting Officer
SCHLUMBERGER LIMITED/NV,8-K,Olivier Le,Ceo,spacy,Chief Executive Officer
SCHLUMBERGER LIMITED/NV,8-K,Vaca Muerta,President,spacy,President
SCHLUMBERGER LIMITED/NV,8-K,Joy V. Domingo,Director,spacy,Director
SCHLUMBERGER LIMITED/NV,8-K,Josh Byerly,Director,spacy,Director
Wayfair Inc.,8-K,Niraj Shah,Ceo,spacy,Chief Executive Officer
"Aclaris Therapeutics, Inc.",8-K,Douglas Manion,Cto,spacy,Chief Technology Officer
"Aclaris Therapeutics, Inc.",8-K,Neal Walker,Chief Executive Officer,spacy,Chief Executive Officer
"Aclaris Therapeutics, Inc.",8-K,Kevin Balthaser,Chief Financial Officer,spacy,Chief Financial Officer
ATI INC,8-K,Donald P. Newman,Vice President,spacy,Vice President
WORLD ACCEPTANCE CORP,8-K,John Calmes,Treasurer,spacy,Treasurer
WORLD ACCEPTANCE CORP,8-K,John L. Calmes,Treasurer,spacy,Treasurer
"KIRKLAND'S, INC",8-K,Amy A. Sullivan,Chief Executive Officer,spacy,Chief Executive Officer
"KIRKLAND'S, INC",8-K,Ann Joyce,Chief Executive Officer,spacy,Chief Executive Officer
"KIRKLAND'S, INC",8-K,Amy Sullivan,Ceo,spacy,Chief Executive Officer
AVANT TECHNOLOGIES INC.,8-K,Jared Pelski,Vice President,spacy,Vice President
AVANT TECHNOLOGIES INC.,8-K,Timothy Lantz Printed,Chief Executive Officer,spacy,Chief Executive Officer
California BanCorp \ CA,8-K,John Farkash,Director,spacy,Director
California BanCorp \ CA,8-K,David Rainer,Chairman,spacy,Chair
"Pinstripes Holdings, Inc.",8-K,Dale Schwartz,Ceo,spacy,Chief Executive Officer
"RYAN SPECIALTY HOLDINGS, INC.",8-K,Lien Obligations,Cto,spacy,Chief Technology Officer
"RYAN SPECIALTY HOLDINGS, INC.",8-K,Nicholas Mezick Alice,Director,spacy,Director
"Coya Therapeutics, Inc.",8-K,Howard Berman,Chief Executive Officer,spacy,Chief Executive Officer
"Modular Medical, Inc.",8-K,Jeb Besser,Chairman,spacy,Chair
"Revolve Group, Inc.",8-K,Jennifer Baxter Moser,Director,spacy,Director
"Revolve Group, Inc.",8-K,Baxter Moser,Director,spacy,Director
"Revolve Group, Inc.",8-K,Mike Karanikolas,Director,spacy,Director
"Revolve Group, Inc.",8-K,Michael Mente,Ceo,spacy,Chief Executive Officer
Peraso Inc.,8-K,James Sullivan,Chief Financial Officer,spacy,Chief Financial Officer
Peraso Inc.,8-K,Jim Sullivan,Cfo,spacy,Chief Financial Officer
Peraso Inc.,8-K,Brett L. Perry,Cfo,spacy,Chief Financial Officer
"SCIENTIFIC ENERGY, INC",8-K,Stanley Chan,Chief Executive Officer,spacy,Chief Executive Officer
"SCIENTIFIC ENERGY, INC",8-K,Liu Yuehai,Chief Executive Officer,spacy,Chief Executive Officer
PAYCHEX INC,8-K,John B. Gibson,President,spacy,President
PAYCHEX INC,8-K,Robert L. Schrader,President,spacy,President
PAYCHEX INC,8-K,John Gibson,President,spacy,President
PAYCHEX INC,8-K,Bob Schrader,Vice President,spacy,Vice President
PAYCHEX INC,8-K,Terri Allen,Vice President,spacy,Vice President
Liberty Latin America Ltd.,8-K,Rocio Lorenzo,Chief Customer Officer,spacy,Chief Customer Officer
YORK WATER CO,8-K,Natalee C. Gunderson,Director,spacy,Director
LANDMARK BANCORP INC,8-K,Mark A. Herpich,Chief Financial Officer,spacy,Chief Financial Officer
"Cullman Bancorp, Inc. /MD/",8-K,John A. Riley,President,spacy,President
CROSS TIMBERS ROYALTY TRUST,8-K,Nancy Willis,Vice President,spacy,Vice President
"Inland Real Estate Income Trust, Inc.",8-K,Mitchell A. Sabshon,Director,spacy,Director
"Inland Real Estate Income Trust, Inc.",8-K,Cathleen M. Hrtanek Cathleen,Unknown,spacy,Unknown
"Inland Real Estate Income Trust, Inc.",8-K,M. Hrtanek,Unknown,spacy,Unknown
"Inland Real Estate Income Trust, Inc.",8-K,Daniel Zatloukal,Chief Financial Officer,spacy,Chief Financial Officer
"Inland Real Estate Income Trust, Inc.",8-K,Mark Zalatoris,Chief Financial Officer,spacy,Chief Financial Officer
SPIRE INC,8-K,Steve Lindsey,President,spacy,President
PermRock Royalty Trust,8-K,Jana Egeler,Vice President,spacy,Vice President
"GenFlat Holdings, Inc.",8-K,Alex Bellehumeur,Chief Executive Officer,spacy,Chief Executive Officer
PEOPLES FINANCIAL CORP /MS/,8-K,Brian J. Kozlowski,Director,spacy,Director
TEREX CORP,8-K,Simon Meester,President,spacy,President
TEREX CORP,8-K,Julie A. Beck,Vice President,spacy,Vice President
TEREX CORP,8-K,Julie Beck,President,spacy,President
FOXO TECHNOLOGIES INC.,8-K,Licensor Product,Chairman,spacy,Chair
BayCom Corp,8-K,George Guarini,President,spacy,President
BayCom Corp,8-K,Janet King,President,spacy,President
"Luvu Brands, Inc.",8-K,Chris Knauf,Chief Financial Officer,spacy,Chief Financial Officer
"Acadia Healthcare Company, Inc.",8-K,Robert J. Kane,Vice President,spacy,Vice President
"Acadia Healthcare Company, Inc.",8-K,Joon Hur,Director,spacy,Director
"Capitol Federal Financial, Inc.",8-K,Kent G. Townsend,President,spacy,President
"One World Products, Inc.",8-K,Kx Family Care,Coo,spacy,Chief Operating Officer
"One World Products, Inc.",8-K,Kenneth Perego,Chairman,spacy,Chair
MGO Global Inc.,8-K,Dana Perez,Chief Financial Officer,spacy,Chief Financial Officer
MGO Global Inc.,8-K,Eschenburg Perez,Cto,spacy,Chief Technology Officer
Venus Concept Inc.,8-K,Michael Mandarello,Ceo,spacy,Chief Executive Officer
Venus Concept Inc.,8-K,Rajiv De Silva,Ceo,spacy,Chief Executive Officer
"Mastech Digital, Inc.",8-K,Phaneesh Murthy,Cto,spacy,Chief Technology Officer
"Mastech Digital, Inc.",8-K,Srinjay Sengupta,Cto,spacy,Chief Technology Officer
"Mastech Digital, Inc.",8-K,Sunil Wadhwani,Cto,spacy,Chief Technology Officer
"Mastech Digital, Inc.",8-K,Ashok Trivedi,Cto,spacy,Chief Technology Officer
"Mastech Digital, Inc.",8-K,John J. Cronin,Chief Financial Officer,spacy,Chief Financial Officer
"Mastech Digital, Inc.",8-K,Murthy Phaneesh Murthy,Ceo,spacy,Chief Executive Officer
RYVYL Inc.,8-K,Ben Errez,Chairman,spacy,Chair
AMES NATIONAL CORP,8-K,John P. Nelson,Chief Executive Officer,spacy,Chief Executive Officer
"Eos Energy Enterprises, Inc.",8-K,Melissa Berube,General Counsel,spacy,General Counsel
"Eos Energy Enterprises, Inc.",8-K,Michael Willis Silberman,General Counsel,spacy,General Counsel
EVERSOURCE ENERGY,8-K,Dan Klinger,Director,spacy,Director
Cannabist Co Holdings Inc.,8-K,Nicholas Vita,Director,spacy,Director
Cannabist Co Holdings Inc.,8-K,David Hart,Director,spacy,Director
Adtalem Global Education Inc.,8-K,Steve Beard,President,spacy,President
Booking Holdings Inc.,8-K,Ewout L. Steenbergen,Vice President,spacy,Vice President
Booking Holdings Inc.,8-K,David I. Goulden,Vice President,spacy,Vice President
"Cartesian Therapeutics, Inc.",8-K,Carsten Brunn,President,spacy,President
"ASSURANT, INC.",8-K,Juan Cento,Director,spacy,Director
"Vislink Technologies, Inc.",8-K,Mickey Miller,Chief Financial Officer,spacy,Chief Financial Officer
"Global Indemnity Group, LLC",8-K,Saul A. Fox,Director,spacy,Director
VOC Energy Trust,8-K,Elaina C. Rodgers,Vice President,spacy,Vice President
Eterna Therapeutics Inc.,8-K,Dorothy Clarke,General Counsel,spacy,General Counsel
Eterna Therapeutics Inc.,8-K,Sanjeev Luther,General Counsel,spacy,General Counsel
Hut 8 Corp.,8-K,Matthew Boyd,Unknown,spacy,Unknown
PROKIDNEY CORP.,8-K,Siavosh Salimi,Unknown,spacy,Unknown
PROKIDNEY CORP.,8-K,Bruce Culleton,Chief Executive Officer,spacy,Chief Executive Officer
"SAB Biotherapeutics, Inc.",8-K,Eddie J. Sullivan,President,spacy,President
"SAB Biotherapeutics, Inc.",8-K,Michael G. King,Ceo,spacy,Chief Executive Officer
"SAB Biotherapeutics, Inc.",8-K,Alexandra Kropotova,Chief Medical Officer,spacy,Chief Medical Officer
"Rimini Street, Inc.",8-K,Steven Salaets,Director,spacy,Director
"Singular Genomics Systems, Inc.",8-K,Dalen Meeter,Chief Financial Officer,spacy,Chief Financial Officer
"Dave & Buster's Entertainment, Inc.",8-K,Lewis Rice,Unknown,spacy,Unknown
"Dave & Buster's Entertainment, Inc.",8-K,Michael Quartieri,Chief Financial Officer,spacy,Chief Financial Officer
Palladyne AI Corp.,8-K,Benjamin G. Wolff,Director,spacy,Director
Palladyne AI Corp.,8-K,Laura Peterson,Chairman,spacy,Chair
Palladyne AI Corp.,8-K,Peter Klein,Director,spacy,Director
"WRAP TECHNOLOGIES, INC.",8-K,Kevin Mullins,Cto,spacy,Chief Technology Officer
Sphere 3D Corp.,8-K,Patricia Trompeter,Chief Executive Officer,spacy,Chief Executive Officer
"Unique Logistics International, Inc.",8-K,Sunandan Ray,Chief Executive Officer,spacy,Chief Executive Officer
ADC Therapeutics SA,8-K,Meenal Mehta,President,spacy,President
"ALNYLAM PHARMACEUTICALS, INC.",8-K,Indrani L. Franchini,Vice President,spacy,Vice President
"ALNYLAM PHARMACEUTICALS, INC.",8-K,Jeffrey V. Poulton,Vice President,spacy,Vice President
Embrace Change Acquisition Corp.,8-K,Zheng Yuan,Chief Financial Officer,spacy,Chief Financial Officer
BANK OF THE JAMES FINANCIAL GROUP INC,8-K,J. Todd Scruggs,Vice President,spacy,Vice President
"Celsius Holdings, Inc.",8-K,Richard Mattessich,Chief Legal Officer,spacy,Chief Legal Officer
"Celsius Holdings, Inc.",8-K,John Fieldly,Chief Executive Officer,spacy,Chief Executive Officer
ITT INC.,8-K,Michael Savinelli,Vice President,spacy,Vice President
ITT INC.,8-K,Sharon Szafranski,Director,spacy,Director
ITT INC.,8-K,Lina Bo Bardi,Vice President,spacy,Vice President
ITT INC.,8-K,Oriendo Russanoor,Unknown,spacy,Unknown
ITT INC.,8-K,Luca Savi,Chief Executive Officer,spacy,Chief Executive Officer
"iBio, Inc.",8-K,Marc A. Banjak,General Counsel,spacy,General Counsel
MICROSOFT CORP,8-K,Midnight Blizzard,Cto,spacy,Chief Technology Officer
"NexImmune, Inc.",8-K,Kristi Jones,Chief Executive Officer,spacy,Chief Executive Officer
SOLITRON DEVICES INC,8-K,Tim Eriksen,Chief Executive Officer,spacy,Chief Executive Officer
STRATUS PROPERTIES INC,8-K,Erin D. Pickens,Vice President,spacy,Vice President
"Nauticus Robotics, Inc.",8-K,Tom Matura,Cto,spacy,Chief Technology Officer
"CareCloud, Inc.",8-K,Norman Roth,Chief Financial Officer,spacy,Chief Financial Officer
"CareCloud, Inc.",8-K,A. Hadi,Chief Executive Officer,spacy,Chief Executive Officer
"COMMUNITY FINANCIAL SYSTEM, INC.",8-K,Michele Sullivan,Director,spacy,Director
"Century Therapeutics, Inc.",8-K,Michael C. Diem,Cto,spacy,Chief Technology Officer
"Century Therapeutics, Inc.",8-K,Douglas Carr,Chief Financial Officer,spacy,Chief Financial Officer
"Century Therapeutics, Inc.",8-K,Brent Pfeiffenberger,Chief Executive Officer,spacy,Chief Executive Officer
SIERRA BANCORP,8-K,Christopher G. Treece,Vice President,spacy,Vice President
"SANGAMO THERAPEUTICS, INC",8-K,Sandy Macrae,President,spacy,President
"SANGAMO THERAPEUTICS, INC",8-K,Prathyusha Duraibabu,President,spacy,President
"Panbela Therapeutics, Inc.",8-K,Jennifer Simpson,Chief Executive Officer,spacy,Chief Executive Officer
"Panbela Therapeutics, Inc.",8-K,Jennifer K. Simpson,Chief Executive Officer,spacy,Chief Executive Officer
"Viridian Therapeutics, Inc.\DE",8-K,Thomas Beetham,Chief Operating Officer,spacy,Chief Operating Officer
"Viridian Therapeutics, Inc.\DE",8-K,Jack Bannister,Director,spacy,Director
"Viridian Therapeutics, Inc.\DE",8-K,Sarah Gheuens,Director,spacy,Director
"Viridian Therapeutics, Inc.\DE",8-K,Peter Harwin,Director,spacy,Director
"Viridian Therapeutics, Inc.\DE",8-K,Kiselak Arlene Morris,Director,spacy,Director
"Viridian Therapeutics, Inc.\DE",8-K,Jennifer K. Moses,Director,spacy,Director
"Viridian Therapeutics, Inc.\DE",8-K,Thomas Beetham Seth Harmon,Cto,spacy,Chief Technology Officer
"Viridian Therapeutics, Inc.\DE",8-K,Stephen Mahoney Others,Director,spacy,Director
Nikola Corp,8-K,Britton M. Worthen,Chief Legal Officer,spacy,Chief Legal Officer
"Mondee Holdings, Inc.",8-K,Purple Grids,Cto,spacy,Chief Technology Officer
"Mondee Holdings, Inc.",8-K,Mondee Brazil,Cto,spacy,Chief Technology Officer
"Mondee Holdings, Inc.",8-K,Victor Abraham,Cto,spacy,Chief Technology Officer
"Mondee Holdings, Inc.",8-K,Sherly Abraham,Cto,spacy,Chief Technology Officer
NIOCORP DEVELOPMENTS LTD,8-K,Michael J. Morris,Director,spacy,Director
NIOCORP DEVELOPMENTS LTD,8-K,David C. Beling,Cto,spacy,Chief Technology Officer
"ARROWHEAD PHARMACEUTICALS, INC.",8-K,Javier San Martin,Director,spacy,Director
"ARROWHEAD PHARMACEUTICALS, INC.",8-K,San Martin,Chief Medical Officer,spacy,Chief Medical Officer
"ARROWHEAD PHARMACEUTICALS, INC.",8-K,Bruce Given,Chief Medical Officer,spacy,Chief Medical Officer
Archer-Daniels-Midland Co,8-K,Vikram Luthar,Chief Financial Officer,spacy,Chief Financial Officer
Archer-Daniels-Midland Co,8-K,Ismael Roig,Director,spacy,Director
Archer-Daniels-Midland Co,8-K,Terry Crews,Coo,spacy,Chief Operating Officer
Archer-Daniels-Midland Co,8-K,Juan Luciano,Ceo,spacy,Chief Executive Officer
Archer-Daniels-Midland Co,8-K,Roig Ismael Roig,Director,spacy,Director
"MAGNITE, INC.",8-K,David Day,Chief Financial Officer,spacy,Chief Financial Officer
CHOICE HOTELS INTERNATIONAL INC /DE,8-K,Patrick Pacious,President,spacy,President
CHOICE HOTELS INTERNATIONAL INC /DE,8-K,Wu Simone Wu,Vice President,spacy,Vice President
CHOICE HOTELS INTERNATIONAL INC /DE,8-K,Barbara Bennett,Cto,spacy,Chief Technology Officer
CHOICE HOTELS INTERNATIONAL INC /DE,8-K,Paul Allen,President,spacy,President
CHOICE HOTELS INTERNATIONAL INC /DE,8-K,Emanuel Pearlman,Chief Executive Officer,spacy,Chief Executive Officer
CHOICE HOTELS INTERNATIONAL INC /DE,8-K,Fiona Dias,Chief Strategy Officer,spacy,Chief Strategy Officer
CHOICE HOTELS INTERNATIONAL INC /DE,8-K,James Nelson,Chief Executive Officer,spacy,Chief Executive Officer
CHOICE HOTELS INTERNATIONAL INC /DE,8-K,Nana Mensah,Chief Executive Officer,spacy,Chief Executive Officer
CHOICE HOTELS INTERNATIONAL INC /DE,8-K,William Grounds,President,spacy,President
ASTEC INDUSTRIES INC,8-K,Linda Knoll,Cfo,spacy,Chief Financial Officer
ASTEC INDUSTRIES INC,8-K,T. Jackson,Director,spacy,Director
ASTEC INDUSTRIES INC,8-K,William Bradley,Director,spacy,Director
ASTEC INDUSTRIES INC,8-K,William Gehl,Chairman,spacy,Chair
ASTEC INDUSTRIES INC,8-K,Patrick Shannon,Chief Executive Officer,spacy,Chief Executive Officer
ASTEC INDUSTRIES INC,8-K,Jeff Jackson,Chief Executive Officer,spacy,Chief Executive Officer
ASTEC INDUSTRIES INC,8-K,Steve Anderson,Vice President,spacy,Vice President
"Natera, Inc.",8-K,Steve Chapman,Chief Executive Officer,spacy,Chief Executive Officer
"Natera, Inc.",8-K,Michael Brophy,Chief Financial Officer,spacy,Chief Financial Officer
"Natera, Inc.",8-K,Mike Brophy,Cfo,spacy,Chief Financial Officer
IONIS PHARMACEUTICALS INC,8-K,Kenneth Newman,Vice President,spacy,Vice President
IONIS PHARMACEUTICALS INC,8-K,Brett P. Monia,Chief Executive Officer,spacy,Chief Executive Officer
IONIS PHARMACEUTICALS INC,8-K,Donidalorsen Donidalorsen,Cto,spacy,Chief Technology Officer
"SOLAREDGE TECHNOLOGIES, INC.",8-K,Zvi Lando,Chief Executive Officer,spacy,Chief Executive Officer
"TILLY'S, INC.",8-K,Edmond Thomas,Director,spacy,Director
"TILLY'S, INC.",8-K,Hezy Shaked,Chief Executive Officer,spacy,Chief Executive Officer
"TILLY'S, INC.",8-K,Ed Thomas,President,spacy,President
"Dianthus Therapeutics, Inc. /DE/",8-K,Ryan Savitz,Chief Financial Officer,spacy,Chief Financial Officer
"Dianthus Therapeutics, Inc. /DE/",8-K,Adam M. Veness,General Counsel,spacy,General Counsel
"Dianthus Therapeutics, Inc. /DE/",8-K,Chris Maher,Cto,spacy,Chief Technology Officer
"Elevation Oncology, Inc.",8-K,Darcy Mootz,Director,spacy,Director
"Elevation Oncology, Inc.",8-K,Tammy Furlong,Chief Financial Officer,spacy,Chief Financial Officer
"Energy Recovery, Inc.",8-K,David Moon,Chief Executive Officer,spacy,Chief Executive Officer
"Energy Recovery, Inc.",8-K,William Yeung,Chief Legal Officer,spacy,Chief Legal Officer
"Energy Recovery, Inc.",8-K,Pamela Tondreau,Cto,spacy,Chief Technology Officer
"MainStreet Bancshares, Inc.",8-K,Abdul Hersiburane,President,spacy,President
"ADTRAN Holdings, Inc.",8-K,Christopher Toney,Director,spacy,Director
"ADTRAN Holdings, Inc.",8-K,Ulrich Dopfer Ulrich,Chief Financial Officer,spacy,Chief Financial Officer
Sagimet Biosciences Inc.,8-K,Dave Happel,President,spacy,President
Sagimet Biosciences Inc.,8-K,David Happel,Chief Executive Officer,spacy,Chief Executive Officer
Sagimet Biosciences Inc.,8-K,Anthony Rimac,Cfo,spacy,Chief Financial Officer
Sagimet Biosciences Inc.,8-K,Rohit Loomba,Director,spacy,Director
"Apellis Pharmaceuticals, Inc.",8-K,Adam Townsend,Director,spacy,Director
"Apellis Pharmaceuticals, Inc.",8-K,Timothy Sullivan,Chief Financial Officer,spacy,Chief Financial Officer
"Coherus BioSciences, Inc.",8-K,Diabetic Retinopathy,Cto,spacy,Chief Technology Officer
"Coherus BioSciences, Inc.",8-K,Benjamin A. Potter,Ceo,spacy,Chief Executive Officer
"Coherus BioSciences, Inc.",8-K,Josh Dubofsky,Ceo,spacy,Chief Executive Officer
"Coherus BioSciences, Inc.",8-K,Olivia Tyrrell,General Counsel,spacy,General Counsel
"Coherus BioSciences, Inc.",8-K,Michelle Carr,General Counsel,spacy,General Counsel
"Coherus BioSciences, Inc.",8-K,Denny Lanfear,Chairman,spacy,Chair
"Coherus BioSciences, Inc.",8-K,Jami Taylor,Cto,spacy,Chief Technology Officer
NewAmsterdam Pharma Co N.V.,8-K,Michael Davidson,Chief Executive Officer,spacy,Chief Executive Officer
NewAmsterdam Pharma Co N.V.,8-K,Louise Kooij Marc Ditmarsch,Ceo,spacy,Chief Executive Officer
Urgent.ly Inc.,8-K,Matt Booth,Chief Executive Officer,spacy,Chief Executive Officer
Urgent.ly Inc.,8-K,Timothy C. Huffmyer,Chief Financial Officer,spacy,Chief Financial Officer
"SEELOS THERAPEUTICS, INC.",8-K,Raj Mehra,Chairman,spacy,Chair
"SEELOS THERAPEUTICS, INC.",8-K,Tim Whitaker,Chief Medical Officer,spacy,Chief Medical Officer
"SEELOS THERAPEUTICS, INC.",8-K,Mike Moyer,Chief Communications Officer,spacy,Chief Communications Officer
"Zoned Properties, Inc.",8-K,Daniel Kravetz,Cto,spacy,Chief Technology Officer
"Zoned Properties, Inc.",8-K,Steve Kravetz,Cto,spacy,Chief Technology Officer
"Zoned Properties, Inc.",8-K,Arnold Horwich,Cto,spacy,Chief Technology Officer
"Zoned Properties, Inc.",8-K,Igor Blumin,Cto,spacy,Chief Technology Officer
"MIMEDX GROUP, INC.",8-K,Dan Fitzpatrick,President,spacy,President
"MIMEDX GROUP, INC.",8-K,Doug Rice,Chief Financial Officer,spacy,Chief Financial Officer
Apyx Medical Corp,8-K,Charlie Goodwin,President,spacy,President
Apyx Medical Corp,8-K,Matthew Hill,Chief Financial Officer,spacy,Chief Financial Officer
Adient plc,8-K,Jerome Dorlack,President,spacy,President
INTERNATIONAL TOWER HILL MINES LTD,8-K,Karl L. Hanneman,Chief Executive Officer,spacy,Chief Executive Officer
INTERNATIONAL TOWER HILL MINES LTD,8-K,Richard Solie,Chief Executive Officer,spacy,Chief Executive Officer
"CalciMedica, Inc.",8-K,John Dunn,General Counsel,spacy,General Counsel
"CalciMedica, Inc.",8-K,La Jolla,General Counsel,spacy,General Counsel
"CalciMedica, Inc.",8-K,A. Rachel Leheny,Chief Executive Officer,spacy,Chief Executive Officer
"CalciMedica, Inc.",8-K,Rachel Leheny,Chief Executive Officer,spacy,Chief Executive Officer
CARNIVAL CORP,8-K,David Bernstein,Chief Financial Officer,spacy,Chief Financial Officer
RespireRx Pharmaceuticals Inc.,8-K,Dariusz Nasiek,Director,spacy,Director
RespireRx Pharmaceuticals Inc.,8-K,Joseph Siegelbaum,Director,spacy,Director
RespireRx Pharmaceuticals Inc.,8-K,Dariusz Naziek,Treasurer,spacy,Treasurer
RespireRx Pharmaceuticals Inc.,8-K,Arnold Lippa,Chairman,spacy,Chair
RespireRx Pharmaceuticals Inc.,8-K,Jeff Margolis,Vice President,spacy,Vice President
"Kaival Brands Innovations Group, Inc.",8-K,Barry Hopkins,Chairman,spacy,Chair
"Oric Pharmaceuticals, Inc.",8-K,Dominic Piscitelli,Chief Financial Officer,spacy,Chief Financial Officer
NEXTNAV INC.,8-K,John Muleta,Director,spacy,Director
NEXTNAV INC.,8-K,Mariam Sorond,Director,spacy,Director
"Northwest Bancshares, Inc.",8-K,Louis J. Torchio,President,spacy,President
UNIVERSAL ELECTRONICS INC,8-K,Richard A. Firehammer,General Counsel,spacy,General Counsel
UNIVERSAL ELECTRONICS INC,8-K,Kirsten Chapman,General Counsel,spacy,General Counsel
"Macy's, Inc.",8-K,Jeff Gennette,Chairman,spacy,Chair
COMTECH TELECOMMUNICATIONS CORP /DE/,8-K,Mark Quinlan,Director,spacy,Director
COMTECH TELECOMMUNICATIONS CORP /DE/,8-K,Schulte Roth,Director,spacy,Director
"BIOLARGO, INC.",8-K,Dennis P. Calvert,President,spacy,President
"Sacks Parente Golf, Inc.",8-K,Steve Handy,Chief Financial Officer,spacy,Chief Financial Officer
"Sacks Parente Golf, Inc.",8-K,Newton Shafts,Chief Financial Officer,spacy,Chief Financial Officer
"Sacks Parente Golf, Inc.",8-K,Greg Campbell,Chairman,spacy,Chair
Elevai Labs Inc.,8-K,Mark Lowdell,Ceo,spacy,Chief Executive Officer
Elevai Labs Inc.,8-K,Brenda Buechler,Chief Marketing Officer,spacy,Chief Marketing Officer
AMERICAN WOODMARK CORP,8-K,Philip Fracassa,Director,spacy,Director
AMERICAN WOODMARK CORP,8-K,Paul Joachimczyk,Vice President,spacy,Vice President
BANK OF HAWAII CORP,8-K,Peter Ho,Chairman,spacy,Chair
Planet 13 Holdings Inc.,8-K,Robert Groesbeck,Chief Executive Officer,spacy,Chief Executive Officer
Planet 13 Holdings Inc.,8-K,Larry Scheffler,Chief Executive Officer,spacy,Chief Executive Officer
Planet 13 Holdings Inc.,8-K,Jack Freese,Cfo,spacy,Chief Financial Officer
Planet 13 Holdings Inc.,8-K,Dennis Logan,Cfo,spacy,Chief Financial Officer
Planet 13 Holdings Inc.,8-K,Bob Groesbeck,Ceo,spacy,Chief Executive Officer
INTUIT INC.,8-K,Richard L. Dalzell,Coo,spacy,Chief Operating Officer
INTUIT INC.,8-K,Sasan K. Goodarzi,Coo,spacy,Chief Operating Officer
NovAccess Global Inc.,8-K,Dwain K. Irvin,Chief Executive Officer,spacy,Chief Executive Officer
AIR T INC,8-K,Brian Ochocki,Cfo,spacy,Chief Financial Officer
AMERICAN BATTERY TECHNOLOGY Co,8-K,Ryan Melsert,Ceo,spacy,Chief Executive Officer
Oak Valley Bancorp,8-K,Jeffrey A. Gall,Vice President,spacy,Vice President
"THERAPEUTIC SOLUTIONS INTERNATIONAL, INC.",8-K,Timothy Dixon,Chief Executive Officer,spacy,Chief Executive Officer
TRUSTCO BANK CORP N Y,8-K,Michael M. Ozimek,Vice President,spacy,Vice President
Orgenesis Inc.,8-K,Victor Miller,Cto,spacy,Chief Technology Officer
SIGA TECHNOLOGIES INC,8-K,Diem Nguyen,Chief Executive Officer,spacy,Chief Executive Officer
SIGA TECHNOLOGIES INC,8-K,Phillip Louis Gomez,Chief Executive Officer,spacy,Chief Executive Officer
SIGA TECHNOLOGIES INC,8-K,Phil Gomez,Chief Executive Officer,spacy,Chief Executive Officer
Capital Bancorp Inc,8-K,Ed Barry,Chief Executive Officer,spacy,Chief Executive Officer
Capital Bancorp Inc,8-K,Steven J. Schwartz,Chairman,spacy,Chair
AGILYSYS INC,8-K,Dave Wood,Chief Financial Officer,spacy,Chief Financial Officer
AGILYSYS INC,8-K,Jessica Hennessy,Director,spacy,Director
"Envirotech Vehicles, Inc.",8-K,Douglas M. Campoli,Chief Financial Officer,spacy,Chief Financial Officer
"Hanryu Holdings, Inc.",8-K,Chang Hyuk Kang,Chief Executive Officer,spacy,Chief Executive Officer
Agape ATP Corp,8-K,Kok Choong,Chief Executive Officer,spacy,Chief Executive Officer
FIRST CAPITAL INC,8-K,Monroe Shine,Director,spacy,Director
PARK NATIONAL CORP /OH/,8-K,David L. Trautman,Unknown,spacy,Unknown
PARK NATIONAL CORP /OH/,8-K,Brady T. Burt,Chairman,spacy,Chair
PARK NATIONAL CORP /OH/,8-K,David Trautman,Chairman,spacy,Chair
PARK NATIONAL CORP /OH/,8-K,Matthew Miller,Cto,spacy,Chief Technology Officer
PARK NATIONAL CORP /OH/,8-K,Matt Miller,Director,spacy,Director
PARK NATIONAL CORP /OH/,8-K,Mark Miller,Director,spacy,Director
MKS INSTRUMENTS INC,8-K,David Ryzhik,Vice President,spacy,Vice President
"Vroom, Inc.",8-K,Thomas Shortt,Chief Executive Officer,spacy,Chief Executive Officer
"Vroom, Inc.",8-K,Robert Mylod,Director,spacy,Director
"Cara Therapeutics, Inc.",8-K,Christopher Posner,President,spacy,President
Cosmos Health Inc.,8-K,Greg Siokas,Chief Executive Officer,spacy,Chief Executive Officer
"Babcock & Wilcox Enterprises, Inc.",8-K,Kenneth Young,Chairman,spacy,Chair
MICROCHIP TECHNOLOGY INC,8-K,Ellen Barker,Vice President,spacy,Vice President
Amesite Inc.,8-K,Anthony M. Barkett,Director,spacy,Director
Amesite Inc.,8-K,George Parmer,Director,spacy,Director
Amesite Inc.,8-K,Ann Marie Sastry,Chief Executive Officer,spacy,Chief Executive Officer
"Novo Integrated Sciences, Inc.",8-K,Robert Mattacchione,Ceo,spacy,Chief Executive Officer
"Novo Integrated Sciences, Inc.",8-K,Chris David,Coo,spacy,Chief Operating Officer
ALTA EQUIPMENT GROUP INC.,8-K,Jeff Hoover,Chief Legal Officer,spacy,Chief Legal Officer
"First Guaranty Bancshares, Inc.",8-K,Eric J. Dosch,Chief Financial Officer,spacy,Chief Financial Officer
Greystone Housing Impact Investors LP,8-K,Kenneth C. Rogozinski,Chief Executive Officer,spacy,Chief Executive Officer
Greystone Housing Impact Investors LP,8-K,Andy Grier,Vice President,spacy,Vice President
NBT BANCORP INC,8-K,John H. Watt,Director,spacy,Director
NBT BANCORP INC,8-K,Annette L. Burns,Chief Financial Officer,spacy,Chief Financial Officer
NBT BANCORP INC,8-K,Martin A. Dietrich,Chief Financial Officer,spacy,Chief Financial Officer
NBT BANCORP INC,8-K,John Watt,Chairman,spacy,Chair
"Alaunos Therapeutics, Inc.",8-K,Dale Curtis,Director,spacy,Director
SAFEGUARD SCIENTIFICS INC,8-K,Mark Dow,Cto,spacy,Chief Technology Officer
"Strategic Student & Senior Housing Trust, Inc.",8-K,John Strockis,Chief Executive Officer,spacy,Chief Executive Officer
ENTERPRISE FINANCIAL SERVICES CORP,8-K,Jim Lally,President,spacy,President
ENTERPRISE FINANCIAL SERVICES CORP,8-K,Keene Turner,Vice President,spacy,Vice President
ENTERPRISE FINANCIAL SERVICES CORP,8-K,Steve Richardson,Vice President,spacy,Vice President
LIVEPERSON INC,8-K,Monica Greenberg,Vice President,spacy,Vice President
JACK HENRY & ASSOCIATES INC,8-K,David B. Foss,Chief Operating Officer,spacy,Chief Operating Officer
JACK HENRY & ASSOCIATES INC,8-K,Greg Adelson,President,spacy,President
JACK HENRY & ASSOCIATES INC,8-K,David Foss,President,spacy,President
"DSS, INC.",8-K,Todd Macko,Cfo,spacy,Chief Financial Officer
Triton International Ltd,8-K,Victoria Place,Cto,spacy,Chief Technology Officer
KB HOME,8-K,Melissa Lora,Director,spacy,Director
KB HOME,8-K,Jeffery T. Mezger,Director,spacy,Director
KB HOME,8-K,Jeff J. Kaminski,Unknown,spacy,Unknown
KB HOME,8-K,William A.,Vice President,spacy,Vice President
KB HOME,8-K,Richelieu William A.,Vice President,spacy,Vice President
FTAC Emerald Acquisition Corp.,8-K,Bracebridge H. Young,President,spacy,President
EQUITY LIFESTYLE PROPERTIES INC,8-K,Paul Seavey,Vice President,spacy,Vice President
PDS Biotechnology Corp,8-K,Lauren V. Wood,Director,spacy,Director
PDS Biotechnology Corp,8-K,Kirk V. Shepard,Chief Medical Officer,spacy,Chief Medical Officer
PDS Biotechnology Corp,8-K,Kirk Shepard,Chief Medical Officer,spacy,Chief Medical Officer
COSTCO WHOLESALE CORP /NEW,8-K,Susan L. Decker,Director,spacy,Director
COSTCO WHOLESALE CORP /NEW,8-K,Kenneth D. Denman,Director,spacy,Director
COSTCO WHOLESALE CORP /NEW,8-K,John Sullivan,Vice President,spacy,Vice President
SMARTFINANCIAL INC.,8-K,William Y. Carroll,President,spacy,President
SMARTFINANCIAL INC.,8-K,Miller Welborn,Cto,spacy,Chief Technology Officer
SMARTFINANCIAL INC.,8-K,Ron Gorczynski,Chairman,spacy,Chair
"OPENLANE, Inc.",8-K,Ontario Alberta,Unknown,spacy,Unknown
Iron Horse Acquisitions Corp.,8-K,Lisa Hatton Harrington,Director,spacy,Director
Presto Automation Inc.,8-K,Krishna Gupta,Chairman,spacy,Chair
Presto Automation Inc.,8-K,Steve Herbert,Chairman,spacy,Chair
Presto Automation Inc.,8-K,Ed Scheetz,Chairman,spacy,Chair
Presto Automation Inc.,8-K,Gail Zauder,Chairman,spacy,Chair
"Complete Solaria, Inc.",8-K,William J. Anderson,Director,spacy,Director
"Complete Solaria, Inc.",8-K,William Anderson Separation,Director,spacy,Director
"Complete Solaria, Inc.",8-K,David Anderson Additionally,Unknown,spacy,Unknown
"Complete Solaria, Inc.",8-K,D. Anderson,Unknown,spacy,Unknown
"Complete Solaria, Inc.",8-K,Chris Lundell,Chief Executive Officer,spacy,Chief Executive Officer
Sunoco LP,8-K,Related Transactions,Director,spacy,Director
FRANKLIN COVEY CO,8-K,Stephen D. Young,Chief Financial Officer,spacy,Chief Financial Officer
SPRUCE POWER HOLDING CORP,8-K,Jon Norling,Chief Legal Officer,spacy,Chief Legal Officer
SPRUCE POWER HOLDING CORP,8-K,Jeffrey Suh,Unknown,spacy,Unknown
SPRUCE POWER HOLDING CORP,8-K,Carl Enslin,Unknown,spacy,Unknown
SPRUCE POWER HOLDING CORP,8-K,Simone Heridis,Unknown,spacy,Unknown
SPRUCE POWER HOLDING CORP,8-K,Soraya Heridis,Unknown,spacy,Unknown
SPRUCE POWER HOLDING CORP,8-K,Y. This Stipulation,Cto,spacy,Chief Technology Officer
SPRUCE POWER HOLDING CORP,8-K,Howard G. Smith,Unknown,spacy,Unknown
SPRUCE POWER HOLDING CORP,8-K,Jed Melnick,Unknown,spacy,Unknown
SPRUCE POWER HOLDING CORP,8-K,Garth A. Spencer,Unknown,spacy,Unknown
AVISTA CORP,8-K,Kevin J. Christie,Vice President,spacy,Vice President
"Idaho Strategic Resources, Inc.",8-K,John Swallow,President,spacy,President
"MANGOCEUTICALS, INC.",8-K,Keith Moore,Ceo,spacy,Chief Executive Officer
"MANGOCEUTICALS, INC.",8-K,Olshan Frome,Ceo,spacy,Chief Executive Officer
RBB Bancorp,8-K,Lynn Hopkins,Chief Financial Officer,spacy,Chief Financial Officer
RBB Bancorp,8-K,David Morris,Ceo,spacy,Chief Executive Officer
RBB Bancorp,8-K,James Kao,Director,spacy,Director
LOGITECH INTERNATIONAL S.A.,8-K,Faber Johanna,Chief Executive Officer,spacy,Chief Executive Officer
LOGITECH INTERNATIONAL S.A.,8-K,Charles Boynton,Chief Executive Officer,spacy,Chief Executive Officer
LOGITECH INTERNATIONAL S.A.,8-K,Hanneke Faber,Chief Executive Officer,spacy,Chief Executive Officer
LOGITECH INTERNATIONAL S.A.,8-K,Chuck Boynton,Chief Financial Officer,spacy,Chief Financial Officer
"Distribution Solutions Group, Inc.",8-K,Cesar Lanuza,President,spacy,President
"Distribution Solutions Group, Inc.",8-K,Mary Porter,Chief Executive Officer,spacy,Chief Executive Officer
"BeiGene, Ltd.",8-K,John V. Oyler,Chairman,spacy,Chair
GENERAL ELECTRIC CO,8-K,Ghai Rahul Ghai,Vice President,spacy,Vice President
KRONOS WORLDWIDE INC,8-K,Tim C. Hafer,Vice President,spacy,Vice President
Vertex Energy Inc.,8-K,Chris Carlson,Chief Financial Officer,spacy,Chief Financial Officer
Target Hospitality Corp.,8-K,Troy Schrenk,Director,spacy,Director
Target Hospitality Corp.,8-K,Eric T. Kalamaras,Director,spacy,Director
Target Hospitality Corp.,8-K,Jason Vlacich,Director,spacy,Director
Target Hospitality Corp.,8-K,Eric Kalamaras,Cfo,spacy,Chief Financial Officer
Target Hospitality Corp.,8-K,Brad Archer,President,spacy,President
RTX Corp,8-K,Greg Hayes,Chairman,spacy,Chair
RTX Corp,8-K,Chris Calio,President,spacy,President
PROCTER & GAMBLE Co,8-K,Jon Moeller,Chairman,spacy,Chair
DULUTH HOLDINGS INC.,8-K,Sam Sato,Director,spacy,Director
DULUTH HOLDINGS INC.,8-K,Michael Murphy,Chief Financial Officer,spacy,Chief Financial Officer
DULUTH HOLDINGS INC.,8-K,Samuel M. Sato,President,spacy,President
DULUTH HOLDINGS INC.,8-K,Duluth Trading,Chief Financial Officer,spacy,Chief Financial Officer
HALLIBURTON CO,8-K,Jeff Miller,Chairman,spacy,Chair
SANDY SPRING BANCORP INC,8-K,Daniel J. Schrider,President,spacy,President
SANDY SPRING BANCORP INC,8-K,Philip J. Mantua,President,spacy,President
SANDY SPRING BANCORP INC,8-K,Jen Schell,Vice President,spacy,Vice President
GMS Inc.,8-K,Peter Browning,Unknown,spacy,Unknown
GMS Inc.,8-K,John J. Gavin,Director,spacy,Director
NOCOPI TECHNOLOGIES INC/MD/,8-K,Joseph K. Raymond,Director,spacy,Director
Atlantic Union Bankshares Corp,8-K,John C. Asbury,President,spacy,President
Atlantic Union Bankshares Corp,8-K,Robert M. Gorman,Vice President,spacy,Vice President
LOCKHEED MARTIN CORP,8-K,Rebecca Miller,Director,spacy,Director
LOCKHEED MARTIN CORP,8-K,Maria Ricciardone,Director,spacy,Director
LOCKHEED MARTIN CORP,8-K,Jim Taiclet,Chairman,spacy,Chair
"ZEVRA THERAPEUTICS, INC.",8-K,Alvin Shih,Director,spacy,Director
WEBSTER FINANCIAL CORP,8-K,Albert J. Wang,Vice President,spacy,Vice President
JOHNSON & JOHNSON,8-K,Robert J. Decker,Unknown,spacy,Unknown
JOHNSON & JOHNSON,8-K,Tesia Williams,Unknown,spacy,Unknown
JOHNSON & JOHNSON,8-K,Joaquin Duato,Chairman,spacy,Chair
ATAI Life Sciences N.V.,8-K,Anthony Field,Director,spacy,Director
ATAI Life Sciences N.V.,8-K,Tom Zierer,Director,spacy,Director
"Lantheus Holdings, Inc.",8-K,Mary Anne,Director,spacy,Director
"Lantheus Holdings, Inc.",8-K,Mark Kinarney,Cto,spacy,Chief Technology Officer
PACCAR INC,8-K,Preston Feight,Chief Executive Officer,spacy,Chief Executive Officer
PACCAR INC,8-K,Harrie Schippers,President,spacy,President
PACCAR INC,8-K,Mark Pigott,Chairman,spacy,Chair
PACCAR INC,8-K,Darrin Siver,Vice President,spacy,Vice President
PACCAR INC,8-K,Harald Seidel,President,spacy,President
PACCAR INC,8-K,Laura Bloch,Vice President,spacy,Vice President
PACCAR INC,8-K,Todd Hubbard,Vice President,spacy,Vice President
PACCAR INC,8-K,Craig Gryniewicz,President,spacy,President
PACCAR INC,8-K,John Rich,Cto,spacy,Chief Technology Officer
PACCAR INC,8-K,Mike Dozier,Vice President,spacy,Vice President
PACCAR INC,8-K,Paulo Bolgar,Vice President,spacy,Vice President
"BGC Group, Inc.",8-K,Robert Allen,President,spacy,President
"BGC Group, Inc.",8-K,Isabelle Girolami,Ceo,spacy,Chief Executive Officer
"BGC Group, Inc.",8-K,Jason Angrisani,Cto,spacy,Chief Technology Officer
OLD NATIONAL BANCORP /IN/,8-K,Michael L. Scudder,Director,spacy,Director
OLD NATIONAL BANCORP /IN/,8-K,Jim Ryan,Ceo,spacy,Chief Executive Officer
OLD NATIONAL BANCORP /IN/,8-K,Mike Scudder,Chairman,spacy,Chair
PEOPLES BANCORP INC,8-K,Chuck Sulerzyski,President,spacy,President
PEOPLES BANCORP INC,8-K,Katie Bailey,Vice President,spacy,Vice President
GATX CORP,8-K,Robert C. Lyons,President,spacy,President
GATX CORP,8-K,Thomas A. Ellman,Vice President,spacy,Vice President
"HomeTrust Bancshares, Inc.",8-K,Keith J. Houghton,Cto,spacy,Chief Technology Officer
"HomeTrust Bancshares, Inc.",8-K,Kevin Nunley,Vice President,spacy,Vice President
COLONY BANKCORP INC,8-K,Heath Fountain,Chief Executive Officer,spacy,Chief Executive Officer
COLONY BANKCORP INC,8-K,Derek Shelnutt,Chief Accounting Officer,spacy,Chief Accounting Officer
OXBRIDGE RE HOLDINGS Ltd,8-K,Jay Madhu,Ceo,spacy,Chief Executive Officer
OXBRIDGE RE HOLDINGS Ltd,8-K,Wrendon Timothy,Chief Financial Officer,spacy,Chief Financial Officer
AIR INDUSTRIES GROUP,8-K,Lou Melluzzo,Ceo,spacy,Chief Executive Officer
Healthier Choices Management Corp.,8-K,John Ollet Hollywood,Chief Financial Officer,spacy,Chief Financial Officer
"World Scan Project, Inc.",8-K,Ryohei Uetaki Ryohei,Chief Executive Officer,spacy,Chief Executive Officer
PHOTRONICS INC,8-K,Frank Lee,Director,spacy,Director
PHOTRONICS INC,8-K,John Jordan,Vice President,spacy,Vice President
PHOTRONICS INC,8-K,Eric Rivera,Vice President,spacy,Vice President
PHOTRONICS INC,8-K,John P. Jordan,Vice President,spacy,Vice President
"Eagle Bancorp Montana, Inc.",8-K,Laura F. Clark,President,spacy,President
"Eagle Bancorp Montana, Inc.",8-K,Miranda J. Spaulding,Vice President,spacy,Vice President
"Eagle Bancorp Montana, Inc.",8-K,J. Spaulding,Vice President,spacy,Vice President
"Eagle Bancorp Montana, Inc.",8-K,Miranda Spaulding,Cfo,spacy,Chief Financial Officer
PERMA FIX ENVIRONMENTAL SERVICES INC,8-K,Richard Grondin,Director,spacy,Director
PERMA FIX ENVIRONMENTAL SERVICES INC,8-K,Mark Duff,Director,spacy,Director
PERMA FIX ENVIRONMENTAL SERVICES INC,8-K,Louis Centofanti,Director,spacy,Director
PERMA FIX ENVIRONMENTAL SERVICES INC,8-K,Ben Naccarato,Chief Executive Officer,spacy,Chief Executive Officer
CAPITAL CITY BANK GROUP INC,8-K,William G. Smith,Chairman,spacy,Chair
"SB FINANCIAL GROUP, INC.",8-K,Mark A. Klein,Chairman,spacy,Chair
HEIDRICK & STRUGGLES INTERNATIONAL INC,8-K,Tom Murray,President,spacy,President
HEIDRICK & STRUGGLES INTERNATIONAL INC,8-K,Tom Monahan,President,spacy,President
HEIDRICK & STRUGGLES INTERNATIONAL INC,8-K,Adam Warby,Chairman,spacy,Chair
HEIDRICK & STRUGGLES INTERNATIONAL INC,8-K,Mark Harris,Cfo,spacy,Chief Financial Officer
HEIDRICK & STRUGGLES INTERNATIONAL INC,8-K,Steven Horwitz,Director,spacy,Director
"BLACKSTAR ENTERPRISE GROUP, INC.",8-K,Joseph Kurczodyna,Chief Executive Officer,spacy,Chief Executive Officer
"HNO International, Inc.",8-K,Paul Mueller,Chief Executive Officer,spacy,Chief Executive Officer
COMMUNITY BANCORP /VT,8-K,Kathryn M. Austin,Chief Executive Officer,spacy,Chief Executive Officer
COMMUNITY BANCORP /VT,8-K,Kathryn Austin,President,spacy,President
"Tianci International, Inc.",8-K,Zhigang Pei,Director,spacy,Director
"Tianci International, Inc.",8-K,David Wei Fang,Director,spacy,Director
"Tianci International, Inc.",8-K,Jack Fan Liu,Director,spacy,Director
"Tianci International, Inc.",8-K,Jimmy Weiyu Zhu,Director,spacy,Director
"Tianci International, Inc.",8-K,Shufang Gao,Chief Executive Officer,spacy,Chief Executive Officer
QNB CORP,8-K,Jeffrey Lehocky,Chief Financial Officer,spacy,Chief Financial Officer
TIMBERLAND BANCORP INC,8-K,Jonathan A. Fischer,Chief Financial Officer,spacy,Chief Financial Officer
TIMBERLAND BANCORP INC,8-K,Dean Brydon,Chief Executive Officer,spacy,Chief Executive Officer
TIMBERLAND BANCORP INC,8-K,Jonathan Fischer,President,spacy,President
TIMBERLAND BANCORP INC,8-K,Dean J. Brydon,Chief Financial Officer,spacy,Chief Financial Officer
"MDWerks, Inc.",8-K,Steven Laker,Ceo,spacy,Chief Executive Officer
"CNS Pharmaceuticals, Inc.",8-K,Amy Mahery,Director,spacy,Director
"CNS Pharmaceuticals, Inc.",8-K,Chris Downs,Chief Financial Officer,spacy,Chief Financial Officer
"CSB Bancorp, Inc.",8-K,Eddie Steiner,President,spacy,President
"CSB Bancorp, Inc.",8-K,Paula J. Meiler,Vice President,spacy,Vice President
NETFLIX INC,8-K,Greg Peters,Ceo,spacy,Chief Executive Officer
NETFLIX INC,8-K,Ted Sarandos,Ceo,spacy,Chief Executive Officer
NETFLIX INC,8-K,Spencer Wang,Ceo,spacy,Chief Executive Officer
"Veritone, Inc.",8-K,Chad Steelberg,Chairman,spacy,Chair
"Veritone, Inc.",8-K,Michael L. Zemetra,Vice President,spacy,Vice President
QUALCOMM INC/DE,8-K,Akash Palkhiwala,Director,spacy,Director
"Business First Bancshares, Inc.",8-K,Jude Melville,President,spacy,President
CONNECTICUT LIGHT & POWER CO,8-K,Samantha Popkin,Treasurer,spacy,Treasurer
CONNECTICUT LIGHT & POWER CO,8-K,Joseph Denno,Vice President,spacy,Vice President
CONNECTICUT LIGHT & POWER CO,8-K,Kerry J. Tomasevich,General Counsel,spacy,General Counsel
LESAKA TECHNOLOGIES INC,8-K,Ms Patience Rolls,President,spacy,President
QCR HOLDINGS INC,8-K,Larry J. Helling,Chief Executive Officer,spacy,Chief Executive Officer
QCR HOLDINGS INC,8-K,Todd A. Gipple,President,spacy,President
"Citius Pharmaceuticals, Inc.",8-K,Robert J. Smith,Director,spacy,Director
"Citius Pharmaceuticals, Inc.",8-K,Leonard Mazur,Chairman,spacy,Chair
HANMI FINANCIAL CORP,8-K,Bonnie Lee,Ceo,spacy,Chief Executive Officer
HANMI FINANCIAL CORP,8-K,Larry Clark,Vice President,spacy,Vice President
"Investcorp Credit Management BDC, Inc.",8-K,Hamilton Ave,Director,spacy,Director
"Sight Sciences, Inc.",8-K,Ali Bauerlein,Chief Financial Officer,spacy,Chief Financial Officer
"Sight Sciences, Inc.",8-K,Jeremy Hayden,Chief Financial Officer,spacy,Chief Financial Officer
"Sight Sciences, Inc.",8-K,Alison Bauerlein,Chief Financial Officer,spacy,Chief Financial Officer
"Sight Sciences, Inc.",8-K,Cristy Barnes,Chief Legal Officer,spacy,Chief Legal Officer
R F INDUSTRIES LTD,8-K,Robert Dawson,President,spacy,President
R F INDUSTRIES LTD,8-K,Peter Yin,Cfo,spacy,Chief Financial Officer
Hewlett Packard Enterprise Co,8-K,Alan May,Cto,spacy,Chief Technology Officer
Hewlett Packard Enterprise Co,8-K,Kristin Major,Director,spacy,Director
Hewlett Packard Enterprise Co,8-K,Succeeds Alan,Chief People Officer,spacy,Chief People Officer
Hewlett Packard Enterprise Co,8-K,Antonio Neri,Ceo,spacy,Chief Executive Officer
Hewlett Packard Enterprise Co,8-K,Fidelma Russo,Chief Technology Officer,spacy,Chief Technology Officer
EAST WEST BANCORP INC,8-K,Christopher J. Del,Vice President,spacy,Vice President
EAST WEST BANCORP INC,8-K,Christopher Del,Chief Financial Officer,spacy,Chief Financial Officer
EAST WEST BANCORP INC,8-K,Dominic Ng,Chairman,spacy,Chair
CNB FINANCIAL CORP/PA,8-K,Michael D. Peduzzi,President,spacy,President
"Purple Innovation, Inc.",8-K,Lien Waiver,Cto,spacy,Chief Technology Officer
"Triumph Financial, Inc.",8-K,Aaron P. Graft Founder,Chairman,spacy,Chair
"Triumph Financial, Inc.",8-K,Brad Voss,Chairman,spacy,Chair
DEVON ENERGY CORP/DE,8-K,Jeremy Humphers,Director,spacy,Director
DEVON ENERGY CORP/DE,8-K,John Sherrer,Director,spacy,Director
"Zedge, Inc.",8-K,Mark Ghermezian,Cto,spacy,Chief Technology Officer
"Stride, Inc.",8-K,Timothy Casey,Vice President,spacy,Vice President
BODY & MIND INC.,8-K,Michael Mills,Ceo,spacy,Chief Executive Officer
"PAYCOR HCM, INC.",8-K,Ryan Bergstrom,Director,spacy,Director
PREMIER FINANCIAL CORP,8-K,Gary M. Small,President,spacy,President
PREMIER FINANCIAL CORP,8-K,Gary Small,President,spacy,President
PREMIER FINANCIAL CORP,8-K,Paul Nungester,Cfo,spacy,Chief Financial Officer
ARES CAPITAL CORP,8-K,Monica Shilling,General Counsel,spacy,General Counsel
ARES CAPITAL CORP,8-K,Christopher Wu,General Counsel,spacy,General Counsel
RENASANT CORP,8-K,C. Mitchell,Chief Executive Officer,spacy,Chief Executive Officer
RENASANT CORP,8-K,C. Mitchell Waycaster,Chief Executive Officer,spacy,Chief Executive Officer
"Western New England Bancorp, Inc.",8-K,Meghan Hibner,President,spacy,President
"Western New England Bancorp, Inc.",8-K,Darlene Libiszewski,Vice President,spacy,Vice President
"Western New England Bancorp, Inc.",8-K,John Bonini,Vice President,spacy,Vice President
"Western New England Bancorp, Inc.",8-K,Christine Phillips,Chief Credit Officer,spacy,Chief Credit Officer
INTERPARFUMS INC,8-K,Michel Atwood Michel,Chief Financial Officer,spacy,Chief Financial Officer
INTERPARFUMS INC,8-K,Jean Madar,Chairman,spacy,Chair
WINNEBAGO INDUSTRIES INC,8-K,Mike Voris,Chief Financial Officer,spacy,Chief Financial Officer
WINNEBAGO INDUSTRIES INC,8-K,J. Happe,Unknown,spacy,Unknown
WINNEBAGO INDUSTRIES INC,8-K,L. Bogart,Director,spacy,Director
WINNEBAGO INDUSTRIES INC,8-K,J. Clark,Director,spacy,Director
WINNEBAGO INDUSTRIES INC,8-K,L. Kroon,Director,spacy,Director
WINNEBAGO INDUSTRIES INC,8-K,Kathy Hiebert,Treasurer,spacy,Treasurer
WINNEBAGO INDUSTRIES INC,8-K,Michael Voris,Treasurer,spacy,Treasurer
WINNEBAGO INDUSTRIES INC,8-K,Eric Benedict,Director,spacy,Director
FIRST COMMUNITY BANKSHARES INC /VA/,8-K,David D. Brown,Chief Financial Officer,spacy,Chief Financial Officer
Oncocyte Corp,8-K,Joshua Riggs,President,spacy,President
WESBANCO INC,8-K,Daniel K. Weiss,Vice President,spacy,Vice President
WESBANCO INC,8-K,John H. Iannone,Vice President,spacy,Vice President
TRUSTMARK CORP,8-K,Duane A. Dewey,President,spacy,President
TRUSTMARK CORP,8-K,Thomas C. Owens,Treasurer,spacy,Treasurer
TRUSTMARK CORP,8-K,Melanie A. Morgan,Treasurer,spacy,Treasurer
TRUSTMARK CORP,8-K,F. Joseph Rein,Treasurer,spacy,Treasurer
TRUSTMARK CORP,8-K,Arthur Lamar Adams,Cto,spacy,Chief Technology Officer
"Corvus Pharmaceuticals, Inc.",8-K,Edith P. Mitchell,Director,spacy,Director
"Corvus Pharmaceuticals, Inc.",8-K,Leiv Lea,Chief Financial Officer,spacy,Chief Financial Officer
"Corvus Pharmaceuticals, Inc.",8-K,Richard A. Miller,President,spacy,President
FIRST BUSEY CORP /NV/,8-K,Monica L. Bowe,Chief Risk Officer,spacy,Chief Risk Officer
FIRST BUSEY CORP /NV/,8-K,Joseph A. Sheils,President,spacy,President
FIRST BUSEY CORP /NV/,8-K,Van A. Dukeman,President,spacy,President
FIRST BUSEY CORP /NV/,8-K,Robert F. Plecki,President,spacy,President
FIRST BUSEY CORP /NV/,8-K,Regions Martin,President,spacy,President
"Interactive Strength, Inc.",8-K,Trent A. Ward,Chief Executive Officer,spacy,Chief Executive Officer
"Interactive Strength, Inc.",8-K,Michael J. Madigan,Chief Financial Officer,spacy,Chief Financial Officer
"Interactive Strength, Inc.",8-K,Joe Ellis,Cto,spacy,Chief Technology Officer
"Interactive Strength, Inc.",8-K,Trent Ward,Ceo,spacy,Chief Executive Officer
NEW PEOPLES BANKSHARES INC,8-K,Christopher G.,Vice President,spacy,Vice President
NEW PEOPLES BANKSHARES INC,8-K,Christopher G. Speaks,Vice President,spacy,Vice President
GRAN TIERRA ENERGY INC.,8-K,Gary Guidry,President,spacy,President
GRAN TIERRA ENERGY INC.,8-K,Rodger Trimble,Chief Executive Officer,spacy,Chief Executive Officer
GRAN TIERRA ENERGY INC.,8-K,Ryan Ellson,Vice President,spacy,Vice President
"BIO-PATH HOLDINGS, INC.",8-K,Peter H. Nielsen,President,spacy,President
"ONE Gas, Inc.",8-K,Christopher P. Sighinolfi,Vice President,spacy,Vice President
"KBR, INC.",8-K,J. Jay,President,spacy,President
"MOBIX LABS, INC",8-K,Michael Long,Director,spacy,Director
"MOBIX LABS, INC",8-K,Michael J. Long,Chairman,spacy,Chair
Baker Hughes Co,8-K,Lorenzo Simonelli,Chairman,spacy,Chair
"Decentral Life, Inc.",8-K,Ken Tapp,Ceo,spacy,Chief Executive Officer
"Decentral Life, Inc.",8-K,Leslie Bocskor,Ceo,spacy,Chief Executive Officer
EBAY INC,8-K,Jamie Iannone,President,spacy,President
DORIAN LPG LTD.,8-K,Ted Young,Chief Financial Officer,spacy,Chief Financial Officer
ESG Inc.,8-K,Zhi Yang,President,spacy,President
"Outlook Therapeutics, Inc.",8-K,Faisal G. Sukhtian,Director,spacy,Director
"Outlook Therapeutics, Inc.",8-K,John M. Fife,President,spacy,President
"Outlook Therapeutics, Inc.",8-K,Russell Trenary,President,spacy,President
"Outlook Therapeutics, Inc.",8-K,Yezan Haddadin,Director,spacy,Director
"Outlook Therapeutics, Inc.",8-K,Andong Huang,Director,spacy,Director
"Outlook Therapeutics, Inc.",8-K,Zongmei Zheng,Chairman,spacy,Chair
"Outlook Therapeutics, Inc.",8-K,Jenene Thomas,Chief Executive Officer,spacy,Chief Executive Officer
"Elevance Health, Inc.",8-K,Gail K. Boudreaux,President,spacy,President
TE Connectivity plc,8-K,Heath A. Mitts,Vice President,spacy,Vice President
TE Connectivity plc,8-K,Terrence Curtin,Ceo,spacy,Chief Executive Officer
AT&T INC.,8-K,Sabrina Sanders,Vice President,spacy,Vice President
PROSPERITY BANCSHARES INC,8-K,Charlotte M. Rasche,Vice President,spacy,Vice President
PROSPERITY BANCSHARES INC,8-K,David Zalman,Chairman,spacy,Chair
PROSPERITY BANCSHARES INC,8-K,Victoria Main,Cto,spacy,Chief Technology Officer
"HBT Financial, Inc.",8-K,Lance Carter,President,spacy,President
"HBT Financial, Inc.",8-K,Fred Drake,President,spacy,President
"HBT Financial, Inc.",8-K,George Drake,President,spacy,President
"HBT Financial, Inc.",8-K,J. Lance Carter,Chairman,spacy,Chair
"HBT Financial, Inc.",8-K,Diane H. Lanier,Chief Credit Officer,spacy,Chief Credit Officer
"HBT Financial, Inc.",8-K,Peter Chapman,Chief Risk Officer,spacy,Chief Risk Officer
"HBT Financial, Inc.",8-K,J. Lance,Chairman,spacy,Chair
"HBT Financial, Inc.",8-K,Patrick F. Busch,Director,spacy,Director
"HBT Financial, Inc.",8-K,Linda J. Koch,Director,spacy,Director
"HBT Financial, Inc.",8-K,Allen C. Drake,Director,spacy,Director
"HBT Financial, Inc.",8-K,C. Alvin Bowman,Director,spacy,Director
"HBT Financial, Inc.",8-K,Roger A. Baker,Director,spacy,Director
"DuPont de Nemours, Inc.",8-K,Ed Breen,Chairman,spacy,Chair
Pluri Inc.,8-K,Michal Ogolnik,Cto,spacy,Chief Technology Officer
STIFEL FINANCIAL CORP,8-K,Ronald J. Kruszewski,Chairman,spacy,Chair
KIMBERLY CLARK CORP,8-K,Mike Hsu,Chairman,spacy,Chair
KIMBERLY CLARK CORP,8-K,Nelson Urdaneta,Chairman,spacy,Chair
"Stock Yards Bancorp, Inc.",8-K,T. Clay,Vice President,spacy,Vice President
"Stock Yards Bancorp, Inc.",8-K,Stinnett T. Clay,Vice President,spacy,Vice President
ABBOTT LABORATORIES,8-K,Philip P. Boudreau,Vice President,spacy,Vice President
ABBOTT LABORATORIES,8-K,Robert B. Ford,Chairman,spacy,Chair
TELEDYNE TECHNOLOGIES INC,8-K,Robert Mehrabian,Chairman,spacy,Chair
UNITED COMMUNITY BANKS INC,8-K,Jefferson L. Harralson,Vice President,spacy,Vice President
UNITED COMMUNITY BANKS INC,8-K,Jefferson Harralson,Chief Financial Officer,spacy,Chief Financial Officer
UNITED COMMUNITY BANKS INC,8-K,Lynn Harton,Chairman,spacy,Chair
SIMMONS FIRST NATIONAL CORP,8-K,James M. Brogdon,President,spacy,President
SIMMONS FIRST NATIONAL CORP,8-K,Bob Fehlman,Director,spacy,Director
SIMMONS FIRST NATIONAL CORP,8-K,Ed Bilek,Director,spacy,Director
"Sterling Bancorp, Inc.",8-K,Karen Knott Karen,Chief Financial Officer,spacy,Chief Financial Officer
FREEPORT-MCMORAN INC,8-K,Ellie L. Mikes,Vice President,spacy,Vice President
FREEPORT-MCMORAN INC,8-K,C. Adkerson,Chairman,spacy,Chair
"Astrana Health, Inc.",8-K,Brandon Sim,Chief Executive Officer,spacy,Chief Executive Officer
"Astrana Health, Inc.",8-K,Chandan Basho,Chairman,spacy,Chair
"Astrana Health, Inc.",8-K,Kenneth Sim,Director,spacy,Director
NATIONAL BANKSHARES INC,8-K,Alan Sweet,President,spacy,President
NATIONAL BANKSHARES INC,8-K,F. Brad Denardo,President,spacy,President
NATIONAL BANKSHARES INC,8-K,Alan J. Sweet,President,spacy,President
NATIONAL BANKSHARES INC,8-K,Brad Denardo,Chairman,spacy,Chair
"PARKE BANCORP, INC.",8-K,Jonathan D. Hill,Vice President,spacy,Vice President
"New Concept Energy, Inc.",8-K,Dan Locklear,Director,spacy,Director
"New Concept Energy, Inc.",8-K,Cecilia Maynard,Director,spacy,Director
"New Concept Energy, Inc.",8-K,Raymond D. Roberts,Director,spacy,Director
FORWARD AIR CORP,8-K,Lilianna Anh P. Townsend,Unknown,spacy,Unknown
FORWARD AIR CORP,8-K,Daniel M. Rusk,Unknown,spacy,Unknown
FORWARD AIR CORP,8-K,William Savitt,Unknown,spacy,Unknown
FORWARD AIR CORP,8-K,Tom Schmitt,Chairman,spacy,Chair
PROGRESSIVE CORP/OH/,8-K,Mariann Wojtkun,Vice President,spacy,Vice President
PROGRESSIVE CORP/OH/,8-K,Tricia Griffith,Ceo,spacy,Chief Executive Officer
PROGRESSIVE CORP/OH/,8-K,John Sauerland,Ceo,spacy,Chief Executive Officer
SYPRIS SOLUTIONS INC,8-K,John F. Brinkley,Director,spacy,Director
SYPRIS SOLUTIONS INC,8-K,Richard L. Davis,Vice President,spacy,Vice President
Ondas Holdings Inc.,8-K,Eric Brock,Chief Financial Officer,spacy,Chief Financial Officer
Ondas Holdings Inc.,8-K,Eric A. Brock,Chief Executive Officer,spacy,Chief Executive Officer
"Moleculin Biotech, Inc.",8-K,Walter Klemp,Chairman,spacy,Chair
FARMERS & MERCHANTS BANCORP,8-K,Kent Steinwert,Ceo,spacy,Chief Executive Officer
"John Marshall Bancorp, Inc.",8-K,Kent D. Carstater,Vice President,spacy,Vice President
BATTALION OIL CORP,8-K,Matthew Steele,Chief Executive Officer,spacy,Chief Executive Officer
Optex Systems Holdings Inc,8-K,Karen Hawkins,Chief Financial Officer,spacy,Chief Financial Officer
Optex Systems Holdings Inc,8-K,Danny Schoening,Ceo,spacy,Chief Executive Officer
UNIVERSAL STAINLESS & ALLOY PRODUCTS INC,8-K,Christopher M. Zimmer,President,spacy,President
Sidus Space Inc.,8-K,Richard J. Berman,Cto,spacy,Chief Technology Officer
AMPHENOL CORP /DE/,8-K,Craig A. Lampo,Vice President,spacy,Vice President
Connexa Sports Technologies Inc.,8-K,Mike Ballardie,Chief Executive Officer,spacy,Chief Executive Officer
Connexa Sports Technologies Inc.,8-K,Mark Radom,Chief Executive Officer,spacy,Chief Executive Officer
Connexa Sports Technologies Inc.,8-K,George Mackin,Chief Executive Officer,spacy,Chief Executive Officer
Blue Foundry Bancorp,8-K,James D. Nesci,President,spacy,President
STEEL DYNAMICS INC,8-K,Mark D. Millett,Chairman,spacy,Chair
Mars Acquisition Corp.,8-K,Iris Zhao,Chief Executive Officer,spacy,Chief Executive Officer
S&T BANCORP INC,8-K,Mark Kochvar,Vice President,spacy,Vice President
S&T BANCORP INC,8-K,Bhaskar Ramachandran,Director,spacy,Director
S&T BANCORP INC,8-K,Christine Toretti,Director,spacy,Director
Lexaria Bioscience Corp.,8-K,Christopher Bunka,Chief Executive Officer,spacy,Chief Executive Officer
Lexaria Bioscience Corp.,8-K,Chris Bunka,Ceo,spacy,Chief Executive Officer
CITY HOLDING CO,8-K,David L. Bumgarner,Vice President,spacy,Vice President
"Strategic Realty Trust, Inc.",8-K,Matthew Schreiber,Chief Executive Officer,spacy,Chief Executive Officer
"Crexendo, Inc.",8-K,Jeffrey G. Korn,Director,spacy,Director
Bowen Acquisition Corp,8-K,Liangwen Wang,Chief Financial Officer,spacy,Chief Financial Officer
Bowen Acquisition Corp,8-K,Jiangang Luo,Chief Executive Officer,spacy,Chief Executive Officer
Bowen Acquisition Corp,8-K,Graubard Miller,Unknown,spacy,Unknown
REPUBLIC BANCORP INC /KY/,8-K,Kevin Sipes,Vice President,spacy,Vice President
Roadzen Inc.,8-K,Rohan Malhotra,Chief Executive Officer,spacy,Chief Executive Officer
CSX CORP,8-K,Joe Hinrichs,President,spacy,President
CSX CORP,8-K,Angela C. Williams,Vice President,spacy,Vice President
"BJ's Wholesale Club Holdings, Inc.",8-K,Christopher Baldwin,Director,spacy,Director
Knight-Swift Transportation Holdings Inc.,8-K,David Jackson,Ceo,spacy,Chief Executive Officer
HEARTLAND FINANCIAL USA INC,8-K,Kevin L. Thompson,Vice President,spacy,Vice President
Inogen Inc,8-K,Kevin Smith,President,spacy,President
Inogen Inc,8-K,Michael Bourque,Chief Financial Officer,spacy,Chief Financial Officer
Inogen Inc,8-K,Keystone Dental,Chief Financial Officer,spacy,Chief Financial Officer
Inogen Inc,8-K,Michael Sergesketter,Director,spacy,Director
Inogen Inc,8-K,Mike Sergesketter,Chief Financial Officer,spacy,Chief Financial Officer
FIRST BANCORP /NC/,8-K,Richard H. Moore,Ceo,spacy,Chief Executive Officer
VISA INC.,8-K,Kelly Mahon,Corporate Secretary,spacy,Corporate Secretary
VISA INC.,8-K,Adrian Phillips,General Counsel,spacy,General Counsel
JVSPAC Acquisition Corp.,8-K,James Siegel,General Counsel,spacy,General Counsel
JVSPAC Acquisition Corp.,8-K,Giovanni Caruso,General Counsel,spacy,General Counsel
RESMED INC,8-K,Mick Farrell,Ceo,spacy,Chief Executive Officer
RESMED INC,8-K,Justin Leong,Chief Product Officer,spacy,Chief Product Officer
RESMED INC,8-K,Katrin Pucknat,Chief Product Officer,spacy,Chief Product Officer
RESMED INC,8-K,Mike Fliss,Chief Product Officer,spacy,Chief Product Officer
RESMED INC,8-K,Rob Douglas,Chief Product Officer,spacy,Chief Product Officer
Philip Morris International Inc.,8-K,Darlene Quashie,Vice President,spacy,Vice President
Philip Morris International Inc.,8-K,Yves Ducrey,Director,spacy,Director
KEMPER Corp,8-K,C. Thomas Evans,Vice President,spacy,Vice President
Seagate Technology Holdings plc,8-K,Dave Mosley,Chief Executive Officer,spacy,Chief Executive Officer
SolarWinds Corp,8-K,J. Barton,Chief Financial Officer,spacy,Chief Financial Officer
SolarWinds Corp,8-K,Kalsu J. Barton,Chief Financial Officer,spacy,Chief Financial Officer
SolarWinds Corp,8-K,Zachary Quan,Vice President,spacy,Vice President
CONNS INC,8-K,Katherine Bologna,Cto,spacy,Chief Technology Officer
Concentrix Corp,8-K,Chris Caldwell,President,spacy,President
LAM RESEARCH CORP,8-K,Tim Archer,President,spacy,President
"Bankwell Financial Group, Inc.",8-K,Christopher Gruseke,Chief Executive Officer,spacy,Chief Executive Officer
"Bankwell Financial Group, Inc.",8-K,Christine A. Chivily,Chief Credit Officer,spacy,Chief Credit Officer
"Sage Therapeutics, Inc.",8-K,Jennifer Fitzpatrick,Vice President,spacy,Vice President
"PATHWARD FINANCIAL, INC.",8-K,Brett Pharr,Ceo,spacy,Chief Executive Officer
"ServiceNow, Inc.",8-K,Gina Mastantuono,Chief Financial Officer,spacy,Chief Financial Officer
"Arq, Inc.",8-K,Excusable Delay,Cto,spacy,Chief Technology Officer
"Arq, Inc.",8-K,Robert Rasmus,Ceo,spacy,Chief Executive Officer
"Arq, Inc.",8-K,Deke Williamson,Coo,spacy,Chief Operating Officer
AIR LEASE CORP,8-K,Logan Tiari Logan,Coo,spacy,Chief Operating Officer
BROOKLINE BANCORP INC,8-K,Paul Perrault,Ceo,spacy,Chief Executive Officer
BROOKLINE BANCORP INC,8-K,Carl M. Carlson Brookline,Cto,spacy,Chief Technology Officer
BROOKLINE BANCORP INC,8-K,Paul A. Perrault,Chairman,spacy,Chair
BROOKLINE BANCORP INC,8-K,Carl M. Carlson,Chairman,spacy,Chair
"Origin Bancorp, Inc.",8-K,William J. Wallace,Chief Financial Officer,spacy,Chief Financial Officer
"Origin Bancorp, Inc.",8-K,Jerome Powell,Chairman,spacy,Chair
INTERNATIONAL BUSINESS MACHINES CORP,8-K,Arvind Krishna,Chairman,spacy,Chair
INTERNATIONAL BUSINESS MACHINES CORP,8-K,James Kavanaugh,Vice President,spacy,Vice President
Warner Music Group Corp.,8-K,Artist Arena,Vice President,spacy,Vice President
ALERUS FINANCIAL CORP,8-K,Katie A. Lorenson,President,spacy,President
ALERUS FINANCIAL CORP,8-K,Katie Lorenson,Ceo,spacy,Chief Executive Officer
ALERUS FINANCIAL CORP,8-K,Raymond James,Chairman,spacy,Chair
ALERUS FINANCIAL CORP,8-K,Joined Alerus,Vice President,spacy,Vice President
ETHAN ALLEN INTERIORS INC,8-K,Ethan Allen,Chief Financial Officer,spacy,Chief Financial Officer
ETHAN ALLEN INTERIORS INC,8-K,Farooq Kathwari,Chairman,spacy,Chair
"First Bancorp, Inc /ME/",8-K,Richard M. Elder,Vice President,spacy,Vice President
"First Bancorp, Inc /ME/",8-K,M. Elder,Chief Financial Officer,spacy,Chief Financial Officer
AMERIPRISE FINANCIAL INC,8-K,Jim Cracchiolo,Chairman,spacy,Chair
"Manitex International, Inc.",8-K,Takashi Kiso,Director,spacy,Director
"Manitex International, Inc.",8-K,Shinichi Iimura,Ceo,spacy,Chief Executive Officer
"Manitex International, Inc.",8-K,David Langevin,Director,spacy,Director
"DIEBOLD NIXDORF, Inc",8-K,Diebold Nixdorf,Director,spacy,Director
"DIEBOLD NIXDORF, Inc",8-K,Octavio Marquez,President,spacy,President
"DIEBOLD NIXDORF, Inc",8-K,James Barna,President,spacy,President
"DIEBOLD NIXDORF, Inc",8-K,Ilhami Cantadurucu,Vice President,spacy,Vice President
"DIEBOLD NIXDORF, Inc",8-K,Jonathan Myers,Vice President,spacy,Vice President
"DIEBOLD NIXDORF, Inc",8-K,Elizabeth Christine Radigan,Vice President,spacy,Vice President
"DIEBOLD NIXDORF, Inc",8-K,Frank Baur,Vice President,spacy,Vice President
"DIEBOLD NIXDORF, Inc",8-K,Elizabeth C. Radigan,Vice President,spacy,Vice President
"Hanover Bancorp, Inc. /NY",8-K,Lance P. Burke,Vice President,spacy,Vice President
BOISE CASCADE Co,8-K,Jill Twedt,Vice President,spacy,Vice President
RLI CORP,8-K,Craig Kliethermes,President,spacy,President
"Baldwin Insurance Group, Inc.",8-K,Daniel Galbraith,Director,spacy,Director
"Baldwin Insurance Group, Inc.",8-K,James Roche,Director,spacy,Director
FS KKR Capital Corp,8-K,Stephen Sypherd,General Counsel,spacy,General Counsel
RAYMOND JAMES FINANCIAL INC,8-K,Paul M. Shoukry,Chief Financial Officer,spacy,Chief Financial Officer
RAYMOND JAMES FINANCIAL INC,8-K,Paul Reilly,Ceo,spacy,Chief Executive Officer
"22nd Century Group, Inc.",8-K,Larry Firestone,Chairman,spacy,Chair
HEXCEL CORP /DE/,8-K,Patrick Winterlich,Chief Financial Officer,spacy,Chief Financial Officer
"Fortune Valley Treasures, Inc.",8-K,Ruben Louis,Director,spacy,Director
"Fortune Valley Treasures, Inc.",8-K,Chaoping Chen,Director,spacy,Director
KADANT INC,8-K,Jeffrey L. Powell,President,spacy,President
KADANT INC,8-K,C. Mecke,President,spacy,President
"Medalist Diversified REIT, Inc.",8-K,C. Brent Winn,Chief Financial Officer,spacy,Chief Financial Officer
PUBLIC SERVICE ENTERPRISE GROUP INC,8-K,Rose M. Chernick,Vice President,spacy,Vice President
PUBLIC SERVICE ENTERPRISE GROUP INC,8-K,Chan Marijke Shugrue,Director,spacy,Director
CATHAY GENERAL BANCORP,8-K,Chang M. Liu,President,spacy,President
"COLUMBIA BANKING SYSTEM, INC.",8-K,Clint Stein,Ceo,spacy,Chief Executive Officer
"COLUMBIA BANKING SYSTEM, INC.",8-K,Chris Merrywell,President,spacy,President
"COLUMBIA BANKING SYSTEM, INC.",8-K,Ron Farnsworth,Chief Financial Officer,spacy,Chief Financial Officer
SLM Corp,8-K,Peter M. Graham,Vice President,spacy,Vice President
First Internet Bancorp,8-K,Kenneth J. Lovik,Vice President,spacy,Vice President
"Live Oak Bancshares, Inc.",8-K,J. Wesley,Chief Accounting Officer,spacy,Chief Accounting Officer
"Live Oak Bancshares, Inc.",8-K,Walter J. Phifer,Cfo,spacy,Chief Financial Officer
EAGLE BANCORP INC,8-K,Susan G. Riel,President,spacy,President
Bridgewater Bancshares Inc,8-K,Jerry Baack,Chairman,spacy,Chair
Bridgewater Bancshares Inc,8-K,Justin Horstman,President,spacy,President
WEYERHAEUSER CO,8-K,Kristy T. Harlan,Vice President,spacy,Vice President
CACI INTERNATIONAL INC /DE/,8-K,J. William Koegel,Vice President,spacy,Vice President
CACI INTERNATIONAL INC /DE/,8-K,John Mengucci,President,spacy,President
CACI INTERNATIONAL INC /DE/,8-K,Tanya M. Skeen,Vice President,spacy,Vice President
EQUITY BANCSHARES INC,8-K,Chris M. Navratil,Vice President,spacy,Vice President
EQUITY BANCSHARES INC,8-K,Brad Elliott,Chairman,spacy,Chair
EQUITY BANCSHARES INC,8-K,Chris Navratil,Chairman,spacy,Chair
EQUITY BANCSHARES INC,8-K,John J. Hanley,Director,spacy,Director
EQUITY BANCSHARES INC,8-K,Ann Knutson,Chief Risk Officer,spacy,Chief Risk Officer
"Mativ Holdings, Inc.",8-K,Julie Schertell,President,spacy,President
"Mativ Holdings, Inc.",8-K,Andrew Downard,Chief Customer Officer,spacy,Chief Customer Officer
"Mativ Holdings, Inc.",8-K,Christoph Stenzel,President,spacy,President
"Mativ Holdings, Inc.",8-K,Ryan Elwart,President,spacy,President
"Mativ Holdings, Inc.",8-K,Chris Kuepper,Director,spacy,Director
"Akoustis Technologies, Inc.",8-K,Kenneth Boller,Chief Financial Officer,spacy,Chief Financial Officer
Bristow Group Inc.,8-K,Chris Bradshaw,President,spacy,President
Bristow Group Inc.,8-K,Jack P. Gilchrist,Unknown,spacy,Unknown
Bristow Group Inc.,8-K,Paul Keilty,Director,spacy,Director
Bristow Group Inc.,8-K,John Ngwaro,Director,spacy,Director
Bristow Group Inc.,8-K,Frances Herd,Director,spacy,Director
Bristow Group Inc.,8-K,Ayan Banerjee,Director,spacy,Director
"COHEN & STEERS, INC.",8-K,Joseph Harvey,Chief Executive Officer,spacy,Chief Executive Officer
"COHEN & STEERS, INC.",8-K,Matthew Stadler,Chief Executive Officer,spacy,Chief Executive Officer
"COHEN & STEERS, INC.",8-K,Jon Cheigh,Chief Executive Officer,spacy,Chief Executive Officer
"FIVE BELOW, INC",8-K,Karen Bowman,Director,spacy,Director
"FIVE BELOW, INC",8-K,Thomas Vellios,Cto,spacy,Chief Technology Officer
"FIVE BELOW, INC",8-K,Christiane Pelz,Vice President,spacy,Vice President
"FS Bancorp, Inc.",8-K,Joseph C. Adams,Chief Executive Officer,spacy,Chief Executive Officer
"FS Bancorp, Inc.",8-K,Matthew D. Mullet,Chief Executive Officer,spacy,Chief Executive Officer
"FS Bancorp, Inc.",8-K,Joe Adams,Ceo,spacy,Chief Executive Officer
"FS Bancorp, Inc.",8-K,Matthew Mullet,Cfo,spacy,Chief Financial Officer
"RCM TECHNOLOGIES, INC.",8-K,Michael Saks,Director,spacy,Director
"RCM TECHNOLOGIES, INC.",8-K,Kevin D. Miller,Chief Financial Officer,spacy,Chief Financial Officer
"MONRO, INC.",8-K,Mike Broderick,President,spacy,President
"MONRO, INC.",8-K,Felix Veksler,Director,spacy,Director
Franklin BSP Capital Corp,8-K,Richard Byrne,President,spacy,President
"Bright Mountain Media, Inc.",8-K,Pamela J. Parizek,Director,spacy,Director
"Bright Mountain Media, Inc.",8-K,Matt Drinkwater,Chief Executive Officer,spacy,Chief Executive Officer
NOVAGOLD RESOURCES INC,8-K,Ben Machlis,General Counsel,spacy,General Counsel
NOVAGOLD RESOURCES INC,8-K,Richard Williams,General Counsel,spacy,General Counsel
NOVAGOLD RESOURCES INC,8-K,David A. Ottewell,Vice President,spacy,Vice President
NOVAGOLD RESOURCES INC,8-K,Gregory A. Lang,President,spacy,President
Liberty Energy Inc.,8-K,Chris Wright,Chief Executive Officer,spacy,Chief Executive Officer
Liberty Energy Inc.,8-K,Ron Gusek,Chief Executive Officer,spacy,Chief Executive Officer
"SpringBig Holdings, Inc.",8-K,Jon Trauben,Chief Executive Officer,spacy,Chief Executive Officer
"SpringBig Holdings, Inc.",8-K,David Feldman,Chief Financial Officer,spacy,Chief Financial Officer
FIRST COMMUNITY CORP /SC/,8-K,Robin D. Brown,Vice President,spacy,Vice President
FIRST COMMUNITY CORP /SC/,8-K,Mike Crapps,President,spacy,President
FIRST COMMUNITY CORP /SC/,8-K,Ted Nissen,President,spacy,President
XAI Octagon Floating Rate & Alternative Income Trust,8-K,Gretchen Lam,Chief Executive Officer,spacy,Chief Executive Officer
XAI Octagon Floating Rate & Alternative Income Trust,8-K,Kimberly Flynn,Director,spacy,Director
XCEL ENERGY INC,8-K,Paul Johnson,Vice President,spacy,Vice President
XCEL ENERGY INC,8-K,Bob Frenzel,Chairman,spacy,Chair
"Laredo Oil, Inc.",8-K,Mark See,President,spacy,President
"Laredo Oil, Inc.",8-K,John M. Stafford,President,spacy,President
"Laredo Oil, Inc.",8-K,John M. Stafford Mark,President,spacy,President
"Laredo Oil, Inc.",8-K,Robert Adamo,President,spacy,President
"Laredo Oil, Inc.",8-K,Donald G. Yearin,President,spacy,President
"Laredo Oil, Inc.",8-K,Peter Gottstein,President,spacy,President
"Mill City Ventures III, Ltd",8-K,Lyle A. Berman,Director,spacy,Director
"Mill City Ventures III, Ltd",8-K,Joseph A. Geraci,Chief Financial Officer,spacy,Chief Financial Officer
SMITH MIDLAND CORP,8-K,Stephanie Poe,Chief Financial Officer,spacy,Chief Financial Officer
TRICO BANCSHARES /,8-K,Rick Smith,President,spacy,President
TRICO BANCSHARES /,8-K,Richard P. Smith,President,spacy,President
TRICO BANCSHARES /,8-K,Peter G. Wiese,Vice President,spacy,Vice President
TRICO BANCSHARES /,8-K,Peter Wiese,President,spacy,President
TRICO BANCSHARES /,8-K,Dan K. Bailey,President,spacy,President
TRICO BANCSHARES /,8-K,John Fleshood,Chief Financial Officer,spacy,Chief Financial Officer
TRICO BANCSHARES /,8-K,Greg Gehlmann,President,spacy,President
"STANLEY BLACK & DECKER, INC.",8-K,Donald Allan,President,spacy,President
"ALASKA AIR GROUP, INC.",8-K,Ben Minicucci,Ceo,spacy,Chief Executive Officer
"Aligos Therapeutics, Inc.",8-K,Lesley Ann,Vice President,spacy,Vice President
Welsbach Technology Metals Acquisition Corp.,8-K,Daniel Mamadou,Chief Executive Officer,spacy,Chief Executive Officer
MURPHY OIL CORP,8-K,Paul D. Vaughan,Vice President,spacy,Vice President
SOUTHWEST AIRLINES CO,8-K,Tammy Romo,Vice President,spacy,Vice President
SOUTHWEST AIRLINES CO,8-K,Clay Lacy,Unknown,spacy,Unknown
"BANC OF CALIFORNIA, INC.",8-K,Jared Wolff,President,spacy,President
"BANC OF CALIFORNIA, INC.",8-K,Joseph Kauder,Vice President,spacy,Vice President
"BANC OF CALIFORNIA, INC.",8-K,Hamid Hussain,President,spacy,President
"BANC OF CALIFORNIA, INC.",8-K,Bob Dyck,Chief Executive Officer,spacy,Chief Executive Officer
"BANC OF CALIFORNIA, INC.",8-K,John Sotoodeh,Chief Credit Officer,spacy,Chief Credit Officer
"BANC OF CALIFORNIA, INC.",8-K,Monica Sparks,Chief Operating Officer,spacy,Chief Operating Officer
"BANC OF CALIFORNIA, INC.",8-K,Raymond Rindone,Chief Accounting Officer,spacy,Chief Accounting Officer
"BANC OF CALIFORNIA, INC.",8-K,Joe Kauder,Cfo,spacy,Chief Financial Officer
"BANC OF CALIFORNIA, INC.",8-K,Bill Black,Unknown,spacy,Unknown
"BANC OF CALIFORNIA, INC.",8-K,Steve Schwimmer,Chief Innovation Officer,spacy,Chief Innovation Officer
"Vera Therapeutics, Inc.",8-K,Marshall Fordyce,Chief Executive Officer,spacy,Chief Executive Officer
"Vera Therapeutics, Inc.",8-K,Richard Lafayette,Director,spacy,Director
"Vera Therapeutics, Inc.",8-K,Robert Brenner,Chief Medical Officer,spacy,Chief Medical Officer
"Vera Therapeutics, Inc.",8-K,Lauren Frenz,Chief Business Officer,spacy,Chief Business Officer
"Vera Therapeutics, Inc.",8-K,Jonathan Barratt,Chief Medical Officer,spacy,Chief Medical Officer
"Vera Therapeutics, Inc.",8-K,John Walls,Ceo,spacy,Chief Executive Officer
Mobileye Global Inc.,8-K,Amnon Shashua,President,spacy,President
RPC INC,8-K,Michael L. Schmit,Vice President,spacy,Vice President
RPC INC,8-K,Ben M. Palmer,President,spacy,President
EAGLE MATERIALS INC,8-K,Michael Haack,President,spacy,President
EAGLE MATERIALS INC,8-K,D. Craig Kesler,Vice President,spacy,Vice President
EAGLE MATERIALS INC,8-K,Craig Kesler,Vice President,spacy,Vice President
EAGLE MATERIALS INC,8-K,Alex Haddock,President,spacy,President
CNX Resources Corp,8-K,Alan K. Shepard,Chief Financial Officer,spacy,Chief Financial Officer
CNX Resources Corp,8-K,Volumes Hedged,Cto,spacy,Chief Technology Officer
NORTHROP GRUMMAN CORP /DE/,8-K,Kathy Warden,Chief Executive Officer,spacy,Chief Executive Officer
NORTHROP GRUMMAN CORP /DE/,8-K,Lunar Gateway,Cto,spacy,Chief Technology Officer
Blackstone Inc.,8-K,Stephen A. Schwarzman,Chairman,spacy,Chair
"FIRST MID BANCSHARES, INC.",8-K,Joe Dively,Director,spacy,Director
"FIRST MID BANCSHARES, INC.",8-K,Tables Follow,Chief Financial Officer,spacy,Chief Financial Officer
First Foundation Inc.,8-K,Jamie Britton,Vice President,spacy,Vice President
American Airlines Group Inc.,8-K,Robert Isom,Ceo,spacy,Chief Executive Officer
LSI INDUSTRIES INC,8-K,James A. Clark,President,spacy,President
"Aileron Therapeutics, Inc.",8-K,Kirk A. Calhoun,President,spacy,President
"Aileron Therapeutics, Inc.",8-K,Lung Tx,Ceo,spacy,Chief Executive Officer
"Aileron Therapeutics, Inc.",8-K,Lung Tx Technology,Coo,spacy,Chief Operating Officer
"Aileron Therapeutics, Inc.",8-K,Lung Tx Trademarks,Coo,spacy,Chief Operating Officer
"Aileron Therapeutics, Inc.",8-K,Joint Patents,Unknown,spacy,Unknown
"Aileron Therapeutics, Inc.",8-K,Lung Tx Indemnitee,Director,spacy,Director
"Aileron Therapeutics, Inc.",8-K,Via Fortuna,Director,spacy,Director
"Aileron Therapeutics, Inc.",8-K,Terry Witter,Ceo,spacy,Chief Executive Officer
"Aileron Therapeutics, Inc.",8-K,Steven Idell,Ceo,spacy,Chief Executive Officer
"Aileron Therapeutics, Inc.",8-K,Sreerama Shetty,Ceo,spacy,Chief Executive Officer
"Aileron Therapeutics, Inc.",8-K,Les Nichols,Director,spacy,Director
"Aileron Therapeutics, Inc.",8-K,Michael Rusnak,Chief Executive Officer,spacy,Chief Executive Officer
"Aileron Therapeutics, Inc.",8-K,Dale Christensen,Chief Executive Officer,spacy,Chief Executive Officer
"Zentalis Pharmaceuticals, Inc.",8-K,Zentalis Appoints,Director,spacy,Director
"Zentalis Pharmaceuticals, Inc.",8-K,Diana Hausman,Cto,spacy,Chief Technology Officer
"Zentalis Pharmaceuticals, Inc.",8-K,Carrie Brownstein,Director,spacy,Director
"Zentalis Pharmaceuticals, Inc.",8-K,Melissa Epperly Melissa,Chief Financial Officer,spacy,Chief Financial Officer
"Zentalis Pharmaceuticals, Inc.",8-K,Kyle Rasbach,Director,spacy,Director
"Zentalis Pharmaceuticals, Inc.",8-K,Kimberly Blackwell,Chief Executive Officer,spacy,Chief Executive Officer
SHERWIN WILLIAMS CO,8-K,Heidi G. Petz,President,spacy,President
SHERWIN WILLIAMS CO,8-K,Jim Jaye,Vice President,spacy,Vice President
"MARSH & MCLENNAN COMPANIES, INC.",8-K,Oliver Wyman,Cto,spacy,Chief Technology Officer
WEST BANCORPORATION INC,8-K,David Nelson,President,spacy,President
WEST BANCORPORATION INC,8-K,Jane Funk,Vice President,spacy,Vice President
WEST BANCORPORATION INC,8-K,David D. Nelson,Director,spacy,Director
WEST BANCORPORATION INC,8-K,Brad L. Winterbottom,Vice President,spacy,Vice President
WEST BANCORPORATION INC,8-K,Todd A. Mather,Chief Credit Officer,spacy,Chief Credit Officer
WEST BANCORPORATION INC,8-K,Douglas Gulling,Cto,spacy,Chief Technology Officer
WEST BANCORPORATION INC,8-K,Patrick Donovan,Cto,spacy,Chief Technology Officer
WEST BANCORPORATION INC,8-K,Steven Gaer,Director,spacy,Director
WEST BANCORPORATION INC,8-K,Lisa Elming,Director,spacy,Director
WEST BANCORPORATION INC,8-K,George Milligan,Director,spacy,Director
WEST BANCORPORATION INC,8-K,Rosemary Parson,Cto,spacy,Chief Technology Officer
COMCAST CORP,8-K,Daniel C. Murdock,Vice President,spacy,Vice President
COMCAST CORP,8-K,Brian L. Roberts,Chairman,spacy,Chair
NETSCOUT SYSTEMS INC,8-K,Anil Singhal,President,spacy,President
Matador Resources Co,8-K,Susan M. Ward,Director,spacy,Director
NEXTERA ENERGY INC,8-K,John Ketchum,Chairman,spacy,Chair
UNION PACIFIC CORP,8-K,Jennifer L. Hamann,Vice President,spacy,Vice President
UNION PACIFIC CORP,8-K,Jim Vena,Chief Executive Officer,spacy,Chief Executive Officer
LANTRONIX INC,8-K,Christa Steele,Director,spacy,Director
LANTRONIX INC,8-K,Saleel Awsare,Director,spacy,Director
LANTRONIX INC,8-K,Lantronix Analyst,Chief Financial Officer,spacy,Chief Financial Officer
LAKELAND FINANCIAL CORP,8-K,Kristin L. Pruitt,President,spacy,President
LAKELAND FINANCIAL CORP,8-K,David M. Findlay,Chairman,spacy,Chair
"Woodward, Inc.",8-K,A. Christopher,Vice President,spacy,Vice President
"Woodward, Inc.",8-K,Chip Blankenship,Chairman,spacy,Chair
Agrify Corp,8-K,Raymond Chang,Cto,spacy,Chief Technology Officer
Agrify Corp,8-K,Frank A. Segall,General Counsel,spacy,General Counsel
Agrify Corp,8-K,Raymond Nobu Chang,Chief Executive Officer,spacy,Chief Executive Officer
"OCULAR THERAPEUTIX, INC",8-K,Donald Notman,Chief Financial Officer,spacy,Chief Financial Officer
"Kronos Bio, Inc.",8-K,Barbara Kosacz,Chief Operating Officer,spacy,Chief Operating Officer
"Kronos Bio, Inc.",8-K,Christopher Dinsmore,Chief Scientific Officer,spacy,Chief Scientific Officer
"Kronos Bio, Inc.",8-K,Norbert Bischofberger,President,spacy,President
VALERO ENERGY CORP/TX,8-K,Homer Bhullar,Vice President,spacy,Vice President
VALERO ENERGY CORP/TX,8-K,Lillian Riojas,Director,spacy,Director
INDEPENDENT BANK CORP /MI/,8-K,William B. Kessel,President,spacy,President
INDEPENDENT BANK CORP /MI/,8-K,Gavin A. Mohr,President,spacy,President
INDEPENDENT BANK CORP /MI/,8-K,Joel Rahn,President,spacy,President
INDEPENDENT BANK CORP /MI/,8-K,William B.,President,spacy,President
DARLING INGREDIENTS INC.,8-K,John F. Sterling,Vice President,spacy,Vice President
DARLING INGREDIENTS INC.,8-K,Jillian Fleming,Director,spacy,Director
CASS INFORMATION SYSTEMS INC,8-K,Martin Resch,President,spacy,President
CASS INFORMATION SYSTEMS INC,8-K,Robert A. Ebel,Director,spacy,Director
CASS INFORMATION SYSTEMS INC,8-K,Joseph D. Rupp,Vice President,spacy,Vice President
CASS INFORMATION SYSTEMS INC,8-K,Franklin D. Wicks,Cto,spacy,Chief Technology Officer
CASS INFORMATION SYSTEMS INC,8-K,Mark A. Campbell,Vice President,spacy,Vice President
CASS INFORMATION SYSTEMS INC,8-K,Jeanne M.,Vice President,spacy,Vice President
CASS INFORMATION SYSTEMS INC,8-K,Dwight D.,Vice President,spacy,Vice President
CASS INFORMATION SYSTEMS INC,8-K,Anthony G. Urban,Corporate Secretary,spacy,Corporate Secretary
CASS INFORMATION SYSTEMS INC,8-K,Ross M. Miller,Vice President,spacy,Vice President
CASS INFORMATION SYSTEMS INC,8-K,Sean M. Mullins,Vice President,spacy,Vice President
CASS INFORMATION SYSTEMS INC,8-K,Risk Todd J. Wills,Vice President,spacy,Vice President
Village Bank & Trust Financial Corp.,8-K,Jay Hendricks,President,spacy,President
Village Bank & Trust Financial Corp.,8-K,Donald M. Kaloski,Vice President,spacy,Vice President
"Carter Bankshares, Inc.",8-K,Van Dyke,Chief Executive Officer,spacy,Chief Executive Officer
"Carter Bankshares, Inc.",8-K,Litz Van Dyke,Chief Executive Officer,spacy,Chief Executive Officer
"Carter Bankshares, Inc.",8-K,Litz H. Van Dyke,Chief Executive Officer,spacy,Chief Executive Officer
"Carter Bankshares, Inc.",8-K,James C. Justice,Director,spacy,Director
"Carter Bankshares, Inc.",8-K,Cathy Justice,Director,spacy,Director
"Carter Bankshares, Inc.",8-K,Wendy Bell,Vice President,spacy,Vice President
Kearny Financial Corp.,8-K,Craig L. Montanaro,President,spacy,President
Kearny Financial Corp.,8-K,L. Montanaro,Cto,spacy,Chief Technology Officer
Zeo Energy Corp.,8-K,Tim Bridgewater,Ceo,spacy,Chief Executive Officer
Zeo Energy Corp.,8-K,Andrejka Bernatova,Ceo,spacy,Chief Executive Officer
Zeo Energy Corp.,8-K,Nader Daylami,Cfo,spacy,Chief Financial Officer
"SS Innovations International, Inc.",8-K,Innovations Founder,Chairman,spacy,Chair
"SS Innovations International, Inc.",8-K,Sudhir Srivastava,Chairman,spacy,Chair
"SS Innovations International, Inc.",8-K,Milind Deshpande,Vice President,spacy,Vice President
OSI SYSTEMS INC,8-K,Alan Edrick,Vice President,spacy,Vice President
"Lumen Technologies, Inc.",8-K,Kate Johnson,President,spacy,President
"CULLEN/FROST BANKERS, INC.",8-K,Phil Green,Chairman,spacy,Chair
CHOICEONE FINANCIAL SERVICES INC,8-K,Kelly Potes,Chief Executive Officer,spacy,Chief Executive Officer
APPLIED INDUSTRIAL TECHNOLOGIES INC,8-K,Neil A. Schrimsher,President,spacy,President
VALLEY NATIONAL BANCORP,8-K,Tina Zarkadas,Vice President,spacy,Vice President
"JOHN WILEY & SONS, INC.",8-K,Christina Van Tassell,Vice President,spacy,Vice President
"JOHN WILEY & SONS, INC.",8-K,Matthew Kissner,President,spacy,President
"JOHN WILEY & SONS, INC.",8-K,Brian Campbell,President,spacy,President
"JOHN WILEY & SONS, INC.",8-K,Jay Flynn,President,spacy,President
"JOHN WILEY & SONS, INC.",8-K,Matthew Kissner Interim,President,spacy,President
"JOHN WILEY & SONS, INC.",8-K,Josh Jarrett,Cto,spacy,Chief Technology Officer
"JOHN WILEY & SONS, INC.",8-K,Andrew Weber,Cto,spacy,Chief Technology Officer
"JOHN WILEY & SONS, INC.",8-K,Mari Baker,General Counsel,spacy,General Counsel
"JOHN WILEY & SONS, INC.",8-K,Beth Birnbaum,President,spacy,President
"JOHN WILEY & SONS, INC.",8-K,George Bell,Chairman,spacy,Chair
"JOHN WILEY & SONS, INC.",8-K,David Dobson,Coo,spacy,Chief Operating Officer
"JOHN WILEY & SONS, INC.",8-K,Brian Hemphill,Cfo,spacy,Chief Financial Officer
"JOHN WILEY & SONS, INC.",8-K,William Pesce,Ceo,spacy,Chief Executive Officer
OLD REPUBLIC INTERNATIONAL CORP,8-K,Frank J. Sodaro,Vice President,spacy,Vice President
OLD REPUBLIC INTERNATIONAL CORP,8-K,Joe Calabrese,President,spacy,President
CPI Card Group Inc.,8-K,John Lowe,Director,spacy,Director
CPI Card Group Inc.,8-K,Secure Card,Vice President,spacy,Vice President
CPI Card Group Inc.,8-K,H. Sandford Riley,Director,spacy,Director
"SOUTHERN MISSOURI BANCORP, INC.",8-K,Matthew T. Funke,President,spacy,President
BERKSHIRE HILLS BANCORP INC,8-K,Nitin Mhatre,Ceo,spacy,Chief Executive Officer
BERKSHIRE HILLS BANCORP INC,8-K,David Rosato,Cfo,spacy,Chief Financial Officer
Bogota Financial Corp.,8-K,Kevin Pace,President,spacy,President
First Northwest Bancorp,8-K,Matthew P. Deines,President,spacy,President
First Northwest Bancorp,8-K,Geri Bullard,President,spacy,President
FIDELITY D & D BANCORP INC,8-K,Daniel J. Santaniello,President,spacy,President
SL GREEN REALTY CORP,8-K,Marc Holliday,Chairman,spacy,Chair
WARPSPEED TAXI INC.,8-K,Daniel Okelo,President,spacy,President
WARPSPEED TAXI INC.,8-K,Jack Shama,Director,spacy,Director
SENTIENT BRANDS HOLDINGS INC.,8-K,Dante Jones,Chief Executive Officer,spacy,Chief Executive Officer
SENTIENT BRANDS HOLDINGS INC.,8-K,George Furlan,Chief Operating Officer,spacy,Chief Operating Officer
ASSOCIATED BANC-CORP,8-K,Jennifer Kaminski,Vice President,spacy,Vice President
ASSOCIATED BANC-CORP,8-K,Andy Harmening,President,spacy,President
ASSOCIATED BANC-CORP,8-K,Neil Riegelman,Director,spacy,Director
ASSOCIATED BANC-CORP,8-K,Terry Williams,Chief Information Officer,spacy,Chief Information Officer
ASSOCIATED BANC-CORP,8-K,Steven Moss,Cto,spacy,Chief Technology Officer
BayFirst Financial Corp.,8-K,Thomas G. Zernick,Chief Executive Officer,spacy,Chief Executive Officer
BayFirst Financial Corp.,8-K,Robin Oliver,President,spacy,President
PROSPECT CAPITAL CORP,8-K,M. Grier,Chief Operating Officer,spacy,Chief Operating Officer
"Northfield Bancorp, Inc.",8-K,Rachana Kulkarni,Director,spacy,Director
"Northfield Bancorp, Inc.",8-K,Steven M. Klein,Chairman,spacy,Chair
CREDIT ACCEPTANCE CORP,8-K,Doug Busk,Chief Treasury Officer,spacy,Chief Treasury Officer
CREDIT ACCEPTANCE CORP,8-K,Ken Booth,Chief Treasury Officer,spacy,Chief Treasury Officer
CREDIT ACCEPTANCE CORP,8-K,Jay D. Martin,Director,spacy,Director
CREDIT ACCEPTANCE CORP,8-K,Jay Martin,Chief Financial Officer,spacy,Chief Financial Officer
SEACOAST BANKING CORP OF FLORIDA,8-K,Tracey L. Dexter,Chief Financial Officer,spacy,Chief Financial Officer
SEACOAST BANKING CORP OF FLORIDA,8-K,Michael Young,Chief Financial Officer,spacy,Chief Financial Officer
RED ROBIN GOURMET BURGERS INC,8-K,Arnell Brenden,Chief Accounting Officer,spacy,Chief Accounting Officer
RED ROBIN GOURMET BURGERS INC,8-K,Todd Wilson,Chief Financial Officer,spacy,Chief Financial Officer
Savara Inc,8-K,Rob Lutz,Chief Medical Officer,spacy,Chief Medical Officer
Savara Inc,8-K,Dave Lowrance,Unknown,spacy,Unknown
SouthState Corp,8-K,Will Matthews,Cfo,spacy,Chief Financial Officer
LEVI STRAUSS & CO,8-K,Chip Bergh,President,spacy,President
LEVI STRAUSS & CO,8-K,Michelle Gass,President,spacy,President
FINANCIAL INSTITUTIONS INC,8-K,Martin K. Birmingham,President,spacy,President
FINANCIAL INSTITUTIONS INC,8-K,Kate Croft,Director,spacy,Director
"PTC THERAPEUTICS, INC.",8-K,Duchenne Muscular Dystrophy,Chief Executive Officer,spacy,Chief Executive Officer
"PTC THERAPEUTICS, INC.",8-K,Matthew B. Klein,Chief Executive Officer,spacy,Chief Executive Officer
WEX Inc.,8-K,Carlos Carriedo,Chief Financial Officer,spacy,Chief Financial Officer
WEX Inc.,8-K,Rosa Perez,Director,spacy,Director
WEX Inc.,8-K,Hilary Rapkin,Director,spacy,Director
WEX Inc.,8-K,Timothy Hampton,Treasurer,spacy,Treasurer
WEX Inc.,8-K,Certain Representations,Cto,spacy,Chief Technology Officer
Grocery Outlet Holding Corp.,8-K,Robert J. Sheedy,Vice President,spacy,Vice President
KLA CORP,8-K,Rick Wallace,President,spacy,President
KLA CORP,8-K,Kevin Kessel,Vice President,spacy,Vice President
"MUSTANG BIO, INC.",8-K,James Murphy,Chief Financial Officer,spacy,Chief Financial Officer
"MUSTANG BIO, INC.",8-K,Manuel Litchman,President,spacy,President
MARTEN TRANSPORT LTD,8-K,Tim Kohl,Chief Executive Officer,spacy,Chief Executive Officer
MARTEN TRANSPORT LTD,8-K,Doug Petit,Chief Executive Officer,spacy,Chief Executive Officer
MARTEN TRANSPORT LTD,8-K,James J. Hinnendael,Vice President,spacy,Vice President
MARTEN TRANSPORT LTD,8-K,Jim Hinnendael,Chief Executive Officer,spacy,Chief Executive Officer
INTEL CORP,8-K,Pat Gelsinger,Ceo,spacy,Chief Executive Officer
INTEL CORP,8-K,Stuart Pann,Ceo,spacy,Chief Executive Officer
MYR GROUP INC.,8-K,Kelly Huntington,Chief Financial Officer,spacy,Chief Financial Officer
MYR GROUP INC.,8-K,Brian K. Stern,Director,spacy,Director
MYR GROUP INC.,8-K,Rick Swartz,President,spacy,President
MYR GROUP INC.,8-K,Brian Stern,Chief Operating Officer,spacy,Chief Operating Officer
MYR GROUP INC.,8-K,David Gutierrez,Chief Financial Officer,spacy,Chief Financial Officer
"Columbia Financial, Inc.",8-K,J. Kemly,President,spacy,President
"Bancorp, Inc.",8-K,Damian Kozlowski,Ceo,spacy,Chief Executive Officer
SITIME Corp,8-K,Elizabeth Howe,Vice President,spacy,Vice President
WSFS FINANCIAL CORP,8-K,Arthur J. Bacci,Vice President,spacy,Vice President
WESTERN DIGITAL CORP,8-K,Cynthia Tregillis Cynthia,Vice President,spacy,Vice President
WESTERN DIGITAL CORP,8-K,David Goeckeler,Ceo,spacy,Chief Executive Officer
"CVRx, Inc.",8-K,Nadim Yared,President,spacy,President
"CVRx, Inc.",8-K,Jared Oasheim,Chief Financial Officer,spacy,Chief Financial Officer
WESTERN ALLIANCE BANCORPORATION,8-K,Kenneth A. Vecchione,President,spacy,President
"Easterly Government Properties, Inc.",8-K,Franklin V. Logan,Vice President,spacy,Vice President
"Magyar Bancorp, Inc.",8-K,John Fitzgerald,President,spacy,President
"STAR EQUITY HOLDINGS, INC.",8-K,Julianne C. Ray,General Counsel,spacy,General Counsel
"STAR EQUITY HOLDINGS, INC.",8-K,David Noble,President,spacy,President
"STAR EQUITY HOLDINGS, INC.",8-K,Derek Dummermuth,President,spacy,President
PCB BANCORP,8-K,Henry Kim,President,spacy,President
BCB BANCORP INC,8-K,Jawad Chaudhry,Vice President,spacy,Vice President
BCB BANCORP INC,8-K,Michael A. Shriner,President,spacy,President
"Barings BDC, Inc.",8-K,Elizabeth A. Murray,Chief Financial Officer,spacy,Chief Financial Officer
FAIR ISAAC CORP,8-K,Will Lansing,Chief Executive Officer,spacy,Chief Executive Officer
CHEMUNG FINANCIAL CORP,8-K,Anders M. Tomson,President,spacy,President
"PROG Holdings, Inc.",8-K,Steve Michaels,President,spacy,President
"PROG Holdings, Inc.",8-K,Brian Garner,Chief Financial Officer,spacy,Chief Financial Officer
Freedom Holding Corp.,8-K,Timur Turlov,Ceo,spacy,Chief Executive Officer
SCHOLASTIC CORP,8-K,Peter Warwick,Chief Executive Officer,spacy,Chief Executive Officer
SCHOLASTIC CORP,8-K,Cristina Juvier,Chief Executive Officer,spacy,Chief Executive Officer
SCHOLASTIC CORP,8-K,Juvier Cristina,Chief Executive Officer,spacy,Chief Executive Officer
APPFOLIO INC,8-K,Shane Trigg,President,spacy,President
Ameris Bancorp,8-K,Jun Mar,Unknown,spacy,Unknown
OP Bancorp,8-K,Min Kim,President,spacy,President
UNITED SECURITY BANCSHARES,8-K,David A. Kinross,Vice President,spacy,Vice President
Hilltop Holdings Inc.,8-K,Jeremy B. Ford,President,spacy,President
Hilltop Holdings Inc.,8-K,B. Ford,President,spacy,President
Hilltop Holdings Inc.,8-K,William B. Furr,President,spacy,President
"PetVivo Holdings, Inc.",8-K,Robert J. Folkes,Cto,spacy,Chief Technology Officer
CENTERSPACE,8-K,Josh Klaetsch,Director,spacy,Director
CENTERSPACE,8-K,Ola Oyinsan Hixon,Unknown,spacy,Unknown
CENTERSPACE,8-K,Anne Olson,President,spacy,President
"SALEM MEDIA GROUP, INC. /DE/",8-K,Evan Masyr,Cfo,spacy,Chief Financial Officer
RED RIVER BANCSHARES INC,8-K,Blake Chatelain,Director,spacy,Director
RED RIVER BANCSHARES INC,8-K,Michael J. Brown,Director,spacy,Director
"Rhinebeck Bancorp, Inc.",8-K,Michael J. Quinn,President,spacy,President
META MATERIALS INC.,8-K,Uzi Sasson,Director,spacy,Director
"GLACIER BANCORP, INC.",8-K,Randy Chesler,President,spacy,President
"GLACIER BANCORP, INC.",8-K,Randall M. Chesler,President,spacy,President
"SANUWAVE Health, Inc.",8-K,Solicitations Sanuwave,Director,spacy,Director
"SANUWAVE Health, Inc.",8-K,Debra Abramovitz,Director,spacy,Director
"FEDERATED HERMES, INC.",8-K,J. Christopher Donahue,President,spacy,President
"Midland States Bancorp, Inc.",8-K,Jeffrey G. Ludwig,President,spacy,President
"Midland States Bancorp, Inc.",8-K,Eric T. Lemke,Chief Financial Officer,spacy,Chief Financial Officer
"Midland States Bancorp, Inc.",8-K,Eric T.,Chief Financial Officer,spacy,Chief Financial Officer
"Midland States Bancorp, Inc.",8-K,T. Lemke,President,spacy,President
"Midland States Bancorp, Inc.",8-K,J. Tucker,President,spacy,President
"Core & Main, Inc.",8-K,Mark G. Whittenburg,General Counsel,spacy,General Counsel
"Core & Main, Inc.",8-K,Paul M. Rodel,General Counsel,spacy,General Counsel
Arthur J. Gallagher & Co.,8-K,Douglas K. Howell,Vice President,spacy,Vice President
Arthur J. Gallagher & Co.,8-K,Ray Iardella,Vice President,spacy,Vice President
PEAPACK GLADSTONE FINANCIAL CORP,8-K,Douglas L. Kennedy,President,spacy,President
PEAPACK GLADSTONE FINANCIAL CORP,8-K,Frank A. Cavallaro,President,spacy,President
PEAPACK GLADSTONE FINANCIAL CORP,8-K,Matthew P. Remo,President,spacy,President
"Third Coast Bancshares, Inc.",8-K,Bart Caraway,Chairman,spacy,Chair
PEOPLES FINANCIAL SERVICES CORP.,8-K,Marie L. Luciani,Unknown,spacy,Unknown
Jazz Pharmaceuticals plc,8-K,Jazz Lux,Cto,spacy,Chief Technology Officer
Jazz Pharmaceuticals plc,8-K,Joint Bookrunner,Cto,spacy,Chief Technology Officer
Adamas One Corp.,8-K,John G. Grdina,President,spacy,President
AVALON HOLDINGS CORP,8-K,Michael J. Havalo,Chief Financial Officer,spacy,Chief Financial Officer
NextDecade Corp.,8-K,Timothy Wyatt,Director,spacy,Director
"Customers Bancorp, Inc.",8-K,Jay Sidhu,Chairman,spacy,Chair
"Customers Bancorp, Inc.",8-K,Sam Sidhu,President,spacy,President
"Customers Bancorp, Inc.",8-K,David Patti,Director,spacy,Director
"BYLINE BANCORP, INC.",8-K,Alberto J. Paracchini,President,spacy,President
"TruGolf Holdings, Inc.",8-K,Christopher Jones,Director,spacy,Director
ICAD INC,8-K,Michael John Doyle,Director,spacy,Director
ICAD INC,8-K,Dana Brown,Chief Executive Officer,spacy,Chief Executive Officer
Investar Holding Corp,8-K,John Campbell,Vice President,spacy,Vice President
"TriSalus Life Sciences, Inc.",8-K,Sean Murphy,Director,spacy,Director
"TriSalus Life Sciences, Inc.",8-K,Mary Szela,Chief Executive Officer,spacy,Chief Executive Officer
"BLUE RIDGE BANKSHARES, INC.",8-K,Hunter H. Bost,Director,spacy,Director
"BLUE RIDGE BANKSHARES, INC.",8-K,Elizabeth H. Crowther,Director,spacy,Director
"BLUE RIDGE BANKSHARES, INC.",8-K,Larry Dees,Director,spacy,Director
"BLUE RIDGE BANKSHARES, INC.",8-K,Judy C. Gavant,Vice President,spacy,Vice President
"BLUE RIDGE BANKSHARES, INC.",8-K,Andrew C. Holzwarth,Director,spacy,Director
"BLUE RIDGE BANKSHARES, INC.",8-K,Otis Jones,Director,spacy,Director
"BLUE RIDGE BANKSHARES, INC.",8-K,Julien B. Patterson,Director,spacy,Director
"BLUE RIDGE BANKSHARES, INC.",8-K,Vance Spilman,Director,spacy,Director
"BLUE RIDGE BANKSHARES, INC.",8-K,Carolyn J. Woodruff,Cto,spacy,Chief Technology Officer
"BLUE RIDGE BANKSHARES, INC.",8-K,G. William Beale,Director,spacy,Director
"BLUE RIDGE BANKSHARES, INC.",8-K,Mensel D. Dean,Director,spacy,Director
"BLUE RIDGE BANKSHARES, INC.",8-K,Richard A. Farmar,Cto,spacy,Chief Technology Officer
iQSTEL Inc,8-K,Leandro Jose,Director,spacy,Director
iQSTEL Inc,8-K,Leandro Iglesias,Ceo,spacy,Chief Executive Officer
PRESSURE BIOSCIENCES INC,8-K,Richard T. Schumacher,President,spacy,President
PRESSURE BIOSCIENCES INC,8-K,Bruno Schiavi,President,spacy,President
Aspira Women's Health Inc.,8-K,Torsten Hombeck,Chief Financial Officer,spacy,Chief Financial Officer
Aspira Women's Health Inc.,8-K,Hoang Merchant,President,spacy,President
Aspira Women's Health Inc.,8-K,Josh Seidenfeld,Coo,spacy,Chief Operating Officer
Aspira Women's Health Inc.,8-K,Josh Seidenfeld Josh,Coo,spacy,Chief Operating Officer
"TEMPUR SEALY INTERNATIONAL, INC.",8-K,Kindra Bellis,Chairman,spacy,Chair
"TEMPUR SEALY INTERNATIONAL, INC.",8-K,Jonathan Hirst,Ceo,spacy,Chief Executive Officer
FLUSHING FINANCIAL CORP,8-K,Al Savastano,Cfo,spacy,Chief Financial Officer
"Richmond Mutual Bancorporation, Inc.",8-K,Garry D. Kleer,Chairman,spacy,Chair
"IOVANCE BIOTHERAPEUTICS, INC.",8-K,Frederick G. Vogt,Ceo,spacy,Chief Executive Officer
HERITAGE COMMERCE CORP,8-K,Clay Jones,President,spacy,President
Primis Financial Corp.,8-K,Matthew A. Switzer,Chief Financial Officer,spacy,Chief Financial Officer
Primis Financial Corp.,8-K,Dennis J. Zember,President,spacy,President
Primis Financial Corp.,8-K,Tyler Stafford,Ceo,spacy,Chief Executive Officer
AUTOLIV INC,8-K,Mikael Bratt,President,spacy,President
"BankUnited, Inc.",8-K,Rajinder P. Singh,Chairman,spacy,Chair
"BankUnited, Inc.",8-K,Rajinder Singh,Chairman,spacy,Chair
Booz Allen Hamilton Holding Corp,8-K,Matthew A. Calderone,Vice President,spacy,Vice President
Horizon Space Acquisition I Corp.,8-K,Shenzhen Squirrel Enlivened,Cto,spacy,Chief Technology Officer
"Stellar Bancorp, Inc.",8-K,Paul P. Egge,Chief Financial Officer,spacy,Chief Financial Officer
"Dime Community Bancshares, Inc. /NY/",8-K,Avinash Reddy,Vice President,spacy,Vice President
"Aprea Therapeutics, Inc.",8-K,Oren Gilad,President,spacy,President
MIDDLEFIELD BANC CORP,8-K,Michael Ranttila,Chief Financial Officer,spacy,Chief Financial Officer
MIDDLEFIELD BANC CORP,8-K,Ronald L. Zimmerly,President,spacy,President
MIDDLEFIELD BANC CORP,8-K,Andrew M. Berger,President,spacy,President
"Corbus Pharmaceuticals Holdings, Inc.",8-K,Sean Moran,Chief Financial Officer,spacy,Chief Financial Officer
"Corbus Pharmaceuticals Holdings, Inc.",8-K,Rachael Brake,Chief Financial Officer,spacy,Chief Financial Officer
"Corbus Pharmaceuticals Holdings, Inc.",8-K,Alan Holmer Ret,Director,spacy,Director
"Corbus Pharmaceuticals Holdings, Inc.",8-K,John K. Jenkins,Ceo,spacy,Chief Executive Officer
"Corbus Pharmaceuticals Holdings, Inc.",8-K,Pete Salzmann,Director,spacy,Director
"Corbus Pharmaceuticals Holdings, Inc.",8-K,Anne Altmeyer,Director,spacy,Director
Aptose Biosciences Inc.,8-K,William G. Rice,Chairman,spacy,Chair
GENTEX CORP,8-K,Steve Downing,President,spacy,President
COLGATE PALMOLIVE CO,8-K,Noel Wallace,Chairman,spacy,Chair
UNITED BANKSHARES INC/WV,8-K,Richard M. Adams,Chief Executive Officer,spacy,Chief Executive Officer
"FIRST HAWAIIAN, INC.",8-K,Bob Harrison,Chairman,spacy,Chair
NORFOLK SOUTHERN CORP,8-K,Alan H. Shaw,President,spacy,President
OPPENHEIMER HOLDINGS INC,8-K,Albert G. Lowenthal,Chairman,spacy,Chair
Burke & Herbert Financial Services Corp.,8-K,David P. Boyle,President,spacy,President
"eHealth, Inc.",8-K,Fran Soistman,Chief Executive Officer,spacy,Chief Executive Officer
"eHealth, Inc.",8-K,John Stelben,Chief Financial Officer,spacy,Chief Financial Officer
"eHealth, Inc.",8-K,Kate Sidorovich,Vice President,spacy,Vice President
"SPORTSMAN'S WAREHOUSE HOLDINGS, INC.",8-K,Jon Kogut,Director,spacy,Director
"SPORTSMAN'S WAREHOUSE HOLDINGS, INC.",8-K,Jeff White,Chief Financial Officer,spacy,Chief Financial Officer
BADGER METER INC,8-K,Kenneth C. Bockhorst,Chairman,spacy,Chair
BADGER METER INC,8-K,Badger Meter,Cto,spacy,Chief Technology Officer
FOSTER L B CO,8-K,Alexander B. Jones,Coo,spacy,Chief Operating Officer
FOSTER L B CO,8-K,Patrick J. Guinee,Vice President,spacy,Vice President
FOSTER L B CO,8-K,L. B. Foster,Vice President,spacy,Vice President
FOSTER L B CO,8-K,Nominate Alexander B. Jones,Director,spacy,Director
FOSTER L B CO,8-K,Raymond T. Betler,Cto,spacy,Chief Technology Officer
FOSTER L B CO,8-K,B. Jones,Vice President,spacy,Vice President
JUNIATA VALLEY FINANCIAL CORP,8-K,Marcie A. Barber,President,spacy,President
TOMPKINS FINANCIAL CORP,8-K,Matthew Tomazin,President,spacy,President
TOMPKINS FINANCIAL CORP,8-K,Stephen Romaine,President,spacy,President
NORTHRIM BANCORP INC,8-K,Joe Schierhorn,President,spacy,President
NORTHRIM BANCORP INC,8-K,Jed Ballard,Chief Financial Officer,spacy,Chief Financial Officer
MOOG INC.,8-K,Pat Roche,Ceo,spacy,Chief Executive Officer
MOOG INC.,8-K,Jennifer Walter,Cfo,spacy,Chief Financial Officer
"Eastside Distilling, Inc.",8-K,Geoffrey Gwin Geoffrey,Chief Executive Officer,spacy,Chief Executive Officer
"Provident Bancorp, Inc. /MD/",8-K,Joseph B. Reilly,President,spacy,President
"Provident Bancorp, Inc. /MD/",8-K,Joe Reilly,Chief Executive Officer,spacy,Chief Executive Officer
"Provident Bancorp, Inc. /MD/",8-K,Joseph Reilly,President,spacy,President
PROVIDENT FINANCIAL SERVICES INC,8-K,Anthony J. Labozzetta,President,spacy,President
PROVIDENT FINANCIAL HOLDINGS INC,8-K,Donavon P. Ternes,President,spacy,President
PROVIDENT FINANCIAL HOLDINGS INC,8-K,Tam B. Nguyen,President,spacy,President
BankFinancial CORP,8-K,F. Morgan Gasior,Chairman,spacy,Chair
BankFinancial CORP,8-K,Elizabeth A. Doolan,Vice President,spacy,Vice President
BankFinancial CORP,8-K,Gregg T. Adams,Vice President,spacy,Vice President
Golden Minerals Co,8-K,Julie Z. Weedman,Vice President,spacy,Vice President
OptimizeRx Corp,8-K,Gus Halas,Director,spacy,Director
OptimizeRx Corp,8-K,Will Febbo,Ceo,spacy,Chief Executive Officer
OptimizeRx Corp,8-K,Vos Lynn Vos,Ceo,spacy,Chief Executive Officer
OptimizeRx Corp,8-K,Catherine M. Klema,Director,spacy,Director
OptimizeRx Corp,8-K,Cathy Klema,Director,spacy,Director
AmBase Corp,8-K,John Ferrara,Vice President,spacy,Vice President
"Worthington Steel, Inc.",8-K,Joseph Y. Heuer,General Counsel,spacy,General Counsel
"Archrock, Inc.",8-K,D. Bradley Childers,President,spacy,President
ACUITY BRANDS INC,8-K,Neil M. Ashe,Director,spacy,Director
ACUITY BRANDS INC,8-K,Marcia J. Avedon,Director,spacy,Director
"Fortress Biotech, Inc.",8-K,Eric Rowinsky,Director,spacy,Director
"Fortress Biotech, Inc.",8-K,Lindsay A. Rosenwald,Chairman,spacy,Chair
ADOBE INC.,8-K,Daniel Durn,Chief Executive Officer,spacy,Chief Executive Officer
ADOBE INC.,8-K,David Wadhwani,Vice President,spacy,Vice President
ADOBE INC.,8-K,Alto Networks,Cto,spacy,Chief Technology Officer
"Kura Oncology, Inc.",8-K,Charles Bair,Coo,spacy,Chief Operating Officer
"Kura Oncology, Inc.",8-K,Troy Wilson,President,spacy,President
"Kura Oncology, Inc.",8-K,Montgomery St,President,spacy,President
"Kura Oncology, Inc.",8-K,Lexington Ave,Vice President,spacy,Vice President
"Kura Oncology, Inc.",8-K,Pete De Spain,Vice President,spacy,Vice President
"Kura Oncology, Inc.",8-K,Alexandra Weingarten Associate,Vice President,spacy,Vice President
PSYCHEMEDICS CORP,8-K,Brian Hullinger,Chief Executive Officer,spacy,Chief Executive Officer
Shake Shack Inc.,8-K,Randall Garutti,Chief Executive Officer,spacy,Chief Executive Officer
Shake Shack Inc.,8-K,Ronald Palmese,Chief Legal Officer,spacy,Chief Legal Officer
"Soluna Holdings, Inc",8-K,David Michaels,Chief Financial Officer,spacy,Chief Financial Officer
Q32 Bio Inc.,8-K,Paul G. Alloway,President,spacy,President
Q32 Bio Inc.,8-K,Morrison Lee Kalowski,Ceo,spacy,Chief Executive Officer
Q32 Bio Inc.,8-K,Shelia Violette,Ceo,spacy,Chief Executive Officer
Q32 Bio Inc.,8-K,Maria Marzilli,Ceo,spacy,Chief Executive Officer
Q32 Bio Inc.,8-K,Saul Fink,Ceo,spacy,Chief Executive Officer
Q32 Bio Inc.,8-K,David Grayzel,Ceo,spacy,Chief Executive Officer
Q32 Bio Inc.,8-K,Michael Holers,Cto,spacy,Chief Technology Officer
Q32 Bio Inc.,8-K,Isaac Manke,Chairman,spacy,Chair
Q32 Bio Inc.,8-K,Jodie Morrison,Chairman,spacy,Chair
Q32 Bio Inc.,8-K,Bill Lundberg,Chairman,spacy,Chair
Q32 Bio Inc.,8-K,Simon Read,Chairman,spacy,Chair
Q32 Bio Inc.,8-K,Peter Merkel,Chairman,spacy,Chair
Q32 Bio Inc.,8-K,Start Tx,Cto,spacy,Chief Technology Officer
United Parks & Resorts Inc.,8-K,G. Anthony,Chief Legal Officer,spacy,Chief Legal Officer
Edible Garden AG Inc,8-K,Michael James,Director,spacy,Director
Edible Garden AG Inc,8-K,Kostas Dafoulas,Chief Financial Officer,spacy,Chief Financial Officer
Edible Garden AG Inc,8-K,Lomb Place,Unknown,spacy,Unknown
Edible Garden AG Inc,8-K,Michael C. James,President,spacy,President
Edible Garden AG Inc,8-K,Michael C. James Edible,President,spacy,President
Local Bounti Corporation/DE,8-K,Erik Haugen,Chief Financial Officer,spacy,Chief Financial Officer
"Air Products & Chemicals, Inc.",8-K,Matthew H. Paull,Unknown,spacy,Unknown
"Air Products & Chemicals, Inc.",8-K,Wayne T. Smith,Unknown,spacy,Unknown
"Air Products & Chemicals, Inc.",8-K,Sean D. Major,Vice President,spacy,Vice President
"Palomar Holdings, Inc.",8-K,Michelle Johnson,Director,spacy,Director
"Palomar Holdings, Inc.",8-K,T. Christopher Uchida,Chief Financial Officer,spacy,Chief Financial Officer
"Palomar Holdings, Inc.",8-K,T. Christopher,Chief Financial Officer,spacy,Chief Financial Officer
"Inspire Medical Systems, Inc.",8-K,Tim Herbert,President,spacy,President
"Inspire Medical Systems, Inc.",8-K,Jerry C. Griffin,Director,spacy,Director
"Inspire Medical Systems, Inc.",8-K,Bryan K. Phillips,Vice President,spacy,Vice President
"Inspire Medical Systems, Inc.",8-K,Bryan K. Phillips Sr,Vice President,spacy,Vice President
"Inspire Medical Systems, Inc.",8-K,Myriam J. Curet,Director,spacy,Director
MASS MEGAWATTS WIND POWER INC,8-K,Departure Effective,Director,spacy,Director
MASS MEGAWATTS WIND POWER INC,8-K,Deborah Kasputis,Cto,spacy,Chief Technology Officer
MASS MEGAWATTS WIND POWER INC,8-K,Mass Megawatts,Director,spacy,Director
MASS MEGAWATTS WIND POWER INC,8-K,Jonathan Ricker,Chief Executive Officer,spacy,Chief Executive Officer
COMSovereign Holding Corp.,8-K,David Knight,Chief Executive Officer,spacy,Chief Executive Officer
SES AI Corp,8-K,Rohit Makharia,President,spacy,President
SES AI Corp,8-K,Jing Nealis,Chief Financial Officer,spacy,Chief Financial Officer
"Tivic Health Systems, Inc.",8-K,Ryan Sabia,Director,spacy,Director
FARMER BROTHERS CO,8-K,David A. Pace,Director,spacy,Director
FARMER BROTHERS CO,8-K,Waheed Zaman,Director,spacy,Director
"HCI Group, Inc.",8-K,Paresh Patel,Chairman,spacy,Chair
Talis Biomedical Corp,8-K,Andrew Lukowiak,President,spacy,President
Talis Biomedical Corp,8-K,Rebecca L. Markovich Rebecca,Chief Financial Officer,spacy,Chief Financial Officer
Talis Biomedical Corp,8-K,L. Markovich Interim,Chief Financial Officer,spacy,Chief Financial Officer
BECTON DICKINSON & CO,8-K,Franklin Lakes,Cto,spacy,Chief Technology Officer
"indie Semiconductor, Inc.",8-K,Michael Wittmann,Cto,spacy,Chief Technology Officer
"eFFECTOR Therapeutics, Inc.",8-K,Christopher M. Calabrese,Director,spacy,Director
"eFFECTOR Therapeutics, Inc.",8-K,Kevin Gardner,Director,spacy,Director
"eFFECTOR Therapeutics, Inc.",8-K,Mike Tattory,Director,spacy,Director
McEwen Mining Inc.,8-K,William Shaver,Coo,spacy,Chief Operating Officer
McEwen Mining Inc.,8-K,Luke Willis,Coo,spacy,Chief Operating Officer
McEwen Mining Inc.,8-K,Stefan Spears,Vice President,spacy,Vice President
McEwen Mining Inc.,8-K,Michael Meding,Vice President,spacy,Vice President
"MAXCYTE, INC.",8-K,Cenk Sumen,Chief Scientific Officer,spacy,Chief Scientific Officer
"MAXCYTE, INC.",8-K,Douglas Swirsky,Chief Financial Officer,spacy,Chief Financial Officer
"Nova Lifestyle, Inc.",8-K,Thanh H. Lam,President,spacy,President
"CFSB Bancorp, Inc. /MA/",8-K,Susan Shea,Treasurer,spacy,Treasurer
"BurgerFi International, Inc.",8-K,Carl Bachmann,Chief Executive Officer,spacy,Chief Executive Officer
"AG Mortgage Investment Trust, Inc.",8-K,Saurabh Monga,Cto,spacy,Chief Technology Officer
"AG Mortgage Investment Trust, Inc.",8-K,Aaron Dupere,Director,spacy,Director
Territorial Bancorp Inc.,8-K,Vernon Hirata,Chairman,spacy,Chair
"Assertio Holdings, Inc.",8-K,Daniel A. Peisert,Director,spacy,Director
CHART INDUSTRIES INC,8-K,Jillian C. Evanko,President,spacy,President
CHART INDUSTRIES INC,8-K,Jill Evanko,Ceo,spacy,Chief Executive Officer
ALKALINE WATER Co INC,8-K,Frank Lazaran,Director,spacy,Director
ALKALINE WATER Co INC,8-K,Frank Chessman,Director,spacy,Director
ALKALINE WATER Co INC,8-K,David Guarino,President,spacy,President
NISOURCE INC.,8-K,Shawn Anderson,Vice President,spacy,Vice President
NISOURCE INC.,8-K,Melanie Berman,Vice President,spacy,Vice President
"NightFood Holdings, Inc.",8-K,Lei Sonny Wang,Director,spacy,Director
"NightFood Holdings, Inc.",8-K,Lei Sonny,Chief Executive Officer,spacy,Chief Executive Officer
Meridian Corp,8-K,J. Annas,Chairman,spacy,Chair
REPUBLIC FIRST BANCORP INC,8-K,Gregory B. Braca,Cto,spacy,Chief Technology Officer
REPUBLIC FIRST BANCORP INC,8-K,Philip A. Norcross,Cto,spacy,Chief Technology Officer
REPUBLIC FIRST BANCORP INC,8-K,Alessandra T. Norcross,Cto,spacy,Chief Technology Officer
"Sound Financial Bancorp, Inc.",8-K,Laurie Stewart,President,spacy,President
"Sound Financial Bancorp, Inc.",8-K,Laura Lee Stewart,President,spacy,President
"Sound Financial Bancorp, Inc.",8-K,Wes Ochs,Vice President,spacy,Vice President
"Paysign, Inc.",8-K,Matt Lanford,Chief Operating Officer,spacy,Chief Operating Officer
"Paysign, Inc.",8-K,Cutter Sherman,Cto,spacy,Chief Technology Officer
"VERDE RESOURCES, INC.",8-K,Jack Wong,Director,spacy,Director
"VERDE RESOURCES, INC.",8-K,Joseph Ambrose Lee,Director,spacy,Director
"VERDE RESOURCES, INC.",8-K,Tay Hong Choon,Director,spacy,Director
PACIFIC PREMIER BANCORP INC,8-K,Steve Gardner,Chief Financial Officer,spacy,Chief Financial Officer
PACIFIC PREMIER BANCORP INC,8-K,Barbara Polsky,Coo,spacy,Chief Operating Officer
MCGRATH RENTCORP,8-K,Brad Soultz,Chief Executive Officer,spacy,Chief Executive Officer
MCGRATH RENTCORP,8-K,Joseph Hanna,President,spacy,President
MCGRATH RENTCORP,8-K,Nick Girardi,Unknown,spacy,Unknown
NCR Atleos Corp,8-K,Paul J. Campbell,Vice President,spacy,Vice President
"Edgio, Inc.",8-K,Richard P. Diegnan,Chief Legal Officer,spacy,Chief Legal Officer
Cooper-Standard Holdings Inc.,8-K,Amy Kulikowksi,Director,spacy,Director
NYLI CBRE Global Infrastructure Megatrends Term Fund,8-K,Kirk C. Lehneis,President,spacy,President
"Castellum, Inc.",8-K,Jay O. Wright,Chief Executive Officer,spacy,Chief Executive Officer
"REV Group, Inc.",8-K,Mark Skonieczny,President,spacy,President
"REV Group, Inc.",8-K,Mike Virnig,President,spacy,President
"REV Group, Inc.",8-K,Mike Lanciotti,President,spacy,President
"REV Group, Inc.",8-K,Julie Nuernberg,Director,spacy,Director
"SoFi Technologies, Inc.",8-K,Anthony Noto,Ceo,spacy,Chief Executive Officer
enGene Holdings Inc.,8-K,Jason Hanson,Chief Executive Officer,spacy,Chief Executive Officer
enGene Holdings Inc.,8-K,Ryan Daws,Chief Financial Officer,spacy,Chief Financial Officer
enGene Holdings Inc.,8-K,Alex Nichols,Director,spacy,Director
enGene Holdings Inc.,8-K,Richard Bryce,Director,spacy,Director
enGene Holdings Inc.,8-K,Lota Zoth,Chief Medical Officer,spacy,Chief Medical Officer
"TScan Therapeutics, Inc.",8-K,Leiden Dworak,Chief Executive Officer,spacy,Chief Executive Officer
Flutter Entertainment plc,8-K,Peter Jackson,Unknown,spacy,Unknown
"Cardlytics, Inc.",8-K,James Armstrong,Director,spacy,Director
"Cardlytics, Inc.",8-K,Amit Jain,Unknown,spacy,Unknown
"Cardlytics, Inc.",8-K,Nick Lynton,Director,spacy,Director
"Cardlytics, Inc.",8-K,Karim Temsamani,Ceo,spacy,Chief Executive Officer
PAPA JOHNS INTERNATIONAL INC,8-K,Amanda Clark,Director,spacy,Director
PAPA JOHNS INTERNATIONAL INC,8-K,Caroline Miller Oyler,Corporate Secretary,spacy,Corporate Secretary
"SRM Entertainment, Inc.",8-K,Rich Miller,Ceo,spacy,Chief Executive Officer
Bank7 Corp.,8-K,Thomas L. Travis,President,spacy,President
Bank7 Corp.,8-K,Kelly J. Harris,Vice President,spacy,Vice President
Bank7 Corp.,8-K,Thomas Travis,President,spacy,President
"Skye Bioscience, Inc.",8-K,Martin Kobinger,President,spacy,President
DYNEX CAPITAL INC,8-K,Byron L. Boston,Chairman,spacy,Chair
Cingulate Inc.,8-K,Jennifer L. Callahan,Director,spacy,Director
Cingulate Inc.,8-K,Peter J. Werth,Director,spacy,Director
Cingulate Inc.,8-K,Thomas Dalton,Vice President,spacy,Vice President
Cingulate Inc.,8-K,Lou Van Horn,Chief Financial Officer,spacy,Chief Financial Officer
Cingulate Inc.,8-K,Jennifer Callahan,Chief Financial Officer,spacy,Chief Financial Officer
Ready Capital Corp,8-K,Reverse Merger,Cto,spacy,Chief Technology Officer
Ready Capital Corp,8-K,Gary Taylor,Director,spacy,Director
Ready Capital Corp,8-K,Adam Zausmer,President,spacy,President
Ready Capital Corp,8-K,Christopher Grimes,Director,spacy,Director
"PALISADE BIO, INC.",8-K,Mitchell Jones,Chief Medical Officer,spacy,Chief Medical Officer
Citizens Community Bancorp Inc.,8-K,Stephen Bianchi,Chairman,spacy,Chair
Citizens Community Bancorp Inc.,8-K,Balance Sheet,Cto,spacy,Chief Technology Officer
Citizens Community Bancorp Inc.,8-K,Steve Bianchi,Ceo,spacy,Chief Executive Officer
Citizens Community Bancorp Inc.,8-K,Stephen M. Bianchi,Chairman,spacy,Chair
IROBOT CORP,8-K,David Zapolsky,General Counsel,spacy,General Counsel
IROBOT CORP,8-K,Glen Weinstein,Chairman,spacy,Chair
IROBOT CORP,8-K,Andrew Miller,Chairman,spacy,Chair
IROBOT CORP,8-K,Jeff Engel,Chief Restructuring Officer,spacy,Chief Restructuring Officer
IROBOT CORP,8-K,Tonya Drake,General Counsel,spacy,General Counsel
CytoDyn Inc.,8-K,Antonio Migliarese,Cfo,spacy,Chief Financial Officer
CytoDyn Inc.,8-K,Tyler Blok,Vice President,spacy,Vice President
CytoDyn Inc.,8-K,Tanya Urbach,Director,spacy,Director
FRANKLIN RESOURCES INC,8-K,Jenny Johnson,President,spacy,President
FRANKLIN RESOURCES INC,8-K,Matthew Nicholls,Vice President,spacy,Vice President
FRANKLIN RESOURCES INC,8-K,Gwen L.,Vice President,spacy,Vice President
FRANKLIN RESOURCES INC,8-K,Adam Spector,President,spacy,President
CINCINNATI FINANCIAL CORP,8-K,Steve Spray,President,spacy,President
CINCINNATI FINANCIAL CORP,8-K,Michael J. Sewell,Chief Financial Officer,spacy,Chief Financial Officer
CINCINNATI FINANCIAL CORP,8-K,J. Johnston,Chairman,spacy,Chair
CINCINNATI FINANCIAL CORP,8-K,Stephen M. Spray,President,spacy,President
CINCINNATI FINANCIAL CORP,8-K,Steven J. Johnston,President,spacy,President
CINCINNATI FINANCIAL CORP,8-K,Steve Johnston,Chairman,spacy,Chair
CINCINNATI FINANCIAL CORP,8-K,Peter Wu,Director,spacy,Director
CINCINNATI FINANCIAL CORP,8-K,Thomas J. Aaron,Director,spacy,Director
CINCINNATI FINANCIAL CORP,8-K,Nancy C. Benacci,Director,spacy,Director
CINCINNATI FINANCIAL CORP,8-K,Dirk J. Debbink,Director,spacy,Director
CINCINNATI FINANCIAL CORP,8-K,Jill P. Meyer,Director,spacy,Director
CINCINNATI FINANCIAL CORP,8-K,David P. Osborn,Director,spacy,Director
CINCINNATI FINANCIAL CORP,8-K,Charles O. Schiff,Director,spacy,Director
CINCINNATI FINANCIAL CORP,8-K,John F. Steele,Director,spacy,Director
"Privia Health Group, Inc.",8-K,Thomas Bartrum,Vice President,spacy,Vice President
"Privia Health Group, Inc.",8-K,Edward C. Fargis,Vice President,spacy,Vice President
"Privia Health Group, Inc.",8-K,Parth Mehrotra,Ceo,spacy,Chief Executive Officer
"Privia Health Group, Inc.",8-K,C. Fargis,Vice President,spacy,Vice President
"Privia Health Group, Inc.",8-K,Strategic Transactions,Vice President,spacy,Vice President
Bank of Marin Bancorp,8-K,Tim Myers,President,spacy,President
Bank of Marin Bancorp,8-K,Tani Girton,Vice President,spacy,Vice President
NORWOOD FINANCIAL CORP,8-K,James O. Donnelly,President,spacy,President
"RenovoRx, Inc.",8-K,Angela Gill Nelms,Unknown,spacy,Unknown
"RenovoRx, Inc.",8-K,Robert J. Spiegel,Director,spacy,Director
Sonos Inc,8-K,Jonathan Mildenhall,Director,spacy,Director
Sonos Inc,8-K,Julius Genachowski,Chief Marketing Officer,spacy,Chief Marketing Officer
"PlayAGS, Inc.",8-K,Brad Boyer,Vice President,spacy,Vice President
"Signing Day Sports, Inc.",8-K,Richard Symington,President,spacy,President
ESSA Pharma Inc.,8-K,Peter Virsik,Chief Operating Officer,spacy,Chief Operating Officer
ESSA Pharma Inc.,8-K,David Parkinson,President,spacy,President
Vicarious Surgical Inc.,8-K,Randy Clark,President,spacy,President
Otter Tail Corp,8-K,Karen M. Bohn,Director,spacy,Director
Otter Tail Corp,8-K,Jennifer O. Smestad,Vice President,spacy,Vice President
EAGLE FINANCIAL SERVICES INC,8-K,Brandon Lorey,President,spacy,President
EAGLE FINANCIAL SERVICES INC,8-K,Kathleen J. Chappell,Vice President,spacy,Vice President
ZION OIL & GAS INC,8-K,Robert Dunn,Chief Executive Officer,spacy,Chief Executive Officer
ZION OIL & GAS INC,8-K,John Lundberg,Corporate Secretary,spacy,Corporate Secretary
"SmartKem, Inc.",8-K,Ian Jenks,Chairman,spacy,Chair
"SmartKem, Inc.",8-K,Barbra Keck,Chairman,spacy,Chair
"SmartKem, Inc.",8-K,Blackley Manchester,Chief Financial Officer,spacy,Chief Financial Officer
PENNS WOODS BANCORP INC,8-K,Richard A. Grafmyre,Chief Executive Officer,spacy,Chief Executive Officer
AB INTERNATIONAL GROUP CORP.,8-K,Chiyuan Deng,Chief Executive Officer,spacy,Chief Executive Officer
SUNLINK HEALTH SYSTEMS INC,8-K,Robert M. Thornton,Chief Executive Officer,spacy,Chief Executive Officer
SUNLINK HEALTH SYSTEMS INC,8-K,Sheila Brockman,Unknown,spacy,Unknown
SUNLINK HEALTH SYSTEMS INC,8-K,Ray Leadbetter,Cto,spacy,Chief Technology Officer
SUNLINK HEALTH SYSTEMS INC,8-K,Quentin Whitwell,Vice President,spacy,Vice President
SUNLINK HEALTH SYSTEMS INC,8-K,Ty Johnson,Unknown,spacy,Unknown
"My City Builders, Inc.",8-K,Jose Maria Eduardo,Director,spacy,Director
"My City Builders, Inc.",8-K,Gonzalez Romero,Director,spacy,Director
"My City Builders, Inc.",8-K,Francis Pittilloni,Chief Financial Officer,spacy,Chief Financial Officer
Motorsport Games Inc.,8-K,Stephen Hood,Chief Executive Officer,spacy,Chief Executive Officer
BROADWAY FINANCIAL CORP DE,8-K,Brenda J. Battey,Vice President,spacy,Vice President
"Quince Therapeutics, Inc.",8-K,Charles Ryan,Chief Executive Officer,spacy,Chief Executive Officer
Prime Meridian Holding Co,8-K,Clint F. Weber,Chief Financial Officer,spacy,Chief Financial Officer
Prime Meridian Holding Co,8-K,Sammie D. Dixon,Chairman,spacy,Chair
SIRIUS XM HOLDINGS INC.,8-K,Patrick L. Donnelly,Vice President,spacy,Vice President
SIRIUS XM HOLDINGS INC.,8-K,Wilkinson Barker Knauer,Unknown,spacy,Unknown
SIRIUS XM HOLDINGS INC.,8-K,Andy Welicky,Director,spacy,Director
SIRIUS XM HOLDINGS INC.,8-K,Wiley Rein,Cto,spacy,Chief Technology Officer
SIRIUS XM HOLDINGS INC.,8-K,Christiana Rd,General Counsel,spacy,General Counsel
"BigCommerce Holdings, Inc.",8-K,Steven Chung,Cto,spacy,Chief Technology Officer
"BigCommerce Holdings, Inc.",8-K,Brent Bellm,Chief Executive Officer,spacy,Chief Executive Officer
Merchants Bancorp,8-K,Michael J. Dunlap,Chairman,spacy,Chair
Merchants Bancorp,8-K,Michael F. Petrie,Chairman,spacy,Chair
"ServisFirst Bancshares, Inc.",8-K,Thomas A. Broughton,Chairman,spacy,Chair
"ServisFirst Bancshares, Inc.",8-K,Joel Smith,President,spacy,President
"ServisFirst Bancshares, Inc.",8-K,Tom Broughton,Chairman,spacy,Chair
"ServisFirst Bancshares, Inc.",8-K,Bud Foshee,Cfo,spacy,Chief Financial Officer
"CALIX, INC",8-K,Michael Weening,President,spacy,President
HARMONIC INC,8-K,Patrick Harshman,President,spacy,President
VERRA MOBILITY Corp,8-K,David Roberts,President,spacy,President
VERRA MOBILITY Corp,8-K,Verra Mobility,President,spacy,President
GRACO INC,8-K,Joseph J. Humke,Vice President,spacy,Vice President
GRACO INC,8-K,Mark Sheahan,President,spacy,President
POTLATCHDELTIC CORP,8-K,Eric Cremers,President,spacy,President
"Sonnet BioTherapeutics Holdings, Inc.",8-K,Pankaj Mohan,Chief Executive Officer,spacy,Chief Executive Officer
Cohen & Co Inc.,8-K,Michael G. Oller,Chief Financial Officer,spacy,Chief Financial Officer
Fintech Scion Ltd,8-K,Shalom Dodoun,Director,spacy,Director
Fintech Scion Ltd,8-K,Chun Hoo,Director,spacy,Director
Fintech Scion Ltd,8-K,Ho Wah,Chief Financial Officer,spacy,Chief Financial Officer
WHIRLPOOL CORP /DE/,8-K,Jim Peters,Chief Financial Officer,spacy,Chief Financial Officer
WHIRLPOOL CORP /DE/,8-K,Marc Bitzer,Chairman,spacy,Chair
TWO HARBORS INVESTMENT CORP.,8-K,Rebecca B. Sandberg,General Counsel,spacy,General Counsel
TWO HARBORS INVESTMENT CORP.,8-K,Bill Greenberg,President,spacy,President
TWO HARBORS INVESTMENT CORP.,8-K,Nick Letica,Chief Investment Officer,spacy,Chief Investment Officer
Crane Co,8-K,Richard A. Maue,Vice President,spacy,Vice President
Crane Co,8-K,Max Mitchell,President,spacy,President
AVALONBAY COMMUNITIES INC,8-K,Benjamin Schall,Chief Executive Officer,spacy,Chief Executive Officer
AVALONBAY COMMUNITIES INC,8-K,Michael Simel,Vice President,spacy,Vice President
AVALONBAY COMMUNITIES INC,8-K,Keri A. Shea,Director,spacy,Director
AVALONBAY COMMUNITIES INC,8-K,Sean T. Willson,Director,spacy,Director
AVALONBAY COMMUNITIES INC,8-K,Jason Reilley,Vice President,spacy,Vice President
AVALONBAY COMMUNITIES INC,8-K,Alaine Walsh,Vice President,spacy,Vice President
AVALONBAY COMMUNITIES INC,8-K,Joanne Lockridge,President,spacy,President
AVALONBAY COMMUNITIES INC,8-K,Keri Shea,Vice President,spacy,Vice President
AVALONBAY COMMUNITIES INC,8-K,Sean Willson,Chief Financial Officer,spacy,Chief Financial Officer
CAPITAL SOUTHWEST CORP,8-K,Bowen Diehl,President,spacy,President
"GERMAN AMERICAN BANCORP, INC.",8-K,Neil Dauby,Chairman,spacy,Chair
"HARLEY-DAVIDSON, INC.",8-K,Luke Mansfield,Vice President,spacy,Vice President
"HARROW, INC.",8-K,Jamie Webb,Director,spacy,Director
"HARROW, INC.",8-K,Lauren Silvernail,Director,spacy,Director
"HARROW, INC.",8-K,Mark L. Baum,Director,spacy,Director
"HARROW, INC.",8-K,Adrienne Graves,Chief Executive Officer,spacy,Chief Executive Officer
"HARROW, INC.",8-K,Harrow Harrow,Director,spacy,Director
"United Homes Group, Inc.",8-K,Jack Micenko,Cto,spacy,Chief Technology Officer
"United Homes Group, Inc.",8-K,Michael Nieri,Chief Executive Officer,spacy,Chief Executive Officer
"Stronghold Digital Mining, Inc.",8-K,Matthew Smith,Chief Financial Officer,spacy,Chief Financial Officer
"Stronghold Digital Mining, Inc.",8-K,Richard Shaffer,Vice President,spacy,Vice President
NEW JERSEY RESOURCES CORP,8-K,M. Susan Hardwick,Director,spacy,Director
NEW JERSEY RESOURCES CORP,8-K,Peter C. Harvey,Cto,spacy,Chief Technology Officer
NEW JERSEY RESOURCES CORP,8-K,Jane M. Kenny,Director,spacy,Director
NEW JERSEY RESOURCES CORP,8-K,Sharon C. Taylor,Director,spacy,Director
"LiveWire Group, Inc.",8-K,Amanda Parker,Chief Legal Officer,spacy,Chief Legal Officer
"LINKBANCORP, Inc.",8-K,Andrew Samuel,Chief Executive Officer,spacy,Chief Executive Officer
"LINKBANCORP, Inc.",8-K,Jeffrey F. Turner,Director,spacy,Director
"LINKBANCORP, Inc.",8-K,Carl D. Lundblad,President,spacy,President
"Helmerich & Payne, Inc.",8-K,John Lindsay,President,spacy,President
"Helmerich & Payne, Inc.",8-K,Dave Wilson,President,spacy,President
"Helmerich & Payne, Inc.",8-K,Mark Smith,Vice President,spacy,Vice President
"Coeur Mining, Inc.",8-K,Mitchell J. Krebs,President,spacy,President
"Coeur Mining, Inc.",8-K,Jeff Wilhoit,Director,spacy,Director
DATA I/O CORP,8-K,Anthony Ambrose,President,spacy,President
DATA I/O CORP,8-K,Gerald Y. Ng,Vice President,spacy,Vice President
DATA I/O CORP,8-K,Gerald Ng,Vice President,spacy,Vice President
DATA I/O CORP,8-K,Jordan Darrow,Vice President,spacy,Vice President
"DILLARD'S, INC.",8-K,Chris B. Johnson,Vice President,spacy,Vice President
"DILLARD'S, INC.",8-K,Alex Dillard,President,spacy,President
HERITAGE FINANCIAL CORP /WA/,8-K,J. Hinson,President,spacy,President
"Fresh Vine Wine, Inc.",8-K,Vine Wine,Chief Executive Officer,spacy,Chief Executive Officer
"Fresh Vine Wine, Inc.",8-K,Reverse Split,Director,spacy,Director
"Fresh Vine Wine, Inc.",8-K,Vine Associate,Cto,spacy,Chief Technology Officer
"Fresh Vine Wine, Inc.",8-K,Peter F. Waltz,Coo,spacy,Chief Operating Officer
"Fresh Vine Wine, Inc.",8-K,Rick Nechio,Director,spacy,Director
"Fresh Vine Wine, Inc.",8-K,Mike Pruitt,Chairman,spacy,Chair
Finwise Bancorp,8-K,Kent Landvatter,Chief Executive Officer,spacy,Chief Executive Officer
"dMY Squared Technology Group, Inc.",8-K,Harry L.,Chief Financial Officer,spacy,Chief Financial Officer
"SPLASH BEVERAGE GROUP, INC.",8-K,Key Details,Cto,spacy,Chief Technology Officer
ODP Corp,8-K,Gerry P. Smith,Director,spacy,Director
ODP Corp,8-K,David M. Szymanski,Ceo,spacy,Chief Executive Officer
ODP Corp,8-K,Gerry Smith,Ceo,spacy,Chief Executive Officer
ODP Corp,8-K,David Szymanski,Ceo,spacy,Chief Executive Officer
OneMeta Inc.,8-K,Roy H. Chestnutt,Director,spacy,Director
Immunocore Holdings plc,8-K,Bahija Jallal,Chief Executive Officer,spacy,Chief Executive Officer
"AUBURN NATIONAL BANCORPORATION, INC",8-K,David A. Hedges,President,spacy,President
"Rezolute, Inc.",8-K,Susan Stewart,Chief Regulatory Officer,spacy,Chief Regulatory Officer
"Rezolute, Inc.",8-K,Nevan Charles Elam,Chief Executive Officer,spacy,Chief Executive Officer
NUCOR CORP,8-K,Stephen D. Laxton,Chief Financial Officer,spacy,Chief Financial Officer
NUCOR CORP,8-K,Leon Topalian,President,spacy,President
NUCOR CORP,8-K,Steve Laxton,President,spacy,President
"Pharma-Bio Serv, Inc.",8-K,Pedro J. Lasanta,Chief Financial Officer,spacy,Chief Financial Officer
DANAHER CORP /DE/,8-K,Rainer M. Blair,President,spacy,President
DANAHER CORP /DE/,8-K,John T. Bedford,Director,spacy,Director
OFFICE PROPERTIES INCOME TRUST,8-K,Peter Hazoglou,Director,spacy,Director
OFFICE PROPERTIES INCOME TRUST,8-K,Pledgor Type,Unknown,spacy,Unknown
F&M BANK CORP,8-K,Mike Wilkerson,Chief Executive Officer,spacy,Chief Executive Officer
F&M BANK CORP,8-K,Lisa F. Campbell,Vice President,spacy,Vice President
"CONSUMER PORTFOLIO SERVICES, INC.",8-K,Danny Bharwani,Chief Financial Officer,spacy,Chief Financial Officer
FIRST NORTHERN COMMUNITY BANCORP,8-K,Jeremiah Z. Smith,President,spacy,President
FIRST NORTHERN COMMUNITY BANCORP,8-K,Z. Smith,President,spacy,President
FIRST NORTHERN COMMUNITY BANCORP,8-K,Jeremiah Smith,President,spacy,President
CORVEL CORP,8-K,Brandon T.,Chief Financial Officer,spacy,Chief Financial Officer
ARVANA INC,8-K,Logan Fast,Unknown,spacy,Unknown
ARVANA INC,8-K,Richard Surber,Chief Executive Officer,spacy,Chief Executive Officer
"Velo3D, Inc.",8-K,Brad Kreger,Director,spacy,Director
"Astria Therapeutics, Inc.",8-K,Ben Harshbarger,Chief Legal Officer,spacy,Chief Legal Officer
"Powerfleet, Inc.",8-K,Stefan Joselowitz,Chief Executive Officer,spacy,Chief Executive Officer
"Powerfleet, Inc.",8-K,Steve Towe,Chief Executive Officer,spacy,Chief Executive Officer
Marathon Petroleum Corp,8-K,Michael J. Hennigan,Chief Executive Officer,spacy,Chief Executive Officer
SMITH A O CORP,8-K,James F. Stern,Vice President,spacy,Vice President
SMITH A O CORP,8-K,Kevin J. Wheeler,Chairman,spacy,Chair
PENTAIR plc,8-K,John L. Stauch,President,spacy,President
PENTAIR plc,8-K,Robert P. Fishman,President,spacy,President
"CG Oncology, Inc.",8-K,C. Advance,Director,spacy,Director
CORNING INC /NY,8-K,Aleksandra Boskovic,Vice President,spacy,Vice President
CORNING INC /NY,8-K,Ed Schlesinger,Vice President,spacy,Vice President
CORNING INC /NY,8-K,Jeffrey Evenson,Vice President,spacy,Vice President
Iterum Therapeutics plc,8-K,Judy Matthews,Chief Financial Officer,spacy,Chief Financial Officer
"MALIBU BOATS, INC.",8-K,Jack Springer,Chief Executive Officer,spacy,Chief Executive Officer
TRANSCAT INC,8-K,Lee D. Rudow,President,spacy,President
TRANSCAT INC,8-K,James M. Jenkins,Chief Legal Officer,spacy,Chief Legal Officer
General Motors Co,8-K,Christopher T. Hatto,Vice President,spacy,Vice President
General Motors Co,8-K,Mary Barra,Ceo,spacy,Chief Executive Officer
PULTEGROUP INC/MI/,8-K,Ryan Marshall,President,spacy,President
ManpowerGroup Inc.,8-K,Nick Hengst,Unknown,spacy,Unknown
ManpowerGroup Inc.,8-K,Jonas Prising,Chairman,spacy,Chair
COMMVAULT SYSTEMS INC,8-K,Sanjay Mirchandani,President,spacy,President
COMMVAULT SYSTEMS INC,8-K,Gary Merrill,Chief Financial Officer,spacy,Chief Financial Officer
COMMVAULT SYSTEMS INC,8-K,Michael J. Melnyk,Unknown,spacy,Unknown
"2seventy bio, Inc.",8-K,Chip Baird,Chief Executive Officer,spacy,Chief Executive Officer
"2seventy bio, Inc.",8-K,Daniel Lynch,President,spacy,President
"2seventy bio, Inc.",8-K,William D. Baird,President,spacy,President
"2seventy bio, Inc.",8-K,Victoria Eatwell,Chief Financial Officer,spacy,Chief Financial Officer
"2seventy bio, Inc.",8-K,William Baird,Cto,spacy,Chief Technology Officer
"2seventy bio, Inc.",8-K,Chip Baird Chip,Chief Operating Officer,spacy,Chief Operating Officer
"2seventy bio, Inc.",8-K,Nick Leschly,Ceo,spacy,Chief Executive Officer
"2seventy bio, Inc.",8-K,Philip Gregory,Chief Scientific Officer,spacy,Chief Scientific Officer
"2seventy bio, Inc.",8-K,Vicki Eatwell,Chief Operating Officer,spacy,Chief Operating Officer
"2seventy bio, Inc.",8-K,Jessica Snow,Vice President,spacy,Vice President
"2seventy bio, Inc.",8-K,Denice Torres,President,spacy,President
"2seventy bio, Inc.",8-K,Wei Lin,Chief Executive Officer,spacy,Chief Executive Officer
"2seventy bio, Inc.",8-K,Dan Lynch,Chief Executive Officer,spacy,Chief Executive Officer
"2seventy bio, Inc.",8-K,Marcela Maus,Chief Financial Officer,spacy,Chief Financial Officer
"2seventy bio, Inc.",8-K,Steve Bernstein,Chief Scientific Officer,spacy,Chief Scientific Officer
"HCA Healthcare, Inc.",8-K,Sam Hazen,Chief Executive Officer,spacy,Chief Executive Officer
"HCA Healthcare, Inc.",8-K,William B. Rutherford,Director,spacy,Director
"HCA Healthcare, Inc.",8-K,Michael A. Marks,Vice President,spacy,Vice President
"HCA Healthcare, Inc.",8-K,Bill Rutherford,Cfo,spacy,Chief Financial Officer
"HCA Healthcare, Inc.",8-K,Mike Marks,Vice President,spacy,Vice President
"Inmune Bio, Inc.",8-K,David Moss,Cfo,spacy,Chief Financial Officer
"Inmune Bio, Inc.",8-K,Jason Nelson,Cfo,spacy,Chief Financial Officer
SYSCO CORP,8-K,Kevin Hourican,President,spacy,President
SYSCO CORP,8-K,Kenny Cheung,Chief Financial Officer,spacy,Chief Financial Officer
PFIZER INC,8-K,Margaret M. Madden,Vice President,spacy,Vice President
PFIZER INC,8-K,Albert Bourla,Chairman,spacy,Chair
PFIZER INC,8-K,Chris Boshoff,Chief Oncology Officer,spacy,Chief Oncology Officer
PFIZER INC,8-K,Aamir Malik,Vice President,spacy,Vice President
OSHKOSH CORP,8-K,John Pfeifer,President,spacy,President
OSHKOSH CORP,8-K,Bryan Brandt,Vice President,spacy,Vice President
LCI INDUSTRIES,8-K,Lillian D. Etzkorn,Chief Financial Officer,spacy,Chief Financial Officer
LCI INDUSTRIES,8-K,Jason Lippert,President,spacy,President
CAMDEN NATIONAL CORP,8-K,Simon Griffiths,President,spacy,President
HUBBELL INC,8-K,Gerben Bakker,Chairman,spacy,Chair
JACOBS SOLUTIONS INC.,8-K,Steven J. Demetriou,Director,spacy,Director
JACOBS SOLUTIONS INC.,8-K,Peter J. Robertson,Director,spacy,Director
JACOBS SOLUTIONS INC.,8-K,Julie A. Sloat,Director,spacy,Director
"DOUGLAS DYNAMICS, INC",8-K,Sarah Lauber,Vice President,spacy,Vice President
"DOUGLAS DYNAMICS, INC",8-K,Douglas Dynamics,Treasurer,spacy,Treasurer
"DOUGLAS DYNAMICS, INC",8-K,Peter B. Campbell,Vice President,spacy,Vice President
"DOUGLAS DYNAMICS, INC",8-K,Katherine L. Plotner,Director,spacy,Director
"Arcus Biosciences, Inc.",8-K,Johanna Mercier,Director,spacy,Director
"Arcus Biosciences, Inc.",8-K,Juan Jaen,Director,spacy,Director
"Arcus Biosciences, Inc.",8-K,Jennifer Jarrett,Director,spacy,Director
"Arcus Biosciences, Inc.",8-K,Terry Rosen,Chief Executive Officer,spacy,Chief Executive Officer
"Arcus Biosciences, Inc.",8-K,D. Terry Rosen,Chief Executive Officer,spacy,Chief Executive Officer
"Arcus Biosciences, Inc.",8-K,Jacquie Ross,Unknown,spacy,Unknown
"Arcus Biosciences, Inc.",8-K,Merdad Parsey,Chief Medical Officer,spacy,Chief Medical Officer
"QHSLab, Inc.",8-K,Troy Grogan,President,spacy,President
"SideChannel, Inc.",8-K,Dele Owoye,Director,spacy,Director
"SideChannel, Inc.",8-K,Matt Klein,Vice President,spacy,Vice President
"SideChannel, Inc.",8-K,Eric Gauthier,Vice President,spacy,Vice President
"SideChannel, Inc.",8-K,Client Delivery,Vice President,spacy,Vice President
HOPE BANCORP INC,8-K,Julianna Balicka Angie,Chief Financial Officer,spacy,Chief Financial Officer
"HarborOne Bancorp, Inc.",8-K,Joseph F. Casey,President,spacy,President
"Tectonic Therapeutic, Inc.",8-K,Alise Reicin,Cto,spacy,Chief Technology Officer
"Tectonic Therapeutic, Inc.",8-K,Miguel Vega,Coo,spacy,Chief Operating Officer
"Tectonic Therapeutic, Inc.",8-K,Marc Recht,Coo,spacy,Chief Operating Officer
"Tectonic Therapeutic, Inc.",8-K,Erik Ostrowski,President,spacy,President
"Tectonic Therapeutic, Inc.",8-K,Mitch Bloom,Unknown,spacy,Unknown
"Tectonic Therapeutic, Inc.",8-K,James Ding,Cto,spacy,Chief Technology Officer
"Tectonic Therapeutic, Inc.",8-K,Adam Johnson,Cto,spacy,Chief Technology Officer
"Tectonic Therapeutic, Inc.",8-K,Timothy A. Springer,Cto,spacy,Chief Technology Officer
"Tectonic Therapeutic, Inc.",8-K,Piper Sandler,Cto,spacy,Chief Technology Officer
"Tectonic Therapeutic, Inc.",8-K,Andrew Kruse,Cto,spacy,Chief Technology Officer
"Tectonic Therapeutic, Inc.",8-K,Tim Springer,Cto,spacy,Chief Technology Officer
"Tectonic Therapeutic, Inc.",8-K,Ed Trissel,Cto,spacy,Chief Technology Officer
"Tectonic Therapeutic, Inc.",8-K,Joele Frank,Cto,spacy,Chief Technology Officer
GRAY TELEVISION INC,8-K,Kevin P. Latek,Vice President,spacy,Vice President
"SCANSOURCE, INC.",8-K,Elizabeth O. Temple,Unknown,spacy,Unknown
"SCANSOURCE, INC.",8-K,Michael L. Baur,Chief Executive Officer,spacy,Chief Executive Officer
CHEETAH NET SUPPLY CHAIN SERVICE INC.,8-K,Tony Liu,Cto,spacy,Chief Technology Officer
"Aeluma, Inc.",8-K,Jonathan Klamkin,President,spacy,President
"Aeluma, Inc.",8-K,California Ma,Cto,spacy,Chief Technology Officer
"Aeluma, Inc.",8-K,Indium Gallium Arsenide,Cto,spacy,Chief Technology Officer
"Aeluma, Inc.",8-K,Arrays Cu,Cto,spacy,Chief Technology Officer
"Aeluma, Inc.",8-K,Photodetector Array,Cto,spacy,Chief Technology Officer
REGIS CORP,8-K,Exemption Request,Director,spacy,Director
GENERAL MILLS INC,8-K,Benno O. Dorer,Director,spacy,Director
GENERAL MILLS INC,8-K,Jeffrey G. Siemon,Vice President,spacy,Vice President
GENERAL MILLS INC,8-K,Chris A. Rauschl,Chief Financial Officer,spacy,Chief Financial Officer
GENERAL MILLS INC,8-K,John Morikis,Chairman,spacy,Chair
"TechCom, Inc.",8-K,Steven Schuster,Chief Executive Officer,spacy,Chief Executive Officer
"TechCom, Inc.",8-K,Charles Faulkner,Chief Executive Officer,spacy,Chief Executive Officer
"TechCom, Inc.",8-K,Simon Wajcenberg,Chief Executive Officer,spacy,Chief Executive Officer
"TechCom, Inc.",8-K,Authorized Signatory,Director,spacy,Director
FIRST FINANCIAL CORP /IN/,8-K,Norman D. Lowery,President,spacy,President
"Estrella Immunopharma, Inc.",8-K,Cheng Liu,Chief Executive Officer,spacy,Chief Executive Officer
"Estrella Immunopharma, Inc.",8-K,Peter Xu,Cfo,spacy,Chief Financial Officer
NVR INC,8-K,Daniel D. Malzahn,Vice President,spacy,Vice President
Sunshine Biopharma Inc.,8-K,Camille Sebaaly,President,spacy,President
Sunshine Biopharma Inc.,8-K,Marc Beaudoin,President,spacy,President
Sunshine Biopharma Inc.,8-K,Malek Chamoun,Chief Science Officer,spacy,Chief Science Officer
Sunshine Biopharma Inc.,8-K,Nora Phara,President,spacy,President
ACCO BRANDS Corp,8-K,Esselte Polska Sp,Vice President,spacy,Vice President
ACCO BRANDS Corp,8-K,Tom Tedford,Chief Executive Officer,spacy,Chief Executive Officer
ACCO BRANDS Corp,8-K,Pan Tom Tedford,Unknown,spacy,Unknown
ACCO BRANDS Corp,8-K,Patrick Buchenroth,Vice President,spacy,Vice President
ATHENA GOLD CORP,8-K,Jason Libenson,Chief Executive Officer,spacy,Chief Executive Officer
"KURA SUSHI USA, INC.",8-K,Shintaro Asako,Director,spacy,Director
"KURA SUSHI USA, INC.",8-K,Kim Ellis,Director,spacy,Director
"KURA SUSHI USA, INC.",8-K,Seitaro Ishii,Director,spacy,Director
"KURA SUSHI USA, INC.",8-K,Carin L. Stutz,Director,spacy,Director
COASTAL FINANCIAL CORP,8-K,Joel G. Edwards,Vice President,spacy,Vice President
COASTAL FINANCIAL CORP,8-K,G. Edwards,Vice President,spacy,Vice President
TFS Financial CORP,8-K,M. Danckers,Cto,spacy,Chief Technology Officer
TFS Financial CORP,8-K,Deborah Hand,Chief Risk Officer,spacy,Chief Risk Officer
TFS Financial CORP,8-K,Jennifer Rosa,Chief Financial Officer,spacy,Chief Financial Officer
TFS Financial CORP,8-K,Marc A. Stefanski,Chairman,spacy,Chair
Singularity Future Technology Ltd.,8-K,Ruiyang Wang,Unknown,spacy,Unknown
ROBERT HALF INC.,8-K,M. Keith Waddell,President,spacy,President
ROBERT HALF INC.,8-K,Robert Half,President,spacy,President
"CIRRUS LOGIC, INC.",8-K,John Forsyth,President,spacy,President
"CIRRUS LOGIC, INC.",8-K,Deirdre Hanford,Cto,spacy,Chief Technology Officer
"Waterstone Financial, Inc.",8-K,William Bruss,Chief Executive Officer,spacy,Chief Executive Officer
UMB FINANCIAL CORP,8-K,Mariner Kemper,Chairman,spacy,Chair
UMB FINANCIAL CORP,8-K,Greg Graves,Director,spacy,Director
UMB FINANCIAL CORP,8-K,Leroy Williams,Director,spacy,Director
UMB FINANCIAL CORP,8-K,Gordon Lansford,Director,spacy,Director
UMB FINANCIAL CORP,8-K,Tom Wood,Chairman,spacy,Chair
UMB FINANCIAL CORP,8-K,Jim Rine,Chairman,spacy,Chair
CARLISLE COMPANIES INC,8-K,Chris Koch,President,spacy,President
"SKYWORKS SOLUTIONS, INC.",8-K,Liam K. Griffin,Chairman,spacy,Chair
Finward Bancorp,8-K,Benjamin Bochnowski,Chairman,spacy,Chair
"Quoin Pharmaceuticals, Ltd.",8-K,Daily Trading Volume,Unknown,spacy,Unknown
"Quoin Pharmaceuticals, Ltd.",8-K,Michael Myers,Chief Executive Officer,spacy,Chief Executive Officer
"ArriVent BioPharma, Inc.",8-K,Winston Kung,Chief Financial Officer,spacy,Chief Financial Officer
MANHATTAN ASSOCIATES INC,8-K,Michael Bauer Rick Fernandez,Treasurer,spacy,Treasurer
MANHATTAN ASSOCIATES INC,8-K,Eddie Capel,President,spacy,President
SEABOARD CORP /DE/,8-K,David H. Rankin,Vice President,spacy,Vice President
Lifevantage Corp,8-K,Steve Fife,President,spacy,President
Lifevantage Corp,8-K,Carl A. Aure,Chief Financial Officer,spacy,Chief Financial Officer
STRYKER CORP,8-K,Jason Beach,Vice President,spacy,Vice President
STRYKER CORP,8-K,Yin Becker,Vice President,spacy,Vice President
STRYKER CORP,8-K,Kevin Lobo,Ceo,spacy,Chief Executive Officer
STARBUCKS CORP,8-K,Laxman Narasimhan,Chief Executive Officer,spacy,Chief Executive Officer
STARBUCKS CORP,8-K,Rachel Ruggeri,Chief Financial Officer,spacy,Chief Financial Officer
STARBUCKS CORP,8-K,Daniel Servitje,Director,spacy,Director
STARBUCKS CORP,8-K,Neal Mohan,Director,spacy,Director
STARBUCKS CORP,8-K,Mike Sievert,Chief Executive Officer,spacy,Chief Executive Officer
CITIZENS FINANCIAL SERVICES INC,8-K,Stephen J. Guillaume,Chief Financial Officer,spacy,Chief Financial Officer
ELECTRONIC ARTS INC.,8-K,Stuart Canfield,Chief Financial Officer,spacy,Chief Financial Officer
ELECTRONIC ARTS INC.,8-K,Andrew Wilson,Ceo,spacy,Chief Executive Officer
AMERICAS CARMART INC,8-K,Douglas Campbell,Chief Financial Officer,spacy,Chief Financial Officer
"TheRealReal, Inc.",8-K,Robert Julian,Director,spacy,Director
"TheRealReal, Inc.",8-K,Todd Suko,Chief Financial Officer,spacy,Chief Financial Officer
"Axos Financial, Inc.",8-K,Greg Garrabrants,President,spacy,President
"Axos Financial, Inc.",8-K,Derrick K. Walsh,Chief Financial Officer,spacy,Chief Financial Officer
"Axos Financial, Inc.",8-K,Derrick Walsh,Vice President,spacy,Vice President
"Axos Financial, Inc.",8-K,Johnny Lai,President,spacy,President
Lifeward Ltd.,8-K,Charles Remsberg,Chief Sales Officer,spacy,Chief Sales Officer
Lifeward Ltd.,8-K,Larry Jasinski,Ceo,spacy,Chief Executive Officer
"Match Group, Inc.",8-K,Gary Swidler,President,spacy,President
"Match Group, Inc.",8-K,Bernard Kim,Chief Executive Officer,spacy,Chief Executive Officer
"Enova International, Inc.",8-K,David Fisher,Ceo,spacy,Chief Executive Officer
"Enova International, Inc.",8-K,Steve Cunningham,Cfo,spacy,Chief Financial Officer
ADVANCED MICRO DEVICES INC,8-K,Lisa Su,Ceo,spacy,Chief Executive Officer
JUNIPER NETWORKS INC,8-K,Rami Rahim,Ceo,spacy,Chief Executive Officer
JUNIPER NETWORKS INC,8-K,Ken Miller,Cfo,spacy,Chief Financial Officer
Aramark,8-K,Susan M. Cameron,Director,spacy,Director
Aramark,8-K,Greg Creed,Director,spacy,Director
CANADIAN PACIFIC KANSAS CITY LTD/CN,8-K,Keith Creel,President,spacy,President
FIRST INTERSTATE BANCSYSTEM INC,8-K,David Della Camera,Director,spacy,Director
"IF Bancorp, Inc.",8-K,Pamela J. Verkler,Vice President,spacy,Vice President
EQUITY RESIDENTIAL,8-K,Mark J. Parrell,President,spacy,President
MEDALLION FINANCIAL CORP,8-K,Donald Poulton,President,spacy,President
Artisan Partners Asset Management Inc.,8-K,Jason Gottlieb,Chief Executive Officer,spacy,Chief Executive Officer
Artisan Partners Asset Management Inc.,8-K,Charles J. Daley,Vice President,spacy,Vice President
Unum Group,8-K,Large Case,Cto,spacy,Chief Technology Officer
MODINE MANUFACTURING CO,8-K,Neil D. Brinker,President,spacy,President
MODINE MANUFACTURING CO,8-K,Michael B. Lucareli,President,spacy,President
"Greenlane Holdings, Inc.",8-K,Lana Reeve Lana,Unknown,spacy,Unknown
GRAFTECH INTERNATIONAL LTD,8-K,Catherine L. Clegg,Director,spacy,Director
"Upland Software, Inc.",8-K,Karen Cummings,Chief Operating Officer,spacy,Chief Operating Officer
"Upland Software, Inc.",8-K,Matt Breslin,Chief Revenue Officer,spacy,Chief Revenue Officer
"Upland Software, Inc.",8-K,Michael D. Hill,Chief Financial Officer,spacy,Chief Financial Officer
"ENERGIZER HOLDINGS, INC.",8-K,Nneka L. Rimmer,Coo,spacy,Chief Operating Officer
"ENERGIZER HOLDINGS, INC.",8-K,Robert V. Vitale,Coo,spacy,Chief Operating Officer
"ENERGIZER HOLDINGS, INC.",8-K,John J. Drabik,Vice President,spacy,Vice President
NAVIENT CORP,8-K,David Yowan,President,spacy,President
NAVIENT CORP,8-K,Edward Bramson,President,spacy,President
NAVIENT CORP,8-K,Joe Fisher,President,spacy,President
"BrightSpring Health Services, Inc.",8-K,Bob Barnes,Chief Legal Officer,spacy,Chief Legal Officer
"BrightSpring Health Services, Inc.",8-K,Jennifer Yowler,President,spacy,President
"BrightSpring Health Services, Inc.",8-K,Jim Mattingly,President,spacy,President
"BrightSpring Health Services, Inc.",8-K,Steven Reed,Vice President,spacy,Vice President
"BrightSpring Health Services, Inc.",8-K,Olivia Kirtley,Director,spacy,Director
"BrightSpring Health Services, Inc.",8-K,Joseph H. Kaufman,Chief Legal Officer,spacy,Chief Legal Officer
"BrightSpring Health Services, Inc.",8-K,Sunny Cheong,Chief Legal Officer,spacy,Chief Legal Officer
"BrightSpring Health Services, Inc.",8-K,Requesting Waiver,Director,spacy,Director
"LiveOne, Inc.",8-K,Robert Ellin,Chief Executive Officer,spacy,Chief Executive Officer
"LiveOne, Inc.",8-K,Jay Krigsman,Chief Executive Officer,spacy,Chief Executive Officer
"LiveOne, Inc.",8-K,Rob Ellin,Vice President,spacy,Vice President
"LiveOne, Inc.",8-K,Tenia Muhammad,Chief Financial Officer,spacy,Chief Financial Officer
"LiveOne, Inc.",8-K,Sasha Ablovatskiy,Chief Financial Officer,spacy,Chief Financial Officer
"Ponce Financial Group, Inc.",8-K,Carlos P. Naudon,President,spacy,President
"Ponce Financial Group, Inc.",8-K,Steven A. Tsavaris,Chairman,spacy,Chair
RENAISSANCERE HOLDINGS LTD,8-K,Robert Qutub,Vice President,spacy,Vice President
RENAISSANCERE HOLDINGS LTD,8-K,Storm Ciaran,Cto,spacy,Chief Technology Officer
POWELL INDUSTRIES INC,8-K,Michael Metcalf,Chief Financial Officer,spacy,Chief Financial Officer
"GULF RESOURCES, INC.",8-K,Helen Xu,Director,spacy,Director
"GULF RESOURCES, INC.",8-K,Haiyan Xu,Director,spacy,Director
"BXP, Inc.",8-K,Derek A.,Vice President,spacy,Vice President
TRIMBLE INC.,8-K,Ron Nersesian,Director,spacy,Director
TRIMBLE INC.,8-K,Rob Painter,Director,spacy,Director
Seritage Growth Properties,8-K,Matthew Fernand,Chief Legal Officer,spacy,Chief Legal Officer
Seritage Growth Properties,8-K,John Garilli,Chief Financial Officer,spacy,Chief Financial Officer
"Comera Life Sciences Holdings, Inc.",8-K,Jeff Hackman,President,spacy,President
"Comera Life Sciences Holdings, Inc.",8-K,Robert Mahoney,President,spacy,President
"Comera Life Sciences Holdings, Inc.",8-K,William Wexler,Director,spacy,Director
"Piedmont Office Realty Trust, Inc.",8-K,J. Craig Lee,Chief Financial Officer,spacy,Chief Financial Officer
"Checkpoint Therapeutics, Inc.",8-K,Katie Kennedy Gregory,Director,spacy,Director
LITTELFUSE INC /DE,8-K,Dave Heinzmann,President,spacy,President
LITTELFUSE INC /DE,8-K,Meenal A. Sethna,Vice President,spacy,Vice President
UR-ENERGY INC,8-K,Shirley Basin,Cto,spacy,Chief Technology Officer
HAWAIIAN ELECTRIC INDUSTRIES INC,8-K,Ann Teranishi,President,spacy,President
KOPIN CORP,8-K,Richard A. Sneider,Treasurer,spacy,Treasurer
CorMedix Inc.,8-K,Dan Ferry,Director,spacy,Director
"Dun & Bradstreet Holdings, Inc.",8-K,Bryan Hipsher,Chief Financial Officer,spacy,Chief Financial Officer
"Dun & Bradstreet Holdings, Inc.",8-K,Joe A. Reinhardt,Chief Legal Officer,spacy,Chief Legal Officer
"Dun & Bradstreet Holdings, Inc.",8-K,Anthony Pietrontone,Vice President,spacy,Vice President
"Dun & Bradstreet Holdings, Inc.",8-K,Anthony Pietrontone Jr,Vice President,spacy,Vice President
"Dun & Bradstreet Holdings, Inc.",8-K,Allen Tucci,Vice President,spacy,Vice President
"Dun & Bradstreet Holdings, Inc.",8-K,Jon Pfeifer,Director,spacy,Director
"Dun & Bradstreet Holdings, Inc.",8-K,Eurocurrency Rate,Unknown,spacy,Unknown
"Shutterstock, Inc.",8-K,Jarrod Yahes Jarrod,Chief Financial Officer,spacy,Chief Financial Officer
"Shutterstock, Inc.",8-K,Paul Hennessy,Chief Executive Officer,spacy,Chief Executive Officer
GOLD RESOURCE CORP,8-K,Alberto Reyes,President,spacy,President
GOLD RESOURCE CORP,8-K,Chet Holyoak,President,spacy,President
"Allogene Therapeutics, Inc.",8-K,David Chang,President,spacy,President
Atkore Inc.,8-K,Jeri L. Isbell,Director,spacy,Director
Chubb Ltd,8-K,Peter Enns,Vice President,spacy,Vice President
Chubb Ltd,8-K,Evan G. Greenberg,Chairman,spacy,Chair
ACADIA PHARMACEUTICALS INC,8-K,Austin D. Kim,Vice President,spacy,Vice President
Otis Worldwide Corp,8-K,Judy Marks,Ceo,spacy,Chief Executive Officer
CENTRAL PACIFIC FINANCIAL CORP,8-K,Arnold Martines,President,spacy,President
BOSTON SCIENTIFIC CORP,8-K,Susan Thompson,Vice President,spacy,Vice President
BOSTON SCIENTIFIC CORP,8-K,Mike Mahoney,Chairman,spacy,Chair
Evercore Inc.,8-K,Tammy Kiely,Director,spacy,Director
Evercore Inc.,8-K,Neil Wolitzer,Cto,spacy,Chief Technology Officer
Avery Dennison Corp,8-K,Deon Stander,President,spacy,President
Avery Dennison Corp,8-K,John Eble,Vice President,spacy,Vice President
Avery Dennison Corp,8-K,Kristin Robinson,Vice President,spacy,Vice President
LENNOX INTERNATIONAL INC,8-K,Alok Maskara,Cto,spacy,Chief Technology Officer
"Ameresco, Inc.",8-K,Spencer Doran Hole Spencer,Vice President,spacy,Vice President
AUTOMATIC DATA PROCESSING INC,8-K,Maria Black,President,spacy,President
"BioCardia, Inc.",8-K,Peter Altman,President,spacy,President
"BioCardia, Inc.",8-K,Miranda Peto,Chief Financial Officer,spacy,Chief Financial Officer
TEVA PHARMACEUTICAL INDUSTRIES LTD,8-K,Richard Francis,President,spacy,President
ROPER TECHNOLOGIES INC,8-K,Neil Hunn,President,spacy,President
"Rocket Lab USA, Inc.",8-K,Adam Spice,Chief Financial Officer,spacy,Chief Financial Officer
"Rocket Lab USA, Inc.",8-K,Peter Beck,Ceo,spacy,Chief Executive Officer
EXTREME NETWORKS INC,8-K,Kevin Rhodes,Vice President,spacy,Vice President
"NASDAQ, INC.",8-K,Adena Friedman,Ceo,spacy,Chief Executive Officer
"NASDAQ, INC.",8-K,Sarah Youngwood,Vice President,spacy,Vice President
BOEING CO,8-K,Dave Calhoun,President,spacy,President
Fortive Corp,8-K,Daniel B. Kim,Vice President,spacy,Vice President
Hess Midstream LP,8-K,John Gatling,President,spacy,President
Hess Midstream LP,8-K,Jonathan C. Stein,Chief Financial Officer,spacy,Chief Financial Officer
"Coupang, Inc.",8-K,Neil Mehta,Director,spacy,Director
Mastercard Inc,8-K,Adam Zitter,Corporate Secretary,spacy,Corporate Secretary
Mastercard Inc,8-K,Michael Miebach,Ceo,spacy,Chief Executive Officer
"BRINKER INTERNATIONAL, INC",8-K,Kevin Hochman,Chief Executive Officer,spacy,Chief Executive Officer
"InspireMD, Inc.",8-K,Marvin Slosman,Chief Executive Officer,spacy,Chief Executive Officer
INTRUSION INC,8-K,Josh Carroll,Cto,spacy,Chief Technology Officer
Polished.com Inc.,8-K,Houman Akhavan,Director,spacy,Director
Polished.com Inc.,8-K,Ellette A. Anderson,Director,spacy,Director
Polished.com Inc.,8-K,Glyn C. Milburn,Director,spacy,Director
Polished.com Inc.,8-K,James M. Schneider,Director,spacy,Director
Polished.com Inc.,8-K,G. Alan Shaw,Director,spacy,Director
Polished.com Inc.,8-K,Edward J. Tobin,Director,spacy,Director
"M/I HOMES, INC.",8-K,Robert H. Schottenstein,Chief Executive Officer,spacy,Chief Executive Officer
Beam Global,8-K,Mark Myers,Chief Operating Officer,spacy,Chief Operating Officer
Beam Global,8-K,Thyssenkrupp Automotive,Unknown,spacy,Unknown
Beam Global,8-K,Desmond Wheatley,Cto,spacy,Chief Technology Officer
LCNB CORP,8-K,Robert C. Haines,Chief Financial Officer,spacy,Chief Financial Officer
LCNB CORP,8-K,Eric Meilstrup,President,spacy,President
"Workday, Inc.",8-K,Aneel Bhusri,Director,spacy,Director
"Workday, Inc.",8-K,Carl Eschenbach,Cto,spacy,Chief Technology Officer
"Workday, Inc.",8-K,James Bozzini,Chief Operating Officer,spacy,Chief Operating Officer
"Workday, Inc.",8-K,Richard H. Sauer,Chief Legal Officer,spacy,Chief Legal Officer
Liberty Global Ltd.,8-K,Randy L. Lazzell,Vice President,spacy,Vice President
"Autonomix Medical, Inc.",8-K,Lori Bisson,Chief Executive Officer,spacy,Chief Executive Officer
"Neuraxis, INC",8-K,John Seale,Chief Financial Officer,spacy,Chief Financial Officer
"Neuraxis, INC",8-K,Timothy Henrichs,President,spacy,President
"Neuraxis, INC",8-K,Tim Henrichs,Chief Financial Officer,spacy,Chief Financial Officer
North Haven Private Income Fund LLC,8-K,David Pessah,Chief Financial Officer,spacy,Chief Financial Officer
Aptiv PLC,8-K,Kevin Clark,Chairman,spacy,Chair
Phillips 66,8-K,Mark Lashier,President,spacy,President
Phillips 66,8-K,Glenn Tilton,Director,spacy,Director
GLOBAL TECHNOLOGIES LTD,8-K,Timothy Cabrera,President,spacy,President
"OLD DOMINION FREIGHT LINE, INC.",8-K,Marty Freeman,President,spacy,President
"General Enterprise Ventures, Inc.",8-K,Joshua Ralston,Chief Executive Officer,spacy,Chief Executive Officer
AMJ Global Technology,8-K,Arthur Malone,Ceo,spacy,Chief Executive Officer
MOBIVITY HOLDINGS CORP.,8-K,Will Sanchez,Director,spacy,Director
MOBIVITY HOLDINGS CORP.,8-K,Thomas B. Akin,Chairman,spacy,Chair
RIVERVIEW BANCORP INC,8-K,David Lam,Chief Financial Officer,spacy,Chief Financial Officer
PTC INC.,8-K,Neil Barua,Ceo,spacy,Chief Executive Officer
PTC INC.,8-K,James Heppelmann,Ceo,spacy,Chief Executive Officer
"Sun Country Airlines Holdings, Inc.",8-K,Jude Bricker,Chief Executive Officer,spacy,Chief Executive Officer
"Sun Country Airlines Holdings, Inc.",8-K,Dave Davis,President,spacy,President
"Sun Country Airlines Holdings, Inc.",8-K,Erin Rose,Vice President,spacy,Vice President
ACCURAY INC,8-K,Suzanne Winter,Chief Executive Officer,spacy,Chief Executive Officer
ACCURAY INC,8-K,Aman Patel,Director,spacy,Director
"WOLFSPEED, INC.",8-K,Gregg Lowe,Ceo,spacy,Chief Executive Officer
MGIC INVESTMENT CORP,8-K,Julie K. Sperber,Vice President,spacy,Vice President
MGIC INVESTMENT CORP,8-K,Dianna Higgins,Unknown,spacy,Unknown
MGIC INVESTMENT CORP,8-K,Michael Thompson,Director,spacy,Director
"MAXLINEAR, INC",8-K,Steven G. Litchfield,Chief Financial Officer,spacy,Chief Financial Officer
SEI INVESTMENTS CO,8-K,Ryan Hicke,Ceo,spacy,Chief Executive Officer
"Qorvo, Inc.",8-K,Grant A. Brown,Vice President,spacy,Vice President
8X8 INC /DE/,8-K,Samuel Wilson,Chief Executive Officer,spacy,Chief Executive Officer
8X8 INC /DE/,8-K,Brian Paterson,Vice President,spacy,Vice President
"Boot Barn Holdings, Inc.",8-K,James M. Watkins,Chief Financial Officer,spacy,Chief Financial Officer
"Boot Barn Holdings, Inc.",8-K,Brendon Frey,Vice President,spacy,Vice President
"Boot Barn Holdings, Inc.",8-K,Mark Dedovesh,Vice President,spacy,Vice President
OLD POINT FINANCIAL CORP,8-K,Laura Wright,Vice President,spacy,Vice President
OLD POINT FINANCIAL CORP,8-K,Robert F. Shuford,Chairman,spacy,Chair
OLD POINT FINANCIAL CORP,8-K,Robert Shuford,Chairman,spacy,Chair
FLEX LTD.,8-K,Revathi Advaithi,Ceo,spacy,Chief Executive Officer
"NETGEAR, INC.",8-K,Patrick Lo,Chief Executive Officer,spacy,Chief Executive Officer
"NETGEAR, INC.",8-K,Glorious Gaming,Director,spacy,Director
"NETGEAR, INC.",8-K,Thomas H. Waechter,Director,spacy,Director
HAWKINS INC,8-K,Patrick H. Hawkins,Chief Executive Officer,spacy,Chief Executive Officer
HAWKINS INC,8-K,Jeffrey P. Oldenkamp,Vice President,spacy,Vice President
"C. H. ROBINSON WORLDWIDE, INC.",8-K,Chuck Ives,Director,spacy,Director
"C. H. ROBINSON WORLDWIDE, INC.",8-K,Dave Bozeman,President,spacy,President
"C. H. ROBINSON WORLDWIDE, INC.",8-K,Arun Rajan,President,spacy,President
"C. H. ROBINSON WORLDWIDE, INC.",8-K,Mike Zechmeister,President,spacy,President
"C. H. ROBINSON WORLDWIDE, INC.",8-K,Duncan Burns,Director,spacy,Director
"C. H. ROBINSON WORLDWIDE, INC.",8-K,Mac Pinkerton,Vice President,spacy,Vice President
"C. H. ROBINSON WORLDWIDE, INC.",8-K,Ben G. Campbell,Chief Legal Officer,spacy,Chief Legal Officer
"C. H. ROBINSON WORLDWIDE, INC.",8-K,Charlson Rd,Director,spacy,Director
"C. H. ROBINSON WORLDWIDE, INC.",8-K,Eden Prairie,Director,spacy,Director
SANFILIPPO JOHN B & SON INC,8-K,Jeffrey T. Sanfilippo,Chief Executive Officer,spacy,Chief Executive Officer
SANFILIPPO JOHN B & SON INC,8-K,John Beisler,Chief Financial Officer,spacy,Chief Financial Officer
"Oruka Therapeutics, Inc.",8-K,Linda Grais,Director,spacy,Director
"Oruka Therapeutics, Inc.",8-K,Raymond Woosley,Director,spacy,Director
"Oruka Therapeutics, Inc.",8-K,Daniel Mitchell,Director,spacy,Director
GLOBALINK INVESTMENT INC.,8-K,Leong Lim,Chief Executive Officer,spacy,Chief Executive Officer
GLOBALINK INVESTMENT INC.,8-K,Tham Seng,Chairman,spacy,Chair
GLOBALINK INVESTMENT INC.,8-K,Tham Seng Kong,Chief Executive Officer,spacy,Chief Executive Officer
BENCHMARK ELECTRONICS INC,8-K,Stephen J. Beaver,Vice President,spacy,Vice President
BENCHMARK ELECTRONICS INC,8-K,Jeff Benck,President,spacy,President
RAYONIER INC,8-K,David Nunes,Ceo,spacy,Chief Executive Officer
DIGI INTERNATIONAL INC,8-K,Ron Konezny,President,spacy,President
DIGI INTERNATIONAL INC,8-K,Jamie Loch,President,spacy,President
"ROSS STORES, INC.",8-K,Karen Fleming,Cto,spacy,Chief Technology Officer
"ROSS STORES, INC.",8-K,Brian Morrow,President,spacy,President
"ROSS STORES, INC.",8-K,Barbara Rentler,Chief Executive Officer,spacy,Chief Executive Officer
"REGENERON PHARMACEUTICALS, INC.",8-K,Christopher Fenimore,Chief Financial Officer,spacy,Chief Financial Officer
"REGENERON PHARMACEUTICALS, INC.",8-K,Jason Pitofsky,Chief Financial Officer,spacy,Chief Financial Officer
SELECTIVE INSURANCE GROUP INC,8-K,Michael H. Lanza,Vice President,spacy,Vice President
SELECTIVE INSURANCE GROUP INC,8-K,John J. Marchioni,Chairman,spacy,Chair
"Century Communities, Inc.",8-K,David Messenger,Chief Financial Officer,spacy,Chief Financial Officer
"Century Communities, Inc.",8-K,Tyler Langton,Vice President,spacy,Vice President
"Arcellx, Inc.",8-K,Rami Elghandour Rami,Chief Executive Officer,spacy,Chief Executive Officer
Nextracker Inc.,8-K,Dan Shugar,Ceo,spacy,Chief Executive Officer
AFLAC INC,8-K,Robin L. Blackmon,Vice President,spacy,Vice President
AFLAC INC,8-K,Daniel P. Amos,Chairman,spacy,Chair
AFLAC INC,8-K,Total Adj,Cto,spacy,Chief Technology Officer
AFLAC INC,8-K,New Annl,Cto,spacy,Chief Technology Officer
SHORE BANCSHARES INC,8-K,James M. Burke,President,spacy,President
SHORE BANCSHARES INC,8-K,M. Burke,President,spacy,President
SHORE BANCSHARES INC,8-K,Todd Capitani,Vice President,spacy,Vice President
SILICON LABORATORIES INC.,8-K,John C. Hollister,Vice President,spacy,Vice President
CARVER BANCORP INC,8-K,Isaac Torres,Vice President,spacy,Vice President
CARVER BANCORP INC,8-K,Michael Herley,Cto,spacy,Chief Technology Officer
"Warner Bros. Discovery, Inc.",8-K,Gunnar Wiedenfels,Chief Financial Officer,spacy,Chief Financial Officer
LANDSTAR SYSTEM INC,8-K,Jim Todd,Cfo,spacy,Chief Financial Officer
LANDSTAR SYSTEM INC,8-K,Landstar System,Cfo,spacy,Chief Financial Officer
LANDSTAR SYSTEM INC,8-K,Jim Gattoni,President,spacy,President
LANDSTAR SYSTEM INC,8-K,Landstar Metro,Cto,spacy,Chief Technology Officer
"Altus Power, Inc.",8-K,David Munsky,President,spacy,President
"Altus Power, Inc.",8-K,Vitol Solar,General Counsel,spacy,General Counsel
"Altus Power, Inc.",8-K,Gregg Felton,Ceo,spacy,Chief Executive Officer
UGI CORP /PA/,8-K,Mario Longhi,Director,spacy,Director
UGI CORP /PA/,8-K,M. Shawn Bort,Director,spacy,Director
UGI CORP /PA/,8-K,Jessica A. Milner,Unknown,spacy,Unknown
Meritage Homes CORP,8-K,Phillippe Lord,Chief Executive Officer,spacy,Chief Executive Officer
Meritage Homes CORP,8-K,Alison Sasser,Vice President,spacy,Vice President
Meritage Homes CORP,8-K,Emily Tadano,Unknown,spacy,Unknown
Meritage Homes CORP,8-K,Steven J. Hilton,Chairman,spacy,Chair
Blue Bird Corp,8-K,Philip Horlock,Chief Executive Officer,spacy,Chief Executive Officer
Blue Bird Corp,8-K,Britton Smith,Chief Executive Officer,spacy,Chief Executive Officer
Blue Bird Corp,8-K,Razvan Radulescu,Chief Executive Officer,spacy,Chief Executive Officer
SILGAN HOLDINGS INC,8-K,Adam Greenlee,President,spacy,President
METLIFE INC,8-K,Michel Khalaf,President,spacy,President
METLIFE INC,8-K,Gross Unrealized Gains,Cto,spacy,Chief Technology Officer
DLH Holdings Corp.,8-K,Zach Parker,President,spacy,President
"DermTech, Inc.",8-K,Claudia Ibarra,Director,spacy,Director
"DermTech, Inc.",8-K,Bret Christensen,Ceo,spacy,Chief Executive Officer
EZCORP INC,8-K,Timothy K. Jugmans,Chief Financial Officer,spacy,Chief Financial Officer
TETRA TECH INC,8-K,Steve Burdick,Chief Financial Officer,spacy,Chief Financial Officer
TETRA TECH INC,8-K,Jill Hudkins,President,spacy,President
TETRA TECH INC,8-K,Dan Batrack,Chairman,spacy,Chair
TETRA TECH INC,8-K,Leslie Shoemaker,Chief Sustainability Officer,spacy,Chief Sustainability Officer
"CB Financial Services, Inc.",8-K,Jamie L.,Vice President,spacy,Vice President
"CB Financial Services, Inc.",8-K,Jamie L. Prah,Vice President,spacy,Vice President
"CB Financial Services, Inc.",8-K,John H. Montgomery,President,spacy,President
"LAKE SHORE BANCORP, INC.",8-K,Kim Liddell,President,spacy,President
Power REIT,8-K,David H. Lesser,Chairman,spacy,Chair
"RECURSION PHARMACEUTICALS, INC.",8-K,Nathan Hatfield Nathan,Chief Legal Officer,spacy,Chief Legal Officer
"SR Bancorp, Inc.",8-K,William P. Taylor,Chief Executive Officer,spacy,Chief Executive Officer
UNIFI INC,8-K,Eddie Ingle,Chief Executive Officer,spacy,Chief Executive Officer
UNIFI INC,8-K,Andrew J.,Director,spacy,Director
UNIFI INC,8-K,K. Sigmon,Vice President,spacy,Vice President
UNIFI INC,8-K,Brian D. Moore,Vice President,spacy,Vice President
RiceBran Technologies,8-K,Tsang Chih,President,spacy,President
RiceBran Technologies,8-K,Eric Tompkins,Chairman,spacy,Chair
RiceBran Technologies,8-K,Rob Fink,Cto,spacy,Chief Technology Officer
"Walgreens Boots Alliance, Inc.",8-K,Janice M. Babiak,Director,spacy,Director
Gogo Inc.,8-K,Oakleigh Thorne,Ceo,spacy,Chief Executive Officer
Adaptimmune Therapeutics PLC,8-K,Margaret Henry,Corporate Secretary,spacy,Corporate Secretary
AMERICAN SHARED HOSPITAL SERVICES,8-K,Raymond C. Stachowiak,Chairman,spacy,Chair
AMERICAN SHARED HOSPITAL SERVICES,8-K,James Higgins,Vice President,spacy,Vice President
Core Laboratories Inc. /DE/,8-K,Larry Bruno,Ceo,spacy,Chief Executive Officer
"Farmers & Merchants Bancshares, Inc.",8-K,Gary A. Harris,President,spacy,President
"Vaxcyte, Inc.",8-K,Mark B. Weeks,Coo,spacy,Chief Operating Officer
Veradigm Inc.,8-K,Borrowing Request,Unknown,spacy,Unknown
"GENERATION INCOME PROPERTIES, INC.",8-K,David Sobelman,Ceo,spacy,Chief Executive Officer
"HANOVER INSURANCE GROUP, INC.",8-K,John C. Roche,President,spacy,President
"HANOVER INSURANCE GROUP, INC.",8-K,Jeffrey M. Farber,Vice President,spacy,Vice President
"HANOVER INSURANCE GROUP, INC.",8-K,Oksana Lukasheva,Vice President,spacy,Vice President
AMERICAN VANGUARD CORP,8-K,Timothy J. Donnelly,Chief Administrative Officer,spacy,Chief Administrative Officer
AMERICAN VANGUARD CORP,8-K,Don Gualdoni,Chief Transformation Officer,spacy,Chief Transformation Officer
AMERICAN VANGUARD CORP,8-K,Tim Donnelly,Chief Transformation Officer,spacy,Chief Transformation Officer
AMERICAN VANGUARD CORP,8-K,Eric Wintemute,Chairman,spacy,Chair
AMERICAN VANGUARD CORP,8-K,William Kuser,Chief Transformation Officer,spacy,Chief Transformation Officer
AMERICAN VANGUARD CORP,8-K,David Johnson,Chief Administrative Officer,spacy,Chief Administrative Officer
BriaCell Therapeutics Corp.,8-K,Jane Gross,Director,spacy,Director
BriaCell Therapeutics Corp.,8-K,Marc Lustig,Director,spacy,Director
BriaCell Therapeutics Corp.,8-K,William V. Williams,President,spacy,President
"Gain Therapeutics, Inc.",8-K,Matthias Alder,Chief Executive Officer,spacy,Chief Executive Officer
"Gain Therapeutics, Inc.",8-K,Xavi Barril,Chief Technology Officer,spacy,Chief Technology Officer
TILT Holdings Inc.,8-K,Eula Liu,Director,spacy,Director
TILT Holdings Inc.,8-K,Cheney Xu,Director,spacy,Director
SERVOTRONICS INC /DE/,8-K,William J. Farrell,Ceo,spacy,Chief Executive Officer
SERVOTRONICS INC /DE/,8-K,William F. Farrell,Chief Executive Officer,spacy,Chief Executive Officer
Workhorse Group Inc.,8-K,Brad Hartzell,Cfo,spacy,Chief Financial Officer
Workhorse Group Inc.,8-K,Bob Ginnan,Cfo,spacy,Chief Financial Officer
Workhorse Group Inc.,8-K,Michael Elliott,Cfo,spacy,Chief Financial Officer
Workhorse Group Inc.,8-K,John C. Krug,Unknown,spacy,Unknown
Workhorse Group Inc.,8-K,Robert M. Ginnan,Chief Financial Officer,spacy,Chief Financial Officer
HORMEL FOODS CORP /DE/,8-K,Steve Lykken,Vice President,spacy,Vice President
HORMEL FOODS CORP /DE/,8-K,Jim Snee,Chairman,spacy,Chair
HONEYWELL INTERNATIONAL INC,8-K,Vimal Kapur,Chief Executive Officer,spacy,Chief Executive Officer
HONEYWELL INTERNATIONAL INC,8-K,Darius Adamczyk,Chief Executive Officer,spacy,Chief Executive Officer
Oaktree Specialty Lending Corp,8-K,Armen Panossian,Chief Executive Officer,spacy,Chief Executive Officer
BRUNSWICK CORP,8-K,David M. Foulkes,Chief Executive Officer,spacy,Chief Executive Officer
BRUNSWICK CORP,8-K,David Foulkes,Chief Executive Officer,spacy,Chief Executive Officer
BRUNSWICK CORP,8-K,Neha Clark,Chief Executive Officer,spacy,Chief Executive Officer
Trane Technologies plc,8-K,Christopher J. Kuehn,Vice President,spacy,Vice President
Trane Technologies plc,8-K,Dave Regnery,Ceo,spacy,Chief Executive Officer
Trane Technologies plc,8-K,Murray Boiler,Cto,spacy,Chief Technology Officer
BIO-TECHNE Corp,8-K,Kim Kelderman,President,spacy,President
BIO-TECHNE Corp,8-K,David Clair,Vice President,spacy,Vice President
BIO-TECHNE Corp,8-K,Shane V. Bohnen,Vice President,spacy,Vice President
ROYAL CARIBBEAN CRUISES LTD,8-K,Jason Liberty,President,spacy,President
ROYAL CARIBBEAN CRUISES LTD,8-K,Gross Margin,Unknown,spacy,Unknown
DOVER Corp,8-K,Ivonne M. Cabrera,Vice President,spacy,Vice President
DOVER Corp,8-K,Richard J. Tobin,President,spacy,President
"Merck & Co., Inc.",8-K,Robert M. Davis,Chairman,spacy,Chair
"Merck & Co., Inc.",8-K,Versus Placebo,Cto,spacy,Chief Technology Officer
"Merck & Co., Inc.",8-K,Robert Josephson,Cto,spacy,Chief Technology Officer
"Merck & Co., Inc.",8-K,Michael Levey,Cto,spacy,Chief Technology Officer
"Thermon Group Holdings, Inc.",8-K,Bruce Thames,President,spacy,President
"Thermon Group Holdings, Inc.",8-K,Kevin Fox,President,spacy,President
TENET HEALTHCARE CORP,8-K,Saum Sutaria,Chairman,spacy,Chair
CMS ENERGY CORP,8-K,Garrick Rochow,President,spacy,President
"Lazard, Inc.",8-K,Dan Schulman,Director,spacy,Director
"Lazard, Inc.",8-K,Richard D. Parsons,Director,spacy,Director
QUEST DIAGNOSTICS INC,8-K,Sean D. Mersten,Vice President,spacy,Vice President
QUEST DIAGNOSTICS INC,8-K,Jim Davis,Chairman,spacy,Chair
"CSW INDUSTRIALS, INC.",8-K,Jeff Underwood,Vice President,spacy,Vice President
"CSW INDUSTRIALS, INC.",8-K,Don Sullivan,Vice President,spacy,Vice President
SM Energy Co,8-K,Herb Vogel,Chief Executive Officer,spacy,Chief Executive Officer
SURMODICS INC,8-K,Gary Maharaj,President,spacy,President
SURMODICS INC,8-K,Timothy J. Arens,Vice President,spacy,Vice President
"PELOTON INTERACTIVE, INC.",8-K,Nick Caldwell,Chief Product Officer,spacy,Chief Product Officer
"PELOTON INTERACTIVE, INC.",8-K,Lauren Weinberg,Chief Product Officer,spacy,Chief Product Officer
"PELOTON INTERACTIVE, INC.",8-K,Chris Bruzzo,Chief Marketing Officer,spacy,Chief Marketing Officer
PITNEY BOWES INC /DE/,8-K,Jason Dies,Chief Executive Officer,spacy,Chief Executive Officer
"Clear Channel Outdoor Holdings, Inc.",8-K,Raymond T. White,Director,spacy,Director
"Clear Channel Outdoor Holdings, Inc.",8-K,Glass Lewis,Coo,spacy,Chief Operating Officer
"Clear Channel Outdoor Holdings, Inc.",8-K,Ted White,Director,spacy,Director
OneWater Marine Inc.,8-K,Austin Singleton,Chief Executive Officer,spacy,Chief Executive Officer
TREVENA INC,8-K,Barry Shin,Cto,spacy,Chief Technology Officer
INTERNATIONAL PAPER CO /NEW/,8-K,Mark Sutton,Chairman,spacy,Chair
"ALTRIA GROUP, INC.",8-K,Billy Gifford,Chief Executive Officer,spacy,Chief Executive Officer
"ALLEGRO MICROSYSTEMS, INC.",8-K,Vineet Nargolwala,President,spacy,President
CARDINAL HEALTH INC,8-K,Jason Hollar,Ceo,spacy,Chief Executive Officer
CARDINAL HEALTH INC,8-K,Aaron Alt,Cfo,spacy,Chief Financial Officer
"Fidelity National Information Services, Inc.",8-K,Louise Parent,Unknown,spacy,Unknown
"Fidelity National Information Services, Inc.",8-K,George Mihalos,Vice President,spacy,Vice President
"HUNTINGTON INGALLS INDUSTRIES, INC.",8-K,Chris Kastner,President,spacy,President
"HUNTINGTON INGALLS INDUSTRIES, INC.",8-K,Tom Stiehle,President,spacy,President
"HUNTINGTON INGALLS INDUSTRIES, INC.",8-K,Jeremiah Denton,Coo,spacy,Chief Operating Officer
"WEC ENERGY GROUP, INC.",8-K,William J. Guc,Vice President,spacy,Vice President
"WEC ENERGY GROUP, INC.",8-K,Gale Klappa,Chairman,spacy,Chair
JANUS HENDERSON GROUP PLC,8-K,Ali Dibadj,Chief Executive Officer,spacy,Chief Executive Officer
JANUS HENDERSON GROUP PLC,8-K,Roger Thompson,Chief Financial Officer,spacy,Chief Financial Officer
JANUS HENDERSON GROUP PLC,8-K,Janus Henderson,Director,spacy,Director
"MACOM Technology Solutions Holdings, Inc.",8-K,Stephen G. Daly,President,spacy,President
"MACOM Technology Solutions Holdings, Inc.",8-K,John F. Kober,Vice President,spacy,Vice President
1 800 FLOWERS COM INC,8-K,Moose Munch,Coo,spacy,Chief Operating Officer
NATURAL GAS SERVICES GROUP INC,8-K,Stephen C. Taylor Interim,Chief Executive Officer,spacy,Chief Executive Officer
NATURAL GAS SERVICES GROUP INC,8-K,Stephen Taylor,Director,spacy,Director
NATURAL GAS SERVICES GROUP INC,8-K,Brian Tucker,Director,spacy,Director
LANCASTER COLONY CORP,8-K,David A. Ciesinski,Ceo,spacy,Chief Executive Officer
"Dayforce, Inc.",8-K,David Ossip,Ceo,spacy,Chief Executive Officer
ARROW FINANCIAL CORP,8-K,Penko Ivanov Penko,Chief Financial Officer,spacy,Chief Financial Officer
ARROW FINANCIAL CORP,8-K,David D. Kaiser,Vice President,spacy,Vice President
ARROW FINANCIAL CORP,8-K,Penko Ivanov,Vice President,spacy,Vice President
ARROW FINANCIAL CORP,8-K,Andrew J. Wise,Vice President,spacy,Vice President
ARROW FINANCIAL CORP,8-K,Marc Yrsha,Vice President,spacy,Vice President
"BROADRIDGE FINANCIAL SOLUTIONS, INC.",8-K,Edmund L. Reese,Vice President,spacy,Vice President
"BROADRIDGE FINANCIAL SOLUTIONS, INC.",8-K,Tim Gokey,Ceo,spacy,Chief Executive Officer
EON Resources Inc.,8-K,Michael J. Porter,President,spacy,President
EON Resources Inc.,8-K,Mark Williams,Director,spacy,Director
EON Resources Inc.,8-K,Mark H. Williams,Vice President,spacy,Vice President
EON Resources Inc.,8-K,Mitch Trotter,Cfo,spacy,Chief Financial Officer
PARKER HANNIFIN CORP,8-K,Jenny Parmentier,Chairman,spacy,Chair
"Crocs, Inc.",8-K,Andrew Rees,President,spacy,President
"Crocs, Inc.",8-K,Anne Mehlman,Director,spacy,Director
"Crocs, Inc.",8-K,Michelle Poole,Chief Financial Officer,spacy,Chief Financial Officer
"Crocs, Inc.",8-K,Daniel P. Hart,Vice President,spacy,Vice President
"Crocs, Inc.",8-K,Erinn Murphy,Cfo,spacy,Chief Financial Officer
"Crocs, Inc.",8-K,Melissa Layton,Cfo,spacy,Chief Financial Officer
ETSY INC,8-K,Josh Silverman,Chief Executive Officer,spacy,Chief Executive Officer
ETSY INC,8-K,Sarah Marx,Vice President,spacy,Vice President
ETSY INC,8-K,Marc Steinberg,Director,spacy,Director
ETSY INC,8-K,Fred Wilson,Chairman,spacy,Chair
ETSY INC,8-K,Marla Blow,Director,spacy,Director
ETSY INC,8-K,Andrew Ballard,Director,spacy,Director
ETSY INC,8-K,Gary Briggs,Director,spacy,Director
"SunCoke Energy, Inc.",8-K,Katherine Gates,President,spacy,President
BALL Corp,8-K,Howard Yu,Vice President,spacy,Vice President
DONEGAL GROUP INC,8-K,Jeffrey Miller,President,spacy,President
Innovation Pharmaceuticals Inc.,8-K,Barry Schechter,Director,spacy,Director
Innovation Pharmaceuticals Inc.,8-K,Zorik Spektor,Director,spacy,Director
ENZO BIOCHEM INC,8-K,Kara Cannon,Director,spacy,Director
ENZO BIOCHEM INC,8-K,Steven J. Pully,Director,spacy,Director
ENZO BIOCHEM INC,8-K,Steven Pully,Chairman,spacy,Chair
"NAYA Biosciences, Inc.",8-K,Steven Shum,Chief Executive Officer,spacy,Chief Executive Officer
"RAVE RESTAURANT GROUP, INC.",8-K,Brandon Solano,Chief Executive Officer,spacy,Chief Executive Officer
"Rocket Companies, Inc.",8-K,Alastair Rampell,Director,spacy,Director
"Rocket Companies, Inc.",8-K,Andreessen Horowitz,Cto,spacy,Chief Technology Officer
"Rocket Companies, Inc.",8-K,Alex Rampell,Director,spacy,Director
"Rocket Companies, Inc.",8-K,Varun Krishna,Director,spacy,Director
"Rocket Companies, Inc.",8-K,Dan Gilbert,Chairman,spacy,Chair
ILLINOIS TOOL WORKS INC,8-K,Michael M. Larsen,Vice President,spacy,Vice President
"Katapult Holdings, Inc.",8-K,Orlando Zayas,Chief Executive Officer,spacy,Chief Executive Officer
CHEMED CORP,8-K,David P. Williams,Chief Executive Officer,spacy,Chief Executive Officer
CHEMED CORP,8-K,Brian C. Judkins,Vice President,spacy,Vice President
BRANDYWINE REALTY TRUST,8-K,Jerry Sweeney,President,spacy,President
"Silo Pharma, Inc.",8-K,Eric Weisblum,Ceo,spacy,Chief Executive Officer
"LEE ENTERPRISES, Inc",8-K,Kevin Mowbray,President,spacy,President
CoinShares Valkyrie Bitcoin Fund,8-K,Client Keys,Cto,spacy,Chief Technology Officer
CoinShares Valkyrie Bitcoin Fund,8-K,Steven Mcclurg,President,spacy,President
CoinShares Valkyrie Bitcoin Fund,8-K,Valkyrie Digital,President,spacy,President
ADDVANTAGE TECHNOLOGIES GROUP INC,8-K,Michael Ramke,Chief Executive Officer,spacy,Chief Executive Officer
ADDVANTAGE TECHNOLOGIES GROUP INC,8-K,John M. Shelnutt,Director,spacy,Director
"FirstCash Holdings, Inc.",8-K,Rick Wessel,Director,spacy,Director
"Orange County Bancorp, Inc. /DE/",8-K,Michael Lesler,Vice President,spacy,Vice President
"Orange County Bancorp, Inc. /DE/",8-K,Michael Gilfeather,President,spacy,President
"Clearfield, Inc.",8-K,Cheryl Beranek Cheryl,Chief Executive Officer,spacy,Chief Executive Officer
"Clearfield, Inc.",8-K,Cheri Beranek,President,spacy,President
"Clearfield, Inc.",8-K,Dan Herzog,Chief Financial Officer,spacy,Chief Financial Officer
"Usio, Inc.",8-K,Michael White,Director,spacy,Director
"Usio, Inc.",8-K,Houston Frost,Vice President,spacy,Vice President
"Usio, Inc.",8-K,Louis Hoch,Director,spacy,Director
SKYWEST INC,8-K,Eric J. Woodward,Chief Accounting Officer,spacy,Chief Accounting Officer
SKYWEST INC,8-K,Chip Childs,Chief Executive Officer,spacy,Chief Executive Officer
"Intellia Therapeutics, Inc.",8-K,John Leonard,President,spacy,President
VIAVI SOLUTIONS INC.,8-K,Oleg Khaykin,President,spacy,President
COLUMBIA SPORTSWEAR CO,8-K,Jim A. Swanson,Cfo,spacy,Chief Financial Officer
COLUMBIA SPORTSWEAR CO,8-K,Tim Boyle,Chairman,spacy,Chair
COLUMBIA SPORTSWEAR CO,8-K,Andrew Burns,Vice President,spacy,Vice President
EXPONENT INC,8-K,Richard L. Schlenker,Vice President,spacy,Vice President
EXPONENT INC,8-K,Richard Schlenker,Vice President,spacy,Vice President
AMAZON COM INC,8-K,Andy Jassy,Ceo,spacy,Chief Executive Officer
AMAZON COM INC,8-K,Aurora Limitless Database,Cto,spacy,Chief Technology Officer
CAVCO INDUSTRIES INC.,8-K,Allison K. Aden,Vice President,spacy,Vice President
CAVCO INDUSTRIES INC.,8-K,Bill Boor,President,spacy,President
OPEN TEXT CORP,8-K,Mark J. Barrenechea,Ceo,spacy,Chief Executive Officer
OPEN TEXT CORP,8-K,Madhu Ranganathan,Cfo,spacy,Chief Financial Officer
OPEN TEXT CORP,8-K,Carl Zeiss,Coo,spacy,Chief Operating Officer
Atlassian Corp,8-K,Jira Software,Ceo,spacy,Chief Executive Officer
Atlassian Corp,8-K,Joe Binz,Chief Financial Officer,spacy,Chief Financial Officer
DECKERS OUTDOOR CORP,8-K,Steven J. Fasching,Chief Financial Officer,spacy,Chief Financial Officer
GEORGIA POWER CO,8-K,David Durham,President,spacy,President
GEORGIA POWER CO,8-K,M. Stanford,Vice President,spacy,Vice President
GEORGIA POWER CO,8-K,Michael T. Sweeney,Vice President,spacy,Vice President
GEORGIA POWER CO,8-K,Chris Cummiskey,President,spacy,President
GEORGIA POWER CO,8-K,Chemistry Specifications,Cto,spacy,Chief Technology Officer
GEORGIA POWER CO,8-K,David C.,Vice President,spacy,Vice President
GEORGIA POWER CO,8-K,Patricial L.,President,spacy,President
GEORGIA POWER CO,8-K,Cartridge Filters,Cto,spacy,Chief Technology Officer
GEORGIA POWER CO,8-K,Resin Tanks,Cto,spacy,Chief Technology Officer
GEORGIA POWER CO,8-K,T. Holmes,Unknown,spacy,Unknown
"Pathfinder Bancorp, Inc.",8-K,James A. Dowd,President,spacy,President
"Pathfinder Bancorp, Inc.",8-K,Walter F. Rusnak,President,spacy,President
"ENSIGN GROUP, INC",8-K,Suzanne D. Snapper,Chief Financial Officer,spacy,Chief Financial Officer
"ENSIGN GROUP, INC",8-K,Barry Port,Chief Executive Officer,spacy,Chief Executive Officer
"ENSIGN GROUP, INC",8-K,Chad Keetch,Chief Investment Officer,spacy,Chief Investment Officer
"ENSIGN GROUP, INC",8-K,Suzanne Snapper,Vice President,spacy,Vice President
LPL Financial Holdings Inc.,8-K,Dan Arnold,President,spacy,President
LPL Financial Holdings Inc.,8-K,Matt Audette,Cfo,spacy,Chief Financial Officer
CLOROX CO /DE/,8-K,Angela Hilt,Vice President,spacy,Vice President
CLOROX CO /DE/,8-K,Linda Rendle,Ceo,spacy,Chief Executive Officer
"Coursera, Inc.",8-K,Ken Hahn,Cfo,spacy,Chief Financial Officer
"Ramaco Resources, Inc.",8-K,Evan H. Jenkins,Director,spacy,Director
"Ramaco Resources, Inc.",8-K,Tyler Adkins,Chief Financial Officer,spacy,Chief Financial Officer
"Ramaco Resources, Inc.",8-K,Barkley J. Sturgill,Director,spacy,Director
"Ramaco Resources, Inc.",8-K,Randall Atkins,Chairman,spacy,Chair
SKECHERS USA INC,8-K,David Weinberg,Chief Operating Officer,spacy,Chief Operating Officer
SKECHERS USA INC,8-K,Robert Greenberg,Chief Executive Officer,spacy,Chief Executive Officer
"Dolby Laboratories, Inc.",8-K,Kevin Yeaman,President,spacy,President
"Leslie's, Inc.",8-K,Mike Egeck,Chief Executive Officer,spacy,Chief Executive Officer
"HARTFORD FINANCIAL SERVICES GROUP, INC.",8-K,Christopher Swift,Chairman,spacy,Chair
BEAZER HOMES USA INC,8-K,Allan P. Merrill,Chairman,spacy,Chair
REINSURANCE GROUP OF AMERICA INC,8-K,Tony Cheng,President,spacy,President
REINSURANCE GROUP OF AMERICA INC,8-K,Todd C. Larson,Vice President,spacy,Vice President
Ryerson Holding Corp,8-K,Stephen P. Larson,Director,spacy,Director
"CANTALOUPE, INC.",8-K,Ravi Venkatesan,Cto,spacy,Chief Technology Officer
"CANTALOUPE, INC.",8-K,Shawn Thornton,Chief Revenue Officer,spacy,Chief Revenue Officer
"CANTALOUPE, INC.",8-K,Thomas Lapham,Ceo,spacy,Chief Executive Officer
"Guardant Health, Inc.",8-K,Samir Kaul,Director,spacy,Director
"Guardant Health, Inc.",8-K,John G. Saia,Chief Legal Officer,spacy,Chief Legal Officer
CROSS COUNTRY HEALTHCARE INC,8-K,Josh Vogel,Vice President,spacy,Vice President
Integrated Wellness Acquisition Corp,8-K,Binson Lau,Director,spacy,Director
Integrated Wellness Acquisition Corp,8-K,Matthew Malriat,Director,spacy,Director
Integrated Wellness Acquisition Corp,8-K,John Zhong Chen,Director,spacy,Director
Integrated Wellness Acquisition Corp,8-K,Yueh Eric Seto,Director,spacy,Director
Integrated Wellness Acquisition Corp,8-K,Donald Fell,Director,spacy,Director
Integrated Wellness Acquisition Corp,8-K,Michael Peterson,Director,spacy,Director
UNITED STATES STEEL CORP,8-K,David B. Burritt,President,spacy,President
UNITED STATES STEEL CORP,8-K,Challenges Harnessing,Cto,spacy,Chief Technology Officer
UNITED STATES STEEL CORP,8-K,Solution Progressing,Cto,spacy,Chief Technology Officer
UNITED STATES STEEL CORP,8-K,Eric Linn,Director,spacy,Director
CARRIER GLOBAL Corp,8-K,David Gitlin,Chief Executive Officer,spacy,Chief Executive Officer
Apple Inc.,8-K,Maestri Luca,Vice President,spacy,Vice President
Apple Inc.,8-K,Luca Maestri,Cfo,spacy,Chief Financial Officer
FLYEXCLUSIVE INC.,8-K,Thomas James Segrave,Chief Executive Officer,spacy,Chief Executive Officer
FLYEXCLUSIVE INC.,8-K,Relevant Aircraft,Unknown,spacy,Unknown
FLYEXCLUSIVE INC.,8-K,Jim Segrave,Ceo,spacy,Chief Executive Officer
reAlpha Tech Corp.,8-K,Michael Frenz,Chief Financial Officer,spacy,Chief Financial Officer
reAlpha Tech Corp.,8-K,Mike Logozzo Appointed,President,spacy,President
reAlpha Tech Corp.,8-K,Michael Frenz Appointed,President,spacy,President
reAlpha Tech Corp.,8-K,Mike Logozzo,President,spacy,President
"Origin Materials, Inc.",8-K,Charles Drucker,Chief Executive Officer,spacy,Chief Executive Officer
EVANS BANCORP INC,8-K,David J. Nasca,President,spacy,President
EVANS BANCORP INC,8-K,Deborah K. Pawlowski,Vice President,spacy,Vice President
"PennyMac Financial Services, Inc.",8-K,David Spector,Chairman,spacy,Chair
"AiAdvertising, Inc.",8-K,Jerry Hug,Ceo,spacy,Chief Executive Officer
"Cabaletta Bio, Inc.",8-K,Steven Nichtberger,President,spacy,President
"Cabaletta Bio, Inc.",8-K,David J. Chang,Chief Medical Officer,spacy,Chief Medical Officer
"Cabaletta Bio, Inc.",8-K,Anup Marda,Chief Financial Officer,spacy,Chief Financial Officer
"Cabaletta Bio, Inc.",8-K,William Gramig Stern,Chief Financial Officer,spacy,Chief Financial Officer
AMERICAN EAGLE OUTFITTERS INC,8-K,Michael A. Mathias,Vice President,spacy,Vice President
AMERICAN EAGLE OUTFITTERS INC,8-K,Jay Schottenstein,Chairman,spacy,Chair
ST JOE Co,8-K,Jorge Gonzalez,President,spacy,President
ST JOE Co,8-K,Mike Kerrigan,Chief Financial Officer,spacy,Chief Financial Officer
"Healthcare Triangle, Inc.",8-K,Lakshmanan Kannappan,Director,spacy,Director
"Healthcare Triangle, Inc.",8-K,Dave Rosa,Chairman,spacy,Chair
"Healthcare Triangle, Inc.",8-K,Kannappan Head,Chief Financial Officer,spacy,Chief Financial Officer
"Calidi Biotherapeutics, Inc.",8-K,Wendy Pizarro,Chief Administrative Officer,spacy,Chief Administrative Officer
KIRBY CORP,8-K,Joseph H. Pyne,Chairman,spacy,Chair
KIRBY CORP,8-K,Richard J. Alario,Chairman,spacy,Chair
KIRBY CORP,8-K,Rocky B. Dewbre,Director,spacy,Director
KIRBY CORP,8-K,Kurt Niemietz,Chief Financial Officer,spacy,Chief Financial Officer
KIRBY CORP,8-K,David Grzebinski,President,spacy,President
"Consolidated Communications Holdings, Inc.",8-K,Robert J. Currey,Chairman,spacy,Chair
La Rosa Holdings Corp.,8-K,Deana La Rosa,Director,spacy,Director
La Rosa Holdings Corp.,8-K,La Rosa,Chief Operating Officer,spacy,Chief Operating Officer
La Rosa Holdings Corp.,8-K,Joseph La Rosa,Chief Operating Officer,spacy,Chief Operating Officer
La Rosa Holdings Corp.,8-K,Michael La Rosa,Chief Executive Officer,spacy,Chief Executive Officer
"AYRO, Inc.",8-K,Joshua Silverman,Chairman,spacy,Chair
PALATIN TECHNOLOGIES INC,8-K,Paul Arndt,Cfo,spacy,Chief Financial Officer
Bausch Health Companies Inc.,8-K,Frank D. Lee,Vice President,spacy,Vice President
Bausch Health Companies Inc.,8-K,Russel C. Robertson,Director,spacy,Director
Bausch Health Companies Inc.,8-K,Christian A. Garcia,Director,spacy,Director
Bausch Health Companies Inc.,8-K,John A. Paulson,Director,spacy,Director
KOSS CORP,8-K,Michael J. Koss,Chairman,spacy,Chair
"Coeptis Therapeutics Holdings, Inc.",8-K,David Mehalick,Chief Executive Officer,spacy,Chief Executive Officer
"El Pollo Loco Holdings, Inc.",8-K,Anne Jollay,Corporate Secretary,spacy,Corporate Secretary
AGCO CORP /DE,8-K,Audia Damon,Vice President,spacy,Vice President
FENNEC PHARMACEUTICALS INC.,8-K,Robert Andrade,Chief Financial Officer,spacy,Chief Financial Officer
Verona Pharma plc,8-K,Rishi Gupta,Director,spacy,Director
Verona Pharma plc,8-K,Michael Austwick,Director,spacy,Director
Verona Pharma plc,8-K,David Zaccardelli,President,spacy,President
CHEVRON CORP,8-K,Mike Wirth,Chairman,spacy,Chair
EXXON MOBIL CORP,8-K,Darren Woods,Chairman,spacy,Chair
"Eton Pharmaceuticals, Inc.",8-K,Sean Brynjelsen,Ceo,spacy,Chief Executive Officer
"Granite Ridge Resources, Inc.",8-K,Luke Brandenberg,President,spacy,President
"CHARTER COMMUNICATIONS, INC. /MO/",8-K,Chris Winfrey,President,spacy,President
CHURCH & DWIGHT CO INC /DE/,8-K,Matthew Farrell,Chief Executive Officer,spacy,Chief Executive Officer
CHURCH & DWIGHT CO INC /DE/,8-K,Rick Dierker,Chief Financial Officer,spacy,Chief Financial Officer
"Cboe Global Markets, Inc.",8-K,Jill M. Griebenow,Vice President,spacy,Vice President
"Cboe Global Markets, Inc.",8-K,Fredric Tomczyk,Chief Executive Officer,spacy,Chief Executive Officer
"Cboe Global Markets, Inc.",8-K,Jill Griebenow,Vice President,spacy,Vice President
Twist Bioscience Corp,8-K,Emily M. Leproust,Ceo,spacy,Chief Executive Officer
Twist Bioscience Corp,8-K,Adam Laponis,Chief Financial Officer,spacy,Chief Financial Officer
BRISTOL MYERS SQUIBB CO,8-K,Christopher Boerner,Chief Executive Officer,spacy,Chief Executive Officer
BRISTOL MYERS SQUIBB CO,8-K,Chris Boerner,Cto,spacy,Chief Technology Officer
BRISTOL MYERS SQUIBB CO,8-K,David Elkins,Chief Executive Officer,spacy,Chief Executive Officer
BRISTOL MYERS SQUIBB CO,8-K,Samit Hirawat,Chief Executive Officer,spacy,Chief Executive Officer
BRISTOL MYERS SQUIBB CO,8-K,Adam Lenkowsky,Chief Financial Officer,spacy,Chief Financial Officer
AbbVie Inc.,8-K,Richard A. Gonzalez,Chairman,spacy,Chair
"IES Holdings, Inc.",8-K,Matt Simmes,President,spacy,President
"IES Holdings, Inc.",8-K,Mary K. Newman,General Counsel,spacy,General Counsel
"IES Holdings, Inc.",8-K,Jeff Gendell,Chairman,spacy,Chair
"WisdomTree, Inc.",8-K,Win Neuger,Director,spacy,Director
"WisdomTree, Inc.",8-K,Shamla Naidoo,Director,spacy,Director
"WisdomTree, Inc.",8-K,Jarrett Lilien,Coo,spacy,Chief Operating Officer
"WisdomTree, Inc.",8-K,Jonathan Steinberg,Ceo,spacy,Chief Executive Officer
S&P Global Inc.,8-K,Ewout Steenbergen,Vice President,spacy,Vice President
S&P Global Inc.,8-K,Christopher Craig,Vice President,spacy,Vice President
S&P Global Inc.,8-K,Alma Rosa Montanez,Corporate Secretary,spacy,Corporate Secretary
PIPER SANDLER COMPANIES,8-K,Kate Clune,Chief Financial Officer,spacy,Chief Financial Officer
PIPER SANDLER COMPANIES,8-K,Katherine P. Clune,Chief Financial Officer,spacy,Chief Financial Officer
PIPER SANDLER COMPANIES,8-K,Chad Abraham,Chairman,spacy,Chair
PIPER SANDLER COMPANIES,8-K,Tim Carter,Chief Financial Officer,spacy,Chief Financial Officer
JOHNSON OUTDOORS INC,8-K,David Johnson Patricia,Chief Financial Officer,spacy,Chief Financial Officer
"W.W. GRAINGER, INC.",8-K,Deidra Merriwether,Chairman,spacy,Chair
"Dream Finders Homes, Inc.",8-K,Patrick Zalupski,Chairman,spacy,Chair
"Dream Finders Homes, Inc.",8-K,Ted Terry,Chairman,spacy,Chair
SOUTH DAKOTA SOYBEAN PROCESSORS LLC,8-K,Mark Hyde,Chief Financial Officer,spacy,Chief Financial Officer
UNITED GUARDIAN INC,8-K,Donna Vigilante,President,spacy,President
MAYS J W INC,8-K,John Pearl,Director,spacy,Director
MAYS J W INC,8-K,Ward Lyke,Vice President,spacy,Vice President
NOBILITY HOMES INC,8-K,Terry Trexler,President,spacy,President
NOBILITY HOMES INC,8-K,Lynn J. Cramer,Treasurer,spacy,Treasurer
GORMAN RUPP CO,8-K,James C. Kerr,Corporate Secretary,spacy,Corporate Secretary
GORMAN RUPP CO,8-K,Brigette A. Burnell,Vice President,spacy,Vice President
"ACURA PHARMACEUTICALS, INC",8-K,Peter A. Clemens,Vice President,spacy,Vice President
Canterbury Park Holding Corp,8-K,Randall D. Sampson,President,spacy,President
Canterbury Park Holding Corp,8-K,D. Sampson,President,spacy,President
Canterbury Park Holding Corp,8-K,Laura Helmueller,Ceo,spacy,Chief Executive Officer
Canterbury Park Holding Corp,8-K,Randy J. Dehmer,Ceo,spacy,Chief Executive Officer
SOUTHERN COPPER CORP/,8-K,Andres Carlos Ferrero,General Counsel,spacy,General Counsel
"First Savings Financial Group, Inc.",8-K,Tony A. Schoen,Chief Financial Officer,spacy,Chief Financial Officer
"SpringWorks Therapeutics, Inc.",8-K,L. Mary Smith,Director,spacy,Director
"SpringWorks Therapeutics, Inc.",8-K,Francis I. Perier,Chief Financial Officer,spacy,Chief Financial Officer
"SpringWorks Therapeutics, Inc.",8-K,Mary Smith,Chief Executive Officer,spacy,Chief Executive Officer
PRICESMART INC,8-K,Edgar Zurcher,Unknown,spacy,Unknown
SIFCO INDUSTRIES INC,8-K,Jeffrey P. Gotschall,Cto,spacy,Chief Technology Officer
TAITRON COMPONENTS INC,8-K,David Vanderhorst,Chief Financial Officer,spacy,Chief Financial Officer
Waitr Holdings Inc.,8-K,Steven L. Scheinthal,Director,spacy,Director
Sustainable Projects Group Inc.,8-K,Kristian Jensen,Director,spacy,Director
"Zscaler, Inc.",8-K,Dali Rajic,Director,spacy,Director
"CIVISTA BANCSHARES, INC.",8-K,Todd A. Michel,Vice President,spacy,Vice President
Boxlight Corp,8-K,Mark Starkey,President,spacy,President
Boxlight Corp,8-K,Dale Strang,Chief Executive Officer,spacy,Chief Executive Officer
ARCBEST CORP /DE/,8-K,J. Matthew Beasley,Vice President,spacy,Vice President
American Strategic Investment Co.,8-K,Joseph Marnikovic,Director,spacy,Director
American Strategic Investment Co.,8-K,Michael Anderson,Chief Executive Officer,spacy,Chief Executive Officer
Immuneering Corp,8-K,Benjamin J. Zeskind,President,spacy,President
CADENCE DESIGN SYSTEMS INC,8-K,John B. Shoven,Director,spacy,Director
CervoMed Inc.,8-K,John Alam,President,spacy,President
CervoMed Inc.,8-K,Kelly Blackburn,President,spacy,President
CervoMed Inc.,8-K,Outside Activities,Ceo,spacy,Chief Executive Officer
"GILEAD SCIENCES, INC.",8-K,Deborah H. Telman,General Counsel,spacy,General Counsel
"GILEAD SCIENCES, INC.",8-K,Ashleigh Koss,Director,spacy,Director
"GILEAD SCIENCES, INC.",8-K,Ted Love,Director,spacy,Director
"RING ENERGY, INC.",8-K,Travis T. Thomas,Chief Financial Officer,spacy,Chief Financial Officer
"RING ENERGY, INC.",8-K,Stephen D. Brooks,Coo,spacy,Chief Operating Officer
"RING ENERGY, INC.",8-K,Hollie Lamb,Chief Financial Officer,spacy,Chief Financial Officer
"RING ENERGY, INC.",8-K,Anthony D. Petrelli,Ceo,spacy,Chief Executive Officer
"RING ENERGY, INC.",8-K,John A. Crum Independent,Ceo,spacy,Chief Executive Officer
"RING ENERGY, INC.",8-K,Thomas L. Mitchell,Cfo,spacy,Chief Financial Officer
"RING ENERGY, INC.",8-K,Regina Roesener,Coo,spacy,Chief Operating Officer
"RING ENERGY, INC.",8-K,Wes Harris,Cto,spacy,Chief Technology Officer
Metallus Inc.,8-K,Kristine C. Syrvalin,Vice President,spacy,Vice President
"National CineMedia, Inc.",8-K,Ronnie Y. Ng,Chief Financial Officer,spacy,Chief Financial Officer
"National CineMedia, Inc.",8-K,Maria Woods,Director,spacy,Director
"National CineMedia, Inc.",8-K,Ronnie Ng,Chief Financial Officer,spacy,Chief Financial Officer
UNITED STATES LIME & MINERALS INC,8-K,Michael L. Wiedemer,Vice President,spacy,Vice President
"Alzamend Neuro, Inc.",8-K,Stephan Jackman,Chief Executive Officer,spacy,Chief Executive Officer
Generation Bio Co.,8-K,Matthew Norkunas,Chief Financial Officer,spacy,Chief Financial Officer
"UPEXI, INC.",8-K,Andrew Norstrud,Chief Financial Officer,spacy,Chief Financial Officer
"UPEXI, INC.",8-K,Allan Marshall,Ceo,spacy,Chief Executive Officer
"UPEXI, INC.",8-K,Valter Pinto,Chief Financial Officer,spacy,Chief Financial Officer
"UPEXI, INC.",8-K,Jack Perkins,Unknown,spacy,Unknown
RADIAN GROUP INC,8-K,Sumita Pandit,Chief Financial Officer,spacy,Chief Financial Officer
RADIAN GROUP INC,8-K,Certificating Custodian,Cto,spacy,Chief Technology Officer
RADIAN GROUP INC,8-K,David Beaning,General Counsel,spacy,General Counsel
RADIAN GROUP INC,8-K,Tara Greene Facsimile,Vice President,spacy,Vice President
RADIAN GROUP INC,8-K,Guaranty Acknowledged,Vice President,spacy,Vice President
VEEA INC.,8-K,Roy Kanishka,Chief Executive Officer,spacy,Chief Executive Officer
CYTOKINETICS INC,8-K,John O. Faurescu,General Counsel,spacy,General Counsel
GENELUX Corp,8-K,Thomas Zindrick,President,spacy,President
NATURAL RESOURCE PARTNERS LP,8-K,Philip T. Warman,General Counsel,spacy,General Counsel
"cbdMD, Inc.",8-K,T. Ronan,Chief Executive Officer,spacy,Chief Executive Officer
"Oncotelic Therapeutics, Inc.",8-K,Vuong Trieu,Chief Executive Officer,spacy,Chief Executive Officer
"RADIUS RECYCLING, INC.",8-K,Glenda J. Minor,Director,spacy,Director
"RADIUS RECYCLING, INC.",8-K,William D. Larsson,Director,spacy,Director
HEARTLAND EXPRESS INC,8-K,Mike Gerdin,Chief Executive Officer,spacy,Chief Executive Officer
HEARTLAND EXPRESS INC,8-K,Christopher A. Strain,Vice President,spacy,Vice President
"Sweetgreen, Inc.",8-K,Rossann Williams,Chief Operating Officer,spacy,Chief Operating Officer
"Sweetgreen, Inc.",8-K,Jonathan Neman,Ceo,spacy,Chief Executive Officer
PBF Energy Inc.,8-K,Wayne Budd,Director,spacy,Director
"RAPID MICRO BIOSYSTEMS, INC.",8-K,Sean Wirtjes,Chief Financial Officer,spacy,Chief Financial Officer
"Charlotte's Web Holdings, Inc.",8-K,Jessica Saxton,Chief Financial Officer,spacy,Chief Financial Officer
"Charlotte's Web Holdings, Inc.",8-K,Stephen Rogers,Chief Financial Officer,spacy,Chief Financial Officer
STANDEX INTERNATIONAL CORP/DE/,8-K,David Dunbar,President,spacy,President
STANDEX INTERNATIONAL CORP/DE/,8-K,Ademir Sarcevic,President,spacy,President
STANDEX INTERNATIONAL CORP/DE/,8-K,Christopher Howe,Director,spacy,Director
HARTE HANKS INC,8-K,Kirk Davis,Chief Financial Officer,spacy,Chief Financial Officer
HARTE HANKS INC,8-K,David Garrison,Director,spacy,Director
HARTE HANKS INC,8-K,Harte Hanks,Unknown,spacy,Unknown
"HeartBeam, Inc.",8-K,Richard Brounstein,Director,spacy,Director
LUXURBAN HOTELS INC.,8-K,Allen Gross,Ceo,spacy,Chief Executive Officer
LUXURBAN HOTELS INC.,8-K,Shanoop Kothari,Ceo,spacy,Chief Executive Officer
LUXURBAN HOTELS INC.,8-K,Kothari Devin Sullivan,President,spacy,President
ContextLogic Inc.,8-K,Julie Bradley,Director,spacy,Director
ContextLogic Inc.,8-K,Tanzeen Syed,Director,spacy,Director
ContextLogic Inc.,8-K,Stephanie Tilenius,Director,spacy,Director
ContextLogic Inc.,8-K,Hans Tung,Director,spacy,Director
"SUNation Energy, Inc.",8-K,Kyle Udseth,Chief Executive Officer,spacy,Chief Executive Officer
"SUNation Energy, Inc.",8-K,Eric Ingvaldson,Chief Financial Officer,spacy,Chief Financial Officer
"SUNation Energy, Inc.",8-K,Mark D. Fandrich,Chief Financial Officer,spacy,Chief Financial Officer
DUCOMMUN INC /DE/,8-K,David B. Carter,Director,spacy,Director
DUCOMMUN INC /DE/,8-K,Stephen G. Oswald,Chairman,spacy,Chair
DUCOMMUN INC /DE/,8-K,Suman Mookerji,Vice President,spacy,Vice President
"WESTWATER RESOURCES, INC.",8-K,Jong Jin Park,President,spacy,President
"WESTWATER RESOURCES, INC.",8-K,Strategic Sourcing,President,spacy,President
"WESTWATER RESOURCES, INC.",8-K,Terence Cryan,Chairman,spacy,Chair
"WESTWATER RESOURCES, INC.",8-K,Frank Bakker,Chairman,spacy,Chair
IDEXX LABORATORIES INC /DE,8-K,Jay Mazelsky,President,spacy,President
THOR INDUSTRIES INC,8-K,Jeffrey D. Lorenger,Director,spacy,Director
THOR INDUSTRIES INC,8-K,Andy Graves,Chairman,spacy,Chair
THOR INDUSTRIES INC,8-K,Bob Martin,President,spacy,President
CATERPILLAR INC,8-K,Jim Umpleby,Chairman,spacy,Chair
Elanco Animal Health Inc,8-K,Jeff Simmons,President,spacy,President
GRAHAM CORP,8-K,Daniel J. Thoren,President,spacy,President
GRAHAM CORP,8-K,Christopher J.,Vice President,spacy,Vice President
GRAHAM CORP,8-K,Christopher J. Thome,Vice President,spacy,Vice President
Jefferies Financial Group Inc.,8-K,Brian Friedman,Ceo,spacy,Chief Executive Officer
Jefferies Financial Group Inc.,8-K,Michael J. Sharp,Vice President,spacy,Vice President
Jefferies Financial Group Inc.,8-K,Rich Handler,Ceo,spacy,Chief Executive Officer
TIMKEN CO,8-K,Richard G. Kyle,President,spacy,President
"Solo Brands, Inc.",8-K,Christopher Metz,President,spacy,President
"Solo Brands, Inc.",8-K,Andrea K. Tarbox,Chief Financial Officer,spacy,Chief Financial Officer
"Solo Brands, Inc.",8-K,Andrea Tarbox,Cfo,spacy,Chief Financial Officer
MACERICH CO,8-K,Jackson Hsieh,Chief Executive Officer,spacy,Chief Executive Officer
MACERICH CO,8-K,Steven Hash,Chairman,spacy,Chair
MACERICH CO,8-K,Samantha Greening,Vice President,spacy,Vice President
MCDONALDS CORP,8-K,Catherine Hoovel,Vice President,spacy,Vice President
MCDONALDS CORP,8-K,Chris Kempczinski,President,spacy,President
"Lexeo Therapeutics, Inc.",8-K,Eric Adler,Chief Development Officer,spacy,Chief Development Officer
"Lexeo Therapeutics, Inc.",8-K,See Tai,Chief Development Officer,spacy,Chief Development Officer
"AFFILIATED MANAGERS GROUP, INC.",8-K,C. Horgen,President,spacy,President
"PLIANT THERAPEUTICS, INC.",8-K,Kris V. Kowdley,Director,spacy,Director
"PLIANT THERAPEUTICS, INC.",8-K,Christopher Keenan,Vice President,spacy,Vice President
"TYSON FOODS, INC.",8-K,Donnie King,President,spacy,President
Sphere Entertainment Co.,8-K,James L. Dolan,Chairman,spacy,Chair
MESA LABORATORIES INC /CO/,8-K,Gary Owens,Chief Executive Officer,spacy,Chief Executive Officer
MESA LABORATORIES INC /CO/,8-K,Gary M. Owens,President,spacy,President
MESA LABORATORIES INC /CO/,8-K,John Sakys,President,spacy,President
ESTEE LAUDER COMPANIES INC,8-K,Tracey T. Travis,Vice President,spacy,Vice President
"Jerash Holdings (US), Inc.",8-K,Calvin Klein,Cto,spacy,Chief Technology Officer
"Jerash Holdings (US), Inc.",8-K,Tommy Hilfiger,Cto,spacy,Chief Technology Officer
"Jerash Holdings (US), Inc.",8-K,Choi Lin,Chairman,spacy,Chair
"Jerash Holdings (US), Inc.",8-K,Hung Choi Lin Hung,Chairman,spacy,Chair
Quantum-Si Inc,8-K,Jeff Hawkins,Chief Executive Officer,spacy,Chief Executive Officer
Quantum-Si Inc,8-K,Grace Johnston,Chief Commercial Officer,spacy,Chief Commercial Officer
Quantum-Si Inc,8-K,Katherine Atkinson,Chief Financial Officer,spacy,Chief Financial Officer
"Rani Therapeutics Holdings, Inc.",8-K,Talat Imran,Chief Executive Officer,spacy,Chief Executive Officer
"Rani Therapeutics Holdings, Inc.",8-K,Eric Groen,Chief Scientific Officer,spacy,Chief Scientific Officer
"Rani Therapeutics Holdings, Inc.",8-K,Betsy Gutierrez,Vice President,spacy,Vice President
"Rani Therapeutics Holdings, Inc.",8-K,Arvinder Dhalla,Vice President,spacy,Vice President
"Rani Therapeutics Holdings, Inc.",8-K,Jacques Van Dam,Vice President,spacy,Vice President
"Sprinklr, Inc.",8-K,Paul Ohls,Chief Customer Officer,spacy,Chief Customer Officer
"Sprinklr, Inc.",8-K,Manish Sarin,Chief Financial Officer,spacy,Chief Financial Officer
"Sprinklr, Inc.",8-K,Sprinklr Founder,Ceo,spacy,Chief Executive Officer
LivaNova PLC,8-K,Vladimir A. Makatsaria,Director,spacy,Director
LivaNova PLC,8-K,William A. Kozy,Chief Executive Officer,spacy,Chief Executive Officer
LivaNova PLC,8-K,Bill Kozy,Ceo,spacy,Chief Executive Officer
"Frontier Communications Parent, Inc.",8-K,Woody Young,Chairman,spacy,Chair
"Frontier Communications Parent, Inc.",8-K,John G. Stratton,Chairman,spacy,Chair
CNA FINANCIAL CORP,8-K,Kelly Sullivan,Vice President,spacy,Vice President
Wheels Up Experience Inc.,8-K,David Holtz,Director,spacy,Director
Wheels Up Experience Inc.,8-K,Wheels Up,Chairman,spacy,Chair
Wheels Up Experience Inc.,8-K,Dave Holtz,Chief Executive Officer,spacy,Chief Executive Officer
Wheels Up Experience Inc.,8-K,Todd Wesoloskie,Unknown,spacy,Unknown
GE HealthCare Technologies Inc.,8-K,Betty D. Larson,Director,spacy,Director
"SUPERNUS PHARMACEUTICALS, INC.",8-K,Jack A. Khattar,President,spacy,President
"SUPERNUS PHARMACEUTICALS, INC.",8-K,Timothy C. Dec,Vice President,spacy,Vice President
Slam Corp.,8-K,Dan Dooley,Chief Financial Officer,spacy,Chief Financial Officer
Slam Corp.,8-K,Lisa Harrington,Director,spacy,Director
Slam Corp.,8-K,Julian Nemirovsky,Director,spacy,Director
Slam Corp.,8-K,Alex Rodriguez,Director,spacy,Director
Slam Corp.,8-K,Kelly Laferriere,Director,spacy,Director
Slam Corp.,8-K,Marc Lore,Director,spacy,Director
Slam Corp.,8-K,Tyghe Speidel,Chief Financial Officer,spacy,Chief Financial Officer
Slam Corp.,8-K,Alex Zyngier,Director,spacy,Director
Slam Corp.,8-K,Demanding Holders,Coo,spacy,Chief Operating Officer
Slam Corp.,8-K,Demanding Holder,Unknown,spacy,Unknown
Slam Corp.,8-K,Lynk Lynk,Unknown,spacy,Unknown
BUCKLE INC,8-K,Dennis H. Nelson,President,spacy,President
BUCKLE INC,8-K,Kari G. Smith,President,spacy,President
BUCKLE INC,8-K,Brett P. Milkie,Vice President,spacy,Vice President
BUCKLE INC,8-K,Kelli D. Molczyk,Chief Financial Officer,spacy,Chief Financial Officer
"NorthEast Community Bancorp, Inc./MD/",8-K,Kenneth A. Martinek,Chairman,spacy,Chair
"BLUM HOLDINGS, INC.",8-K,Sabas Carrillo,Chief Executive Officer,spacy,Chief Executive Officer
"PANACEA LIFE SCIENCES HOLDINGS, INC.",8-K,Leslie Buttorff,Director,spacy,Director
"PANACEA LIFE SCIENCES HOLDINGS, INC.",8-K,Nick Cavarra,Chief Executive Officer,spacy,Chief Executive Officer
Allegiant Travel CO,8-K,Gregory Anderson,President,spacy,President
Allegiant Travel CO,8-K,C. One,Unknown,spacy,Unknown
Allegiant Travel CO,8-K,B. Method,Director,spacy,Director
Allegiant Travel CO,8-K,C. Filling Vacancies,Director,spacy,Director
PAMT CORP,8-K,Joe Vitiritto,President,spacy,President
WYTEC INTERNATIONAL INC,8-K,William H. Gray,President,spacy,President
WYTEC INTERNATIONAL INC,8-K,Christopher Stuart,Director,spacy,Director
WYTEC INTERNATIONAL INC,8-K,Erica Perez,Director,spacy,Director
KFORCE INC,8-K,Joseph J. Liberatore,President,spacy,President
INTEVAC INC,8-K,Nigel Hunton,President,spacy,President
INTEVAC INC,8-K,Kevin Soulsby,Chief Financial Officer,spacy,Chief Financial Officer
Palantir Technologies Inc.,8-K,Alexander C. Karp,Chief Executive Officer,spacy,Chief Executive Officer
"CHEGG, INC",8-K,David Longo,Director,spacy,Director
"CHEGG, INC",8-K,Andrew Brown,Cto,spacy,Chief Technology Officer
"CHEGG, INC",8-K,Dan Rosensweig,Ceo,spacy,Chief Executive Officer
SIMON PROPERTY GROUP INC /DE/,8-K,David Simon,Chairman,spacy,Chair
SIMON PROPERTY GROUP INC /DE/,8-K,Tom Ward,Vice President,spacy,Vice President
"AMKOR TECHNOLOGY, INC.",8-K,Giel Rutten,Cto,spacy,Chief Technology Officer
"Champion Homes, Inc.",8-K,Mark Yost,President,spacy,President
"Champion Homes, Inc.",8-K,Skyline Champion,Cto,spacy,Chief Technology Officer
"Champion Homes, Inc.",8-K,Skyline Homes,Cto,spacy,Chief Technology Officer
VARONIS SYSTEMS INC,8-K,Yaki Faitelson,Ceo,spacy,Chief Executive Officer
"SHINECO, INC.",8-K,Withheld Mike Zhao,Director,spacy,Director
AECOM,8-K,David Y. Gan,Vice President,spacy,Vice President
AECOM,8-K,Troy Rudd,Chief Executive Officer,spacy,Chief Executive Officer
AECOM,8-K,Lara Poloni,President,spacy,President
AECOM,8-K,Gaurav Kapoor,Unknown,spacy,Unknown
RAMBUS INC,8-K,Luc Seraphin,Cto,spacy,Chief Technology Officer
RAMBUS INC,8-K,Desmond Lynch,Vice President,spacy,Vice President
J&J SNACK FOODS CORP,8-K,Ken A. Plunk,Chief Financial Officer,spacy,Chief Financial Officer
J&J SNACK FOODS CORP,8-K,Dan Fachner,Chairman,spacy,Chair
"Simpson Manufacturing Co., Inc.",8-K,Mike Olosky,President,spacy,President
Trinity Place Holdings Inc.,8-K,Steven Kahn,Chief Financial Officer,spacy,Chief Financial Officer
"Shuttle Pharmaceuticals Holdings, Inc.",8-K,Werner Tueckmantel,Chief Executive Officer,spacy,Chief Executive Officer
"Hillenbrand, Inc.",8-K,Kim Ryan,President,spacy,President
Alkermes plc.,8-K,Samuel J. Parisi,Chief Operating Officer,spacy,Chief Operating Officer
Alkermes plc.,8-K,Blair C. Jackson,Director,spacy,Director
Alkermes plc.,8-K,Iain M. Brown,Vice President,spacy,Vice President
Alkermes plc.,8-K,David J. Gaffin,Unknown,spacy,Unknown
"CROWN HOLDINGS, INC.",8-K,Christy L. Kalaus Christy,Vice President,spacy,Vice President
"CROWN HOLDINGS, INC.",8-K,L. Kalaus,Vice President,spacy,Vice President
"CROWN HOLDINGS, INC.",8-K,Timothy J. Donahue,Chairman,spacy,Chair
"CROWN HOLDINGS, INC.",8-K,Kevin C. Clothier,Vice President,spacy,Vice President
"CF Industries Holdings, Inc.",8-K,Tony Will,President,spacy,President
"CF Industries Holdings, Inc.",8-K,Christopher D. Bohn,Director,spacy,Director
"CF Industries Holdings, Inc.",8-K,Chris Close,Director,spacy,Director
"CF Industries Holdings, Inc.",8-K,Darla Rivera,Director,spacy,Director
"CF Industries Holdings, Inc.",8-K,Christopher D. Bohn Appointed,Director,spacy,Director
FIRST UNITED CORP/MD/,8-K,Tonya K. Sturm Tonya,Vice President,spacy,Vice President
FIRST UNITED CORP/MD/,8-K,Carissa Rodeheaver,Chairman,spacy,Chair
FIRST UNITED CORP/MD/,8-K,Tonya K. Sturm,Director,spacy,Director
FIRST UNITED CORP/MD/,8-K,Jason B. Rush,President,spacy,President
FIRST UNITED CORP/MD/,8-K,John F. Barr Independent,Director,spacy,Director
FIRST UNITED CORP/MD/,8-K,I. Robert Rudy Independent,Director,spacy,Director
FIRST UNITED CORP/MD/,8-K,Marisa Shockley Independent,Director,spacy,Director
FIRST UNITED CORP/MD/,8-K,H. Andrew Walls,Director,spacy,Director
FIRST UNITED CORP/MD/,8-K,Carissa L. Rodeheaver,Director,spacy,Director
FIRST UNITED CORP/MD/,8-K,Kevin Hessler,Chairman,spacy,Chair
FIRST UNITED CORP/MD/,8-K,Voting Standard,Director,spacy,Director
FIRST UNITED CORP/MD/,8-K,Skills Matrix,Director,spacy,Director
Madison Square Garden Entertainment Corp.,8-K,Michael Grau,Chief Financial Officer,spacy,Chief Financial Officer
Oportun Financial Corp,8-K,Carlos Minetti,Director,spacy,Director
Oportun Financial Corp,8-K,Mohit Daswani,Director,spacy,Director
Oportun Financial Corp,8-K,Kathleen Layton,Chief Legal Officer,spacy,Chief Legal Officer
Oportun Financial Corp,8-K,Raul Vazquez,Ceo,spacy,Chief Executive Officer
Vanda Pharmaceuticals Inc.,8-K,Kevin Moran,Vice President,spacy,Vice President
"GROWLIFE, INC.",8-K,David Dohrmann,Chief Executive Officer,spacy,Chief Executive Officer
FMC CORP,8-K,Mark Douglas,President,spacy,President
"OptimumBank Holdings, Inc.",8-K,Moishe Gubin,Chairman,spacy,Chair
"Kimball Electronics, Inc.",8-K,Richard D. Phillips,Chief Executive Officer,spacy,Chief Executive Officer
"Kimball Electronics, Inc.",8-K,Jana T. Croom,Chief Financial Officer,spacy,Chief Financial Officer
GLOBUS MEDICAL INC,8-K,Dan Scavilla,President,spacy,President
GLOBUS MEDICAL INC,8-K,Keith Pfeil,Chief Operating Officer,spacy,Chief Operating Officer
GLOBUS MEDICAL INC,8-K,Kelly G. Huller,Vice President,spacy,Vice President
BUILD-A-BEAR WORKSHOP INC,8-K,Eric Fencl,General Counsel,spacy,General Counsel
BUILD-A-BEAR WORKSHOP INC,8-K,Jennifer Kretchmar,Unknown,spacy,Unknown
BUILD-A-BEAR WORKSHOP INC,8-K,Sharon John Jennifer Kretchmar,President,spacy,President
MMEX Resources Corp,8-K,Jack Hanks,Ceo,spacy,Chief Executive Officer
MMEX Resources Corp,8-K,Gerry Obluda,Ceo,spacy,Chief Executive Officer
"BELLRING BRANDS, INC.",8-K,Darcy H. Davenport,President,spacy,President
"BELLRING BRANDS, INC.",8-K,Thomas P. Erickson,Coo,spacy,Chief Operating Officer
"BELLRING BRANDS, INC.",8-K,Jennifer K. Johnson,Coo,spacy,Chief Operating Officer
"Adverum Biotechnologies, Inc.",8-K,Mark Lupher,Director,spacy,Director
"Adverum Biotechnologies, Inc.",8-K,Laurent Fischer,President,spacy,President
"Adverum Biotechnologies, Inc.",8-K,Kenneth Guernsey,Coo,spacy,Chief Operating Officer
KROGER CO,8-K,Gary Millerchip,Director,spacy,Director
KROGER CO,8-K,Todd Foley,Vice President,spacy,Vice President
KROGER CO,8-K,Todd Foley Appointed,Cfo,spacy,Chief Financial Officer
CABOT CORP,8-K,Sean Keohane,President,spacy,President
WERNER ENTERPRISES INC,8-K,Nathan J. Meisgeier,President,spacy,President
WERNER ENTERPRISES INC,8-K,Christopher D. Wikoff,Vice President,spacy,Vice President
WERNER ENTERPRISES INC,8-K,O. Box,Vice President,spacy,Vice President
WERNER ENTERPRISES INC,8-K,Derek J. Leathers,Chairman,spacy,Chair
WERNER ENTERPRISES INC,8-K,Chris C. Neil,Chairman,spacy,Chair
COHERENT CORP.,8-K,Paul Silverstein,Vice President,spacy,Vice President
COHERENT CORP.,8-K,Wafer Fab Inspection,Cto,spacy,Chief Technology Officer
Solidion Technology Inc.,8-K,Bor Jang,Chairman,spacy,Chair
"DIGITAL ALLY, INC.",8-K,Peng Han,Director,spacy,Director
"DIGITAL ALLY, INC.",8-K,Thomas J. Heckman,Chief Executive Officer,spacy,Chief Executive Officer
"DIGITAL ALLY, INC.",8-K,Michael J. Caulfield,Director,spacy,Director
SWK Holdings Corp,8-K,Yvette Heinrichson,Director,spacy,Director
GLADSTONE INVESTMENT CORPORATION\DE,8-K,Jay Beckhorn,Cto,spacy,Chief Technology Officer
GLADSTONE INVESTMENT CORPORATION\DE,8-K,Terry Brubaker,Cto,spacy,Chief Technology Officer
GLADSTONE INVESTMENT CORPORATION\DE,8-K,Backup Servicer,Unknown,spacy,Unknown
GLADSTONE INVESTMENT CORPORATION\DE,8-K,Eligible Assignees,Cto,spacy,Chief Technology Officer
GLADSTONE INVESTMENT CORPORATION\DE,8-K,Successor Servicer,Chief Financial Officer,spacy,Chief Financial Officer
"Sunworks, Inc.",8-K,Mark Trout,Director,spacy,Director
"Sunworks, Inc.",8-K,Rhone Resch,Director,spacy,Director
"Sunworks, Inc.",8-K,Stanley Speer,Director,spacy,Director
CENTENE CORP,8-K,Sarah M.,Chief Executive Officer,spacy,Chief Executive Officer
CENTENE CORP,8-K,Michael Carson,President,spacy,President
CENTENE CORP,8-K,Richard Fisher,President,spacy,President
CENTENE CORP,8-K,Susan Smith,Vice President,spacy,Vice President
CENTENE CORP,8-K,Sarah M. London,Chief Executive Officer,spacy,Chief Executive Officer
WILLIS TOWERS WATSON PLC,8-K,Carl Hess,Chief Executive Officer,spacy,Chief Executive Officer
Sensata Technologies Holding plc,8-K,Brian Roberts,Cfo,spacy,Chief Financial Officer
NXP Semiconductors N.V.,8-K,William J. Betz,Cto,spacy,Chief Technology Officer
NXP Semiconductors N.V.,8-K,Kurt Sievers,President,spacy,President
NXP Semiconductors N.V.,8-K,Key Highlights,President,spacy,President
NXP Semiconductors N.V.,8-K,Jeff Palmer Paige,Cto,spacy,Chief Technology Officer
"CERO THERAPEUTICS HOLDINGS, INC.",8-K,Alan Hambelton,Coo,spacy,Chief Operating Officer
"CERO THERAPEUTICS HOLDINGS, INC.",8-K,Michael A. Adelstein,Unknown,spacy,Unknown
"CERO THERAPEUTICS HOLDINGS, INC.",8-K,Brian Atwood,Ceo,spacy,Chief Executive Officer
LINDE PLC,8-K,Sanjiv Lamba,Chief Executive Officer,spacy,Chief Executive Officer
Ingredion Inc,8-K,Jim Zallie,President,spacy,President
Ingredion Inc,8-K,James D. Gray,Vice President,spacy,Vice President
Ingredion Inc,8-K,Jim Gray,President,spacy,President
nVent Electric plc,8-K,Beth Wozniak,Chief Executive Officer,spacy,Chief Executive Officer
PJT Partners Inc.,8-K,Paul J. Taubman,Chairman,spacy,Chair
CONSOL Energy Inc.,8-K,Jimmy Brock,Chief Executive Officer,spacy,Chief Executive Officer
Hamilton Lane INC,8-K,Erik Hirsch,Ceo,spacy,Chief Executive Officer
Hamilton Lane INC,8-K,Jeff Armbrister,Ceo,spacy,Chief Executive Officer
Hamilton Lane INC,8-K,John Oh Head,Ceo,spacy,Chief Executive Officer
WATERS CORP /DE/,8-K,Udit Batra,President,spacy,President
WATERS CORP /DE/,8-K,Caspar Tudor,Unknown,spacy,Unknown
Xylem Inc.,8-K,Matthew Pine,President,spacy,President
ELI LILLY & Co,8-K,David A. Ricks,Ceo,spacy,Chief Executive Officer
ELI LILLY & Co,8-K,Johna Norton,Vice President,spacy,Vice President
PUBLIC SERVICE CO OF NEW MEXICO,8-K,Don Tarry,Chairman,spacy,Chair
PUBLIC SERVICE CO OF NEW MEXICO,8-K,Lisa Eden,Chairman,spacy,Chair
"Frontier Group Holdings, Inc.",8-K,Barry Biffle,Chief Executive Officer,spacy,Chief Executive Officer
"Frontier Group Holdings, Inc.",8-K,Howard M. Diamond,Vice President,spacy,Vice President
Cerence Inc.,8-K,Stefan Ortmanns,Chief Executive Officer,spacy,Chief Executive Officer
Cerence Inc.,8-K,Tom Beaudoin,Chief Executive Officer,spacy,Chief Executive Officer
Cerence Inc.,8-K,Rich Yerganian,Chief Executive Officer,spacy,Chief Executive Officer
FISERV INC,8-K,Frank Bisignano,Chairman,spacy,Chair
Magnolia Oil & Gas Corp,8-K,David Khani,Director,spacy,Director
Magnolia Oil & Gas Corp,8-K,Grant Notice,Director,spacy,Director
Magnolia Oil & Gas Corp,8-K,Dan Smith,Director,spacy,Director
CUMMINS INC,8-K,Jennifer Rumsey,Ceo,spacy,Chief Executive Officer
"Spirit AeroSystems Holdings, Inc.",8-K,Pat Shanahan,President,spacy,President
"Spirit AeroSystems Holdings, Inc.",8-K,Mark J. Suchinski,Vice President,spacy,Vice President
FLOWSERVE CORP,8-K,Elizabeth L. Burger,Director,spacy,Director
FLOWSERVE CORP,8-K,Susan C. Hudson,Vice President,spacy,Vice President
Rallybio Corp,8-K,Jonathan I. Lieber,Chief Financial Officer,spacy,Chief Financial Officer
Rallybio Corp,8-K,Stephen Uden,Chief Executive Officer,spacy,Chief Executive Officer
"Wheeler Real Estate Investment Trust, Inc.",8-K,Joseph Stilwell,Director,spacy,Director
CF BANKSHARES INC.,8-K,Kevin J. Beerman,Vice President,spacy,Vice President
TJX COMPANIES INC /DE/,8-K,John Klinger,Vice President,spacy,Vice President
TJX COMPANIES INC /DE/,8-K,Kenneth Canestrari,Vice President,spacy,Vice President
TJX COMPANIES INC /DE/,8-K,Alicia C. Kelly,Vice President,spacy,Vice President
PHIBRO ANIMAL HEALTH CORP,8-K,Glenn C. David,Director,spacy,Director
PHIBRO ANIMAL HEALTH CORP,8-K,Richard Johnson,Cto,spacy,Chief Technology Officer
PHIBRO ANIMAL HEALTH CORP,8-K,Jack Bendheim,Chairman,spacy,Chair
PHIBRO ANIMAL HEALTH CORP,8-K,Dick Johnson,Chairman,spacy,Chair
FEMASYS INC,8-K,Richard Spector,Cto,spacy,Chief Technology Officer
FEMASYS INC,8-K,Femasys Femasys,Cto,spacy,Chief Technology Officer
"Ayala Pharmaceuticals, Inc.",8-K,Ken Berlin,President,spacy,President
"Ayala Pharmaceuticals, Inc.",8-K,Roy Golan,President,spacy,President
"Ayala Pharmaceuticals, Inc.",8-K,Andres Gutierrez,President,spacy,President
"Ayala Pharmaceuticals, Inc.",8-K,Barbara Borden,Coo,spacy,Chief Operating Officer
"Ayala Pharmaceuticals, Inc.",8-K,Clay Siegal,President,spacy,President
"Ayala Pharmaceuticals, Inc.",8-K,Clay B. Siegall,President,spacy,President
"Ayala Pharmaceuticals, Inc.",8-K,Ayala Media,Chief Financial Officer,spacy,Chief Financial Officer
"MARIZYME, INC.",8-K,Julie Kampf,Director,spacy,Director
"QT IMAGING HOLDINGS, INC.",8-K,Raluca Dinu,Chief Executive Officer,spacy,Chief Executive Officer
"QT IMAGING HOLDINGS, INC.",8-K,John Klock,Chief Executive Officer,spacy,Chief Executive Officer
"Jasper Therapeutics, Inc.",8-K,Stephen P. Alicanti,General Counsel,spacy,General Counsel
"Nuwellis, Inc.",8-K,Nestor Jaramillo,President,spacy,President
"Nuwellis, Inc.",8-K,John Jefferies,Chief Medical Officer,spacy,Chief Medical Officer
"CLEANSPARK, INC.",8-K,Leighton Koehler,General Counsel,spacy,General Counsel
"CLEANSPARK, INC.",8-K,Zach Bradford,Chief Executive Officer,spacy,Chief Executive Officer
"CLEANSPARK, INC.",8-K,Shengyin Chen,Ceo,spacy,Chief Executive Officer
"CLEANSPARK, INC.",8-K,Alex Wang,Unknown,spacy,Unknown
"CLEANSPARK, INC.",8-K,Steven Yan,Chief Executive Officer,spacy,Chief Executive Officer
CLEAN HARBORS INC,8-K,Robb Schreck,Cto,spacy,Chief Technology Officer
CLEAN HARBORS INC,8-K,Eric Gerstenberg,Chief Executive Officer,spacy,Chief Executive Officer
CLEAN HARBORS INC,8-K,Mike Battles,Chief Executive Officer,spacy,Chief Executive Officer
"Lineage Cell Therapeutics, Inc.",8-K,Neal Bradsher,Director,spacy,Director
"Lineage Cell Therapeutics, Inc.",8-K,Don M. Bailey,Director,spacy,Director
ADDENTAX GROUP CORP.,8-K,Hong Zhida,Chief Executive Officer,spacy,Chief Executive Officer
Greenidge Generation Holdings Inc.,8-K,Jordan Kovler,Ceo,spacy,Chief Executive Officer
MUELLER INDUSTRIES INC,8-K,Greg Christopher,Ceo,spacy,Chief Executive Officer
"Pacific Ventures Group, Inc.",8-K,Masjedi Shannon,Ceo,spacy,Chief Executive Officer
International Media Acquisition Corp.,8-K,Vishwas Joshi,Director,spacy,Director
"SONIDA SENIOR LIVING, INC.",8-K,Brandon Ribar,President,spacy,President
"SONIDA SENIOR LIVING, INC.",8-K,Kevin Detz,Chief Financial Officer,spacy,Chief Financial Officer
"SONIDA SENIOR LIVING, INC.",8-K,Seymour Pluchenik,General Counsel,spacy,General Counsel
UNITED BANCORP INC /OH/,8-K,M. Greenwood,President,spacy,President
UNITED BANCORP INC /OH/,8-K,Randall M. Greenwood,Vice President,spacy,Vice President
"TPT GLOBAL TECH, INC.",8-K,Richard Eberhardt,Director,spacy,Director
"TPT GLOBAL TECH, INC.",8-K,Stephen J. Thomas,Chief Executive Officer,spacy,Chief Executive Officer
"TPT GLOBAL TECH, INC.",8-K,Roy Foreman,President,spacy,President
"TPT GLOBAL TECH, INC.",8-K,George Foreman,President,spacy,President
"TPT GLOBAL TECH, INC.",8-K,Mark Rowan,Coo,spacy,Chief Operating Officer
"ICHOR HOLDINGS, LTD.",8-K,Jeff Andreson,Chief Executive Officer,spacy,Chief Executive Officer
"ICHOR HOLDINGS, LTD.",8-K,Greg Swyt,Chief Financial Officer,spacy,Chief Financial Officer
Kinetik Holdings Inc.,8-K,Ronald Schweizer,Director,spacy,Director
Kinetik Holdings Inc.,8-K,Michael A. Kumar,Director,spacy,Director
MICROSTRATEGY Inc,8-K,Phong Le,President,spacy,President
MICROSTRATEGY Inc,8-K,Andrew Kang,Chief Financial Officer,spacy,Chief Financial Officer
"Revance Therapeutics, Inc.",8-K,Mark Foley,Chief Executive Officer,spacy,Chief Executive Officer
KLDiscovery Inc.,8-K,Christopher J. Weiler,Chief Executive Officer,spacy,Chief Executive Officer
OMNICOM GROUP INC.,8-K,John Wren,Chairman,spacy,Chair
"AVIAT NETWORKS, INC.",8-K,Pete Smith,President,spacy,President
"AVIAT NETWORKS, INC.",8-K,Peter Smith,President,spacy,President
"AVIAT NETWORKS, INC.",8-K,Andrew Fredrickson,President,spacy,President
"AVIAT NETWORKS, INC.",8-K,David Gray,President,spacy,President
V F CORP,8-K,Bracken Darrell,President,spacy,President
V F CORP,8-K,Matthew H. Puckett,Vice President,spacy,Vice President
Safe & Green Development Corp,8-K,Marina Martins,Ceo,spacy,Chief Executive Officer
"FRACTYL HEALTH, INC.",8-K,Sarah Toomey,Director,spacy,Director
"NU SKIN ENTERPRISES, INC.",8-K,James D. Thomas,Chief Financial Officer,spacy,Chief Financial Officer
Fortune Rise Acquisition Corp,8-K,T. Riggs,Cfo,spacy,Chief Financial Officer
"Aspen Technology, Inc.",8-K,Antonio Pietri,President,spacy,President
H&R BLOCK INC,8-K,Jeff Jones,President,spacy,President
H&R BLOCK INC,8-K,Tony Bowen,Director,spacy,Director
H&R BLOCK INC,8-K,Katharine M. Haynes,Vice President,spacy,Vice President
H&R BLOCK INC,8-K,Robert Gerard,Cfo,spacy,Chief Financial Officer
"Enphase Energy, Inc.",8-K,Mandy Yang,Chief Financial Officer,spacy,Chief Financial Officer
"Enphase Energy, Inc.",8-K,Badri Kothandaraman,President,spacy,President
KEY TRONIC CORP,8-K,Craig Gates,President,spacy,President
Varex Imaging Corp,8-K,Sunny Sanyal,Chief Executive Officer,spacy,Chief Executive Officer
AZEK Co Inc.,8-K,Jesse Singh,Ceo,spacy,Chief Executive Officer
InnovAge Holding Corp.,8-K,Patrick Blair,President,spacy,President
"KORE Group Holdings, Inc.",8-K,Paul Holtz,President,spacy,President
"KORE Group Holdings, Inc.",8-K,Jack Kennedy,President,spacy,President
"KORE Group Holdings, Inc.",8-K,Bryan Lubel,Vice President,spacy,Vice President
"KORE Group Holdings, Inc.",8-K,Tushar Sachdev,Vice President,spacy,Vice President
"KORE Group Holdings, Inc.",8-K,Louise Winstone,Vice President,spacy,Vice President
"Intapp, Inc.",8-K,John Hall,Ceo,spacy,Chief Executive Officer
EXELON CORP,8-K,Michael Innocenzo,President,spacy,President
EXELON CORP,8-K,Calvin G. Butler,Director,spacy,Director
EXELON CORP,8-K,David Velazquez,President,spacy,President
EXELON CORP,8-K,Mike Innocenzo,Chief Operating Officer,spacy,Chief Operating Officer
EXELON CORP,8-K,Dave Velazquez,Chief Operating Officer,spacy,Chief Operating Officer
EXELON CORP,8-K,Denise Galambos,Chief Operating Officer,spacy,Chief Operating Officer
EXELON CORP,8-K,Calvin Butler,Vice President,spacy,Vice President
EXELON CORP,8-K,Amy Best,Vice President,spacy,Vice President
EXELON CORP,8-K,Process Improvement,Ceo,spacy,Chief Executive Officer
Freshworks Inc.,8-K,Girish Mathrubootham,Ceo,spacy,Chief Executive Officer
Freshworks Inc.,8-K,Abe Smith,Unknown,spacy,Unknown
"Container Store Group, Inc.",8-K,Jeffrey A. Miller,Chief Financial Officer,spacy,Chief Financial Officer
"Container Store Group, Inc.",8-K,Nadav Ravid,Vice President,spacy,Vice President
"Container Store Group, Inc.",8-K,Leonard Green,Director,spacy,Director
GENCOR INDUSTRIES INC,8-K,Marc Elliott,President,spacy,President
GENCOR INDUSTRIES INC,8-K,Eric Mellen,Chief Financial Officer,spacy,Chief Financial Officer
Vestis Corp,8-K,Christopher Synek,Director,spacy,Director
CHIPOTLE MEXICAN GRILL INC,8-K,Chipotle Mexican Grill,Unknown,spacy,Unknown
CHIPOTLE MEXICAN GRILL INC,8-K,Chipotle Chipotle,Coo,spacy,Chief Operating Officer
"e.l.f. Beauty, Inc.",8-K,Mandy Fields Mandy,Chief Financial Officer,spacy,Chief Financial Officer
"e.l.f. Beauty, Inc.",8-K,Tarang Amin,Chairman,spacy,Chair
ADVANCED ENERGY INDUSTRIES INC,8-K,Steve Kelley,Cto,spacy,Chief Technology Officer
ADVANCED ENERGY INDUSTRIES INC,8-K,Paul Oldham,Chief Financial Officer,spacy,Chief Financial Officer
"Tenable Holdings, Inc.",8-K,Amit Yoran,Chairman,spacy,Chair
Zurn Elkay Water Solutions Corp,8-K,Todd A. Adams,Chairman,spacy,Chair
Zurn Elkay Water Solutions Corp,8-K,Todd Adams,Chairman,spacy,Chair
Zurn Elkay Water Solutions Corp,8-K,Mark Peterson,Chairman,spacy,Chair
USANA HEALTH SCIENCES INC,8-K,Douglas Hekking,President,spacy,President
USANA HEALTH SCIENCES INC,8-K,Jim Brown,President,spacy,President
USANA HEALTH SCIENCES INC,8-K,Doug Hekking,Chief Financial Officer,spacy,Chief Financial Officer
USANA HEALTH SCIENCES INC,8-K,G. Douglas,Chief Financial Officer,spacy,Chief Financial Officer
USANA HEALTH SCIENCES INC,8-K,G. Douglas Hekking,Chief Financial Officer,spacy,Chief Financial Officer
Copper Property CTL Pass Through Trust,8-K,Larry Finger,Unknown,spacy,Unknown
EVOLUTION PETROLEUM CORP,8-K,Kelly Loyd,President,spacy,President
Amcor plc,8-K,Ron Delia,Ceo,spacy,Chief Executive Officer
Amcor plc,8-K,Michael Casamento,Ceo,spacy,Chief Executive Officer
"Enact Holdings, Inc.",8-K,Rohit Gupta,President,spacy,President
"Enact Holdings, Inc.",8-K,Hardin Dean,Vice President,spacy,Vice President
"UDR, Inc.",8-K,Joseph D. Fisher,President,spacy,President
"UDR, Inc.",8-K,Tom Toomey,Chairman,spacy,Chair
"UDR, Inc.",8-K,Mike Lacy,Vice President,spacy,Vice President
"A10 Networks, Inc.",8-K,Dhrupad Trivedi,President,spacy,President
"A10 Networks, Inc.",8-K,Tom Baumann,Chief Financial Officer,spacy,Chief Financial Officer
AMGEN INC,8-K,Robert A. Bradway,Chairman,spacy,Chair
"American Assets Trust, Inc.",8-K,Robert F. Barton,Vice President,spacy,Vice President
"American Assets Trust, Inc.",8-K,Nordstrom Rack,Cto,spacy,Chief Technology Officer
"Kyndryl Holdings, Inc.",8-K,Vineet Khurana,Vice President,spacy,Vice President
"Kyndryl Holdings, Inc.",8-K,Martin Schroeter,Chairman,spacy,Chair
"Kyndryl Holdings, Inc.",8-K,David Wyshner,Chief Financial Officer,spacy,Chief Financial Officer
Edwards Lifesciences Corp,8-K,Bernard Zovighian,Ceo,spacy,Chief Executive Officer
FutureFuel Corp.,8-K,Rose M. Sparks,Chief Financial Officer,spacy,Chief Financial Officer
"Rekor Systems, Inc.",8-K,Robert A. Berman,Chief Executive Officer,spacy,Chief Executive Officer
"Rekor Systems, Inc.",8-K,Robert Berman Eyal,President,spacy,President
"Rekor Systems, Inc.",8-K,Michael Charles Dunbar,President,spacy,President
"Rekor Systems, Inc.",8-K,Robust Customer,Cto,spacy,Chief Technology Officer
"EXELIXIS, INC.",8-K,Michael M. Morrissey,President,spacy,President
"EXELIXIS, INC.",8-K,Mary C. Beckerle,Director,spacy,Director
"EXELIXIS, INC.",8-K,Gail Eckhardt,Director,spacy,Director
"EXELIXIS, INC.",8-K,Associate Dean,Director,spacy,Director
"EXELIXIS, INC.",8-K,Dan L.,Director,spacy,Director
"CNO Financial Group, Inc.",8-K,Gary C. Bhojwani,Chief Executive Officer,spacy,Chief Executive Officer
"Rexford Industrial Realty, Inc.",8-K,Howard Schwimmer,Chief Executive Officer,spacy,Chief Executive Officer
"Rexford Industrial Realty, Inc.",8-K,Michael Frankel,Chief Executive Officer,spacy,Chief Executive Officer
"LENSAR, Inc.",8-K,Nicholas T. Curtis,Director,spacy,Director
"Yum China Holdings, Inc.",8-K,Yum China,Cto,spacy,Chief Technology Officer
"O-I Glass, Inc. /DE/",8-K,Chris Manuel,Vice President,spacy,Vice President
"O-I Glass, Inc. /DE/",8-K,John A. Haudrich,Vice President,spacy,Vice President
"O-I Glass, Inc. /DE/",8-K,Andres Lopez,Ceo,spacy,Chief Executive Officer
"O-I Glass, Inc. /DE/",8-K,John Haudrich,Cto,spacy,Chief Technology Officer
"Loop Media, Inc.",8-K,Jon Niermann,Ceo,spacy,Chief Executive Officer
Veralto Corp,8-K,L. Honeycutt,President,spacy,President
Aptevo Therapeutics Inc.,8-K,Marvin L.,President,spacy,President
"ESSEX PROPERTY TRUST, INC.",8-K,Barbara Pak,Vice President,spacy,Vice President
KKR Real Estate Finance Trust Inc.,8-K,Matt Salem,Chief Executive Officer,spacy,Chief Executive Officer
ATMOS ENERGY CORP,8-K,Kevin Akers,President,spacy,President
ATMOS ENERGY CORP,8-K,Christopher T. Forsythe,Vice President,spacy,Vice President
"Senti Biosciences, Inc.",8-K,Timothy Lu,Chief Executive Officer,spacy,Chief Executive Officer
"NOCERA, INC.",8-K,Andy Jin,Cto,spacy,Chief Technology Officer
"NOCERA, INC.",8-K,Zong Hui,Director,spacy,Director
"NOCERA, INC.",8-K,Yuan Teng,Director,spacy,Director
ABERCROMBIE & FITCH CO /DE/,8-K,Gregory J. Henchel Gregory,Vice President,spacy,Vice President
"Harvard Apparatus Regenerative Technology, Inc.",8-K,Junli He,Chairman,spacy,Chair
"Harvard Apparatus Regenerative Technology, Inc.",8-K,Joseph L. Damasio,Chief Financial Officer,spacy,Chief Financial Officer
"Harvard Apparatus Regenerative Technology, Inc.",8-K,Junli He Junli,Chief Financial Officer,spacy,Chief Financial Officer
MILLER INDUSTRIES INC /TN/,8-K,Debbie Whitmire,Chief Financial Officer,spacy,Chief Financial Officer
MILLER INDUSTRIES INC /TN/,8-K,Mike Gaudreau,Chief Financial Officer,spacy,Chief Financial Officer
MILLER INDUSTRIES INC /TN/,8-K,William G. Miller,Chief Executive Officer,spacy,Chief Executive Officer
"BigBear.ai Holdings, Inc.",8-K,Julie Peffer,Cfo,spacy,Chief Financial Officer
"BigBear.ai Holdings, Inc.",8-K,Mandy Long,Ceo,spacy,Chief Executive Officer
"BigBear.ai Holdings, Inc.",8-K,Pangiam Decades,Ceo,spacy,Chief Executive Officer
NABORS INDUSTRIES LTD,8-K,Kara Peak,Vice President,spacy,Vice President
NABORS INDUSTRIES LTD,8-K,William Restrepo,Cfo,spacy,Chief Financial Officer
NABORS INDUSTRIES LTD,8-K,Kara K. Peak,Director,spacy,Director
"Bridger Aerospace Group Holdings, Inc.",8-K,James Muchmore,Chief Legal Officer,spacy,Chief Legal Officer
Legato Merger Corp. III,8-K,Adam Jaffe,Chief Executive Officer,spacy,Chief Executive Officer
Legato Merger Corp. III,8-K,Brian Pratt,Chief Executive Officer,spacy,Chief Executive Officer
Legato Merger Corp. III,8-K,David D. Sgro,Chief Spac Officer,spacy,Chief Spac Officer
Legato Merger Corp. III,8-K,Grand Cayman,Director,spacy,Director
Legato Merger Corp. III,8-K,Eric Rosenfeld,Chief Executive Officer,spacy,Chief Executive Officer
Legato Merger Corp. III,8-K,Adam Semler,Director,spacy,Director
Legato Merger Corp. III,8-K,John Ing,Director,spacy,Director
"NB Bancorp, Inc.",8-K,Danielle Walsh,Chief Financial Officer,spacy,Chief Financial Officer
LIGHTPATH TECHNOLOGIES INC,8-K,Albert Miranda,Chief Financial Officer,spacy,Chief Financial Officer
LIGHTPATH TECHNOLOGIES INC,8-K,Sam Rubin,Director,spacy,Director
LIGHTPATH TECHNOLOGIES INC,8-K,Kim Crider,Director,spacy,Director
LIGHTPATH TECHNOLOGIES INC,8-K,Elara Nova Space,Chief Executive Officer,spacy,Chief Executive Officer
REAVES UTILITY INCOME FUND,8-K,Joseph Rhame,President,spacy,President
REAVES UTILITY INCOME FUND,8-K,Jeremy May Jeremy,President,spacy,President
Rise Gold Corp.,8-K,Joseph Mullin,Director,spacy,Director
"Apollo Commercial Real Estate Finance, Inc.",8-K,Stuart Rothstein,Chief Executive Officer,spacy,Chief Executive Officer
TRIUMPH GROUP INC,8-K,Thomas A. Quigley,Vice President,spacy,Vice President
Nano Magic Inc.,8-K,Tom J. Berman,Chief Executive Officer,spacy,Chief Executive Officer
"EURONET WORLDWIDE, INC.",8-K,Rick L. Weller,Chief Financial Officer,spacy,Chief Financial Officer
EDGEWELL PERSONAL CARE Co,8-K,Gary K. Waring,Coo,spacy,Chief Operating Officer
EDGEWELL PERSONAL CARE Co,8-K,Daniel J. Sullivan,Chief Financial Officer,spacy,Chief Financial Officer
EDGEWELL PERSONAL CARE Co,8-K,J. Sullivan,Chief Financial Officer,spacy,Chief Financial Officer
EDGEWELL PERSONAL CARE Co,8-K,Rod Little,President,spacy,President
CVS HEALTH Corp,8-K,Ethan Slavin,Vice President,spacy,Vice President
"OneMain Holdings, Inc.",8-K,Doug Shulman,Chairman,spacy,Chair
Rithm Capital Corp.,8-K,Michael Nierenberg,Chairman,spacy,Chair
"XPO, Inc.",8-K,Mario Harik,Chief Executive Officer,spacy,Chief Executive Officer
"XPO, Inc.",8-K,Kyle Wismans,Chief Financial Officer,spacy,Chief Financial Officer
"XPO, Inc.",8-K,Brian Scasserra,Coo,spacy,Chief Operating Officer
EMERSON ELECTRIC CO,8-K,John A. Sperino,Vice President,spacy,Vice President
EMERSON ELECTRIC CO,8-K,Lal Karsanbhai,President,spacy,President
"Uber Technologies, Inc",8-K,Dara Khosrowshahi,Chief Executive Officer,spacy,Chief Executive Officer
Green Plains Inc.,8-K,Phil Boggs,Vice President,spacy,Vice President
Green Plains Inc.,8-K,Lisa Gibson,Vice President,spacy,Vice President
Reynolds Consumer Products Inc.,8-K,Lance Mitchell,President,spacy,President
Reynolds Consumer Products Inc.,8-K,David Watson,General Counsel,spacy,General Counsel
Performance Food Group Co,8-K,George Holm,Chairman,spacy,Chair
NEW YORK TIMES CO,8-K,Diane Brayton Diane,Vice President,spacy,Vice President
NEW YORK TIMES CO,8-K,Meredith Kopit Levien,President,spacy,President
NEUROCRINE BIOSCIENCES INC,8-K,Matthew C. Abernethy,Chief Financial Officer,spacy,Chief Financial Officer
NEUROCRINE BIOSCIENCES INC,8-K,Kevin Gorman,Chief Executive Officer,spacy,Chief Executive Officer
YUM BRANDS INC,8-K,Virginia Ferguson,Vice President,spacy,Vice President
YUM BRANDS INC,8-K,David Russell Sr,Vice President,spacy,Vice President
YUM BRANDS INC,8-K,Matt Morris,Vice President,spacy,Vice President
CDW Corp,8-K,Albert J. Miralles,Vice President,spacy,Vice President
CDW Corp,8-K,Christine A. Leahy,Chief Executive Officer,spacy,Chief Executive Officer
APx Acquisition Corp. I,8-K,Daniel Braatz,Director,spacy,Director
HAIN CELESTIAL GROUP INC,8-K,Wendy Davidson,President,spacy,President
Criteo S.A.,8-K,Megan Clarken,Chief Executive Officer,spacy,Chief Executive Officer
Criteo S.A.,8-K,Retail Media,Chief Executive Officer,spacy,Chief Executive Officer
VISHAY INTERTECHNOLOGY INC,8-K,Joel Smejkal,President,spacy,President
VISHAY INTERTECHNOLOGY INC,8-K,Peter Henrici,Vice President,spacy,Vice President
"SelectQuote, Inc.",8-K,Tim Danker,Chief Executive Officer,spacy,Chief Executive Officer
"MasterCraft Boat Holdings, Inc.",8-K,Fred Brightbill,Chief Executive Officer,spacy,Chief Executive Officer
"MasterCraft Boat Holdings, Inc.",8-K,Bobby Potter,Vice President,spacy,Vice President
Global Crossing Airlines Group Inc.,8-K,Edward J. Wegel,Director,spacy,Director
Global Crossing Airlines Group Inc.,8-K,Chris Jamroz,Director,spacy,Director
Global Crossing Airlines Group Inc.,8-K,Edward Wegel,Chief Executive Officer,spacy,Chief Executive Officer
Global Crossing Airlines Group Inc.,8-K,Ed Wegel,Chairman,spacy,Chair
GRIFFON CORP,8-K,Brian G. Harris,Chief Financial Officer,spacy,Chief Financial Officer
GRIFFON CORP,8-K,Ronald J. Kramer,Chairman,spacy,Chair
GRIFFON CORP,8-K,Michael Callahan,Chief Financial Officer,spacy,Chief Financial Officer
OMEROS CORP,8-K,Gregory A. Demopulos,President,spacy,President
"Reservoir Media, Inc.",8-K,Jim Heindlmeyer,Chief Financial Officer,spacy,Chief Financial Officer
"Reservoir Media, Inc.",8-K,Jackie Marcus,Vice President,spacy,Vice President
"Reservoir Media, Inc.",8-K,Margaret Jones,Vice President,spacy,Vice President
California Resources Corp,8-K,Michael L. Preston,Vice President,spacy,Vice President
Fox Corp,8-K,Lachlan Murdoch,Chief Executive Officer,spacy,Chief Executive Officer
WHITE MOUNTAINS INSURANCE GROUP LTD,8-K,Rob Jakacki,Ceo,spacy,Chief Executive Officer
Roblox Corp,8-K,Michael Guthrie,Chief Financial Officer,spacy,Chief Financial Officer
Roblox Corp,8-K,David Baszucki,Ceo,spacy,Chief Executive Officer
"Disc Medicine, Inc.",8-K,Jean M. Franchi,Treasurer,spacy,Treasurer
"Disc Medicine, Inc.",8-K,Joanne Bryce,Chief Financial Officer,spacy,Chief Financial Officer
"Disc Medicine, Inc.",8-K,Jonathan Yu,Chief Operating Officer,spacy,Chief Operating Officer
"Disc Medicine, Inc.",8-K,John Quisel,Chief Executive Officer,spacy,Chief Executive Officer
"Disc Medicine, Inc.",8-K,Jean Franchi,Chief Financial Officer,spacy,Chief Financial Officer
iPower Inc.,8-K,Sean Mansouri,Cto,spacy,Chief Technology Officer
TWIN DISC INC,8-K,Twin Disc,Unknown,spacy,Unknown
AMERICAN FINANCIAL GROUP INC,8-K,Karl J. Grafe,Vice President,spacy,Vice President
AMERICAN FINANCIAL GROUP INC,8-K,Diane P. Weidner,Vice President,spacy,Vice President
ClearSign Technologies Corp,8-K,Jim Deller,Chief Executive Officer,spacy,Chief Executive Officer
DMC Global Inc.,8-K,Michael Kuta,President,spacy,President
DMC Global Inc.,8-K,James Henry Schladen,Cto,spacy,Chief Technology Officer
DMC Global Inc.,8-K,Victoria Ann Schladen,Cto,spacy,Chief Technology Officer
DMC Global Inc.,8-K,Robert Sayour,Cto,spacy,Chief Technology Officer
DMC Global Inc.,8-K,Micheline Sayour,Cto,spacy,Chief Technology Officer
DMC Global Inc.,8-K,Eric Walter,Cfo,spacy,Chief Financial Officer
NATURAL HEALTH TRENDS CORP,8-K,Chris Sharng,President,spacy,President
CASSAVA SCIENCES INC,8-K,Remi Barbier,President,spacy,President
CASSAVA SCIENCES INC,8-K,Eric Schoen,Chief Financial Officer,spacy,Chief Financial Officer
CASSAVA SCIENCES INC,8-K,Suzanne Hendrix,Ceo,spacy,Chief Executive Officer
IDEX CORP /DE/,8-K,Eric D. Ashleman,Chief Executive Officer,spacy,Chief Executive Officer
IDEX CORP /DE/,8-K,Eric Ashleman,Chief Executive Officer,spacy,Chief Executive Officer
Chilean Cobalt Corp.,8-K,Ignacio Moreno Fernandez,Cto,spacy,Chief Technology Officer
Chilean Cobalt Corp.,8-K,Duncan Blount,Chairman,spacy,Chair
Chilean Cobalt Corp.,8-K,Greg Levinson,Chairman,spacy,Chair
Chilean Cobalt Corp.,8-K,Andy Sloop,Director,spacy,Director
Chilean Cobalt Corp.,8-K,Geraldine Barnuevo,Director,spacy,Director
TTM TECHNOLOGIES INC,8-K,Sameer Desai,Chief Legal Officer,spacy,Chief Legal Officer
TTM TECHNOLOGIES INC,8-K,Daniel J. Weber,Vice President,spacy,Vice President
TTM TECHNOLOGIES INC,8-K,Tom Edman,Ceo,spacy,Chief Executive Officer
Laser Photonics Corp,8-K,Ryan Tennyson,Director,spacy,Director
Laser Photonics Corp,8-K,Wayne Tupuola,Ceo,spacy,Chief Executive Officer
"MachTen, Inc.",8-K,Dan Miller,Chief Executive Officer,spacy,Chief Executive Officer
STEELCASE INC,8-K,David C. Sylvester,Vice President,spacy,Vice President
"VACCINEX, INC.",8-K,Albert D. Friedberg,Director,spacy,Director
Arax Holdings Corp,8-K,Christopher D. Strachan,Chief Financial Officer,spacy,Chief Financial Officer
Arax Holdings Corp,8-K,Soft Cap,Cto,spacy,Chief Technology Officer
Arax Holdings Corp,8-K,Michael Lasky,Chief Executive Officer,spacy,Chief Executive Officer
MONOLITHIC POWER SYSTEMS INC,8-K,Michael Hsing,Ceo,spacy,Chief Executive Officer
Knowles Corp,8-K,Jeffrey Niew,President,spacy,President
ENANTA PHARMACEUTICALS INC,8-K,Paul J. Mellett,Unknown,spacy,Unknown
MCKESSON CORP,8-K,Brian Tyler,Chief Executive Officer,spacy,Chief Executive Officer
MCKESSON CORP,8-K,Britt J. Vitalone,Vice President,spacy,Vice President
"Digital Turbine, Inc.",8-K,James Barrett Garrison,Vice President,spacy,Vice President
"Digital Turbine, Inc.",8-K,Bill Stone,Ceo,spacy,Chief Executive Officer
"Confluent, Inc.",8-K,Jay Kreps,Ceo,spacy,Chief Executive Officer
"Confluent, Inc.",8-K,Rohan Sivaram,Cfo,spacy,Chief Financial Officer
Walt Disney Co,8-K,Robert A. Iger,Chief Executive Officer,spacy,Chief Executive Officer
"Fluence Energy, Inc.",8-K,Francis A. Fuselier,Vice President,spacy,Vice President
"Fluence Energy, Inc.",8-K,Julian Nebreda,President,spacy,President
"Fluence Energy, Inc.",8-K,Ahmed Pasha,Chief Financial Officer,spacy,Chief Financial Officer
MATTEL INC /DE/,8-K,Dawn Ostroff,Director,spacy,Director
MATTEL INC /DE/,8-K,Ynon Kreiz,Chairman,spacy,Chair
MATTEL INC /DE/,8-K,Todd Bradley,Director,spacy,Director
MATTEL INC /DE/,8-K,Ann Lewnes,Director,spacy,Director
MATTEL INC /DE/,8-K,Adriana Cisneros,Director,spacy,Director
MATTEL INC /DE/,8-K,Michael Dolan,Director,spacy,Director
MATTEL INC /DE/,8-K,Diana Ferguson,Director,spacy,Director
MATTEL INC /DE/,8-K,Soren Laursen,Director,spacy,Director
MATTEL INC /DE/,8-K,Roger Lynch,Director,spacy,Director
MATTEL INC /DE/,8-K,Judy Olian,Director,spacy,Director
UNIVERSAL TECHNICAL INSTITUTE INC,8-K,Jerome Grant,Ceo,spacy,Chief Executive Officer
UNIVERSAL TECHNICAL INSTITUTE INC,8-K,Kevin Prehn,President,spacy,President
UNIVERSAL TECHNICAL INSTITUTE INC,8-K,Carolyn Frank,President,spacy,President
UNIVERSAL TECHNICAL INSTITUTE INC,8-K,Troy Anderson,Cfo,spacy,Chief Financial Officer
UNIVERSAL TECHNICAL INSTITUTE INC,8-K,Matt Glover,Vice President,spacy,Vice President
CSG SYSTEMS INTERNATIONAL INC,8-K,Brian Shepherd,President,spacy,President
CSG SYSTEMS INTERNATIONAL INC,8-K,John Rea,Cto,spacy,Chief Technology Officer
WYNN RESORTS LTD,8-K,Craig Billings,Ceo,spacy,Chief Executive Officer
WYNN RESORTS LTD,8-K,Wynn Al Marjan Island,Ceo,spacy,Chief Executive Officer
"GoPro, Inc.",8-K,Nicholas Woodman,Chief Executive Officer,spacy,Chief Executive Officer
"QUALYS, INC.",8-K,Sumedh Thakar,President,spacy,President
"QUALYS, INC.",8-K,Joo Mi Kim Joo,Chief Financial Officer,spacy,Chief Financial Officer
"Viking Therapeutics, Inc.",8-K,Brian Lian,President,spacy,President
"Viking Therapeutics, Inc.",8-K,Vida Strategic,Chief Financial Officer,spacy,Chief Financial Officer
"Viking Therapeutics, Inc.",8-K,Stephanie Diaz,Chief Financial Officer,spacy,Chief Financial Officer
"Viking Therapeutics, Inc.",8-K,Tim Brons,Chief Financial Officer,spacy,Chief Financial Officer
SAGA COMMUNICATIONS INC,8-K,Samuel D. Bush,Vice President,spacy,Vice President
FORMFACTOR INC,8-K,Mike Slessor,Ceo,spacy,Chief Executive Officer
"Oscar Health, Inc.",8-K,Mark Bertolini,Ceo,spacy,Chief Executive Officer
"Inotiv, Inc.",8-K,Beth A. Taylor,Chief Financial Officer,spacy,Chief Financial Officer
"PayPal Holdings, Inc.",8-K,Alex Chriss,President,spacy,President
Envista Holdings Corp,8-K,Stephen Keller,Unknown,spacy,Unknown
"Hepion Pharmaceuticals, Inc.",8-K,Anand Reddi,Director,spacy,Director
"Pioneer Bancorp, Inc./MD",8-K,Thomas L. Amell,President,spacy,President
"YETI Holdings, Inc.",8-K,Bryan C. Barksdale,Vice President,spacy,Vice President
CENTRAL GARDEN & PET CO,8-K,Nicholas Lahanas,Chief Financial Officer,spacy,Chief Financial Officer
CENTRAL GARDEN & PET CO,8-K,Beth Springer,Ceo,spacy,Chief Executive Officer
Moelis & Co,8-K,Joe Simon,Chairman,spacy,Chair
Moelis & Co,8-K,Ken Moelis,Chairman,spacy,Chair
Moelis & Co,8-K,Bruno Brandao,Director,spacy,Director
Moelis & Co,8-K,Science Tools,Director,spacy,Director
Moelis & Co,8-K,Matt Janukowicz,Director,spacy,Director
Moelis & Co,8-K,Craig Kolwicz,Director,spacy,Director
Moelis & Co,8-K,Andrew Swift,Director,spacy,Director
Moelis & Co,8-K,Mark Webber,Director,spacy,Director
ANNALY CAPITAL MANAGEMENT INC,8-K,David Finkelstein,Chief Executive Officer,spacy,Chief Executive Officer
ASGN Inc,8-K,Ted Hanson,Chief Executive Officer,spacy,Chief Executive Officer
UNIVERSAL CORP /VA/,8-K,Preston D. Wigner,Vice President,spacy,Vice President
"MOLINA HEALTHCARE, INC.",8-K,Joseph Zubretsky,President,spacy,President
"MOLINA HEALTHCARE, INC.",8-K,Joseph Krocheski,Chief Legal Officer,spacy,Chief Legal Officer
"CORPAY, INC.",8-K,Tom Panther,Chief Financial Officer,spacy,Chief Financial Officer
"CORPAY, INC.",8-K,Ron Clarke,Chairman,spacy,Chair
"CORPAY, INC.",8-K,Jim Eglseder,Chief Executive Officer,spacy,Chief Executive Officer
"DHI GROUP, INC.",8-K,Art Zeile,President,spacy,President
"DHI GROUP, INC.",8-K,Raime Leeby,Cfo,spacy,Chief Financial Officer
"DHI GROUP, INC.",8-K,Raime Leeby Muhle,Chief Financial Officer,spacy,Chief Financial Officer
"Terns Pharmaceuticals, Inc.",8-K,Amy Burroughs,Director,spacy,Director
"Terns Pharmaceuticals, Inc.",8-K,Jill M. Quigley,Director,spacy,Director
"Terns Pharmaceuticals, Inc.",8-K,Bryan Yoon Bryan,Chief Operating Officer,spacy,Chief Operating Officer
Regional Management Corp.,8-K,Daniel Ryan,Vice President,spacy,Vice President
Regional Management Corp.,8-K,Tom Murphy,Vice President,spacy,Vice President
Regional Management Corp.,8-K,Madison Ave,Vice President,spacy,Vice President
Regional Management Corp.,8-K,Morgan Stanford,Vice President,spacy,Vice President
Regional Management Corp.,8-K,John Thomas,Vice President,spacy,Vice President
EASTGROUP PROPERTIES INC,8-K,Marshall Loeb,Treasurer,spacy,Treasurer
EASTGROUP PROPERTIES INC,8-K,Staci H. Tyler,Chief Administrative Officer,spacy,Chief Administrative Officer
AXCELIS TECHNOLOGIES INC,8-K,Russell Low,President,spacy,President
"QUINSTREET, INC",8-K,Wong Gregory,Chief Financial Officer,spacy,Chief Financial Officer
"QUINSTREET, INC",8-K,Doug Valenti,Ceo,spacy,Chief Executive Officer
O REILLY AUTOMOTIVE INC,8-K,Jay Burchfield,Director,spacy,Director
O REILLY AUTOMOTIVE INC,8-K,Jeremy A. Fletcher,Vice President,spacy,Vice President
O REILLY AUTOMOTIVE INC,8-K,Greg Johnson,Ceo,spacy,Chief Executive Officer
O REILLY AUTOMOTIVE INC,8-K,Brad Beckham,Ceo,spacy,Chief Executive Officer
O REILLY AUTOMOTIVE INC,8-K,Brent Kirby,Ceo,spacy,Chief Executive Officer
PVH CORP. /DE/,8-K,Mark D. Fischer,Vice President,spacy,Vice President
BLACK HILLS CORP /SD/,8-K,Linn Evans,President,spacy,President
BLACK HILLS CORP /SD/,8-K,Normal Actual Variance,Cto,spacy,Chief Technology Officer
STEWART INFORMATION SERVICES CORP,8-K,David C. Hisey,Chief Financial Officer,spacy,Chief Financial Officer
STEWART INFORMATION SERVICES CORP,8-K,Fred Eppinger,Chief Executive Officer,spacy,Chief Executive Officer
Encompass Health Corp,8-K,Mark Tarr,President,spacy,President
COTY INC.,8-K,Sue Nabi,Ceo,spacy,Chief Executive Officer
COTY INC.,8-K,Jean Holtzmann,Chief Brands Officer,spacy,Chief Brands Officer
COTY INC.,8-K,Hugo Boss,Chief Brands Officer,spacy,Chief Brands Officer
GLOBE LIFE INC.,8-K,Christopher T. Moore,Vice President,spacy,Vice President
GLOBE LIFE INC.,8-K,Mike Majors,Vice President,spacy,Vice President
OMEGA HEALTHCARE INVESTORS INC,8-K,Gail D. Makode,Chief Legal Officer,spacy,Chief Legal Officer
STERIS plc,8-K,Dan Carestio,President,spacy,President
STERIS plc,8-K,Julie Winter,Vice President,spacy,Vice President
Murphy USA Inc.,8-K,Andrew Clyde,President,spacy,President
HORACE MANN EDUCATORS CORP /DE/,8-K,Heather J. Wietzel,Vice President,spacy,Vice President
HORACE MANN EDUCATORS CORP /DE/,8-K,Horace Mann,President,spacy,President
HORACE MANN EDUCATORS CORP /DE/,8-K,Marita Zuraitis,President,spacy,President
FIRST INDUSTRIAL REALTY TRUST INC,8-K,Art Harmon,Vice President,spacy,Vice President
NeuroPace Inc,8-K,Rebecca Kuhn,Chief Financial Officer,spacy,Chief Financial Officer
AMERICAN TOWER CORP /MA/,8-K,Steven O. Vondran,Cto,spacy,Chief Technology Officer
AMERICAN TOWER CORP /MA/,8-K,Thomas A. Bartlett,Chief Executive Officer,spacy,Chief Executive Officer
AMERICAN TOWER CORP /MA/,8-K,Ruth T. Dowling,Vice President,spacy,Vice President
"MAXIMUS, INC.",8-K,Bruce Caswell,President,spacy,President
"MAXIMUS, INC.",8-K,John T. Martinez,General Counsel,spacy,General Counsel
STREAMLINE HEALTH SOLUTIONS INC.,8-K,Benjamin Stilwill,Director,spacy,Director
STREAMLINE HEALTH SOLUTIONS INC.,8-K,Bryant J. Reeves,Chief Financial Officer,spacy,Chief Financial Officer
STREAMLINE HEALTH SOLUTIONS INC.,8-K,Benjamin L. Stilwill,Director,spacy,Director
STREAMLINE HEALTH SOLUTIONS INC.,8-K,Matthew Etheridge,Director,spacy,Director
STREAMLINE HEALTH SOLUTIONS INC.,8-K,Tee Green,Chairman,spacy,Chair
RMR GROUP INC.,8-K,Adam Portnoy,President,spacy,President
RMR GROUP INC.,8-K,Kevin Barry,Director,spacy,Director
"BM Technologies, Inc.",8-K,Jim Dullinger,Chief Financial Officer,spacy,Chief Financial Officer
"BM Technologies, Inc.",8-K,James Dullinger,Chief Financial Officer,spacy,Chief Financial Officer
"BM Technologies, Inc.",8-K,Ajay Asija,Director,spacy,Director
"BM Technologies, Inc.",8-K,James Donahue,Chief Executive Officer,spacy,Chief Executive Officer
"ESPORTS ENTERTAINMENT GROUP, INC.",8-K,Michael Villani,Chief Financial Officer,spacy,Chief Financial Officer
"ESPORTS ENTERTAINMENT GROUP, INC.",8-K,Jenny Pace,Chief Financial Officer,spacy,Chief Financial Officer
Serve Robotics Inc. /DE/,8-K,Ali Kashani,Chief Executive Officer,spacy,Chief Executive Officer
Serve Robotics Inc. /DE/,8-K,Del Sorbo,Vice President,spacy,Vice President
"Clean Energy Technologies, Inc.",8-K,Kambiz Mahdi,Chief Executive Officer,spacy,Chief Executive Officer
Magnera Corp,8-K,Curt Begle,Director,spacy,Director
Magnera Corp,8-K,Solicitation Berry,Director,spacy,Director
Magnera Corp,8-K,Kevin Kwilinski,Chief Executive Officer,spacy,Chief Executive Officer
Magnera Corp,8-K,Thomas Fahnemann,President,spacy,President
Magnera Corp,8-K,Strategic Rationale,Chairman,spacy,Chair
Magnera Corp,8-K,Mark Miles,President,spacy,President
GEOSPACE TECHNOLOGIES CORP,8-K,Robert L. Curda,Vice President,spacy,Vice President
"REPUBLIC SERVICES, INC.",8-K,Catharine D. Ellingsen,Vice President,spacy,Vice President
Axalta Coating Systems Ltd.,8-K,Chris Villavarayan,Ceo,spacy,Chief Executive Officer
Prestige Consumer Healthcare Inc.,8-K,Ron Lombardi,Chief Executive Officer,spacy,Chief Executive Officer
"Global Net Lease, Inc.",8-K,Edward M. Weil,Chief Executive Officer,spacy,Chief Executive Officer
"RXO, Inc.",8-K,Drew Wilkerson,Chief Executive Officer,spacy,Chief Executive Officer
"ZIMMER BIOMET HOLDINGS, INC.",8-K,Ivan Tornos,President,spacy,President
"ZIMMER BIOMET HOLDINGS, INC.",8-K,Louis A. Shapiro,Director,spacy,Director
"Spectrum Brands Holdings, Inc.",8-K,David Maura,Chairman,spacy,Chair
"TAPESTRY, INC.",8-K,Joanne Crevoiserat,Chief Executive Officer,spacy,Chief Executive Officer
"TAPESTRY, INC.",8-K,Kate Spade,Chief Executive Officer,spacy,Chief Executive Officer
"TAPESTRY, INC.",8-K,Stuart Weitzman,Chief Executive Officer,spacy,Chief Executive Officer
"TAPESTRY, INC.",8-K,Andrea Shaw Resnick,Chief Communications Officer,spacy,Chief Communications Officer
Anterix Inc.,8-K,Paul Saleh,Director,spacy,Director
HERSHEY CO,8-K,Michele Buck,President,spacy,President
HERSHEY CO,8-K,Homestyle Pretzels,Cto,spacy,Chief Technology Officer
KIMCO REALTY CORP,8-K,David F. Bujnicki,Vice President,spacy,Vice President
Kenvue Inc.,8-K,Thibaut Mongon,Chief Executive Officer,spacy,Chief Executive Officer
Kenvue Inc.,8-K,Paul Ruh,Chief Financial Officer,spacy,Chief Financial Officer
LIQUIDITY SERVICES INC,8-K,Mark A. Shaffer,Chief Legal Officer,spacy,Chief Legal Officer
LIQUIDITY SERVICES INC,8-K,Bill Angrick,Ceo,spacy,Chief Executive Officer
LINCOLN NATIONAL CORP,8-K,Tina Madon,Vice President,spacy,Vice President
PRICE T ROWE GROUP INC,8-K,Rob Sharps,Chief Executive Officer,spacy,Chief Executive Officer
PRICE T ROWE GROUP INC,8-K,Jennifer B. Dardis,Vice President,spacy,Vice President
PRICE T ROWE GROUP INC,8-K,Jen Dardis,Chief Executive Officer,spacy,Chief Executive Officer
PRICE T ROWE GROUP INC,8-K,Eric Veiel,Chief Executive Officer,spacy,Chief Executive Officer
MASCO CORP /DE/,8-K,Keith Allman,President,spacy,President
ASBURY AUTOMOTIVE GROUP INC,8-K,David Hult,President,spacy,President
"BioXcel Therapeutics, Inc.",8-K,Javier Rodriguez,Chief Legal Officer,spacy,Chief Legal Officer
TransDigm Group INC,8-K,Kevin Stein,President,spacy,President
BAXTER INTERNATIONAL INC,8-K,Joel Grade,Vice President,spacy,Vice President
BAXTER INTERNATIONAL INC,8-K,Chris Toth,Vice President,spacy,Vice President
BAXTER INTERNATIONAL INC,8-K,Kidney Care,Vice President,spacy,Vice President
"Intercontinental Exchange, Inc.",8-K,Jeffrey C. Sprecher,Chief Executive Officer,spacy,Chief Executive Officer
"Intercontinental Exchange, Inc.",8-K,Warren Gardiner,Chief Financial Officer,spacy,Chief Financial Officer
Gates Industrial Corp plc,8-K,Ivo Jurek,Chief Executive Officer,spacy,Chief Executive Officer
Perella Weinberg Partners,8-K,Andrew Bednar,Chief Executive Officer,spacy,Chief Executive Officer
"Under Armour, Inc.",8-K,Stephanie Linnartz,President,spacy,President
Sabre Corp,8-K,Elaine Paul,Director,spacy,Director
Sabre Corp,8-K,Rachel Gonzalez,Director,spacy,Director
Sabre Corp,8-K,Zane Rowe,Director,spacy,Director
Sabre Corp,8-K,Sean Menke,Director,spacy,Director
Sabre Corp,8-K,Elaine Paul Paul,Cfo,spacy,Chief Financial Officer
ANI PHARMACEUTICALS INC,8-K,Nikhil Lalwani,President,spacy,President
"ARROW ELECTRONICS, INC.",8-K,Sean Kerins,President,spacy,President
"National Vision Holdings, Inc.",8-K,Randy Peeler,Chairman,spacy,Chair
"National Vision Holdings, Inc.",8-K,Reade Fahs,Ceo,spacy,Chief Executive Officer
Lumentum Holdings Inc.,8-K,Alan Lowe,President,spacy,President
IRADIMED CORP,8-K,Roger Susi,President,spacy,President
IRADIMED CORP,8-K,John Glenn,Chief Financial Officer,spacy,Chief Financial Officer
"Tenaya Therapeutics, Inc.",8-K,Leone D. Patterson,Unknown,spacy,Unknown
"INSPERITY, INC.",8-K,Christian P. Callens,Vice President,spacy,Vice President
"INSPERITY, INC.",8-K,Paul J. Sarvadi,Chairman,spacy,Chair
RALPH LAUREN CORP,8-K,Patrice Louvet,President,spacy,President
RALPH LAUREN CORP,8-K,Jane Hamilton Nielsen,Chief Operating Officer,spacy,Chief Operating Officer
CONOCOPHILLIPS,8-K,Christopher P. Delk,Vice President,spacy,Vice President
CONOCOPHILLIPS,8-K,Ryan Lance,Chairman,spacy,Chair
CION Investment Corp,8-K,Michael A. Reisner,Chief Executive Officer,spacy,Chief Executive Officer
Ladder Capital Corp,8-K,Brian Harris,Chief Executive Officer,spacy,Chief Executive Officer
"NNN REIT, INC.",8-K,Steve Horn,Chief Executive Officer,spacy,Chief Executive Officer
"NNN REIT, INC.",8-K,Kevin B. Habicht,Vice President,spacy,Vice President
MDU RESOURCES GROUP INC,8-K,Jason L. Vollmer,Vice President,spacy,Vice President
MDU RESOURCES GROUP INC,8-K,Laura Lueder,Treasurer,spacy,Treasurer
MDU RESOURCES GROUP INC,8-K,Brent Miller,Treasurer,spacy,Treasurer
UFP TECHNOLOGIES INC,8-K,Ronald J. Lataille,Chief Executive Officer,spacy,Chief Executive Officer
UFP TECHNOLOGIES INC,8-K,Christopher P. Litterio,President,spacy,President
UFP TECHNOLOGIES INC,8-K,Steve Cardin,Vice President,spacy,Vice President
UFP TECHNOLOGIES INC,8-K,Mitchell Rock,Chairman,spacy,Chair
RBC Bearings INC,8-K,Michael J. Hartnett,Chairman,spacy,Chair
"Track Group, Inc.",8-K,Peter K. Poli,Chief Financial Officer,spacy,Chief Financial Officer
"Track Group, Inc.",8-K,Peter Poli,Chief Financial Officer,spacy,Chief Financial Officer
"Track Group, Inc.",8-K,Derek Cassell,Ceo,spacy,Chief Executive Officer
CSP INC /MA/,8-K,Charles Blackmon,Cto,spacy,Chief Technology Officer
CSP INC /MA/,8-K,C. Shelton James,Cto,spacy,Chief Technology Officer
CSP INC /MA/,8-K,Marilyn T. Smith,Cto,spacy,Chief Technology Officer
"CoreCivic, Inc.",8-K,David M. Garfinkle,Vice President,spacy,Vice President
"CoreCivic, Inc.",8-K,Damon T. Hininger,President,spacy,President
NATIONAL RURAL UTILITIES COOPERATIVE FINANCE CORP /DC/,8-K,Gary Bradbury,Coo,spacy,Chief Operating Officer
NATIONAL RURAL UTILITIES COOPERATIVE FINANCE CORP /DC/,8-K,Nathan Howard,General Counsel,spacy,General Counsel
EGAIN Corp,8-K,Ashu Roy,Ceo,spacy,Chief Executive Officer
"Collective Audience, Inc.",8-K,Joe Zawadzki,Chairman,spacy,Chair
"Collective Audience, Inc.",8-K,Joseph Zawadzki,Director,spacy,Director
"Collective Audience, Inc.",8-K,Chris Andrews,Chief Operating Officer,spacy,Chief Operating Officer
"Expedia Group, Inc.",8-K,Ariane Gorin,President,spacy,President
"Expedia Group, Inc.",8-K,Peter Kern,President,spacy,President
"Expedia Group, Inc.",8-K,Ariane Gorin Ariane,Chief Legal Officer,spacy,Chief Legal Officer
"Expedia Group, Inc.",8-K,Succeed Peter Kern,Ceo,spacy,Chief Executive Officer
"Expedia Group, Inc.",8-K,Barry Diller,Ceo,spacy,Chief Executive Officer
POWER INTEGRATIONS INC,8-K,Balu Balakrishnan,Chairman,spacy,Chair
DEXCOM INC,8-K,Kevin Sayer,Chairman,spacy,Chair
PETMED EXPRESS INC,8-K,Matt Hulett,Ceo,spacy,Chief Executive Officer
StepStone Group Inc.,8-K,David Y. Park,Chief Financial Officer,spacy,Chief Financial Officer
"RADIANT LOGISTICS, INC",8-K,Bohn Crain,Ceo,spacy,Chief Executive Officer
"Tharimmune, Inc.",8-K,Randy Milby,Chief Executive Officer,spacy,Chief Executive Officer
"Affirm Holdings, Inc.",8-K,Max Levchin,Chief Executive Officer,spacy,Chief Executive Officer
"Doximity, Inc.",8-K,Jeff Tangney,Ceo,spacy,Chief Executive Officer
PRO DEX INC,8-K,Van Kirk,Ceo,spacy,Chief Executive Officer
PRO DEX INC,8-K,Richard L. Van Kirk,Chief Financial Officer,spacy,Chief Financial Officer
PRO DEX INC,8-K,Richard L.,Ceo,spacy,Chief Executive Officer
"Spire Global, Inc.",8-K,Ioannis Martinos,Cto,spacy,Chief Technology Officer
STRATTEC SECURITY CORP,8-K,Rolando Guillot,Ceo,spacy,Chief Executive Officer
STRATTEC SECURITY CORP,8-K,F. Jack Liebau,Chairman,spacy,Chair
STRATTEC SECURITY CORP,8-K,Dennis Bowe,Vice President,spacy,Vice President
VERISIGN INC/CA,8-K,Thomas C. Indelicarto,Vice President,spacy,Vice President
VERISIGN INC/CA,8-K,Jim Bidzos,Chairman,spacy,Chair
"i3 Verticals, Inc.",8-K,Greg Daily,Chairman,spacy,Chair
"Banzai International, Inc.",8-K,Legacy Banzai,Cto,spacy,Chief Technology Officer
MYERS INDUSTRIES INC,8-K,Grant Fitz,Chief Financial Officer,spacy,Chief Financial Officer
MYERS INDUSTRIES INC,8-K,Meghan Beringer,Director,spacy,Director
BOYD GAMING CORP,8-K,Keith Smith,President,spacy,President
BOYD GAMING CORP,8-K,Boyd Gaming,President,spacy,President
Capri Holdings Ltd,8-K,Thomas J. Edwards,Vice President,spacy,Vice President
"agilon health, inc.",8-K,Steve Sell,Chief Executive Officer,spacy,Chief Executive Officer
"agilon health, inc.",8-K,Benjamin Kornitzer,Director,spacy,Director
"agilon health, inc.",8-K,Karthik Rao,Chief Medical Officer,spacy,Chief Medical Officer
"agilon health, inc.",8-K,Denise V. Zamore,Vice President,spacy,Vice President
"agilon health, inc.",8-K,Kevin Spencer,Director,spacy,Director
"BILL Holdings, Inc.",8-K,John Rettig,President,spacy,President
Paylocity Holding Corp,8-K,Steve Beauchamp,Chief Executive Officer,spacy,Chief Executive Officer
"CareTrust REIT, Inc.",8-K,Dave Sedgwick,President,spacy,President
Summit Therapeutics Inc.,8-K,Maky Zanganeh,Chief Executive Officer,spacy,Chief Executive Officer
"RCI HOSPITALITY HOLDINGS, INC.",8-K,Eric Langan,President,spacy,President
LIONS GATE ENTERTAINMENT CORP /CN/,8-K,Jon Feltheimer,Ceo,spacy,Chief Executive Officer
"FORRESTER RESEARCH, INC.",8-K,Ed Bryce Morris,Vice President,spacy,Vice President
"PINTEREST, INC.",8-K,Julia Brau Donnelly,Chief Financial Officer,spacy,Chief Financial Officer
"PINTEREST, INC.",8-K,Bill Ready,Ceo,spacy,Chief Executive Officer
"CISCO SYSTEMS, INC.",8-K,Alternative Currency,Cto,spacy,Chief Technology Officer
"CISCO SYSTEMS, INC.",8-K,Thomas J. Tarasovich,Vice President,spacy,Vice President
VIAD CORP,8-K,Steve Moster,President,spacy,President
HENNESSY ADVISORS INC,8-K,Teresa Nilsen,President,spacy,President
HENNESSY ADVISORS INC,8-K,Teresa M. Nilsen Teresa,President,spacy,President
HENNESSY ADVISORS INC,8-K,M. Nilsen,President,spacy,President
HENNESSY ADVISORS INC,8-K,Neil Hennessy,Chairman,spacy,Chair
"Mueller Water Products, Inc.",8-K,Martie Edmunds Zakas,Chief Executive Officer,spacy,Chief Executive Officer
"Motorola Solutions, Inc.",8-K,Greg Brown,Chairman,spacy,Chair
ESCO TECHNOLOGIES INC,8-K,Bryan Sayler,Chief Executive Officer,spacy,Chief Executive Officer
ESCO TECHNOLOGIES INC,8-K,James M. Stolze,Director,spacy,Director
ESCO TECHNOLOGIES INC,8-K,Christopher L. Tucker,Vice President,spacy,Vice President
TAKE TWO INTERACTIVE SOFTWARE INC,8-K,Matthew Breitman,Vice President,spacy,Vice President
TAKE TWO INTERACTIVE SOFTWARE INC,8-K,Strauss Zelnick,Chairman,spacy,Chair
"Research Solutions, Inc.",8-K,William Nurthen,Chief Financial Officer,spacy,Chief Financial Officer
"Research Solutions, Inc.",8-K,Bill Nurthen,President,spacy,President
"Cloudflare, Inc.",8-K,Douglas Kramer,Chief Legal Officer,spacy,Chief Legal Officer
SYNAPTICS Inc,8-K,Michael Hurlston,President,spacy,President
Zymeworks Inc.,8-K,Alessandra Cesano,Director,spacy,Director
Zymeworks Inc.,8-K,Kenneth Hillan,Director,spacy,Director
Zymeworks Inc.,8-K,Derek Miller,Director,spacy,Director
Zymeworks Inc.,8-K,Carlos Campoy,Director,spacy,Director
Zymeworks Inc.,8-K,Nancy Davidson,Director,spacy,Director
Zymeworks Inc.,8-K,Susan Mahony,Director,spacy,Director
Zymeworks Inc.,8-K,Diana Papove,Director,spacy,Director
IBEX Ltd,8-K,Bob Dechant,Ceo,spacy,Chief Executive Officer
IBEX Ltd,8-K,Taylor Greenwald,Cfo,spacy,Chief Financial Officer
IBEX Ltd,8-K,Michael Darwal,Director,spacy,Director
IBEX Ltd,8-K,Daniel Burris,Director,spacy,Director
"Alpine Income Property Trust, Inc.",8-K,John P. Albright,President,spacy,President
"Alpine Income Property Trust, Inc.",8-K,Matthew M. Partridge,Vice President,spacy,Vice President
MOHAWK INDUSTRIES INC,8-K,James Brunk,Chief Financial Officer,spacy,Chief Financial Officer
MOHAWK INDUSTRIES INC,8-K,Jeff Lorberbaum,Chairman,spacy,Chair
"PROS Holdings, Inc.",8-K,Jen Kohlmeyer,Director,spacy,Director
"PROS Holdings, Inc.",8-K,Andres Reiner,Ceo,spacy,Chief Executive Officer
SPS COMMERCE INC,8-K,Kim Nelson,Cfo,spacy,Chief Financial Officer
PhenixFIN Corp,8-K,David Lorber,Chief Executive Officer,spacy,Chief Executive Officer
"PRECIGEN, INC.",8-K,Helen Sabzevari,Chief Executive Officer,spacy,Chief Executive Officer
FIRSTENERGY CORP,8-K,Brian X. Tierney,President,spacy,President
FIRSTENERGY CORP,8-K,Jason J. Lisowski,Vice President,spacy,Vice President
FIRSTENERGY CORP,8-K,K. Jon Taylor,President,spacy,President
FIRSTENERGY CORP,8-K,Toby Thomas,Chief Operating Officer,spacy,Chief Operating Officer
FIRSTENERGY CORP,8-K,Wade Smith,President,spacy,President
FIRSTENERGY CORP,8-K,Irene M. Prezelj,Vice President,spacy,Vice President
FIRSTENERGY CORP,8-K,Delinda Herman,Vice President,spacy,Vice President
"Victory Capital Holdings, Inc.",8-K,David Brown,Chairman,spacy,Chair
"Victory Capital Holdings, Inc.",8-K,Matthew Dennis,Director,spacy,Director
"Victory Capital Holdings, Inc.",8-K,Jessica Davila,Director,spacy,Director
"Sensei Biotherapeutics, Inc.",8-K,Samuel Broder,Director,spacy,Director
"Sensei Biotherapeutics, Inc.",8-K,Bill Ringo,Director,spacy,Director
"Nutanix, Inc.",8-K,Tyler Wall,Director,spacy,Director
"Nutanix, Inc.",8-K,Rukmini Sivaraman,Chief Financial Officer,spacy,Chief Financial Officer
COPT DEFENSE PROPERTIES,8-K,Anthony Mifsud,Vice President,spacy,Vice President
COPT DEFENSE PROPERTIES,8-K,A. Snider,President,spacy,President
Zai Lab Ltd,8-K,F. Ty Edmondson,Chief Legal Officer,spacy,Chief Legal Officer
Anywhere Real Estate Inc.,8-K,Angelo Gordon,Coo,spacy,Chief Operating Officer
Anywhere Real Estate Inc.,8-K,Joseph Lenz,Director,spacy,Director
Anywhere Real Estate Inc.,8-K,Ryan M. Schneider,Director,spacy,Director
Anywhere Real Estate Inc.,8-K,Charlotte C. Simonelli,Director,spacy,Director
Anywhere Real Estate Inc.,8-K,Alicia Swift,Director,spacy,Director
Anywhere Real Estate Inc.,8-K,Ryan Mollett,Director,spacy,Director
Anywhere Real Estate Inc.,8-K,Benson Kane,Director,spacy,Director
Anywhere Real Estate Inc.,8-K,Mark Bernstein,Director,spacy,Director
Anywhere Real Estate Inc.,8-K,Joseph Z. Lenz,Director,spacy,Director
Anywhere Real Estate Inc.,8-K,Joe Lenz,Director,spacy,Director
Anywhere Real Estate Inc.,8-K,Michael J. Williams,Chairman,spacy,Chair
Anywhere Real Estate Inc.,8-K,Ryan Schneider,President,spacy,President
Great Elm Capital Corp.,8-K,Keri A. Davis,Chief Financial Officer,spacy,Chief Financial Officer
Great Elm Capital Corp.,8-K,Adam M. Kleinman,President,spacy,President
Great Elm Capital Corp.,8-K,Jason Reese,Chief Executive Officer,spacy,Chief Executive Officer
CENTRUS ENERGY CORP,8-K,Amir Vexler,President,spacy,President
"UNIVERSAL INSURANCE HOLDINGS, INC.",8-K,Arash Soleimani,Chief Strategy Officer,spacy,Chief Strategy Officer
Predictive Oncology Inc.,8-K,Pamela Bush,Chief Business Officer,spacy,Chief Business Officer
"Jingbo Technology, Inc.",8-K,Guowei Zhang,Chief Executive Officer,spacy,Chief Executive Officer
"PIXELWORKS, INC",8-K,Haley F. Aman,Chief Financial Officer,spacy,Chief Financial Officer
"PIXELWORKS, INC",8-K,Haley Aman,President,spacy,President
"APTARGROUP, INC.",8-K,Stephan B. Tanda,President,spacy,President
Bitcoin Depot Inc.,8-K,Jackie Marks,Director,spacy,Director
"Digerati Technologies, Inc.",8-K,Michael Bogdan,Unknown,spacy,Unknown
"Digerati Technologies, Inc.",8-K,Jeffrey Posner,Cto,spacy,Chief Technology Officer
"Digerati Technologies, Inc.",8-K,Art Smith,Chief Financial Officer,spacy,Chief Financial Officer
"Digerati Technologies, Inc.",8-K,Verve Cloud,Chief Financial Officer,spacy,Chief Financial Officer
"Digerati Technologies, Inc.",8-K,Jerry Ou Estate,President,spacy,President
"Digerati Technologies, Inc.",8-K,Paul Golibart,President,spacy,President
SENSIENT TECHNOLOGIES CORP,8-K,Stephen J. Rolfs,Director,spacy,Director
SENSIENT TECHNOLOGIES CORP,8-K,Paul Manning,Chairman,spacy,Chair
SENSIENT TECHNOLOGIES CORP,8-K,Brett Bruggeman,Director,spacy,Director
SENSIENT TECHNOLOGIES CORP,8-K,Stephen Rolfs,Chairman,spacy,Chair
"NantHealth, Inc.",8-K,Ronald Louks,Chief Operating Officer,spacy,Chief Operating Officer
"NantHealth, Inc.",8-K,Bob Petrou,Chief Financial Officer,spacy,Chief Financial Officer
Maison Solutions Inc.,8-K,John Xu,Chief Executive Officer,spacy,Chief Executive Officer
Maison Solutions Inc.,8-K,Chris Zhang,Chief Executive Officer,spacy,Chief Executive Officer
Maison Solutions Inc.,8-K,Yi Hou,Coo,spacy,Chief Operating Officer
Sezzle Inc.,8-K,Karen Webster,Director,spacy,Director
CENTURY CASINOS INC /CO/,8-K,Erwin Haitzmann,Chief Executive Officer,spacy,Chief Executive Officer
CENTURY CASINOS INC /CO/,8-K,Peter Hoetzinger,Chief Executive Officer,spacy,Chief Executive Officer
"BGSF, INC.",8-K,C. David Allen,Director,spacy,Director
"BGSF, INC.",8-K,John Barnett,Chief Financial Officer,spacy,Chief Financial Officer
Proto Labs Inc,8-K,Rob Bodor,President,spacy,President
Proto Labs Inc,8-K,Daniel Schumacher,Chief Financial Officer,spacy,Chief Financial Officer
BLUE OWL CAPITAL INC.,8-K,Alan Kirshenbaum,Chief Financial Officer,spacy,Chief Financial Officer
BLUE OWL CAPITAL INC.,8-K,Doug Ostrover,Ceo,spacy,Chief Executive Officer
BLUE OWL CAPITAL INC.,8-K,Marc Lipschultz,Ceo,spacy,Chief Executive Officer
ENBRIDGE INC,8-K,Greg Ebel,President,spacy,President
AMC Networks Inc.,8-K,Kristin Dolan,Chief Executive Officer,spacy,Chief Executive Officer
Essent Group Ltd.,8-K,Mark A. Casale,Chairman,spacy,Chair
Centessa Pharmaceuticals plc,8-K,Saurabh Saha,Chief Executive Officer,spacy,Chief Executive Officer
Centessa Pharmaceuticals plc,8-K,Paid Instructor,Cto,spacy,Chief Technology Officer
NEWELL BRANDS INC.,8-K,Mark J. Erceg,Chief Financial Officer,spacy,Chief Financial Officer
NEWELL BRANDS INC.,8-K,Chris Peterson,President,spacy,President
"INSPIRE VETERINARY PARTNERS, INC.",8-K,Stephen Faucetta,Chief Administrative Officer,spacy,Chief Administrative Officer
"INSPIRE VETERINARY PARTNERS, INC.",8-K,Dear Kimball Carr,Chief Executive Officer,spacy,Chief Executive Officer
"INSPIRE VETERINARY PARTNERS, INC.",8-K,Rafael Pereira Inspire,President,spacy,President
"INSPIRE VETERINARY PARTNERS, INC.",8-K,Adam Vance Chambers,President,spacy,President
W. P. Carey Inc.,8-K,Jason Fox,Chief Executive Officer,spacy,Chief Executive Officer
W. P. Carey Inc.,8-K,Denmark Size,Coo,spacy,Chief Operating Officer
MOTORCAR PARTS OF AMERICA INC,8-K,Selwyn Joffe,Chairman,spacy,Chair
"Cidara Therapeutics, Inc.",8-K,Jeffrey Stein,President,spacy,President
"Enveric Biosciences, Inc.",8-K,Joseph Tucker,Chief Executive Officer,spacy,Chief Executive Officer
"Humacyte, Inc.",8-K,Laura Niklason,Chief Executive Officer,spacy,Chief Executive Officer
PLAINS ALL AMERICAN PIPELINE LP,8-K,Willie Chiang,Chairman,spacy,Chair
"EVI INDUSTRIES, INC.",8-K,Robert H. Lazar,Chief Financial Officer,spacy,Chief Financial Officer
"EVI INDUSTRIES, INC.",8-K,Henry M. Nahmad,Chairman,spacy,Chair
Trilogy Metals Inc.,8-K,Tony Giardini,President,spacy,President
Trilogy Metals Inc.,8-K,Elaine Sanders,President,spacy,President
Trilogy Metals Inc.,8-K,Richard Gosse,Vice President,spacy,Vice President
Owens Corning,8-K,Marcus Devlin,Director,spacy,Director
Owens Corning,8-K,Howard Heckes,President,spacy,President
Owens Corning,8-K,Gina A. Beredo,Vice President,spacy,Vice President
Owens Corning,8-K,Matthew Fortunak,Vice President,spacy,Vice President
Owens Corning,8-K,Brian Chambers,Chief Executive Officer,spacy,Chief Executive Officer
Owens Corning,8-K,Masonite Richard Leland,Treasurer,spacy,Treasurer
"Columbia Seligman Premium Technology Growth Fund, Inc.",8-K,Kevin Howley,Unknown,spacy,Unknown
"H&E Equipment Services, Inc.",8-K,Jeffrey L. Chastain,Chief Financial Officer,spacy,Chief Financial Officer
"A-Mark Precious Metals, Inc.",8-K,Carol Meltzer,General Counsel,spacy,General Counsel
"A-Mark Precious Metals, Inc.",8-K,Greg Roberts,Ceo,spacy,Chief Executive Officer
"A-Mark Precious Metals, Inc.",8-K,Steve Reiner,Vice President,spacy,Vice President
"Techpoint, Inc.",8-K,Fumihiro Kozato,President,spacy,President
"Techpoint, Inc.",8-K,Hiroshi Kondo,President,spacy,President
NATIONAL HEALTHCARE CORP,8-K,Brian F. Kidd,Chief Financial Officer,spacy,Chief Financial Officer
WATTS WATER TECHNOLOGIES INC,8-K,Rebecca Boll,Director,spacy,Director
WATTS WATER TECHNOLOGIES INC,8-K,Allied Domecq,Unknown,spacy,Unknown
SONIC AUTOMOTIVE INC,8-K,Jeff Dyke,Chairman,spacy,Chair
SONIC AUTOMOTIVE INC,8-K,David Bruton Smith,Chairman,spacy,Chair
"E2open Parent Holdings, Inc.",8-K,Deep Shah,Cto,spacy,Chief Technology Officer
"Couchbase, Inc.",8-K,Greg Henry,Chief Financial Officer,spacy,Chief Financial Officer
"Invivyd, Inc.",8-K,Tomas Heyman,Director,spacy,Director
"Invivyd, Inc.",8-K,William Duke,Chief Financial Officer,spacy,Chief Financial Officer
"Invivyd, Inc.",8-K,Clive Meanwell,Director,spacy,Director
"Invivyd, Inc.",8-K,Tamsin Berry,Director,spacy,Director
"Invivyd, Inc.",8-K,David Hering,Chief Executive Officer,spacy,Chief Executive Officer
"Invivyd, Inc.",8-K,Tillman U. Gerngross,Chief Executive Officer,spacy,Chief Executive Officer
"Presidio Property Trust, Inc.",8-K,Steven Hightower,Director,spacy,Director
"Presidio Property Trust, Inc.",8-K,Gary Katz,Chief Investment Officer,spacy,Chief Investment Officer
"Presidio Property Trust, Inc.",8-K,Edwin Bentzen,Chief Financial Officer,spacy,Chief Financial Officer
"Spero Therapeutics, Inc.",8-K,Tamara Joseph,Director,spacy,Director
"Spero Therapeutics, Inc.",8-K,Sath Shukla,Chief Executive Officer,spacy,Chief Executive Officer
"Spero Therapeutics, Inc.",8-K,Satyavrat Shukla Satyavrat,President,spacy,President
"Block, Inc.",8-K,Larry Summers,Director,spacy,Director
AMTECH SYSTEMS INC,8-K,Bob Daigle,Chief Executive Officer,spacy,Chief Executive Officer
HF Foods Group Inc.,8-K,Felix Lin,President,spacy,President
HF Foods Group Inc.,8-K,Xi Lin,President,spacy,President
HF Foods Group Inc.,8-K,Xiao Mou Zhang,Chief Executive Officer,spacy,Chief Executive Officer
Broadcom Inc.,8-K,Kenneth Y. Hao,Director,spacy,Director
U S GLOBAL INVESTORS INC,8-K,Frank Holmes,Ceo,spacy,Chief Executive Officer
U S GLOBAL INVESTORS INC,8-K,Holly Schoenfeldt,Chief Financial Officer,spacy,Chief Financial Officer
"Edesa Biotech, Inc.",8-K,Par Nijhawan,Chief Executive Officer,spacy,Chief Executive Officer
"SUTRO BIOPHARMA, INC.",8-K,William J. Newell,Chief Executive Officer,spacy,Chief Executive Officer
"SUTRO BIOPHARMA, INC.",8-K,Edward Albini,Chief Financial Officer,spacy,Chief Financial Officer
"SUTRO BIOPHARMA, INC.",8-K,Squire Patton Boggs,Unknown,spacy,Unknown
byNordic Acquisition Corp,8-K,Michael Hermansson,Chief Executive Officer,spacy,Chief Executive Officer
SONIC FOUNDRY INC,8-K,Ken Minor,Chief Financial Officer,spacy,Chief Financial Officer
AMERICAN STATES WATER CO,8-K,Robert J. Sprowls,Director,spacy,Director
AMERICAN STATES WATER CO,8-K,Eva G. Tang,Vice President,spacy,Vice President
AMERICAN STATES WATER CO,8-K,Paul J. Rowley,Treasurer,spacy,Treasurer
AMERICAN STATES WATER CO,8-K,Gladys M. Farrow,Vice President,spacy,Vice President
"4D Molecular Therapeutics, Inc.",8-K,Bibi Maduri,Director,spacy,Director
"Clearday, Inc.",8-K,Daniel J. Mendez,Unknown,spacy,Unknown
"Clearday, Inc.",8-K,Sergio L. Mendez,Unknown,spacy,Unknown
TWILIO INC,8-K,Advance Notice,Director,spacy,Director
WEIS MARKETS INC,8-K,Kurt A. Schertle,Vice President,spacy,Vice President
WEIS MARKETS INC,8-K,Harold G. Graber,Vice President,spacy,Vice President
WEIS MARKETS INC,8-K,Michael T. Lockard,Vice President,spacy,Vice President
"P10, Inc.",8-K,Luke Sarsfield,Chief Executive Officer,spacy,Chief Executive Officer
"P10, Inc.",8-K,William F. Souder,Cto,spacy,Chief Technology Officer
"P10, Inc.",8-K,William Souder,Chief Financial Officer,spacy,Chief Financial Officer
Yellow Corp,8-K,Matthew Doheny,Chief Restructuring Officer,spacy,Chief Restructuring Officer
Evoke Pharma Inc,8-K,David A. Gonyer,Chief Executive Officer,spacy,Chief Executive Officer
Evoke Pharma Inc,8-K,Solana Beach,Chief Executive Officer,spacy,Chief Executive Officer
PILGRIMS PRIDE CORP,8-K,Joanita Karoleski,Director,spacy,Director
PILGRIMS PRIDE CORP,8-K,Batista Filho,Director,spacy,Director
PILGRIMS PRIDE CORP,8-K,Matthew Galvanoni,Chief Financial Officer,spacy,Chief Financial Officer
PILGRIMS PRIDE CORP,8-K,Joesley Batista,Unknown,spacy,Unknown
PILGRIMS PRIDE CORP,8-K,Wesley Batista Filho,Director,spacy,Director
PILGRIMS PRIDE CORP,8-K,Joanita Maestri Karoleski,Director,spacy,Director
"Mister Car Wash, Inc.",8-K,Atif Rafiq,Director,spacy,Director
"Mister Car Wash, Inc.",8-K,Car Wash,General Counsel,spacy,General Counsel
"Mister Car Wash, Inc.",8-K,Markus Hartmann,General Counsel,spacy,General Counsel
American Resources Corp,8-K,Tarlis Thompson,Chief Executive Officer,spacy,Chief Executive Officer
American Resources Corp,8-K,Mark C. Jensen,Chief Executive Officer,spacy,Chief Executive Officer
American Resources Corp,8-K,Mark Jensen,Ceo,spacy,Chief Executive Officer
Landsea Homes Corp,8-K,Mike Forsum,President,spacy,President
"Investview, Inc.",8-K,David B. Rothrock,Chief Executive Officer,spacy,Chief Executive Officer
"Investview, Inc.",8-K,Kecks Rd,Chief Executive Officer,spacy,Chief Executive Officer
"Investview, Inc.",8-K,Chad Miller,Cto,spacy,Chief Technology Officer
"AN2 Therapeutics, Inc.",8-K,Eric Easom,Chief Executive Officer,spacy,Chief Executive Officer
BIG LOTS INC,8-K,Bruce Thorn,President,spacy,President
BIG LOTS INC,8-K,Ronald A. Robins,Vice President,spacy,Vice President
"Immunovant, Inc.",8-K,Eva Renee,Chief Financial Officer,spacy,Chief Financial Officer
"Immunovant, Inc.",8-K,Barnett Eva Renee,Chief Financial Officer,spacy,Chief Financial Officer
"Larimar Therapeutics, Inc.",8-K,Russell Clayton,Chief Medical Officer,spacy,Chief Medical Officer
"Larimar Therapeutics, Inc.",8-K,Ellen Wiegner,Director,spacy,Director
Garrett Motion Inc.,8-K,Paul A. Camuti,Director,spacy,Director
Garrett Motion Inc.,8-K,Paul A. Camuti Appointed,Vice President,spacy,Vice President
Garrett Motion Inc.,8-K,Paul Camuti,Chairman,spacy,Chair
"Grace Therapeutics, Inc.",8-K,Prashant Kohli,Cto,spacy,Chief Technology Officer
POTBELLY CORP,8-K,Steve Cirulis,Cfo,spacy,Chief Financial Officer
POTBELLY CORP,8-K,Revolving Exposure,Cto,spacy,Chief Technology Officer
POTBELLY CORP,8-K,Adiya Dixon,Cfo,spacy,Chief Financial Officer
POTBELLY CORP,8-K,James Doyle,Unknown,spacy,Unknown
"Diamondback Energy, Inc.",8-K,William F. Krueger,Vice President,spacy,Vice President
"Diamondback Energy, Inc.",8-K,Lance Robertson,President,spacy,President
"Diamondback Energy, Inc.",8-K,Travis Stice,Chairman,spacy,Chair
"Diamondback Energy, Inc.",8-K,Charles Meloy,Director,spacy,Director
"Xenetic Biosciences, Inc.",8-K,Curis Lockshin,Chief Scientific Officer,spacy,Chief Scientific Officer
CBL & ASSOCIATES PROPERTIES INC,8-K,Katie Reinsmidt,Vice President,spacy,Vice President
CBL & ASSOCIATES PROPERTIES INC,8-K,Stephen D. Lebovitz,Chief Executive Officer,spacy,Chief Executive Officer
CBL & ASSOCIATES PROPERTIES INC,8-K,Galleria Nashville,Coo,spacy,Chief Operating Officer
CBL & ASSOCIATES PROPERTIES INC,8-K,Square Clarksville,Coo,spacy,Chief Operating Officer
CBL & ASSOCIATES PROPERTIES INC,8-K,Pointe Chattanooga,Coo,spacy,Chief Operating Officer
CBL & ASSOCIATES PROPERTIES INC,8-K,Mall Rockford,Coo,spacy,Chief Operating Officer
CBL & ASSOCIATES PROPERTIES INC,8-K,Hamilton Place Chattanooga,Cto,spacy,Chief Technology Officer
CBL & ASSOCIATES PROPERTIES INC,8-K,Stroud Mall Stroudsburg,Cto,spacy,Chief Technology Officer
CBL & ASSOCIATES PROPERTIES INC,8-K,Hobby Lobby,Cto,spacy,Chief Technology Officer
CBL & ASSOCIATES PROPERTIES INC,8-K,Von Maur,Cto,spacy,Chief Technology Officer
TRANSUITE.ORG INC.,8-K,Andrii Krot,Cto,spacy,Chief Technology Officer
"SPIRITS TIME INTERNATIONAL, INC.",8-K,Mark A. Scharmann,President,spacy,President
"SYNLOGIC, INC.",8-K,Aoife Brennan,President,spacy,President
"BioAtla, Inc.",8-K,Richard Waldron,Chief Financial Officer,spacy,Chief Financial Officer
"Simulations Plus, Inc.",8-K,Will Frederick Will,Chief Financial Officer,spacy,Chief Financial Officer
Royalty Management Holding Corp,8-K,Roy Smith,Director,spacy,Director
Royalty Management Holding Corp,8-K,Benjamin Wrightsman,Director,spacy,Director
Royalty Management Holding Corp,8-K,Daniel Hasler,Director,spacy,Director
Royalty Management Holding Corp,8-K,Gary Ehlebracht,Director,spacy,Director
Royalty Management Holding Corp,8-K,Thomas M. Sauve,Chief Executive Officer,spacy,Chief Executive Officer
LATTICE SEMICONDUCTOR CORP,8-K,Jim Anderson,President,spacy,President
LATTICE SEMICONDUCTOR CORP,8-K,Sophia Hong Rick Muscha,Cto,spacy,Chief Technology Officer
LATTICE SEMICONDUCTOR CORP,8-K,Sherri Luther,Cfo,spacy,Chief Financial Officer
LATTICE SEMICONDUCTOR CORP,8-K,Perienne De Jaray,Cto,spacy,Chief Technology Officer
ZoomInfo Technologies Inc.,8-K,Henry Schuck,Ceo,spacy,Chief Executive Officer
"Arista Networks, Inc.",8-K,Chantelle Breithaupt,Cfo,spacy,Chief Financial Officer
"Arista Networks, Inc.",8-K,Liz Stine,Director,spacy,Director
"TrueBlue, Inc.",8-K,David Cruz,Director,spacy,Director
"DELTA APPAREL, INC",8-K,Justin M. Grow,Vice President,spacy,Vice President
TERADATA CORP /DE/,8-K,Claire Bramley,Chief Financial Officer,spacy,Chief Financial Officer
"STERLING INFRASTRUCTURE, INC.",8-K,Ronald A. Ballschmiede,Director,spacy,Director
"STERLING INFRASTRUCTURE, INC.",8-K,Ronald Ballschmiede,Chief Financial Officer,spacy,Chief Financial Officer
"STERLING INFRASTRUCTURE, INC.",8-K,Joe Cutillo,Ceo,spacy,Chief Executive Officer
"Medpace Holdings, Inc.",8-K,Kevin M. Brady,Chief Financial Officer,spacy,Chief Financial Officer
Equity Commonwealth,8-K,Sam Zell,Chairman,spacy,Chair
Equity Commonwealth,8-K,Peter Linneman,Cto,spacy,Chief Technology Officer
Equity Commonwealth,8-K,James A. Star,Cto,spacy,Chief Technology Officer
UTG INC,8-K,Douglas P. Ditto,Director,spacy,Director
UTG INC,8-K,Daniel T. Roberts,Ceo,spacy,Chief Executive Officer
UTG INC,8-K,Daniel Roberts,Vice President,spacy,Vice President
UTG INC,8-K,Theodore C. Miller,Ceo,spacy,Chief Executive Officer
"Brighthouse Financial, Inc.",8-K,Eric Steigerwalt,President,spacy,President
BEASLEY BROADCAST GROUP INC,8-K,Caroline Beasley,Chief Executive Officer,spacy,Chief Executive Officer
BEASLEY BROADCAST GROUP INC,8-K,B. Caroline Beasley,Chief Executive Officer,spacy,Chief Executive Officer
BEASLEY BROADCAST GROUP INC,8-K,Joseph Jaffoni,Chief Executive Officer,spacy,Chief Executive Officer
BEASLEY BROADCAST GROUP INC,8-K,Jennifer Neuman,Chief Executive Officer,spacy,Chief Executive Officer
"MultiSensor AI Holdings, Inc.",8-K,Steve Guidry,Unknown,spacy,Unknown
"MultiSensor AI Holdings, Inc.",8-K,Andrew Klobucar,Director,spacy,Director
"MultiSensor AI Holdings, Inc.",8-K,David Gow,Chairman,spacy,Chair
Energy Services of America CORP,8-K,Douglas Reynolds,President,spacy,President
Energy Services of America CORP,8-K,Charles Crimmel,Chief Financial Officer,spacy,Chief Financial Officer
NL INDUSTRIES INC,8-K,Amy A. Samford,Vice President,spacy,Vice President
INTEGRATED BIOPHARMA INC,8-K,Dina Masi,Cfo,spacy,Chief Financial Officer
INTEGRATED BIOPHARMA INC,8-K,Christina Kay,Chief Executive Officer,spacy,Chief Executive Officer
VORNADO REALTY TRUST,8-K,Kenneth C. Griffin,Ceo,spacy,Chief Executive Officer
ASTROTECH Corp,8-K,Jaime Hinojosa,Chief Financial Officer,spacy,Chief Financial Officer
ASTROTECH Corp,8-K,Thomas B. Pickens,Chairman,spacy,Chair
BARNWELL INDUSTRIES INC,8-K,Russell M. Gifford,Chief Executive Officer,spacy,Chief Executive Officer
PEGASYSTEMS INC,8-K,Matthew J. Cushing,Vice President,spacy,Vice President
"Cadrenal Therapeutics, Inc.",8-K,Dear Jeff,Chief Operating Officer,spacy,Chief Operating Officer
"Cadrenal Therapeutics, Inc.",8-K,Ponte Vedra,Chief Executive Officer,spacy,Chief Executive Officer
"Cadrenal Therapeutics, Inc.",8-K,Matthew Szot,Cfo,spacy,Chief Financial Officer
"Cadrenal Therapeutics, Inc.",8-K,Robert Blum,Cfo,spacy,Chief Financial Officer
Trinseo PLC,8-K,Frank Bozich,President,spacy,President
Trinseo PLC,8-K,Andy Myers,President,spacy,President
Trinseo PLC,8-K,David Stasse,Vice President,spacy,Vice President
"Hudson Pacific Properties, Inc.",8-K,Mark Lammas,President,spacy,President
"Hudson Pacific Properties, Inc.",8-K,Lisa Burelli,Cto,spacy,Chief Technology Officer
"Hudson Pacific Properties, Inc.",8-K,Drew B. Gordon,Chief Executive Officer,spacy,Chief Executive Officer
"Hudson Pacific Properties, Inc.",8-K,Kay L. Tidwell,Chairman,spacy,Chair
"Hudson Pacific Properties, Inc.",8-K,Jonathan M. Glaser,Director,spacy,Director
"Hudson Pacific Properties, Inc.",8-K,Andy Wattula,Chairman,spacy,Chair
"Hudson Pacific Properties, Inc.",8-K,Christopher Barton,Chairman,spacy,Chair
"Hudson Pacific Properties, Inc.",8-K,Gary Hansel,Vice President,spacy,Vice President
"Hudson Pacific Properties, Inc.",8-K,Steven Jaffe,Vice President,spacy,Vice President
"Hudson Pacific Properties, Inc.",8-K,Arthur X. Suazo,Vice President,spacy,Vice President
"Hudson Pacific Properties, Inc.",8-K,Leasing Chuck We,Vice President,spacy,Vice President
"Hudson Pacific Properties, Inc.",8-K,Mark D. Linehan,Vice President,spacy,Vice President
"Hudson Pacific Properties, Inc.",8-K,Andrea Wong,Chairman,spacy,Chair
"Hudson Pacific Properties, Inc.",8-K,Jeff Spector,Director,spacy,Director
"Hudson Pacific Properties, Inc.",8-K,Tom Catherwood,Cto,spacy,Chief Technology Officer
"Hudson Pacific Properties, Inc.",8-K,Michael Griffin,Cto,spacy,Chief Technology Officer
"Hudson Pacific Properties, Inc.",8-K,Caitlin Burrows,Cto,spacy,Chief Technology Officer
"Hudson Pacific Properties, Inc.",8-K,Laura Campbell,Vice President,spacy,Vice President
"KBS Real Estate Investment Trust III, Inc.",8-K,Jeffrey K. Waldvogel,Chief Financial Officer,spacy,Chief Financial Officer
EPLUS INC,8-K,Mark Marron,President,spacy,President
EPLUS INC,8-K,Erica Stoecker,General Counsel,spacy,General Counsel
EPLUS INC,8-K,Darren Raiguel,General Counsel,spacy,General Counsel
EPLUS INC,8-K,Elaine Marion,Ceo,spacy,Chief Executive Officer
EPLUS INC,8-K,Elaine D. Marion,Chief Financial Officer,spacy,Chief Financial Officer
EPLUS INC,8-K,William Blair,Ceo,spacy,Chief Executive Officer
EPLUS INC,8-K,William Blair Okay,Ceo,spacy,Chief Executive Officer
EPLUS INC,8-K,Matt Sheerin,Ceo,spacy,Chief Executive Officer
EPLUS INC,8-K,Hey Matt,Ceo,spacy,Chief Executive Officer
EPLUS INC,8-K,Stifel Okay,Ceo,spacy,Chief Executive Officer
EPLUS INC,8-K,Greg Burns,Ceo,spacy,Chief Executive Officer
EPLUS INC,8-K,Sidoti Alright,Ceo,spacy,Chief Executive Officer
"Hagerty, Inc.",8-K,Diana Chafey,Chief Legal Officer,spacy,Chief Legal Officer
WASTE MANAGEMENT INC,8-K,Charles C. Boettcher,Vice President,spacy,Vice President
WASTE MANAGEMENT INC,8-K,Jim Fish,President,spacy,President
DIRTT ENVIRONMENTAL SOLUTIONS LTD,8-K,Fareeha Khan,Chief Financial Officer,spacy,Chief Financial Officer
KVH INDUSTRIES INC DE,8-K,Anthony Pike,Director,spacy,Director
KVH INDUSTRIES INC DE,8-K,Roger A. Kuebel,Cto,spacy,Chief Technology Officer
KVH INDUSTRIES INC DE,8-K,Robert Balog,Director,spacy,Director
WESCO INTERNATIONAL INC,8-K,John Engel,Chairman,spacy,Chair
GREENBRIER COMPANIES INC,8-K,Adrian J. Downes,Vice President,spacy,Vice President
"Shattuck Labs, Inc.",8-K,Shattuck Labs,Chief Executive Officer,spacy,Chief Executive Officer
"Shattuck Labs, Inc.",8-K,Taylor Schreiber,Chief Executive Officer,spacy,Chief Executive Officer
TransUnion,8-K,Chris Cartwright,President,spacy,President
TransUnion,8-K,Todd Cello,President,spacy,President
HERC HOLDINGS INC,8-K,Larry Silber,President,spacy,President
HERC HOLDINGS INC,8-K,Aaron Birnbaum,President,spacy,President
SITE Centers Corp.,8-K,Estero Crossing,President,spacy,President
SITE Centers Corp.,8-K,Ross Dress,Coo,spacy,Chief Operating Officer
"HASBRO, INC.",8-K,Universes Beyond,Cto,spacy,Chief Technology Officer
"KalVista Pharmaceuticals, Inc.",8-K,Andrew Crockett,Chief Executive Officer,spacy,Chief Executive Officer
"KalVista Pharmaceuticals, Inc.",8-K,Benjamin L. Palleiko,President,spacy,President
"KalVista Pharmaceuticals, Inc.",8-K,Hereditary Angioedema,Cto,spacy,Chief Technology Officer
"KalVista Pharmaceuticals, Inc.",8-K,Bradykinin Kininogen,Cto,spacy,Chief Technology Officer
"KalVista Pharmaceuticals, Inc.",8-K,Marc A. Riedl,Director,spacy,Director
"KalVista Pharmaceuticals, Inc.",8-K,Jarrod Aldom,Vice President,spacy,Vice President
"KalVista Pharmaceuticals, Inc.",8-K,Ryan Baker Head,Vice President,spacy,Vice President
MOLSON COORS BEVERAGE CO,8-K,Gavin Hattersley,Coo,spacy,Chief Operating Officer
MOLSON COORS BEVERAGE CO,8-K,Tracey Joubert,Chief Financial Officer,spacy,Chief Financial Officer
MOLSON COORS BEVERAGE CO,8-K,Natalie G. Maciolek,Coo,spacy,Chief Operating Officer
MOLSON COORS BEVERAGE CO,8-K,Miller Lite,Coo,spacy,Chief Operating Officer
MOLSON COORS BEVERAGE CO,8-K,Simply Spiked,Coo,spacy,Chief Operating Officer
MOLSON COORS BEVERAGE CO,8-K,Molson Canadian,Coo,spacy,Chief Operating Officer
MOODYS CORP /DE/,8-K,Rob Fauber,President,spacy,President
MOODYS CORP /DE/,8-K,Caroline Sullivan,Vice President,spacy,Vice President
WATSCO INC,8-K,Albert H. Nahmad,Chairman,spacy,Chair
"AUTONATION, INC.",8-K,Mike Manley,Chief Executive Officer,spacy,Chief Executive Officer
INCYTE CORP,8-K,Christiana Stamoulis,Vice President,spacy,Vice President
LianBio,8-K,Brianne Jahn Brianne,Chief Business Officer,spacy,Chief Business Officer
LianBio,8-K,Konstantin Poukalov,Chairman,spacy,Chair
Roivant Sciences Ltd.,8-K,Matt Gline,Ceo,spacy,Chief Executive Officer
BIOGEN INC.,8-K,Taylor Wendell,Unknown,spacy,Unknown
BIOGEN INC.,8-K,Christopher A. Viehbacher,President,spacy,President
"Datadog, Inc.",8-K,David Obstler,Chief Financial Officer,spacy,Chief Financial Officer
"Datadog, Inc.",8-K,Olivier Pomel,Ceo,spacy,Chief Executive Officer
"Datadog, Inc.",8-K,Sara Varni,Chief Marketing Officer,spacy,Chief Marketing Officer
MARRIOTT INTERNATIONAL INC /MD/,8-K,Anthony Capuano,President,spacy,President
"MARKETWISE, INC.",8-K,F. Porter Stansberry,Chief Executive Officer,spacy,Chief Executive Officer
"Verde Clean Fuels, Inc.",8-K,Ernie Miller,Ceo,spacy,Chief Executive Officer
"Krispy Kreme, Inc.",8-K,Josh Charlesworth,Ceo,spacy,Chief Executive Officer
"Krispy Kreme, Inc.",8-K,Branded Sweet Treats,Coo,spacy,Chief Operating Officer
"Krispy Kreme, Inc.",8-K,Food Trucks,Coo,spacy,Chief Operating Officer
"Krispy Kreme, Inc.",8-K,Mini Theaters,Cto,spacy,Chief Technology Officer
HYCROFT MINING HOLDING CORP,8-K,Alex Davidson,Vice President,spacy,Vice President
HYCROFT MINING HOLDING CORP,8-K,Diane Garrett,President,spacy,President
HYCROFT MINING HOLDING CORP,8-K,Rebecca A. Jennings,Vice President,spacy,Vice President
IPG PHOTONICS CORP,8-K,Eugene Scherbakov,Chief Executive Officer,spacy,Chief Executive Officer
TPG Inc.,8-K,Jon Winkelried,Chief Executive Officer,spacy,Chief Executive Officer
GCM Grosvenor Inc.,8-K,Michael Sacks,Chairman,spacy,Chair
"Phathom Pharmaceuticals, Inc.",8-K,Larry Miller,General Counsel,spacy,General Counsel
WK Kellogg Co,8-K,Gary Pilnick,Chairman,spacy,Chair
ECOLAB INC.,8-K,David F. Duvick,Unknown,spacy,Unknown
MeiraGTx Holdings plc,8-K,Richard Giroux,Chief Financial Officer,spacy,Chief Financial Officer
MeiraGTx Holdings plc,8-K,Alexandria Forbes,President,spacy,President
NETLIST INC,8-K,Gail Sasaki,Chief Executive Officer,spacy,Chief Executive Officer
NETLIST INC,8-K,Gail M. Sasaki,Vice President,spacy,Vice President
INVESTORS TITLE CO,8-K,James A. Fine,President,spacy,President
INVESTORS TITLE CO,8-K,J. Allen Fine,Chairman,spacy,Chair
"REED'S, INC.",8-K,Shufen Deng,Director,spacy,Director
"REED'S, INC.",8-K,Randle Lee Edwards,Director,spacy,Director
"REED'S, INC.",8-K,Andrew Thau,Vice President,spacy,Vice President
"REED'S, INC.",8-K,Andrew Thay,Vice President,spacy,Vice President
FRANKLIN ELECTRIC CO INC,8-K,Jeffery L. Taylor,Vice President,spacy,Vice President
FRANKLIN ELECTRIC CO INC,8-K,Gregg Sengstack,Chief Executive Officer,spacy,Chief Executive Officer
Bellevue Life Sciences Acquisition Corp.,8-K,Jun Chul Whang,Director,spacy,Director
NETSOL TECHNOLOGIES INC,8-K,Roger Almond,Chief Executive Officer,spacy,Chief Executive Officer
NETSOL TECHNOLOGIES INC,8-K,Najeeb Ghauri,Chairman,spacy,Chair
"Brownie's Marine Group, Inc",8-K,Charles Hyatt,Director,spacy,Director
OLD MARKET CAPITAL Corp,8-K,Irina Nashtatik,Cfo,spacy,Chief Financial Officer
OLD MARKET CAPITAL Corp,8-K,Jeremiah Gross,Cto,spacy,Chief Technology Officer
"Aldeyra Therapeutics, Inc.",8-K,Todd C. Brady,Chief Executive Officer,spacy,Chief Executive Officer
"Aldeyra Therapeutics, Inc.",8-K,Richard Douglas,Chairman,spacy,Chair
"Aldeyra Therapeutics, Inc.",8-K,Ben Bronstein,Chairman,spacy,Chair
"Aldeyra Therapeutics, Inc.",8-K,Marty Joyce,Chairman,spacy,Chair
"Aldeyra Therapeutics, Inc.",8-K,Gary Phillips,Ceo,spacy,Chief Executive Officer
"Aldeyra Therapeutics, Inc.",8-K,Bruce Greenberg,Chairman,spacy,Chair
"Aldeyra Therapeutics, Inc.",8-K,Todd Brady,Ceo,spacy,Chief Executive Officer
"Aldeyra Therapeutics, Inc.",8-K,Stephen Machatha,Chief Financial Officer,spacy,Chief Financial Officer
"SiteOne Landscape Supply, Inc.",8-K,Briley Brisendine,Chief Executive Officer,spacy,Chief Executive Officer
"SiteOne Landscape Supply, Inc.",8-K,John Guthrie,Chief Executive Officer,spacy,Chief Executive Officer
"SiteOne Landscape Supply, Inc.",8-K,Joseph Ketter,Vice President,spacy,Vice President
"Corsair Gaming, Inc.",8-K,Andy Paul,Chief Executive Officer,spacy,Chief Executive Officer
"Corsair Gaming, Inc.",8-K,Michael G. Potter,Chief Financial Officer,spacy,Chief Financial Officer
AKAMAI TECHNOLOGIES INC,8-K,Tom Leighton,Chief Executive Officer,spacy,Chief Executive Officer
"BLACKLINE, INC.",8-K,Owen Ryan,Ceo,spacy,Chief Executive Officer
"BLACKLINE, INC.",8-K,Therese Tucker,Ceo,spacy,Chief Executive Officer
AGREE REALTY CORP,8-K,Tenant Annualized Base,Cto,spacy,Chief Technology Officer
AGREE REALTY CORP,8-K,Linglong He,Director,spacy,Director
"Electromed, Inc.",8-K,Jim Cunniff,President,spacy,President
"Electromed, Inc.",8-K,Mike Cavanaugh,Chief Financial Officer,spacy,Chief Financial Officer
"Electromed, Inc.",8-K,Amy Yanta,Cto,spacy,Chief Technology Officer
"Upstart Holdings, Inc.",8-K,Dave Girouard,Ceo,spacy,Chief Executive Officer
"Lyft, Inc.",8-K,Erin Brewer,Chief Financial Officer,spacy,Chief Financial Officer
"Lyft, Inc.",8-K,David Risher,Ceo,spacy,Chief Executive Officer
Maplebear Inc.,8-K,Asha Sharma,Director,spacy,Director
Maplebear Inc.,8-K,Nick Giovanni Nick,Chief Financial Officer,spacy,Chief Financial Officer
"ZILLOW GROUP, INC.",8-K,Rich Barton,Ceo,spacy,Chief Executive Officer
"ZILLOW GROUP, INC.",8-K,Follow Up Boss,Cto,spacy,Chief Technology Officer
"SUPERIOR GROUP OF COMPANIES, INC.",8-K,Loreen Spencer,Director,spacy,Director
"SUPERIOR GROUP OF COMPANIES, INC.",8-K,Susan Lattmann,Director,spacy,Director
"SUPERIOR GROUP OF COMPANIES, INC.",8-K,Farmer Focus,Director,spacy,Director
"SUPERIOR GROUP OF COMPANIES, INC.",8-K,Robin Hensley Retires,Director,spacy,Director
"SUPERIOR GROUP OF COMPANIES, INC.",8-K,Paul Mellini,Director,spacy,Director
QuidelOrtho Corp,8-K,Douglas Bryant,President,spacy,President
QuidelOrtho Corp,8-K,Joseph M. Busky,Chief Financial Officer,spacy,Chief Financial Officer
QuidelOrtho Corp,8-K,Donor Screening,Cto,spacy,Chief Technology Officer
MERCURY GENERAL CORP,8-K,Theodore Stalick,Cfo,spacy,Chief Financial Officer
"STAG Industrial, Inc.",8-K,Bill Crooker,President,spacy,President
"STAG Industrial, Inc.",8-K,Jeffrey M. Sullivan,Vice President,spacy,Vice President
"Airbnb, Inc.",8-K,Experiences Booked,Cto,spacy,Chief Technology Officer
"Waste Connections, Inc.",8-K,Ronald J. Mittelstaedt,President,spacy,President
"Waste Connections, Inc.",8-K,Mary Anne Whitney,Vice President,spacy,Vice President
"KRATOS DEFENSE & SECURITY SOLUTIONS, INC.",8-K,Deanna H. Lund,Vice President,spacy,Vice President
CHARLES & COLVARD LTD,8-K,Clint J. Pete,Cto,spacy,Chief Technology Officer
CHARLES & COLVARD LTD,8-K,Clint J. Pete Clint,Chief Financial Officer,spacy,Chief Financial Officer
InvenTrust Properties Corp.,8-K,Sun Belt,Cto,spacy,Chief Technology Officer
MGM Resorts International,8-K,Bill Hornbuckle,Chief Executive Officer,spacy,Chief Executive Officer
MGM Resorts International,8-K,Jonathan Halkyard,Chief Financial Officer,spacy,Chief Financial Officer
NEUROONE MEDICAL TECHNOLOGIES Corp,8-K,David Rosa,Chief Executive Officer,spacy,Chief Executive Officer
"WORTHINGTON ENTERPRISES, INC.",8-K,Patrick J. Kennedy,Vice President,spacy,Vice President
"WORTHINGTON ENTERPRISES, INC.",8-K,B. Andrew Rose,President,spacy,President
"WORTHINGTON ENTERPRISES, INC.",8-K,Joseph B. Hayek,President,spacy,President
"WORTHINGTON ENTERPRISES, INC.",8-K,Andy Rose,President,spacy,President
"WORTHINGTON ENTERPRISES, INC.",8-K,Joe Hayek,President,spacy,President
"Anebulo Pharmaceuticals, Inc.",8-K,Richard Anthony Cunningham,Chief Executive Officer,spacy,Chief Executive Officer
"Anebulo Pharmaceuticals, Inc.",8-K,Subsequent Highlights,Chief Executive Officer,spacy,Chief Executive Officer
"Anebulo Pharmaceuticals, Inc.",8-K,Daniel George Acting,Chief Financial Officer,spacy,Chief Financial Officer
Invitation Homes Inc.,8-K,Dallas Tanner,Chief Executive Officer,spacy,Chief Executive Officer
IAC Inc.,8-K,Joey Levin,Ceo,spacy,Chief Executive Officer
Guild Holdings Co,8-K,Terry Schmidt,Unknown,spacy,Unknown
Guild Holdings Co,8-K,Adam Kessler,Unknown,spacy,Unknown
"Mirion Technologies, Inc.",8-K,Thomas Logan,Chief Executive Officer,spacy,Chief Executive Officer
DENNY'S Corp,8-K,Kelli Valade,Chief Executive Officer,spacy,Chief Executive Officer
DENNY'S Corp,8-K,Kelli F. Valade,Chief Financial Officer,spacy,Chief Financial Officer
DENNY'S Corp,8-K,David P. Schmidt,General Counsel,spacy,General Counsel
DENNY'S Corp,8-K,Robert P. Verostek,Vice President,spacy,Vice President
DENNY'S Corp,8-K,Jay C. Gilmore,President,spacy,President
DENNY'S Corp,8-K,Stephen C. Dunn,Vice President,spacy,Vice President
"RESIDEO TECHNOLOGIES, INC.",8-K,Jay Geldmacher,President,spacy,President
Topgolf Callaway Brands Corp.,8-K,Chip Brewer,President,spacy,President
MUNCY COLUMBIA FINANCIAL Corp,8-K,Lance O. Diehl,Chief Executive Officer,spacy,Chief Executive Officer
Allison Transmission Holdings Inc,8-K,Jackie Bolles,Director,spacy,Director
Allison Transmission Holdings Inc,8-K,Claire Gregory,Director,spacy,Director
Allison Transmission Holdings Inc,8-K,Dave Graziosi,Chairman,spacy,Chair
Allison Transmission Holdings Inc,8-K,Fred Bohley,Chairman,spacy,Chair
Allison Transmission Holdings Inc,8-K,Service Parts,Cto,spacy,Chief Technology Officer
BRIGHT HORIZONS FAMILY SOLUTIONS INC.,8-K,Stephen Kramer,Chief Executive Officer,spacy,Chief Executive Officer
BRIGHT HORIZONS FAMILY SOLUTIONS INC.,8-K,Elizabeth Boland,Chief Financial Officer,spacy,Chief Financial Officer
"Telomir Pharmaceuticals, Inc.",8-K,Christopher Chapman,Chief Executive Officer,spacy,Chief Executive Officer
"Telomir Pharmaceuticals, Inc.",8-K,Chris Chapman,Chief Executive Officer,spacy,Chief Executive Officer
Koppers Holdings Inc.,8-K,Nishan J. Vartanian,Director,spacy,Director
Koppers Holdings Inc.,8-K,Jimmi Sue Smith,Chief Financial Officer,spacy,Chief Financial Officer
"Vistagen Therapeutics, Inc.",8-K,Shawn Singh,Chief Executive Officer,spacy,Chief Executive Officer
"ROCKET PHARMACEUTICALS, INC.",8-K,Gaurav Shah,Chief Executive Officer,spacy,Chief Executive Officer
AerSale Corp,8-K,Richard J. Townsend,Director,spacy,Director
Perfect Moment Ltd.,8-K,B. Any,Cto,spacy,Chief Technology Officer
Hyliion Holdings Corp.,8-K,Josh Mook,Chief Technology Officer,spacy,Chief Technology Officer
Hyliion Holdings Corp.,8-K,Thomas Healy,Chief Executive Officer,spacy,Chief Executive Officer
SHOE CARNIVAL INC,8-K,Mark Worden,President,spacy,President
SHOE CARNIVAL INC,8-K,Pat Rogan,Chief Executive Officer,spacy,Chief Executive Officer
SHOE CARNIVAL INC,8-K,Patrick C. Edwards,Vice President,spacy,Vice President
GEE Group Inc.,8-K,Kim Thorpe Kim,Chief Financial Officer,spacy,Chief Financial Officer
GEE Group Inc.,8-K,Ashley Ellis,Cto,spacy,Chief Technology Officer
"ZIPRECRUITER, INC.",8-K,Ian Siegel,Chief Executive Officer,spacy,Chief Executive Officer
CAMPBELL'S Co,8-K,Charles A. Brawley,Vice President,spacy,Vice President
CAMPBELL'S Co,8-K,Mark Clouse,President,spacy,President
CAMPBELL'S Co,8-K,Todd Lachman,Chief Executive Officer,spacy,Chief Executive Officer
CEL SCI CORP,8-K,Geert Kersten,Chief Executive Officer,spacy,Chief Executive Officer
CEL SCI CORP,8-K,Ross D. Carmel,Unknown,spacy,Unknown
CEL SCI CORP,8-K,Patricia B. Prichep,Director,spacy,Director
CEL SCI CORP,8-K,Eyal Talor,Director,spacy,Director
CEL SCI CORP,8-K,Daniel H. Zimmerman,Treasurer,spacy,Treasurer
CEL SCI CORP,8-K,John Cipriano,Corporate Secretary,spacy,Corporate Secretary
CEL SCI CORP,8-K,Bruno Baillavoine,Vice President,spacy,Vice President
CEL SCI CORP,8-K,Robert Watson,Vice President,spacy,Vice President
CEL SCI CORP,8-K,Gail Naughton,Vice President,spacy,Vice President
"Cinemark Holdings, Inc.",8-K,Michael D. Cavalier,Vice President,spacy,Vice President
Community Healthcare Trust Inc,8-K,William G. Monroe,Vice President,spacy,Vice President
Community Healthcare Trust Inc,8-K,David Dupuy,Chief Executive Officer,spacy,Chief Executive Officer
Community Healthcare Trust Inc,8-K,Timothy L. Meyer,Vice President,spacy,Vice President
Community Healthcare Trust Inc,8-K,Timothy G. Wallace,Ceo,spacy,Chief Executive Officer
"BEYOND MEAT, INC.",8-K,Teri L.,Chief Legal Officer,spacy,Chief Legal Officer
"BEYOND MEAT, INC.",8-K,Teri L. Witteman,Unknown,spacy,Unknown
ALLIANT ENERGY CORP,8-K,Terry L. Kouba,Director,spacy,Director
EXPRO GROUP HOLDINGS N.V.,8-K,Brice Bouffard,Director,spacy,Director
EXPRO GROUP HOLDINGS N.V.,8-K,Mark Chaichian,Director,spacy,Director
EXPRO GROUP HOLDINGS N.V.,8-K,Michael De Rhune,Director,spacy,Director
EXPRO GROUP HOLDINGS N.V.,8-K,John Fraser,Director,spacy,Director
EXPRO GROUP HOLDINGS N.V.,8-K,Nicholas Gee,Director,spacy,Director
EXPRO GROUP HOLDINGS N.V.,8-K,Robert Willings,Director,spacy,Director
EXPRO GROUP HOLDINGS N.V.,8-K,Michael Anthony De Rhune,Cto,spacy,Chief Technology Officer
EXPRO GROUP HOLDINGS N.V.,8-K,John Kenneth Fraser Murray,Cto,spacy,Chief Technology Officer
EXPRO GROUP HOLDINGS N.V.,8-K,Michael Jardon,Chief Executive Officer,spacy,Chief Executive Officer
EXPRO GROUP HOLDINGS N.V.,8-K,Sidley Austin,Unknown,spacy,Unknown
"Funko, Inc.",8-K,Andrew Perlmutter,Director,spacy,Director
"Funko, Inc.",8-K,Tracy D. Daw,Chief Legal Officer,spacy,Chief Legal Officer
"Primerica, Inc.",8-K,Glenn Williams,Chief Executive Officer,spacy,Chief Executive Officer
RUSH ENTERPRISES INC TX,8-K,Steven L. Keller,Chief Financial Officer,spacy,Chief Financial Officer
Atlas Energy Solutions Inc.,8-K,Mike Howard,Director,spacy,Director
Atlas Energy Solutions Inc.,8-K,Bud Brigham,Director,spacy,Director
"Sonendo, Inc.",8-K,Bjarne Bergheim Bjarne,President,spacy,President
NSTAR ELECTRIC CO,8-K,Joe Nolan,Chairman,spacy,Chair
AVIENT CORP,8-K,Ashish Khandpur,President,spacy,President
AVIENT CORP,8-K,Jamie Beggs,Vice President,spacy,Vice President
INNOSPEC INC.,8-K,David B. Jones,Vice President,spacy,Vice President
Taylor Morrison Home Corp,8-K,Darrell C. Sherman,Vice President,spacy,Vice President
Taylor Morrison Home Corp,8-K,C. Sherman,Vice President,spacy,Vice President
Taylor Morrison Home Corp,8-K,Mackenzie Aron,Chief Legal Officer,spacy,Chief Legal Officer
Taylor Morrison Home Corp,8-K,Sheryl Palmer,Chairman,spacy,Chair
Taylor Morrison Home Corp,8-K,Taylor Morrison,Chairman,spacy,Chair
PARSONS CORP,8-K,Matthew M. Ofilos,Chief Financial Officer,spacy,Chief Financial Officer
PARSONS CORP,8-K,Carey Smith,President,spacy,President
"BLACKSTONE MORTGAGE TRUST, INC.",8-K,Katie Keenan,Chief Executive Officer,spacy,Chief Executive Officer
"BLACKSTONE MORTGAGE TRUST, INC.",8-K,Anthony F. Marone,Chief Financial Officer,spacy,Chief Financial Officer
RYDER SYSTEM INC,8-K,John J. Diez,Vice President,spacy,Vice President
RYDER SYSTEM INC,8-K,Robert Sanchez,Chairman,spacy,Chair
RYDER SYSTEM INC,8-K,John Diez,Chief Financial Officer,spacy,Chief Financial Officer
Urban Edge Properties,8-K,Mark Langer,Vice President,spacy,Vice President
Urban Edge Properties,8-K,Jeff Olson,Chairman,spacy,Chair
CROWN CRAFTS INC,8-K,Craig J. Demarest,Vice President,spacy,Vice President
Kraft Heinz Co,8-K,Alex Abraham,Chief Financial Officer,spacy,Chief Financial Officer
GLOBAL PAYMENTS INC,8-K,Cameron Bready,President,spacy,President
GLOBAL PAYMENTS INC,8-K,Josh Whipple,Vice President,spacy,Vice President
MARTIN MARIETTA MATERIALS INC,8-K,James A. J. Nickolas,Vice President,spacy,Vice President
MARTIN MARIETTA MATERIALS INC,8-K,Jacklyn Rooker,Director,spacy,Director
IQVIA HOLDINGS INC.,8-K,Ari Bousbib,Chairman,spacy,Chair
"WILLIAMS COMPANIES, INC.",8-K,John D. Porter,Vice President,spacy,Vice President
CME GROUP INC.,8-K,Terry Duffy,Chairman,spacy,Chair
WESTINGHOUSE AIR BRAKE TECHNOLOGIES CORP,8-K,John A. Olin,Vice President,spacy,Vice President
WESTINGHOUSE AIR BRAKE TECHNOLOGIES CORP,8-K,Rafael Santana,President,spacy,President
WESTINGHOUSE AIR BRAKE TECHNOLOGIES CORP,8-K,Lokomotiv Kurastyru Zauyty,Director,spacy,Director
"Benson Hill, Inc.",8-K,Deanie Elsner,Ceo,spacy,Chief Executive Officer
"Benson Hill, Inc.",8-K,Dean Freeman,Director,spacy,Director
"Benson Hill, Inc.",8-K,Susan Keefe,Chief Financial Officer,spacy,Chief Financial Officer
"Benson Hill, Inc.",8-K,Freeman Dean,Chief Executive Officer,spacy,Chief Executive Officer
"Avantor, Inc.",8-K,Michael Stubblefield,President,spacy,President
CoreCard Corp,8-K,Matthew A. White,Chief Financial Officer,spacy,Chief Financial Officer
CoreCard Corp,8-K,Leland Strange,Ceo,spacy,Chief Executive Officer
Helix Acquisition Corp. II,8-K,John Schmid,Director,spacy,Director
Helix Acquisition Corp. II,8-K,Andrew Phillips,Director,spacy,Director
Helix Acquisition Corp. II,8-K,Dan Dubin,Chairman,spacy,Chair
Helix Acquisition Corp. II,8-K,Andrew Phillips Acknowledged,Chief Executive Officer,spacy,Chief Executive Officer
Atmus Filtration Technologies Inc.,8-K,Steph Disher,Chief Executive Officer,spacy,Chief Executive Officer
Atmus Filtration Technologies Inc.,8-K,Sharon Barner,Director,spacy,Director
Atmus Filtration Technologies Inc.,8-K,Tony Satterthwaite,Director,spacy,Director
Atmus Filtration Technologies Inc.,8-K,Earl Newsome,Director,spacy,Director
Atmus Filtration Technologies Inc.,8-K,Nathan Stoner,Director,spacy,Director
Atmus Filtration Technologies Inc.,8-K,Stuart Taylor,Director,spacy,Director
ENCISION INC,8-K,Gregory Trudel,President,spacy,President
BUTLER NATIONAL CORP,8-K,Christopher J. Reedy,Director,spacy,Director
BUTLER NATIONAL CORP,8-K,Bradley Hoffman,Director,spacy,Director
BUTLER NATIONAL CORP,8-K,Joseph P. Daly,Director,spacy,Director
BUTLER NATIONAL CORP,8-K,Jeffrey D. Yowell,Director,spacy,Director
BUTLER NATIONAL CORP,8-K,David B. Hayden,Chairman,spacy,Chair
BUTLER NATIONAL CORP,8-K,John M. Edgar,Chairman,spacy,Chair
BUTLER NATIONAL CORP,8-K,Aric Peters,Chairman,spacy,Chair
CONDUENT Inc,8-K,Virgin Atlantic,Cto,spacy,Chief Technology Officer
AQUABOUNTY TECHNOLOGIES INC,8-K,Sylvia Wulf,Chief Executive Officer,spacy,Chief Executive Officer
AQUABOUNTY TECHNOLOGIES INC,8-K,David A. Frank,Chief Financial Officer,spacy,Chief Financial Officer
S&W Seed Co,8-K,Vanessa Baughman,Cto,spacy,Chief Technology Officer
S&W Seed Co,8-K,Mark Herrmann,Chief Executive Officer,spacy,Chief Executive Officer
Blink Charging Co.,8-K,Brendan Jones,President,spacy,President
"Vishay Precision Group, Inc.",8-K,Ziv Shoshani,Chief Executive Officer,spacy,Chief Executive Officer
AAR CORP,8-K,Jessica A. Garascia,Vice President,spacy,Vice President
AAR CORP,8-K,Dylan Wolin,Vice President,spacy,Vice President
LITHIA MOTORS INC,8-K,Tina Miller,Chief Financial Officer,spacy,Chief Financial Officer
LITHIA MOTORS INC,8-K,Twitter Miller,Chief Financial Officer,spacy,Chief Financial Officer
CEVA INC,8-K,Amir Panush,Chief Executive Officer,spacy,Chief Executive Officer
CEVA INC,8-K,Yaniv Arieli Ceva,Cfo,spacy,Chief Financial Officer
CEVA INC,8-K,Richard Kingston Ceva,Cfo,spacy,Chief Financial Officer
CEVA INC,8-K,Richard Good,Chief Executive Officer,spacy,Chief Executive Officer
"Azitra, Inc.",8-K,John Schroer Sch,Director,spacy,Director
HECLA MINING CO/DE/,8-K,David C. Sienko,Vice President,spacy,Vice President
HECLA MINING CO/DE/,8-K,Kurt D. Allen,Unknown,spacy,Unknown
HECLA MINING CO/DE/,8-K,Keith Blair,Unknown,spacy,Unknown
"PULSE BIOSCIENCES, INC.",8-K,Vivek Reddy,Director,spacy,Director
"PULSE BIOSCIENCES, INC.",8-K,Kevin Danahy,President,spacy,President
"PULSE BIOSCIENCES, INC.",8-K,Trip Taylor,President,spacy,President
"Xponential Fitness, Inc.",8-K,Sarah Luna,Director,spacy,Director
Tennessee Valley Authority,8-K,John M. Thomas,Vice President,spacy,Vice President
TC BioPharm (Holdings) plc,8-K,Bryan Kobel,Chief Executive Officer,spacy,Chief Executive Officer
CYANOTECH CORP,8-K,Felicia Ladin,Chief Financial Officer,spacy,Chief Financial Officer
"Glimpse Group, Inc.",8-K,Lyron Bentovim,Chief Executive Officer,spacy,Chief Executive Officer
PC CONNECTION INC,8-K,Thomas C. Baker,Vice President,spacy,Vice President
PC CONNECTION INC,8-K,Thomas Baker,Vice President,spacy,Vice President
"UPWORK, INC",8-K,Hayden Brown,President,spacy,President
"UPWORK, INC",8-K,Erica Gessert,Chief Financial Officer,spacy,Chief Financial Officer
MARTIN MIDSTREAM PARTNERS L.P.,8-K,Sharon L. Taylor,Vice President,spacy,Vice President
"WARRIOR MET COAL, INC.",8-K,Walt Scheller,Ceo,spacy,Chief Executive Officer
Wag! Group Co.,8-K,Garrett Smallwood,Ceo,spacy,Chief Executive Officer
Ribbon Communications Inc.,8-K,Mick Lopez,Chief Financial Officer,spacy,Chief Financial Officer
Ribbon Communications Inc.,8-K,Patrick Macken,Vice President,spacy,Vice President
"NERDWALLET, INC.",8-K,Tim Chen,Ceo,spacy,Chief Executive Officer
ROLLINS INC,8-K,Jerry Gahlhoff,President,spacy,President
ROLLINS INC,8-K,Kenneth Krause,Vice President,spacy,Vice President
"NMI Holdings, Inc.",8-K,Adam Pollitzer,President,spacy,President
AppLovin Corp,8-K,Matthew A. Stumpf,Chief Financial Officer,spacy,Chief Financial Officer
AppLovin Corp,8-K,Adam Foroughi,Ceo,spacy,Chief Executive Officer
AppLovin Corp,8-K,Matt Stumpf,Ceo,spacy,Chief Executive Officer
"Fastly, Inc.",8-K,Todd Nightingale,Ceo,spacy,Chief Executive Officer
"Udemy, Inc.",8-K,Sarah Blanchard,Chief Financial Officer,spacy,Chief Financial Officer
"Udemy, Inc.",8-K,Dennis Walsh,Vice President,spacy,Vice President
JFrog Ltd,8-K,Shlomi Ben Haim,Ceo,spacy,Chief Executive Officer
VEECO INSTRUMENTS INC,8-K,Kirk Mackey,Vice President,spacy,Vice President
VEECO INSTRUMENTS INC,8-K,Bill Miller,Cto,spacy,Chief Technology Officer
VEECO INSTRUMENTS INC,8-K,John Kiernan,Cfo,spacy,Chief Financial Officer
"Greenwich LifeSciences, Inc.",8-K,Mothaffar F. Rimawi,Director,spacy,Director
"Greenwich LifeSciences, Inc.",8-K,William J. Gradishar,Unknown,spacy,Unknown
"Greenwich LifeSciences, Inc.",8-K,Betsy Bramsen,Unknown,spacy,Unknown
"Greenwich LifeSciences, Inc.",8-K,Sara A. Hurvitz,Vice President,spacy,Vice President
"Greenwich LifeSciences, Inc.",8-K,Sibylle Loibl,Vice President,spacy,Vice President
"Greenwich LifeSciences, Inc.",8-K,Miguel Martin,Ceo,spacy,Chief Executive Officer
"Greenwich LifeSciences, Inc.",8-K,Helen Diller,Director,spacy,Director
"Greenwich LifeSciences, Inc.",8-K,Laura M. Spring,Cto,spacy,Chief Technology Officer
"Greenwich LifeSciences, Inc.",8-K,Snehal Patel,Ceo,spacy,Chief Executive Officer
MOVING iMAGE TECHNOLOGIES INC.,8-K,William Greene,Chief Financial Officer,spacy,Chief Financial Officer
MOVING iMAGE TECHNOLOGIES INC.,8-K,Phil Rafnson,Cto,spacy,Chief Technology Officer
MOVING iMAGE TECHNOLOGIES INC.,8-K,Brian Siegel,Vice President,spacy,Vice President
MOVING iMAGE TECHNOLOGIES INC.,8-K,Joe Delgado,Chairman,spacy,Chair
MOVING iMAGE TECHNOLOGIES INC.,8-K,Bill Greene,Cfo,spacy,Chief Financial Officer
Informatica Inc.,8-K,Amit Walia,Chief Executive Officer,spacy,Chief Executive Officer
"AYTU BIOPHARMA, INC",8-K,Mark Oki,Chief Financial Officer,spacy,Chief Financial Officer
"AYTU BIOPHARMA, INC",8-K,Josh Disbrow,Chairman,spacy,Chair
"Prime Medicine, Inc.",8-K,Keith Gottesdiener,President,spacy,President
ARCH CAPITAL GROUP LTD.,8-K,Marc Grandisson,Chief Executive Officer,spacy,Chief Executive Officer
"Arcadia Biosciences, Inc.",8-K,Thomas J. Schaefer,Director,spacy,Director
"Arcadia Biosciences, Inc.",8-K,Laura Pitlik,Director,spacy,Director
"Arcadia Biosciences, Inc.",8-K,Andrea Weiss,Unknown,spacy,Unknown
"Four Corners Property Trust, Inc.",8-K,Bill Lenehan,Ceo,spacy,Chief Executive Officer
"Four Corners Property Trust, Inc.",8-K,Gerry Morgan,Ceo,spacy,Chief Executive Officer
Adaptive Biotechnologies Corp,8-K,Chad Robins,Chief Executive Officer,spacy,Chief Executive Officer
HUBSPOT INC,8-K,Yamini Rangan,Chief Executive Officer,spacy,Chief Executive Officer
"KNOW LABS, INC.",8-K,Ronald P. Erickson,Chairman,spacy,Chair
AETHLON MEDICAL INC,8-K,James B. Frakes,Chief Executive Officer,spacy,Chief Executive Officer
AETHLON MEDICAL INC,8-K,James Frakes,Chief Executive Officer,spacy,Chief Executive Officer
AETHLON MEDICAL INC,8-K,Jim Frakes,Chief Executive Officer,spacy,Chief Executive Officer
AETHLON MEDICAL INC,8-K,Susan Noonan,Chief Executive Officer,spacy,Chief Executive Officer
American Well Corp,8-K,Bradford Gay Bradford,Vice President,spacy,Vice President
American Well Corp,8-K,Ido Schoenberg,Chairman,spacy,Chair
"Evolent Health, Inc.",8-K,Tunde Sotunde,Director,spacy,Director
"Evolent Health, Inc.",8-K,Russell Glass,General Counsel,spacy,General Counsel
"Evolent Health, Inc.",8-K,Russ Glass,Director,spacy,Director
PAR TECHNOLOGY CORP,8-K,Raju Malhotra,Director,spacy,Director
QuantumScape Corp,8-K,Kevin Hettrich,Chief Financial Officer,spacy,Chief Financial Officer
QuantumScape Corp,8-K,Siva Sivaram,President,spacy,President
QuantumScape Corp,8-K,Frank Blome,Ceo,spacy,Chief Executive Officer
"Aurora Innovation, Inc.",8-K,Nat Beuse,Chief Safety Officer,spacy,Chief Safety Officer
"Aurora Innovation, Inc.",8-K,Chris Urmson,Ceo,spacy,Chief Executive Officer
ALBEMARLE CORP,8-K,Kent Masters,Ceo,spacy,Chief Executive Officer
"VICTORY CLEAN ENERGY, INC.",8-K,Oilfield Tech,Cto,spacy,Chief Technology Officer
RETAIL OPPORTUNITY INVESTMENTS CORP,8-K,Stuart A. Tanz,President,spacy,President
RETAIL OPPORTUNITY INVESTMENTS CORP,8-K,Jeffrey Spector,Cto,spacy,Chief Technology Officer
RETAIL OPPORTUNITY INVESTMENTS CORP,8-K,John P. Kim,Cto,spacy,Chief Technology Officer
RETAIL OPPORTUNITY INVESTMENTS CORP,8-K,Juan Sanabria,Cto,spacy,Chief Technology Officer
RETAIL OPPORTUNITY INVESTMENTS CORP,8-K,Baird Wes,Cto,spacy,Chief Technology Officer
RETAIL OPPORTUNITY INVESTMENTS CORP,8-K,Michael Gorman,Cto,spacy,Chief Technology Officer
ARMSTRONG WORLD INDUSTRIES INC,8-K,Austin K. So,Vice President,spacy,Vice President
Bright Green Corp,8-K,Saleem Elmasri Saleem,Chief Financial Officer,spacy,Chief Financial Officer
"WYNDHAM HOTELS & RESORTS, INC.",8-K,Geoff Ballotti,President,spacy,President
"WYNDHAM HOTELS & RESORTS, INC.",8-K,Maire Griffin,Vice President,spacy,Vice President
"Chicken Soup for the Soul Entertainment, Inc.",8-K,Chicken Soup,Chief Executive Officer,spacy,Chief Executive Officer
"Chicken Soup for the Soul Entertainment, Inc.",8-K,William J. Rouhana,Chief Executive Officer,spacy,Chief Executive Officer
Cineverse Corp.,8-K,Erick Opeka,President,spacy,President
Cineverse Corp.,8-K,Mary Ann Halford,Director,spacy,Director
HERBALIFE LTD.,8-K,Alex Amezquita,Chief Financial Officer,spacy,Chief Financial Officer
HERBALIFE LTD.,8-K,Michael Johnson,Chairman,spacy,Chair
HERBALIFE LTD.,8-K,Erin Banyas,Vice President,spacy,Vice President
"Aterian, Inc.",8-K,Arturo Rodriguez,Ceo,spacy,Chief Executive Officer
"Aterian, Inc.",8-K,Roi Zahut,Ceo,spacy,Chief Executive Officer
MVB FINANCIAL CORP,8-K,Larry F. Mazza,Chief Executive Officer,spacy,Chief Executive Officer
MVB FINANCIAL CORP,8-K,Donald T. Robinson,President,spacy,President
TYLER TECHNOLOGIES INC,8-K,Brian K. Miller,Vice President,spacy,Vice President
TYLER TECHNOLOGIES INC,8-K,Lynn Moore,President,spacy,President
TYLER TECHNOLOGIES INC,8-K,Hala Elsherbini,Director,spacy,Director
"Paramount Group, Inc.",8-K,Albert Behler,Chairman,spacy,Chair
"Paramount Group, Inc.",8-K,Wilbur Paes,Chairman,spacy,Chair
"Paramount Group, Inc.",8-K,Ermelinda Berberi,Treasurer,spacy,Treasurer
"Paramount Group, Inc.",8-K,Thomas Armbrust,Vice President,spacy,Vice President
"Paramount Group, Inc.",8-K,Martin Bussmann,Vice President,spacy,Vice President
"Paramount Group, Inc.",8-K,Karin Klein,Director,spacy,Director
"Paramount Group, Inc.",8-K,Mark Patterson,Director,spacy,Director
"Paramount Group, Inc.",8-K,Hitoshi Saito,Director,spacy,Director
"Paramount Group, Inc.",8-K,Paula Sutter,Director,spacy,Director
"Paramount Group, Inc.",8-K,Greg Wright,Director,spacy,Director
MONARCH CASINO & RESORT INC,8-K,John Farahi,Chief Executive Officer,spacy,Chief Executive Officer
MONARCH CASINO & RESORT INC,8-K,Richard Land,Chief Executive Officer,spacy,Chief Executive Officer
MONARCH CASINO & RESORT INC,8-K,James Leahy,Chief Executive Officer,spacy,Chief Executive Officer
American National Group Inc.,8-K,Jim Hamalainen,Chief Investment Officer,spacy,Chief Investment Officer
American National Group Inc.,8-K,Anant Bhalla,President,spacy,President
ELITE PHARMACEUTICALS INC /NV/,8-K,Hakim Nasrat Hakim,President,spacy,President
Granite Point Mortgage Trust Inc.,8-K,Jack Taylor,President,spacy,President
"Cannae Holdings, Inc.",8-K,William P. Foley,Director,spacy,Director
"Cannae Holdings, Inc.",8-K,Black Knight Football,Director,spacy,Director
"Cannae Holdings, Inc.",8-K,Richard Massey,Chairman,spacy,Chair
"Cannae Holdings, Inc.",8-K,Ryan Caswell,Chairman,spacy,Chair
"Cannae Holdings, Inc.",8-K,Rick Massey,President,spacy,President
DOLLAR GENERAL CORP,8-K,Kelly M. Dilts,Vice President,spacy,Vice President
DOLLAR GENERAL CORP,8-K,Peter Hale,Vice President,spacy,Vice President
DOLLAR GENERAL CORP,8-K,Carlos Navarrete,Director,spacy,Director
DOLLAR GENERAL CORP,8-K,J. Carlos Navarrete,Director,spacy,Director
DOLLAR GENERAL CORP,8-K,Evan Ponder,Vice President,spacy,Vice President
DOLLAR GENERAL CORP,8-K,Drew Rodgers,Vice President,spacy,Vice President
"BIO-RAD LABORATORIES, INC.",8-K,Ilan Daskal,President,spacy,President
"BIO-RAD LABORATORIES, INC.",8-K,Norman Schwartz,Director,spacy,Director
"BIO-RAD LABORATORIES, INC.",8-K,Kreisschreiben Nr,Cto,spacy,Chief Technology Officer
"BIO-RAD LABORATORIES, INC.",8-K,Jennifer M. Kent,General Counsel,spacy,General Counsel
ANTERO RESOURCES Corp,8-K,Daniel Katzenberg,Cto,spacy,Chief Technology Officer
ANTERO RESOURCES Corp,8-K,Paul Rady,Chairman,spacy,Chair
ANTERO RESOURCES Corp,8-K,Michael Kennedy,Cfo,spacy,Chief Financial Officer
Sunnova Energy International Inc.,8-K,David Searle,Vice President,spacy,Vice President
Sunnova Energy International Inc.,8-K,Yezdan Badrakhan,Cto,spacy,Chief Technology Officer
Sunnova Energy International Inc.,8-K,Yumi Motai,Cto,spacy,Chief Technology Officer
FRIEDMAN INDUSTRIES INC,8-K,Michael J. Taylor,President,spacy,President
"GYRE THERAPEUTICS, INC.",8-K,Ying Luo,Director,spacy,Director
"GYRE THERAPEUTICS, INC.",8-K,Michael Rogovin,Unknown,spacy,Unknown
"GYRE THERAPEUTICS, INC.",8-K,Jeff Lombard,Unknown,spacy,Unknown
"GYRE THERAPEUTICS, INC.",8-K,Han Ying,Chief Executive Officer,spacy,Chief Executive Officer
IntelGenx Technologies Corp.,8-K,Andre Godin,Chief Financial Officer,spacy,Chief Financial Officer
"International Money Express, Inc.",8-K,Ernesto Luciano,Director,spacy,Director
"Ensysce Biosciences, Inc.",8-K,Bob Gower,Cto,spacy,Chief Technology Officer
"Red Cat Holdings, Inc.",8-K,Jeff Thompson,Ceo,spacy,Chief Executive Officer
"Red Cat Holdings, Inc.",8-K,George Matus,Cto,spacy,Chief Technology Officer
PATTERSON UTI ENERGY INC,8-K,Andy Hendricks,Chief Executive Officer,spacy,Chief Executive Officer
PATTERSON UTI ENERGY INC,8-K,Andy Smith,Chief Financial Officer,spacy,Chief Financial Officer
PATTERSON UTI ENERGY INC,8-K,Michael Sabella,Vice President,spacy,Vice President
Orion S.A.,8-K,Jeffrey Glajch,Chief Financial Officer,spacy,Chief Financial Officer
Orion S.A.,8-K,Jeff Glajch,Chief Financial Officer,spacy,Chief Financial Officer
"EPAM Systems, Inc.",8-K,Arkadiy Dobkin,Ceo,spacy,Chief Executive Officer
DEERE & CO,8-K,John C. May,Chairman,spacy,Chair
DEERE & CO,8-K,John Deere,Cto,spacy,Chief Technology Officer
"Walker & Dunlop, Inc.",8-K,Gregory A. Florkowski,Vice President,spacy,Vice President
"Walker & Dunlop, Inc.",8-K,Willy Walker,Chairman,spacy,Chair
Aurinia Pharmaceuticals Inc.,8-K,Peter Greenleaf,President,spacy,President
Aurinia Pharmaceuticals Inc.,8-K,Joe Miller,Chief Financial Officer,spacy,Chief Financial Officer
Aurinia Pharmaceuticals Inc.,8-K,Daniel Billen,Chairman,spacy,Chair
COGNEX CORP,8-K,Robert J. Willett,Ceo,spacy,Chief Executive Officer
Targa Resources Corp.,8-K,Arkoma Basins,Coo,spacy,Chief Operating Officer
Targa Resources Corp.,8-K,Sanjay Lad,Vice President,spacy,Vice President
Targa Resources Corp.,8-K,Jennifer Kneale,Vice President,spacy,Vice President
Vontier Corp,8-K,Mark Morelli,President,spacy,President
US Foods Holding Corp.,8-K,Dirk J. Locascio,Chief Financial Officer,spacy,Chief Financial Officer
US Foods Holding Corp.,8-K,Dave Flitman,Ceo,spacy,Chief Executive Officer
US Foods Holding Corp.,8-K,Dirk Locascio,Cfo,spacy,Chief Financial Officer
GENESIS ENERGY LP,8-K,Grant Sims,Ceo,spacy,Chief Executive Officer
DNOW Inc.,8-K,David Cherechinsky,President,spacy,President
DNOW Inc.,8-K,Mark Johnson,Cto,spacy,Chief Technology Officer
SpartanNash Co,8-K,Tony Sarsam,President,spacy,President
"CBRE GROUP, INC.",8-K,Bob Sulentic,Chief Executive Officer,spacy,Chief Executive Officer
"ARCH RESOURCES, INC.",8-K,Rosemary L. Klein,Vice President,spacy,Vice President
"ARCH RESOURCES, INC.",8-K,L. Klein,Vice President,spacy,Vice President
"ARCH RESOURCES, INC.",8-K,Paul A. Lang,Ceo,spacy,Chief Executive Officer
"ARCH RESOURCES, INC.",8-K,John T. Drexler,Chief Operating Officer,spacy,Chief Operating Officer
Iridium Communications Inc.,8-K,Matt Desch,Ceo,spacy,Chief Executive Officer
"AGIOS PHARMACEUTICALS, INC.",8-K,Brian Goff,Chief Executive Officer,spacy,Chief Executive Officer
Hanesbrands Inc.,8-K,Steve Bratspies,Ceo,spacy,Chief Executive Officer
Blueprint Medicines Corp,8-K,Kate Haviland,Chief Executive Officer,spacy,Chief Executive Officer
Blueprint Medicines Corp,8-K,Kathryn Haviland,Chief Executive Officer,spacy,Chief Executive Officer
Knife River Corp,8-K,Zane Karimi,Director,spacy,Director
Knife River Corp,8-K,Brian Gray,President,spacy,President
Knife River Corp,8-K,Nathan Ring,Chief Financial Officer,spacy,Chief Financial Officer
Knife River Corp,8-K,Tony Spilde,Director,spacy,Director
"Ventas, Inc.",8-K,Debra A. Cafaro,Chairman,spacy,Chair
APPIAN CORP,8-K,Mark Matheos,Chief Financial Officer,spacy,Chief Financial Officer
APPIAN CORP,8-K,Matt Calkins,Ceo,spacy,Chief Executive Officer
"RELIANCE, INC.",8-K,Karla Lewis,President,spacy,President
CURTISS WRIGHT CORP,8-K,Lynn M. Bamford,Chief Executive Officer,spacy,Chief Executive Officer
CURTISS WRIGHT CORP,8-K,K. Christopher Farkas,Chief Executive Officer,spacy,Chief Executive Officer
ULTRALIFE CORP,8-K,Mike Manna,President,spacy,President
ULTRALIFE CORP,8-K,Philip A. Fain,Chief Financial Officer,spacy,Chief Financial Officer
SunOpta Inc.,8-K,Brian Kocher,Vice President,spacy,Vice President
SunOpta Inc.,8-K,Chris Whitehair,Director,spacy,Director
SunOpta Inc.,8-K,Jill Barnett,Chief Administrative Officer,spacy,Chief Administrative Officer
ZEBRA TECHNOLOGIES CORP,8-K,Bill Burns,Chief Executive Officer,spacy,Chief Executive Officer
ZEBRA TECHNOLOGIES CORP,8-K,Cristen Kogl,Chief Legal Officer,spacy,Chief Legal Officer
WEST PHARMACEUTICAL SERVICES INC,8-K,Eric M. Green,President,spacy,President
WEST PHARMACEUTICAL SERVICES INC,8-K,Bernard J. Birkett,Vice President,spacy,Vice President
Integer Holdings Corp,8-K,Joseph Dziedzic,President,spacy,President
INSIGHT ENTERPRISES INC,8-K,Joyce Mullen,President,spacy,President
GENUINE PARTS CO,8-K,Will Stengel,President,spacy,President
GENUINE PARTS CO,8-K,Paul Donahue,Chairman,spacy,Chair
GENUINE PARTS CO,8-K,Timothy Walsh,Director,spacy,Director
IDACORP INC,8-K,Lisa A. Grow,President,spacy,President
IDACORP INC,8-K,Lisa Grow,President,spacy,President
IDACORP INC,8-K,Amy Shaw,President,spacy,President
IDACORP INC,8-K,Brian Buckham,President,spacy,President
IDACORP INC,8-K,Amy I. Shaw,Vice President,spacy,Vice President
LINCOLN ELECTRIC HOLDINGS INC,8-K,Steven B. Hedlund,President,spacy,President
LINCOLN ELECTRIC HOLDINGS INC,8-K,Gabriel Bruno,Vice President,spacy,Vice President
LINCOLN ELECTRIC HOLDINGS INC,8-K,Chris Mapes,President,spacy,President
Scholar Rock Holding Corp,8-K,Katie Peng,Director,spacy,Director
Scholar Rock Holding Corp,8-K,Junlin Ho Junlin,General Counsel,spacy,General Counsel
Scholar Rock Holding Corp,8-K,Promotes Mo Qatanani,Director,spacy,Director
Scholar Rock Holding Corp,8-K,David Hallal,Director,spacy,Director
Scholar Rock Holding Corp,8-K,Jay Backstrom,Chief Scientific Officer,spacy,Chief Scientific Officer
Triller Group Inc.,8-K,Shu Pei Huang,Chief Financial Officer,spacy,Chief Financial Officer
Triller Group Inc.,8-K,Shu Pei,Chief Financial Officer,spacy,Chief Financial Officer
"NorthWestern Energy Group, Inc.",8-K,Brian Bird,President,spacy,President
"NorthWestern Energy Group, Inc.",8-K,Timothy P. Olson,Corporate Secretary,spacy,Corporate Secretary
"NorthWestern Energy Group, Inc.",8-K,Sioux Falls,Unknown,spacy,Unknown
"NorthWestern Energy Group, Inc.",8-K,Travis Meyer,Unknown,spacy,Unknown
"CYBERLOQ TECHNOLOGIES, INC.",8-K,Christopher Jackson,President,spacy,President
NUSCALE POWER Corp,8-K,Chuck Goodnight,Vice President,spacy,Vice President
NUSCALE POWER Corp,8-K,Jacqueline F. Engel,Director,spacy,Director
NUSCALE POWER Corp,8-K,Jackie Engel,Unknown,spacy,Unknown
LXP Industrial Trust,8-K,T. Wilson Eglin,Chairman,spacy,Chair
"AtriCure, Inc.",8-K,Michael Carrel,President,spacy,President
"AtriCure, Inc.",8-K,Angela L. Wirick,Chief Financial Officer,spacy,Chief Financial Officer
"Nurix Therapeutics, Inc.",8-K,Arthur T. Sands,President,spacy,President
"Nurix Therapeutics, Inc.",8-K,Fast Track,Cto,spacy,Chief Technology Officer
Bloom Energy Corp,8-K,Greg Cameron,Chief Financial Officer,spacy,Chief Financial Officer
"TRUPANION, INC.",8-K,Darryl Rawlings,Ceo,spacy,Chief Executive Officer
"TRUPANION, INC.",8-K,Laura Bainbridge,Vice President,spacy,Vice President
APPLIED MATERIALS INC /DE,8-K,Gary Dickerson,President,spacy,President
"Texas Roadhouse, Inc.",8-K,Jerry Morgan,Chief Executive Officer,spacy,Chief Executive Officer
"Texas Roadhouse, Inc.",8-K,Christopher Monroe,Chief Financial Officer,spacy,Chief Financial Officer
ASCENT INDUSTRIES CO.,8-K,J. Bryan,Chief Financial Officer,spacy,Chief Financial Officer
ASCENT INDUSTRIES CO.,8-K,Chris Hutter,Vice President,spacy,Vice President
ASCENT INDUSTRIES CO.,8-K,Doug Tackett,Chief Legal Officer,spacy,Chief Legal Officer
ASCENT INDUSTRIES CO.,8-K,Bryan Kitchen,President,spacy,President
ASCENT INDUSTRIES CO.,8-K,Bill Steckel,Cfo,spacy,Chief Financial Officer
ASCENT INDUSTRIES CO.,8-K,Ben Rosenzweig,Chairman,spacy,Chair
Ultragenyx Pharmaceutical Inc.,8-K,Howard Horn,Vice President,spacy,Vice President
Ultragenyx Pharmaceutical Inc.,8-K,Emil D. Kakkis,Chief Executive Officer,spacy,Chief Executive Officer
"PROCORE TECHNOLOGIES, INC.",8-K,Benjamin C. Singer,Chief Legal Officer,spacy,Chief Legal Officer
"PROCORE TECHNOLOGIES, INC.",8-K,Howard Fu,Cfo,spacy,Chief Financial Officer
"PROCORE TECHNOLOGIES, INC.",8-K,Larry Stack,Chief Revenue Officer,spacy,Chief Revenue Officer
"DROPBOX, INC.",8-K,Drew Houston,Chief Executive Officer,spacy,Chief Executive Officer
YELP INC,8-K,David Schwarzbach,Chief Financial Officer,spacy,Chief Financial Officer
YELP INC,8-K,Jeremy Stoppelman,Chief Executive Officer,spacy,Chief Executive Officer
"Toast, Inc.",8-K,Aman Narang,Chief Executive Officer,spacy,Chief Executive Officer
"Toast, Inc.",8-K,Mark Hawkins,Chief Operating Officer,spacy,Chief Operating Officer
PDF SOLUTIONS INC,8-K,Adnan Raza,Chief Financial Officer,spacy,Chief Financial Officer
PDF SOLUTIONS INC,8-K,John Kibarian,Ceo,spacy,Chief Executive Officer
"Coinbase Global, Inc.",8-K,Alesia J. Haas,Chief Financial Officer,spacy,Chief Financial Officer
TANGER INC.,8-K,Stephen Yalof,President,spacy,President
TANGER INC.,8-K,Michael J. Bilerman,Vice President,spacy,Vice President
TANGER INC.,8-K,Outlets Nashville,Cto,spacy,Chief Technology Officer
TANGER INC.,8-K,Michael Kors,Cto,spacy,Chief Technology Officer
"ROKU, INC",8-K,Dan Jedda,Chief Financial Officer,spacy,Chief Financial Officer
"Kinsale Capital Group, Inc.",8-K,Bryan P. Petrucelli,Vice President,spacy,Vice President
"Kinsale Capital Group, Inc.",8-K,Michael P. Kehoe,Chief Executive Officer,spacy,Chief Executive Officer
"Kinsale Capital Group, Inc.",8-K,Bryan Petrucelli,Vice President,spacy,Vice President
PROTHENA CORP PUBLIC LTD CO,8-K,Gene Kinney,President,spacy,President
PROTHENA CORP PUBLIC LTD CO,8-K,Billy Dunn,Director,spacy,Director
"Backblaze, Inc.",8-K,Gleb Budman,Ceo,spacy,Chief Executive Officer
"Backblaze, Inc.",8-K,David Ngo,Chief Product Officer,spacy,Chief Product Officer
CORCEPT THERAPEUTICS INC,8-K,Joseph K. Belanoff,Chief Executive Officer,spacy,Chief Executive Officer
CORCEPT THERAPEUTICS INC,8-K,Bill Guyer,Chief Development Officer,spacy,Chief Development Officer
"DIGITAL REALTY TRUST, INC.",8-K,Jeannie Lee,Vice President,spacy,Vice President
"DIGITAL REALTY TRUST, INC.",8-K,Matt Mercier,President,spacy,President
Greenland Technologies Holding Corp.,8-K,Raymond Z.,Chief Executive Officer,spacy,Chief Executive Officer
Greenland Technologies Holding Corp.,8-K,Raymond Wang,Ceo,spacy,Chief Executive Officer
AMN HEALTHCARE SERVICES INC,8-K,Randle Reece,Director,spacy,Director
National Storage Affiliates Trust,8-K,David G. Cramer,President,spacy,President
"TRINET GROUP, INC.",8-K,Michael Q. Simonds,Ceo,spacy,Chief Executive Officer
"TRINET GROUP, INC.",8-K,Samantha Wellington,Vice President,spacy,Vice President
"TRINET GROUP, INC.",8-K,David Hodgson,Director,spacy,Director
"TRINET GROUP, INC.",8-K,Total Rewards,Vice President,spacy,Vice President
LTC PROPERTIES INC,8-K,Wendy L. Simpson,Chairman,spacy,Chair
LTC PROPERTIES INC,8-K,Wendy Simpson,Chairman,spacy,Chair
BJs RESTAURANTS INC,8-K,Greg Levin,Chief Executive Officer,spacy,Chief Executive Officer
BJs RESTAURANTS INC,8-K,Thomas A. Houdek,Chief Executive Officer,spacy,Chief Executive Officer
FONAR CORP,8-K,Timothy Damadian,President,spacy,President
FONAR CORP,8-K,Daniel Culver,Director,spacy,Director
Prelude Therapeutics Inc,8-K,Kris Vaddi,Chief Executive Officer,spacy,Chief Executive Officer
"UNIVERSAL LOGISTICS HOLDINGS, INC.",8-K,Steven Fitzpatrick,Unknown,spacy,Unknown
"UNIVERSAL LOGISTICS HOLDINGS, INC.",8-K,Tim Phillips,Ceo,spacy,Chief Executive Officer
"Employers Holdings, Inc.",8-K,Katherine Antonello,Ceo,spacy,Chief Executive Officer
DraftKings Inc.,8-K,Carter Vance,General Counsel,spacy,General Counsel
DraftKings Inc.,8-K,Lee C. Parnes,General Counsel,spacy,General Counsel
DraftKings Inc.,8-K,Jeff Laretto,General Counsel,spacy,General Counsel
DraftKings Inc.,8-K,Peter Sullivan,Unknown,spacy,Unknown
DraftKings Inc.,8-K,Sean Siuda,Unknown,spacy,Unknown
DraftKings Inc.,8-K,Jason Park,Unknown,spacy,Unknown
PRA GROUP INC,8-K,Vikram Atal,President,spacy,President
PRA GROUP INC,8-K,Najim Mostamand,Vice President,spacy,Vice President
"Applied UV, Inc.",8-K,Christopher Kobucha,Unknown,spacy,Unknown
Opendoor Technologies Inc.,8-K,Carrie Wheeler,Ceo,spacy,Chief Executive Officer
Opendoor Technologies Inc.,8-K,Christy Schwartz,Ceo,spacy,Chief Executive Officer
Elme Communities,8-K,Steven Freishtat,Vice President,spacy,Vice President
Elme Communities,8-K,Elme Druid Hills,Cto,spacy,Chief Technology Officer
STEPAN CO,8-K,Susan M. Lewis,Director,spacy,Director
STEPAN CO,8-K,David G. Kabbes,Vice President,spacy,Vice President
STEPAN CO,8-K,F. Quinn Stepan,Chairman,spacy,Chair
"Hercules Capital, Inc.",8-K,Kiersten Zaza,Unknown,spacy,Unknown
MERCER INTERNATIONAL INC.,8-K,Richard Short,Chief Financial Officer,spacy,Chief Financial Officer
MERCER INTERNATIONAL INC.,8-K,Juan Carlos Bueno,Chief Executive Officer,spacy,Chief Executive Officer
CASELLA WASTE SYSTEMS INC,8-K,Charlie Wohlhuter,Director,spacy,Director
CASELLA WASTE SYSTEMS INC,8-K,Jeff Weld,Director,spacy,Director
CASELLA WASTE SYSTEMS INC,8-K,Bradford J. Helgeson,Vice President,spacy,Vice President
Ingersoll Rand Inc.,8-K,Andrew Schiesl,Vice President,spacy,Vice President
Ingersoll Rand Inc.,8-K,Vicente Reynal,Chairman,spacy,Chair
"Cryoport, Inc.",8-K,Jerrell Shelton,President,spacy,President
"Cryoport, Inc.",8-K,Robert Stefanovich,Chief Financial Officer,spacy,Chief Financial Officer
"Cryoport, Inc.",8-K,Mark Sawicki,Chief Scientific Officer,spacy,Chief Scientific Officer
"Cryoport, Inc.",8-K,Edward Zecchini,Director,spacy,Director
"1stdibs.com, Inc.",8-K,Everette Taylor,Director,spacy,Director
"1stdibs.com, Inc.",8-K,David Rosenblatt,Ceo,spacy,Chief Executive Officer
"T2 Biosystems, Inc.",8-K,Certain Transactions,Unknown,spacy,Unknown
"T2 Biosystems, Inc.",8-K,Evan G. Smith,General Counsel,spacy,General Counsel
"T2 Biosystems, Inc.",8-K,Evan Smith,Chief Financial Officer,spacy,Chief Financial Officer
"T2 Biosystems, Inc.",8-K,John Sperzel,Chairman,spacy,Chair
"Royale Energy, Inc.",8-K,Ron Lipnick,Chief Financial Officer,spacy,Chief Financial Officer
"Royale Energy, Inc.",8-K,Johnny Jordan,Cto,spacy,Chief Technology Officer
"Royale Energy, Inc.",8-K,Sweet Melissa,Cto,spacy,Chief Technology Officer
CONSOLIDATED EDISON INC,8-K,Jan Childress,Director,spacy,Director
CONSOLIDATED EDISON INC,8-K,Tim Cawley,Chairman,spacy,Chair
CONSOLIDATED EDISON INC,8-K,Robert Hoglund,Vice President,spacy,Vice President
CONSOLIDATED EDISON INC,8-K,Kiley Kemelman,Director,spacy,Director
CONSOLIDATED EDISON INC,8-K,Mei Poon,Director,spacy,Director
CONSOLIDATED EDISON INC,8-K,Caroline Elsasser,Director,spacy,Director
"TTEC Holdings, Inc.",8-K,Laura Butler,Chief People Officer,spacy,Chief People Officer
"TTEC Holdings, Inc.",8-K,Laura Butler Kenneth,Chief People Officer,spacy,Chief People Officer
"TTEC Holdings, Inc.",8-K,Ken Tuchman,Cfo,spacy,Chief Financial Officer
GEO GROUP INC,8-K,Shayn P. March,Chief Financial Officer,spacy,Chief Financial Officer
GEO GROUP INC,8-K,Shayn P.,Chief Financial Officer,spacy,Chief Financial Officer
Sino Green Land Corp.,8-K,Tian Li,Cto,spacy,Chief Technology Officer
Sino Green Land Corp.,8-K,David Lazar,Director,spacy,Director
Sino Green Land Corp.,8-K,Luo Xiong,Director,spacy,Director
Sino Green Land Corp.,8-K,Wo Kuk Ching,Chief Executive Officer,spacy,Chief Executive Officer
Sino Green Land Corp.,8-K,Wong Ching Wing,President,spacy,President
Sino Green Land Corp.,8-K,Wong Erin,Chief Financial Officer,spacy,Chief Financial Officer
Sino Green Land Corp.,8-K,Bottle Bundle,Cto,spacy,Chief Technology Officer
Sino Green Land Corp.,8-K,Wong Ching,Ceo,spacy,Chief Executive Officer
Sino Green Land Corp.,8-K,Independence None,Director,spacy,Director
Sino Green Land Corp.,8-K,Sunshine Green,Cto,spacy,Chief Technology Officer
Westrock Coffee Co,8-K,Joe Ford,Chief Executive Officer,spacy,Chief Executive Officer
Westrock Coffee Co,8-K,Irene Stephens,Director,spacy,Director
Westrock Coffee Co,8-K,Parent Entities,Director,spacy,Director
Westrock Coffee Co,8-K,Select Milk,Coo,spacy,Chief Operating Officer
"AtlasClear Holdings, Inc.",8-K,Eric Flesche,President,spacy,President
"AtlasClear Holdings, Inc.",8-K,Richard Korhammer,Director,spacy,Director
"AtlasClear Holdings, Inc.",8-K,Sandip I. Patel,Unknown,spacy,Unknown
"AtlasClear Holdings, Inc.",8-K,James Tabacchi,Director,spacy,Director
"AtlasClear Holdings, Inc.",8-K,Ilya Bogdanov,Director,spacy,Director
"AtlasClear Holdings, Inc.",8-K,Steven J. Carlson,Director,spacy,Director
"AtlasClear Holdings, Inc.",8-K,Thomas J. Hammond,Director,spacy,Director
"AtlasClear Holdings, Inc.",8-K,Richard Barber,Chief Executive Officer,spacy,Chief Executive Officer
"AtlasClear Holdings, Inc.",8-K,Henderson Blvd,Chief Executive Officer,spacy,Chief Executive Officer
"AtlasClear Holdings, Inc.",8-K,Steven Urbach,Chief Executive Officer,spacy,Chief Executive Officer
"AtlasClear Holdings, Inc.",8-K,Erik Luchs,Chief Executive Officer,spacy,Chief Executive Officer
"AtlasClear Holdings, Inc.",8-K,Byron B. Barkley,Ceo,spacy,Chief Executive Officer
"AtlasClear Holdings, Inc.",8-K,James C. Snow,President,spacy,President
"AtlasClear Holdings, Inc.",8-K,Paul Eric,President,spacy,President
"AtlasClear Holdings, Inc.",8-K,Paul Eric Flesche,President,spacy,President
"AtlasClear Holdings, Inc.",8-K,Chardan Quantum,Cto,spacy,Chief Technology Officer
Cyber App Solutions Corp.,8-K,Steven Looper,Chief Executive Officer,spacy,Chief Executive Officer
Cyber App Solutions Corp.,8-K,Annual Retainer,Director,spacy,Director
PureBase Corp,8-K,John Bremer,Chief Executive Officer,spacy,Chief Executive Officer
PureBase Corp,8-K,Craig Barto,Director,spacy,Director
PureBase Corp,8-K,Brady Barto,Director,spacy,Director
DSG Global Inc.,8-K,James Singerling,Director,spacy,Director
DSG Global Inc.,8-K,Michael Leemhuis,Director,spacy,Director
DSG Global Inc.,8-K,Robert Silzer,Chief Executive Officer,spacy,Chief Executive Officer
"Marcus & Millichap, Inc.",8-K,Hessam Nadji,President,spacy,President
"NIKA PHARMACEUTICALS, INC",8-K,Slavchev Savov,Chief Executive Officer,spacy,Chief Executive Officer
"DT Midstream, Inc.",8-K,David Slater,President,spacy,President
"DT Midstream, Inc.",8-K,Jeff Jewell,Vice President,spacy,Vice President
"DT Midstream, Inc.",8-K,Jeffrey Jewell,Chief Financial Officer,spacy,Chief Financial Officer
"DT Midstream, Inc.",8-K,Port Arthur Sabine,Cto,spacy,Chief Technology Officer
"DT Midstream, Inc.",8-K,Vector Pipeline,Cto,spacy,Chief Technology Officer
"Kontoor Brands, Inc.",8-K,Thomas L. Doerr,Vice President,spacy,Vice President
"Kontoor Brands, Inc.",8-K,Michael Karapetian,Vice President,spacy,Vice President
"Kontoor Brands, Inc.",8-K,Julia Burge,Vice President,spacy,Vice President
Vulcan Materials CO,8-K,Tom Hill,Chairman,spacy,Chair
BALCHEM CORP,8-K,Ted Harris,Chairman,spacy,Chair
BALCHEM CORP,8-K,Martin Bengtsson,Chairman,spacy,Chair
Tronox Holdings plc,8-K,John D. Romano,Ceo,spacy,Chief Executive Officer
TELEPHONE & DATA SYSTEMS INC /DE/,8-K,Vicki L.,Vice President,spacy,Vice President
TELEPHONE & DATA SYSTEMS INC /DE/,8-K,Vicki L. Villacrez,Vice President,spacy,Vice President
Valaris Ltd,8-K,Valaris Limited,Vice President,spacy,Vice President
Valaris Ltd,8-K,Christopher T. Weber,Vice President,spacy,Vice President
AMERICAN AXLE & MANUFACTURING HOLDINGS INC,8-K,David C. Dauch,Cto,spacy,Chief Technology Officer
Denali Therapeutics Inc.,8-K,Alexander O. Schuth,Unknown,spacy,Unknown
GUESS INC,8-K,Carlos Alberini,Chief Executive Officer,spacy,Chief Executive Officer
GUESS INC,8-K,Paul Marciano,Chief Creative Officer,spacy,Chief Creative Officer
GUESS INC,8-K,Andrew Rosen,Chairman,spacy,Chair
GUESS INC,8-K,Yehuda Shmidman,Chairman,spacy,Chair
PPL Corp,8-K,Marlene C. Beers,Vice President,spacy,Vice President
"Fidelity National Financial, Inc.",8-K,Michael J. Schaltz,Director,spacy,Director
"Fidelity National Financial, Inc.",8-K,Greg Janes,Vice President,spacy,Vice President
"Fidelity National Financial, Inc.",8-K,Terri Okada,Vice President,spacy,Vice President
PORTLAND GENERAL ELECTRIC CO /OR/,8-K,Maria Pope,Cto,spacy,Chief Technology Officer
PORTLAND GENERAL ELECTRIC CO /OR/,8-K,Joe Trpik,President,spacy,President
PORTLAND GENERAL ELECTRIC CO /OR/,8-K,Nick White,President,spacy,President
GLEN BURNIE BANCORP,8-K,Mark C. Hanna,Chief Executive Officer,spacy,Chief Executive Officer
GLEN BURNIE BANCORP,8-K,Jeffrey D. Harris,Cto,spacy,Chief Technology Officer
GLEN BURNIE BANCORP,8-K,Glen Burnie,Chief Financial Officer,spacy,Chief Financial Officer
"Gouverneur Bancorp, Inc./MD/",8-K,Clara P. Cummings,Director,spacy,Director
"Gouverneur Bancorp, Inc./MD/",8-K,Charles C. Van Vleet,President,spacy,President
"Livento Group, Inc.",8-K,David Stybr,Chief Executive Officer,spacy,Chief Executive Officer
"PCS Edventures!, Inc.",8-K,Mike Bledsoe,President,spacy,President
"PCS Edventures!, Inc.",8-K,Todd Hackett,Ceo,spacy,Chief Executive Officer
"CANNAPHARMARX, INC.",8-K,Dean Medwid,Ceo,spacy,Chief Executive Officer
"Where Food Comes From, Inc.",8-K,John Saunders,Chairman,spacy,Chair
"Where Food Comes From, Inc.",8-K,Jay Pfeiffer,Chief Executive Officer,spacy,Chief Executive Officer
"Where Food Comes From, Inc.",8-K,Leann Saunders,Ceo,spacy,Chief Executive Officer
"Where Food Comes From, Inc.",8-K,Dannette Henning,Ceo,spacy,Chief Executive Officer
"Polomar Health Services, Inc.",8-K,Rasmus Refer,Director,spacy,Director
"Climb Global Solutions, Inc.",8-K,Timothy Popovich,Director,spacy,Director
"Climb Global Solutions, Inc.",8-K,Andrew Clark,Vice President,spacy,Vice President
"Unusual Machines, Inc.",8-K,Calle De,Chief Executive Officer,spacy,Chief Executive Officer
"Unusual Machines, Inc.",8-K,Michael D. Harris,Chief Executive Officer,spacy,Chief Executive Officer
"Unusual Machines, Inc.",8-K,Matthew B.,Director,spacy,Director
"Unusual Machines, Inc.",8-K,Unusual Machines,Chief Financial Officer,spacy,Chief Financial Officer
"Opus Genetics, Inc.",8-K,Nirav Jhaveri,Chief Financial Officer,spacy,Chief Financial Officer
"Opus Genetics, Inc.",8-K,Amy Rabourn,Vice President,spacy,Vice President
"LANDS' END, INC.",8-K,Peter L. Gray,Chief Commercial Officer,spacy,Chief Commercial Officer
"NORTHERN OIL & GAS, INC.",8-K,Erik J. Romslo,Chief Legal Officer,spacy,Chief Legal Officer
"NORTHERN OIL & GAS, INC.",8-K,Adam Dirlam,President,spacy,President
"NORTHERN OIL & GAS, INC.",8-K,Evelyn Leon,Vice President,spacy,Vice President
"HireQuest, Inc.",8-K,David Hartley,Vice President,spacy,Vice President
"HireQuest, Inc.",8-K,John Nesbett,Vice President,spacy,Vice President
"HireQuest, Inc.",8-K,Jennifer Belodeau,Vice President,spacy,Vice President
BOSTON OMAHA Corp,8-K,Joshua P. Weisenburger,Chief Financial Officer,spacy,Chief Financial Officer
"AEON Biopharma, Inc.",8-K,Marc Forth,Chief Executive Officer,spacy,Chief Executive Officer
Skillz Inc.,8-K,Andrew Dahlinghaus,Director,spacy,Director
"Beyond Air, Inc.",8-K,Jeff Myers,Chief Medical Officer,spacy,Chief Medical Officer
"Beyond Air, Inc.",8-K,Steve Lisi,Chairman,spacy,Chair
ACRES Commercial Realty Corp.,8-K,William B. Hart,Director,spacy,Director
"iANTHUS CAPITAL HOLDINGS, INC.",8-K,Philippe Faraut,Chief Financial Officer,spacy,Chief Financial Officer
"iANTHUS CAPITAL HOLDINGS, INC.",8-K,Richard Proud,Chief Executive Officer,spacy,Chief Executive Officer
"FIRST SOLAR, INC.",8-K,Richard D. Chapman,Director,spacy,Director
"FIRST SOLAR, INC.",8-K,George A.,Director,spacy,Director
"FIRST SOLAR, INC.",8-K,Craig Kennedy,Director,spacy,Director
"Armada Hoffler Properties, Inc.",8-K,Louis Haddad,Chief Executive Officer,spacy,Chief Executive Officer
"Armada Hoffler Properties, Inc.",8-K,Shawn J. Tibbetts,President,spacy,President
"Armada Hoffler Properties, Inc.",8-K,Matthew T. Barnes,Chief Financial Officer,spacy,Chief Financial Officer
"Armada Hoffler Properties, Inc.",8-K,Shawn Tibbetts,Director,spacy,Director
"Armada Hoffler Properties, Inc.",8-K,Armada Hoffler,Cto,spacy,Chief Technology Officer
"Armada Hoffler Properties, Inc.",8-K,Dan Hoffler,Director,spacy,Director
Vertiv Holdings Co,8-K,Lynne Maxeiner,Vice President,spacy,Vice President
Vertiv Holdings Co,8-K,Mayer Brown,Unknown,spacy,Unknown
Vertiv Holdings Co,8-K,Ho Siu Wah Michelle,Director,spacy,Director
Vertiv Holdings Co,8-K,Chen Feng,Director,spacy,Director
Vertiv Holdings Co,8-K,Landlord Lien Waiver,Cto,spacy,Chief Technology Officer
Vertiv Holdings Co,8-K,Landlord Lien,Cto,spacy,Chief Technology Officer
Vertiv Holdings Co,8-K,Mayer Brown Paris,Unknown,spacy,Unknown
Bowman Consulting Group Ltd.,8-K,Gary Bowman,Chairman,spacy,Chair
Bowman Consulting Group Ltd.,8-K,Bruce Labovitz,Chairman,spacy,Chair
BOX INC,8-K,David Leeb,Chief Legal Officer,spacy,Chief Legal Officer
"COOPER COMPANIES, INC.",8-K,Albert G. White,President,spacy,President
"ReposiTrak, Inc.",8-K,John Merrill,Chief Financial Officer,spacy,Chief Financial Officer
"ReposiTrak, Inc.",8-K,Randall K. Fields,Chairman,spacy,Chair
"ReposiTrak, Inc.",8-K,Randall Fields,Chief Financial Officer,spacy,Chief Financial Officer
"ReposiTrak, Inc.",8-K,Randy Fields,Chairman,spacy,Chair
"ReposiTrak, Inc.",8-K,Thomas Forte,Cto,spacy,Chief Technology Officer
NEKTAR THERAPEUTICS,8-K,Mark A. Wilson,Chief Legal Officer,spacy,Chief Legal Officer
COMMUNITY HEALTH SYSTEMS INC,8-K,Tim L. Hingtgen,Chief Executive Officer,spacy,Chief Executive Officer
COMMUNITY HEALTH SYSTEMS INC,8-K,Kevin J. Hammons,Chief Executive Officer,spacy,Chief Executive Officer
COMMUNITY HEALTH SYSTEMS INC,8-K,Chad A. Campbell,Vice President,spacy,Vice President
COMMUNITY HEALTH SYSTEMS INC,8-K,Lynn T. Simon,Chief Executive Officer,spacy,Chief Executive Officer
COMMUNITY HEALTH SYSTEMS INC,8-K,Mark B. Medley,President,spacy,President
DAILY JOURNAL CORP,8-K,John B. Frank,Director,spacy,Director
Allegion plc,8-K,John H. Stone,President,spacy,President
Allegion plc,8-K,Whitney Moorman,Director,spacy,Director
"Trans American Aquaculture, Inc",8-K,Adam Thomas,Chief Executive Officer,spacy,Chief Executive Officer
"HOME DEPOT, INC.",8-K,Ted Decker,President,spacy,President
"DigitalBridge Group, Inc.",8-K,Marc Ganzi,Chief Executive Officer,spacy,Chief Executive Officer
"DigitalBridge Group, Inc.",8-K,Jensen Huang,Ceo,spacy,Chief Executive Officer
"DigitalBridge Group, Inc.",8-K,Satya Nadella,Ceo,spacy,Chief Executive Officer
OWENS & MINOR INC/VA/,8-K,Edward A. Pesicka,President,spacy,President
OWENS & MINOR INC/VA/,8-K,Heath H. Galloway,Vice President,spacy,Vice President
Medtronic plc,8-K,Robert J. White,Vice President,spacy,Vice President
Medtronic plc,8-K,Geoff Martha,Chairman,spacy,Chair
Medtronic plc,8-K,Karen Parkhill,Chief Financial Officer,spacy,Chief Financial Officer
"Pediatrix Medical Group, Inc.",8-K,C. Marc,Chief Financial Officer,spacy,Chief Financial Officer
"Pediatrix Medical Group, Inc.",8-K,Charles Lynch,Chief Financial Officer,spacy,Chief Financial Officer
"Pediatrix Medical Group, Inc.",8-K,James D. Swift,Chief Executive Officer,spacy,Chief Executive Officer
"Black Stone Minerals, L.P.",8-K,Steve Putman,Vice President,spacy,Vice President
HEALTHSTREAM INC,8-K,Robert A. Frist,Chief Executive Officer,spacy,Chief Executive Officer
DANA INC,8-K,James Kamsickas,Chairman,spacy,Chair
DANA INC,8-K,Timothy Kraus,Vice President,spacy,Vice President
"OIL STATES INTERNATIONAL, INC",8-K,Cindy B. Taylor,President,spacy,President
VISTEON CORP,8-K,Brett D. Pynnonen,Vice President,spacy,Vice President
BICYCLE THERAPEUTICS PLC,8-K,Stephen Sands,Director,spacy,Director
BICYCLE THERAPEUTICS PLC,8-K,Kevin Lee,Ceo,spacy,Chief Executive Officer
BICYCLE THERAPEUTICS PLC,8-K,Pierre Legault,Director,spacy,Director
"AVANOS MEDICAL, INC.",8-K,Joe Woody,Chief Executive Officer,spacy,Chief Executive Officer
"Axsome Therapeutics, Inc.",8-K,Herriot Tabuteau,President,spacy,President
Zevia PBC,8-K,Amy Taylor,President,spacy,President
Zevia PBC,8-K,Florence Neubauer,Director,spacy,Director
Zevia PBC,8-K,Girish Satya,General Counsel,spacy,General Counsel
Zevia PBC,8-K,Pasta Pomodoro,Cfo,spacy,Chief Financial Officer
Westlake Chemical Partners LP,8-K,Albert Chao,President,spacy,President
Enpro Inc.,8-K,Enpro Enpro,Cto,spacy,Chief Technology Officer
"BEYOND, INC.",8-K,Marcus Lemonis,Chairman,spacy,Chair
"BEYOND, INC.",8-K,William Nettles,Chairman,spacy,Chair
"BEYOND, INC.",8-K,Good Sam,Chief Executive Officer,spacy,Chief Executive Officer
"BEYOND, INC.",8-K,Sarah Factor,Cto,spacy,Chief Technology Officer
Enstar Group LTD,8-K,Matthew Kirk,Chief Financial Officer,spacy,Chief Financial Officer
Enstar Group LTD,8-K,Dominic Silvester,Ceo,spacy,Chief Executive Officer
Enstar Group LTD,8-K,Nazar Alobaidat,Chief Operations Officer,spacy,Chief Operations Officer
"Matinas BioPharma Holdings, Inc.",8-K,Theresa Matkovits,Chief Development Officer,spacy,Chief Development Officer
"Chicago Atlantic BDC, Inc.",8-K,Silver Spike,Director,spacy,Director
TACTILE SYSTEMS TECHNOLOGY INC,8-K,Dan Reuvers,President,spacy,President
Monopar Therapeutics,8-K,Chandler Robinson,Chief Executive Officer,spacy,Chief Executive Officer
Monopar Therapeutics,8-K,Follow Monopar,Chief Financial Officer,spacy,Chief Financial Officer
UFP INDUSTRIES INC,8-K,Matthew J. Missad,Chairman,spacy,Chair
Odysight.ai Inc.,8-K,Yehu Ofer,Ceo,spacy,Chief Executive Officer
"LGI Homes, Inc.",8-K,Eric Lipar,Chairman,spacy,Chair
"Tri Pointe Homes, Inc.",8-K,Doug Bauer,Chief Executive Officer,spacy,Chief Executive Officer
"Tri Pointe Homes, Inc.",8-K,Tom Mitchell,President,spacy,President
"Tri Pointe Homes, Inc.",8-K,Glenn Keeler,Chief Executive Officer,spacy,Chief Executive Officer
"Tri Pointe Homes, Inc.",8-K,Linda Mamet,Chief Executive Officer,spacy,Chief Executive Officer
"Tri Pointe Homes, Inc.",8-K,Tri Pointe Homes,President,spacy,President
"Tri Pointe Homes, Inc.",8-K,Carol Ruiz,Cto,spacy,Chief Technology Officer
"Village Farms International, Inc.",8-K,Stephen C. Ruffini,Vice President,spacy,Vice President
"Auto Parts 4Less Group, Inc.",8-K,Christopher Davenport,Ceo,spacy,Chief Executive Officer
"Auto Parts 4Less Group, Inc.",8-K,Chris Davenport,Ceo,spacy,Chief Executive Officer
"Auto Parts 4Less Group, Inc.",8-K,Lou Posner,Ceo,spacy,Chief Executive Officer
"FORUM ENERGY TECHNOLOGIES, INC.",8-K,John C. Ivascu,Vice President,spacy,Vice President
"Bespoke Extracts, Inc.",8-K,Michael Feinsod,Chief Executive Officer,spacy,Chief Executive Officer
EXPEDITORS INTERNATIONAL OF WASHINGTON INC,8-K,Geoffrey Buscher,President,spacy,President
EXPEDITORS INTERNATIONAL OF WASHINGTON INC,8-K,Airfreightkilos Ocean,Cto,spacy,Chief Technology Officer
"Bridgeline Digital, Inc.",8-K,Ari Kahn,President,spacy,President
"Amplitude, Inc.",8-K,Spenser Skates,Ceo,spacy,Chief Executive Officer
Adeia Inc.,8-K,Joe Guiliano,Unknown,spacy,Unknown
Adeia Inc.,8-K,Chris Chaney,Vice President,spacy,Vice President
NEOGENOMICS INC,8-K,Chris Smith,Ceo,spacy,Chief Executive Officer
NEOGENOMICS INC,8-K,Fort Myers,Vice President,spacy,Vice President
"ARVINAS, INC.",8-K,Randy Teel,Director,spacy,Director
Cushman & Wakefield plc,8-K,Neil Johnston,Chief Financial Officer,spacy,Chief Financial Officer
Cushman & Wakefield plc,8-K,John Forrester,Ceo,spacy,Chief Executive Officer
"Keysight Technologies, Inc.",8-K,Keysight Newsroom,Cto,spacy,Chief Technology Officer
NATIONAL PRESTO INDUSTRIES INC,8-K,David Peuse,Unknown,spacy,Unknown
Enovix Corp,8-K,Raj Talluri,President,spacy,President
Enovix Corp,8-K,Anwar Ibrahim,Coo,spacy,Chief Operating Officer
"Arteris, Inc.",8-K,K. Charles Janac,President,spacy,President
"Sprout Social, Inc.",8-K,Justyn Howard,Ceo,spacy,Chief Executive Officer
"Sprout Social, Inc.",8-K,Becton Dickinson,Cto,spacy,Chief Technology Officer
"Sprout Social, Inc.",8-K,Alan Boyce,Cto,spacy,Chief Technology Officer
"Sprout Social, Inc.",8-K,Joe Del Preto,Cfo,spacy,Chief Financial Officer
"Sprout Social, Inc.",8-K,Ryan Barretto,Cfo,spacy,Chief Financial Officer
"Sprout Social, Inc.",8-K,Rachael Pfenning,Cfo,spacy,Chief Financial Officer
GLADSTONE LAND Corp,8-K,Lewis Parrish,Chief Financial Officer,spacy,Chief Financial Officer
"MediaAlpha, Inc.",8-K,Steve Yi,Ceo,spacy,Chief Executive Officer
"Empire State Realty OP, L.P.",8-K,Christina Chiu,Director,spacy,Director
"Empire State Realty OP, L.P.",8-K,Stephen V. Horn,Chief Financial Officer,spacy,Chief Financial Officer
fuboTV Inc. /FL,8-K,David Gandler,Chief Executive Officer,spacy,Chief Executive Officer
"Skyward Specialty Insurance Group, Inc.",8-K,Mark Haushill,Chief Financial Officer,spacy,Chief Financial Officer
"Skyward Specialty Insurance Group, Inc.",8-K,Andrew Robinson,Chairman,spacy,Chair
HELEN OF TROY LTD,8-K,Brian L. Grass,Chief Financial Officer,spacy,Chief Financial Officer
HELEN OF TROY LTD,8-K,Adam Rose,Vice President,spacy,Vice President
HELEN OF TROY LTD,8-K,Natalie Hill,Vice President,spacy,Vice President
HELEN OF TROY LTD,8-K,Peter Echausse,Director,spacy,Director
HELEN OF TROY LTD,8-K,Janet L. Wheeler,Director,spacy,Director
HELEN OF TROY LTD,8-K,Martin Gregory,Director,spacy,Director
Palo Alto Networks Inc,8-K,Dipak Golechha,Cto,spacy,Chief Technology Officer
Palo Alto Networks Inc,8-K,Nikesh Arora,Chairman,spacy,Chair
"TPG RE Finance Trust, Inc.",8-K,Doug Bouquard,Chief Executive Officer,spacy,Chief Executive Officer
"TPG RE Finance Trust, Inc.",8-K,Bob Foley,Chief Financial Officer,spacy,Chief Financial Officer
NATIONAL HEALTH INVESTORS INC,8-K,Eric Mendelsohn,President,spacy,President
"Teladoc Health, Inc.",8-K,Jason Gorevic,Ceo,spacy,Chief Executive Officer
JBG SMITH Properties,8-K,M. Moina Banerjee,Chief Financial Officer,spacy,Chief Financial Officer
JBG SMITH Properties,8-K,Innovation Campus,Cto,spacy,Chief Technology Officer
JBG SMITH Properties,8-K,Matthew Kelly,Chief Executive Officer,spacy,Chief Executive Officer
JBG SMITH Properties,8-K,Moina Banerjee,Chief Executive Officer,spacy,Chief Executive Officer
Orion Group Holdings Inc,8-K,Travis J. Boone,President,spacy,President
"Claros Mortgage Trust, Inc.",8-K,Richard Mack,Chief Executive Officer,spacy,Chief Executive Officer
WORKIVA INC,8-K,Julie Iskow,Ceo,spacy,Chief Executive Officer
LA-Z-BOY INC,8-K,Melinda D. Whittington,President,spacy,President
LA-Z-BOY INC,8-K,Bob Lucian,Chief Financial Officer,spacy,Chief Financial Officer
BlueLinx Holdings Inc.,8-K,Shyam Reddy,President,spacy,President
BlueLinx Holdings Inc.,8-K,Andy Wamser,Chief Financial Officer,spacy,Chief Financial Officer
BlueLinx Holdings Inc.,8-K,Andrew Wamser,Vice President,spacy,Vice President
"TrueCar, Inc.",8-K,Jeff Swart,General Counsel,spacy,General Counsel
"TrueCar, Inc.",8-K,Jantoon Reigersman,President,spacy,President
"TrueCar, Inc.",8-K,Oliver Foley,President,spacy,President
Element Solutions Inc,8-K,Benjamin Gliklich,President,spacy,President
Element Solutions Inc,8-K,Richard L. Fricke,Director,spacy,Director
Element Solutions Inc,8-K,Matthew Liebowitz,Vice President,spacy,Vice President
Element Solutions Inc,8-K,Michael Goralski,Unknown,spacy,Unknown
Element Solutions Inc,8-K,Michael Russnok,Chief Accounting Officer,spacy,Chief Accounting Officer
Element Solutions Inc,8-K,Carey J. Dorman,President,spacy,President
"Andersons, Inc.",8-K,Brian A. Valentine,Vice President,spacy,Vice President
"Andersons, Inc.",8-K,Pat Bowe,President,spacy,President
"Andersons, Inc.",8-K,Brian Valentine,Vice President,spacy,Vice President
Industrial Logistics Properties Trust,8-K,Yael Duffy,President,spacy,President
Industrial Logistics Properties Trust,8-K,Kevin C. Phelan,Unknown,spacy,Unknown
"HACKETT GROUP, INC.",8-K,Robert A. Ramirez,Chief Financial Officer,spacy,Chief Financial Officer
"HACKETT GROUP, INC.",8-K,Ted A. Fernandez,Chairman,spacy,Chair
AbCellera Biologics Inc.,8-K,Carl L. G. Hansen,Chief Executive Officer,spacy,Chief Executive Officer
AbCellera Biologics Inc.,8-K,Carl Hansen,Ceo,spacy,Chief Executive Officer
GeneDx Holdings Corp.,8-K,Melanie Duquette,Chief Growth Officer,spacy,Chief Growth Officer
GeneDx Holdings Corp.,8-K,Eric Olivares,Chief Growth Officer,spacy,Chief Growth Officer
"RAPT Therapeutics, Inc.",8-K,Rodney Young,Chief Financial Officer,spacy,Chief Financial Officer
GRAPHIC PACKAGING HOLDING CO,8-K,Michael Doss,President,spacy,President
GRAPHIC PACKAGING HOLDING CO,8-K,Arsen Kitch,President,spacy,President
"COSTAR GROUP, INC.",8-K,Andy Florance,Chief Executive Officer,spacy,Chief Executive Officer
"COSTAR GROUP, INC.",8-K,Cyndi Eakin,Vice President,spacy,Vice President
"COSTAR GROUP, INC.",8-K,Matthew Blocher,Vice President,spacy,Vice President
"Vir Biotechnology, Inc.",8-K,Phil Pang,Vice President,spacy,Vice President
Clearwater Paper Corp,8-K,Rebecca A. Barckley,Vice President,spacy,Vice President
Clearwater Paper Corp,8-K,Jules Joy,Director,spacy,Director
"Toll Brothers, Inc.",8-K,Michael J. Grubb,Vice President,spacy,Vice President
"Toll Brothers, Inc.",8-K,Douglas C. Yearley,Chairman,spacy,Chair
"RingCentral, Inc.",8-K,Vlad Shmunis,Ceo,spacy,Chief Executive Officer
"RingCentral, Inc.",8-K,Ned Segal,Director,spacy,Director
"RingCentral, Inc.",8-K,Prat Bhatt,Director,spacy,Director
"RingCentral, Inc.",8-K,Allan Thygesen,Chief Accounting Officer,spacy,Chief Accounting Officer
Public Storage,8-K,Joe Russell,President,spacy,President
"International Seaways, Inc.",8-K,Nadim Qureshi,Director,spacy,Director
"International Seaways, Inc.",8-K,Doug Wheat,Chairman,spacy,Chair
"International Seaways, Inc.",8-K,Kate Blankenship,Director,spacy,Director
"Planet Fitness, Inc.",8-K,Christopher Rondeau,Director,spacy,Director
"Planet Fitness, Inc.",8-K,C. Rondeau,Director,spacy,Director
"Select Water Solutions, Inc.",8-K,Chris George,Vice President,spacy,Vice President
"Select Water Solutions, Inc.",8-K,John Schmitz,Chairman,spacy,Chair
Seven Hills Realty Trust,8-K,Tom Lorenzini,President,spacy,President
"SEMrush Holdings, Inc.",8-K,Roman Simonov,Director,spacy,Director
"SEMrush Holdings, Inc.",8-K,David Mason,General Counsel,spacy,General Counsel
"CVR PARTNERS, LP",8-K,Mark Pytosh,Chief Executive Officer,spacy,Chief Executive Officer
"Quad/Graphics, Inc.",8-K,Tony Staniak,Chief Financial Officer,spacy,Chief Financial Officer
"Quad/Graphics, Inc.",8-K,Anthony C. Staniak,Chief Financial Officer,spacy,Chief Financial Officer
"Quad/Graphics, Inc.",8-K,Joel Quadracci,Chairman,spacy,Chair
CVR ENERGY INC,8-K,Dave Lamp,Chief Executive Officer,spacy,Chief Executive Officer
MEDIFAST INC,8-K,James P. Maloney,Chief Financial Officer,spacy,Chief Financial Officer
MEDIFAST INC,8-K,Dan Chard,Chairman,spacy,Chair
OGE ENERGY CORP.,8-K,Sean Trauschke,Chairman,spacy,Chair
UNITED THERAPEUTICS Corp,8-K,Michael Benkowitz,President,spacy,President
UNITED THERAPEUTICS Corp,8-K,Martine Rothblatt,Chief Executive Officer,spacy,Chief Executive Officer
UNITED THERAPEUTICS Corp,8-K,Dean Bunce,Vice President,spacy,Vice President
GENTHERM Inc,8-K,Wayne Kauffman,Vice President,spacy,Vice President
GENTHERM Inc,8-K,Phil Eyler,President,spacy,President
Travel & Leisure Co.,8-K,Michael D. Brown,President,spacy,President
Bausch & Lomb Corp,8-K,Brent Saunders,Chairman,spacy,Chair
UNISYS CORP,8-K,Peter A. Altabef,Ceo,spacy,Chief Executive Officer
"Kimbell Royalty Partners, LP",8-K,Robert Ravnaas,Chairman,spacy,Chair
"Kimbell Royalty Partners, LP",8-K,Rick Black Dennard,Cto,spacy,Chief Technology Officer
"Verisk Analytics, Inc.",8-K,Lee Shavel,President,spacy,President
"Verisk Analytics, Inc.",8-K,Elizabeth Mann,Cfo,spacy,Chief Financial Officer
"Verisk Analytics, Inc.",8-K,Kathy Card Beckles,Vice President,spacy,Vice President
DarioHealth Corp.,8-K,Rick Anderson,President,spacy,President
DarioHealth Corp.,8-K,Bilal Khan,Unknown,spacy,Unknown
DarioHealth Corp.,8-K,Caesarea Industrial Park,Ceo,spacy,Chief Executive Officer
DarioHealth Corp.,8-K,Voting Requirements,Cto,spacy,Chief Technology Officer
DarioHealth Corp.,8-K,Erez Raphael,Ceo,spacy,Chief Executive Officer
DarioHealth Corp.,8-K,Expense Allowance,Chief Executive Officer,spacy,Chief Executive Officer
DarioHealth Corp.,8-K,Erez Raphael Erez,Chief Executive Officer,spacy,Chief Executive Officer
DarioHealth Corp.,8-K,Adam K. Stern,Chief Executive Officer,spacy,Chief Executive Officer
DarioHealth Corp.,8-K,Omar Manejwala,President,spacy,President
DarioHealth Corp.,8-K,Josh Fischer,President,spacy,President
DarioHealth Corp.,8-K,Brian Harrigan,President,spacy,President
DarioHealth Corp.,8-K,Yoav Shaked,Chief Product Officer,spacy,Chief Product Officer
DarioHealth Corp.,8-K,Allen Kamer,Chairman,spacy,Chair
DarioHealth Corp.,8-K,Eric Milledge,Chairman,spacy,Chair
DarioHealth Corp.,8-K,David A. Horwitz,Chairman,spacy,Chair
PHINIA INC.,8-K,Brady Ericson,President,spacy,President
PHI GROUP INC,8-K,Henry D. Fahman,Chairman,spacy,Chair
"GIBRALTAR INDUSTRIES, INC.",8-K,Jeffrey J. Watorek,Vice President,spacy,Vice President
"GIBRALTAR INDUSTRIES, INC.",8-K,Bill Bosway,Chairman,spacy,Chair
REPLIGEN CORP,8-K,Tony J. Hunt,Chief Executive Officer,spacy,Chief Executive Officer
"Alight, Inc. / Delaware",8-K,Stephan Scholl,Chief Executive Officer,spacy,Chief Executive Officer
"ADMA BIOLOGICS, INC.",8-K,Adam Grossman,President,spacy,President
"ADMA BIOLOGICS, INC.",8-K,Skyler Bloom,Director,spacy,Director
"ADMA BIOLOGICS, INC.",8-K,Michelle Pappanastos,Director,spacy,Director
Wingstop Inc.,8-K,Michael Skipworth,President,spacy,President
CPI AEROSTRUCTURES INC,8-K,Andrew Davis,Chief Financial Officer,spacy,Chief Financial Officer
CPI AEROSTRUCTURES INC,8-K,Andrew L. Davis,Chief Financial Officer,spacy,Chief Financial Officer
"BrightSpire Capital, Inc.",8-K,Michael J. Mazzei,Chief Executive Officer,spacy,Chief Executive Officer
MEDICAL PROPERTIES TRUST INC,8-K,Drew Babin,Director,spacy,Director
MEDICAL PROPERTIES TRUST INC,8-K,J. Kevin Hanna,Chairman,spacy,Chair
MEDICAL PROPERTIES TRUST INC,8-K,Rosa H. Hooper,Vice President,spacy,Vice President
MEDICAL PROPERTIES TRUST INC,8-K,Larry H. Portal,Vice President,spacy,Vice President
MEDICAL PROPERTIES TRUST INC,8-K,C. Reynolds Thompson,Director,spacy,Director
MEDICAL PROPERTIES TRUST INC,8-K,Drew Babin Tim Berryman,Director,spacy,Director
MEDICAL PROPERTIES TRUST INC,8-K,Tim Berryman,Director,spacy,Director
ALTAIR INTERNATIONAL CORP.,8-K,Leonard Lovallo,President,spacy,President
ALTAIR INTERNATIONAL CORP.,8-K,F. Prior,Unknown,spacy,Unknown
ALTAIR INTERNATIONAL CORP.,8-K,Culhane Meadows,President,spacy,President
ALTAIR INTERNATIONAL CORP.,8-K,Ross Gourdie,President,spacy,President
"Ocugen, Inc.",8-K,Gene Therapy,Chairman,spacy,Chair
"Ocugen, Inc.",8-K,Arun Upadhyay,Chairman,spacy,Chair
"Ocugen, Inc.",8-K,Lejla Vajzovic,Director,spacy,Director
"Ocugen, Inc.",8-K,Byron Lam,Director,spacy,Director
"Ocugen, Inc.",8-K,Mark J. Daily,Ceo,spacy,Chief Executive Officer
"Ocugen, Inc.",8-K,Neena Haider,Ceo,spacy,Chief Executive Officer
"Gatos Silver, Inc.",8-K,Dale Andres,Ceo,spacy,Chief Executive Officer
MGE ENERGY INC,8-K,Tamara J. Johnson,Vice President,spacy,Vice President
MGE ENERGY INC,8-K,J. Johnson,Vice President,spacy,Vice President
"Cleartronic, Inc.",8-K,Larry Reid,Chief Financial Officer,spacy,Chief Financial Officer
"Vimeo, Inc.",8-K,Adam Gross,Ceo,spacy,Chief Executive Officer
"Vimeo, Inc.",8-K,Adam Oscar,Director,spacy,Director
"Vimeo, Inc.",8-K,Ben Proudfoot,Director,spacy,Director
GLADSTONE COMMERCIAL CORP,8-K,Gary Gerson,Chief Financial Officer,spacy,Chief Financial Officer
Sunrun Inc.,8-K,Jeanna Steele,Chief Legal Officer,spacy,Chief Legal Officer
Sunrun Inc.,8-K,Mary Powell,Chief Executive Officer,spacy,Chief Executive Officer
Sunrun Inc.,8-K,Danny Abajian,Chief Financial Officer,spacy,Chief Financial Officer
"HEALTHEQUITY, INC.",8-K,Jon Kessler,President,spacy,President
Pulmonx Corp,8-K,Alissa Hsu Lynch,Director,spacy,Director
Pulmonx Corp,8-K,Glen French,Ceo,spacy,Chief Executive Officer
Pulmonx Corp,8-K,Steve Williamson,Ceo,spacy,Chief Executive Officer
Pulmonx Corp,8-K,Dana G. Mead,Director,spacy,Director
"Unicycive Therapeutics, Inc.",8-K,Shalabh Gupta,Chief Executive Officer,spacy,Chief Executive Officer
"SenesTech, Inc.",8-K,Joel Fruendt,President,spacy,President
CENTURY ALUMINUM CO,8-K,Jesse Gary,President,spacy,President
"Five9, Inc.",8-K,Barry Zwarenstein,Chief Financial Officer,spacy,Chief Financial Officer
"Five9, Inc.",8-K,Mike Burkland,Chairman,spacy,Chair
NEVRO CORP,8-K,Kevin Thornal,Ceo,spacy,Chief Executive Officer
TANDEM DIABETES CARE INC,8-K,John Sheridan,President,spacy,President
TANDEM DIABETES CARE INC,8-K,Tandem Diabetes Care,Unknown,spacy,Unknown
ENCORE CAPITAL GROUP INC,8-K,Jonathan C. Clark,Vice President,spacy,Vice President
ENCORE CAPITAL GROUP INC,8-K,Ashish Masih,President,spacy,President
OUTFRONT Media Inc.,8-K,Jeremy Male,Chairman,spacy,Chair
Olo Inc.,8-K,Noah H. Glass,Chief Executive Officer,spacy,Chief Executive Officer
Olo Inc.,8-K,Noah Glass,Ceo,spacy,Chief Executive Officer
"SharpLink Gaming, Inc.",8-K,Robert Phythian,Director,spacy,Director
"SharpLink Gaming, Inc.",8-K,Adrienne Anderson,Cto,spacy,Chief Technology Officer
"SharpLink Gaming, Inc.",8-K,Robert Gutkowski,Director,spacy,Director
"SharpLink Gaming, Inc.",8-K,George Steinbrenner,Cto,spacy,Chief Technology Officer
"SharpLink Gaming, Inc.",8-K,Robert M. Gutkowski Via,Chief Executive Officer,spacy,Chief Executive Officer
"SharpLink Gaming, Inc.",8-K,Bob Gutkowski,Director,spacy,Director
"Outset Medical, Inc.",8-K,Leslie Trigg,Chief Executive Officer,spacy,Chief Executive Officer
"Outset Medical, Inc.",8-K,Jim Mazzola,Vice President,spacy,Vice President
"Remitly Global, Inc.",8-K,Gail Miller,Chief Financial Officer,spacy,Chief Financial Officer
"Remitly Global, Inc.",8-K,Matt Oppenheimer,Chief Executive Officer,spacy,Chief Executive Officer
"Veris Residential, Inc.",8-K,Veris Residential,Chief Executive Officer,spacy,Chief Executive Officer
"Western Midstream Partners, LP",8-K,Michael Ure,President,spacy,President
"Western Midstream Partners, LP",8-K,Kristen Shults,Vice President,spacy,Vice President
ACV Auctions Inc.,8-K,George Chamoun,Ceo,spacy,Chief Executive Officer
"ADAMS RESOURCES & ENERGY, INC.",8-K,J. Roycraft,Chief Executive Officer,spacy,Chief Executive Officer
JACK IN THE BOX INC,8-K,Darin Harris,Chief Executive Officer,spacy,Chief Executive Officer
"Coca-Cola Consolidated, Inc.",8-K,Dave Katz,President,spacy,President
"Coca-Cola Consolidated, Inc.",8-K,J. Frank Harrison,Chairman,spacy,Chair
"Coca-Cola Consolidated, Inc.",8-K,Josh Gelinas,Vice President,spacy,Vice President
"AGILENT TECHNOLOGIES, INC.",8-K,Angelica Riemann,Ceo,spacy,Chief Executive Officer
"AGILENT TECHNOLOGIES, INC.",8-K,Jonah Kirkwood,Ceo,spacy,Chief Executive Officer
"AGILENT TECHNOLOGIES, INC.",8-K,Koh Boon Hwee,Ceo,spacy,Chief Executive Officer
"Crescent Capital BDC, Inc.",8-K,Henry Chung,Director,spacy,Director
"Crescent Capital BDC, Inc.",8-K,Jason Breaux,President,spacy,President
ICAHN ENTERPRISES L.P.,8-K,Andrew J. Teno,President,spacy,President
ICAHN ENTERPRISES L.P.,8-K,David Willetts,Director,spacy,Director
ICAHN ENTERPRISES L.P.,8-K,Andrew Teno,President,spacy,President
ICAHN ENTERPRISES L.P.,8-K,Carl C. Icahn,Director,spacy,Director
ICAHN ENTERPRISES L.P.,8-K,Bala Cynwyd,Director,spacy,Director
ICAHN ENTERPRISES L.P.,8-K,Carl Icahn,Director,spacy,Director
ICAHN ENTERPRISES L.P.,8-K,Matthew C. Flannery,Chief Legal Officer,spacy,Chief Legal Officer
Bridge Investment Group Holdings Inc.,8-K,Robert Morse,Cto,spacy,Chief Technology Officer
NEW YORK MORTGAGE TRUST INC,8-K,Jason Serrano,Chief Executive Officer,spacy,Chief Executive Officer
AMERISAFE INC,8-K,Andy Omiridis,Chief Financial Officer,spacy,Chief Financial Officer
AMERISAFE INC,8-K,G. Janelle Frost,President,spacy,President
Texas Pacific Land Corp,8-K,Tyler Glover,Chief Executive Officer,spacy,Chief Executive Officer
Jackson Financial Inc.,8-K,Laura Prieskorn,President,spacy,President
Jackson Financial Inc.,8-K,Marcia Wadsten,Vice President,spacy,Vice President
NVIDIA CORP,8-K,Li Auto,Cfo,spacy,Chief Financial Officer
Ingevity Corp,8-K,John Fortson,President,spacy,President
Ingevity Corp,8-K,Mary Dean Hall,Vice President,spacy,Vice President
Churchill Downs Inc,8-K,Marcia A. Dall,Vice President,spacy,Vice President
"BuzzFeed, Inc.",8-K,Matt Omer,Chief Financial Officer,spacy,Chief Financial Officer
"BuzzFeed, Inc.",8-K,Freshfields Bruckhaus Deringer,Chief Legal Officer,spacy,Chief Legal Officer
"BuzzFeed, Inc.",8-K,Aaron Levant,Chief Executive Officer,spacy,Chief Executive Officer
"Ultra Clean Holdings, Inc.",8-K,Jim Scholhamer,Ceo,spacy,Chief Executive Officer
NPK International Inc.,8-K,Matthew Lanigan,President,spacy,President
NPK International Inc.,8-K,Gregg Piontek,Chief Financial Officer,spacy,Chief Financial Officer
MOSAIC CO,8-K,Bruce Bodine,President,spacy,President
CHEESECAKE FACTORY INC,8-K,Etienne Marcus,Cto,spacy,Chief Technology Officer
CHEESECAKE FACTORY INC,8-K,David Overton,Chairman,spacy,Chair
AMEDISYS INC,8-K,Nick Muscato,Chief Strategy Officer,spacy,Chief Strategy Officer
"STRATA Skin Sciences, Inc.",8-K,Christopher Lesovitz,Chief Financial Officer,spacy,Chief Financial Officer
"Plymouth Industrial REIT, Inc.",8-K,Tripp Sullivan,Chief Executive Officer,spacy,Chief Executive Officer
"Plymouth Industrial REIT, Inc.",8-K,Jeff Witherell,Chairman,spacy,Chair
"Plymouth Industrial REIT, Inc.",8-K,Anthony J. Saladino,Chief Executive Officer,spacy,Chief Executive Officer
"Plymouth Industrial REIT, Inc.",8-K,Lyndon J. Blakesley,Chief Executive Officer,spacy,Chief Executive Officer
"Plymouth Industrial REIT, Inc.",8-K,David G. Gaw,General Counsel,spacy,General Counsel
"Plymouth Industrial REIT, Inc.",8-K,Lead Independent,Director,spacy,Director
"Plymouth Industrial REIT, Inc.",8-K,Caitlin Murphy,Director,spacy,Director
"Plymouth Industrial REIT, Inc.",8-K,Pendleton P. White,Director,spacy,Director
"Plymouth Industrial REIT, Inc.",8-K,Nicholas Thillman,Director,spacy,Director
"Plymouth Industrial REIT, Inc.",8-K,John Kim Nate,Cto,spacy,Chief Technology Officer
"Plymouth Industrial REIT, Inc.",8-K,Crossett Bryan Maher,Chairman,spacy,Chair
"Q2 Holdings, Inc.",8-K,David J. Mehok,Chief Financial Officer,spacy,Chief Financial Officer
"Q2 Holdings, Inc.",8-K,Matt Flake,Ceo,spacy,Chief Executive Officer
"Q2 Holdings, Inc.",8-K,David Mehok,Cfo,spacy,Chief Financial Officer
"CAMBER ENERGY, INC.",8-K,Minimum Triggering Level,Cto,spacy,Chief Technology Officer
MARRIOTT VACATIONS WORLDWIDE Corp,8-K,John Geller,President,spacy,President
EXACT SCIENCES CORP,8-K,Jeffrey T. Elliott,Vice President,spacy,Vice President
"Vital Energy, Inc.",8-K,Jason Pigott,President,spacy,President
"Vital Energy, Inc.",8-K,Bryan J. Lemmerman,Vice President,spacy,Vice President
ProPetro Holding Corp.,8-K,Sam Sledge,Chief Executive Officer,spacy,Chief Executive Officer
ProPetro Holding Corp.,8-K,David Schorlemer,Chief Financial Officer,spacy,Chief Financial Officer
ProPetro Holding Corp.,8-K,Matt Augustine,Chief Financial Officer,spacy,Chief Financial Officer
ProPetro Holding Corp.,8-K,Adam Munoz,Chief Executive Officer,spacy,Chief Executive Officer
"HOST HOTELS & RESORTS, INC.",8-K,James F. Risoleo,President,spacy,President
Pebblebrook Hotel Trust,8-K,Raymond D. Martz,President,spacy,President
STURM RUGER & CO INC,8-K,Christopher J. Killoy,Chief Executive Officer,spacy,Chief Executive Officer
GENCO SHIPPING & TRADING LTD,8-K,John C. Wobensmith,Chief Executive Officer,spacy,Chief Executive Officer
GENCO SHIPPING & TRADING LTD,8-K,Peter Allen,Chief Financial Officer,spacy,Chief Financial Officer
AltEnergy Acquisition Corp,8-K,Hogap Kang,Director,spacy,Director
AltEnergy Acquisition Corp,8-K,Dohyung Kim,Director,spacy,Director
AltEnergy Acquisition Corp,8-K,Jong Hoon Ha,Cto,spacy,Chief Technology Officer
AltEnergy Acquisition Corp,8-K,Ki Youn Kim,Cto,spacy,Chief Technology Officer
AltEnergy Acquisition Corp,8-K,Victor Park,Cto,spacy,Chief Technology Officer
AltEnergy Acquisition Corp,8-K,Shin Young,Chairman,spacy,Chair
AltEnergy Acquisition Corp,8-K,Car Tech,Ceo,spacy,Chief Executive Officer
Chord Energy Corp,8-K,Danny Brown,President,spacy,President
Chord Energy Corp,8-K,Shannon B. Kinney,Vice President,spacy,Vice President
Chord Energy Corp,8-K,B. Kinney,Vice President,spacy,Vice President
Chord Energy Corp,8-K,Ian Dundas,President,spacy,President
Chord Energy Corp,8-K,Williston Basin,President,spacy,President
Chord Energy Corp,8-K,Michael Lou,Director,spacy,Director
Chord Energy Corp,8-K,Darrin Henke,Chief Financial Officer,spacy,Chief Financial Officer
Chord Energy Corp,8-K,Shannon Kinney,Chief Financial Officer,spacy,Chief Financial Officer
Chord Energy Corp,8-K,Bob Bakanauskas,President,spacy,President
Chord Energy Corp,8-K,Susan Cunningham Ian Dundas,Director,spacy,Director
Chord Energy Corp,8-K,Michael Lou Darrin,Chief Financial Officer,spacy,Chief Financial Officer
Breeze Holdings Acquisition Corp.,8-K,J. Douglas Ramsey,Director,spacy,Director
Breeze Holdings Acquisition Corp.,8-K,B. Parent,Cto,spacy,Chief Technology Officer
Breeze Holdings Acquisition Corp.,8-K,Nicholson Rd Garland,Chief Executive Officer,spacy,Chief Executive Officer
Breeze Holdings Acquisition Corp.,8-K,Kevin Boscamp,Chief Executive Officer,spacy,Chief Executive Officer
Breeze Holdings Acquisition Corp.,8-K,Daniel L. Hunt,President,spacy,President
Breeze Holdings Acquisition Corp.,8-K,Robert Lee Thomas,President,spacy,President
Breeze Holdings Acquisition Corp.,8-K,Bill Stark,President,spacy,President
ModivCare Inc,8-K,Barbara Gutierrez,President,spacy,President
ModivCare Inc,8-K,Ilias Simpson,President,spacy,President
ModivCare Inc,8-K,L. Heath Sampson,President,spacy,President
HAVERTY FURNITURE COMPANIES INC,8-K,Jenny Hill Parker,Vice President,spacy,Vice President
HAVERTY FURNITURE COMPANIES INC,8-K,Clarence H. Smith,Chairman,spacy,Chair
VALMONT INDUSTRIES INC,8-K,Avner M. Applbaum,President,spacy,President
VALMONT INDUSTRIES INC,8-K,Timothy P. Francis,Chief Financial Officer,spacy,Chief Financial Officer
"ATN International, Inc.",8-K,Brad Martin,Chief Executive Officer,spacy,Chief Executive Officer
SJW GROUP,8-K,Andrew F. Walters,Chief Financial Officer,spacy,Chief Financial Officer
PG&E Corp,8-K,Carolyn J. Burke,Vice President,spacy,Vice President
PG&E Corp,8-K,Patti Poppe,Ceo,spacy,Chief Executive Officer
CARRIAGE SERVICES INC,8-K,Steve Metzger,Ceo,spacy,Chief Executive Officer
CARRIAGE SERVICES INC,8-K,Carlos Quezada,Ceo,spacy,Chief Executive Officer
CARRIAGE SERVICES INC,8-K,Kian Granmayeh,Ceo,spacy,Chief Executive Officer
CARRIAGE SERVICES INC,8-K,Steve D. Metzger,President,spacy,President
CARRIAGE SERVICES INC,8-K,Don Patteson,Director,spacy,Director
CARRIAGE SERVICES INC,8-K,Alan J. Robin Esq,Unknown,spacy,Unknown
CARRIAGE SERVICES INC,8-K,Alan J. Robin,Unknown,spacy,Unknown
NEWMONT Corp /DE/,8-K,Cynthia Dioquino,Director,spacy,Director
NEWMONT Corp /DE/,8-K,Jake Wesley,Vice President,spacy,Vice President
NEWMONT Corp /DE/,8-K,Christopher Facenda,Director,spacy,Director
"Perimeter Solutions, Inc.",8-K,Kyle Sable,Chief Financial Officer,spacy,Chief Financial Officer
Enovis CORP,8-K,Matt Trerotola,Chief Executive Officer,spacy,Chief Executive Officer
"Clearway Energy, Inc.",8-K,Christopher Sotos,President,spacy,President
"Clearway Energy, Inc.",8-K,Cedro Hill,Cto,spacy,Chief Technology Officer
"Clearway Energy, Inc.",8-K,Victory Pass,Cto,spacy,Chief Technology Officer
"City Office REIT, Inc.",8-K,Anthony Maretic,Cfo,spacy,Chief Financial Officer
"Moderna, Inc.",8-K,James M.,Chief Financial Officer,spacy,Chief Financial Officer
"Moderna, Inc.",8-K,James M. Mock,Chief Financial Officer,spacy,Chief Financial Officer
"IMMUNIC, INC.",8-K,Daniel Vitt,Chief Executive Officer,spacy,Chief Executive Officer
"IMMUNIC, INC.",8-K,Jessica Breu,Vice President,spacy,Vice President
"IMMUNIC, INC.",8-K,Paula Schwartz,Vice President,spacy,Vice President
LKQ CORP,8-K,Rick Galloway,Vice President,spacy,Vice President
LKQ CORP,8-K,Justin Jude,Chief Executive Officer,spacy,Chief Executive Officer
GRANITE CONSTRUCTION INC,8-K,Elizabeth L. Curtis,Vice President,spacy,Vice President
GRANITE CONSTRUCTION INC,8-K,Kyle Larkin,President,spacy,President
GRANITE CONSTRUCTION INC,8-K,Tappan Zee,President,spacy,President
GRANITE CONSTRUCTION INC,8-K,Lisa Curtis,Vice President,spacy,Vice President
"STARWOOD PROPERTY TRUST, INC.",8-K,Barry Sternlicht,Chairman,spacy,Chair
IRON MOUNTAIN INC,8-K,William L. Meaney,President,spacy,President
"QUANTA SERVICES, INC.",8-K,Duke Austin,President,spacy,President
"QUANTA SERVICES, INC.",8-K,Kip Rupp,Vice President,spacy,Vice President
"QUANTA SERVICES, INC.",8-K,Jayshree Desai,Cfo,spacy,Chief Financial Officer
"QUANTA SERVICES, INC.",8-K,Liz James Kip Rupp,Cfo,spacy,Chief Financial Officer
"Option Care Health, Inc.",8-K,Michael Shapiro,Chief Financial Officer,spacy,Chief Financial Officer
"Option Care Health, Inc.",8-K,C. Rademacher,Chief Executive Officer,spacy,Chief Executive Officer
"Option Care Health, Inc.",8-K,Asher Dewhurst,Chief Financial Officer,spacy,Chief Financial Officer
"Builders FirstSource, Inc.",8-K,Dave Rush,Ceo,spacy,Chief Executive Officer
"Builders FirstSource, Inc.",8-K,Timothy D. Johnson,Vice President,spacy,Vice President
TELEFLEX INC,8-K,Liam Kelly,Chairman,spacy,Chair
TELEFLEX INC,8-K,Thomas Powell,Chairman,spacy,Chair
"RHYTHM PHARMACEUTICALS, INC.",8-K,Hunter Smith,Chief Financial Officer,spacy,Chief Financial Officer
"RHYTHM PHARMACEUTICALS, INC.",8-K,David Meeker,President,spacy,President
"Amylyx Pharmaceuticals, Inc.",8-K,James M. Frates,Chief Financial Officer,spacy,Chief Financial Officer
"Amylyx Pharmaceuticals, Inc.",8-K,Justin Klee,Ceo,spacy,Chief Executive Officer
"Amylyx Pharmaceuticals, Inc.",8-K,Camille L. Bedrosian,Chief Medical Officer,spacy,Chief Medical Officer
"Amylyx Pharmaceuticals, Inc.",8-K,Linda Arsenault,Unknown,spacy,Unknown
"Amylyx Pharmaceuticals, Inc.",8-K,Dan Monahan,Unknown,spacy,Unknown
BRADY CORP,8-K,Ann Thornton,Chief Financial Officer,spacy,Chief Financial Officer
"Kymera Therapeutics, Inc.",8-K,Nello Mainolfi,President,spacy,President
HNI CORP,8-K,Marshall H. Bridges,Vice President,spacy,Vice President
HNI CORP,8-K,Jeff Lorenger,Chairman,spacy,Chair
"Thryv Holdings, Inc.",8-K,Paul Rouse,Chief Financial Officer,spacy,Chief Financial Officer
"Thryv Holdings, Inc.",8-K,Joe Walsh,Chairman,spacy,Chair
"SHYFT GROUP, INC.",8-K,Jon Douyard,Chief Financial Officer,spacy,Chief Financial Officer
"SHYFT GROUP, INC.",8-K,Jonathan C. Douyard,Chief Financial Officer,spacy,Chief Financial Officer
"SHYFT GROUP, INC.",8-K,Sydney Lepora,Director,spacy,Director
"SHYFT GROUP, INC.",8-K,Randy Wilson,Director,spacy,Director
Hillman Solutions Corp.,8-K,Doug Cahill,Chairman,spacy,Chair
Hillman Solutions Corp.,8-K,Rocky Kraft,Chairman,spacy,Chair
Hillman Solutions Corp.,8-K,Jon Michael Adinolfi,Chairman,spacy,Chair
Driven Brands Holdings Inc.,8-K,Jonathan Fitzpatrick,President,spacy,President
Driven Brands Holdings Inc.,8-K,Taylor Blanchard,Cfo,spacy,Chief Financial Officer
"Installed Building Products, Inc.",8-K,Jeff Edwards,Chairman,spacy,Chair
Hamilton Beach Brands Holding Co,8-K,Gregory H. Trepp,Director,spacy,Director
Hamilton Beach Brands Holding Co,8-K,Hamilton Beach Brands,Vice President,spacy,Vice President
Hamilton Beach Brands Holding Co,8-K,Glen Allen,President,spacy,President
Hamilton Beach Brands Holding Co,8-K,Hamilton Beach,Cto,spacy,Chief Technology Officer
"Intra-Cellular Therapies, Inc.",8-K,Sharon Mates,Chairman,spacy,Chair
"Intra-Cellular Therapies, Inc.",8-K,Juan Sanchez,Vice President,spacy,Vice President
"Intra-Cellular Therapies, Inc.",8-K,Cameron Radinovic,Vice President,spacy,Vice President
"Harmony Biosciences Holdings, Inc.",8-K,Sandip Kapadia,Chief Financial Officer,spacy,Chief Financial Officer
"Harmony Biosciences Holdings, Inc.",8-K,Jeffrey M. Dayno,President,spacy,President
Cars.com Inc.,8-K,Alex Vetter,Chief Executive Officer,spacy,Chief Executive Officer
Cars.com Inc.,8-K,Sonia Jain,Chief Financial Officer,spacy,Chief Financial Officer
INSMED Inc,8-K,Will Lewis,Chief Executive Officer,spacy,Chief Executive Officer
INSMED Inc,8-K,Eleanor Barisser Associate,Director,spacy,Director
RIGEL PHARMACEUTICALS INC,8-K,Ray Furey,Vice President,spacy,Vice President
"Talkspace, Inc.",8-K,Jennifer Fulk,Chief Financial Officer,spacy,Chief Financial Officer
authID Inc.,8-K,Joe Trelin,Director,spacy,Director
"ENTERGY MISSISSIPPI, LLC",8-K,Reginald T. Jackson,Vice President,spacy,Vice President
"ENTERGY MISSISSIPPI, LLC",8-K,Drew Marsh,Chief Executive Officer,spacy,Chief Executive Officer
"Owlet, Inc.",8-K,Kurt Workman,Chief Executive Officer,spacy,Chief Executive Officer
CUMULUS MEDIA INC,8-K,Manoj Bhargava,Director,spacy,Director
CUMULUS MEDIA INC,8-K,Henry Farell,Vice President,spacy,Vice President
CUMULUS MEDIA INC,8-K,Andrew Hobson,Chairman,spacy,Chair
TENNANT CO,8-K,Dave Huml,President,spacy,President
"UPBOUND GROUP, INC.",8-K,Mitch Fadel,Ceo,spacy,Chief Executive Officer
"UPBOUND GROUP, INC.",8-K,Fahmi Karam,Chief Executive Officer,spacy,Chief Executive Officer
TRINITY INDUSTRIES INC,8-K,Leigh Anne Mann,Vice President,spacy,Vice President
TRINITY INDUSTRIES INC,8-K,Eric Marchetto,Chief Executive Officer,spacy,Chief Executive Officer
TRINITY INDUSTRIES INC,8-K,Leigh Anne,Chief Executive Officer,spacy,Chief Executive Officer
POOL CORP,8-K,Peter D. Arvan,President,spacy,President
SinglePoint Inc.,8-K,Wil Ralston,Ceo,spacy,Chief Executive Officer
"DYNARESOURCE, INC.",8-K,Ronald Vail,Director,spacy,Director
"DYNARESOURCE, INC.",8-K,Jose Vargas Lugo,Director,spacy,Director
"DYNARESOURCE, INC.",8-K,Brent Omland,Director,spacy,Director
"DYNARESOURCE, INC.",8-K,Quinton Hennigh,Director,spacy,Director
"DYNARESOURCE, INC.",8-K,Vargas Lugo,Director,spacy,Director
"DYNARESOURCE, INC.",8-K,Brent Omland Appointed,Director,spacy,Director
"DYNARESOURCE, INC.",8-K,Brad J. Saulter,Chairman,spacy,Chair
"VWF Bancorp, Inc.",8-K,Michael D. Cahill,President,spacy,President
Playa Hotels & Resorts N.V.,8-K,Ryan Hymel Ryan,Chief Financial Officer,spacy,Chief Financial Officer
Playa Hotels & Resorts N.V.,8-K,Bruce D. Wardinski,Chairman,spacy,Chair
"COLLEGIUM PHARMACEUTICAL, INC",8-K,Joe Ciaffoni,President,spacy,President
"COLLEGIUM PHARMACEUTICAL, INC",8-K,Christopher James,Vice President,spacy,Vice President
Longeveron Inc.,8-K,Lisa A. Locklear,Chief Financial Officer,spacy,Chief Financial Officer
Sanara MedTech Inc.,8-K,Callon Nichols,Director,spacy,Director
Sanara MedTech Inc.,8-K,Zach Fleming,Ceo,spacy,Chief Executive Officer
"AVITA Medical, Inc.",8-K,Jessica Ekeberg,Chief Financial Officer,spacy,Chief Financial Officer
MERCADOLIBRE INC,8-K,Santos Sr,Vice President,spacy,Vice President
"ARDELYX, INC.",8-K,Mike Raab,President,spacy,President
"ARDELYX, INC.",8-K,Justin Renz,Unknown,spacy,Unknown
"ARDELYX, INC.",8-K,Philip Schoenfeld,Unknown,spacy,Unknown
"ARDELYX, INC.",8-K,Arnold Silva,Director,spacy,Director
"ARDELYX, INC.",8-K,David Spiegel,Director,spacy,Director
"AlTi Global, Inc.",8-K,Nazim Cetin,Chief Executive Officer,spacy,Chief Executive Officer
"AlTi Global, Inc.",8-K,Michael Tiedemann,Chief Executive Officer,spacy,Chief Executive Officer
"AlTi Global, Inc.",8-K,Stephen Yarad,Chief Executive Officer,spacy,Chief Executive Officer
"AlTi Global, Inc.",8-K,Jed Emerson,Chief Operating Officer,spacy,Chief Operating Officer
"AlTi Global, Inc.",8-K,Craig Smith,Chief Marketing Officer,spacy,Chief Marketing Officer
"AlTi Global, Inc.",8-K,Robert Weeber,Chief Impact Officer,spacy,Chief Impact Officer
"AlTi Global, Inc.",8-K,Patrick Flaton,President,spacy,President
"AlTi Global, Inc.",8-K,Ali Bouzarif,Chief Executive Officer,spacy,Chief Executive Officer
"AlTi Global, Inc.",8-K,Al Waddi,Chief Executive Officer,spacy,Chief Executive Officer
"AlTi Global, Inc.",8-K,Nancy Curtin,Chief Executive Officer,spacy,Chief Executive Officer
"AlTi Global, Inc.",8-K,Mark Furlong,Director,spacy,Director
"AlTi Global, Inc.",8-K,Tracey B. Warson,Director,spacy,Director
BOSTON BEER CO INC,8-K,Diego Reynoso,President,spacy,President
BOSTON BEER CO INC,8-K,Philip A. Hodges,Vice President,spacy,Vice President
BOSTON BEER CO INC,8-K,Matthew D. Murphy,Chief Executive Officer,spacy,Chief Executive Officer
BOSTON BEER CO INC,8-K,John C. Geist,Chief Sales Officer,spacy,Chief Sales Officer
BOSTON BEER CO INC,8-K,Lesya Lysyj,Chief Sales Officer,spacy,Chief Sales Officer
BOSTON BEER CO INC,8-K,Frank H. Smalla,Chief Marketing Officer,spacy,Chief Marketing Officer
BOSTON BEER CO INC,8-K,C. James Koch,Chairman,spacy,Chair
DYNAVAX TECHNOLOGIES CORP,8-K,Ryan Spencer,Chief Executive Officer,spacy,Chief Executive Officer
AMERICOLD REALTY TRUST,8-K,C. Novosel,President,spacy,President
COMFORT SYSTEMS USA INC,8-K,Julie Shaeff,Chief Accounting Officer,spacy,Chief Accounting Officer
COMFORT SYSTEMS USA INC,8-K,Laura F. Howell,Vice President,spacy,Vice President
"Health Catalyst, Inc.",8-K,Bryan Hunt,Cto,spacy,Chief Technology Officer
"Health Catalyst, Inc.",8-K,Jason Alger,Chief Financial Officer,spacy,Chief Financial Officer
"Health Catalyst, Inc.",8-K,Mark Templeton,Director,spacy,Director
"Health Catalyst, Inc.",8-K,Dan Burton,Ceo,spacy,Chief Executive Officer
EDISON INTERNATIONAL,8-K,Pedro J. Pizarro,President,spacy,President
EDISON INTERNATIONAL,8-K,Sam Ramraj,Vice President,spacy,Vice President
EDISON INTERNATIONAL,8-K,Derek Matsushima,Vice President,spacy,Vice President
"iRhythm Technologies, Inc.",8-K,Quentin Blackford,President,spacy,President
"GRID DYNAMICS HOLDINGS, INC.",8-K,Leonard Livschitz,Ceo,spacy,Chief Executive Officer
"Sprouts Farmers Market, Inc.",8-K,Dustin Hamilton,Chief Financial Officer,spacy,Chief Financial Officer
"Sprouts Farmers Market, Inc.",8-K,Brandon Lombardi,Chief Stores Officer,spacy,Chief Stores Officer
"Sprouts Farmers Market, Inc.",8-K,Joe Hurley,Chief Legal Officer,spacy,Chief Legal Officer
"Sprouts Farmers Market, Inc.",8-K,Timmi Zalatoris,Chief Technology Officer,spacy,Chief Technology Officer
"Sprouts Farmers Market, Inc.",8-K,Nick Konat,Chief Technology Officer,spacy,Chief Technology Officer
"Sprouts Farmers Market, Inc.",8-K,Alisa Gmelich,President,spacy,President
Peakstone Realty Trust,8-K,Javier F. Bitar,Chief Financial Officer,spacy,Chief Financial Officer
Peakstone Realty Trust,8-K,Michael Escalante,Ceo,spacy,Chief Executive Officer
"TPI COMPOSITES, INC",8-K,Bill Siwek,President,spacy,President
UNIVERSAL DISPLAY CORP \PA\,8-K,Brian Millard,Vice President,spacy,Vice President
UNIVERSAL DISPLAY CORP \PA\,8-K,Darice Liu,Treasurer,spacy,Treasurer
"MARAVAI LIFESCIENCES HOLDINGS, INC.",8-K,Trey Martin,Chief Executive Officer,spacy,Chief Executive Officer
"LEGALZOOM.COM, INC.",8-K,Dan Wernikoff,Chief Executive Officer,spacy,Chief Executive Officer
"LEGALZOOM.COM, INC.",8-K,Noel Watson,Chief Executive Officer,spacy,Chief Executive Officer
"Relay Therapeutics, Inc.",8-K,Sanjiv Patel,President,spacy,President
"Athira Pharma, Inc.",8-K,Mark Litton,President,spacy,President
"Athira Pharma, Inc.",8-K,Rachel Lenington,Chief Operating Officer,spacy,Chief Operating Officer
"Athira Pharma, Inc.",8-K,Samantha Willing,Chief Operating Officer,spacy,Chief Operating Officer
AXT INC,8-K,Morris Young,Chief Executive Officer,spacy,Chief Executive Officer
AXT INC,8-K,Gary L.,Chief Financial Officer,spacy,Chief Financial Officer
"APPLIED OPTOELECTRONICS, INC.",8-K,Thompson Lin,President,spacy,President
BRIGHTCOVE INC,8-K,Robert Noreck,Director,spacy,Director
BRIGHTCOVE INC,8-K,Rob Noreck,Chief Financial Officer,spacy,Chief Financial Officer
BRIGHTCOVE INC,8-K,Kathy Klingler,Chief Revenue Officer,spacy,Chief Revenue Officer
BRIGHTCOVE INC,8-K,Jim Norton,Chief Revenue Officer,spacy,Chief Revenue Officer
BRIGHTCOVE INC,8-K,David Beck,Chief Revenue Officer,spacy,Chief Revenue Officer
"Qualigen Therapeutics, Inc.",8-K,Paul A. Rachmuth,Unknown,spacy,Unknown
"RE/MAX Holdings, Inc.",8-K,Nick Bailey,President,spacy,President
"RE/MAX Holdings, Inc.",8-K,Amy Lessinger,Director,spacy,Director
"RE/MAX Holdings, Inc.",8-K,Abby Lee,Vice President,spacy,Vice President
"RE/MAX Holdings, Inc.",8-K,Karri Callahan,Chief Financial Officer,spacy,Chief Financial Officer
"RE/MAX Holdings, Inc.",8-K,Erik Carlson,Chief Executive Officer,spacy,Chief Executive Officer
"RE/MAX Holdings, Inc.",8-K,Dave Liniger,Chairman,spacy,Chair
"RE/MAX Holdings, Inc.",8-K,Juris Doctorate,Vice President,spacy,Vice President
"SMITH MICRO SOFTWARE, INC.",8-K,James M. Kempton,Vice President,spacy,Vice President
"Alarm.com Holdings, Inc.",8-K,Steve Valenzuela,Chief Financial Officer,spacy,Chief Financial Officer
"Alarm.com Holdings, Inc.",8-K,Steve Trundle,Ceo,spacy,Chief Executive Officer
"NV5 Global, Inc.",8-K,Dickerson Wright,Chairman,spacy,Chair
"Floor & Decor Holdings, Inc.",8-K,Tom Taylor,Chief Executive Officer,spacy,Chief Executive Officer
"Floor & Decor Holdings, Inc.",8-K,David Christopherson,Vice President,spacy,Vice President
"Floor & Decor Holdings, Inc.",8-K,David V. Christopherson,Ceo,spacy,Chief Executive Officer
FOX FACTORY HOLDING CORP,8-K,Michael C. Dennison,Cto,spacy,Chief Technology Officer
FOX FACTORY HOLDING CORP,8-K,Mike Dennison,Chief Executive Officer,spacy,Chief Executive Officer
"Apple Hospitality REIT, Inc.",8-K,Justin G. Knight,Chief Executive Officer,spacy,Chief Executive Officer
"Latham Group, Inc.",8-K,Alexander L. Hawkinson,Director,spacy,Director
"Cable One, Inc.",8-K,Julie Laulis,President,spacy,President
"CTO Realty Growth, Inc.",8-K,Yonder Yoga,Cto,spacy,Chief Technology Officer
"CTO Realty Growth, Inc.",8-K,Lisa M. Vorakoun,Vice President,spacy,Vice President
"CTO Realty Growth, Inc.",8-K,Matt Partridge,Cfo,spacy,Chief Financial Officer
"CTO Realty Growth, Inc.",8-K,John Massocca,Cto,spacy,Chief Technology Officer
"CTO Realty Growth, Inc.",8-K,Matthew Erdner,Cto,spacy,Chief Technology Officer
Altair Engineering Inc.,8-K,Matt Brown,Chief Financial Officer,spacy,Chief Financial Officer
Altair Engineering Inc.,8-K,Matthew Brown,Chief Financial Officer,spacy,Chief Financial Officer
"Stran & Company, Inc.",8-K,Andrew Shape,Chief Executive Officer,spacy,Chief Executive Officer
"Stran & Company, Inc.",8-K,David Browner,Chief Executive Officer,spacy,Chief Executive Officer
"Stran & Company, Inc.",8-K,John Audibert,Chief Executive Officer,spacy,Chief Executive Officer
"Stran & Company, Inc.",8-K,Sheila Johnshoy,Chief Executive Officer,spacy,Chief Executive Officer
ON24 INC.,8-K,Steven Vattuone,Chief Financial Officer,spacy,Chief Financial Officer
ON24 INC.,8-K,Sharat Sharan,Ceo,spacy,Chief Executive Officer
VICI PROPERTIES INC.,8-K,Chelsea Piers,Cto,spacy,Chief Technology Officer
VICI PROPERTIES INC.,8-K,Edward Pitoniak,Director,spacy,Director
VICI PROPERTIES INC.,8-K,David Kieske,Director,spacy,Director
VICI PROPERTIES INC.,8-K,Gabriel Wasserman,Vice President,spacy,Vice President
VICI PROPERTIES INC.,8-K,Kellan Florio,Treasurer,spacy,Treasurer
VICI PROPERTIES INC.,8-K,Diana Cantor,Vice President,spacy,Vice President
VICI PROPERTIES INC.,8-K,Monica Douglas,Vice President,spacy,Vice President
VICI PROPERTIES INC.,8-K,Elizabeth Holland,President,spacy,President
VICI PROPERTIES INC.,8-K,Craig Macnab,Director,spacy,Director
VICI PROPERTIES INC.,8-K,Michael Rumbolz,Cto,spacy,Chief Technology Officer
COPART INC,8-K,Brooke Boston,Chief Financial Officer,spacy,Chief Financial Officer
Advanced Flower Capital Inc.,8-K,Leonard M. Tannenbaum,Chief Investment Officer,spacy,Chief Investment Officer
Advanced Flower Capital Inc.,8-K,Robyn Tannenbaum,Chief Investment Officer,spacy,Chief Investment Officer
Advanced Flower Capital Inc.,8-K,Dan Neville,Chief Investment Officer,spacy,Chief Investment Officer
Advanced Flower Capital Inc.,8-K,Brian Sedrish,Chief Executive Officer,spacy,Chief Executive Officer
Advanced Flower Capital Inc.,8-K,Brandon Hetzel,Chief Executive Officer,spacy,Chief Executive Officer
Advanced Flower Capital Inc.,8-K,Anna Kim,Chairman,spacy,Chair
Advanced Flower Capital Inc.,8-K,Daniel Neville,Chief Executive Officer,spacy,Chief Executive Officer
CLEARONE INC,8-K,Narsi Narayanan,Director,spacy,Director
CLEARONE INC,8-K,Derek Graham,Ceo,spacy,Chief Executive Officer
WORLD KINECT CORP,8-K,Michael J. Kasbar,Chairman,spacy,Chair
WORLD KINECT CORP,8-K,Ira M. Birns,Vice President,spacy,Vice President
WORLD KINECT CORP,8-K,M. Birns,Vice President,spacy,Vice President
"Arcosa, Inc.",8-K,Antonio Carrillo,President,spacy,President
ALAMO GROUP INC,8-K,Edward T. Rizzuti,General Counsel,spacy,General Counsel
ALAMO GROUP INC,8-K,Richard Wehrle,Vice President,spacy,Vice President
ASSURED GUARANTY LTD,8-K,Mark C. Batten,Director,spacy,Director
Arcadium Lithium plc,8-K,Paul Graves,President,spacy,President
MARIN SOFTWARE INC,8-K,Robert Bertz,Chief Financial Officer,spacy,Chief Financial Officer
MARIN SOFTWARE INC,8-K,Chris Lien,Ceo,spacy,Chief Executive Officer
OLYMPIC STEEL INC,8-K,Richard T. Marabito,Chief Executive Officer,spacy,Chief Executive Officer
Invesco Mortgage Capital Inc.,8-K,John Anzalone,Chief Executive Officer,spacy,Chief Executive Officer
SELECT MEDICAL HOLDINGS CORP,8-K,Joel T. Veit,Vice President,spacy,Vice President
VICOR CORP,8-K,James F. Schmidt,Chief Financial Officer,spacy,Chief Financial Officer
NACCO INDUSTRIES INC,8-K,Elizabeth I. Loveman,Vice President,spacy,Vice President
INNODATA INC,8-K,Marissa B. Espineli,Chief Financial Officer,spacy,Chief Financial Officer
INNODATA INC,8-K,Jack Abuhoff,Ceo,spacy,Chief Executive Officer
INNODATA INC,8-K,Marissa Espineli,Cfo,spacy,Chief Financial Officer
ARTS WAY MANUFACTURING CO INC,8-K,David King,Ceo,spacy,Chief Executive Officer
LION COPPER & GOLD CORP.,8-K,Charles Travis,Chief Executive Officer,spacy,Chief Executive Officer
LION COPPER & GOLD CORP.,8-K,Charles Travis Naugle,Chief Executive Officer,spacy,Chief Executive Officer
LION COPPER & GOLD CORP.,8-K,Stephen Goodman,Director,spacy,Director
"SELECTIS HEALTH, INC.",8-K,Adam Desmond,Ceo,spacy,Chief Executive Officer
Noble Corp plc,8-K,Howard Jennie,Vice President,spacy,Vice President
"Salarius Pharmaceuticals, Inc.",8-K,Mark J. Rosenblum,Vice President,spacy,Vice President
"Salarius Pharmaceuticals, Inc.",8-K,David Arthur,Director,spacy,Director
"Riot Platforms, Inc.",8-K,Jason Les,Ceo,spacy,Chief Executive Officer
"Riot Platforms, Inc.",8-K,Hannah Cho Independent,Chairman,spacy,Chair
"Riot Platforms, Inc.",8-K,Hubert Marleau,General Counsel,spacy,General Counsel
"Riot Platforms, Inc.",8-K,Jason Chung,President,spacy,President
Coterra Energy Inc.,8-K,Tom Jorden,Chairman,spacy,Chair
"CRACKER BARREL OLD COUNTRY STORE, INC",8-K,Carl T. Berquist,Director,spacy,Director
"CRACKER BARREL OLD COUNTRY STORE, INC",8-K,Julie Masino,President,spacy,President
"Nextdoor Holdings, Inc.",8-K,Matt Anderson,Chief Financial Officer,spacy,Chief Financial Officer
"Nextdoor Holdings, Inc.",8-K,Sarah Friar,Chief Executive Officer,spacy,Chief Executive Officer
"Bloomin' Brands, Inc.",8-K,Christopher Meyer,Director,spacy,Director
"Bloomin' Brands, Inc.",8-K,David Deno,Ceo,spacy,Chief Executive Officer
"Priority Technology Holdings, Inc.",8-K,Jeffrey Edelman,Cto,spacy,Chief Technology Officer
"Priority Technology Holdings, Inc.",8-K,Thomas C. Priore,Director,spacy,Director
"Priority Technology Holdings, Inc.",8-K,Samuel F. Gross,Unknown,spacy,Unknown
"Priority Technology Holdings, Inc.",8-K,Mark Nespole,Unknown,spacy,Unknown
"Priority Technology Holdings, Inc.",8-K,Daniel Tepper,Unknown,spacy,Unknown
"Priority Technology Holdings, Inc.",8-K,William M. Lafferty,Unknown,spacy,Unknown
"Priority Technology Holdings, Inc.",8-K,Ryan D. Stottmann,Unknown,spacy,Unknown
"Priority Technology Holdings, Inc.",8-K,Lauren K. Neal,Unknown,spacy,Unknown
"Priority Technology Holdings, Inc.",8-K,Jason C. Rubinstein,Unknown,spacy,Unknown
"OptiNose, Inc.",8-K,Michael F. Marino,Chief Legal Officer,spacy,Chief Legal Officer
Cactus Acquisition Corp. 1 Ltd,8-K,Hadar Ron,Director,spacy,Director
Cactus Acquisition Corp. 1 Ltd,8-K,David Sidransky,Director,spacy,Director
Cactus Acquisition Corp. 1 Ltd,8-K,David Shulkin,Director,spacy,Director
Cactus Acquisition Corp. 1 Ltd,8-K,Joep Thomassen,Director,spacy,Director
Cactus Acquisition Corp. 1 Ltd,8-K,Huiyan Geng,Director,spacy,Director
Cactus Acquisition Corp. 1 Ltd,8-K,David J. Shulkin,Director,spacy,Director
Cactus Acquisition Corp. 1 Ltd,8-K,Helen Geng,Director,spacy,Director
Cactus Acquisition Corp. 1 Ltd,8-K,Michael Margolis,Director,spacy,Director
"Medicine Man Technologies, Inc.",8-K,Forrest Hoffmaster,Chief Financial Officer,spacy,Chief Financial Officer
"Medicine Man Technologies, Inc.",8-K,Christine Jones,Chief Legal Officer,spacy,Chief Legal Officer
"Medicine Man Technologies, Inc.",8-K,Justin Dye,Chairman,spacy,Chair
"Sunstone Hotel Investors, Inc.",8-K,A. Giglia,Chief Executive Officer,spacy,Chief Executive Officer
"Sunstone Hotel Investors, Inc.",8-K,Hilton Garden Inn,Cto,spacy,Chief Technology Officer
E.W. SCRIPPS Co,8-K,Scripps Networks,President,spacy,President
E.W. SCRIPPS Co,8-K,Local Media,Ceo,spacy,Chief Executive Officer
"Hypha Labs, Inc.",8-K,Digipath Labs,Director,spacy,Director
"Essential Utilities, Inc.",8-K,Christopher Franklin,Chairman,spacy,Chair
"Essential Utilities, Inc.",8-K,David Kralle,Vice President,spacy,Vice President
"Essential Utilities, Inc.",8-K,Brian Dingerdissen,Vice President,spacy,Vice President
River Financial Corp,8-K,James M. Stubbs,Chief Executive Officer,spacy,Chief Executive Officer
DT Cloud Acquisition Corp,8-K,Thomas Trent Stout,Director,spacy,Director
DT Cloud Acquisition Corp,8-K,Michael David Osowski,Director,spacy,Director
DT Cloud Acquisition Corp,8-K,David Osowski,Director,spacy,Director
DT Cloud Acquisition Corp,8-K,Olivia Wenxi,Vice President,spacy,Vice President
LINCOLN EDUCATIONAL SERVICES CORP,8-K,Sylvan Way,Chief Financial Officer,spacy,Chief Financial Officer
"Inari Medical, Inc.",8-K,Kirk Nielsen,Director,spacy,Director
"Inari Medical, Inc.",8-K,Mitchell Hill Mitchell,Chief Financial Officer,spacy,Chief Financial Officer
Arcturus Therapeutics Holdings Inc.,8-K,Keith C. Kummerfeld,Director,spacy,Director
"IR-Med, Inc.",8-K,Inna Martin,Director,spacy,Director
"Finch Therapeutics Group, Inc.",8-K,Matthew P. Blischak,Chief Executive Officer,spacy,Chief Executive Officer
Warby Parker Inc.,8-K,Steve Miller,Chief Financial Officer,spacy,Chief Financial Officer
"Dine Brands Global, Inc.",8-K,Matthew T. Ryan,Director,spacy,Director
"Dine Brands Global, Inc.",8-K,Christine K. Son,Vice President,spacy,Vice President
"Dine Brands Global, Inc.",8-K,Susan Nelson Sr,Vice President,spacy,Vice President
"Dine Brands Global, Inc.",8-K,Matt Ryan Joins,Vice President,spacy,Vice President
"Dine Brands Global, Inc.",8-K,Matt Ryan,Director,spacy,Director
"Dine Brands Global, Inc.",8-K,Richard Dahl,Director,spacy,Director
ALBANY INTERNATIONAL CORP /DE/,8-K,Bonnie C. Lind,Director,spacy,Director
ALBANY INTERNATIONAL CORP /DE/,8-K,Mission Produce,Director,spacy,Director
"Atara Biotherapeutics, Inc.",8-K,Amar Murugan,Chief Legal Officer,spacy,Chief Legal Officer
"Lucy Scientific Discovery, Inc.",8-K,Richard Nanula,Chief Executive Officer,spacy,Chief Executive Officer
"DOMO, INC.",8-K,David Jolley,Chief Financial Officer,spacy,Chief Financial Officer
"FTI CONSULTING, INC",8-K,Steven H. Gunby,President,spacy,President
Wetouch Technology Inc.,8-K,Fei Bai,Chairman,spacy,Chair
"Air Transport Services Group, Inc.",8-K,Joseph C. Hete,Chief Executive Officer,spacy,Chief Executive Officer
"Air Transport Services Group, Inc.",8-K,Michael L. Berger,Chief Executive Officer,spacy,Chief Executive Officer
"Air Transport Services Group, Inc.",8-K,Quint O. Turner,Chief Executive Officer,spacy,Chief Executive Officer
"Air Transport Services Group, Inc.",8-K,Edward J. Koharik,Chairman,spacy,Chair
"Air Transport Services Group, Inc.",8-K,Paul Chase,Chief Financial Officer,spacy,Chief Financial Officer
"SPARTA COMMERCIAL SERVICES, INC.",8-K,Anthony L. Havens,Chief Executive Officer,spacy,Chief Executive Officer
"SPARTA COMMERCIAL SERVICES, INC.",8-K,Sandra L. Ahman,Chief Executive Officer,spacy,Chief Executive Officer
"ImmunityBio, Inc.",8-K,David Sachs,Cto,spacy,Chief Technology Officer
FRESH DEL MONTE PRODUCE INC,8-K,Monica Vicente,Vice President,spacy,Vice President
FRESH DEL MONTE PRODUCE INC,8-K,Mann Packing,Cto,spacy,Chief Technology Officer
DOMINOS PIZZA INC,8-K,Greg Lemenchick,Vice President,spacy,Vice President
DOMINOS PIZZA INC,8-K,Russell Weiner,Chief Executive Officer,spacy,Chief Executive Officer
"Freshpet, Inc.",8-K,Billy Cyr,Chief Executive Officer,spacy,Chief Executive Officer
Kosmos Energy Ltd.,8-K,Neal D. Shah,Vice President,spacy,Vice President
Kosmos Energy Ltd.,8-K,Andrew G. Inglis,Chairman,spacy,Chair
Kosmos Energy Ltd.,8-K,Akeng Deep,Cto,spacy,Chief Technology Officer
"Celldex Therapeutics, Inc.",8-K,Anthony Marucci,President,spacy,President
Milestone Pharmaceuticals Inc.,8-K,Joseph Oliveto,President,spacy,President
Milestone Pharmaceuticals Inc.,8-K,Kim Fox,Vice President,spacy,Vice President
Milestone Pharmaceuticals Inc.,8-K,Chris Calabrese,Vice President,spacy,Vice President
"Surgery Partners, Inc.",8-K,Dave Doherty,Chief Financial Officer,spacy,Chief Financial Officer
"Surgery Partners, Inc.",8-K,David T. Doherty,Vice President,spacy,Vice President
"Alpha Metallurgical Resources, Inc.",8-K,Michael J. Quillen,Director,spacy,Director
"Alpha Metallurgical Resources, Inc.",8-K,David J. Stetson,Director,spacy,Director
"Alpha Metallurgical Resources, Inc.",8-K,Elizabeth A. Fessenden,Director,spacy,Director
"Alpha Metallurgical Resources, Inc.",8-K,Shelly Lombard,Director,spacy,Director
"Alpha Metallurgical Resources, Inc.",8-K,Andy Eidson,Chief Executive Officer,spacy,Chief Executive Officer
"Alpha Metallurgical Resources, Inc.",8-K,David Stetson,Chairman,spacy,Chair
"Alpha Metallurgical Resources, Inc.",8-K,Michael Gorzynski,Director,spacy,Director
"Alpha Metallurgical Resources, Inc.",8-K,Danny Smith,Director,spacy,Director
"LUDWIG ENTERPRISES, INC.",8-K,Insert Wire Instructions,Chief Executive Officer,spacy,Chief Executive Officer
"LUDWIG ENTERPRISES, INC.",8-K,Shell Status,Cto,spacy,Chief Technology Officer
"Marker Therapeutics, Inc.",8-K,John Wilson,Director,spacy,Director
"Emmaus Life Sciences, Inc.",8-K,Willis Lee Fax,Chairman,spacy,Chair
UNITED STATES ANTIMONY CORP,8-K,Joseph A. Carrabba,Director,spacy,Director
UNITED STATES ANTIMONY CORP,8-K,Diavik Diamond Mines,President,spacy,President
UNITED STATES ANTIMONY CORP,8-K,Gary C. Evans,Chairman,spacy,Chair
"ITRON, INC.",8-K,Tom Deitrich,President,spacy,President
MoonLake Immunotherapeutics,8-K,Patricia Sousa,Cfo,spacy,Chief Financial Officer
MoonLake Immunotherapeutics,8-K,Ashley Tapp,Director,spacy,Director
MoonLake Immunotherapeutics,8-K,Namrata Taak Tel,Director,spacy,Director
"Anika Therapeutics, Inc.",8-K,John B. Henneman,Director,spacy,Director
Digimarc CORP,8-K,Joel Meyer,Vice President,spacy,Vice President
"LENDWAY, INC.",8-K,Zackery A. Weber,Vice President,spacy,Vice President
"LENDWAY, INC.",8-K,Zackery A.,Vice President,spacy,Vice President
"LENDWAY, INC.",8-K,Koninklijke Nederlandse Beroepsorganisatie,Chairman,spacy,Chair
"LENDWAY, INC.",8-K,Botman Bloembollen,Director,spacy,Director
"LENDWAY, INC.",8-K,Parent Guarantor,Director,spacy,Director
"LENDWAY, INC.",8-K,Parent Guarantor By,Chief Executive Officer,spacy,Chief Executive Officer
"LENDWAY, INC.",8-K,Nicholas Myers Fax,Vice President,spacy,Vice President
"LENDWAY, INC.",8-K,Dba Bloomia,Ceo,spacy,Chief Executive Officer
"LENDWAY, INC.",8-K,Paul Botman,Ceo,spacy,Chief Executive Officer
"LENDWAY, INC.",8-K,Werner Jansen,Ceo,spacy,Chief Executive Officer
"LENDWAY, INC.",8-K,Mark Jundt,Director,spacy,Director
"LENDWAY, INC.",8-K,Nick Swenson,Director,spacy,Director
"Resonate Blends, Inc.",8-K,Geoffrey Selzer,Unknown,spacy,Unknown
"Resonate Blends, Inc.",8-K,Jim Morrison,Director,spacy,Director
"Resonate Blends, Inc.",8-K,James Zimbler,President,spacy,President
Medinotec Inc.,8-K,Gregory Vizirgianakis,Director,spacy,Director
Medinotec Inc.,8-K,Stavros G. Vizirgianakis,Director,spacy,Director
Medinotec Inc.,8-K,Joseph P. Dwyer,Director,spacy,Director
Medinotec Inc.,8-K,Stavros Vizirgianakis Transactions,Chief Executive Officer,spacy,Chief Executive Officer
Medinotec Inc.,8-K,Vizirgianakis Transactions,Director,spacy,Director
"Revolution Medicines, Inc.",8-K,Sandra Horning,Director,spacy,Director
STAAR SURGICAL CO,8-K,Tom Frinzi,President,spacy,President
STAAR SURGICAL CO,8-K,Thomas G. Frinzi,President,spacy,President
STAAR SURGICAL CO,8-K,Brian Moore,Vice President,spacy,Vice President
Nemaura Medical Inc.,8-K,Bashir Timol,Director,spacy,Director
"Zeo ScientifiX, Inc.",8-K,Harry Leider,Chief Executive Officer,spacy,Chief Executive Officer
"Innovex International, Inc.",8-K,Erin Fazio,Director,spacy,Director
"Innovex International, Inc.",8-K,Jeff Bird,President,spacy,President
"Innovex International, Inc.",8-K,Frac Ball Launchers,Cto,spacy,Chief Technology Officer
"Innovex International, Inc.",8-K,Jeffrey J. Bird,President,spacy,President
"Innovex International, Inc.",8-K,Stephen J. Chauffe,President,spacy,President
"Innovex International, Inc.",8-K,John Mossop,Chief Executive Officer,spacy,Chief Executive Officer
"Innovex International, Inc.",8-K,Hal Zimmermann,Vice President,spacy,Vice President
"Innovex International, Inc.",8-K,Don M. Underwood,Vice President,spacy,Vice President
"Innovex International, Inc.",8-K,James C. Webster,Vice President,spacy,Vice President
"Innovex International, Inc.",8-K,Bruce Witwer,Vice President,spacy,Vice President
"SkyWater Technology, Inc",8-K,Thomas J. Sonderman,Chief Executive Officer,spacy,Chief Executive Officer
"SkyWater Technology, Inc",8-K,Thomas Sonderman,President,spacy,President
"Zoom Communications, Inc.",8-K,Kelly Steckelberg,Chief Financial Officer,spacy,Chief Financial Officer
"EverQuote, Inc.",8-K,Julia Brncic,General Counsel,spacy,General Counsel
"EverQuote, Inc.",8-K,Jayme Mendal,Ceo,spacy,Chief Executive Officer
"EverQuote, Inc.",8-K,Joseph Sanborn,Cfo,spacy,Chief Financial Officer
"PubMatic, Inc.",8-K,Steven Pantelick,Chief Financial Officer,spacy,Chief Financial Officer
"PubMatic, Inc.",8-K,Rajeev Goel,Ceo,spacy,Chief Executive Officer
"PubMatic, Inc.",8-K,Steve Pantelick,Cfo,spacy,Chief Financial Officer
ASURE SOFTWARE INC,8-K,John Pence,Chief Financial Officer,spacy,Chief Financial Officer
ASURE SOFTWARE INC,8-K,Pat Goepel,Chairman,spacy,Chair
FIBROGEN INC,8-K,Thane Wettig,Chief Executive Officer,spacy,Chief Executive Officer
FIBROGEN INC,8-K,Meichiel Keenan,Vice President,spacy,Vice President
INNOVATE Corp.,8-K,Avram A. Glazer,Chairman,spacy,Chair
"SI-BONE, Inc.",8-K,Laura Francis,Chief Executive Officer,spacy,Chief Executive Officer
"MasterBrand, Inc.",8-K,Dave Banyard,President,spacy,President
"MasterBrand, Inc.",8-K,Andi Simon,Vice President,spacy,Vice President
"DOLLAR TREE, INC.",8-K,Jeffrey A. Davis,Chief Financial Officer,spacy,Chief Financial Officer
"DOLLAR TREE, INC.",8-K,Dollar Tree,Coo,spacy,Chief Operating Officer
"DOLLAR TREE, INC.",8-K,Rick Dreiling,Chairman,spacy,Chair
"ATI Physical Therapy, Inc.",8-K,Sharon Vitti,Chief Executive Officer,spacy,Chief Executive Officer
"Vitesse Energy, Inc.",8-K,James P. Henderson,Chief Financial Officer,spacy,Chief Financial Officer
Offerpad Solutions Inc.,8-K,Brian Bair,Chairman,spacy,Chair
Offerpad Solutions Inc.,8-K,James Grout,Chairman,spacy,Chair
Chatham Lodging Trust,8-K,Dennis Craven,Chief Operating Officer,spacy,Chief Operating Officer
Addus HomeCare Corp,8-K,Dirk Allison,Chairman,spacy,Chair
"Janux Therapeutics, Inc.",8-K,David Campbell,President,spacy,President
FRANKLIN STREET PROPERTIES CORP /MA/,8-K,George J. Carter,Chief Executive Officer,spacy,Chief Executive Officer
"PURE BIOSCIENCE, INC.",8-K,Tom Y. Lee,Director,spacy,Director
"PURE BIOSCIENCE, INC.",8-K,Ivan Chen,Director,spacy,Director
"PURE BIOSCIENCE, INC.",8-K,Tom Myers,Director,spacy,Director
"PURE BIOSCIENCE, INC.",8-K,David M. Rendall,Director,spacy,Director
"PURE BIOSCIENCE, INC.",8-K,Robert Bartlett,Director,spacy,Director
"PURE BIOSCIENCE, INC.",8-K,Bernard Blotner,Director,spacy,Director
"Argo Group International Holdings, Inc.",8-K,David Chan,Chief Financial Officer,spacy,Chief Financial Officer
"Argo Group International Holdings, Inc.",8-K,Frederick Cucciniello,Director,spacy,Director
"Argo Group International Holdings, Inc.",8-K,Chris Choi,Vice President,spacy,Vice President
"Hims & Hers Health, Inc.",8-K,Andrew Dudum,Ceo,spacy,Chief Executive Officer
"Hims & Hers Health, Inc.",8-K,Yemi Okupe,Cfo,spacy,Chief Financial Officer
Unity Software Inc.,8-K,Jim Whitehurst Interim,Ceo,spacy,Chief Executive Officer
Unity Software Inc.,8-K,Luis Visoso,Ceo,spacy,Chief Executive Officer
Primoris Services Corp,8-K,Kenneth M. Dodgen,Vice President,spacy,Vice President
Primoris Services Corp,8-K,Ken Dodgen,President,spacy,President
DIVERSIFIED HEALTHCARE TRUST,8-K,Christopher Bilotto,President,spacy,President
DIVERSIFIED HEALTHCARE TRUST,8-K,Christopher J. Bilotto,President,spacy,President
"HELIOS TECHNOLOGIES, INC.",8-K,Josef Matosevic,President,spacy,President
ODYSSEY MARINE EXPLORATION INC,8-K,Warren Averett,Director,spacy,Director
ODYSSEY MARINE EXPLORATION INC,8-K,Mark D. Gordon,Chief Executive Officer,spacy,Chief Executive Officer
"Dorman Products, Inc.",8-K,Kevin Olsen,President,spacy,President
"Postal Realty Trust, Inc.",8-K,Andrew Spodek,Chief Executive Officer,spacy,Chief Executive Officer
ISSUER DIRECT CORP,8-K,Timothy Pitoniak,Director,spacy,Director
ISSUER DIRECT CORP,8-K,Steve Knerr,Vice President,spacy,Vice President
ISSUER DIRECT CORP,8-K,Brian Balbirnie,Ceo,spacy,Chief Executive Officer
"Capstone Green Energy Holdings, Inc.",8-K,John P. Miller,Director,spacy,Director
"Capstone Green Energy Holdings, Inc.",8-K,Robert C. Flexon,President,spacy,President
"Capstone Green Energy Holdings, Inc.",8-K,John Miller,Director,spacy,Director
"Capstone Green Energy Holdings, Inc.",8-K,Robert Flexon,Director,spacy,Director
"Capstone Green Energy Holdings, Inc.",8-K,Robert Powelson,Chairman,spacy,Chair
HEICO CORP,8-K,Victor H. Mendelson,Cto,spacy,Chief Technology Officer
HEICO CORP,8-K,H. Mendelson,Cto,spacy,Chief Technology Officer
MidCap Financial Investment Corp,8-K,Tanner Powell,Director,spacy,Director
"Solaris Energy Infrastructure, Inc.",8-K,Bill Zartler,Chairman,spacy,Chair
HELIX ENERGY SOLUTIONS GROUP INC,8-K,Erik Staffeldt,Vice President,spacy,Vice President
Vocodia Holdings Corp,8-K,Jonathan Gazdak,Director,spacy,Director
Vocodia Holdings Corp,8-K,Brian Podolak James Sposato,Director,spacy,Director
Vocodia Holdings Corp,8-K,Richard Shuster,Director,spacy,Director
Vocodia Holdings Corp,8-K,Miles Lourdes,Director,spacy,Director
Vocodia Holdings Corp,8-K,Ned L. Siegel,Director,spacy,Director
Vocodia Holdings Corp,8-K,Lourdes Felix,Director,spacy,Director
Vocodia Holdings Corp,8-K,Randall Miles,Director,spacy,Director
VIRCO MFG CORPORATION,8-K,Robert A. Virtue,Chief Executive Officer,spacy,Chief Executive Officer
VIRCO MFG CORPORATION,8-K,Robert Virtue,Chairman,spacy,Chair
Constellation Energy Corp,8-K,Joe Dominguez,President,spacy,President
Constellation Energy Corp,8-K,Dan Eggers,Chief Financial Officer,spacy,Chief Financial Officer
Constellation Energy Corp,8-K,Daniel L. Eggers,Vice President,spacy,Vice President
Constellation Energy Corp,8-K,Joe Biden,President,spacy,President
Constellation Energy Corp,8-K,Donald Trump,President,spacy,President
Constellation Energy Corp,8-K,Calvert Cliffs,Cto,spacy,Chief Technology Officer
"Cytek Biosciences, Inc.",8-K,Patrik Jeanmonod,Chief Financial Officer,spacy,Chief Financial Officer
HENRY SCHEIN INC,8-K,Stanley M. Bergman,Chairman,spacy,Chair
HENRY SCHEIN INC,8-K,Henry Schein,Chairman,spacy,Chair
HENRY SCHEIN INC,8-K,Graham Stanley,Vice President,spacy,Vice President
HENRY SCHEIN INC,8-K,Ann Marie Gothard,Vice President,spacy,Vice President
"Xenia Hotels & Resorts, Inc.",8-K,Marcel Verbaas,Chief Executive Officer,spacy,Chief Executive Officer
"Nuvalent, Inc.",8-K,Matthew Metivier,Vice President,spacy,Vice President
"Nuvalent, Inc.",8-K,James Porter,Vice President,spacy,Vice President
PERRIGO Co plc,8-K,Eduardo Bezerra,Chief Financial Officer,spacy,Chief Financial Officer
ONITY GROUP INC.,8-K,Glen A. Messina,President,spacy,President
INTERFACE INC,8-K,Laurel Hurd,Ceo,spacy,Chief Executive Officer
INTERFACE INC,8-K,Bruce Hausmann,Cfo,spacy,Chief Financial Officer
INTERFACE INC,8-K,Luxury Vinyl Tile,Cto,spacy,Chief Technology Officer
AUTOZONE INC,8-K,Phil Daniele,President,spacy,President
AUTOZONE INC,8-K,Jamere Jackson,Chief Financial Officer,spacy,Chief Financial Officer
INNOVATIVE INDUSTRIAL PROPERTIES INC,8-K,Paul Smithers,Director,spacy,Director
INNOVATIVE INDUSTRIAL PROPERTIES INC,8-K,Ben Regin,President,spacy,President
INNOVATIVE INDUSTRIAL PROPERTIES INC,8-K,Brian Wolfe,Director,spacy,Director
INNOVATIVE INDUSTRIAL PROPERTIES INC,8-K,Andy Bui,Treasurer,spacy,Treasurer
INNOVATIVE INDUSTRIAL PROPERTIES INC,8-K,Gary Kreitzer,Director,spacy,Director
INNOVATIVE INDUSTRIAL PROPERTIES INC,8-K,David Stecher,Cto,spacy,Chief Technology Officer
INNOVATIVE INDUSTRIAL PROPERTIES INC,8-K,Mary Allis Curran,Director,spacy,Director
BENTLEY SYSTEMS INC,8-K,Greg Bentley,Ceo,spacy,Chief Executive Officer
BENTLEY SYSTEMS INC,8-K,Nicholas Cumins,Coo,spacy,Chief Operating Officer
"Shift4 Payments, Inc.",8-K,Jared Isaacman,Ceo,spacy,Chief Executive Officer
SEALED AIR CORP/DE,8-K,Dustin J. Semach,President,spacy,President
SEALED AIR CORP/DE,8-K,Emile Chammas,Cto,spacy,Chief Technology Officer
SEALED AIR CORP/DE,8-K,Dustin Semach,Ceo,spacy,Chief Executive Officer
SEALED AIR CORP/DE,8-K,Henry Keizer,Ceo,spacy,Chief Executive Officer
Sotera Health Co,8-K,Jonathan M. Lyons,Vice President,spacy,Vice President
Sotera Health Co,8-K,Michael B. Petras,Chairman,spacy,Chair
Sotera Health Co,8-K,Nelson Labs,Vice President,spacy,Vice President
J M SMUCKER Co,8-K,Tucker Marshall,President,spacy,President
J M SMUCKER Co,8-K,Aaron Broholm,Vice President,spacy,Vice President
J M SMUCKER Co,8-K,Mark Smucker,President,spacy,President
Stagwell Inc,8-K,Frank Lanuto,Chief Financial Officer,spacy,Chief Financial Officer
JONES LANG LASALLE INC,8-K,Christian Ulbrich,Ceo,spacy,Chief Executive Officer
Norwegian Cruise Line Holdings Ltd.,8-K,Harry Sommer,President,spacy,President
Norwegian Cruise Line Holdings Ltd.,8-K,Mark A. Kempa,Vice President,spacy,Vice President
Norwegian Cruise Line Holdings Ltd.,8-K,Net Yield,Cto,spacy,Chief Technology Officer
"Verve Therapeutics, Inc.",8-K,Sekar Kathiresan,Chief Executive Officer,spacy,Chief Executive Officer
"Leonardo DRS, Inc.",8-K,Mark A. Dorfman,Vice President,spacy,Vice President
"Leonardo DRS, Inc.",8-K,Bill Lynn,Chairman,spacy,Chair
"Minerva Neurosciences, Inc.",8-K,Remy Luthringer,Chairman,spacy,Chair
"Minerva Neurosciences, Inc.",8-K,Frederick Ahlholm,Chief Financial Officer,spacy,Chief Financial Officer
Portillo's Inc.,8-K,Michael Osanloo,President,spacy,President
PINNACLE WEST CAPITAL CORP,8-K,Jeff Guldner,Chairman,spacy,Chair
Grayscale Ethereum Trust ETF,8-K,Michael Spates,Cfo,spacy,Chief Financial Officer
LOWES COMPANIES INC,8-K,Dan C. Griggs,Vice President,spacy,Vice President
GULF ISLAND FABRICATION INC,8-K,Richard Heo,President,spacy,President
"CISO Global, Inc.",8-K,David Jemmett,Ceo,spacy,Chief Executive Officer
SOUTHERN CALIFORNIA GAS CO,8-K,Valerie A. Bille,Vice President,spacy,Vice President
SOUTHERN CALIFORNIA GAS CO,8-K,Karen Sedgwick,Vice President,spacy,Vice President
MARKY CORP.,8-K,Kos Ramirez Maximiliano,Chief Executive Officer,spacy,Chief Executive Officer
SAFETY INSURANCE GROUP INC,8-K,George M. Murphy,Chairman,spacy,Chair
"Alignment Healthcare, Inc.",8-K,Thomas Freeman,Chief Financial Officer,spacy,Chief Financial Officer
"Alignment Healthcare, Inc.",8-K,John Kao,Ceo,spacy,Chief Executive Officer
Redfin Corp,8-K,Chris Nielsen,Chief Financial Officer,spacy,Chief Financial Officer
Redfin Corp,8-K,Glenn Kelman,Ceo,spacy,Chief Executive Officer
Syndax Pharmaceuticals Inc,8-K,Michael A. Metzger,Chief Executive Officer,spacy,Chief Executive Officer
Syndax Pharmaceuticals Inc,8-K,Axatilimab Axatilimab,Cto,spacy,Chief Technology Officer
Howard Hughes Holdings Inc.,8-K,Howard Hughes,Chief Executive Officer,spacy,Chief Executive Officer
Howard Hughes Holdings Inc.,8-K,Cristina Carlson,Vice President,spacy,Vice President
Howard Hughes Holdings Inc.,8-K,Victoria Place Honolulu,Cto,spacy,Chief Technology Officer
"AXON ENTERPRISE, INC.",8-K,Axon Founder,Ceo,spacy,Chief Executive Officer
"AXON ENTERPRISE, INC.",8-K,Josh Allen,Cto,spacy,Chief Technology Officer
"AXON ENTERPRISE, INC.",8-K,Axon Air,Cto,spacy,Chief Technology Officer
"Luminar Technologies, Inc./DE",8-K,Austin Russell,Ceo,spacy,Chief Executive Officer
"Luminar Technologies, Inc./DE",8-K,Tom Fennimore,Cfo,spacy,Chief Financial Officer
Bumble Inc.,8-K,Anu Subramanian,Chief Financial Officer,spacy,Chief Financial Officer
Bumble Inc.,8-K,Lidiane Jones,Ceo,spacy,Chief Executive Officer
Bumble Inc.,8-K,Bumble App,Ceo,spacy,Chief Executive Officer
"B&G Foods, Inc.",8-K,Casey Keller,President,spacy,President
"B&G Foods, Inc.",8-K,Bruce C. Wacha,Vice President,spacy,Vice President
"B&G Foods, Inc.",8-K,Spice Islands,Cto,spacy,Chief Technology Officer
MANNKIND CORP,8-K,David Thomson,Vice President,spacy,Vice President
Zeta Global Holdings Corp.,8-K,David A. Steinberg,Chairman,spacy,Chair
Zeta Global Holdings Corp.,8-K,Chris Greiner,Cfo,spacy,Chief Financial Officer
IMMUCELL CORP /DE/,8-K,Michael F. Brigham,President,spacy,President
IMMUCELL CORP /DE/,8-K,Joe Diaz,President,spacy,President
Xencor Inc,8-K,Celia Eckert,General Counsel,spacy,General Counsel
Xencor Inc,8-K,Bassil Dahiyat,President,spacy,President
"Sabra Health Care REIT, Inc.",8-K,Tom Smith,Chief Executive Officer,spacy,Chief Executive Officer
"Sabra Health Care REIT, Inc.",8-K,Rick Matros,Ceo,spacy,Chief Executive Officer
"Sabra Health Care REIT, Inc.",8-K,Stabilized Facilities,Cto,spacy,Chief Technology Officer
"Sabra Health Care REIT, Inc.",8-K,Jessica Flores,President,spacy,President
"Sabra Health Care REIT, Inc.",8-K,Michael Foster,Vice President,spacy,Vice President
"Sabra Health Care REIT, Inc.",8-K,Craig Barbarosh,Director,spacy,Director
"Sabra Health Care REIT, Inc.",8-K,Katie Cusack Ann Kono,President,spacy,President
PROCEPT BioRobotics Corp,8-K,Reza Zadno,Chief Executive Officer,spacy,Chief Executive Officer
PROCEPT BioRobotics Corp,8-K,Nouri Alaleh,Chief Legal Officer,spacy,Chief Legal Officer
"Ventyx Biosciences, Inc.",8-K,Raju Mohan,Chief Executive Officer,spacy,Chief Executive Officer
"Klaviyo, Inc.",8-K,Andrew Bialecki,Ceo,spacy,Chief Executive Officer
INTEGRAL AD SCIENCE HOLDING CORP.,8-K,Lisa Utzschneider,Ceo,spacy,Chief Executive Officer
ORASURE TECHNOLOGIES INC,8-K,Eglinton Manner,President,spacy,President
REGENXBIO Inc.,8-K,Kenneth T. Mills,President,spacy,President
REGENXBIO Inc.,8-K,Patrick J. Christmas,Vice President,spacy,Vice President
"Progyny, Inc.",8-K,Pete Anevski,Chief Executive Officer,spacy,Chief Executive Officer
"Progyny, Inc.",8-K,Peter Anevski,Chief Executive Officer,spacy,Chief Executive Officer
"Progyny, Inc.",8-K,Mark Livingston,Chief Financial Officer,spacy,Chief Financial Officer
Clean Energy Fuels Corp.,8-K,Andrew J. Littlefair,President,spacy,President
Clean Energy Fuels Corp.,8-K,Parker Weil,Director,spacy,Director
Clean Energy Fuels Corp.,8-K,Robert M. Vreeland,Chief Financial Officer,spacy,Chief Financial Officer
"Compass, Inc.",8-K,Kalani Reelitz,Chief Financial Officer,spacy,Chief Financial Officer
"Compass, Inc.",8-K,Robert Reffkin,Chief Executive Officer,spacy,Chief Executive Officer
ICU MEDICAL INC/DE,8-K,Brian Bonnell,Chief Financial Officer,spacy,Chief Financial Officer
ICU MEDICAL INC/DE,8-K,Vivek Jain,Chief Executive Officer,spacy,Chief Executive Officer
ICU MEDICAL INC/DE,8-K,John Mills,Chief Financial Officer,spacy,Chief Financial Officer
Credo Technology Group Holding Ltd,8-K,Daniel Fleming,Chief Financial Officer,spacy,Chief Financial Officer
Open Lending Corp,8-K,Keith Jezek,Ceo,spacy,Chief Executive Officer
GULFPORT ENERGY CORP,8-K,John Reinhart,Ceo,spacy,Chief Executive Officer
GULFPORT ENERGY CORP,8-K,Jessica Antle,Vice President,spacy,Vice President
GULFPORT ENERGY CORP,8-K,Michael Hodges,Chief Financial Officer,spacy,Chief Financial Officer
"TREACE MEDICAL CONCEPTS, INC.",8-K,Mark L. Hair,Chief Financial Officer,spacy,Chief Financial Officer
"TREACE MEDICAL CONCEPTS, INC.",8-K,John T. Treace,Ceo,spacy,Chief Executive Officer
"TREACE MEDICAL CONCEPTS, INC.",8-K,Julie Dewey,Unknown,spacy,Unknown
"Virgin Galactic Holdings, Inc",8-K,Virgin Galactic,Chief Executive Officer,spacy,Chief Executive Officer
"Virgin Galactic Holdings, Inc",8-K,Eric Cerny,Vice President,spacy,Vice President
"PB Bankshares, Inc.",8-K,Janak M. Amin,President,spacy,President
"PB Bankshares, Inc.",8-K,Beth Richman,Unknown,spacy,Unknown
"Dogwood Therapeutics, Inc.",8-K,Angela Walsh,Vice President,spacy,Vice President
PROASSURANCE CORP,8-K,Ned Rand,President,spacy,President
PROASSURANCE CORP,8-K,Jeffrey P. Lisenby,General Counsel,spacy,General Counsel
"Array Technologies, Inc.",8-K,Kevin Hostetler,Chief Executive Officer,spacy,Chief Executive Officer
AMBARELLA INC,8-K,Fermi Wang,President,spacy,President
AMBARELLA INC,8-K,John Young,President,spacy,President
AMBARELLA INC,8-K,John A. Young,Chief Financial Officer,spacy,Chief Financial Officer
"BWX Technologies, Inc.",8-K,Rex D. Geveden,President,spacy,President
"BWX Technologies, Inc.",8-K,Mike T. Fitzgerald,Vice President,spacy,Vice President
TOKEN COMMUNITIES LTD.,8-K,David Chen,Ceo,spacy,Chief Executive Officer
MARCUS CORP,8-K,Chad Paris,Chairman,spacy,Chair
MARCUS CORP,8-K,Thomas Kissinger,Chairman,spacy,Chair
MARCUS CORP,8-K,Michael Evans,Vice President,spacy,Vice President
MARCUS CORP,8-K,Chad M. Paris,Chief Financial Officer,spacy,Chief Financial Officer
"Alphatec Holdings, Inc.",8-K,Pat Miles,Chairman,spacy,Chair
Orion Office REIT Inc.,8-K,Gavin Brandon,Chief Executive Officer,spacy,Chief Executive Officer
Orion Office REIT Inc.,8-K,J. Lieb,Treasurer,spacy,Treasurer
Orion Office REIT Inc.,8-K,J. Whyte,President,spacy,President
Orion Office REIT Inc.,8-K,C. Hughes,Director,spacy,Director
GREEN DOT CORP,8-K,George Gresham,Chief Executive Officer,spacy,Chief Executive Officer
GREEN DOT CORP,8-K,Jess Unruh,Chief Financial Officer,spacy,Chief Financial Officer
GREEN DOT CORP,8-K,Green Dot,Chief Executive Officer,spacy,Chief Executive Officer
IMAX CORP,8-K,Rich Gelfond,Ceo,spacy,Chief Executive Officer
UNIVERSAL HEALTH REALTY INCOME TRUST,8-K,Alan B. Miller,Chief Executive Officer,spacy,Chief Executive Officer
UNIVERSAL HEALTH REALTY INCOME TRUST,8-K,Charles Boyle,Chief Financial Officer,spacy,Chief Financial Officer
"CIVITAS RESOURCES, INC.",8-K,Chris Doyle,Ceo,spacy,Chief Executive Officer
"CIVITAS RESOURCES, INC.",8-K,Brad Whitmarsh,Coo,spacy,Chief Operating Officer
Huron Consulting Group Inc.,8-K,Mark Hussey,Chief Executive Officer,spacy,Chief Executive Officer
Huron Consulting Group Inc.,8-K,John D. Kelly,Vice President,spacy,Vice President
Huron Consulting Group Inc.,8-K,Swing Line,Vice President,spacy,Vice President
Global Medical REIT Inc.,8-K,Jamie A. Barber,General Counsel,spacy,General Counsel
Global Medical REIT Inc.,8-K,Jeffrey M. Busch,Chairman,spacy,Chair
Global Medical REIT Inc.,8-K,Jeffrey Busch,Chairman,spacy,Chair
Global Medical REIT Inc.,8-K,Robert Kiernan,Chairman,spacy,Chair
Global Medical REIT Inc.,8-K,Danica Holley,Chairman,spacy,Chair
Global Medical REIT Inc.,8-K,Jamie Barber,President,spacy,President
Global Medical REIT Inc.,8-K,Matthew Cypher,Cto,spacy,Chief Technology Officer
Global Medical REIT Inc.,8-K,Zhang Huiqi,Director,spacy,Director
Global Medical REIT Inc.,8-K,Christopher Mangin,Unknown,spacy,Unknown
LUXFER HOLDINGS PLC,8-K,Andy Butcher,Chief Executive Officer,spacy,Chief Executive Officer
"Eventbrite, Inc.",8-K,Julia Hartz,Chief Executive Officer,spacy,Chief Executive Officer
"Eventbrite, Inc.",8-K,Lanny Baker,Ceo,spacy,Chief Executive Officer
Fortitude Gold Corp,8-K,Jason D. Reid,Chief Executive Officer,spacy,Chief Executive Officer
Fortitude Gold Corp,8-K,Jason Reid,Ceo,spacy,Chief Executive Officer
SLR Investment Corp.,8-K,Michael Gross,Ceo,spacy,Chief Executive Officer
SLR Investment Corp.,8-K,Bruce Spohler,Ceo,spacy,Chief Executive Officer
"HYSTER-YALE, INC.",8-K,Jennifer M. Langer,Vice President,spacy,Vice President
QUICKLOGIC Corp,8-K,Elias Nader,Chief Financial Officer,spacy,Chief Financial Officer
QUICKLOGIC Corp,8-K,Brian Faith,Ceo,spacy,Chief Executive Officer
ARKO Corp.,8-K,Arie Kotler,President,spacy,President
ARKO Corp.,8-K,Robb Giammatteo,Vice President,spacy,Vice President
LEMAITRE VASCULAR INC,8-K,Joseph P. Pellegrino,Chief Financial Officer,spacy,Chief Financial Officer
Permian Resources Corp,8-K,Will Hickey,Ceo,spacy,Chief Executive Officer
Permian Resources Corp,8-K,James Walter,Ceo,spacy,Chief Executive Officer
"Inspired Entertainment, Inc.",8-K,Lorne Weil,Chairman,spacy,Chair
RAYONIER ADVANCED MATERIALS INC.,8-K,De Lyle Bloomquist,President,spacy,President
DONALDSON Co INC,8-K,Tod Carpenter,Chairman,spacy,Chair
"PAR PACIFIC HOLDINGS, INC.",8-K,William Pate,Chief Executive Officer,spacy,Chief Executive Officer
Ecovyst Inc.,8-K,Kurt J. Bitting,Chief Executive Officer,spacy,Chief Executive Officer
DYCOM INDUSTRIES INC,8-K,Callie Tomasso,Vice President,spacy,Vice President
"LanzaTech Global, Inc.",8-K,Carl Wolf,Chief Operating Officer,spacy,Chief Operating Officer
"LanzaTech Global, Inc.",8-K,Jennifer Holmgren,Chief Executive Officer,spacy,Chief Executive Officer
"LanzaTech Global, Inc.",8-K,Geoff Trukenbrod,Cfo,spacy,Chief Financial Officer
"LanzaTech Global, Inc.",8-K,Zara Summers,Chief Science Officer,spacy,Chief Science Officer
INTEGRA LIFESCIENCES HOLDINGS CORP,8-K,Jan De Witte,President,spacy,President
ADVANCE AUTO PARTS INC,8-K,Eduardo Lopez,Vice President,spacy,Vice President
ADVANCE AUTO PARTS INC,8-K,Ryan Grimsland,Chief Financial Officer,spacy,Chief Financial Officer
ADVANCE AUTO PARTS INC,8-K,Elizabeth Dreyer,Chief Financial Officer,spacy,Chief Financial Officer
"Independence Contract Drilling, Inc.",8-K,Philip A. Choyce,Vice President,spacy,Vice President
"Independence Contract Drilling, Inc.",8-K,Philip A.,Vice President,spacy,Vice President
"Independence Contract Drilling, Inc.",8-K,Anthony Gallegos,Chief Executive Officer,spacy,Chief Executive Officer
Blackstone Secured Lending Fund,8-K,Brad Marshall,Chief Executive Officer,spacy,Chief Executive Officer
Blackstone Secured Lending Fund,8-K,Jonathan Bock,Chief Executive Officer,spacy,Chief Executive Officer
"Life Time Group Holdings, Inc.",8-K,Erik Weaver,Vice President,spacy,Vice President
"NRG ENERGY, INC.",8-K,Christine A. Zoino,Corporate Secretary,spacy,Corporate Secretary
ONESPAWORLD HOLDINGS Ltd,8-K,Stephen Lazarus,Chief Financial Officer,spacy,Chief Financial Officer
ONESPAWORLD HOLDINGS Ltd,8-K,Stephen B. Lazarus,Chief Financial Officer,spacy,Chief Financial Officer
ONESPAWORLD HOLDINGS Ltd,8-K,Leonard Fluxman,Chairman,spacy,Chair
"AvidXchange Holdings, Inc.",8-K,Joel Wilhite,Chief Financial Officer,spacy,Chief Financial Officer
"AvidXchange Holdings, Inc.",8-K,Michael Praeger,Ceo,spacy,Chief Executive Officer
"MADRIGAL PHARMACEUTICALS, INC.",8-K,Bill Sibold,Chief Executive Officer,spacy,Chief Executive Officer
"MADRIGAL PHARMACEUTICALS, INC.",8-K,Mardi C. Dier,Chief Financial Officer,spacy,Chief Financial Officer
"MADRIGAL PHARMACEUTICALS, INC.",8-K,Ronald Fillipo,Chief Commercial Officer,spacy,Chief Commercial Officer
"MADRIGAL PHARMACEUTICALS, INC.",8-K,Clint Wallace,Chief Commercial Officer,spacy,Chief Commercial Officer
"MADRIGAL PHARMACEUTICALS, INC.",8-K,Mark Barrett,Chief Commercial Officer,spacy,Chief Commercial Officer
"MADRIGAL PHARMACEUTICALS, INC.",8-K,Tina Ventura,Chief Information Officer,spacy,Chief Information Officer
"AMICUS THERAPEUTICS, INC.",8-K,Bradley Campbell,President,spacy,President
"AMICUS THERAPEUTICS, INC.",8-K,Galafold Galafold,Cto,spacy,Chief Technology Officer
"AMICUS THERAPEUTICS, INC.",8-K,Diana Moore Head,Vice President,spacy,Vice President
Bandwidth Inc.,8-K,David Morken,Chief Executive Officer,spacy,Chief Executive Officer
Bandwidth Inc.,8-K,Daryl Raiford,Chief Financial Officer,spacy,Chief Financial Officer
"STEVEN MADDEN, LTD.",8-K,Steve Madden,Chief Executive Officer,spacy,Chief Executive Officer
BlackSky Technology Inc.,8-K,Brenda Harless,General Counsel,spacy,General Counsel
"Editas Medicine, Inc.",8-K,Erick Lucera Erick,Chief Financial Officer,spacy,Chief Financial Officer
"Mersana Therapeutics, Inc.",8-K,Martin Huber,President,spacy,President
"Fulgent Genetics, Inc.",8-K,Ming Hsieh,Director,spacy,Director
"Fulgent Genetics, Inc.",8-K,Harry Gao Lab,Chief Commercial Officer,spacy,Chief Commercial Officer
"Fulgent Genetics, Inc.",8-K,James Xie,Chief Medical Officer,spacy,Chief Medical Officer
"Fulgent Genetics, Inc.",8-K,Ray Yin,Chairman,spacy,Chair
"Endeavor Group Holdings, Inc.",8-K,Ariel Emanuel,Ceo,spacy,Chief Executive Officer
"Vita Coco Company, Inc.",8-K,Michael Kirban,Chairman,spacy,Chair
"Vita Coco Company, Inc.",8-K,Ira Liran,Chairman,spacy,Chair
Mind Medicine (MindMed) Inc.,8-K,Rob Barrow,Chief Executive Officer,spacy,Chief Executive Officer
"LINDBLAD EXPEDITIONS HOLDINGS, INC.",8-K,Craig I. Felenstein,Chief Financial Officer,spacy,Chief Financial Officer
"LINDBLAD EXPEDITIONS HOLDINGS, INC.",8-K,Sven Lindblad,Chief Executive Officer,spacy,Chief Executive Officer
"LINDBLAD EXPEDITIONS HOLDINGS, INC.",8-K,Craig I.,Chief Financial Officer,spacy,Chief Financial Officer
Holley Inc.,8-K,Matthew Stevenson,President,spacy,President
Holley Inc.,8-K,Jesse Weaver,Chief Financial Officer,spacy,Chief Financial Officer
Payoneer Global Inc.,8-K,Elana Brickner,Chief People Officer,spacy,Chief People Officer
Payoneer Global Inc.,8-K,John Davis,Chief People Officer,spacy,Chief People Officer
Payoneer Global Inc.,8-K,Sarit Frumkes,Chief People Officer,spacy,Chief People Officer
Payoneer Global Inc.,8-K,Oren Ryngler,Chief People Officer,spacy,Chief People Officer
"Kiniksa Pharmaceuticals International, plc",8-K,Madelyn Zeylikman Madelyn,Vice President,spacy,Vice President
"Kiniksa Pharmaceuticals International, plc",8-K,Sanj K. Patel,Chairman,spacy,Chair
"Kiniksa Pharmaceuticals International, plc",8-K,Abiprubart Abiprubart,Cto,spacy,Chief Technology Officer
Viatris Inc,8-K,Rajiv Malik,President,spacy,President
Viatris Inc,8-K,Sanjeev Narula,Cfo,spacy,Chief Financial Officer
Viatris Inc,8-K,Deepak L. Bhatt,Director,spacy,Director
Viatris Inc,8-K,Anca Askanase,Director,spacy,Director
"Frontdoor, Inc.",8-K,Jessica Ross,Chief Financial Officer,spacy,Chief Financial Officer
NOVANTA INC,8-K,Robert J. Buckley,Chief Financial Officer,spacy,Chief Financial Officer
NOVANTA INC,8-K,Matthijs Glastra,Chief Executive Officer,spacy,Chief Executive Officer
uniQure N.V.,8-K,Matt Kapusta,Chief Executive Officer,spacy,Chief Executive Officer
uniQure N.V.,8-K,Jeannette Potts,Unknown,spacy,Unknown
"Turning Point Brands, Inc.",8-K,Graham Purdy,President,spacy,President
vTv Therapeutics Inc.,8-K,Jonathan Isaacsohn,Cto,spacy,Chief Technology Officer
vTv Therapeutics Inc.,8-K,Raymond Cheong,Director,spacy,Director
vTv Therapeutics Inc.,8-K,Srinivas Akkaraju,Director,spacy,Director
vTv Therapeutics Inc.,8-K,Steven Tuch,Chief Financial Officer,spacy,Chief Financial Officer
vTv Therapeutics Inc.,8-K,Al Marzooqi,Director,spacy,Director
vTv Therapeutics Inc.,8-K,Louis Solimine Naveen Pogula,General Counsel,spacy,General Counsel
"Southwest Gas Holdings, Inc.",8-K,Karen Haller,Chief Executive Officer,spacy,Chief Executive Officer
"Southwest Gas Holdings, Inc.",8-K,Robert J. Stefani,Vice President,spacy,Vice President
"Southwest Gas Holdings, Inc.",8-K,Bill Fehrman,President,spacy,President
"Globalstar, Inc.",8-K,Rebecca Clary,Chief Financial Officer,spacy,Chief Financial Officer
"Bionano Genomics, Inc.",8-K,Eric Helenek,President,spacy,President
"Bionano Genomics, Inc.",8-K,Erik Holmlin,President,spacy,President
"Vivani Medical, Inc.",8-K,Adam Mendelsohn,President,spacy,President
"Vivani Medical, Inc.",8-K,Lisa Porter,Director,spacy,Director
"Vivani Medical, Inc.",8-K,Donald Dwyer,Director,spacy,Director
SIGNET JEWELERS LTD,8-K,H. Todd Stitzer,Director,spacy,Director
SIGNET JEWELERS LTD,8-K,Gina Drosos,Ceo,spacy,Chief Executive Officer
SIGNET JEWELERS LTD,8-K,Cracker Barrel,Chief Financial Officer,spacy,Chief Financial Officer
SK Growth Opportunities Corp,8-K,Richard Chin,Chief Executive Officer,spacy,Chief Executive Officer
SK Growth Opportunities Corp,8-K,Haichen Wang,Chief Financial Officer,spacy,Chief Financial Officer
SK Growth Opportunities Corp,8-K,Ben James,Chief Financial Officer,spacy,Chief Financial Officer
SK Growth Opportunities Corp,8-K,Gloucester Tower,General Counsel,spacy,General Counsel
SK Growth Opportunities Corp,8-K,John Boehner,Director,spacy,Director
SK Growth Opportunities Corp,8-K,Michael Noonen,Director,spacy,Director
SK Growth Opportunities Corp,8-K,Richard Chin Derek Jensen,President,spacy,President
SK Growth Opportunities Corp,8-K,Anthony Denier Founder,Ceo,spacy,Chief Executive Officer
SK Growth Opportunities Corp,8-K,London Toronto,Ceo,spacy,Chief Executive Officer
SK Growth Opportunities Corp,8-K,Arianne Adams,Cfo,spacy,Chief Financial Officer
SK Growth Opportunities Corp,8-K,Johannesburg Sydney,Coo,spacy,Chief Operating Officer
SK Growth Opportunities Corp,8-K,Bernard Teo,Coo,spacy,Chief Operating Officer
Neonode Inc.,8-K,Urban Forssell,Ceo,spacy,Chief Executive Officer
DAKTRONICS INC /SD/,8-K,Sheila M. Anderson,Chief Financial Officer,spacy,Chief Financial Officer
DAKTRONICS INC /SD/,8-K,Reece Kurtenbach,Chairman,spacy,Chair
URBAN OUTFITTERS INC,8-K,Richard A. Hayne,Chief Executive Officer,spacy,Chief Executive Officer
"EMCOR Group, Inc.",8-K,Tony Guzzi,Chairman,spacy,Chair
"Gaming & Leisure Properties, Inc.",8-K,Matthew Demchyk,Chief Investment Officer,spacy,Chief Investment Officer
"Gaming & Leisure Properties, Inc.",8-K,Peter Carlino,Chairman,spacy,Chair
"Personalis, Inc.",8-K,Chris Hall,Chief Executive Officer,spacy,Chief Executive Officer
"Personalis, Inc.",8-K,Aaron Tachibana Aaron,Chief Financial Officer,spacy,Chief Financial Officer
"Voyager Therapeutics, Inc.",8-K,Alfred Sandrock,Chief Executive Officer,spacy,Chief Executive Officer
"Duolingo, Inc.",8-K,Matthew Skaruppa,Chief Financial Officer,spacy,Chief Financial Officer
"Salesforce, Inc.",8-K,Amy Weaver,President,spacy,President
"Salesforce, Inc.",8-K,Marc Benioff,Ceo,spacy,Chief Executive Officer
TRAVELZOO,8-K,Lijun Qi Lijun,Unknown,spacy,Unknown
TRAVELZOO,8-K,Holger Bartel,Ceo,spacy,Chief Executive Officer
"RxSight, Inc.",8-K,Ron Kurtz,Cto,spacy,Chief Technology Officer
"James River Group Holdings, Ltd.",8-K,Sarah C. Doran,Chief Financial Officer,spacy,Chief Financial Officer
STANDARD BIOTOOLS INC.,8-K,Michael Egholm,President,spacy,President
Green Thumb Industries Inc.,8-K,Mathew Faulkner,Chief Financial Officer,spacy,Chief Financial Officer
Green Thumb Industries Inc.,8-K,Green Thumb Founder,Chairman,spacy,Chair
Green Thumb Industries Inc.,8-K,Ben Kovler,Chairman,spacy,Chair
Green Thumb Industries Inc.,8-K,Green Thumb,Director,spacy,Director
Green Thumb Industries Inc.,8-K,Anthony Georgiadis,President,spacy,President
Green Thumb Industries Inc.,8-K,Good Green,Cto,spacy,Chief Technology Officer
"AAON, INC.",8-K,Gary Fields,Ceo,spacy,Chief Executive Officer
"AAON, INC.",8-K,Rebecca Thompson,Cfo,spacy,Chief Financial Officer
"IonQ, Inc.",8-K,Bill Scannell,President,spacy,President
"IonQ, Inc.",8-K,Thomas Kramer,Chief Financial Officer,spacy,Chief Financial Officer
"IonQ, Inc.",8-K,Jordan Shapiro,Chief Financial Officer,spacy,Chief Financial Officer
"IonQ, Inc.",8-K,Robert Thomas Cardillo,Director,spacy,Director
"IonQ, Inc.",8-K,William Francis Scannell,Director,spacy,Director
"IonQ, Inc.",8-K,Robert Cardillo,Director,spacy,Director
"Pure Storage, Inc.",8-K,Kevan Krysler,Chief Financial Officer,spacy,Chief Financial Officer
"Pure Storage, Inc.",8-K,Charles Giancarlo,Chairman,spacy,Chair
"WW INTERNATIONAL, INC.",8-K,Sima Sistani,Ceo,spacy,Chief Executive Officer
"WW INTERNATIONAL, INC.",8-K,Oprah Winfrey,Director,spacy,Director
"WW INTERNATIONAL, INC.",8-K,Thilo Semmelbauer,Chairman,spacy,Chair
"ALKAMI TECHNOLOGY, INC.",8-K,Bryan Hill,Chief Financial Officer,spacy,Chief Financial Officer
"Schrodinger, Inc.",8-K,Geoffrey Porges,Vice President,spacy,Vice President
"Schrodinger, Inc.",8-K,Ramy Farid,Chief Executive Officer,spacy,Chief Executive Officer
"Schrodinger, Inc.",8-K,Geoff Porges,Chief Financial Officer,spacy,Chief Financial Officer
CASTLE BIOSCIENCES INC,8-K,Derek Maetzold,President,spacy,President
"Lyell Immunopharma, Inc.",8-K,Charles Newton,Chief Financial Officer,spacy,Chief Financial Officer
"Lyell Immunopharma, Inc.",8-K,Lynn Seely,President,spacy,President
"Lyell Immunopharma, Inc.",8-K,Matt Lang,Chief Business Officer,spacy,Chief Business Officer
"Avidity Biosciences, Inc.",8-K,Sarah Boyce,President,spacy,President
"Avidity Biosciences, Inc.",8-K,Eric B. Mosbrooker,Chief Strategy Officer,spacy,Chief Strategy Officer
Snowflake Inc.,8-K,Michael P. Scarpelli,Chief Financial Officer,spacy,Chief Financial Officer
Snowflake Inc.,8-K,Frank Slootman,Chairman,spacy,Chair
"Shoals Technologies Group, Inc.",8-K,Brandon Moss,Ceo,spacy,Chief Executive Officer
ZimVie Inc.,8-K,Vafa Jamali,President,spacy,President
"Marqeta, Inc.",8-K,Milotich Michael,Chief Financial Officer,spacy,Chief Financial Officer
"Marqeta, Inc.",8-K,Simon Khalaf,Ceo,spacy,Chief Executive Officer
"Pennant Group, Inc.",8-K,Brent Guerisoli,Chief Executive Officer,spacy,Chief Executive Officer
"Aris Water Solutions, Inc.",8-K,Amanda Brock,Chief Executive Officer,spacy,Chief Executive Officer
"MICROVISION, INC.",8-K,Drew G. Markham,Vice President,spacy,Vice President
"MICROVISION, INC.",8-K,G. Markham,Vice President,spacy,Vice President
"MICROVISION, INC.",8-K,Sumit Sharma,Chief Executive Officer,spacy,Chief Executive Officer
EPR PROPERTIES,8-K,Craig L. Evans,Director,spacy,Director
EPR PROPERTIES,8-K,Paul Turvey,Vice President,spacy,Vice President
EPR PROPERTIES,8-K,Mark A. Peterson,Vice President,spacy,Vice President
EPR PROPERTIES,8-K,Greg Silvers,President,spacy,President
EPR PROPERTIES,8-K,Craig Evans,Vice President,spacy,Vice President
"TaskUs, Inc.",8-K,Bryce Maddock,Ceo,spacy,Chief Executive Officer
MERIT MEDICAL SYSTEMS INC,8-K,Brian G. Lloyd,Chief Legal Officer,spacy,Chief Legal Officer
MERIT MEDICAL SYSTEMS INC,8-K,Fred P. Lampropoulos,Chairman,spacy,Chair
MERIT MEDICAL SYSTEMS INC,8-K,Fred Lampropoulos,Chairman,spacy,Chair
MERIT MEDICAL SYSTEMS INC,8-K,Raul Parra,Chairman,spacy,Chair
"CareDx, Inc.",8-K,Alex Johnson,President,spacy,President
"Clearwater Analytics Holdings, Inc.",8-K,Sandeep Sahai,Chief Executive Officer,spacy,Chief Executive Officer
"Clearwater Analytics Holdings, Inc.",8-K,Keith Viverito,Chief Strategy Officer,spacy,Chief Strategy Officer
HP INC,8-K,Enrique Lores,President,spacy,President
TUTOR PERINI CORP,8-K,Ryan J. Soroka,Vice President,spacy,Vice President
TUTOR PERINI CORP,8-K,Ronald Tutor,Chairman,spacy,Chair
"AMC ENTERTAINMENT HOLDINGS, INC.",8-K,Adam Aron,Chairman,spacy,Chair
BARRETT BUSINESS SERVICES INC,8-K,Anthony J. Harris,Vice President,spacy,Vice President
BARRETT BUSINESS SERVICES INC,8-K,Gary Kramer,President,spacy,President
BARRETT BUSINESS SERVICES INC,8-K,Anthony Harris,Ceo,spacy,Chief Executive Officer
Stimcell Energetics Inc.,8-K,David Jeffs,Chief Executive Officer,spacy,Chief Executive Officer
Stimcell Energetics Inc.,8-K,Brad Hargreaves,Director,spacy,Director
"FIGS, Inc.",8-K,Trina Spear,Chief Executive Officer,spacy,Chief Executive Officer
"FIGS, Inc.",8-K,Kevin Fosty,Director,spacy,Director
"Alexander & Baldwin, Inc.",8-K,Chun Clayton,Vice President,spacy,Vice President
"Alexander & Baldwin, Inc.",8-K,Longs Drugs,Ceo,spacy,Chief Executive Officer
"Alexander & Baldwin, Inc.",8-K,Clayton Chun,Cfo,spacy,Chief Financial Officer
ASTRONICS CORP,8-K,David C. Burney,Chief Financial Officer,spacy,Chief Financial Officer
ASTRONICS CORP,8-K,J. Gundermann,Chairman,spacy,Chair
ASTRONICS CORP,8-K,David Burney,Chief Financial Officer,spacy,Chief Financial Officer
MAGNACHIP SEMICONDUCTOR Corp,8-K,Steven Pelayo,Cto,spacy,Chief Technology Officer
"Butterfly Network, Inc.",8-K,Heather C. Getz,Vice President,spacy,Vice President
"Vertex, Inc.",8-K,Ryan Leib,Director,spacy,Director
Service Properties Trust,8-K,Todd Hargreaves,President,spacy,President
"Accel Entertainment, Inc.",8-K,Mathew Ellis,Chief Financial Officer,spacy,Chief Financial Officer
"Accel Entertainment, Inc.",8-K,Andy Rubenstein,Ceo,spacy,Chief Executive Officer
"Amphastar Pharmaceuticals, Inc.",8-K,Jack Zhang,President,spacy,President
FLANIGANS ENTERPRISES INC,8-K,James G. Flanigan,Director,spacy,Director
FLANIGANS ENTERPRISES INC,8-K,John P. Foster,Director,spacy,Director
FLANIGANS ENTERPRISES INC,8-K,Jeffrey D. Kastner,Director,spacy,Director
FLANIGANS ENTERPRISES INC,8-K,Michael B. Flanigan,Director,spacy,Director
FLANIGANS ENTERPRISES INC,8-K,Christopher J. Nelms,Director,spacy,Director
FLANIGANS ENTERPRISES INC,8-K,Patrick J. Flanigan,Director,spacy,Director
"Summit Hotel Properties, Inc.",8-K,Jonathan P. Stanner,President,spacy,President
U S PHYSICAL THERAPY INC /NV,8-K,Carey Hendrickson,Chief Financial Officer,spacy,Chief Financial Officer
U S PHYSICAL THERAPY INC /NV,8-K,Chris Reading,Chief Financial Officer,spacy,Chief Financial Officer
U S PHYSICAL THERAPY INC /NV,8-K,Joe Noyons,Chief Financial Officer,spacy,Chief Financial Officer
"Excelerate Energy, Inc.",8-K,Steven Kobos,President,spacy,President
"Excelerate Energy, Inc.",8-K,Dana Armstrong,Vice President,spacy,Vice President
LIGHTBRIDGE Corp,8-K,Lightbridge Fuel,Cto,spacy,Chief Technology Officer
LIGHTBRIDGE Corp,8-K,Matthew Abenante,Cto,spacy,Chief Technology Officer
Clipper Realty Inc.,8-K,David Bistricer,Chairman,spacy,Chair
STONERIDGE INC,8-K,Jim Zizelman,President,spacy,President
STONERIDGE INC,8-K,Matt Horvath,Chief Financial Officer,spacy,Chief Financial Officer
"Cactus, Inc.",8-K,Alan Boyd,Director,spacy,Director
Acushnet Holdings Corp.,8-K,David Maher,President,spacy,President
Verano Holdings Corp.,8-K,George Archos,Chief Executive Officer,spacy,Chief Executive Officer
Verano Holdings Corp.,8-K,Verano Founder,Chief Executive Officer,spacy,Chief Executive Officer
MultiPlan Corp,8-K,Dale White,Ceo,spacy,Chief Executive Officer
MultiPlan Corp,8-K,Travis Dalton,Ceo,spacy,Chief Executive Officer
TITAN INTERNATIONAL INC,8-K,Paul Reitz,President,spacy,President
ESAB Corp,8-K,Shyam P. Kambeyanda,President,spacy,President
ESAB Corp,8-K,Mark Barbalato,Vice President,spacy,Vice President
Longduoduo Co Ltd,8-K,Xu Huibo,Director,spacy,Director
Longduoduo Co Ltd,8-K,Zhou Hongxiao,Director,spacy,Director
Longduoduo Co Ltd,8-K,Li Zhijie,Director,spacy,Director
Longduoduo Co Ltd,8-K,Wu Binbin,Director,spacy,Director
Longduoduo Co Ltd,8-K,Shan Bo,Director,spacy,Director
Everi Holdings Inc.,8-K,Randy Taylor,Chief Executive Officer,spacy,Chief Executive Officer
FIRST ADVANTAGE CORP,8-K,Josh Peirez,Chief Executive Officer,spacy,Chief Executive Officer
FIRST ADVANTAGE CORP,8-K,David Gamsey,Chief Financial Officer,spacy,Chief Financial Officer
FIRST ADVANTAGE CORP,8-K,Adrian Jones,Chairman,spacy,Chair
"FREYR Battery, Inc. /DE/",8-K,Birger Steen,Chief Executive Officer,spacy,Chief Executive Officer
"Chicago Atlantic Real Estate Finance, Inc.",8-K,John Mazarakis,Chairman,spacy,Chair
COMPASS Pathways plc,8-K,Kabir Nath,Chief Executive Officer,spacy,Chief Executive Officer
BEST BUY CO INC,8-K,Best Buy,Ceo,spacy,Chief Executive Officer
BEST BUY CO INC,8-K,Matt Bilunas,Cfo,spacy,Chief Financial Officer
"Evergy, Inc.",8-K,Geoffrey T. Ley,Vice President,spacy,Vice President
"Evergy, Inc.",8-K,Pete Flynn,Director,spacy,Director
"Hayward Holdings, Inc.",8-K,Kevin Holleran,Ceo,spacy,Chief Executive Officer
BRINKS CO,8-K,Restructuring Brink,Director,spacy,Director
New Fortress Energy Inc.,8-K,Wes Edens,President,spacy,President
Outbrain Inc.,8-K,Yaron Galai,Director,spacy,Director
Outbrain Inc.,8-K,David Kostman,Chairman,spacy,Chair
Outbrain Inc.,8-K,Yaron Galai Remaining,Ceo,spacy,Chief Executive Officer
Outbrain Inc.,8-K,Shlomo Dovrat,Director,spacy,Director
"Xometry, Inc.",8-K,Randy Altschuler,Ceo,spacy,Chief Executive Officer
"Xometry, Inc.",8-K,James Miln,Director,spacy,Director
"Xometry, Inc.",8-K,James Rallo,Chief Financial Officer,spacy,Chief Financial Officer
"Xometry, Inc.",8-K,Jim Rallo,Cfo,spacy,Chief Financial Officer
"Akero Therapeutics, Inc.",8-K,Andrew Cheng,President,spacy,President
"HYDROFARM HOLDINGS GROUP, INC.",8-K,John Lindeman,Chairman,spacy,Chair
"HYDROFARM HOLDINGS GROUP, INC.",8-K,Bill Toler,Chairman,spacy,Chair
DENTSPLY SIRONA Inc.,8-K,Simon Campion,President,spacy,President
"TILE SHOP HOLDINGS, INC.",8-K,Cabell H. Lolmaugh,Director,spacy,Director
"TILE SHOP HOLDINGS, INC.",8-K,Mark B. Davis,Vice President,spacy,Vice President
"TILE SHOP HOLDINGS, INC.",8-K,Mark Davis,Ceo,spacy,Chief Executive Officer
"TILE SHOP HOLDINGS, INC.",8-K,Joseph Kinder,Vice President,spacy,Vice President
Arbutus Biopharma Corp,8-K,David C. Hastings,Chief Financial Officer,spacy,Chief Financial Officer
Arbutus Biopharma Corp,8-K,Lisa M. Caperelli,Vice President,spacy,Vice President
"Bath & Body Works, Inc.",8-K,Gina Boswell,Ceo,spacy,Chief Executive Officer
Verrica Pharmaceuticals Inc.,8-K,Terry Kohler,Chief Financial Officer,spacy,Chief Financial Officer
CHIMERIX INC,8-K,Mike Andriole,Chief Executive Officer,spacy,Chief Executive Officer
CHIMERIX INC,8-K,Lisa Decker,Director,spacy,Director
CHIMERIX INC,8-K,Tom Riga,Chief Financial Officer,spacy,Chief Financial Officer
"Via Renewables, Inc.",8-K,Keith Maxwell,Chief Executive Officer,spacy,Chief Executive Officer
"Via Renewables, Inc.",8-K,Via Renewables,Chief Executive Officer,spacy,Chief Executive Officer
ENVIRI Corp,8-K,Nick Grasberger,Chairman,spacy,Chair
"Pacira BioSciences, Inc.",8-K,Charles A. Reinhart,Director,spacy,Director
Cronos Group Inc.,8-K,Mike Gorenstein,Chairman,spacy,Chair
"CRA INTERNATIONAL, INC.",8-K,Paul Maleh,President,spacy,President
"CRA INTERNATIONAL, INC.",8-K,Dan Mahoney,Cfo,spacy,Chief Financial Officer
VYNE Therapeutics Inc.,8-K,David Domzalski,President,spacy,President
VYNE Therapeutics Inc.,8-K,Iain Stuart,Chief Scientific Officer,spacy,Chief Scientific Officer
VYNE Therapeutics Inc.,8-K,Mutya Harsch,Chief Legal Officer,spacy,Chief Legal Officer
Civeo Corp,8-K,Bradley J. Dodson,President,spacy,President
"HUMBL, INC.",8-K,Brian Foote,Director,spacy,Director
"HUMBL, INC.",8-K,Avrio Worldwide,Ceo,spacy,Chief Executive Officer
"ACI WORLDWIDE, INC.",8-K,Thomas Warsop,President,spacy,President
"ACI WORLDWIDE, INC.",8-K,Juan Benitez,Director,spacy,Director
"ACI WORLDWIDE, INC.",8-K,Adalio T. Sanchez,Chairman,spacy,Chair
Ideal Power Inc.,8-K,Dan Brdar,President,spacy,President
Ideal Power Inc.,8-K,Timothy Burns,Chief Financial Officer,spacy,Chief Financial Officer
Ideal Power Inc.,8-K,Diane King Hall,Ceo,spacy,Chief Executive Officer
TRIMAS CORP,8-K,Thomas Amato,President,spacy,President
Citi Trends Inc,8-K,David Heath,Coo,spacy,Chief Operating Officer
Citi Trends Inc,8-K,Charles Liu,Coo,spacy,Chief Operating Officer
Citi Trends Inc,8-K,Michael Kvitko,Coo,spacy,Chief Operating Officer
Citi Trends Inc,8-K,Brian Carney,Director,spacy,Director
Citi Trends Inc,8-K,Laurens Goff,Director,spacy,Director
Citi Trends Inc,8-K,Christina Francis,Director,spacy,Director
Citi Trends Inc,8-K,Paula Caroppoli,Chief Executive Officer,spacy,Chief Executive Officer
Citi Trends Inc,8-K,Christopher P. Davis,General Counsel,spacy,General Counsel
Citi Trends Inc,8-K,Jonathan Lennon,Chief Executive Officer,spacy,Chief Executive Officer
Citi Trends Inc,8-K,Peter Sachse,Director,spacy,Director
Citi Trends Inc,8-K,Citi Trends,Cto,spacy,Chief Technology Officer
Permex Petroleum Corp,8-K,Steve Hosein,Chief Financial Officer,spacy,Chief Financial Officer
"HeartCore Enterprises, Inc.",8-K,Sumitaka Kanno Yamamoto,Ceo,spacy,Chief Executive Officer
"Y-mAbs Therapeutics, Inc.",8-K,Mike Rossi,President,spacy,President
"Y-mAbs Therapeutics, Inc.",8-K,Michael Rossi,President,spacy,President
"Y-mAbs Therapeutics, Inc.",8-K,Thomas Gad,Director,spacy,Director
"Y-mAbs Therapeutics, Inc.",8-K,Naxitamab Plus,Cto,spacy,Chief Technology Officer
"NetApp, Inc.",8-K,George Kurian,Chief Executive Officer,spacy,Chief Executive Officer
"NetApp, Inc.",8-K,Riccardo Di Blasio,Vice President,spacy,Vice President
"NetApp, Inc.",8-K,Cloud Volumes,Coo,spacy,Chief Operating Officer
"AvePoint, Inc.",8-K,Tianyi Jiang,Ceo,spacy,Chief Executive Officer
BIOLIFE SOLUTIONS INC,8-K,Garrie Richardson,Chairman,spacy,Chair
VEEVA SYSTEMS INC,8-K,Peter Gassner,Ceo,spacy,Chief Executive Officer
"Autodesk, Inc.",8-K,Debbie Clifford,Cfo,spacy,Chief Financial Officer
Elastic N.V.,8-K,Ash Kulkarni,Ceo,spacy,Chief Executive Officer
"Cardiff Oncology, Inc.",8-K,Mark Erlander,Chief Executive Officer,spacy,Chief Executive Officer
"Cardiff Oncology, Inc.",8-K,Fairooz Kabbinavar,Chief Medical Officer,spacy,Chief Medical Officer
"Cardiff Oncology, Inc.",8-K,Richa Kumari Taft,Unknown,spacy,Unknown
"LISATA THERAPEUTICS, INC.",8-K,David J. Mazzo,President,spacy,President
"LISATA THERAPEUTICS, INC.",8-K,John Menditto,Vice President,spacy,Vice President
"89bio, Inc.",8-K,Rohan Palekar,Chief Executive Officer,spacy,Chief Executive Officer
"89bio, Inc.",8-K,Rohan Palekar Rohan,Chief Executive Officer,spacy,Chief Executive Officer
Xenon Pharmaceuticals Inc.,8-K,Chad Fugere,Vice President,spacy,Vice President
"Senseonics Holdings, Inc.",8-K,Brian Hansen,President,spacy,President
"Senseonics Holdings, Inc.",8-K,Tim Goodnow,President,spacy,President
JEWETT CAMERON TRADING CO LTD,8-K,Chad Summers,Ceo,spacy,Chief Executive Officer
ZYNEX INC,8-K,Thomas Sandgaard,President,spacy,President
"Global Clean Energy Holdings, Inc.",8-K,Richard Palmer,Cto,spacy,Chief Technology Officer
"Global Clean Energy Holdings, Inc.",8-K,Noah Verleun,Chief Executive Officer,spacy,Chief Executive Officer
"Global Clean Energy Holdings, Inc.",8-K,Dave Walker,Chairman,spacy,Chair
"Seer, Inc.",8-K,David Horn,President,spacy,President
"Seer, Inc.",8-K,Omid Farokhzad,Ceo,spacy,Chief Executive Officer
"SOUNDHOUND AI, INC.",8-K,Nitesh Sharan,Cfo,spacy,Chief Financial Officer
"Innoviva, Inc.",8-K,Matthew Ronsheim,President,spacy,President
Biohaven Ltd.,8-K,Matthew Buten,Chief Financial Officer,spacy,Chief Financial Officer
NCR Voyix Corp,8-K,David Wilkinson,Ceo,spacy,Chief Executive Officer
CubeSmart,8-K,Timothy M. Martin,Chief Financial Officer,spacy,Chief Financial Officer
CubeSmart,8-K,Christopher P. Marr,President,spacy,President
CubeSmart,8-K,Tim Martin,Chief Financial Officer,spacy,Chief Financial Officer
Fundamental Global Inc.,8-K,Larry G. Swets,Director,spacy,Director
Fundamental Global Inc.,8-K,Michael C. Mitchell,Director,spacy,Director
Fundamental Global Inc.,8-K,Ndamukong Suh,Director,spacy,Director
Fundamental Global Inc.,8-K,Robert J. Roschman,Director,spacy,Director
Fundamental Global Inc.,8-K,Rita Hayes,Unknown,spacy,Unknown
Fundamental Global Inc.,8-K,Richard Govignon,President,spacy,President
Fundamental Global Inc.,8-K,Michael Mitchell,President,spacy,President
Fundamental Global Inc.,8-K,D. Kyle Cerminara,Chairman,spacy,Chair
Fundamental Global Inc.,8-K,Larry Swets,Ceo,spacy,Chief Executive Officer
Fundamental Global Inc.,8-K,Hassan Baqar,Ceo,spacy,Chief Executive Officer
Fundamental Global Inc.,8-K,Tom Heise,Cfo,spacy,Chief Financial Officer
Fundamental Global Inc.,8-K,Mark Roberson,Ceo,spacy,Chief Executive Officer
Fundamental Global Inc.,8-K,Todd Major,Ceo,spacy,Chief Executive Officer
Navitas Semiconductor Corp,8-K,Gene Sheridan,Ceo,spacy,Chief Executive Officer
"SAUL CENTERS, INC.",8-K,Carlos L. Heard,Vice President,spacy,Vice President
"SAUL CENTERS, INC.",8-K,Rockville Pike,Cto,spacy,Chief Technology Officer
"Certara, Inc.",8-K,William F. Feehery,Chief Executive Officer,spacy,Chief Executive Officer
"Certara, Inc.",8-K,Richard M. Traynor,Vice President,spacy,Vice President
"Life360, Inc.",8-K,Chris Hulls,Chief Executive Officer,spacy,Chief Executive Officer
"Life360, Inc.",8-K,Tier Membership,Cto,spacy,Chief Technology Officer
FTAI Infrastructure Inc.,8-K,Kenneth J. Nicholson,Chief Executive Officer,spacy,Chief Executive Officer
TIDEWATER INC,8-K,Quintin Kneen,President,spacy,President
NaturalShrimp Inc,8-K,Matthew L. Schissler,Ceo,spacy,Chief Executive Officer
Sachem Capital Corp.,8-K,John L. Villano,Chief Executive Officer,spacy,Chief Executive Officer
Pactiv Evergreen Inc.,8-K,Jon Baksht,Chief Financial Officer,spacy,Chief Financial Officer
Pactiv Evergreen Inc.,8-K,Chandra J. Mitchell,Chief Legal Officer,spacy,Chief Legal Officer
Pactiv Evergreen Inc.,8-K,Pactiv Evergreen,Chief Legal Officer,spacy,Chief Legal Officer
Tecnoglass Inc.,8-K,Christian Daes,Chief Operating Officer,spacy,Chief Operating Officer
QUAKER CHEMICAL CORP,8-K,Andy Tometich,Chief Executive Officer,spacy,Chief Executive Officer
QUAKER CHEMICAL CORP,8-K,Quaker Houghton,Director,spacy,Director
QUAKER CHEMICAL CORP,8-K,Robert T. Traub,Chief Executive Officer,spacy,Chief Executive Officer
QUAKER CHEMICAL CORP,8-K,Jeffrey M. Schnell,Vice President,spacy,Vice President
"ACHIEVE LIFE SCIENCES, INC.",8-K,John Bencich,Chief Executive Officer,spacy,Chief Executive Officer
"ACHIEVE LIFE SCIENCES, INC.",8-K,Amanda Rose,Chief Executive Officer,spacy,Chief Executive Officer
Nuvation Bio Inc.,8-K,David Hung,President,spacy,President
Nuvation Bio Inc.,8-K,Robert Mashal,Director,spacy,Director
"Terra Property Trust, Inc.",8-K,Sarah Schwarzschild,Director,spacy,Director
"Terra Property Trust, Inc.",8-K,Gorge Preserve,Director,spacy,Director
"Ginkgo Bioworks Holdings, Inc.",8-K,Jason Kelly,Ceo,spacy,Chief Executive Officer
"Inuvo, Inc.",8-K,John B. Pisaris,General Counsel,spacy,General Counsel
"Inuvo, Inc.",8-K,Clinton Ave,President,spacy,President
"Inuvo, Inc.",8-K,Barry Lowenthal,President,spacy,President
"Inuvo, Inc.",8-K,Richard Howe,Ceo,spacy,Chief Executive Officer
"Inuvo, Inc.",8-K,Wally Ruiz,Chief Executive Officer,spacy,Chief Executive Officer
"SolarMax Technology, Inc.",8-K,David Hsu,Chief Executive Officer,spacy,Chief Executive Officer
"SolarMax Technology, Inc.",8-K,Stephen Brown Simon,Director,spacy,Director
"SolarMax Technology, Inc.",8-K,Yuan Wei,Director,spacy,Director
"SolarMax Technology, Inc.",8-K,Yuan Chen Jinxi,Director,spacy,Director
"SolarMax Technology, Inc.",8-K,Lei Zhang,Director,spacy,Director
"SolarMax Technology, Inc.",8-K,Ching Liu Bin Lu,Director,spacy,Director
"Willdan Group, Inc.",8-K,Thomas D. Brisbin,Chief Executive Officer,spacy,Chief Executive Officer
VSE CORP,8-K,John Cuomo,President,spacy,President
MASTEC INC,8-K,Floor J. Marc Lewis,Vice President,spacy,Vice President
MASTEC INC,8-K,Jose Mas,Chief Executive Officer,spacy,Chief Executive Officer
BIODESIX INC,8-K,Robin Harper,Chief Financial Officer,spacy,Chief Financial Officer
BIODESIX INC,8-K,Chris Brinzey,Director,spacy,Director
Douglas Elliman Inc.,8-K,Howard M. Lorber,Chairman,spacy,Chair
Douglas Elliman Inc.,8-K,Douglas Elliman,Chairman,spacy,Chair
Gold Flora Corp.,8-K,Troy Datcher,Chairman,spacy,Chair
Gold Flora Corp.,8-K,Flora Mourns,Chief Financial Officer,spacy,Chief Financial Officer
"MAMMOTH ENERGY SERVICES, INC.",8-K,Mark Layton,Chief Financial Officer,spacy,Chief Financial Officer
GLYCOMIMETICS INC,8-K,Cancer Stat Facts,Cto,spacy,Chief Technology Officer
GLYCOMIMETICS INC,8-K,Overall Survival,Cto,spacy,Chief Technology Officer
JAKKS PACIFIC INC,8-K,Stephen Berman,Ceo,spacy,Chief Executive Officer
Nuveen Mortgage & Income Fund/MA/,8-K,Mark L.,Vice President,spacy,Vice President
ACME UNITED CORP,8-K,Walter C. Johnsen,Chairman,spacy,Chair
"GREIF, INC",8-K,Ole Rosgaard,Ceo,spacy,Chief Executive Officer
"GREIF, INC",8-K,Matt Leahy,Vice President,spacy,Vice President
"GREIF, INC",8-K,Ole G. Rosgaard,Director,spacy,Director
"GREIF, INC",8-K,Bruce A. Edwards,Director,spacy,Director
"GREIF, INC",8-K,Mark A. Emkes,Director,spacy,Director
"GREIF, INC",8-K,Frank C. Miller,Director,spacy,Director
"GREIF, INC",8-K,Karen A. Morrison,Director,spacy,Director
"GREIF, INC",8-K,Robert M. Patterson,Director,spacy,Director
"GREIF, INC",8-K,G. Rosgaard,President,spacy,President
"GREIF, INC",8-K,Matthew Leahy,President,spacy,President
"GREIF, INC",8-K,Shane Hajde,Vice President,spacy,Vice President
"GREIF, INC",8-K,Larry Hilsheimer,Vice President,spacy,Vice President
micromobility.com Inc.,8-K,Jonathan Hannestad,Director,spacy,Director
"POWER SOLUTIONS INTERNATIONAL, INC.",8-K,Randall Lehner,Unknown,spacy,Unknown
"POWER SOLUTIONS INTERNATIONAL, INC.",8-K,Xykis Printed,Ceo,spacy,Chief Executive Officer
"Hour Loop, Inc",8-K,Hour Loop,Vice President,spacy,Vice President
"Hour Loop, Inc",8-K,Sau Kuen Yu,Chief Executive Officer,spacy,Chief Executive Officer
"Virpax Pharmaceuticals, Inc.",8-K,Ballard Spahr,Unknown,spacy,Unknown
"Virpax Pharmaceuticals, Inc.",8-K,Anthony Mack,Ceo,spacy,Chief Executive Officer
"Virpax Pharmaceuticals, Inc.",8-K,Moshin Meghji,Chief Restructuring Officer,spacy,Chief Restructuring Officer
"ClearPoint Neuro, Inc.",8-K,Michael Townley,Ceo,spacy,Chief Executive Officer
Goldman Sachs Physical Gold ETF,8-K,Alyson Shupe,Unknown,spacy,Unknown
Goldman Sachs Physical Gold ETF,8-K,Michael Crinieri,Unknown,spacy,Unknown
"WM TECHNOLOGY, INC.",8-K,Mary Hoitt,Chief Financial Officer,spacy,Chief Financial Officer
"WM TECHNOLOGY, INC.",8-K,Susan Echard,Cfo,spacy,Chief Financial Officer
"Lyra Therapeutics, Inc.",8-K,Harlan Waksal,Director,spacy,Director
"Algorhythm Holdings, Inc.",8-K,Gary Atkinson,Chief Executive Officer,spacy,Chief Executive Officer
DallasNews Corp,8-K,Katy Murray,President,spacy,President
"Super League Enterprise, Inc.",8-K,Ann Hand,Ceo,spacy,Chief Executive Officer
"Super League Enterprise, Inc.",8-K,Rodrigo Tamellini,Ceo,spacy,Chief Executive Officer
VanEck Bitcoin ETF,8-K,Authorized Participant,Cto,spacy,Chief Technology Officer
"Bluejay Diagnostics, Inc.",8-K,Neil Dey,Chief Executive Officer,spacy,Chief Executive Officer
"MODIV INDUSTRIAL, INC.",8-K,Aaron Halfacre,Ceo,spacy,Chief Executive Officer
"MODIV INDUSTRIAL, INC.",8-K,Modiv Industrial,Ceo,spacy,Chief Executive Officer
"MODIV INDUSTRIAL, INC.",8-K,John C. Raney Kimberly,Chief Executive Officer,spacy,Chief Executive Officer
"MODIV INDUSTRIAL, INC.",8-K,Sandra G. Sciutto,Chief Financial Officer,spacy,Chief Financial Officer
"MODIV INDUSTRIAL, INC.",8-K,Thomas H. Nolan,Chief Financial Officer,spacy,Chief Financial Officer
AMERICAN INTERNATIONAL HOLDINGS CORP.,8-K,Caren Currier,Director,spacy,Director
AVADEL PHARMACEUTICALS PLC,8-K,Greg Divis,Chief Executive Officer,spacy,Chief Executive Officer
"EyePoint Pharmaceuticals, Inc.",8-K,Ramiro Ribeiro,Chief Medical Officer,spacy,Chief Medical Officer
"MSP Recovery, Inc.",8-K,John H. Ruiz,Ceo,spacy,Chief Executive Officer
"MSP Recovery, Inc.",8-K,Frank C. Quesada,Chief Legal Officer,spacy,Chief Legal Officer
"MSP Recovery, Inc.",8-K,David Simmons,Coo,spacy,Chief Operating Officer
"MSP Recovery, Inc.",8-K,Charlie Whorton,Ceo,spacy,Chief Executive Officer
"Envoy Medical, Inc.",8-K,Brent Lucas,Ceo,spacy,Chief Executive Officer
"Envoy Medical, Inc.",8-K,Glen Taylor,Director,spacy,Director
WD 40 CO,8-K,Steve Brass,President,spacy,President
WD 40 CO,8-K,Phenix Q. Kiamilev,Vice President,spacy,Vice President
WD 40 CO,8-K,Milton Saling,Chairman,spacy,Chair
AMERICAN REBEL HOLDINGS INC,8-K,Charles A. Ross,Chief Executive Officer,spacy,Chief Executive Officer
"Armata Pharmaceuticals, Inc.",8-K,Deborah Birx,Chief Executive Officer,spacy,Chief Executive Officer
"Stereotaxis, Inc.",8-K,David Fischel,Chairman,spacy,Chair
"Stereotaxis, Inc.",8-K,David L. Fischel,Chairman,spacy,Chair
"Pulmatrix, Inc.",8-K,Raad Teofilo,Chief Executive Officer,spacy,Chief Executive Officer
"Stitch Fix, Inc.",8-K,Matt Baer,Chief Executive Officer,spacy,Chief Executive Officer
"Stitch Fix, Inc.",8-K,David Aufderhaar,Chief Financial Officer,spacy,Chief Financial Officer
"Stitch Fix, Inc.",8-K,Stitch Fix,Chief Financial Officer,spacy,Chief Financial Officer
"Paymentus Holdings, Inc.",8-K,Dushyant Sharma,Ceo,spacy,Chief Executive Officer
"ARTELO BIOSCIENCES, INC.",8-K,Greg Gorgas,Unknown,spacy,Unknown
Viant Technology Inc.,8-K,Tim Vanderhook,Chief Executive Officer,spacy,Chief Executive Officer
Viant Technology Inc.,8-K,Larry Madden,Cfo,spacy,Chief Financial Officer
"Akoya Biosciences, Inc.",8-K,James Allison,Director,spacy,Director
"Akoya Biosciences, Inc.",8-K,Garry Nolan,Director,spacy,Director
"Akoya Biosciences, Inc.",8-K,Padmanee Sharma,Director,spacy,Director
OFS Capital Corp,8-K,Bilal Rashid,Chairman,spacy,Chair
CRAWFORD & CO,8-K,Rohit Verma,President,spacy,President
AeroVironment Inc,8-K,Wahid Nawabi,Chairman,spacy,Chair
Birchtech Corp.,8-K,David M. Kaye,Coo,spacy,Chief Operating Officer
Birchtech Corp.,8-K,Samir Patel,Chief Executive Officer,spacy,Chief Executive Officer
NORTHWEST PIPE CO,8-K,Aaron Wilkins,Chief Financial Officer,spacy,Chief Financial Officer
"Southland Holdings, Inc.",8-K,Frank Renda,President,spacy,President
"Southland Holdings, Inc.",8-K,Alex Murray,Chief Financial Officer,spacy,Chief Financial Officer
Dragonfly Energy Holdings Corp.,8-K,John Marchetti,Chief Executive Officer,spacy,Chief Executive Officer
"Annexon, Inc.",8-K,Douglas Love,President,spacy,President
"Annexon, Inc.",8-K,Michael Overdorf,President,spacy,President
"Annexon, Inc.",8-K,Lisa Butler,President,spacy,President
"Annexon, Inc.",8-K,Hugh J. Willison,President,spacy,President
"Annexon, Inc.",8-K,Key Takeaways,President,spacy,President
RARE ELEMENT RESOURCES LTD,8-K,Brent Berg,President,spacy,President
RARE ELEMENT RESOURCES LTD,8-K,Wayne Rich,Chief Financial Officer,spacy,Chief Financial Officer
RARE ELEMENT RESOURCES LTD,8-K,Jaye T. Pickarts,Chief Operating Officer,spacy,Chief Operating Officer
RARE ELEMENT RESOURCES LTD,8-K,Barrero Bouza,Chief Operating Officer,spacy,Chief Operating Officer
RARE ELEMENT RESOURCES LTD,8-K,Alan C. Noble,Unknown,spacy,Unknown
RARE ELEMENT RESOURCES LTD,8-K,Diamond Drill Hole,Coo,spacy,Chief Operating Officer
RARE ELEMENT RESOURCES LTD,8-K,Laramide Orogeny,Ceo,spacy,Chief Executive Officer
RARE ELEMENT RESOURCES LTD,8-K,Ellen Leavitt,Unknown,spacy,Unknown
RARE ELEMENT RESOURCES LTD,8-K,John Ray,Unknown,spacy,Unknown
RARE ELEMENT RESOURCES LTD,8-K,Richard Larsen,Unknown,spacy,Unknown
RARE ELEMENT RESOURCES LTD,8-K,Snowden Supervisor,Coo,spacy,Chief Operating Officer
RARE ELEMENT RESOURCES LTD,8-K,En G. Glass,Cto,spacy,Chief Technology Officer
ThredUp Inc.,8-K,James Reinhart,Ceo,spacy,Chief Executive Officer
"Commercial Vehicle Group, Inc.",8-K,James Ray,President,spacy,President
"Commercial Vehicle Group, Inc.",8-K,Andy Cheung,Chief Financial Officer,spacy,Chief Financial Officer
"Commercial Vehicle Group, Inc.",8-K,Chung Kin Cheung,Chief Financial Officer,spacy,Chief Financial Officer
NORDSTROM INC,8-K,Erik B. Nordstrom,Chief Executive Officer,spacy,Chief Executive Officer
"ICC Holdings, Inc.",8-K,Arron K. Sutherland,President,spacy,President
"ICC Holdings, Inc.",8-K,Arron Sutherland,President,spacy,President
EVENTIKO INC.,8-K,Wei Zhong,Director,spacy,Director
EVENTIKO INC.,8-K,Yap Chin Liang,President,spacy,President
EVENTIKO INC.,8-K,Creativ Digital,Director,spacy,Director
HOOKER FURNISHINGS Corp,8-K,Paul A. Huckfeldt,Chief Financial Officer,spacy,Chief Financial Officer
HOOKER FURNISHINGS Corp,8-K,Furnishings Declares,President,spacy,President
"LENZ Therapeutics, Inc.",8-K,Abraham Bassan,Director,spacy,Director
"LENZ Therapeutics, Inc.",8-K,Jerel Davis,Director,spacy,Director
"LENZ Therapeutics, Inc.",8-K,Perry Karsen,Director,spacy,Director
"LENZ Therapeutics, Inc.",8-K,Kimberlee C. Drapkin,Director,spacy,Director
"LENZ Therapeutics, Inc.",8-K,Kim Drapkin,Chief Executive Officer,spacy,Chief Executive Officer
"LENZ Therapeutics, Inc.",8-K,Kim Drapkin Interim,Chief Executive Officer,spacy,Chief Executive Officer
"Apogee Therapeutics, Inc.",8-K,Michael Henderson,Chief Executive Officer,spacy,Chief Executive Officer
"Apogee Therapeutics, Inc.",8-K,Carl Dambkowski,Chief Medical Officer,spacy,Chief Medical Officer
"BROADWIND, INC.",8-K,Eric Blashford,President,spacy,President
"BROADWIND, INC.",8-K,Eric B. Blashford,President,spacy,President
CECO ENVIRONMENTAL CORP,8-K,Todd Gleason,Chief Executive Officer,spacy,Chief Executive Officer
CECO ENVIRONMENTAL CORP,8-K,Peter Johansson,Unknown,spacy,Unknown
"First Watch Restaurant Group, Inc.",8-K,Chris Tomasso,Ceo,spacy,Chief Executive Officer
"First Watch Restaurant Group, Inc.",8-K,Monterey Jack,Cto,spacy,Chief Technology Officer
908 Devices Inc.,8-K,Kevin J. Knopp,Ceo,spacy,Chief Executive Officer
"Axogen, Inc.",8-K,Harold D. Tamayo,Vice President,spacy,Vice President
"Axogen, Inc.",8-K,Karen Zaderej,Chairman,spacy,Chair
"Axogen, Inc.",8-K,Axoguard Nerve,Cto,spacy,Chief Technology Officer
"Neuronetics, Inc.",8-K,Stephen Furlong,Chief Financial Officer,spacy,Chief Financial Officer
Dave Inc./DE,8-K,Jason Wilk,Ceo,spacy,Chief Executive Officer
"Nuvectis Pharma, Inc.",8-K,Ron Bentsur,Chairman,spacy,Chair
Akari Therapeutics Plc,8-K,Parent Representatives,Coo,spacy,Chief Operating Officer
Akari Therapeutics Plc,8-K,Hoyoung Huh,Chairman,spacy,Chair
Turnstone Biologics Corp.,8-K,Sammy Farah,President,spacy,President
Turnstone Biologics Corp.,8-K,Vijay Chiruvolu,Chief Executive Officer,spacy,Chief Executive Officer
Turnstone Biologics Corp.,8-K,Venkat Ramanan,Chief Executive Officer,spacy,Chief Executive Officer
Turnstone Biologics Corp.,8-K,Stewart Abbot,Chief Executive Officer,spacy,Chief Executive Officer
Turnstone Biologics Corp.,8-K,Mike Burgess,Chief Technology Officer,spacy,Chief Technology Officer
Turnstone Biologics Corp.,8-K,Steven A. Rosenberg,Director,spacy,Director
Turnstone Biologics Corp.,8-K,Robert Seder,Director,spacy,Director
Turnstone Biologics Corp.,8-K,Eric Tran,Director,spacy,Director
Turnstone Biologics Corp.,8-K,Tassos Gianakakos,Ceo,spacy,Chief Executive Officer
Turnstone Biologics Corp.,8-K,Barsouk A. Epidemiology,Cto,spacy,Chief Technology Officer
Turnstone Biologics Corp.,8-K,Med Sci,Cto,spacy,Chief Technology Officer
"U.S. Lighting Group, Inc.",8-K,Paul Spivak,Chief Executive Officer,spacy,Chief Executive Officer
KRONOS ADVANCED TECHNOLOGIES INC,8-K,Michael Rubinov,Director,spacy,Director
"RadNet, Inc.",8-K,Howard Berger,President,spacy,President
"Bakhu Holdings, Corp.",8-K,Aristotle Popolizio,Director,spacy,Director
"Bakhu Holdings, Corp.",8-K,Carlos Garcia La,Director,spacy,Director
"Bakhu Holdings, Corp.",8-K,Mitch Kahn,Director,spacy,Director
"Bakhu Holdings, Corp.",8-K,Kimberly Tamani,Director,spacy,Director
"Bakhu Holdings, Corp.",8-K,Grassroots Cannabis,Cto,spacy,Chief Technology Officer
"Bakhu Holdings, Corp.",8-K,Kimberly Tanami,Ceo,spacy,Chief Executive Officer
"Bakhu Holdings, Corp.",8-K,Peter Whitton,Director,spacy,Director
"Bakhu Holdings, Corp.",8-K,Juan Carlos Garcia La,Director,spacy,Director
"SolarWindow Technologies, Inc.",8-K,Amit Singh,Director,spacy,Director
"SolarWindow Technologies, Inc.",8-K,Jatinder Bhogal,Director,spacy,Director
AMERICAN PUBLIC EDUCATION INC,8-K,Angela Selden,President,spacy,President
AMERICAN PUBLIC EDUCATION INC,8-K,Frank Tutalo,Director,spacy,Director
AMERICAN PUBLIC EDUCATION INC,8-K,Richard Sunderland,President,spacy,President
"PLUS THERAPEUTICS, INC.",8-K,Marc H. Hedrick,President,spacy,President
"MARINUS PHARMACEUTICALS, INC.",8-K,Steven Pfanstiel,Chief Operating Officer,spacy,Chief Operating Officer
"MARINUS PHARMACEUTICALS, INC.",8-K,Lancet Neurol,Cto,spacy,Chief Technology Officer
"MARINUS PHARMACEUTICALS, INC.",8-K,Kari Luther Rosbeck,President,spacy,President
"MARINUS PHARMACEUTICALS, INC.",8-K,Status Epilepticus,Cto,spacy,Chief Technology Officer
"MARINUS PHARMACEUTICALS, INC.",8-K,Refractory Status Epilepticus,Cto,spacy,Chief Technology Officer
WEYCO GROUP INC,8-K,Call Details,Director,spacy,Director
"Cricut, Inc.",8-K,Kimball Shill,Chief Financial Officer,spacy,Chief Financial Officer
"Cricut, Inc.",8-K,Ashish Arora,Chief Executive Officer,spacy,Chief Executive Officer
"CrowdStrike Holdings, Inc.",8-K,Maria Riley,Vice President,spacy,Vice President
"CrowdStrike Holdings, Inc.",8-K,George Kurtz,President,spacy,President
"CrowdStrike Holdings, Inc.",8-K,Burt Podbere,Chief Financial Officer,spacy,Chief Financial Officer
"CrowdStrike Holdings, Inc.",8-K,Kevin Benacci,Vice President,spacy,Vice President
CERUS CORP,8-K,Jessica Hanover,Vice President,spacy,Vice President
"Aeva Technologies, Inc.",8-K,Saurabh Sinha,Chief Financial Officer,spacy,Chief Financial Officer
"Aeva Technologies, Inc.",8-K,Soroush Salehian,Ceo,spacy,Chief Executive Officer
"SOCKET MOBILE, INC.",8-K,Kevin Mills,President,spacy,President
"SOCKET MOBILE, INC.",8-K,Lynn Zhao,Vice President,spacy,Vice President
"Black Bird Biotech, Inc.",8-K,L. A. Newlan,Director,spacy,Director
"Black Bird Biotech, Inc.",8-K,Eric Newlan,Director,spacy,Director
"Black Bird Biotech, Inc.",8-K,Fabian G. Deneault,Director,spacy,Director
"Black Bird Biotech, Inc.",8-K,Jack Qin,Director,spacy,Director
PARK OHIO HOLDINGS CORP,8-K,Matthew V. Crawford,Chairman,spacy,Chair
FULL HOUSE RESORTS INC,8-K,Lewis Fanger,Chief Financial Officer,spacy,Chief Financial Officer
FULL HOUSE RESORTS INC,8-K,Lewis A. Fanger,Vice President,spacy,Vice President
ONE LIBERTY PROPERTIES INC,8-K,Patrick J. Callan,President,spacy,President
ENTRAVISION COMMUNICATIONS CORP,8-K,Michael Christenson,Chief Executive Officer,spacy,Chief Executive Officer
ENTRAVISION COMMUNICATIONS CORP,8-K,Christopher T. Young,Cto,spacy,Chief Technology Officer
Pineapple Financial Inc.,8-K,Christa Mitchell,Director,spacy,Director
Pineapple Financial Inc.,8-K,Shubha Dasgupta,Chief Executive Officer,spacy,Chief Executive Officer
OOMA INC,8-K,Eric Stang,Chief Executive Officer,spacy,Chief Executive Officer
OOMA INC,8-K,Mike Langberg,Director,spacy,Director
"TXO Partners, L.P.",8-K,Brent Clum,President,spacy,President
"LSB INDUSTRIES, INC.",8-K,Mark Behrman,President,spacy,President
"LSB INDUSTRIES, INC.",8-K,Vopak Exolum,Cto,spacy,Chief Technology Officer
NANOPHASE TECHNOLOGIES Corp,8-K,Bradford T. Whitmore,Director,spacy,Director
"Mayville Engineering Company, Inc.",8-K,Todd M. Butz,Chief Financial Officer,spacy,Chief Financial Officer
"Mayville Engineering Company, Inc.",8-K,Hazel Park,Ceo,spacy,Chief Executive Officer
"IO Biotech, Inc.",8-K,Lung Cancer,Cto,spacy,Chief Technology Officer
"Aquestive Therapeutics, Inc.",8-K,Daniel Barber,President,spacy,President
"Aquestive Therapeutics, Inc.",8-K,A. Ernest Toth,Chief Financial Officer,spacy,Chief Financial Officer
CUMBERLAND PHARMACEUTICALS INC,8-K,John Hamm,Chief Financial Officer,spacy,Chief Financial Officer
"Brookfield Oaktree Holdings, LLC",8-K,Nicholas H. Goodman,Director,spacy,Director
"Entero Therapeutics, Inc.",8-K,Sarah Romano,Chief Financial Officer,spacy,Chief Financial Officer
Hippo Holdings Inc.,8-K,Stewart Ellis,Chief Financial Officer,spacy,Chief Financial Officer
"Alto Ingredients, Inc.",8-K,M. Graham,General Counsel,spacy,General Counsel
"European Wax Center, Inc.",8-K,David Willis,Chief Executive Officer,spacy,Chief Executive Officer
KORN FERRY,8-K,Robert P. Rozek,Vice President,spacy,Vice President
KORN FERRY,8-K,Gary D. Burnison,Ceo,spacy,Chief Executive Officer
KORN FERRY,8-K,Korn Ferry,Ceo,spacy,Chief Executive Officer
KORN FERRY,8-K,Gary Burnison,Ceo,spacy,Chief Executive Officer
KORN FERRY,8-K,Robert Rozek,Ceo,spacy,Chief Executive Officer
"FOOT LOCKER, INC.",8-K,Mary Dillon,President,spacy,President
"FOOT LOCKER, INC.",8-K,Mike Baughn,Vice President,spacy,Vice President
Trinity Capital Inc.,8-K,Kyle Brown,Chief Executive Officer,spacy,Chief Executive Officer
UNITED NATURAL FOODS INC,8-K,Sandy Douglas,Chief Executive Officer,spacy,Chief Executive Officer
"Xeris Biopharma Holdings, Inc.",8-K,Andrew Merrill,Director,spacy,Director
Context Therapeutics Inc.,8-K,Martin Lehr,Ceo,spacy,Chief Executive Officer
Context Therapeutics Inc.,8-K,Alex Levit,Ceo,spacy,Chief Executive Officer
Context Therapeutics Inc.,8-K,Jennifer Minai,Ceo,spacy,Chief Executive Officer
Context Therapeutics Inc.,8-K,Chris Beck,Ceo,spacy,Chief Executive Officer
Wave Life Sciences Ltd.,8-K,Kyle Moran,Chief Financial Officer,spacy,Chief Financial Officer
Wave Life Sciences Ltd.,8-K,Paul Bolno,President,spacy,President
BiomX Inc.,8-K,Proclara Merav Bassan,Director,spacy,Director
BiomX Inc.,8-K,Evogene Avi Gabay,Chief Business Officer,spacy,Chief Business Officer
BiomX Inc.,8-K,Eitan Kerem,Chairman,spacy,Chair
BiomX Inc.,8-K,Michael Billard,Chairman,spacy,Chair
BiomX Inc.,8-K,Jesse Goodman,Director,spacy,Director
Merus N.V.,8-K,Ante Lundberg,President,spacy,President
374Water Inc.,8-K,Jeff Quick,Ceo,spacy,Chief Executive Officer
enVVeno Medical Corp,8-K,Robert Berman,Ceo,spacy,Chief Executive Officer
CORETEC GROUP INC.,8-K,Matthew J. Kappers,Chief Executive Officer,spacy,Chief Executive Officer
CORETEC GROUP INC.,8-K,Roberto H. Kim,Director,spacy,Director
CORETEC GROUP INC.,8-K,Seonkee Kim,Chief Executive Officer,spacy,Chief Executive Officer
"Omega Flex, Inc.",8-K,Omega Flex,Cto,spacy,Chief Technology Officer
ChromaDex Corp.,8-K,Zesty Paws,Cto,spacy,Chief Technology Officer
ChromaDex Corp.,8-K,Rob Fried,Chief Executive Officer,spacy,Chief Executive Officer
ChromaDex Corp.,8-K,Brianna Gerber,Chief Executive Officer,spacy,Chief Executive Officer
ChromaDex Corp.,8-K,Andrew Shao,Chief Executive Officer,spacy,Chief Executive Officer
ChromaDex Corp.,8-K,Roger Kornberg,Chairman,spacy,Chair
ChromaDex Corp.,8-K,Bruce German,Chairman,spacy,Chair
ChromaDex Corp.,8-K,John Walker,Chairman,spacy,Chair
ChromaDex Corp.,8-K,Brunie H. Felding,Director,spacy,Director
ChromaDex Corp.,8-K,David Katz,President,spacy,President
"FUEL TECH, INC.",8-K,Ellen T. Albrecht,President,spacy,President
OneSpan Inc.,8-K,Jorge Martell,Chief Financial Officer,spacy,Chief Financial Officer
OneSpan Inc.,8-K,Victor Limongelli,Ceo,spacy,Chief Executive Officer
"Honest Company, Inc.",8-K,Dave Loretta,Chief Financial Officer,spacy,Chief Financial Officer
"SRAX, Inc.",8-K,Chris Miglino,Chief Executive Officer,spacy,Chief Executive Officer
"SRAX, Inc.",8-K,Christopher Miglino,Chief Executive Officer,spacy,Chief Executive Officer
Clarus Corp,8-K,Mike Yates,Chairman,spacy,Chair
Clarus Corp,8-K,Neil Fiske,Chairman,spacy,Chair
Clarus Corp,8-K,Warren Kanders,Chairman,spacy,Chair
Clarus Corp,8-K,Mathew Hayward,Chairman,spacy,Chair
Clarus Corp,8-K,Leon Berman,Chief Financial Officer,spacy,Chief Financial Officer
Clarus Corp,8-K,Matt Berkowitz,Chief Financial Officer,spacy,Chief Financial Officer
"GEN Restaurant Group, Inc.",8-K,Tom Croal,Chief Executive Officer,spacy,Chief Executive Officer
"GEN Restaurant Group, Inc.",8-K,Thomas V. Croal,Chief Financial Officer,spacy,Chief Financial Officer
"GEN Restaurant Group, Inc.",8-K,David Kim,Chief Executive Officer,spacy,Chief Executive Officer
"CompoSecure, Inc.",8-K,Jon Wilk,President,spacy,President
"CompoSecure, Inc.",8-K,Steve Squeri,Chairman,spacy,Chair
"CompoSecure, Inc.",8-K,Sachin Mehra,Cfo,spacy,Chief Financial Officer
"CompoSecure, Inc.",8-K,Jeremy Barnum,Cfo,spacy,Chief Financial Officer
AUDIOEYE INC,8-K,James Spolar,General Counsel,spacy,General Counsel
AUDIOEYE INC,8-K,Mike Paciello,Chief Accessibility Officer,spacy,Chief Accessibility Officer
AUDIOEYE INC,8-K,Bill Clinton,President,spacy,President
Amplify Energy Corp.,8-K,Martyn Willsher,President,spacy,President
"COMSCORE, INC.",8-K,Mary Margaret Curry,Chief Financial Officer,spacy,Chief Financial Officer
"COMSCORE, INC.",8-K,Jon Carpenter,Ceo,spacy,Chief Executive Officer
BRC Inc.,8-K,Chris Mondzelewski,Chief Executive Officer,spacy,Chief Executive Officer
BRC Inc.,8-K,Steve Kadenacy,Chief Financial Officer,spacy,Chief Financial Officer
"Hamilton Insurance Group, Ltd.",8-K,Pina Albo,Ceo,spacy,Chief Executive Officer
"Hamilton Insurance Group, Ltd.",8-K,Munich Re Megan,General Counsel,spacy,General Counsel
"Hamilton Insurance Group, Ltd.",8-K,Craig Howie,Ceo,spacy,Chief Executive Officer
"Hamilton Insurance Group, Ltd.",8-K,Anita Kuchma,Cto,spacy,Chief Technology Officer
"Hamilton Insurance Group, Ltd.",8-K,Munich Re,Cto,spacy,Chief Technology Officer
"Hamilton Insurance Group, Ltd.",8-K,Alex Baker,Cto,spacy,Chief Technology Officer
"Hamilton Insurance Group, Ltd.",8-K,Daniel Fisher,Chief Risk Officer,spacy,Chief Risk Officer
TriplePoint Venture Growth BDC Corp.,8-K,Sajal Srivastava,President,spacy,President
TriplePoint Venture Growth BDC Corp.,8-K,Jim Labe,Chairman,spacy,Chair
Victoria's Secret & Co.,8-K,Martin Waters,Chief Executive Officer,spacy,Chief Executive Officer
"Rush Street Interactive, Inc.",8-K,Richard Schwartz,Chief Executive Officer,spacy,Chief Executive Officer
SURF AIR MOBILITY INC.,8-K,Christopher F. Brown,General Counsel,spacy,General Counsel
"Grove Collaborative Holdings, Inc.",8-K,Jeff Yurcisin,Chief Executive Officer,spacy,Chief Executive Officer
"Grove Collaborative Holdings, Inc.",8-K,Jennie Perry,Chief Marketing Officer,spacy,Chief Marketing Officer
"Grove Collaborative Holdings, Inc.",8-K,Chris Clark,Ceo,spacy,Chief Executive Officer
ORTHOPEDIATRICS CORP,8-K,Daniel J. Gerritzen,General Counsel,spacy,General Counsel
ORTHOPEDIATRICS CORP,8-K,David Bailey,President,spacy,President
Whitestone REIT,8-K,Dave Holeman,Chief Executive Officer,spacy,Chief Executive Officer
Whitestone REIT,8-K,David Mordy,Director,spacy,Director
Whitestone REIT,8-K,David F. Taylor,Director,spacy,Director
AIRGAIN INC,8-K,Michael Elbaz,Chief Financial Officer,spacy,Chief Financial Officer
"EXPRESS, INC.",8-K,Stewart Glendinning,Ceo,spacy,Chief Executive Officer
"EXPRESS, INC.",8-K,Bonobos Guideshop,Cto,spacy,Chief Technology Officer
"Intrepid Potash, Inc.",8-K,Matthew D. Preston,Chief Financial Officer,spacy,Chief Financial Officer
"Intrepid Potash, Inc.",8-K,Bob Jornayvaz,Chairman,spacy,Chair
"VIEMED HEALTHCARE, INC.",8-K,Casey Hoyt,Ceo,spacy,Chief Executive Officer
MARIMED INC.,8-K,Jon Levine,Chief Executive Officer,spacy,Chief Executive Officer
MARIMED INC.,8-K,Howard Schacter,Vice President,spacy,Vice President
"Stabilis Solutions, Inc.",8-K,Andrew L. Puhala,Chief Financial Officer,spacy,Chief Financial Officer
"Stabilis Solutions, Inc.",8-K,Andrew Puhala,Chief Financial Officer,spacy,Chief Financial Officer
"Orchestra BioMed Holdings, Inc.",8-K,Andrew Taylor,President,spacy,President
"Orchestra BioMed Holdings, Inc.",8-K,Yuval Mika,President,spacy,President
"Orchestra BioMed Holdings, Inc.",8-K,George Papandreou,President,spacy,President
"Orchestra BioMed Holdings, Inc.",8-K,Bob Laughner,Chief Clinical Officer,spacy,Chief Clinical Officer
Greenpro Capital Corp.,8-K,Kumar Kantilal H. Sheth,Director,spacy,Director
Greenpro Capital Corp.,8-K,Mean Kwong Han,Director,spacy,Director
Greenpro Capital Corp.,8-K,Mean Kwong,Director,spacy,Director
Greenpro Capital Corp.,8-K,Lee Chong,Chief Executive Officer,spacy,Chief Executive Officer
Greenpro Capital Corp.,8-K,Loke Che Chan,Chief Executive Officer,spacy,Chief Executive Officer
Greenpro Capital Corp.,8-K,Sheth Prabodh,Director,spacy,Director
Greenpro Capital Corp.,8-K,Lee Chong Kuang,Director,spacy,Director
Greenpro Capital Corp.,8-K,Kuang Lee Chong,Director,spacy,Director
Greenpro Capital Corp.,8-K,Kumar Kantilal,Chief Executive Officer,spacy,Chief Executive Officer
Greenpro Capital Corp.,8-K,Hulu Kelang,Director,spacy,Director
"Global Water Resources, Inc.",8-K,Michael J. Liebman,Chief Financial Officer,spacy,Chief Financial Officer
"Global Water Resources, Inc.",8-K,Ron Fleming,President,spacy,President
"Global Water Resources, Inc.",8-K,Mike Liebman,Cto,spacy,Chief Technology Officer
"Burlington Stores, Inc.",8-K,David Glick,Vice President,spacy,Vice President
HARVARD BIOSCIENCE INC,8-K,Jim Green,Chairman,spacy,Chair
CIENA CORP,8-K,Gary Smith,President,spacy,President
ALTISOURCE PORTFOLIO SOLUTIONS S.A.,8-K,William B. Shepro,Chairman,spacy,Chair
METHODE ELECTRONICS INC,8-K,Avi Avula,President,spacy,President
METHODE ELECTRONICS INC,8-K,Ronald L. G. Tsoumas,President,spacy,President
METHODE ELECTRONICS INC,8-K,Robert K. Cherry,Vice President,spacy,Vice President
"Neumora Therapeutics, Inc.",8-K,Henry Gosebruch,Chief Executive Officer,spacy,Chief Executive Officer
"Neumora Therapeutics, Inc.",8-K,Joshua Pinto,Chief Financial Officer,spacy,Chief Financial Officer
"Neumora Therapeutics, Inc.",8-K,Robert Lenz,Cto,spacy,Chief Technology Officer
"Neumora Therapeutics, Inc.",8-K,Jason Duncan,Vice President,spacy,Vice President
"Neumora Therapeutics, Inc.",8-K,Kaya Pai Panandiker,Chief Commercial Officer,spacy,Chief Commercial Officer
"Neumora Therapeutics, Inc.",8-K,Pai Panandiker,Chief Commercial Officer,spacy,Chief Commercial Officer
MONEYLION INC.,8-K,Dee Choubey,Chief Executive Officer,spacy,Chief Executive Officer
Drilling Tools International Corp,8-K,Wayne Prejean,Chief Executive Officer,spacy,Chief Executive Officer
Drilling Tools International Corp,8-K,Michael J. Blankenship,Director,spacy,Director
Drilling Tools International Corp,8-K,Michael Ronca,Director,spacy,Director
Drilling Tools International Corp,8-K,G. Troy,Chief Executive Officer,spacy,Chief Executive Officer
Drilling Tools International Corp,8-K,Troy Meier,Chairman,spacy,Chair
"ACORN ENERGY, INC.",8-K,Jan Loeb,Ceo,spacy,Chief Executive Officer
TORO CO,8-K,Angela C. Drake,Vice President,spacy,Vice President
TORO CO,8-K,Richard M. Olson,Chairman,spacy,Chair
"ARS Pharmaceuticals, Inc.",8-K,Richard Lowenthal,President,spacy,President
"ARS Pharmaceuticals, Inc.",8-K,Jonathan Spergel,Chief Executive Officer,spacy,Chief Executive Officer
"ARS Pharmaceuticals, Inc.",8-K,Eric Karas,Chief Commercial Officer,spacy,Chief Commercial Officer
"ARS Pharmaceuticals, Inc.",8-K,Thomas B. Casale,Chief Commercial Officer,spacy,Chief Commercial Officer
"ARS Pharmaceuticals, Inc.",8-K,Jonathan M. Spergel,Unknown,spacy,Unknown
"ARS Pharmaceuticals, Inc.",8-K,Rev Clin Immunol,Cto,spacy,Chief Technology Officer
"ARS Pharmaceuticals, Inc.",8-K,Proven Triad,Ceo,spacy,Chief Executive Officer
"Biomea Fusion, Inc.",8-K,Thomas Butler,Unknown,spacy,Unknown
"Biomea Fusion, Inc.",8-K,Chunyi Zhao,Director,spacy,Director
"Biomea Fusion, Inc.",8-K,Neera Chaudhary,Director,spacy,Director
MACROGENICS INC,8-K,Jeffrey Peters,Vice President,spacy,Vice President
MACROGENICS INC,8-K,Jim Karrels,Vice President,spacy,Vice President
"American Outdoor Brands, Inc.",8-K,Brian Murphy,President,spacy,President
"American Outdoor Brands, Inc.",8-K,Andrew Fulmer,Chief Financial Officer,spacy,Chief Financial Officer
ALX ONCOLOGY HOLDINGS INC,8-K,Jason Lettmann,Chief Executive Officer,spacy,Chief Executive Officer
ALX ONCOLOGY HOLDINGS INC,8-K,Jaume Pons,Ceo,spacy,Chief Executive Officer
"Poseida Therapeutics, Inc.",8-K,Johanna M. Mylet,Chief Financial Officer,spacy,Chief Financial Officer
"Poseida Therapeutics, Inc.",8-K,Kristin Yarema,President,spacy,President
"Poseida Therapeutics, Inc.",8-K,Alexander Chapman,Vice President,spacy,Vice President
"Poseida Therapeutics, Inc.",8-K,Brent Warner,President,spacy,President
"Poseida Therapeutics, Inc.",8-K,Sarah Thailing,Vice President,spacy,Vice President
CHICAGO RIVET & MACHINE CO,8-K,Karen G. Ong,Director,spacy,Director
"Marvell Technology, Inc.",8-K,Willem Meintjes,Chief Financial Officer,spacy,Chief Financial Officer
"Marvell Technology, Inc.",8-K,Matt Murphy,Chairman,spacy,Chair
CareView Communications Inc,8-K,Steven G. Johnson,Chief Executive Officer,spacy,Chief Executive Officer
"CarParts.com, Inc.",8-K,Ryan Lockwood,Chief Financial Officer,spacy,Chief Financial Officer
"CarParts.com, Inc.",8-K,David Meniane,Ceo,spacy,Chief Executive Officer
"CarParts.com, Inc.",8-K,Michael Huffaker,Ceo,spacy,Chief Executive Officer
"IGM Biosciences, Inc.",8-K,Fred Schwarzer,Chief Executive Officer,spacy,Chief Executive Officer
Samsara Inc.,8-K,Adam Eltoukhy,Vice President,spacy,Vice President
Samsara Inc.,8-K,Sanjit Biswas,Ceo,spacy,Chief Executive Officer
"Traeger, Inc.",8-K,Jeremy Andrus,Ceo,spacy,Chief Executive Officer
"Traeger, Inc.",8-K,Traeger Traeger Grills,Coo,spacy,Chief Operating Officer
"Viracta Therapeutics, Inc.",8-K,Mark Rothera,Cto,spacy,Chief Technology Officer
"Viracta Therapeutics, Inc.",8-K,Dan Chevallard,Chief Operating Officer,spacy,Chief Operating Officer
"Viracta Therapeutics, Inc.",8-K,Daniel Chevallard,Chief Operating Officer,spacy,Chief Operating Officer
NOODLES & Co,8-K,Drew Madsen,Director,spacy,Director
NOODLES & Co,8-K,Branden Berns,General Counsel,spacy,General Counsel
NEPHROS INC,8-K,Kirin Smith,President,spacy,President
NEPHROS INC,8-K,Lackawanna Place,Chief Financial Officer,spacy,Chief Financial Officer
ESCALADE INC,8-K,Anita Sehgal,Director,spacy,Director
Cherry Hill Mortgage Investment Corp,8-K,Jay Lown,President,spacy,President
Cherry Hill Mortgage Investment Corp,8-K,Michael Hutchby,Chief Financial Officer,spacy,Chief Financial Officer
GAP INC,8-K,Richard Dickson,President,spacy,President
"Custom Truck One Source, Inc.",8-K,Christopher J. Eperjesy,Chief Financial Officer,spacy,Chief Financial Officer
Oil-Dri Corp of America,8-K,Laura G. Scheland,Vice President,spacy,Vice President
"Guidewire Software, Inc.",8-K,Mike Rosenbaum,Chief Executive Officer,spacy,Chief Executive Officer
OppFi Inc.,8-K,Pamela D. Johnson,Chief Financial Officer,spacy,Chief Financial Officer
OppFi Inc.,8-K,Todd Schwartz,Chairman,spacy,Chair
"NCS Multistage Holdings, Inc.",8-K,Mike Morrison Mike,Chief Financial Officer,spacy,Chief Financial Officer
"NCS Multistage Holdings, Inc.",8-K,Ryan Hummer,Chief Executive Officer,spacy,Chief Executive Officer
"NCS Multistage Holdings, Inc.",8-K,Mike Morrison,Chief Financial Officer,spacy,Chief Financial Officer
Markforged Holding Corp,8-K,Shai Terem,Cto,spacy,Chief Technology Officer
Markforged Holding Corp,8-K,Austin Bohlig,Director,spacy,Director
Markforged Holding Corp,8-K,Markforged Markforged,Cto,spacy,Chief Technology Officer
Markforged Holding Corp,8-K,Sam Manning,Director,spacy,Director
Inspirato Inc,8-K,Eric Grosse,Chief Executive Officer,spacy,Chief Executive Officer
Inspirato Inc,8-K,Robert Kaiden,Chief Financial Officer,spacy,Chief Financial Officer
Inspirato Inc,8-K,Eric Grossa,Ceo,spacy,Chief Executive Officer
Inspirato Inc,8-K,Robert K.,Ceo,spacy,Chief Executive Officer
"Mission Produce, Inc.",8-K,Steve Barnard,President,spacy,President
"Mission Produce, Inc.",8-K,John Pawlowski,President,spacy,President
"Mission Produce, Inc.",8-K,Stephen J. Barnard,President,spacy,President
PREFORMED LINE PRODUCTS CO,8-K,Rob Ruhlman,Chairman,spacy,Chair
JOINT Corp,8-K,Peter D. Holt,President,spacy,President
JOINT Corp,8-K,Nationwide Brand,Coo,spacy,Chief Operating Officer
JOINT Corp,8-K,Jake Singleton,Cfo,spacy,Chief Financial Officer
TEAM INC,8-K,Nelson M.,Chief Financial Officer,spacy,Chief Financial Officer
TEAM INC,8-K,Keith D. Tucker,Chief Executive Officer,spacy,Chief Executive Officer
"Rivulet Entertainment, Inc.",8-K,Michael Witherill,President,spacy,President
COFFEE HOLDING CO INC,8-K,Joseph Nelson,President,spacy,President
"Red Violet, Inc.",8-K,Derek Dubner,Chief Executive Officer,spacy,Chief Executive Officer
"Red Violet, Inc.",8-K,James Reilly,President,spacy,President
"Red Violet, Inc.",8-K,Jeff Dell,Cfo,spacy,Chief Financial Officer
"Red Violet, Inc.",8-K,Angus Macnab,Cto,spacy,Chief Technology Officer
"Red Violet, Inc.",8-K,Margy Grant,Ceo,spacy,Chief Executive Officer
"Red Violet, Inc.",8-K,John Gormley,Ceo,spacy,Chief Executive Officer
"Xtant Medical Holdings, Inc.",8-K,Sean Browne,President,spacy,President
"Xtant Medical Holdings, Inc.",8-K,Tom Letscher,Unknown,spacy,Unknown
"Nine Energy Service, Inc.",8-K,Ann Fox,President,spacy,President
DBV Technologies S.A.,8-K,Viaskin Peanut,Director,spacy,Director
DBV Technologies S.A.,8-K,Kevin Malobisky,Chief Financial Officer,spacy,Chief Financial Officer
DXP ENTERPRISES INC,8-K,David Molero,Vice President,spacy,Vice President
Star Alliance International Corp.,8-K,Anthony L. Anish,Chief Financial Officer,spacy,Chief Financial Officer
"Lazydays Holdings, Inc.",8-K,Kelly Porter,Chief Financial Officer,spacy,Chief Financial Officer
DIXIE GROUP INC,8-K,Allen Danzey,Chief Financial Officer,spacy,Chief Financial Officer
DIXIE GROUP INC,8-K,Daniel K. Frierson,Chairman,spacy,Chair
Ovid Therapeutics Inc.,8-K,Thomas M. Perone,General Counsel,spacy,General Counsel
Ovid Therapeutics Inc.,8-K,Jeremy Levin,Chairman,spacy,Chair
Ovid Therapeutics Inc.,8-K,D. Phil,Chairman,spacy,Chair
Structure Therapeutics Inc.,8-K,Raymond Stevens,Ceo,spacy,Chief Executive Officer
CPS TECHNOLOGIES CORP/DE/,8-K,Brian Mackey,President,spacy,President
CPS TECHNOLOGIES CORP/DE/,8-K,Charles K. Griffith,Chief Financial Officer,spacy,Chief Financial Officer
"Twin Vee PowerCats, Co.",8-K,Carrie Gunnerson,Cto,spacy,Chief Technology Officer
"Twin Vee PowerCats, Co.",8-K,Jim Leffew,Chief Executive Officer,spacy,Chief Executive Officer
MAUI LAND & PINEAPPLE CO INC,8-K,Wade K. Kodama,Chief Financial Officer,spacy,Chief Financial Officer
"Strawberry Fields REIT, Inc.",8-K,Strawberry Fields,Director,spacy,Director
"Free Flow USA, Inc.",8-K,Sabir Saleem,Ceo,spacy,Chief Executive Officer
AMREP CORP.,8-K,Adrienne M. Uleau,Vice President,spacy,Vice President
GE Vernova Inc.,8-K,Kenneth Parks,Director,spacy,Director
GE Vernova Inc.,8-K,Steven Baert,President,spacy,President
GE Vernova Inc.,8-K,Jessica Uhl,Director,spacy,Director
GE Vernova Inc.,8-K,Nicholas Akins,Chief Executive Officer,spacy,Chief Executive Officer
GE Vernova Inc.,8-K,Stephen Angel,Cto,spacy,Chief Technology Officer
GE Vernova Inc.,8-K,Arnold Donald,General Counsel,spacy,General Counsel
GE Vernova Inc.,8-K,Matthew Harris,General Counsel,spacy,General Counsel
GE Vernova Inc.,8-K,Jesus Malave,Chief People Officer,spacy,Chief People Officer
GE Vernova Inc.,8-K,Paula Rosput,Director,spacy,Director
GE Vernova Inc.,8-K,Kim Rucker,Director,spacy,Director
GE Vernova Inc.,8-K,Victor Abate,Cto,spacy,Chief Technology Officer
GE Vernova Inc.,8-K,Foster Farms,President,spacy,President
GE Vernova Inc.,8-K,Paula Rosput Reynolds,Director,spacy,Director
"CARGO Therapeutics, Inc.",8-K,Gina Chapman,Chief Executive Officer,spacy,Chief Executive Officer
"Bancorp 34, Inc.",8-K,Jim Crotty,President,spacy,President
"Bancorp 34, Inc.",8-K,Kevin Vaughn,Chief Financial Officer,spacy,Chief Financial Officer
Fortrea Holdings Inc.,8-K,Sam Osman,President,spacy,President
Fortrea Holdings Inc.,8-K,Tom Pike,Chairman,spacy,Chair
Fortrea Holdings Inc.,8-K,Gene Gorbach,Director,spacy,Director
Fortrea Holdings Inc.,8-K,Smith Anderson,Unknown,spacy,Unknown
Investcorp Europe Acquisition Corp I,8-K,Century Yard,Chief Executive Officer,spacy,Chief Executive Officer
Investcorp Europe Acquisition Corp I,8-K,George Town,Chief Executive Officer,spacy,Chief Executive Officer
"LEXICON PHARMACEUTICALS, INC.",8-K,David P. Oelman,General Counsel,spacy,General Counsel
"LEXICON PHARMACEUTICALS, INC.",8-K,Brian T. Crum,Vice President,spacy,Vice President
"LEXICON PHARMACEUTICALS, INC.",8-K,Craig Granowitz,Cto,spacy,Chief Technology Officer
"LEXICON PHARMACEUTICALS, INC.",8-K,Michael J. Davies,Cto,spacy,Chief Technology Officer
"ACELYRIN, Inc.",8-K,Gil M. Labrucherie,Chief Financial Officer,spacy,Chief Financial Officer
"ACELYRIN, Inc.",8-K,Philip Mease,Director,spacy,Director
"ACELYRIN, Inc.",8-K,Kim Papp,President,spacy,President
OPAL Fuels Inc.,8-K,Opal Fuels,Unknown,spacy,Unknown
OPAL Fuels Inc.,8-K,Opal Parent,Unknown,spacy,Unknown
OPAL Fuels Inc.,8-K,Sight Draft,Unknown,spacy,Unknown
"NewLake Capital Partners, Inc.",8-K,Jarrett Annenberg,Chief Executive Officer,spacy,Chief Executive Officer
"NewLake Capital Partners, Inc.",8-K,Alan Carr,Director,spacy,Director
"NewLake Capital Partners, Inc.",8-K,Joyce Johnson,Director,spacy,Director
"NewLake Capital Partners, Inc.",8-K,Peter Kadens,Director,spacy,Director
"NewLake Capital Partners, Inc.",8-K,Peter Martay,Director,spacy,Director
"NewLake Capital Partners, Inc.",8-K,David Weinstein,Director,spacy,Director
"NewLake Capital Partners, Inc.",8-K,David Boies,Cto,spacy,Chief Technology Officer
DYADIC INTERNATIONAL INC,8-K,Mark Emalfarb,President,spacy,President
Rigel Resource Acquisition Corp.,8-K,Dov Lader,Director,spacy,Director
Rigel Resource Acquisition Corp.,8-K,Abigail Taliep,Director,spacy,Director
Rigel Resource Acquisition Corp.,8-K,Caroline Roosje,Director,spacy,Director
Rigel Resource Acquisition Corp.,8-K,Expenses Cap,Director,spacy,Director
Rigel Resource Acquisition Corp.,8-K,Nathanael Abebe,Chief Executive Officer,spacy,Chief Executive Officer
Rigel Resource Acquisition Corp.,8-K,Richard Floyd,Chief Executive Officer,spacy,Chief Executive Officer
Rigel Resource Acquisition Corp.,8-K,Jon Lamb,Chief Executive Officer,spacy,Chief Executive Officer
Rigel Resource Acquisition Corp.,8-K,Nate Abebe,President,spacy,President
Rigel Resource Acquisition Corp.,8-K,Oskar Le,Ceo,spacy,Chief Executive Officer
Rigel Resource Acquisition Corp.,8-K,Timothy Keating Independent Dire,Cto,spacy,Chief Technology Officer
"Koil Energy Solutions, Inc.",8-K,Charles Njuguna,President,spacy,President
"Koil Energy Solutions, Inc.",8-K,Erik Wiik,Director,spacy,Director
"Koil Energy Solutions, Inc.",8-K,Charles K. Njuguna,President,spacy,President
"Koil Energy Solutions, Inc.",8-K,David Douglas,Chairman,spacy,Chair
"Koil Energy Solutions, Inc.",8-K,David J. Douglas,Chairman,spacy,Chair
CORE MOLDING TECHNOLOGIES INC,8-K,David Duvall,Chief Executive Officer,spacy,Chief Executive Officer
"Propanc Biopharma, Inc.",8-K,Edward Deese,Ceo,spacy,Chief Executive Officer
"WORLD HEALTH ENERGY HOLDINGS, INC.",8-K,Giora Rozensweig,Chief Executive Officer,spacy,Chief Executive Officer
Ranpak Holdings Corp.,8-K,William Drew,Vice President,spacy,Vice President
Ranpak Holdings Corp.,8-K,Omar Asali,Chairman,spacy,Chair
"Olema Pharmaceuticals, Inc.",8-K,Geoffrey Mogilner,Vice President,spacy,Vice President
"Olema Pharmaceuticals, Inc.",8-K,Shane Kovacs,Unknown,spacy,Unknown
"Olema Pharmaceuticals, Inc.",8-K,Sean P. Bohen,President,spacy,President
"Asana, Inc.",8-K,Dustin Moskovitz,Chief Executive Officer,spacy,Chief Executive Officer
ORACLE CORP,8-K,Maria Smith,Vice President,spacy,Vice President
ORACLE CORP,8-K,Deborah Hellinger,Unknown,spacy,Unknown
ORACLE CORP,8-K,Safra Catz,Ceo,spacy,Chief Executive Officer
ORACLE CORP,8-K,Larry Ellison,Chairman,spacy,Chair
FEDEX CORP,8-K,Robert B. Carter,Vice President,spacy,Vice President
FEDEX CORP,8-K,Sriram Krishnasamy,Vice President,spacy,Vice President
"PLAYSTUDIOS, Inc.",8-K,Andrew Pascal,Chairman,spacy,Chair
"Caribou Biosciences, Inc.",8-K,Rachel Haurwitz,President,spacy,President
"NIKE, Inc.",8-K,Matthew Friend,Vice President,spacy,Vice President
CASEYS GENERAL STORES INC,8-K,Darren Rebelez,Chairman,spacy,Chair
"Smart Sand, Inc.",8-K,Charles Young,Chief Executive Officer,spacy,Chief Executive Officer
"Smart Sand, Inc.",8-K,Lee Beckelman,Chief Financial Officer,spacy,Chief Financial Officer
Principal Real Estate Income Fund,8-K,Ernest J. Scalberg,Cto,spacy,Chief Technology Officer
Principal Real Estate Income Fund,8-K,Jerry G. Rutledge,Chairman,spacy,Chair
Principal Real Estate Income Fund,8-K,Jeremy Held,Chairman,spacy,Chair
NATURES SUNSHINE PRODUCTS INC,8-K,Terrence O. Moorehead,Director,spacy,Director
NATURES SUNSHINE PRODUCTS INC,8-K,L. Shane Jones,Chief Financial Officer,spacy,Chief Financial Officer
NATURES SUNSHINE PRODUCTS INC,8-K,Martin Gonzalez,Vice President,spacy,Vice President
NATURES SUNSHINE PRODUCTS INC,8-K,Nathan G. Brower,Vice President,spacy,Vice President
"XWELL, Inc.",8-K,Ezra Ernst,Ceo,spacy,Chief Executive Officer
"Blade Air Mobility, Inc.",8-K,Rob Wiesenthal,Chief Executive Officer,spacy,Chief Executive Officer
"Blade Air Mobility, Inc.",8-K,Will Heyburn,Chief Financial Officer,spacy,Chief Financial Officer
"Ascend Wellness Holdings, Inc.",8-K,John Hartmann,Chief Executive Officer,spacy,Chief Executive Officer
"Ascend Wellness Holdings, Inc.",8-K,Mark Cassebaum,Chief Executive Officer,spacy,Chief Executive Officer
"Ascend Wellness Holdings, Inc.",8-K,Chris Holzer,Chief Financial Officer,spacy,Chief Financial Officer
"Ascend Wellness Holdings, Inc.",8-K,Rick Wilkins,Chief Financial Officer,spacy,Chief Financial Officer
"Ascend Wellness Holdings, Inc.",8-K,Denise Pedulla,Chief Legal Officer,spacy,Chief Legal Officer
"Ascend Wellness Holdings, Inc.",8-K,Melissa Feck,Chief Legal Officer,spacy,Chief Legal Officer
"LIFETIME BRANDS, INC",8-K,Laurence Winoker,Chief Financial Officer,spacy,Chief Financial Officer
"PLBY Group, Inc.",8-K,Ben Kohn,Chief Executive Officer,spacy,Chief Executive Officer
"ATOSSA THERAPEUTICS, INC.",8-K,Tessa Cigler,Director,spacy,Director
"ATOSSA THERAPEUTICS, INC.",8-K,Steven Quay,Director,spacy,Director
"Inozyme Pharma, Inc.",8-K,Matt Pera,Director,spacy,Director
Li-Cycle Holdings Corp.,8-K,Tim Johnston,Chief Executive Officer,spacy,Chief Executive Officer
Li-Cycle Holdings Corp.,8-K,Justin Lee,Unknown,spacy,Unknown
Li-Cycle Holdings Corp.,8-K,C. Switzerland,Unknown,spacy,Unknown
Li-Cycle Holdings Corp.,8-K,Nitin Konchady,General Counsel,spacy,General Counsel
Li-Cycle Holdings Corp.,8-K,Susan Alban,Director,spacy,Director
Li-Cycle Holdings Corp.,8-K,Jacqueline Dedo,Director,spacy,Director
Li-Cycle Holdings Corp.,8-K,Anthony Tse,Director,spacy,Director
Li-Cycle Holdings Corp.,8-K,Mark Wellings,Director,spacy,Director
Li-Cycle Holdings Corp.,8-K,Diane Pearse,Director,spacy,Director
Li-Cycle Holdings Corp.,8-K,Mark Kristoff,Director,spacy,Director
"Hudson Global, Inc.",8-K,Jeff Eberwein,Ceo,spacy,Chief Executive Officer
MICROPAC INDUSTRIES INC,8-K,Mark King,Chief Executive Officer,spacy,Chief Executive Officer
Quest Resource Holding Corp,8-K,Daniel Friedberg,Director,spacy,Director
"Allbirds, Inc.",8-K,Joey Zwillinger,Ceo,spacy,Chief Executive Officer
"Allbirds, Inc.",8-K,Joseph Zwillinger,Cto,spacy,Chief Technology Officer
"Allbirds, Inc.",8-K,Joe Vernachio,President,spacy,President
"Allbirds, Inc.",8-K,Richard Boyce,Director,spacy,Director
"Allbirds, Inc.",8-K,Joe Vernachio Appointed,Coo,spacy,Chief Operating Officer
"CLOVER HEALTH INVESTMENTS, CORP. /DE",8-K,Andrew Toy,Ceo,spacy,Chief Executive Officer
TRANSACT TECHNOLOGIES INC,8-K,John Dillon,Chief Executive Officer,spacy,Chief Executive Officer
FLOTEK INDUSTRIES INC/CN/,8-K,Ryan Ezell,Chief Executive Officer,spacy,Chief Executive Officer
P3 Health Partners Inc.,8-K,Atul Kavthekar,Chief Financial Officer,spacy,Chief Financial Officer
"APPLIED ENERGETICS, INC.",8-K,Gregory J. Quarles Gregory,President,spacy,President
"APPLIED ENERGETICS, INC.",8-K,J. Quarles,President,spacy,President
"Identiv, Inc.",8-K,Steven Humphreys,Ceo,spacy,Chief Executive Officer
"Laird Superfood, Inc.",8-K,Jason Vieth,Chief Executive Officer,spacy,Chief Executive Officer
"Laird Superfood, Inc.",8-K,Laird Superfood,Chief Financial Officer,spacy,Chief Financial Officer
"FiscalNote Holdings, Inc.",8-K,Tim Hwang,Chairman,spacy,Chair
EASTERN CO,8-K,Mark Hernandez,President,spacy,President
PHX MINERALS INC.,8-K,Chad L. Stephens,Chief Executive Officer,spacy,Chief Executive Officer
PHX MINERALS INC.,8-K,Gross Wells,Coo,spacy,Chief Operating Officer
PHX MINERALS INC.,8-K,Haynesville Other Total,Coo,spacy,Chief Operating Officer
PHX MINERALS INC.,8-K,Jeff Grampp,President,spacy,President
PHX MINERALS INC.,8-K,Chad Stephens,President,spacy,President
PHX MINERALS INC.,8-K,Mark T. Behrman,Director,spacy,Director
PHX MINERALS INC.,8-K,Glen A. Brown,Director,spacy,Director
PHX MINERALS INC.,8-K,Lee M. Canaan,Director,spacy,Director
PHX MINERALS INC.,8-K,Steven L. Packebush,Director,spacy,Director
PHX MINERALS INC.,8-K,John H. Pinkerton,Director,spacy,Director
PHX MINERALS INC.,8-K,Bakken Stack,Coo,spacy,Chief Operating Officer
"ThermoGenesis Holdings, Inc.",8-K,Haihong Zhu,Cto,spacy,Chief Technology Officer
"CalEthos, Inc.",8-K,Sean Fontenot,Director,spacy,Director
Epsilon Energy Ltd.,8-K,Andrew Williamson,President,spacy,President
Epsilon Energy Ltd.,8-K,Henry Clanton,Unknown,spacy,Unknown
Epsilon Energy Ltd.,8-K,J. Andrew Williamson,Chief Financial Officer,spacy,Chief Financial Officer
"Imunon, Inc.",8-K,Le Goff,President,spacy,President
"Imunon, Inc.",8-K,Michael H. Tardugno,Chief Executive Officer,spacy,Chief Executive Officer
"Imunon, Inc.",8-K,Kim Sutton Golodetz,Vice President,spacy,Vice President
"INTERPACE BIOSCIENCES, INC.",8-K,Tom Burnell,Chief Financial Officer,spacy,Chief Financial Officer
"WideOpenWest, Inc.",8-K,John Rego,Chief Financial Officer,spacy,Chief Financial Officer
"WideOpenWest, Inc.",8-K,Teresa Elder,Ceo,spacy,Chief Executive Officer
"Entrada Therapeutics, Inc.",8-K,Dipal Doshi,Chief Executive Officer,spacy,Chief Executive Officer
"Entrada Therapeutics, Inc.",8-K,Doshi Dipal,Chief Executive Officer,spacy,Chief Executive Officer
"Entrada Therapeutics, Inc.",8-K,Nathan Dowden,Chief Operating Officer,spacy,Chief Operating Officer
"Entrada Therapeutics, Inc.",8-K,Kevin Healy,Vice President,spacy,Vice President
"Entrada Therapeutics, Inc.",8-K,Marie Rosenfeld,Vice President,spacy,Vice President
"Protara Therapeutics, Inc.",8-K,Jesse Shefferman,Chief Executive Officer,spacy,Chief Executive Officer
Leatt Corp,8-K,Sean Macdonald,Chief Executive Officer,spacy,Chief Executive Officer
Leatt Corp,8-K,Christopher Leatt,Chairman,spacy,Chair
"Aadi Bioscience, Inc.",8-K,Dave Lennon,President,spacy,President
"IGC Pharma, Inc.",8-K,Terry Lierman,Director,spacy,Director
"IGC Pharma, Inc.",8-K,Ram Mukunda,Ceo,spacy,Chief Executive Officer
ALPHA PRO TECH LTD,8-K,Lloyd Hoffman,President,spacy,President
Enservco Corp,8-K,Richard A. Murphy,Ceo,spacy,Chief Executive Officer
Enservco Corp,8-K,Rich Murphy,Chairman,spacy,Chair
"Fossil Group, Inc.",8-K,Kevin Mansell,Chief Executive Officer,spacy,Chief Executive Officer
"Fossil Group, Inc.",8-K,Jeffrey Boyer,Chief Executive Officer,spacy,Chief Executive Officer
"Fossil Group, Inc.",8-K,Participants Fossil,Director,spacy,Director
scPharmaceuticals Inc.,8-K,John Tucker,President,spacy,President
"PagerDuty, Inc.",8-K,Jennifer Tejada,Cto,spacy,Chief Technology Officer
"FTC Solar, Inc.",8-K,Shaker Sadasivam,Chairman,spacy,Chair
"FTC Solar, Inc.",8-K,Bill Michalek,Vice President,spacy,Vice President
"SPRUCE BIOSCIENCES, INC.",8-K,Samir Gharib,President,spacy,President
"SPRUCE BIOSCIENCES, INC.",8-K,Javier Szwarcberg,Chief Executive Officer,spacy,Chief Executive Officer
"SentinelOne, Inc.",8-K,David Bernhardt,Chief Financial Officer,spacy,Chief Financial Officer
"SentinelOne, Inc.",8-K,Tomer Weingarten,Ceo,spacy,Chief Executive Officer
"SentinelOne, Inc.",8-K,Dave Bernhardt,Cfo,spacy,Chief Financial Officer
"SentinelOne, Inc.",8-K,Google Cloud,Cto,spacy,Chief Technology Officer
"SentinelOne, Inc.",8-K,Tomer Weingarten Dave Bernhardt,Ceo,spacy,Chief Executive Officer
"UiPath, Inc.",8-K,Brad Brubaker,Chief Legal Officer,spacy,Chief Legal Officer
"UiPath, Inc.",8-K,Rob Enslin,Chief Executive Officer,spacy,Chief Executive Officer
"UiPath, Inc.",8-K,Ashim Gupta,Chief Financial Officer,spacy,Chief Financial Officer
"UiPath, Inc.",8-K,Daniel Dines,Chief Innovation Officer,spacy,Chief Innovation Officer
"KORU Medical Systems, Inc.",8-K,Linda Tharby,President,spacy,President
Turtle Beach Corp,8-K,Cris Keirn,Chief Executive Officer,spacy,Chief Executive Officer
Turtle Beach Corp,8-K,John Hanson,Chief Executive Officer,spacy,Chief Executive Officer
Logan Ridge Finance Corp.,8-K,Brandon Satoren,Cto,spacy,Chief Technology Officer
LENNAR CORP /NEW/,8-K,Stuart Miller,Chairman,spacy,Chair
LENNAR CORP /NEW/,8-K,Jon Jaffe,Chief Executive Officer,spacy,Chief Executive Officer
PROFIRE ENERGY INC,8-K,Ryan Oviatt,Chief Executive Officer,spacy,Chief Executive Officer
PROFIRE ENERGY INC,8-K,Cameron Tidball,Ceo,spacy,Chief Executive Officer
Solventum Corp,8-K,Bryan Hanson,Chief Executive Officer,spacy,Chief Executive Officer
Solventum Corp,8-K,Welch Allyn,Cto,spacy,Chief Technology Officer
Solventum Corp,8-K,Marcela Kirberger,Unknown,spacy,Unknown
Solventum Corp,8-K,Lowenstein Sandler,Chief Compliance Officer,spacy,Chief Compliance Officer
Solventum Corp,8-K,Pontificia Universidad Javeriana,Director,spacy,Director
Solventum Corp,8-K,Glenn A. Eisenberg,Director,spacy,Director
Solventum Corp,8-K,Karen J. May,Director,spacy,Director
Solventum Corp,8-K,Elizabeth A. Mily,Director,spacy,Director
Solventum Corp,8-K,Thermo Fisher,Cto,spacy,Chief Technology Officer
Solventum Corp,8-K,John H. Weiland,Director,spacy,Director
Solventum Corp,8-K,Amy A. Wendell,Director,spacy,Director
Solventum Corp,8-K,Darryl L. Wilson,Director,spacy,Director
Solventum Corp,8-K,Karen May,Unknown,spacy,Unknown
Solventum Corp,8-K,Darryl Wilson,Director,spacy,Director
Solventum Corp,8-K,Amy Wendell,Director,spacy,Director
Solventum Corp,8-K,Bryan C. Hanson,President,spacy,President
Solventum Corp,8-K,Bair Hugger,Cto,spacy,Chief Technology Officer
"Limbach Holdings, Inc.",8-K,Jay Sharp,President,spacy,President
"Limbach Holdings, Inc.",8-K,Jake Marshall,President,spacy,President
"Limbach Holdings, Inc.",8-K,Nick Angerosa,President,spacy,President
"Limbach Holdings, Inc.",8-K,Harper Limbach,President,spacy,President
"Limbach Holdings, Inc.",8-K,Joining Harper,President,spacy,President
"Limbach Holdings, Inc.",8-K,Matt Katz,Vice President,spacy,Vice President
"Limbach Holdings, Inc.",8-K,Dominick Traina,Vice President,spacy,Vice President
"Limbach Holdings, Inc.",8-K,Laurel Krzeminski,Chief Financial Officer,spacy,Chief Financial Officer
"Limbach Holdings, Inc.",8-K,Gordon Pratt,Director,spacy,Director
"Limbach Holdings, Inc.",8-K,Norbert Young,Vice President,spacy,Vice President
"Limbach Holdings, Inc.",8-K,Linda Alvarado,President,spacy,President
"Limbach Holdings, Inc.",8-K,Linda G. Alvarado,President,spacy,President
Catalyst Crew Technologies Corp.,8-K,Gurneet Kaur,President,spacy,President
"Protalix BioTherapeutics, Inc.",8-K,Eliot Richard Forster,Chairman,spacy,Chair
"Protalix BioTherapeutics, Inc.",8-K,Zeev Bronfeld,Chairman,spacy,Chair
"GoHealth, Inc.",8-K,Vijay Kotte,Ceo,spacy,Chief Executive Officer
"GoHealth, Inc.",8-K,Jason Schulz,Cfo,spacy,Chief Financial Officer
"Monte Rosa Therapeutics, Inc.",8-K,Markus Warmuth,Chief Executive Officer,spacy,Chief Executive Officer
"Monte Rosa Therapeutics, Inc.",8-K,Monte Rosa,Cto,spacy,Chief Technology Officer
"Monte Rosa Therapeutics, Inc.",8-K,Edmund Dunn,Unknown,spacy,Unknown
"Monte Rosa Therapeutics, Inc.",8-K,Filip Janku,Chief Medical Officer,spacy,Chief Medical Officer
"Monte Rosa Therapeutics, Inc.",8-K,John Castle,Chief Medical Officer,spacy,Chief Medical Officer
"Monte Rosa Therapeutics, Inc.",8-K,Sharon Townson,Chief Medical Officer,spacy,Chief Medical Officer
"Monte Rosa Therapeutics, Inc.",8-K,Owen Wallace,Chief Executive Officer,spacy,Chief Executive Officer
"Monte Rosa Therapeutics, Inc.",8-K,Phil Nickson,Chief Technology Officer,spacy,Chief Technology Officer
SecureWorks Corp,8-K,Wendy Thomas,Ceo,spacy,Chief Executive Officer
"DICK'S SPORTING GOODS, INC.",8-K,Nate Gilch,Director,spacy,Director
"Cullinan Therapeutics, Inc.",8-K,Nadim Ahmed,Chief Executive Officer,spacy,Chief Executive Officer
"Cullinan Therapeutics, Inc.",8-K,Jeffrey Trigilio,Chief Financial Officer,spacy,Chief Financial Officer
"Cullinan Therapeutics, Inc.",8-K,Jeff Trigilio,Chief Financial Officer,spacy,Chief Financial Officer
"NovaBay Pharmaceuticals, Inc.",8-K,Material Customer,Cto,spacy,Chief Technology Officer
"NovaBay Pharmaceuticals, Inc.",8-K,Buyer Indemnitees,Cto,spacy,Chief Technology Officer
"NovaBay Pharmaceuticals, Inc.",8-K,Audrey Kunin,Cto,spacy,Chief Technology Officer
"NovaBay Pharmaceuticals, Inc.",8-K,Justin Hall,Ceo,spacy,Chief Executive Officer
"NovaBay Pharmaceuticals, Inc.",8-K,Jody Cain,Chief Executive Officer,spacy,Chief Executive Officer
Cuentas Inc.,8-K,Shalom Arik Maimon,Chief Executive Officer,spacy,Chief Executive Officer
Cuentas Inc.,8-K,Bruce K. Terwilliger,Coo,spacy,Chief Operating Officer
Cuentas Inc.,8-K,Boris Tabak,President,spacy,President
Cuentas Inc.,8-K,Arik Maimon,President,spacy,President
Global Star Acquisition Inc.,8-K,Nicholas Khoo,Chairman,spacy,Chair
Global Star Acquisition Inc.,8-K,Shan Cui,Chairman,spacy,Chair
"Co-Diagnostics, Inc.",8-K,Ivory Chang,Unknown,spacy,Unknown
"Co-Diagnostics, Inc.",8-K,Dwight Egan,Chief Executive Officer,spacy,Chief Executive Officer
aTYR PHARMA INC,8-K,Ashlee Dunston,Director,spacy,Director
aTYR PHARMA INC,8-K,Wayne A. I. Frederick,President,spacy,President
"Phreesia, Inc.",8-K,Hilary Hatch,Chief Clinical Officer,spacy,Chief Clinical Officer
"Kezar Life Sciences, Inc.",8-K,Chris Kirk,Chief Executive Officer,spacy,Chief Executive Officer
"Kezar Life Sciences, Inc.",8-K,Gitanjali Jain,Vice President,spacy,Vice President
"ONE Group Hospitality, Inc.",8-K,Tyler Loy,Chief Financial Officer,spacy,Chief Financial Officer
"Ulta Beauty, Inc.",8-K,Dave Kimbell,Chief Executive Officer,spacy,Chief Executive Officer
"Ulta Beauty, Inc.",8-K,Kiley Rawlins,Vice President,spacy,Vice President
"Blend Labs, Inc.",8-K,Amir Jafari,Unknown,spacy,Unknown
"IN8BIO, INC.",8-K,William Ho,Ceo,spacy,Chief Executive Officer
"Enliven Therapeutics, Inc.",8-K,Sam Kintz,Chief Executive Officer,spacy,Chief Executive Officer
JONES SODA CO,8-K,Victor Petrone,Cto,spacy,Chief Technology Officer
JONES SODA CO,8-K,Kona Grill,Cto,spacy,Chief Technology Officer
JONES SODA CO,8-K,Jones Soda,President,spacy,President
JONES SODA CO,8-K,Mary Jones,President,spacy,President
JONES SODA CO,8-K,Eric Chastain,Coo,spacy,Chief Operating Officer
JONES SODA CO,8-K,Eric Bittner,Coo,spacy,Chief Operating Officer
JONES SODA CO,8-K,Keurig Dr Pepper,Coo,spacy,Chief Operating Officer
JONES SODA CO,8-K,Mary Money,Coo,spacy,Chief Operating Officer
JONES SODA CO,8-K,Loic Tomei,Director,spacy,Director
JONES SODA CO,8-K,Kilter Films,Cto,spacy,Chief Technology Officer
"Brilliant Earth Group, Inc.",8-K,Jeff Kuo,Chief Financial Officer,spacy,Chief Financial Officer
"Brilliant Earth Group, Inc.",8-K,Beth Gerstein,Chief Executive Officer,spacy,Chief Executive Officer
TerrAscend Corp.,8-K,Ziad Ghanem,Chief Executive Officer,spacy,Chief Executive Officer
TerrAscend Corp.,8-K,Keith Stauffer,Chief Financial Officer,spacy,Chief Financial Officer
TerrAscend Corp.,8-K,Jason Wild,Chairman,spacy,Chair
Zumiez Inc,8-K,Rick Brooks,Chief Executive Officer,spacy,Chief Executive Officer
EASTMAN KODAK CO,8-K,Richard T. Michaels,Chief Accounting Officer,spacy,Chief Accounting Officer
EASTMAN KODAK CO,8-K,David Bullwinkle,Cfo,spacy,Chief Financial Officer
MARCHEX INC,8-K,Edwin Miller,Ceo,spacy,Chief Executive Officer
FREQUENCY ELECTRONICS INC,8-K,Steven Bernstein,President,spacy,President
Fathom Holdings Inc.,8-K,Steve Murray,Director,spacy,Director
Fathom Holdings Inc.,8-K,Joshua Harley,Director,spacy,Director
EverCommerce Inc.,8-K,Lisa Storey,General Counsel,spacy,General Counsel
EverCommerce Inc.,8-K,Eric Remer,Ceo,spacy,Chief Executive Officer
NORTHWEST BIOTHERAPEUTICS INC,8-K,Jerry Jasinowski,Director,spacy,Director
"Montauk Renewables, Inc.",8-K,John Ciroli,Chief Legal Officer,spacy,Chief Legal Officer
Regulus Therapeutics Inc.,8-K,Stelios Papadopoulos,Chairman,spacy,Chair
Regulus Therapeutics Inc.,8-K,Asa M. Henin,Coo,spacy,Chief Operating Officer
Regulus Therapeutics Inc.,8-K,Sarah Sutton,Chief Financial Officer,spacy,Chief Financial Officer
Regulus Therapeutics Inc.,8-K,Preston Klassen,President,spacy,President
OPTICAL CABLE CORP,8-K,Neil Wilkin,Chairman,spacy,Chair
OPTICAL CABLE CORP,8-K,Tracy Smith,Chairman,spacy,Chair
OPTICAL CABLE CORP,8-K,Aaron Palash,Vice President,spacy,Vice President
OPTICAL CABLE CORP,8-K,Spencer Hoffman Joele Frank,Chairman,spacy,Chair
Redwire Corp,8-K,Peter Cannito,Chairman,spacy,Chair
"Forge Global Holdings, Inc.",8-K,Larry Leibowitz,Director,spacy,Director
"ALLURION TECHNOLOGIES, INC.",8-K,Shantanu Gaur,Ceo,spacy,Chief Executive Officer
"GPO Plus, Inc.",8-K,Christopher Harter,Cto,spacy,Chief Technology Officer
Portman Ridge Finance Corp,8-K,Portman Ridge,Chief Executive Officer,spacy,Chief Executive Officer
"CBAK Energy Technology, Inc.",8-K,Jiewei Li,Chief Financial Officer,spacy,Chief Financial Officer
"CBAK Energy Technology, Inc.",8-K,Yunfei Li,Chairman,spacy,Chair
YUNHONG GREEN CTI LTD.,8-K,Frank Cesario Frank,Chief Executive Officer,spacy,Chief Executive Officer
YUNHONG GREEN CTI LTD.,8-K,Sixu Zhang,Chief Executive Officer,spacy,Chief Executive Officer
YUNHONG GREEN CTI LTD.,8-K,Levenfeld Pearlstein,Ceo,spacy,Chief Executive Officer
YUNHONG GREEN CTI LTD.,8-K,Harold Israel,Ceo,spacy,Chief Executive Officer
YUNHONG GREEN CTI LTD.,8-K,Sally Styles,Chief Executive Officer,spacy,Chief Executive Officer
"Townsquare Media, Inc.",8-K,Bill Wilson,Chief Executive Officer,spacy,Chief Executive Officer
"PALTALK, INC.",8-K,Jason Katz,Chairman,spacy,Chair
TELOS CORP,8-K,Mark Bendza,Chief Financial Officer,spacy,Chief Financial Officer
TELOS CORP,8-K,John B. Wood,Chairman,spacy,Chair
"ProPhase Labs, Inc.",8-K,Ted Karkus,Chairman,spacy,Chair
TREDEGAR CORP,8-K,John Steitz,President,spacy,President
TREDEGAR CORP,8-K,Terphane Limitada,Cto,spacy,Chief Technology Officer
TREDEGAR CORP,8-K,Terphane Brazil,Cto,spacy,Chief Technology Officer
Monogram Technologies Inc.,8-K,Ben Sexson,Chief Executive Officer,spacy,Chief Executive Officer
Monogram Technologies Inc.,8-K,Doug Unis,Chief Executive Officer,spacy,Chief Executive Officer
Monogram Technologies Inc.,8-K,Kamran Shamaei,Chief Executive Officer,spacy,Chief Executive Officer
Monogram Technologies Inc.,8-K,Noel Knape,Chief Executive Officer,spacy,Chief Executive Officer
"YOUNEEQAI TECHNICAL SERVICES, INC.",8-K,Murray Galbraith,Ceo,spacy,Chief Executive Officer
"YOUNEEQAI TECHNICAL SERVICES, INC.",8-K,David Edmunds,Ceo,spacy,Chief Executive Officer
"YOUNEEQAI TECHNICAL SERVICES, INC.",8-K,James Romano,Director,spacy,Director
VILLAGE SUPER MARKET INC,8-K,John L. Van Orden,Chief Financial Officer,spacy,Chief Financial Officer
VILLAGE SUPER MARKET INC,8-K,John Van Orden,Cfo,spacy,Chief Financial Officer
"Everything Blockchain, Inc.",8-K,Eric C. Jaffe,Cto,spacy,Chief Technology Officer
"Everything Blockchain, Inc.",8-K,Craig T. Stephens,Director,spacy,Director
LIPELLA PHARMACEUTICALS INC.,8-K,Jonathan H. Kaufman,Chief Executive Officer,spacy,Chief Executive Officer
LIPELLA PHARMACEUTICALS INC.,8-K,Michael B. Chancellor,Chief Executive Officer,spacy,Chief Executive Officer
LIPELLA PHARMACEUTICALS INC.,8-K,Douglas Johnston,Chief Financial Officer,spacy,Chief Financial Officer
"BBX Capital, Inc.",8-K,Brett Sheppard,Chief Financial Officer,spacy,Chief Financial Officer
"NI Holdings, Inc.",8-K,Michael J. Alexander,President,spacy,President
"J.Jill, Inc.",8-K,James Scully,Cto,spacy,Chief Technology Officer
Nature's Miracle Holding Inc.,8-K,Darin Carpenter,Chairman,spacy,Chair
Nature's Miracle Holding Inc.,8-K,Jon Montgomery,Chief Operating Officer,spacy,Chief Operating Officer
Nature's Miracle Holding Inc.,8-K,Independence Reference,Director,spacy,Director
Nature's Miracle Holding Inc.,8-K,George Yutuc,Chief Executive Officer,spacy,Chief Executive Officer
Nature's Miracle Holding Inc.,8-K,Tie Li,Chief Executive Officer,spacy,Chief Executive Officer
Nature's Miracle Holding Inc.,8-K,Charles Jourdan Hausman,Chief Financial Officer,spacy,Chief Financial Officer
Nature's Miracle Holding Inc.,8-K,H. David Sherman,Chief Financial Officer,spacy,Chief Financial Officer
Nature's Miracle Holding Inc.,8-K,Jon M. Montgomery,Unknown,spacy,Unknown
"Lument Finance Trust, Inc.",8-K,James A. Briggs,Chief Financial Officer,spacy,Chief Financial Officer
"Lument Finance Trust, Inc.",8-K,James Briggs,Chief Financial Officer,spacy,Chief Financial Officer
AlphaVest Acquisition Corp.,8-K,Brian Hartzband,Cto,spacy,Chief Technology Officer
"Exela Technologies, Inc.",8-K,Zach Maul Zach,Unknown,spacy,Unknown
EXAGEN INC.,8-K,John Aballi,President,spacy,President
ABEONA THERAPEUTICS INC.,8-K,Vish Seshadri,Chief Executive Officer,spacy,Chief Executive Officer
Insight Select Income Fund,8-K,David Leduc,President,spacy,President
Insight Select Income Fund,8-K,Gautam Khanna,President,spacy,President
TABLE TRAC INC,8-K,Randy Gilbert,Chief Financial Officer,spacy,Chief Financial Officer
TABLE TRAC INC,8-K,Randy Gilbert Table Trac,Cto,spacy,Chief Technology Officer
Lantern Pharma Inc.,8-K,Panna Sharma,President,spacy,President
Lantern Pharma Inc.,8-K,Jianli Zhou,Cto,spacy,Chief Technology Officer
"Acurx Pharmaceuticals, Inc.",8-K,Robert G. Shawah,President,spacy,President
"Acurx Pharmaceuticals, Inc.",8-K,Kevin Garey,Cto,spacy,Chief Technology Officer
"Forte Biosciences, Inc.",8-K,Steve Doberstein,Cfo,spacy,Chief Financial Officer
"Forte Biosciences, Inc.",8-K,Steve Kornfeld,Chief Scientific Officer,spacy,Chief Scientific Officer
"Forte Biosciences, Inc.",8-K,Don Williams,Cto,spacy,Chief Technology Officer
"Forte Biosciences, Inc.",8-K,Tony Riley,Ceo,spacy,Chief Executive Officer
"Forte Biosciences, Inc.",8-K,Chris Roenfeldt,Ceo,spacy,Chief Executive Officer
"Forte Biosciences, Inc.",8-K,Steven Ruhl,Ceo,spacy,Chief Executive Officer
"Wilhelmina International, Inc.",8-K,Alexander F. Mehr,Cto,spacy,Chief Technology Officer
Texas Mineral Resources Corp.,8-K,Donald Hulse,Director,spacy,Director
Texas Mineral Resources Corp.,8-K,Deepak Malhotra,Director,spacy,Director
Texas Mineral Resources Corp.,8-K,Withheld Anthony Marchese,Director,spacy,Director
Texas Mineral Resources Corp.,8-K,Dan Gorski,Director,spacy,Director
RH,8-K,Jack Preston,Chief Financial Officer,spacy,Chief Financial Officer
RH,8-K,Assistant Treasurers,Director,spacy,Director
"Greenwave Technology Solutions, Inc.",8-K,Raintree Rd,Chief Executive Officer,spacy,Chief Executive Officer
"Climb Bio, Inc.",8-K,Andrew Levin,Director,spacy,Director
"Hartford Creative Group, Inc.",8-K,Rose Hong Wang,Cto,spacy,Chief Technology Officer
"Hartford Creative Group, Inc.",8-K,Lili Dai,Cfo,spacy,Chief Financial Officer
CALERES INC,8-K,Jay Schmidt,President,spacy,President
CALERES INC,8-K,Thomas C. Burke,Vice President,spacy,Vice President
"Binah Capital Group, Inc.",8-K,David Shane,President,spacy,President
"Binah Capital Group, Inc.",8-K,Gary Wilder,Chairman,spacy,Chair
"Binah Capital Group, Inc.",8-K,Jonathan Massing,Chairman,spacy,Chair
"Binah Capital Group, Inc.",8-K,Michael Nessim,Ceo,spacy,Chief Executive Officer
"Binah Capital Group, Inc.",8-K,David Hudd,Ceo,spacy,Chief Executive Officer
"Design Therapeutics, Inc.",8-K,Pratik Shah,Chief Executive Officer,spacy,Chief Executive Officer
DiaMedica Therapeutics Inc.,8-K,Paul Papi,Chief Financial Officer,spacy,Chief Financial Officer
"Taysha Gene Therapies, Inc.",8-K,Taysha Gene Therapies,Chief Financial Officer,spacy,Chief Financial Officer
"Taysha Gene Therapies, Inc.",8-K,Alam Kamran,Chief Financial Officer,spacy,Chief Financial Officer
"Taysha Gene Therapies, Inc.",8-K,Sean P. Nolan,Chairman,spacy,Chair
"Taysha Gene Therapies, Inc.",8-K,Meredith Schultz,Chief Medical Officer,spacy,Chief Medical Officer
"Taysha Gene Therapies, Inc.",8-K,Carolyn Hawley Inizio,Director,spacy,Director
LIQUIDMETAL TECHNOLOGIES INC,8-K,Adam Bazih,Chief Executive Officer,spacy,Chief Executive Officer
LIQUIDMETAL TECHNOLOGIES INC,8-K,Isaac Bresnick,Chief Executive Officer,spacy,Chief Executive Officer
LIQUIDMETAL TECHNOLOGIES INC,8-K,Isaac A. Bresnick,Chief Executive Officer,spacy,Chief Executive Officer
LIQUIDMETAL TECHNOLOGIES INC,8-K,Engel Viper,Cto,spacy,Chief Technology Officer
VOLITIONRX LTD,8-K,Cameron Reynolds,President,spacy,President
VOLITIONRX LTD,8-K,Andrew Retter,Chief Medical Officer,spacy,Chief Medical Officer
VOLITIONRX LTD,8-K,Dr Retter,Chief Medical Officer,spacy,Chief Medical Officer
"INTELLINETICS, INC.",8-K,Matthew L. Chretien,President,spacy,President
"INTELLINETICS, INC.",8-K,Joseph D. Spain,President,spacy,President
"Ollie's Bargain Outlet Holdings, Inc.",8-K,John Swygert,President,spacy,President
"Ollie's Bargain Outlet Holdings, Inc.",8-K,John Rouleau,Vice President,spacy,Vice President
"Ollie's Bargain Outlet Holdings, Inc.",8-K,Tom Kuypers,Vice President,spacy,Vice President
Barinthus Biotherapeutics plc.,8-K,Bill Enright,Chief Executive Officer,spacy,Chief Executive Officer
Barinthus Biotherapeutics plc.,8-K,William Enright,Chief Executive Officer,spacy,Chief Executive Officer
"Vynleads, Inc.",8-K,Sergei Stetsenko,Director,spacy,Director
"SERA PROGNOSTICS, INC.",8-K,Zhenya Lindgardt,President,spacy,President
"SERA PROGNOSTICS, INC.",8-K,Austin Aerts,Director,spacy,Director
"SERA PROGNOSTICS, INC.",8-K,Jay Boniface,Chief Scientific Officer,spacy,Chief Scientific Officer
"SERA PROGNOSTICS, INC.",8-K,Robert G. Harrison,Chief Scientific Officer,spacy,Chief Scientific Officer
"SERA PROGNOSTICS, INC.",8-K,Benjamin Jackson,Chief Scientific Officer,spacy,Chief Scientific Officer
"SERA PROGNOSTICS, INC.",8-K,Paul Kearney,Chief Scientific Officer,spacy,Chief Scientific Officer
"SERA PROGNOSTICS, INC.",8-K,Michael Foley,Chief Scientific Officer,spacy,Chief Scientific Officer
"SERA PROGNOSTICS, INC.",8-K,Doug Roach,Chief Information Officer,spacy,Chief Information Officer
"Trevi Therapeutics, Inc.",8-K,Jennifer Good,President,spacy,President
"OmniAb, Inc.",8-K,Matt Foehr,Chief Executive Officer,spacy,Chief Executive Officer
"SPI Energy Co., Ltd.",8-K,Christopher Stalcup,President,spacy,President
"SPI Energy Co., Ltd.",8-K,Paul Zhai,President,spacy,President
Sadot Group Inc.,8-K,Jennifer Black,Chief Executive Officer,spacy,Chief Executive Officer
ProShares Trust II,8-K,Todd B. Johnson,Unknown,spacy,Unknown
CuriosityStream Inc.,8-K,Tia Cudahy,Chief Operating Officer,spacy,Chief Operating Officer
"ROCKWELL MEDICAL, INC.",8-K,Mark Strobeck,Chief Executive Officer,spacy,Chief Executive Officer
"ROCKWELL MEDICAL, INC.",8-K,Jesse Neri,Cto,spacy,Chief Technology Officer
"ROCKWELL MEDICAL, INC.",8-K,Joan Lau,Cto,spacy,Chief Technology Officer
FACTSET RESEARCH SYSTEMS INC,8-K,Laurie Hylton,Director,spacy,Director
FACTSET RESEARCH SYSTEMS INC,8-K,Phil Snow,Ceo,spacy,Chief Executive Officer
FACTSET RESEARCH SYSTEMS INC,8-K,Linda Huber,Cfo,spacy,Chief Financial Officer
FACTSET RESEARCH SYSTEMS INC,8-K,Robin Abrams,Director,spacy,Director
US ENERGY CORP,8-K,Ryan L. Smith,Director,spacy,Director
US ENERGY CORP,8-K,Mark L. Zajac,Chief Executive Officer,spacy,Chief Executive Officer
US ENERGY CORP,8-K,Ryan Smith,Chief Executive Officer,spacy,Chief Executive Officer
DARDEN RESTAURANTS INC,8-K,Rick Cardenas,President,spacy,President
"DESTINATION XL GROUP, INC.",8-K,Harvey Kanter,President,spacy,President
"X4 Pharmaceuticals, Inc",8-K,Adam Mostafa,Chief Financial Officer,spacy,Chief Financial Officer
"X4 Pharmaceuticals, Inc",8-K,Daniel Ferry,Director,spacy,Director
"Protagenic Therapeutics, Inc.new",8-K,Kirin M. Smith,President,spacy,President
"Compass Therapeutics, Inc.",8-K,Thomas Schuetz,President,spacy,President
"NextCure, Inc.",8-K,Michael Richman,President,spacy,President
"Tipmefast, Inc.",8-K,Raid Chalil,Chief Executive Officer,spacy,Chief Executive Officer
MILLS MUSIC TRUST,8-K,Michael Reiss,Director,spacy,Director
MILLS MUSIC TRUST,8-K,Garfield Barrett,Unknown,spacy,Unknown
PARKERVISION INC,8-K,Lewis H. Titterton,Director,spacy,Director
PARKERVISION INC,8-K,Jeffrey Parker,Director,spacy,Director
"ONE STOP SYSTEMS, INC.",8-K,John Morrison,Chief Financial Officer,spacy,Chief Financial Officer
"ONE STOP SYSTEMS, INC.",8-K,Mike Knowles,President,spacy,President
"ONE STOP SYSTEMS, INC.",8-K,Mitchell Herbets,Director,spacy,Director
"ONE STOP SYSTEMS, INC.",8-K,Joseph Manko,Director,spacy,Director
"Bolt Biotherapeutics, Inc.",8-K,Randall Schatzman,Chief Executive Officer,spacy,Chief Executive Officer
lululemon athletica inc.,8-K,Meghan Frank,Chief Financial Officer,spacy,Chief Financial Officer
"Hyperfine, Inc.",8-K,Maria Sainz,Chief Executive Officer,spacy,Chief Executive Officer
"Hyperfine, Inc.",8-K,Tom Teisseyre,Chief Administrative Officer,spacy,Chief Administrative Officer
"Nkarta, Inc.",8-K,Paul J. Hastings,President,spacy,President
"Comstock Holding Companies, Inc.",8-K,Christopher Clemente,Chairman,spacy,Chair
"Comstock Holding Companies, Inc.",8-K,Thomas Holly,Director,spacy,Director
"Comstock Holding Companies, Inc.",8-K,David Paul,Director,spacy,Director
"Comstock Holding Companies, Inc.",8-K,Christopher Guthrie,Vice President,spacy,Vice President
Journey Medical Corp,8-K,Claude Maraoui,Chief Executive Officer,spacy,Chief Executive Officer
"Intellicheck, Inc.",8-K,Bryan Lewis,Ceo,spacy,Chief Executive Officer
"ENERGY FOCUS, INC/DE",8-K,Chiao Chieh,Chief Executive Officer,spacy,Chief Executive Officer
"MJ Holdings, Inc.",8-K,Gioong Ho,Director,spacy,Director
"MJ Holdings, Inc.",8-K,John Gorst,Director,spacy,Director
"MJ Holdings, Inc.",8-K,Jim Kelly,Cfo,spacy,Chief Financial Officer
"MJ Holdings, Inc.",8-K,Tim Luff,Chief Executive Officer,spacy,Chief Executive Officer
"Deep Green Waste & Recycling, Inc.",8-K,Bill Edmonds,Chairman,spacy,Chair
"Deep Green Waste & Recycling, Inc.",8-K,Deep Green,Director,spacy,Director
"AstroNova, Inc.",8-K,Greg Woods,President,spacy,President
ENERGY FUELS INC,8-K,Grant Malensek,Director,spacy,Director
ENERGY FUELS INC,8-K,Richard Lambert,Director,spacy,Director
ENERGY FUELS INC,8-K,Gordon Sobering,Director,spacy,Director
ENERGY FUELS INC,8-K,Denison Mines,Director,spacy,Director
Anixa Biosciences Inc,8-K,Amit Kumar,Director,spacy,Director
Anixa Biosciences Inc,8-K,Arnold Baskies,Director,spacy,Director
Anixa Biosciences Inc,8-K,Emily Gottschalk,Director,spacy,Director
TANDY LEATHER FACTORY INC,8-K,Janet Carr,Cto,spacy,Chief Technology Officer
TANDY LEATHER FACTORY INC,8-K,Tandy Leather Factory,Cto,spacy,Chief Technology Officer
ShoulderUP Technology Acquisition Corp.,8-K,Ed Nabrotzky,Chief Executive Officer,spacy,Chief Executive Officer
ShoulderUP Technology Acquisition Corp.,8-K,Gerry Williams,Unknown,spacy,Unknown
ShoulderUP Technology Acquisition Corp.,8-K,Howard Hughes Pkwy,Chief Executive Officer,spacy,Chief Executive Officer
ShoulderUP Technology Acquisition Corp.,8-K,Rice Reuther,Unknown,spacy,Unknown
NUTRA PHARMA CORP,8-K,Rik J. Deitsch,Director,spacy,Director
NUTRA PHARMA CORP,8-K,Michael Flax,Director,spacy,Director
NUTRA PHARMA CORP,8-K,Michael D. Flax,President,spacy,President
NUTRA PHARMA CORP,8-K,Joe Lucas,Director,spacy,Director
VIVOS INC,8-K,Michael Korenko,Chief Executive Officer,spacy,Chief Executive Officer
VIVOS INC,8-K,Carlton M. Cadwell,Chairman,spacy,Chair
"MIND TECHNOLOGY, INC",8-K,Rob Capps,President,spacy,President
"MIND TECHNOLOGY, INC",8-K,Ken Dennard,President,spacy,President
"Lightwave Logic, Inc.",8-K,Michael Lebby,Chairman,spacy,Chair
"Lightwave Logic, Inc.",8-K,Lightwave Logic,Cto,spacy,Chief Technology Officer
DAXOR CORP,8-K,Michael Feldschuh,President,spacy,President
"Stoke Therapeutics, Inc.",8-K,Stephen J. Tulipano,Chief Financial Officer,spacy,Chief Financial Officer
"Stoke Therapeutics, Inc.",8-K,Eric Rojas,Chief Communications Officer,spacy,Chief Communications Officer
"Reddit, Inc.",8-K,G. Vote,Director,spacy,Director
"Aerovate Therapeutics, Inc.",8-K,Tim Noyes,Chief Executive Officer,spacy,Chief Executive Officer
"Aerovate Therapeutics, Inc.",8-K,George A. Eldridge,Chief Financial Officer,spacy,Chief Financial Officer
"Aerovate Therapeutics, Inc.",8-K,Donald Santel,Director,spacy,Director
"Aerovate Therapeutics, Inc.",8-K,Mark Iwicki,Director,spacy,Director
TMC the metals Co Inc.,8-K,Andrei Karkar,Director,spacy,Director
TMC the metals Co Inc.,8-K,Hillary Clinton,Unknown,spacy,Unknown
Syra Health Corp,8-K,Vuppalanchi Deepika,Chief Executive Officer,spacy,Chief Executive Officer
Syra Health Corp,8-K,Deepika Vuppalanchi,Ceo,spacy,Chief Executive Officer
Syra Health Corp,8-K,Sandeep Allam,Cto,spacy,Chief Technology Officer
Syra Health Corp,8-K,Christine Drury,Director,spacy,Director
Syra Health Corp,8-K,Ben Shamsian,Director,spacy,Director
CATO CORP,8-K,John P. D. Cato,Chairman,spacy,Chair
CATO CORP,8-K,Charles D. Knight,Chairman,spacy,Chair
CATO CORP,8-K,John Cato,Chairman,spacy,Chair
"M-tron Industries, Inc.",8-K,Michael Ferrantino,Ceo,spacy,Chief Executive Officer
"M-tron Industries, Inc.",8-K,James Tivy,Ceo,spacy,Chief Executive Officer
AMPCO PITTSBURGH CORP,8-K,Michael G.,Vice President,spacy,Vice President
TEJON RANCH CO,8-K,Gregory Bielli,Director,spacy,Director
TEJON RANCH CO,8-K,Norman J. Metcalfe,Director,spacy,Director
TEJON RANCH CO,8-K,Greg Bielli,Director,spacy,Director
TEJON RANCH CO,8-K,Norm Metcalfe,Chairman,spacy,Chair
TEJON RANCH CO,8-K,Michael Winer,Director,spacy,Director
TEJON RANCH CO,8-K,Steve Betts,Director,spacy,Director
Black Hawk Acquisition Corp,8-K,Joseph T. Rallo,Chief Executive Officer,spacy,Chief Executive Officer
Black Hawk Acquisition Corp,8-K,Cassi Olson,Unknown,spacy,Unknown
Black Hawk Acquisition Corp,8-K,Ryan Zhang,Unknown,spacy,Unknown
Black Hawk Acquisition Corp,8-K,Jonathan Ginsberg Head,Chief Executive Officer,spacy,Chief Executive Officer
Winvest Group Ltd,8-K,Jeffrey Wong,Ceo,spacy,Chief Executive Officer
Mural Oncology plc,8-K,Caroline Loew,Chief Executive Officer,spacy,Chief Executive Officer
MOVADO GROUP INC,8-K,Efraim Grinberg,Chairman,spacy,Chair
MOVADO GROUP INC,8-K,Olivia Burton,Cto,spacy,Chief Technology Officer
"Third Harmonic Bio, Inc.",8-K,Natalie Holles,Chief Executive Officer,spacy,Chief Executive Officer
CRYO CELL INTERNATIONAL INC,8-K,David Portnoy,Chairman,spacy,Chair
CRYO CELL INTERNATIONAL INC,8-K,Irene Smith,Chairman,spacy,Chair
"Galecto, Inc.",8-K,Hans T. Schambye,Cto,spacy,Chief Technology Officer
"Direct Digital Holdings, Inc.",8-K,Diana Diaz,Chief Financial Officer,spacy,Chief Financial Officer
"Direct Digital Holdings, Inc.",8-K,Diana P. Diaz,Chief Financial Officer,spacy,Chief Financial Officer
"Direct Digital Holdings, Inc.",8-K,Mark D. Walker,Chairman,spacy,Chair
GameStop Corp.,8-K,Daniel Moore,Director,spacy,Director
IRIDEX CORP,8-K,David I. Bruce,President,spacy,President
PACIFICORP /OR/,8-K,Nikki L. Kobliha,Vice President,spacy,Vice President
PACIFICORP /OR/,8-K,L. Kobliha,Vice President,spacy,Vice President
PACIFICORP /OR/,8-K,Michael J. Behrens,Vice President,spacy,Vice President
"Korro Bio, Inc.",8-K,Rachel Meyers,Director,spacy,Director
"Korro Bio, Inc.",8-K,Tim Pearson,Director,spacy,Director
"American Clean Resources Group, Inc.",8-K,Tawana Bain,Director,spacy,Director
VINCE HOLDING CORP.,8-K,David Stefko,Chief Executive Officer,spacy,Chief Executive Officer
VINCE HOLDING CORP.,8-K,Akiko Okuma,Vice President,spacy,Vice President
VINCE HOLDING CORP.,8-K,Jack Schwefel,Ceo,spacy,Chief Executive Officer
VINCE HOLDING CORP.,8-K,Michael Mardy,Chairman,spacy,Chair
"bowmo, Inc.",8-K,Stefan Vaskiewicz,Director,spacy,Director
"bowmo, Inc.",8-K,Aleksei Shestakov,Director,spacy,Director
"Altimmune, Inc.",8-K,Richard Eisenstadt,Chief Financial Officer,spacy,Chief Financial Officer
"Altimmune, Inc.",8-K,Vipin K. Garg,President,spacy,President
"Galera Therapeutics, Inc.",8-K,J. Mel Sorensen,President,spacy,President
"PIERIS PHARMACEUTICALS, INC.",8-K,Stephen Yoder,President,spacy,President
"PIERIS PHARMACEUTICALS, INC.",8-K,Tom Bures,Chief Financial Officer,spacy,Chief Financial Officer
Golden Growers Cooperative,8-K,Brett Johnson,Coo,spacy,Chief Operating Officer
Golden Growers Cooperative,8-K,Larry Vipond,Director,spacy,Director
Golden Growers Cooperative,8-K,Richard Pot,Director,spacy,Director
Golden Growers Cooperative,8-K,Mark Harless,Director,spacy,Director
Golden Growers Cooperative,8-K,Brady Koehl,Director,spacy,Director
Golden Growers Cooperative,8-K,Matthew Hasbargen,Cto,spacy,Chief Technology Officer
Summit Networks Inc.,8-K,Shuhua Liu,President,spacy,President
MACREPORT NET INC,8-K,V. William Lucchetti,Chairman,spacy,Chair
"Erasca, Inc.",8-K,Ebun Garner,General Counsel,spacy,General Counsel
"MILLERKNOLL, INC.",8-K,Jeffrey M. Stutz,Chief Financial Officer,spacy,Chief Financial Officer
"Braze, Inc.",8-K,Susan Wiseman,General Counsel,spacy,General Counsel
AppTech Payments Corp.,8-K,Meilin Yu,Chief Financial Officer,spacy,Chief Financial Officer
EMERSON RADIO CORP,8-K,Michael Binney,Director,spacy,Director
Celcuity Inc.,8-K,Brian Sullivan,Ceo,spacy,Chief Executive Officer
Celcuity Inc.,8-K,Eldon Mayer,Chief Commercial Officer,spacy,Chief Commercial Officer
"Aqua Metals, Inc.",8-K,Mark Amodei,President,spacy,President
"Aqua Metals, Inc.",8-K,Judd Merrill,Chief Financial Officer,spacy,Chief Financial Officer
Bayview Acquisition Corp,8-K,Wei Lu,Director,spacy,Director
"GAIA, INC",8-K,Ned Preston,Chief Financial Officer,spacy,Chief Financial Officer
"GAIA, INC",8-K,Jirka Rysavy,Chairman,spacy,Chair
"CREATIVE REALITIES, INC.",8-K,Will Logan,Chief Financial Officer,spacy,Chief Financial Officer
"FlexShopper, Inc.",8-K,H. Russell Heiser,Chief Executive Officer,spacy,Chief Executive Officer
"Galaxy Gaming, Inc.",8-K,Matt Reback,President,spacy,President
"Galaxy Gaming, Inc.",8-K,Todd Cravens,President,spacy,President
Shimmick Corp,8-K,Steve Richards,Chief Executive Officer,spacy,Chief Executive Officer
Kodiak Sciences Inc.,8-K,Victor Perlroth,Cto,spacy,Chief Technology Officer
"Professional Diversity Network, Inc.",8-K,Adam He,Chief Executive Officer,spacy,Chief Executive Officer
"Professional Diversity Network, Inc.",8-K,Ge Yi,Director,spacy,Director
BIMI Holdings Inc.,8-K,Xiaoping Wang,Coo,spacy,Chief Operating Officer
BIMI Holdings Inc.,8-K,Li Zhou,Coo,spacy,Chief Operating Officer
CHINA AUTOMOTIVE SYSTEMS INC,8-K,Qizhou Wu,Chief Executive Officer,spacy,Chief Executive Officer
CHINA AUTOMOTIVE SYSTEMS INC,8-K,Jie Li,Chief Financial Officer,spacy,Chief Financial Officer
"CV Sciences, Inc.",8-K,Joseph Dowling,Chief Executive Officer,spacy,Chief Executive Officer
REX AMERICAN RESOURCES Corp,8-K,Zafar Rizvi,Chief Executive Officer,spacy,Chief Executive Officer
REX AMERICAN RESOURCES Corp,8-K,Douglas Bruggeman,Chief Financial Officer,spacy,Chief Financial Officer
REX AMERICAN RESOURCES Corp,8-K,Caldwell Bailey,Chief Financial Officer,spacy,Chief Financial Officer
Zhanling International Ltd,8-K,Dachuang Space,Cto,spacy,Chief Technology Officer
Zhanling International Ltd,8-K,Mr Li,Cto,spacy,Chief Technology Officer
"Ontrak, Inc.",8-K,Brandon H.,Chief Executive Officer,spacy,Chief Executive Officer
Mosaic ImmunoEngineering Inc.,8-K,Steven King,President,spacy,President
"Eledon Pharmaceuticals, Inc.",8-K,Eliezer Katz,Chief Medical Officer,spacy,Chief Medical Officer
"Eledon Pharmaceuticals, Inc.",8-K,Allan Kirk,Chief Medical Officer,spacy,Chief Medical Officer
"Eledon Pharmaceuticals, Inc.",8-K,James Robinson,Chief Medical Officer,spacy,Chief Medical Officer
"TSS, Inc.",8-K,Darryll Dewan,Ceo,spacy,Chief Executive Officer
Expion360 Inc.,8-K,Greg Aydelott,Chief Executive Officer,spacy,Chief Executive Officer
Expion360 Inc.,8-K,John Yozamp,Chief Executive Officer,spacy,Chief Executive Officer
Expion360 Inc.,8-K,Paul Shoun,Chief Executive Officer,spacy,Chief Executive Officer
"Cannabis Bioscience International Holdings, Inc.",8-K,Dante Picazo,Chief Executive Officer,spacy,Chief Executive Officer
SCYNEXIS INC,8-K,David Angulo,Chief Executive Officer,spacy,Chief Executive Officer
CVD EQUIPMENT CORP,8-K,Manny Lakios,President,spacy,President
Planet Labs PBC,8-K,Kevin Weil,Cto,spacy,Chief Technology Officer
Planet Labs PBC,8-K,Ashley Johnson,President,spacy,President
Planet Labs PBC,8-K,Will Marshall,Chief Executive Officer,spacy,Chief Executive Officer
"Leafly Holdings, Inc. /DE",8-K,Michael Blue,Cto,spacy,Chief Technology Officer
"Leafly Holdings, Inc. /DE",8-K,Jeffrey Monat,Director,spacy,Director
"Leafly Holdings, Inc. /DE",8-K,Andres Nannetti,Director,spacy,Director
"Leafly Holdings, Inc. /DE",8-K,Alan Pickerill,Director,spacy,Director
"Leafly Holdings, Inc. /DE",8-K,Yoko Miyashita,Ceo,spacy,Chief Executive Officer
"Leafly Holdings, Inc. /DE",8-K,Suresh Krishnaswamy,Cfo,spacy,Chief Financial Officer
ENDRA Life Sciences Inc.,8-K,Yvonne Briggs,Director,spacy,Director
Torrid Holdings Inc.,8-K,Lisa Harper,Chief Executive Officer,spacy,Chief Executive Officer
"Omega Therapeutics, Inc.",8-K,Mahesh Karande,President,spacy,President
OXFORD INDUSTRIES INC,8-K,Suraj A. Palakshappa,Vice President,spacy,Vice President
OXFORD INDUSTRIES INC,8-K,Tom Chubb,Chairman,spacy,Chair
OXFORD INDUSTRIES INC,8-K,Johnny Was,Cto,spacy,Chief Technology Officer
Forian Inc.,8-K,Edward Spaniel,Vice President,spacy,Vice President
Forian Inc.,8-K,Max Wygod,Chairman,spacy,Chair
SEMTECH CORP,8-K,Mark Lin,Chief Financial Officer,spacy,Chief Financial Officer
SEMTECH CORP,8-K,Paul H. Pickle,Cto,spacy,Chief Technology Officer
"Shapeways Holdings, Inc.",8-K,Greg Kress,Chief Executive Officer,spacy,Chief Executive Officer
Blue Star Foods Corp.,8-K,John Keeler,Chairman,spacy,Chair
"Firsthand Technology Value Fund, Inc.",8-K,Kevin Landis,President,spacy,President
BRIDGFORD FOODS CORP,8-K,Raymond F. Lancy,Director,spacy,Director
BRIDGFORD FOODS CORP,8-K,Mary Schott D. Gregory,Director,spacy,Director
BRIDGFORD FOODS CORP,8-K,William L. Bridgford,Director,spacy,Director
BRIDGFORD FOODS CORP,8-K,Allan Bridgford Sr,Director,spacy,Director
BRIDGFORD FOODS CORP,8-K,Todd C. Andrews,Director,spacy,Director
Creative Media & Community Trust Corp,8-K,David Thompson,Chief Executive Officer,spacy,Chief Executive Officer
Creative Media & Community Trust Corp,8-K,Shaul Kuba,Chief Investment Officer,spacy,Chief Investment Officer
Creative Media & Community Trust Corp,8-K,Barry Berlin,Cfo,spacy,Chief Financial Officer
Creative Media & Community Trust Corp,8-K,Richard Ressler,Chairman,spacy,Chair
NetBrands Corp.,8-K,Avraham Burger,President,spacy,President
NetBrands Corp.,8-K,Spencer Clarke,President,spacy,President
NetBrands Corp.,8-K,Reid Drescher,President,spacy,President
GALECTIN THERAPEUTICS INC,8-K,Joel Lewis,Chief Executive Officer,spacy,Chief Executive Officer
GALECTIN THERAPEUTICS INC,8-K,Jack Callicutt,Chief Financial Officer,spacy,Chief Financial Officer
GALECTIN THERAPEUTICS INC,8-K,Richard Uihlein,Chairman,spacy,Chair
GALECTIN THERAPEUTICS INC,8-K,Pol Boudes,Chief Medical Officer,spacy,Chief Medical Officer
"TherapeuticsMD, Inc.",8-K,Marlan D. Walker,Chief Executive Officer,spacy,Chief Executive Officer
"TherapeuticsMD, Inc.",8-K,Lisa M. Wilson,Chief Executive Officer,spacy,Chief Executive Officer
IB Acquisition Corp.,8-K,John Joyce,Director,spacy,Director
IB Acquisition Corp.,8-K,Silvia Panigone,Director,spacy,Director
IB Acquisition Corp.,8-K,Christy Albeck,Director,spacy,Director
IB Acquisition Corp.,8-K,Barry Grossman,Unknown,spacy,Unknown
IB Acquisition Corp.,8-K,Benjamin Reichel,Chief Executive Officer,spacy,Chief Executive Officer
IB Acquisition Corp.,8-K,Al Lopez Christy,President,spacy,President
"BIOREGENX, INC.",8-K,Bill Resides,Ceo,spacy,Chief Executive Officer
"BIOREGENX, INC.",8-K,Raymond Firth,Director,spacy,Director
"BIOREGENX, INC.",8-K,Robert Doran,Chief Executive Officer,spacy,Chief Executive Officer
"BIOREGENX, INC.",8-K,Sherri Adams,Chief Executive Officer,spacy,Chief Executive Officer
"BIOREGENX, INC.",8-K,Gary Hennerberg,Chief Executive Officer,spacy,Chief Executive Officer
"BIOREGENX, INC.",8-K,Suzanne Bird Jody Walker,Director,spacy,Director
Carisma Therapeutics Inc.,8-K,Steven Kelly,President,spacy,President
Carisma Therapeutics Inc.,8-K,John Hohneker,Director,spacy,Director
World Gold Trust,8-K,James Lam,Director,spacy,Director
EQUATOR Beverage Co,8-K,Glenn Simpson,Ceo,spacy,Chief Executive Officer
BioNexus Gene Lab Corp,8-K,Yeat Min Fong,Director,spacy,Director
BioNexus Gene Lab Corp,8-K,Chi Yuen Leong,Director,spacy,Director
BioNexus Gene Lab Corp,8-K,Yee Meng Wong,Director,spacy,Director
BioNexus Gene Lab Corp,8-K,Teng Fook Fong,Director,spacy,Director
BioNexus Gene Lab Corp,8-K,Chee Keong Yap,Director,spacy,Director
BioNexus Gene Lab Corp,8-K,Chak Hua Yew,Director,spacy,Director
BioNexus Gene Lab Corp,8-K,Boon Teong Teoh,Director,spacy,Director
BioNexus Gene Lab Corp,8-K,Chai Ping Lin,Director,spacy,Director
BioNexus Gene Lab Corp,8-K,Koon Wai Wong,Director,spacy,Director
BioNexus Gene Lab Corp,8-K,Wei Foong Lim,Director,spacy,Director
BioNexus Gene Lab Corp,8-K,Tan Lee,Director,spacy,Director
BioNexus Gene Lab Corp,8-K,Koon Wai,Chairman,spacy,Chair
BioNexus Gene Lab Corp,8-K,Pappajack Berhad,Chief Finance Officer,spacy,Chief Finance Officer
"VirTra, Inc",8-K,John Givens,Ceo,spacy,Chief Executive Officer
"VirTra, Inc",8-K,Alanna Boudreau,Cfo,spacy,Chief Financial Officer
"Hongchang International Co., Ltd",8-K,Stephan Truly Busch,Director,spacy,Director
"Hongchang International Co., Ltd",8-K,Qingqing Wang,Unknown,spacy,Unknown
"Hongchang International Co., Ltd",8-K,Zengqiang Lin,Director,spacy,Director
"PIONEER POWER SOLUTIONS, INC.",8-K,Nathan Mazurek,Chairman,spacy,Chair
"Kraig Biocraft Laboratories, Inc",8-K,Kim Thompson,Ceo,spacy,Chief Executive Officer
"Polar Power, Inc.",8-K,Arthur D. Sams,President,spacy,President
"Polar Power, Inc.",8-K,Arthur Sams,Ceo,spacy,Chief Executive Officer
ProMIS Neurosciences Inc.,8-K,Neil Warma,Chief Executive Officer,spacy,Chief Executive Officer
ProMIS Neurosciences Inc.,8-K,Marie Fields,Director,spacy,Director
SKYX Platforms Corp.,8-K,Steve Schmidt,Chairman,spacy,Chair
SKYX Platforms Corp.,8-K,Mark Earley,President,spacy,President
SKYX Platforms Corp.,8-K,Rani Kohen,Chairman,spacy,Chair
SKYX Platforms Corp.,8-K,Lenny Sokolow,Chairman,spacy,Chair
SKYX Platforms Corp.,8-K,Marc Boisseau,President,spacy,President
"XBP Europe Holdings, Inc.",8-K,Andrej Jonovic,Chief Executive Officer,spacy,Chief Executive Officer
"XBP Europe Holdings, Inc.",8-K,Dejan Avramovic,Chief Financial Officer,spacy,Chief Financial Officer
TORTOISE ENERGY INFRASTRUCTURE CORP,8-K,P. Bradley Adams,Director,spacy,Director
TORTOISE ENERGY INFRASTRUCTURE CORP,8-K,Sean Wickliffe,Chief Executive Officer,spacy,Chief Executive Officer
LGL GROUP INC,8-K,Marc Gabelli,Chairman,spacy,Chair
LGL GROUP INC,8-K,Tim Foufas,Chairman,spacy,Chair
"Lifeloc Technologies, Inc",8-K,Wayne Willkomm,President,spacy,President
"Lifeloc Technologies, Inc",8-K,Vern D. Kornelsen,Chief Financial Officer,spacy,Chief Financial Officer
"SPAR Group, Inc.",8-K,Antonio Calisto Pato,Chief Financial Officer,spacy,Chief Financial Officer
"SPAR Group, Inc.",8-K,Mike Matacunas,President,spacy,President
"DH ENCHANTMENT, INC.",8-K,Sally Kin Yi,Director,spacy,Director
"DH ENCHANTMENT, INC.",8-K,Cheuk Yin,Director,spacy,Director
"OZOP ENERGY SOLUTIONS, INC.",8-K,Steven Klauber,Chief Executive Officer,spacy,Chief Executive Officer
"Moatable, Inc.",8-K,Joseph Chen,Chairman,spacy,Chair
CAL-MAINE FOODS INC,8-K,Sherman Miller,Chief Financial Officer,spacy,Chief Financial Officer
CAL-MAINE FOODS INC,8-K,Max P. Bowman,President,spacy,President
CAL-MAINE FOODS INC,8-K,Max Bowman,Vice President,spacy,Vice President
CAL-MAINE FOODS INC,8-K,Overview Sherman Miller,President,spacy,President
CAL-MAINE FOODS INC,8-K,Ahead Miller,Coo,spacy,Chief Operating Officer
Asset Entities Inc.,8-K,Arshia Sarkhani,Chief Executive Officer,spacy,Chief Executive Officer
READING INTERNATIONAL INC,8-K,Andrzej Matyczynski,President,spacy,President
"Driveitaway Holdings, Inc.",8-K,Mike Elkin,Director,spacy,Director
"Driveitaway Holdings, Inc.",8-K,Steven M. Plumb,Chief Financial Officer,spacy,Chief Financial Officer
Welsis Corp.,8-K,Dusan Zindovic,Director,spacy,Director
Welsis Corp.,8-K,Kwok Boon Kit,Director,spacy,Director
"SOLIGENIX, INC.",8-K,Brian Poligone,Director,spacy,Director
"SOLIGENIX, INC.",8-K,Christopher Schaber,President,spacy,President
"SOLIGENIX, INC.",8-K,Christopher J. Schaber,Director,spacy,Director
"SOLIGENIX, INC.",8-K,Richard Straube,Coo,spacy,Chief Operating Officer
"SOLIGENIX, INC.",8-K,Jonathan Guarino,Chief Scientific Officer,spacy,Chief Scientific Officer
"SOLIGENIX, INC.",8-K,Gregg Lapointe,Coo,spacy,Chief Operating Officer
"SOLIGENIX, INC.",8-K,Genentech Robert Rubin,Coo,spacy,Chief Operating Officer
TOFUTTI BRANDS INC,8-K,Steven Kass,Unknown,spacy,Unknown
TOFUTTI BRANDS INC,8-K,Steve Kass,Unknown,spacy,Unknown
BioCorRx Inc.,8-K,Brady Granier,Director,spacy,Director
BioCorRx Inc.,8-K,Harsha Murthy,Cto,spacy,Chief Technology Officer
Envela Corp,8-K,Bret A. Pedersen,Director,spacy,Director
Movano Inc.,8-K,John Mastrototaro,Chief Executive Officer,spacy,Chief Executive Officer
Movano Inc.,8-K,Mark Busch,Chief Executive Officer,spacy,Chief Executive Officer
Inflection Point Acquisition Corp. II,8-K,Nicholas Shekerdemian,Director,spacy,Director
Inflection Point Acquisition Corp. II,8-K,Peter Ondishin,Director,spacy,Director
Inflection Point Acquisition Corp. II,8-K,Kevin Shannon,Director,spacy,Director
"Traws Pharma, Inc.",8-K,Peter Atadja,Unknown,spacy,Unknown
"Traws Pharma, Inc.",8-K,Jerome Groopman,Chief Executive Officer,spacy,Chief Executive Officer
"Traws Pharma, Inc.",8-K,Viren Mehta,Chief Executive Officer,spacy,Chief Executive Officer
"Traws Pharma, Inc.",8-K,Iain Dukes,Chief Executive Officer,spacy,Chief Executive Officer
"Traws Pharma, Inc.",8-K,Werner Cautreels,Director,spacy,Director
"Traws Pharma, Inc.",8-K,C. David Pauza,Chief Scientific Officer,spacy,Chief Scientific Officer
"Traws Pharma, Inc.",8-K,Robert Redfield,Chief Scientific Officer,spacy,Chief Scientific Officer
"Traws Pharma, Inc.",8-K,Sterling Winthrop,Ceo,spacy,Chief Executive Officer
"Traws Pharma, Inc.",8-K,Inducement Grant,Ceo,spacy,Chief Executive Officer
"Traws Pharma, Inc.",8-K,Steven Fruchtman,Chief Executive Officer,spacy,Chief Executive Officer
"Traws Pharma, Inc.",8-K,James Marino,Chairman,spacy,Chair
"Traws Pharma, Inc.",8-K,M. Theresa Shoemaker,Director,spacy,Director
"Lamb Weston Holdings, Inc.",8-K,Tom Werner,President,spacy,President
UNION ELECTRIC CO,8-K,Ameren Missouri,Cto,spacy,Chief Technology Officer
UNION ELECTRIC CO,8-K,Isabella Swanson,Director,spacy,Director
UNION ELECTRIC CO,8-K,Jonathan T. Shade,General Counsel,spacy,General Counsel
UNION ELECTRIC CO,8-K,Esther Antoine,Corporate Secretary,spacy,Corporate Secretary
Massimo Group,8-K,Yunhao Chen,Director,spacy,Director
Massimo Group,8-K,Paolo Pietrogrande,Director,spacy,Director
Massimo Group,8-K,Mark Sheffield,Director,spacy,Director
Massimo Group,8-K,Ting Zhu,Director,spacy,Director
Massimo Group,8-K,John Heidenreich,Chief Executive Officer,spacy,Chief Executive Officer
Bio Essence Corp,8-K,Yin Yan,Chief Executive Officer,spacy,Chief Executive Officer
Bio Essence Corp,8-K,Yangyang Huang,Director,spacy,Director
Bio Essence Corp,8-K,Simon Shavanson,Director,spacy,Director
Bio Essence Corp,8-K,Siyavash Fooladian,Director,spacy,Director
Bio Essence Corp,8-K,Yang Zhang,Chief Executive Officer,spacy,Chief Executive Officer
Aerkomm Inc.,8-K,Teal Croup,Cto,spacy,Chief Technology Officer
"Trutankless, Inc.",8-K,Michael Stebbins,Cto,spacy,Chief Technology Officer
"Trutankless, Inc.",8-K,Guy Newman,Chief Executive Officer,spacy,Chief Executive Officer
NEOGEN CORP,8-K,John Moylan,Director,spacy,Director
NEOGEN CORP,8-K,David Naemura,Vice President,spacy,Vice President
Vireo Growth Inc.,8-K,Josh Rosen,Chief Executive Officer,spacy,Chief Executive Officer
Vireo Growth Inc.,8-K,Tamaki Sakai,Director,spacy,Director
Vireo Growth Inc.,8-K,Sam Gibbons,Director,spacy,Director
"ATHERSYS, INC / NEW",8-K,Neema Mayhugh,Chief Financial Officer,spacy,Chief Financial Officer
"ATHERSYS, INC / NEW",8-K,Joseph Nolan,Chief Financial Officer,spacy,Chief Financial Officer
"ATHERSYS, INC / NEW",8-K,Jane Wasman,Director,spacy,Director
"ATHERSYS, INC / NEW",8-K,Nicholas M. Miller,Unknown,spacy,Unknown
RetinalGenix Technologies Inc.,8-K,Jerry Katzman,Chief Executive Officer,spacy,Chief Executive Officer
PATRIOT NATIONAL BANCORP INC,8-K,Joseph Perillo,Chief Financial Officer,spacy,Chief Financial Officer
PATRIOT NATIONAL BANCORP INC,8-K,Joshua Oliver,Vice President,spacy,Vice President
PATRIOT NATIONAL BANCORP INC,8-K,David Lowery,Chief Executive Officer,spacy,Chief Executive Officer
MERRILL LYNCH DEPOSITOR INC INDEXPLUS TRUST SERIES 2003-1,8-K,Matthew J. Nelson,President,spacy,President
"Cell Source, Inc.",8-K,Itamar Shimrat,President,spacy,President
Quetta Acquisition Corp,8-K,Michael Lazar,Director,spacy,Director
Quetta Acquisition Corp,8-K,Qi Gong,Director,spacy,Director
AEHR TEST SYSTEMS,8-K,Gayn Erickson,President,spacy,President
AEHR TEST SYSTEMS,8-K,Chris P. Siu,Vice President,spacy,Vice President
AEHR TEST SYSTEMS,8-K,Chris Siu Todd Kehrli,Chief Financial Officer,spacy,Chief Financial Officer
"URBAN ONE, INC.",8-K,Alfred C. Liggins,President,spacy,President
"Contineum Therapeutics, Inc.",8-K,Carmine Stengone Carmine,Chief Executive Officer,spacy,Chief Executive Officer
"Contineum Therapeutics, Inc.",8-K,C. Classes,Director,spacy,Director
"Broad Street Realty, Inc.",8-K,Michael Z.,Chief Executive Officer,spacy,Chief Executive Officer
"RICHARDSON ELECTRONICS, LTD.",8-K,Edward J. Richardson,Chairman,spacy,Chair
MANHATTAN SCIENTIFICS INC,8-K,Frank Georgiou,Cto,spacy,Chief Technology Officer
CARMAX INC,8-K,Bill Nash,President,spacy,President
CARMAX INC,8-K,David Lowenstein,Vice President,spacy,Vice President
Lovesac Co,8-K,Shawn Nelson,Chief Executive Officer,spacy,Chief Executive Officer
iWallet Corp,8-K,Steven Cabouli,Chief Executive Officer,spacy,Chief Executive Officer
"GOLD ROCK HOLDINGS, INC.",8-K,Marcus Daley,Ceo,spacy,Chief Executive Officer
ENTREPRENEUR UNIVERSE BRIGHT GROUP,8-K,Lijun Yuan,Director,spacy,Director
Correlate Energy Corp.,8-K,Todd Michaels Guarantor,Ceo,spacy,Chief Executive Officer
OneSolution Technology Inc.,8-K,Wong Nga Yin Polin,Director,spacy,Director
OneSolution Technology Inc.,8-K,Yin Polin,Chief Financial Officer,spacy,Chief Financial Officer
OneSolution Technology Inc.,8-K,Fo Tan,Chief Financial Officer,spacy,Chief Financial Officer
"REVIVA PHARMACEUTICALS HOLDINGS, INC.",8-K,Narayan Prabhu,Chief Financial Officer,spacy,Chief Financial Officer
"SYNTEC OPTICS HOLDINGS, INC.",8-K,Al Kapoor,Chairman,spacy,Chair
"SYNTEC OPTICS HOLDINGS, INC.",8-K,Joe Mohr,Chief Manufacturing Officer,spacy,Chief Manufacturing Officer
China Foods Holdings Ltd.,8-K,Kong Xiao,Chief Executive Officer,spacy,Chief Executive Officer
Skillsoft Corp.,8-K,Richard G. Walker,Chief Financial Officer,spacy,Chief Financial Officer
Skillsoft Corp.,8-K,Richard George Walker,Chief Financial Officer,spacy,Chief Financial Officer
"PACS Group, Inc.",8-K,C. Severability,Director,spacy,Director
I-ON Digital Corp.,8-K,Carlos Montoya,Chief Executive Officer,spacy,Chief Executive Officer
Innovative Eyewear Inc,8-K,Biscayne Blvd,Unknown,spacy,Unknown
"Vestiage, Inc.",8-K,Fu Raymond Fu,Ceo,spacy,Chief Executive Officer
Kuber Resources Corp,8-K,Raymond Fu,Director,spacy,Director
UL Solutions Inc.,8-K,Jennifer F. Scanlon,Director,spacy,Director
"TC Bancshares, Inc.",8-K,Michael Penney,Director,spacy,Director
Northann Corp.,8-K,David M. Kratochvil,Chief Financial Officer,spacy,Chief Financial Officer
"CKX LANDS, INC.",8-K,William Gray Stream,President,spacy,President
"EBET, Inc.",8-K,Matthew Lourie,Chief Financial Officer,spacy,Chief Financial Officer
"Snail, Inc.",8-K,Heidy Chow,Chief Financial Officer,spacy,Chief Financial Officer
"Snail, Inc.",8-K,Tian Prior,Director,spacy,Director
"Snail, Inc.",8-K,Ying Zhou,Director,spacy,Director
"Snail, Inc.",8-K,Jefferson Blvd,Chief Executive Officer,spacy,Chief Executive Officer
Vuzix Corp,8-K,Paul Travers,President,spacy,President
Vuzix Corp,8-K,Grant Russell,Chief Financial Officer,spacy,Chief Financial Officer
ATIF Holdings Ltd,8-K,Jun Liu,Chief Executive Officer,spacy,Chief Executive Officer
"BIOXYTRAN, INC",8-K,Radka Milanova,Director,spacy,Director
"REGIONAL HEALTH PROPERTIES, INC",8-K,Heather L. Pittard,Chief Accounting Officer,spacy,Chief Accounting Officer
"NSTS Bancorp, Inc.",8-K,Kevin Dolan,Director,spacy,Director
"NSTS Bancorp, Inc.",8-K,Savings Waukegan,Director,spacy,Director
"Albertsons Companies, Inc.",8-K,Bipasha Mukherjee,Corporate Secretary,spacy,Corporate Secretary
"Albertsons Companies, Inc.",8-K,Vivek Sankaran,Ceo,spacy,Chief Executive Officer
SPECTRAL CAPITAL Corp,8-K,Stephen Spalding Effective,Director,spacy,Director
SPECTRAL CAPITAL Corp,8-K,Stephen Spalding,Director,spacy,Director
SPECTRAL CAPITAL Corp,8-K,Steven Spalding,Director,spacy,Director
SPECTRAL CAPITAL Corp,8-K,Jonathon Walton,Director,spacy,Director
"1895 Bancorp of Wisconsin, Inc. /MD/",8-K,David Ball,Chief Executive Officer,spacy,Chief Executive Officer
"New Asia Holdings, Inc.",8-K,Laura Anthony,Unknown,spacy,Unknown
"SILVER BULL RESOURCES, INC.",8-K,Withheld Brian D. Edgar,Director,spacy,Director
"SILVER BULL RESOURCES, INC.",8-K,Timothy T. Barry,Director,spacy,Director
"SILVER BULL RESOURCES, INC.",8-K,David T. Underwood,Cto,spacy,Chief Technology Officer
"SILVER BULL RESOURCES, INC.",8-K,Brian Edgar,Director,spacy,Director
"SILVER BULL RESOURCES, INC.",8-K,Timothy Barry,Director,spacy,Director
"SILVER BULL RESOURCES, INC.",8-K,David Underwood,Director,spacy,Director
"SILVER BULL RESOURCES, INC.",8-K,Tim Barry,Director,spacy,Director
"INNOVATIVE MEDTECH, INC.",8-K,Merle Griff,Director,spacy,Director
"INNOVATIVE MEDTECH, INC.",8-K,Michael Friedman,Ceo,spacy,Chief Executive Officer
"INNOVATIVE MEDTECH, INC.",8-K,Michael Jordan,Chief Executive Officer,spacy,Chief Executive Officer
"Centuri Holdings, Inc.",8-K,Julie A. Dill,Cto,spacy,Chief Technology Officer
"Centuri Holdings, Inc.",8-K,Christopher A. Krummel,Director,spacy,Director
"Centuri Holdings, Inc.",8-K,Anne L. Mariucci,Director,spacy,Director
"Centuri Holdings, Inc.",8-K,William J. Fehrman,Director,spacy,Director
"Sustainable Green Team, Ltd.",8-K,Anthony J. Raynor,Ceo,spacy,Chief Executive Officer
"Sustainable Green Team, Ltd.",8-K,Vista Landfill,Cto,spacy,Chief Technology Officer
"Sustainable Green Team, Ltd.",8-K,Anthony Raynor,Unknown,spacy,Unknown
"Sustainable Green Team, Ltd.",8-K,Tami Raynor,Unknown,spacy,Unknown
"ENNIS, INC.",8-K,Vera Burnett,Chief Financial Officer,spacy,Chief Financial Officer
"ENNIS, INC.",8-K,Dan Gus,Chairman,spacy,Chair
"ENNIS, INC.",8-K,Keith Walters,Chairman,spacy,Chair
U-Haul Holding Co /NV/,8-K,Jason A. Berg,Chief Financial Officer,spacy,Chief Financial Officer
U-Haul Holding Co /NV/,8-K,Kristine K. Campbell,Chief Financial Officer,spacy,Chief Financial Officer
NeoVolta Inc.,8-K,Ardes Johnson,Chief Executive Officer,spacy,Chief Executive Officer
NeoVolta Inc.,8-K,Brent Willson,Chief Executive Officer,spacy,Chief Executive Officer
NeoVolta Inc.,8-K,H. Ardes,President,spacy,President
Dakota Gold Corp.,8-K,Shawn Campbell,Chief Financial Officer,spacy,Chief Financial Officer
Dakota Gold Corp.,8-K,Jonathan Awde,President,spacy,President
Dakota Gold Corp.,8-K,Gerald Aberle,President,spacy,President
Dakota Gold Corp.,8-K,Patrick Malone,President,spacy,President
Dakota Gold Corp.,8-K,James Berry,Vice President,spacy,Vice President
"Mama's Creations, Inc.",8-K,Lynn L. Blake,Director,spacy,Director
Insight Acquisition Corp. /DE,8-K,Jeff Gary,Chief Financial Officer,spacy,Chief Financial Officer
Insight Acquisition Corp. /DE,8-K,Glenn Worman,Chairman,spacy,Chair
Insight Acquisition Corp. /DE,8-K,J. Gregory,President,spacy,President
Insight Acquisition Corp. /DE,8-K,Puesta Del Sol,Director,spacy,Director
CAPITAL PROPERTIES INC /RI/,8-K,Withheld Robert H. Eder,Director,spacy,Director
CAPITAL PROPERTIES INC /RI/,8-K,Steven G. Triedman,Director,spacy,Director
"GEX MANAGEMENT, INC.",8-K,Sri Vanamali,Chief Executive Officer,spacy,Chief Executive Officer
"BOTS, Inc./PR",8-K,Simon Rubin,Ceo,spacy,Chief Executive Officer
"Accolade, Inc.",8-K,Stephen Barnes,Chief Financial Officer,spacy,Chief Financial Officer
"Accolade, Inc.",8-K,Rajeev Singh,Chief Executive Officer,spacy,Chief Executive Officer
"Accolade, Inc.",8-K,Steve Barnes,Chief Financial Officer,spacy,Chief Financial Officer
"SMC Entertainment, Inc.",8-K,Erik Blum,Ceo,spacy,Chief Executive Officer
"SMC Entertainment, Inc.",8-K,Bryan Feinberg,Ceo,spacy,Chief Executive Officer
"SMC Entertainment, Inc.",8-K,Ron Hughes,Chief Executive Officer,spacy,Chief Executive Officer
"Tattooed Chef, Inc.",8-K,Salvatore Galletti,Chairman,spacy,Chair
"Tattooed Chef, Inc.",8-K,Karsten Tortilla Factory,Cto,spacy,Chief Technology Officer
"Tattooed Chef, Inc.",8-K,Cardenas Three,Cto,spacy,Chief Technology Officer
"Tattooed Chef, Inc.",8-K,Bidder Winning,Chairman,spacy,Chair
"GOOD GAMING, INC.",8-K,David Dorwart,Chief Financial Officer,spacy,Chief Financial Officer
"Perma-Pipe International Holdings, Inc.",8-K,David Mansfield,President,spacy,President
"Central Plains Bancshares, Inc.",8-K,Brett Duff,Director,spacy,Director
"Central Plains Bancshares, Inc.",8-K,Steven G. Schneider,Director,spacy,Director
"Central Plains Bancshares, Inc.",8-K,Steven D. Kunzman,Chairman,spacy,Chair
iShares Silver Trust,8-K,Lindsey Haswell,Cto,spacy,Chief Technology Officer
iShares Silver Trust,8-K,Kimun Lee,Director,spacy,Director
BurTech Acquisition Corp.,8-K,Roman Livson,Chief Financial Officer,spacy,Chief Financial Officer
"Mentor Capital, Inc.",8-K,David G. Carlile,Cto,spacy,Chief Technology Officer
"Mentor Capital, Inc.",8-K,Lori Stansfield,Director,spacy,Director
"Nu-Med Plus, Inc.",8-K,Jeffrey Robins,Chairman,spacy,Chair
"Nu-Med Plus, Inc.",8-K,Keith Merrell,President,spacy,President
"Nu-Med Plus, Inc.",8-K,William H. Hayde,Director,spacy,Director
"Nu-Med Plus, Inc.",8-K,Keith L. Merrell,Director,spacy,Director
"Nu-Med Plus, Inc.",8-K,Jeffrey L. Robins,Director,spacy,Director
ASA Gold & Precious Metals Ltd,8-K,Zac Tackett,Chief Operating Officer,spacy,Chief Operating Officer
ASA Gold & Precious Metals Ltd,8-K,Tyler Haynes,Chief Operating Officer,spacy,Chief Operating Officer
ASA Gold & Precious Metals Ltd,8-K,Drew Waford,Chief Operating Officer,spacy,Chief Operating Officer
ELECTRO SENSORS INC,8-K,David L. Klenk,Director,spacy,Director
ELECTRO SENSORS INC,8-K,Jeffrey D. Peterson,Director,spacy,Director
"Quarta-Rad, Inc.",8-K,Victor Shvetsky,Director,spacy,Director
"Quarta-Rad, Inc.",8-K,Alexey Golovanov,Director,spacy,Director
PARK AEROSPACE CORP,8-K,Matthew Farabaugh,Vice President,spacy,Vice President
PARK AEROSPACE CORP,8-K,Brian Shore,Chairman,spacy,Chair
BIOETHICS LTD,8-K,Doug Morris,Cto,spacy,Chief Technology Officer
UNITIL CORP,8-K,Thomas P. Meissner,Chairman,spacy,Chair
UNITIL CORP,8-K,Daniel J. Hurstak,Vice President,spacy,Vice President
"Pioneer Green Farms, Inc.",8-K,Thomas Bellante,Cto,spacy,Chief Technology Officer
Agriculture & Natural Solutions Acquisition Corp,8-K,Jennifer Aaker,Director,spacy,Director
INTERGROUP CORP,8-K,John V. Winfield,Chairman,spacy,Chair
"LZG INTERNATIONAL, INC.",8-K,Peter B. Ritz,Chairman,spacy,Chair
"LifeMD, Inc.",8-K,Marc Benathen,Chief Financial Officer,spacy,Chief Financial Officer
"LifeMD, Inc.",8-K,Jessica Friedeman,Chief Financial Officer,spacy,Chief Financial Officer
"LifeMD, Inc.",8-K,Eric Yecies,Chief Legal Officer,spacy,Chief Legal Officer
"LifeMD, Inc.",8-K,Justin Schreiber,Ceo,spacy,Chief Executive Officer
"LifeMD, Inc.",8-K,G. Recent,Director,spacy,Director
QUEST PATENT RESEARCH CORP,8-K,Jon C. Scahill,Chief Executive Officer,spacy,Chief Executive Officer
KINETIC GROUP INC.,8-K,Maria Mendez,President,spacy,President
"HST Global, Inc.",8-K,Mike Field,Director,spacy,Director
"HST Global, Inc.",8-K,Jason Murphy,Director,spacy,Director
"HST Global, Inc.",8-K,Ron Howell,Director,spacy,Director
"HST Global, Inc.",8-K,Field Mitsubishi,Director,spacy,Director
Loar Holdings Inc.,8-K,Brett Milgrim,Director,spacy,Director
SEATech Ventures Corp.,8-K,Chin Chee,Chief Executive Officer,spacy,Chief Executive Officer
"Exodus Movement, Inc.",8-K,James Gernetzke,Cfo,spacy,Chief Financial Officer
"Exodus Movement, Inc.",8-K,Alice Lopatto,Ceo,spacy,Chief Executive Officer
"Exodus Movement, Inc.",8-K,Webcast Transcript,Ceo,spacy,Chief Executive Officer
"AmeriCann, Inc.",8-K,Ben Barton,Chief Financial Officer,spacy,Chief Financial Officer
"AmeriCann, Inc.",8-K,Chapman Dickerson,Chief Financial Officer,spacy,Chief Financial Officer
"AmeriCann, Inc.",8-K,Americann Parent,Coo,spacy,Chief Operating Officer
ARTESIAN RESOURCES CORP,8-K,Nicki Taylor,President,spacy,President
ARTESIAN RESOURCES CORP,8-K,David B. Spacht,Chief Financial Officer,spacy,Chief Financial Officer
ARTESIAN RESOURCES CORP,8-K,Dian C. Taylor,Ceo,spacy,Chief Executive Officer
Churchill Capital Corp IX/Cayman,8-K,Daniel Nussen,Unknown,spacy,Unknown
Churchill Capital Corp IX/Cayman,8-K,Stephen Murphy,Unknown,spacy,Unknown
Eva Live Inc,8-K,David Boulette,Chief Executive Officer,spacy,Chief Executive Officer
Oklo Inc.,8-K,John Jansen,Director,spacy,Director
Oklo Inc.,8-K,Michael Klein,Director,spacy,Director
Oklo Inc.,8-K,Sam Altman,Chairman,spacy,Chair
Oklo Inc.,8-K,Richard Kinzley,Chief Operating Officer,spacy,Chief Operating Officer
Oklo Inc.,8-K,Michael Landau,Director,spacy,Director
Ivanhoe Electric Inc.,8-K,Ifigenia Gioka,Cto,spacy,Chief Technology Officer
Ivanhoe Electric Inc.,8-K,Robert Friedland,Chairman,spacy,Chair
"Kubient, Inc.",8-K,Mitchell Berg,Chief Technology Officer,spacy,Chief Technology Officer
Planet Green Holdings Corp.,8-K,Lili Hu,Chief Financial Officer,spacy,Chief Financial Officer
"Invech Holdings, Inc.",8-K,Michael Gillespie,Director,spacy,Director
Omnitek Engineering Corp,8-K,Werner Funk,President,spacy,President
Omnitek Engineering Corp,8-K,John M. Palumbo,Director,spacy,Director
Omnitek Engineering Corp,8-K,John Palumbo,Director,spacy,Director
Omnitek Engineering Corp,8-K,Gary Maier,Director,spacy,Director
Omnitek Engineering Corp,8-K,Werner Funk Funk,Director,spacy,Director
"SILVERTON ENERGY, INC.",8-K,Samuel C. Smith,Director,spacy,Director
"SILVERTON ENERGY, INC.",8-K,Eduardo Balli,Chief Financial Officer,spacy,Chief Financial Officer
"SILVERTON ENERGY, INC.",8-K,Dr Ed,Cto,spacy,Chief Technology Officer
"SILVERTON ENERGY, INC.",8-K,John Long,Cto,spacy,Chief Technology Officer
"SILVERTON ENERGY, INC.",8-K,Edward Balli,Ceo,spacy,Chief Executive Officer
ANAVEX LIFE SCIENCES CORP.,8-K,Christopher Missling,Chief Executive Officer,spacy,Chief Executive Officer
ConneXionONE Corp.,8-K,Chris Chang,Chief Financial Officer,spacy,Chief Financial Officer
Un Monde International Ltd.,8-K,Ci Zhang,Chief Executive Officer,spacy,Chief Executive Officer
"CXJ GROUP CO., Ltd",8-K,Zhen Hui,Director,spacy,Director
"CXJ GROUP CO., Ltd",8-K,Lixin Cai,Chairman,spacy,Chair
"Cue Biopharma, Inc.",8-K,Daniel Passeri,Chief Executive Officer,spacy,Chief Executive Officer
"Cue Biopharma, Inc.",8-K,Marie Campinell,Director,spacy,Director
"Appsoft Technologies, Inc.",8-K,Brian Kupchik,President,spacy,President
GROOVE BOTANICALS INC.,8-K,Kent Rodriguez,Chief Executive Officer,spacy,Chief Executive Officer
"Kaya Holdings, Inc.",8-K,Craig Frank,Cto,spacy,Chief Technology Officer
"LEAFBUYER TECHNOLOGIES, INC.",8-K,Kurt Rossner,Chief Executive Officer,spacy,Chief Executive Officer
NETWORK CN INC,8-K,Shirley Cheng,Director,spacy,Director
NETWORK CN INC,8-K,Peter Li,Director,spacy,Director
NETWORK CN INC,8-K,Earnest Leung,Chief Executive Officer,spacy,Chief Executive Officer
"iTeos Therapeutics, Inc.",8-K,Michel Detheux,President,spacy,President
STRUCTURED PRODUCTS CORP CORTS TR FOR PECO ENERGY CAP TR III,8-K,Jeffery Kania,President,spacy,President
"Fifth District Bancorp, Inc.",8-K,Luse Gorman,Unknown,spacy,Unknown
"Fifth District Bancorp, Inc.",8-K,Elliott Davis,Cto,spacy,Chief Technology Officer
"Fifth District Bancorp, Inc.",8-K,Thomas P. Hutton,President,spacy,President
"Silvaco Group, Inc.",8-K,B. Quorum,Director,spacy,Director
Ameren Illinois Co,8-K,Cynthia J. Brinkley,Cto,spacy,Chief Technology Officer
Ameren Illinois Co,8-K,Fadi M. Diya,Director,spacy,Director
Ameren Illinois Co,8-K,Leonard P. Singh,Director,spacy,Director
Ameren Illinois Co,8-K,Theresa A. Shaw,Director,spacy,Director
GP-Act III Acquisition Corp.,8-K,Brigadeiro Faria Lima,Chief Financial Officer,spacy,Chief Financial Officer
GP-Act III Acquisition Corp.,8-K,Provide Cantor,Cto,spacy,Chief Technology Officer
GP-Act III Acquisition Corp.,8-K,Douglas Ellenoff,General Counsel,spacy,General Counsel
GP-Act III Acquisition Corp.,8-K,Steven Mermelstein,General Counsel,spacy,General Counsel
GP-Act III Acquisition Corp.,8-K,Lamas Lambranho,Director,spacy,Director
GP-Act III Acquisition Corp.,8-K,L. Spinner,Director,spacy,Director
GP-Act III Acquisition Corp.,8-K,Fersen Lamas Lambranho,Chairman,spacy,Chair
GP-Act III Acquisition Corp.,8-K,Steven Spinner,Chairman,spacy,Chair
GP-Act III Acquisition Corp.,8-K,Andrew Fleiss,Cto,spacy,Chief Technology Officer
GP-Act III Acquisition Corp.,8-K,Alexandre Ruberti,Chief Executive Officer,spacy,Chief Executive Officer
Lionsgate Studios Corp.,8-K,Mark H. Rachesky,Director,spacy,Director
Lionsgate Studios Corp.,8-K,Emily Fine,Director,spacy,Director
Lionsgate Studios Corp.,8-K,John D. Harkey,Director,spacy,Director
Lionsgate Studios Corp.,8-K,Michael Burns,Director,spacy,Director
Lionsgate Studios Corp.,8-K,Bruce Tobey,Director,spacy,Director
Lionsgate Studios Corp.,8-K,Gordon Crawford,Unknown,spacy,Unknown
Lionsgate Studios Corp.,8-K,Yvette Ostolaza,Director,spacy,Director
Lionsgate Studios Corp.,8-K,Mignon Clyburn,Vice President,spacy,Vice President
Lionsgate Studios Corp.,8-K,Michael T. Fries,Director,spacy,Director
Lionsgate Studios Corp.,8-K,Daryl Simm,Director,spacy,Director
Lionsgate Studios Corp.,8-K,Hardwick Simmons,Cto,spacy,Chief Technology Officer
Teucrium Commodity Trust,8-K,Steve Kahler,Chief Operating Officer,spacy,Chief Operating Officer
Teucrium Commodity Trust,8-K,Teucrium Trading,Chief Financial Officer,spacy,Chief Financial Officer
Limitless X Holdings Inc.,8-K,Mathur Jaspreet,Chief Executive Officer,spacy,Chief Executive Officer
HONG YUAN HOLDING GROUP,8-K,Li Xudong,Chief Executive Officer,spacy,Chief Executive Officer
EACO CORP,8-K,Michael Narikawa,Unknown,spacy,Unknown
EACO CORP,8-K,Glen F. Ceiley,Ceo,spacy,Chief Executive Officer
WORLDS INC,8-K,Jordan Freeman,Director,spacy,Director
Armlogi Holding Corp.,8-K,Zhiliang Zhou,Cfo,spacy,Chief Financial Officer
Armlogi Holding Corp.,8-K,Hunter Taubman Fischer,Unknown,spacy,Unknown
"Proficient Auto Logistics, Inc",8-K,Randy Beggs,Director,spacy,Director
"Proficient Auto Logistics, Inc",8-K,Steven F. Lux,Director,spacy,Director
"Proficient Auto Logistics, Inc",8-K,John Skiadas,Director,spacy,Director
"Proficient Auto Logistics, Inc",8-K,Brad Wright,Chief Financial Officer,spacy,Chief Financial Officer
Nordicus Partners Corp,8-K,Henrik Keller,Ceo,spacy,Chief Executive Officer
Nordicus Partners Corp,8-K,Henrik Rouf,Ceo,spacy,Chief Executive Officer
Nordicus Partners Corp,8-K,Allan Wehnert,Ceo,spacy,Chief Executive Officer
Orion Bliss Corp.,8-K,Alexandra Solomovskaya,Chief Executive Officer,spacy,Chief Executive Officer
PowerUp Acquisition Corp.,8-K,Surendra Ajjarapu Surendra,Chief Executive Officer,spacy,Chief Executive Officer
"APPYEA, INC",8-K,Boris Molchadsky,Chairman,spacy,Chair
"APPYEA, INC",8-K,Adi Shemer,Chairman,spacy,Chair
"APPYEA, INC",8-K,Neil Kline,Director,spacy,Director
"CREATIVE MEDICAL TECHNOLOGY HOLDINGS, INC.",8-K,Timothy Warbington,Chief Executive Officer,spacy,Chief Executive Officer
Alchemy Investments Acquisition Corp 1,8-K,Jinalkumar Bipin Shah,Director,spacy,Director
INNSUITES HOSPITALITY TRUST,8-K,James F.,Chairman,spacy,Chair
INNSUITES HOSPITALITY TRUST,8-K,James F. Wirth,Chairman,spacy,Chair
"Generations Bancorp NY, Inc.",8-K,Angela M. Krezmer,Chief Executive Officer,spacy,Chief Executive Officer
"Apple iSports Group, Inc.",8-K,Joe Martinez,Chief Executive Officer,spacy,Chief Executive Officer
"Freedom Holdings, Inc.",8-K,Olayinka Oyebola,Director,spacy,Director
Dominari Holdings Inc.,8-K,Thomas Fanning,Chief Executive Officer,spacy,Chief Executive Officer
RF Acquisition Corp II,8-K,Meng Ng,Director,spacy,Director
RF Acquisition Corp II,8-K,Chee Soon Tham,Director,spacy,Director
RF Acquisition Corp II,8-K,Alexandra Low,General Counsel,spacy,General Counsel
RF Acquisition Corp II,8-K,Michael Powell,Director,spacy,Director
Regenerative Medical Technology Group Inc.,8-K,David Christensen,Chief Executive Officer,spacy,Chief Executive Officer
ALEXANDERS INC,8-K,David M. Mandelbaum,Director,spacy,Director
ALEXANDERS INC,8-K,Steven Roth,Director,spacy,Director
ALEXANDERS INC,8-K,Mandakini Puri,Director,spacy,Director
ALEXANDERS INC,8-K,Wendy A. Silverstein,Director,spacy,Director
ALEXANDERS INC,8-K,Russell B. Wright,Director,spacy,Director
"Inhibrx Biosciences, Inc.",8-K,Mark P. Lappe,Chief Executive Officer,spacy,Chief Executive Officer
"Inhibrx Biosciences, Inc.",8-K,Brendan P. Eckelman,Chief Executive Officer,spacy,Chief Executive Officer
"Inhibrx Biosciences, Inc.",8-K,Kelly D. Deck,Chief Executive Officer,spacy,Chief Executive Officer
"Inhibrx Biosciences, Inc.",8-K,Brendan Eckelman,Chief Scientific Officer,spacy,Chief Scientific Officer
"Inhibrx Biosciences, Inc.",8-K,Douglas G. Forsyth,Director,spacy,Director
"Inhibrx Biosciences, Inc.",8-K,Jon Faiz Kayyem,Director,spacy,Director
"Inhibrx Biosciences, Inc.",8-K,Kimberly Manhard,Director,spacy,Director
"Inhibrx Biosciences, Inc.",8-K,Kristiina Vuori,Director,spacy,Director
"Inhibrx Biosciences, Inc.",8-K,Sanford Labs,President,spacy,President
"Inhibrx Biosciences, Inc.",8-K,Filling Vacancies Our,Director,spacy,Director
"Nuvera Communications, Inc.",8-K,Perry Meyer,Director,spacy,Director
"Nuvera Communications, Inc.",8-K,James Seifert,Director,spacy,Director
"Nuvera Communications, Inc.",8-K,Redwood Falls,Cto,spacy,Chief Technology Officer
"Mobiquity Technologies, Inc.",8-K,Dean Julia,Ceo,spacy,Chief Executive Officer
abrdn Gold ETF Trust,8-K,Brian Kordeck,Chief Financial Officer,spacy,Chief Financial Officer
abrdn Gold ETF Trust,8-K,Sarah Fisher,Vice President,spacy,Vice President
Western Uranium & Vanadium Corp.,8-K,George Glasier,President,spacy,President
Western Uranium & Vanadium Corp.,8-K,Andrew Wilder,Director,spacy,Director
Western Uranium & Vanadium Corp.,8-K,Robert Klein,Chief Financial Officer,spacy,Chief Financial Officer
Western Uranium & Vanadium Corp.,8-K,Bryan Murphy,Director,spacy,Director
Western Uranium & Vanadium Corp.,8-K,Michael Skutezky,Director,spacy,Director
Western Uranium & Vanadium Corp.,8-K,Beneficially Owned,Director,spacy,Director
Western Uranium & Vanadium Corp.,8-K,Nil Nil Nil,President,spacy,President
Western Uranium & Vanadium Corp.,8-K,Nil Nil Nil Total,Director,spacy,Director
Western Uranium & Vanadium Corp.,8-K,Kathleen Glasier,President,spacy,President
"SKINVISIBLE, INC.",8-K,Terry Howlett,Chief Executive Officer,spacy,Chief Executive Officer
CREDITRISKMONITOR COM INC,8-K,Jennifer Gerold,Chief Financial Officer,spacy,Chief Financial Officer
CREDITRISKMONITOR COM INC,8-K,David Reiner,Chief Financial Officer,spacy,Chief Financial Officer
CREDITRISKMONITOR COM INC,8-K,Steven Gargano,Cfo,spacy,Chief Financial Officer
CREDITRISKMONITOR COM INC,8-K,Michael I. Flum,Chief Executive Officer,spacy,Chief Executive Officer
CREDITRISKMONITOR COM INC,8-K,Mike Flum,Ceo,spacy,Chief Executive Officer
CREDITRISKMONITOR COM INC,8-K,David Reiner Background,Vice President,spacy,Vice President
"Kindly MD, Inc.",8-K,Tim Pickett,Ceo,spacy,Chief Executive Officer
"Kindly MD, Inc.",8-K,Amy Powell,Director,spacy,Director
"Kindly MD, Inc.",8-K,Christian Robinson,Director,spacy,Director
"Kindly MD, Inc.",8-K,Gary Seelhorst,Director,spacy,Director
"Kindly MD, Inc.",8-K,Disputes Any,Director,spacy,Director
"SUNHYDROGEN, INC.",8-K,John Calicchio,President,spacy,President
"GRAIL, Inc.",8-K,Aaron Freidin,Chief Executive Officer,spacy,Chief Executive Officer
"GRAIL, Inc.",8-K,Josh Ofman,Chief Executive Officer,spacy,Chief Executive Officer
"GRAIL, Inc.",8-K,Steve Mizell,Director,spacy,Director
"GRAIL, Inc.",8-K,Jet Engine,President,spacy,President
"GRAIL, Inc.",8-K,Additional Retainer,Director,spacy,Director
"GRAIL, Inc.",8-K,Supplies Supplies,Cto,spacy,Chief Technology Officer
"GRAIL, Inc.",8-K,Richard Klausner,Director,spacy,Director
"GRAIL, Inc.",8-K,Hans Bishop,Cto,spacy,Chief Technology Officer
SCANDIUM INTERNATIONAL MINING CORP.,8-K,Peter Evensen,President,spacy,President
SCANDIUM INTERNATIONAL MINING CORP.,8-K,William B. Harris,Director,spacy,Director
KAANAPALI LAND LLC,8-K,Richard Helland,Vice President,spacy,Vice President
Clough Global Equity Fund,8-K,Christopher Morre Christopher Moore,Unknown,spacy,Unknown
LadRx Corp,8-K,John Y. Caloz,Chief Financial Officer,spacy,Chief Financial Officer
LadRx Corp,8-K,Stephen Snowdy,Ceo,spacy,Chief Executive Officer
WILLAMETTE VALLEY VINEYARDS INC,8-K,Elizabeth Spencer,Director,spacy,Director
INNOVATIVE DESIGNS INC,8-K,Richard Wortmann,Unknown,spacy,Unknown
"Syros Pharmaceuticals, Inc.",8-K,Gerald Quirk,Chief Business Officer,spacy,Chief Business Officer
"ADAMS DIVERSIFIED EQUITY FUND, INC.",8-K,James P. Haynie,Chief Executive Officer,spacy,Chief Executive Officer
"ADAMS DIVERSIFIED EQUITY FUND, INC.",8-K,F. Kerns,Chief Executive Officer,spacy,Chief Executive Officer
"ADAMS DIVERSIFIED EQUITY FUND, INC.",8-K,Lauriann C. Kloppenburg,Director,spacy,Director
"ADAMS DIVERSIFIED EQUITY FUND, INC.",8-K,Mary Chris,Director,spacy,Director
"ADAMS DIVERSIFIED EQUITY FUND, INC.",8-K,Kenneth J. Dale,Director,spacy,Director
FS Credit Income Fund,8-K,Lee Kruter,Chairman,spacy,Chair
Heritage Global Inc.,8-K,Barbara Sinsley,Director,spacy,Director
Heritage Global Inc.,8-K,Ross Dove,Chief Executive Officer,spacy,Chief Executive Officer
"Blubuzzard, Inc.",8-K,Paul Moody,Director,spacy,Director
"Blubuzzard, Inc.",8-K,James Xilas,Director,spacy,Director
ELECTRONIC SYSTEMS TECHNOLOGY INC,8-K,Withheld Donald,Director,spacy,Director
ELECTRONIC SYSTEMS TECHNOLOGY INC,8-K,Thomas Schaefer,Director,spacy,Director
ELECTRONIC SYSTEMS TECHNOLOGY INC,8-K,Daniel M. Tolley,President,spacy,President
Smurfit Westrock plc,8-K,Smurfit Kappa,Cto,spacy,Chief Technology Officer
"Sarepta Therapeutics, Inc.",8-K,Michael Chambers,Unknown,spacy,Unknown
"Rapport Therapeutics, Inc.",8-K,Hudson Yards,Coo,spacy,Chief Operating Officer
"Rapport Therapeutics, Inc.",8-K,Kingsley L. Taft,Chief Financial Officer,spacy,Chief Financial Officer
"Rapport Therapeutics, Inc.",8-K,Stephanie A. Richards,Chief Financial Officer,spacy,Chief Financial Officer
ESPEY MFG & ELECTRONICS CORP,8-K,Katrina Sparano,Unknown,spacy,Unknown
ESPEY MFG & ELECTRONICS CORP,8-K,Declares Regular,Chief Executive Officer,spacy,Chief Executive Officer
ESPEY MFG & ELECTRONICS CORP,8-K,Saratoga Springs,Chief Executive Officer,spacy,Chief Executive Officer
ESPEY MFG & ELECTRONICS CORP,8-K,Jennifer Pickering,President,spacy,President
Solid Biosciences Inc.,8-K,Adam Koppel,Director,spacy,Director
Solid Biosciences Inc.,8-K,Martin Freed,Director,spacy,Director
Solid Biosciences Inc.,8-K,Ilan Ganot,Director,spacy,Director
Solid Biosciences Inc.,8-K,Ian Smith,Director,spacy,Director
AURA SYSTEMS INC,8-K,Gary Campbell,Director,spacy,Director
AURA SYSTEMS INC,8-K,Flavia Di Nino,Chief Financial Officer,spacy,Chief Financial Officer
AURA SYSTEMS INC,8-K,Di Nino,Chief Financial Officer,spacy,Chief Financial Officer
AURA SYSTEMS INC,8-K,Fabia Di Nino,Chief Financial Officer,spacy,Chief Financial Officer
AURA SYSTEMS INC,8-K,Cipora Lavut,President,spacy,President
"NATHANS FAMOUS, INC.",8-K,Robert Steinberg,Vice President,spacy,Vice President
"RENN Fund, Inc.",8-K,Anita L. Allen,Director,spacy,Director
"RENN Fund, Inc.",8-K,Melinda J. Newman,Director,spacy,Director
Waystar Holding Corp.,8-K,T. Craig Bridge,Chief Business Officer,spacy,Chief Business Officer
Waystar Holding Corp.,8-K,Ethan Waxman,Director,spacy,Director
Waystar Holding Corp.,8-K,Eric Liu,Director,spacy,Director
Waystar Holding Corp.,8-K,Samuel Blaichman,Director,spacy,Director
Waystar Holding Corp.,8-K,Paul Moskowitz,Director,spacy,Director
Waystar Holding Corp.,8-K,Priscilla Hung,Director,spacy,Director
Waystar Holding Corp.,8-K,Vivian Riefberg,Director,spacy,Director
Waystar Holding Corp.,8-K,Heidi Miller,Cto,spacy,Chief Technology Officer
Waystar Holding Corp.,8-K,Chris Jayne,Director,spacy,Director
Waystar Holding Corp.,8-K,Sean Joyce,Director,spacy,Director
Waystar Holding Corp.,8-K,James Barrese,Director,spacy,Director
Waystar Holding Corp.,8-K,Ursula Burns,Director,spacy,Director
Waystar Holding Corp.,8-K,Tristan Brown,Unknown,spacy,Unknown
Chenghe Acquisition II Co.,8-K,James Zhang,Director,spacy,Director
Chenghe Acquisition II Co.,8-K,Ning Ma,Director,spacy,Director
Chenghe Acquisition II Co.,8-K,Shibin Wang,Director,spacy,Director
Chenghe Acquisition II Co.,8-K,Lyle Wang Lyle,Chief Executive Officer,spacy,Chief Executive Officer
Chenghe Acquisition II Co.,8-K,Wang Acknowledged,Chief Executive Officer,spacy,Chief Executive Officer
Perceptive Capital Solutions Corp,8-K,Joseph Edelman,Chairman,spacy,Chair
Perceptive Capital Solutions Corp,8-K,Adam Stone,Chairman,spacy,Chair
Perceptive Capital Solutions Corp,8-K,Joel Rubinstein,General Counsel,spacy,General Counsel
Perceptive Capital Solutions Corp,8-K,Joel L. Rubinstein,General Counsel,spacy,General Counsel
Centurion Acquisition Corp.,8-K,Riaan Hodgson,Cto,spacy,Chief Technology Officer
Centurion Acquisition Corp.,8-K,Robert Foresman,Director,spacy,Director
Centurion Acquisition Corp.,8-K,Michael Jesselson,Director,spacy,Director
Centurion Acquisition Corp.,8-K,Mickie Rosen,Director,spacy,Director
Centurion Acquisition Corp.,8-K,Michael Jesselson Acknowledged,Chief Executive Officer,spacy,Chief Executive Officer
Centurion Acquisition Corp.,8-K,Elliott M. Smith,Chief Executive Officer,spacy,Chief Executive Officer
RESEARCH FRONTIERS INC,8-K,Joseph M. Harary,Director,spacy,Director
"Strategic Environmental & Energy Resources, Inc.",8-K,James Gaspard,Ceo,spacy,Chief Executive Officer
CION Ares Diversified Credit Fund,8-K,Gregg Schill Gregg,Vice President,spacy,Vice President
VirnetX Holding Corp,8-K,Larsen Kendall,Chief Executive Officer,spacy,Chief Executive Officer
"Lifeway Foods, Inc.",8-K,Juan Carlos Dalto,Cto,spacy,Chief Technology Officer
"Lifeway Foods, Inc.",8-K,Jason Scher,Cto,spacy,Chief Technology Officer
"Lifeway Foods, Inc.",8-K,Pol Sikar,Cto,spacy,Chief Technology Officer
"Reliant Holdings, Inc.",8-K,Elijah May,Cto,spacy,Chief Technology Officer
Karbon-X Corp.,8-K,Chad Clovis,Chief Executive Officer,spacy,Chief Executive Officer
"MDB Capital Holdings, LLC",8-K,Daniel Torpey,Director,spacy,Director
DIAMONDHEAD CASINO CORP,8-K,Deborah A. Vitale,President,spacy,President
DIAMONDHEAD CASINO CORP,8-K,Diamondhead Casino,President,spacy,President
DIAMONDHEAD CASINO CORP,8-K,Gregory Harrison,President,spacy,President
"Japan Food Tech Holdings, Inc.",8-K,St Ste,Director,spacy,Director
XBiotech Inc.,8-K,John Simard,Director,spacy,Director
"NAPC Defense, Inc.",8-K,Silver Shado,Cto,spacy,Chief Technology Officer
"NAPC Defense, Inc.",8-K,Craig A. Huffman,Director,spacy,Director
"NAPC Defense, Inc.",8-K,Patrick Scheider,Director,spacy,Director
"NAPC Defense, Inc.",8-K,Stephen L. Gurba,Chief Legal Officer,spacy,Chief Legal Officer
"NAPC Defense, Inc.",8-K,John Spence,Director,spacy,Director
Melar Acquisition Corp. I/Cayman,8-K,Edward Lifshitz,Chief Executive Officer,spacy,Chief Executive Officer
Melar Acquisition Corp. I/Cayman,8-K,Eric Lifshitz,Chief Executive Officer,spacy,Chief Executive Officer
Melar Acquisition Corp. I/Cayman,8-K,Tara Kenney,Unknown,spacy,Unknown
"Embassy Bancorp, Inc.",8-K,David M. Lobach,Director,spacy,Director
"Embassy Bancorp, Inc.",8-K,John G. Englesson,Director,spacy,Director
Lionheart Holdings,8-K,Lead Underwriter,Director,spacy,Director
Lionheart Holdings,8-K,Stuart Neuhauser,General Counsel,spacy,General Counsel
Lionheart Holdings,8-K,Faquiry Diaz Cala,Chairman,spacy,Chair
Lionheart Holdings,8-K,Thomas Hawkins,Chief Financial Officer,spacy,Chief Financial Officer
Lionheart Holdings,8-K,Roger Meltzer,Chief Financial Officer,spacy,Chief Financial Officer
Lionheart Holdings,8-K,Antony Sheriff,Chief Operating Officer,spacy,Chief Operating Officer
SOLITARIO RESOURCES CORP.,8-K,Chris Herald,President,spacy,President
SOLITARIO RESOURCES CORP.,8-K,Brian Labadie,Director,spacy,Director
Flag Ship Acquisition Corp,8-K,Pai Liu,Director,spacy,Director
Flag Ship Acquisition Corp,8-K,Wen He,Director,spacy,Director
Flag Ship Acquisition Corp,8-K,Citrus Grove,Director,spacy,Director
Flag Ship Acquisition Corp,8-K,Bill Huo,Ceo,spacy,Chief Executive Officer
Antiaging Quantum Living Inc.,8-K,Barry Wan,President,spacy,President
GB SCIENCES INC,8-K,John Poss,Chief Executive Officer,spacy,Chief Executive Officer
SECURITY NATIONAL FINANCIAL CORP,8-K,Shital A. Mehta,Coo,spacy,Chief Operating Officer
SECURITY NATIONAL FINANCIAL CORP,8-K,Jason G. Overbaugh,Coo,spacy,Chief Operating Officer
SECURITY NATIONAL FINANCIAL CORP,8-K,H. Craig Moody,Coo,spacy,Chief Operating Officer
SECURITY NATIONAL FINANCIAL CORP,8-K,Robert G. Hunter,Coo,spacy,Chief Operating Officer
SECURITY NATIONAL FINANCIAL CORP,8-K,Gilbert A. Fuller,Coo,spacy,Chief Operating Officer
SECURITY NATIONAL FINANCIAL CORP,8-K,Ludmya B. Love,Coo,spacy,Chief Operating Officer
SECURITY NATIONAL FINANCIAL CORP,8-K,Adam G. Quist,Coo,spacy,Chief Operating Officer
SECURITY NATIONAL FINANCIAL CORP,8-K,A. Mehta,Coo,spacy,Chief Operating Officer
NXG NextGen Infrastructure Income Fund,8-K,Survive Delivery,Unknown,spacy,Unknown
NXG NextGen Infrastructure Income Fund,8-K,Jeff Engelsman,Ceo,spacy,Chief Executive Officer
NXG NextGen Infrastructure Income Fund,8-K,Paul J. Torre,President,spacy,President
Coliseum Acquisition Corp.,8-K,Harry You,Chairman,spacy,Chair
Coliseum Acquisition Corp.,8-K,Written Request,Director,spacy,Director
Coliseum Acquisition Corp.,8-K,Gavin Newsom Source,Cto,spacy,Chief Technology Officer
Coliseum Acquisition Corp.,8-K,Van De Graaff Generator,Coo,spacy,Chief Operating Officer
Coliseum Acquisition Corp.,8-K,Atmospheric Lab,Coo,spacy,Chief Operating Officer
Coliseum Acquisition Corp.,8-K,Mike Meldman,Ceo,spacy,Chief Executive Officer
"HIGH WIRE NETWORKS, INC.",8-K,Wire Networks,Chief Executive Officer,spacy,Chief Executive Officer
"HIGH WIRE NETWORKS, INC.",8-K,Tim Randall,Chief Marketing Officer,spacy,Chief Marketing Officer
"Eline Entertainment Group, Inc.",8-K,Chi Wai,Director,spacy,Director
"Eline Entertainment Group, Inc.",8-K,Shing Hei Lee,Ceo,spacy,Chief Executive Officer
Tamboran Resources Corp,8-K,Spraberry Interests,Chief Executive Officer,spacy,Chief Executive Officer
Tamboran Resources Corp,8-K,Ryan Dalton,Cto,spacy,Chief Technology Officer
Tamboran Resources Corp,8-K,Stephanie Reed,Director,spacy,Director
"EWSB Bancorp, Inc. /MD/",8-K,Kip A. Weissman,President,spacy,President
Graf Global Corp.,8-K,Kenneth Weinstein,Director,spacy,Director
Graf Global Corp.,8-K,Fred Zeidman,Director,spacy,Director
Graf Global Corp.,8-K,James Graf,Director,spacy,Director
ASIAFIN HOLDINGS CORP.,8-K,Wong Kai Cheong,Chief Executive Officer,spacy,Chief Executive Officer
ASIAFIN HOLDINGS CORP.,8-K,Louis Ramesh Ruben,Director,spacy,Director
ASIAFIN HOLDINGS CORP.,8-K,Kai Cheong,Director,spacy,Director
ASIAFIN HOLDINGS CORP.,8-K,Udang Pasir,Director,spacy,Director
ASIAFIN HOLDINGS CORP.,8-K,Taman Megah Kepong,Director,spacy,Director
ALUMIS INC.,8-K,Sara Klein,Unknown,spacy,Unknown
GABELLI MULTIMEDIA TRUST INC.,8-K,Morrow Sodali,Cto,spacy,Chief Technology Officer
Ranger Gold Corp.,8-K,Bryan Glass,President,spacy,President
AI Transportation Acquisition Corp,8-K,Kirk Taylor,Cfo,spacy,Chief Financial Officer
AI Transportation Acquisition Corp,8-K,Yun Wu,Director,spacy,Director
AI Transportation Acquisition Corp,8-K,Wong Ping Kuen,Director,spacy,Director
AI Transportation Acquisition Corp,8-K,Ka Cheong Leung,Director,spacy,Director
AI Transportation Acquisition Corp,8-K,Dick Wai Mak,Director,spacy,Director
AI Transportation Acquisition Corp,8-K,Ka Cheong Leung Ka,Chief Financial Officer,spacy,Chief Financial Officer
AI Transportation Acquisition Corp,8-K,Cheong Leung,Director,spacy,Director
AI Transportation Acquisition Corp,8-K,Dick Wai,Director,spacy,Director
LandBridge Co LLC,8-K,Matthew K. Morrow,Chairman,spacy,Chair
LandBridge Co LLC,8-K,Frank Bayouth,Chairman,spacy,Chair
LandBridge Co LLC,8-K,Kara Goodloe Harling,Chairman,spacy,Chair
LandBridge Co LLC,8-K,Ben Moore,Chairman,spacy,Chair
LandBridge Co LLC,8-K,Charles Watson,Chairman,spacy,Chair
LandBridge Co LLC,8-K,Ty Daul,Chairman,spacy,Chair
LandBridge Co LLC,8-K,Raymond James Entities,Director,spacy,Director
LandBridge Co LLC,8-K,Good Faith,Director,spacy,Director
LandBridge Co LLC,8-K,Nathaniel Shahan Kekst,Chief Financial Officer,spacy,Chief Financial Officer
"Sunrise Realty Trust, Inc.",8-K,Alexander Frank,Chairman,spacy,Chair
"Sunrise Realty Trust, Inc.",8-K,Leonard Tannenbaum,Chief Financial Officer,spacy,Chief Financial Officer
"Sunrise Realty Trust, Inc.",8-K,Jodi Hanson,Director,spacy,Director
Marvion Inc.,8-K,Chan Sze Yu,Chief Executive Officer,spacy,Chief Executive Officer
Marvion Inc.,8-K,Chang Man Chung,Chief Executive Officer,spacy,Chief Executive Officer
Marvion Inc.,8-K,Lee Ying Chiu Herbert,Chief Executive Officer,spacy,Chief Executive Officer
GLOBAL ACQUISITIONS Corp,8-K,Ronald Boreta,Chief Executive Officer,spacy,Chief Executive Officer
GLOBAL ACQUISITIONS Corp,8-K,John Boreta,President,spacy,President
GLOBAL ACQUISITIONS Corp,8-K,Michael J. Bonner,Unknown,spacy,Unknown
Eureka Acquisition Corp,8-K,M. Anthony Wong,Director,spacy,Director
Eureka Acquisition Corp,8-K,Lauren Simmons,Director,spacy,Director
Eureka Acquisition Corp,8-K,Celeste Gonzalez,Ceo,spacy,Chief Executive Officer
Eureka Acquisition Corp,8-K,Yangguang Binjiang,Ceo,spacy,Chief Executive Officer
Eureka Acquisition Corp,8-K,Larry Glassberg,Director,spacy,Director
Eureka Acquisition Corp,8-K,Wang Zhechen,Director,spacy,Director
Six Flags Entertainment Corporation/NEW,8-K,Selim Bassoul,Chairman,spacy,Chair
Six Flags Entertainment Corporation/NEW,8-K,Richard Zimmerman,President,spacy,President
Six Flags Entertainment Corporation/NEW,8-K,Tim Fisher,President,spacy,President
Six Flags Entertainment Corporation/NEW,8-K,Brian Nurse,President,spacy,President
Six Flags Entertainment Corporation/NEW,8-K,Christian Dieckmann,Chief Operating Officer,spacy,Chief Operating Officer
STRUCTURED PRODUCTS CORP CRED ENHANCE CORTS TR FOR AON CAP A,8-K,Jeffrey Kania,President,spacy,President
JAAG Enterprises Ltd.,8-K,Jeffrey Chau,Chief Executive Officer,spacy,Chief Executive Officer
RemSleep Holdings Inc.,8-K,Judy Strzepek,Cto,spacy,Chief Technology Officer
"Balance Labs, Inc.",8-K,Ari Feldman,Director,spacy,Director
"Balance Labs, Inc.",8-K,Joel Kleiner,Chief Financial Officer,spacy,Chief Financial Officer
Aceztech Corp,8-K,Kae Ren,Chief Executive Officer,spacy,Chief Executive Officer
"Dolphin Entertainment, Inc.",8-K,Mirta A. Negrini,Unknown,spacy,Unknown
"GIFTIFY, INC.",8-K,Paul K. Danner,Director,spacy,Director
"GIFTIFY, INC.",8-K,Kevin Harrington,Director,spacy,Director
UNIVERSAL SECURITY INSTRUMENTS INC,8-K,Harvey B. Grossblatt,President,spacy,President
UNIVERSAL SECURITY INSTRUMENTS INC,8-K,James B. Huff,Vice President,spacy,Vice President
SIM Acquisition Corp. I,8-K,Eric Spangenberg,Chief Executive Officer,spacy,Chief Executive Officer
SIM Acquisition Corp. I,8-K,Janine Grasso,Chief Financial Officer,spacy,Chief Financial Officer
UBUYHOLDINGS INC,8-K,John Tang Honjian,Director,spacy,Director
UBUYHOLDINGS INC,8-K,John Tan,Director,spacy,Director
UBUYHOLDINGS INC,8-K,Tan Honjian,Director,spacy,Director
UBUYHOLDINGS INC,8-K,John Tan Honjian,Chairman,spacy,Chair
Launch One Acquisition Corp.,8-K,Risa Stack,Unknown,spacy,Unknown
Launch One Acquisition Corp.,8-K,Ryan Gilbert,Chairman,spacy,Chair
Launch One Acquisition Corp.,8-K,Brian G. Atwood,Chief Executive Officer,spacy,Chief Executive Officer
Launch One Acquisition Corp.,8-K,Rodney A. Ferguson,Chief Executive Officer,spacy,Chief Executive Officer
T-REX Acquisition Corp.,8-K,Frank Horkey,President,spacy,President
"China Health Industries Holdings, Inc.",8-K,Liyuan Sun,Chairman,spacy,Chair
"Hawkeye Systems, Inc.",8-K,Christopher Mulgrew,Cfo,spacy,Chief Financial Officer
LVPAI GROUP Ltd,8-K,Xu Ni,Director,spacy,Director
"Artiva Biotherapeutics, Inc.",8-K,Fred Aslan,President,spacy,President
GREENWAY TECHNOLOGIES INC,8-K,Robert Kevin Jones,Director,spacy,Director
GREENWAY TECHNOLOGIES INC,8-K,Kent Harer,Director,spacy,Director
GREENWAY TECHNOLOGIES INC,8-K,Ransom B. Jones,Chief Financial Officer,spacy,Chief Financial Officer
"TWFG, Inc.",8-K,Richard F. Bunch,Chief Executive Officer,spacy,Chief Executive Officer
SUNRISE REAL ESTATE GROUP INC,8-K,Wang Wen Hua,Director,spacy,Director
SUNRISE REAL ESTATE GROUP INC,8-K,Gu Liang,Director,spacy,Director
SUNRISE REAL ESTATE GROUP INC,8-K,Lin Hsin,Chairman,spacy,Chair
OCULUS VISIONTECH INC.,8-K,Anton J. Drescher,Corporate Secretary,spacy,Corporate Secretary
"Lineage, Inc.",8-K,John Carrafiell,Director,spacy,Director
"Lineage, Inc.",8-K,Luke Taylor,Director,spacy,Director
"Lineage, Inc.",8-K,Michael Turner,Director,spacy,Director
"Lineage, Inc.",8-K,James Wyper,Director,spacy,Director
"Lineage, Inc.",8-K,Shellye Archambeau,Director,spacy,Director
"Lineage, Inc.",8-K,Lynn Wentworth,Director,spacy,Director
"Lineage, Inc.",8-K,Adam Forste,Chairman,spacy,Chair
"Lineage, Inc.",8-K,Kevin Marchetti,Chief Executive Officer,spacy,Chief Executive Officer
DT Cloud Star Acquisition Corp,8-K,Longjiao Li,Director,spacy,Director
DT Cloud Star Acquisition Corp,8-K,Chi Zhang,Director,spacy,Director
DT Cloud Star Acquisition Corp,8-K,Jiayi Liang,Director,spacy,Director
DT Cloud Star Acquisition Corp,8-K,Kenneth Lam,Chief Executive Officer,spacy,Chief Executive Officer
"OneStream, Inc.",8-K,Allison Spinner,Cto,spacy,Chief Technology Officer
"OneStream, Inc.",8-K,Michael Nordtvedt,Cto,spacy,Chief Technology Officer
"OneStream, Inc.",8-K,Victor Nilsson,Cto,spacy,Chief Technology Officer
"OneStream, Inc.",8-K,David Welsh,Cto,spacy,Chief Technology Officer
"OneStream, Inc.",8-K,Quorum Requirement,Director,spacy,Director
"OneStream, Inc.",8-K,Timothy K. Bliss,Unknown,spacy,Unknown
"OneStream, Inc.",8-K,Anthony Dimitrie,Vice President,spacy,Vice President
"OneStream, Inc.",8-K,Mark Reed,President,spacy,President
"OneStream, Inc.",8-K,John Kinzer,Chief Revenue Officer,spacy,Chief Revenue Officer
"OneStream, Inc.",8-K,Michael Burkland,Chief Revenue Officer,spacy,Chief Revenue Officer
"OneStream, Inc.",8-K,Chad Hart,Vice President,spacy,Vice President
"OneStream, Inc.",8-K,Jonathan Mariner,Ceo,spacy,Chief Executive Officer
"OneStream, Inc.",8-K,Tom Shea,Ceo,spacy,Chief Executive Officer
"OneStream, Inc.",8-K,Richard Fortunato,Director,spacy,Director
"OneStream, Inc.",8-K,Ricardo Rasche,Chief Solutions Officer,spacy,Chief Solutions Officer
"ADM TRONICS UNLIMITED, INC.",8-K,Rosenberg Rich,Cfo,spacy,Chief Financial Officer
NITCHES INC,8-K,John Morgan,Unknown,spacy,Unknown
CBRE GLOBAL REAL ESTATE INCOME FUND,8-K,Jeff Chang,Unknown,spacy,Unknown
"VISIUM TECHNOLOGIES, INC.",8-K,Wayne Monk,Director,spacy,Director
"VISIUM TECHNOLOGIES, INC.",8-K,Emmanuel Esaka,Director,spacy,Director
"VISIUM TECHNOLOGIES, INC.",8-K,Solomon Adote,Director,spacy,Director
"VISIUM TECHNOLOGIES, INC.",8-K,Mark Lucky,Chief Executive Officer,spacy,Chief Executive Officer
"Concentra Group Holdings Parent, Inc.",8-K,Keith Newton,Chief Executive Officer,spacy,Chief Executive Officer
"Concentra Group Holdings Parent, Inc.",8-K,Cheryl Pegus,Director,spacy,Director
"Concentra Group Holdings Parent, Inc.",8-K,Robert A. Ortenzio,Cto,spacy,Chief Technology Officer
"Concentra Group Holdings Parent, Inc.",8-K,William K. Newton,Director,spacy,Director
"Concentra Group Holdings Parent, Inc.",8-K,Lauren Dansbury,Director,spacy,Director
"Concentra Group Holdings Parent, Inc.",8-K,Michael Hodshon,Vice President,spacy,Vice President
Seaport Entertainment Group Inc.,8-K,David Z. Hirsh,Director,spacy,Director
Seaport Entertainment Group Inc.,8-K,Michael A. Crawford,Director,spacy,Director
Seaport Entertainment Group Inc.,8-K,Anthony F. Massaro,Director,spacy,Director
Seaport Entertainment Group Inc.,8-K,Replacement Guaranty,Cto,spacy,Chief Technology Officer
Seaport Entertainment Group Inc.,8-K,Marilyn P. Davis,Chief Financial Officer,spacy,Chief Financial Officer
Invesco CurrencyShares Australian Dollar Trust,8-K,John Zerr,Director,spacy,Director
"XERIANT, INC.",8-K,Keith Duffy,Chief Executive Officer,spacy,Chief Executive Officer
"Actinium Pharmaceuticals, Inc.",8-K,Avinash Desai,Chief Medical Officer,spacy,Chief Medical Officer
AA Mission Acquisition Corp.,8-K,Zhongxuan Li,Chief Executive Officer,spacy,Chief Executive Officer
AA Mission Acquisition Corp.,8-K,Zhenxing Wang,Chief Executive Officer,spacy,Chief Executive Officer
AA Mission Acquisition Corp.,8-K,Wenzhong Zhao,Chief Executive Officer,spacy,Chief Executive Officer
M3-Brigade Acquisition V Corp.,8-K,Frederick Arnold,Director,spacy,Director
M3-Brigade Acquisition V Corp.,8-K,Matthew Perkal,Chief Executive Officer,spacy,Chief Executive Officer
M3-Brigade Acquisition V Corp.,8-K,Chris Chaice,Chief Executive Officer,spacy,Chief Executive Officer
M3-Brigade Acquisition V Corp.,8-K,Charles Garner,Unknown,spacy,Unknown
M3-Brigade Acquisition V Corp.,8-K,Eric Greenhaus Acknowledged,Chairman,spacy,Chair
M3-Brigade Acquisition V Corp.,8-K,Raphael M. Russo,General Counsel,spacy,General Counsel
"Adagio Medical Holdings, Inc.",8-K,Sandra Gardiner,Director,spacy,Director
"Adagio Medical Holdings, Inc.",8-K,Timothy Moran,Director,spacy,Director
"Adagio Medical Holdings, Inc.",8-K,Hakon Bergheim,Chief Executive Officer,spacy,Chief Executive Officer
"Adagio Medical Holdings, Inc.",8-K,Shahram Moaddeb,Director,spacy,Director
"Adagio Medical Holdings, Inc.",8-K,Orly Mishan,Director,spacy,Director
"Adagio Medical Holdings, Inc.",8-K,Cardiothoracic Surgeon,Unknown,spacy,Unknown
"Adagio Medical Holdings, Inc.",8-K,Astor Place,Chief Financial Officer,spacy,Chief Financial Officer
"Adagio Medical Holdings, Inc.",8-K,Todd Wider,Director,spacy,Director
"Adagio Medical Holdings, Inc.",8-K,Tim Glynn,Director,spacy,Director
"Adagio Medical Holdings, Inc.",8-K,Ilya Grigorov,Director,spacy,Director
"Adagio Medical Holdings, Inc.",8-K,Nabil Jubran,Director,spacy,Director
"Adagio Medical Holdings, Inc.",8-K,Doug Kurschinski,Director,spacy,Director
"Adagio Medical Holdings, Inc.",8-K,Reed Smith,Chief Executive Officer,spacy,Chief Executive Officer
"Adagio Medical Holdings, Inc.",8-K,Stephen Jones,Unknown,spacy,Unknown
EQV Ventures Acquisition Corp.,8-K,Jerome C. Silvey,Cto,spacy,Chief Technology Officer
EQV Ventures Acquisition Corp.,8-K,Bryan Summers,Director,spacy,Director
EQV Ventures Acquisition Corp.,8-K,Andrew Blakeman,Director,spacy,Director
EQV Ventures Acquisition Corp.,8-K,Marc Peperzak,Director,spacy,Director
EQV Ventures Acquisition Corp.,8-K,Julian Seiguer,Chief Financial Officer,spacy,Chief Financial Officer
EQV Ventures Acquisition Corp.,8-K,Jerry Silvey,Chief Executive Officer,spacy,Chief Executive Officer
EQV Ventures Acquisition Corp.,8-K,Billy Vranish,General Counsel,spacy,General Counsel
EQV Ventures Acquisition Corp.,8-K,Marcus Peperzak,Director,spacy,Director
Summit Midstream Corp,8-K,Matthew B. Sicinski,Vice President,spacy,Vice President
"Accredited Solutions, Inc.",8-K,Eduardo A. Brito,Chief Executive Officer,spacy,Chief Executive Officer
"Monroe Federal Bancorp, Inc.",8-K,Victor L. Cangelosi,President,spacy,President
EOS INC.,8-K,Siang Yang,President,spacy,President
Leet Technology Inc.,8-K,Elain Lockman,Director,spacy,Director
KHEOBA CORP.,8-K,Irakli Tatarishvili,Director,spacy,Director
Medies,8-K,Kenneth Tindall,Director,spacy,Director
Medies,8-K,Simon Kidd,Ceo,spacy,Chief Executive Officer
Medies,8-K,Leong Weng Fong,Ceo,spacy,Chief Executive Officer
Bowhead Specialty Holdings Inc.,8-K,Stephen Sills,Chief Executive Officer,spacy,Chief Executive Officer
"Ardent Health Partners, Inc.",8-K,Marty Bonick,President,spacy,President
Voyager Acquisition Corp./Cayman Islands,8-K,Jonathan Intrater,Chief Executive Officer,spacy,Chief Executive Officer
Voyager Acquisition Corp./Cayman Islands,8-K,Jonathan Intrater Acknowledged,Chief Executive Officer,spacy,Chief Executive Officer
"ACTUATE THERAPEUTICS, INC.",8-K,Jason Keyes,Director,spacy,Director
"ACTUATE THERAPEUTICS, INC.",8-K,Roger Sawhney,Director,spacy,Director
"ACTUATE THERAPEUTICS, INC.",8-K,Amy Ronneberg,Director,spacy,Director
"Cantor Equity Partners, Inc.",8-K,Jane Novak,Chief Executive Officer,spacy,Chief Executive Officer
"Cantor Equity Partners, Inc.",8-K,Danny Salinas,Chief Executive Officer,spacy,Chief Executive Officer
"Cantor Equity Partners, Inc.",8-K,Carl Grimstad Acknowledged,Chief Executive Officer,spacy,Chief Executive Officer
"Cantor Equity Partners, Inc.",8-K,Jeffrey Gallant,General Counsel,spacy,General Counsel
OS Therapies Inc,8-K,Paul A. Romness,President,spacy,President
NEURALBASE AI LTD.,8-K,Frank Gomez,Chief Executive Officer,spacy,Chief Executive Officer
Premium Nickel Resources Ltd.,8-K,Sharon Taylor,Vice President,spacy,Vice President
Premium Nickel Resources Ltd.,8-K,Timothy H. Moran,Chief Legal Officer,spacy,Chief Legal Officer
Premium Nickel Resources Ltd.,8-K,Keith Morrison,Ceo,spacy,Chief Executive Officer
Premium Nickel Resources Ltd.,8-K,Jaclyn Ruptash,Director,spacy,Director
"STANDARD PREMIUM FINANCE HOLDINGS, INC.",8-K,William Koppelmann,Ceo,spacy,Chief Executive Officer
Stemtech Corp,8-K,Charles Arnold,Ceo,spacy,Chief Executive Officer
SilverBox Corp IV,8-K,Matthew Eilers,Director,spacy,Director
SilverBox Corp IV,8-K,Jonathan Lewis,Cto,spacy,Chief Technology Officer
SilverBox Corp IV,8-K,Stephen Kadenacy,Director,spacy,Director
HCM II Acquisition Corp.,8-K,Andrew Brenner,Chief Executive Officer,spacy,Chief Executive Officer
Phoenix Plus Corp.,8-K,Ryu Junsei,Chief Executive Officer,spacy,Chief Executive Officer
Silexion Therapeutics Corp,8-K,Herzog Tower,Ceo,spacy,Chief Executive Officer
Silexion Therapeutics Corp,8-K,Ruth Alon,Director,spacy,Director
Silexion Therapeutics Corp,8-K,Mitchell Shirvan,Director,spacy,Director
Silexion Therapeutics Corp,8-K,Len Porter,Director,spacy,Director
Silexion Therapeutics Corp,8-K,Dror Abramov,Chairman,spacy,Chair
Silexion Therapeutics Corp,8-K,Avner Lushi,Chairman,spacy,Chair
Silexion Therapeutics Corp,8-K,Shlomo Noy,Chairman,spacy,Chair
Silexion Therapeutics Corp,8-K,Dror J. Abramov,Director,spacy,Director
Silexion Therapeutics Corp,8-K,Ilan Shiloah,Director,spacy,Director
Silexion Therapeutics Corp,8-K,David Chertok,Ceo,spacy,Chief Executive Officer
Silexion Therapeutics Corp,8-K,Jonathan M. Nathan,Ceo,spacy,Chief Executive Officer
Silexion Therapeutics Corp,8-K,Square Victoria,Cto,spacy,Chief Technology Officer
Silexion Therapeutics Corp,8-K,Glaser Weil Fink,Director,spacy,Director
Silexion Therapeutics Corp,8-K,Amotz Shemi,Chairman,spacy,Chair
Silexion Therapeutics Corp,8-K,J. David Chertok,Chief Financial Officer,spacy,Chief Financial Officer
Silexion Therapeutics Corp,8-K,Mirit Horenshtein Hadar,Cfo,spacy,Chief Financial Officer
"China Green Agriculture, Inc.",8-K,Zhuoyu Li,Director,spacy,Director
"China Green Agriculture, Inc.",8-K,Jian Huang,Director,spacy,Director
"China Green Agriculture, Inc.",8-K,Xiaolai Li,Director,spacy,Director
"China Green Agriculture, Inc.",8-K,Cui Song,Director,spacy,Director
"China Green Agriculture, Inc.",8-K,Daqing Zhu,Director,spacy,Director
"China Green Agriculture, Inc.",8-K,Lianfu Liu,Director,spacy,Director
"China Green Agriculture, Inc.",8-K,Jinjun Lu,Director,spacy,Director
"Odyssey Health, Inc.",8-K,Joseph Michael Redmond Joseph,Chief Executive Officer,spacy,Chief Executive Officer
"Odyssey Health, Inc.",8-K,J. Michael Redmond,President,spacy,President
ALPHATIME ACQUISITION CORP,8-K,Ding Xiameng,Ceo,spacy,Chief Executive Officer
GMTech Inc.,8-K,Jianting Liu,Director,spacy,Director
Black Spade Acquisition II Co,8-K,Kester Ng,Cto,spacy,Chief Technology Officer
Black Spade Acquisition II Co,8-K,Richard Taylor,Director,spacy,Director
Black Spade Acquisition II Co,8-K,Russell Galbut,Director,spacy,Director
Black Spade Acquisition II Co,8-K,Robert Moore,Cto,spacy,Chief Technology Officer
Black Spade Acquisition II Co,8-K,Patsy Chan,Director,spacy,Director
Black Spade Acquisition II Co,8-K,Sammy Hsieh,Director,spacy,Director
Black Spade Acquisition II Co,8-K,Wai Dennis Tam,Chairman,spacy,Chair
Black Spade Acquisition II Co,8-K,Dennis Tam,Unknown,spacy,Unknown
Black Spade Acquisition II Co,8-K,Stacey Wong,Unknown,spacy,Unknown
Black Spade Acquisition II Co,8-K,Chi Wai Dennis,Chairman,spacy,Chair
Black Spade Acquisition II Co,8-K,Black Spade,Vice President,spacy,Vice President
Black Spade Acquisition II Co,8-K,Chiu Yi Zoe,Ceo,spacy,Chief Executive Officer
Black Spade Acquisition II Co,8-K,Joe Kester Ng,Director,spacy,Director
Black Spade Acquisition II Co,8-K,Joe Kester,Chairman,spacy,Chair
Black Spade Acquisition II Co,8-K,Richard Kirby,Director,spacy,Director
Black Spade Acquisition II Co,8-K,Russell William Galbut,Director,spacy,Director
Black Spade Acquisition II Co,8-K,Robert Steven Moore,Director,spacy,Director
Black Spade Acquisition II Co,8-K,Po Yi,Director,spacy,Director
Black Spade Acquisition II Co,8-K,Wing Hong Sammy Hsieh,Director,spacy,Director
Bitwise Bitcoin ETF,8-K,Hunter Horsley,President,spacy,President
Tofla Megaline Inc.,8-K,Maria De Lourdes,Director,spacy,Director
Tofla Megaline Inc.,8-K,Marquez Hernandez,Director,spacy,Director
GigCapital7 Corp.,8-K,Raanan I. Horowitz,Director,spacy,Director
GigCapital7 Corp.,8-K,Adrian Zuckerman,Director,spacy,Director
GigCapital7 Corp.,8-K,Embarcadero Rd,Chief Executive Officer,spacy,Chief Executive Officer
GigCapital7 Corp.,8-K,Harbour Place,Director,spacy,Director
GigCapital7 Corp.,8-K,Joint Ownership,Director,spacy,Director
"INTEGRATED VENTURES, INC.",8-K,Joseph Rosati,Ceo,spacy,Chief Executive Officer
"INTEGRATED VENTURES, INC.",8-K,Medwell Direct,Ceo,spacy,Chief Executive Officer
Safe Pro Group Inc.,8-K,Robert D. Keyser,Ceo,spacy,Chief Executive Officer
Andretti Acquisition Corp. II,8-K,Zakary C. Brown,Director,spacy,Director
Andretti Acquisition Corp. II,8-K,Gerald D. Putnam,Director,spacy,Director
Andretti Acquisition Corp. II,8-K,John J. Romanelli,Director,spacy,Director
Andretti Acquisition Corp. II,8-K,William J. Sandbrook,Director,spacy,Director
Andretti Acquisition Corp. II,8-K,Michael M. Andretti,Director,spacy,Director
Andretti Acquisition Corp. II,8-K,Gerald D. Brown,Director,spacy,Director
Andretti Acquisition Corp. II,8-K,Mario Andretti,Director,spacy,Director
Andretti Acquisition Corp. II,8-K,William J.,Chairman,spacy,Chair
Andretti Acquisition Corp. II,8-K,William M.,Chairman,spacy,Chair
EvoAir Holdings Inc.,8-K,Wai Koon,Chairman,spacy,Chair
Vine Hill Capital Investment Corp.,8-K,John Adams,Director,spacy,Director
Vine Hill Capital Investment Corp.,8-K,Gregory Ethridge,Director,spacy,Director
Vine Hill Capital Investment Corp.,8-K,Dean Seavers,Director,spacy,Director
Vine Hill Capital Investment Corp.,8-K,Daniel Zlotnitsky,Director,spacy,Director
"VPR Brands, LP.",8-K,Kevin Frija,Chief Executive Officer,spacy,Chief Executive Officer
"VPR Brands, LP.",8-K,Daniel Hoff,Chief Executive Officer,spacy,Chief Executive Officer
21Shares Core Ethereum ETF,8-K,Jody Mettler,President,spacy,President
21Shares Core Ethereum ETF,8-K,Rachel Anderika,Coo,spacy,Chief Operating Officer
Future Vision II Acquisition Corp.,8-K,Debbie A. Klis,Chief Executive Officer,spacy,Chief Executive Officer
Future Vision II Acquisition Corp.,8-K,Jinlong Liu,Chief Executive Officer,spacy,Chief Executive Officer
Future Vision II Acquisition Corp.,8-K,Lei Xiong,Director,spacy,Director
Future Vision II Acquisition Corp.,8-K,Lien Default,Director,spacy,Director
Future Vision II Acquisition Corp.,8-K,Shuding Zeng,Chairman,spacy,Chair
ALTEROLA BIOTECH INC.,8-K,Reggie Alston,Chairman,spacy,Chair
VS Trust,8-K,Justin Young,Unknown,spacy,Unknown
"KwikClick, Inc.",8-K,Jeffrey Yates,Chief Financial Officer,spacy,Chief Financial Officer
"FARMHOUSE, INC. /NV",8-K,Leslie Katz,Chairman,spacy,Chair
"FARMHOUSE, INC. /NV",8-K,Jason Tucker,Chief Executive Officer,spacy,Chief Executive Officer
"FARMHOUSE, INC. /NV",8-K,Evan Horowitz,Ceo,spacy,Chief Executive Officer
"FARMHOUSE, INC. /NV",8-K,Faheem Rashad Najm,Ceo,spacy,Chief Executive Officer
"FARMHOUSE, INC. /NV",8-K,Melissa Tucker,Chief Executive Officer,spacy,Chief Executive Officer
"FARMHOUSE, INC. /NV",8-K,Faheem Najm,Ceo,spacy,Chief Executive Officer
"FARMHOUSE, INC. /NV",8-K,Leslie Rachel Katz,Cto,spacy,Chief Technology Officer
"FARMHOUSE, INC. /NV",8-K,Nappy Boy Dranks,Ceo,spacy,Chief Executive Officer
"FARMHOUSE, INC. /NV",8-K,Eric Feig,Unknown,spacy,Unknown
"FARMHOUSE, INC. /NV",8-K,Nappy Boy Automotive,Cto,spacy,Chief Technology Officer
"FARMHOUSE, INC. /NV",8-K,Nappy Boy,Cto,spacy,Chief Technology Officer
"Cavitation Technologies, Inc.",8-K,James Fuller,Director,spacy,Director
"Zenas BioPharma, Inc.",8-K,Leon O. Moulder,Chief Executive Officer,spacy,Chief Executive Officer
International Stem Cell CORP,8-K,Andrey Semechkin,Vice President,spacy,Vice President
International Stem Cell CORP,8-K,Russell Kern,Vice President,spacy,Vice President
Ferguson Enterprises Inc. /DE/,8-K,Kevin Murphy,Director,spacy,Director
"Kairos Pharma, LTD.",8-K,Fisher Broyles,Cto,spacy,Chief Technology Officer
"Kairos Pharma, LTD.",8-K,Neil Bhowmick,Ceo,spacy,Chief Executive Officer
"Kairos Pharma, LTD.",8-K,Ramachandran Murali,Ceo,spacy,Chief Executive Officer
"Kairos Pharma, LTD.",8-K,Michael Keyoung,Chief Financial Officer,spacy,Chief Financial Officer
"Kairos Pharma, LTD.",8-K,Megan J. Penick,Ceo,spacy,Chief Executive Officer
"Amentum Holdings, Inc.",8-K,John Heller,Chief Executive Officer,spacy,Chief Executive Officer
"Amentum Holdings, Inc.",8-K,Travis Johnson,Vice President,spacy,Vice President
"Amentum Holdings, Inc.",8-K,Stephen Arnette,Chief Executive Officer,spacy,Chief Executive Officer
"Amentum Holdings, Inc.",8-K,Steven Demetriou,Chief Financial Officer,spacy,Chief Financial Officer
"Amentum Holdings, Inc.",8-K,Expenses H. The,Cto,spacy,Chief Technology Officer
"Amentum Holdings, Inc.",8-K,Booz Allen Hamilton,Cto,spacy,Chief Technology Officer
"Amentum Holdings, Inc.",8-K,Stephen A. Arnette,Chief Executive Officer,spacy,Chief Executive Officer
"Amentum Holdings, Inc.",8-K,Travis B. Johnson,Chief Executive Officer,spacy,Chief Executive Officer
"Amentum Holdings, Inc.",8-K,Stuart I. Young,Chief Operating Officer,spacy,Chief Operating Officer
"Amentum Holdings, Inc.",8-K,Sean Mullen,Chief Growth Officer,spacy,Chief Growth Officer
"Amentum Holdings, Inc.",8-K,Jill Bruning,Chief Technology Officer,spacy,Chief Technology Officer
"Amentum Holdings, Inc.",8-K,Leslie Ireland,Director,spacy,Director
"Amentum Holdings, Inc.",8-K,Barbara L. Loughran,Director,spacy,Director
"Amentum Holdings, Inc.",8-K,Benjamin Dickson,Director,spacy,Director
"Amentum Holdings, Inc.",8-K,Barack Obama,President,spacy,President
"Amentum Holdings, Inc.",8-K,Russell Triedman,Director,spacy,Director
"Amentum Holdings, Inc.",8-K,John Vollmer,Director,spacy,Director
"Amentum Holdings, Inc.",8-K,Intellectual Properties Prior,Coo,spacy,Chief Operating Officer
"Amentum Holdings, Inc.",8-K,Wachtell Lipton,Unknown,spacy,Unknown
"Amentum Holdings, Inc.",8-K,Removal Except,Director,spacy,Director
YHN Acquisition I Ltd,8-K,Yangyujia An,Chief Executive Officer,spacy,Chief Executive Officer
YHN Acquisition I Ltd,8-K,Donghui Xu,Chief Executive Officer,spacy,Chief Executive Officer
YHN Acquisition I Ltd,8-K,Zhengming Feng,Chief Executive Officer,spacy,Chief Executive Officer
Cayson Acquisition Corp,8-K,David A. Miller,Unknown,spacy,Unknown
Cayson Acquisition Corp,8-K,Florence Chan,General Counsel,spacy,General Counsel
YERBAE BRANDS CORP.,8-K,Todd Gibson,Chief Executive Officer,spacy,Chief Executive Officer
YERBAE BRANDS CORP.,8-K,Karrie Gibson,Chief Financial Officer,spacy,Chief Financial Officer
YERBAE BRANDS CORP.,8-K,Andrew Dratt,Director,spacy,Director
Foxx Development Holdings Inc.,8-K,Greg Foley,Ceo,spacy,Chief Executive Officer
GUIDED THERAPEUTICS INC,8-K,John Imhoff,Director,spacy,Director
GUIDED THERAPEUTICS INC,8-K,Mark Faupel,President,spacy,President
"BioAge Labs, Inc.",8-K,Hooman Shahlavi,Chief Legal Officer,spacy,Chief Legal Officer
BKV Corp,8-K,Lindsay Larrick,Chief Legal Officer,spacy,Chief Legal Officer
BKV Corp,8-K,Samantha H. Crispin,Chief Legal Officer,spacy,Chief Legal Officer
BKV Corp,8-K,M. Preston Bernhisel,Chief Legal Officer,spacy,Chief Legal Officer
BKV Corp,8-K,Baker Botts,Chief Legal Officer,spacy,Chief Legal Officer
BKV Corp,8-K,Samantha Crispin,Unknown,spacy,Unknown
BKV Corp,8-K,Somruedee Chaimongkol,Chief Executive Officer,spacy,Chief Executive Officer
Pacific Sports Exchange Inc.,8-K,Jennifer Whitesides,Director,spacy,Director
Pacific Sports Exchange Inc.,8-K,Huang Hua Shang,Chief Executive Officer,spacy,Chief Executive Officer
Pacific Sports Exchange Inc.,8-K,Mr Huang,Director,spacy,Director
"Guardian Pharmacy Services, Inc.",8-K,G. Kendall Forbes,Director,spacy,Director
"Guardian Pharmacy Services, Inc.",8-K,John Ackerman,Unknown,spacy,Unknown
"Guardian Pharmacy Services, Inc.",8-K,William Bindley,Chairman,spacy,Chair
"Guardian Pharmacy Services, Inc.",8-K,Thomas J. Salentine,President,spacy,President
"Guardian Pharmacy Services, Inc.",8-K,James L. Smeltzer,President,spacy,President
"Guardian Pharmacy Services, Inc.",8-K,G. Kendall,President,spacy,President
Lakeside Holding Ltd,8-K,Henry Liu,Chairman,spacy,Chair
"StandardAero, Inc.",8-K,Russell Ford,Chief Executive Officer,spacy,Chief Executive Officer
"StandardAero, Inc.",8-K,Andrew Skrilow,Vice President,spacy,Vice President
CS DIAGNOSTICS CORP.,8-K,Thomas Fahrhoefer,President,spacy,President
CS DIAGNOSTICS CORP.,8-K,Thomas Josef Migotsch,President,spacy,President
CS DIAGNOSTICS CORP.,8-K,Lauren Kate,Vice President,spacy,Vice President
"ABRDN ASIA-PACIFIC INCOME FUND, INC.",8-K,Megan Kennedy,Vice President,spacy,Vice President
"ABRDN ASIA-PACIFIC INCOME FUND, INC.",8-K,Rahn Porter,Director,spacy,Director
SusGlobal Energy Corp.,8-K,Bruce Rintoul,Director,spacy,Director
SusGlobal Energy Corp.,8-K,Marc Hazout,Cto,spacy,Chief Technology Officer
"Revelyst, Inc.",8-K,Eric Nyman,Ceo,spacy,Chief Executive Officer
"Revelyst, Inc.",8-K,Vista Outdoor,Director,spacy,Director
"Revelyst, Inc.",8-K,Jason Vanderbrink,Ceo,spacy,Chief Executive Officer
"Revelyst, Inc.",8-K,Victor Khosla,Cto,spacy,Chief Technology Officer
"FrontView REIT, Inc.",8-K,Randall Starr,Cto,spacy,Chief Technology Officer
"FrontView REIT, Inc.",8-K,Timothy Dieffenbacher,Cto,spacy,Chief Technology Officer
"FrontView REIT, Inc.",8-K,Stuart A. Barr,Chairman,spacy,Chair
"FrontView REIT, Inc.",8-K,Drew Ireland,Unknown,spacy,Unknown
"FrontView REIT, Inc.",8-K,Timothy D. Dieffenbacher,Unknown,spacy,Unknown
VALUE LINE INC,8-K,Howard A. Brecher,Director,spacy,Director
VALUE LINE INC,8-K,Mary Bernstein,Director,spacy,Director
Panamera Holdings Corp,8-K,Chet Fazand,Cto,spacy,Chief Technology Officer
Panamera Holdings Corp,8-K,Cris Proler,Chairman,spacy,Chair
"Innventure, Inc.",8-K,David Yablunosky,Director,spacy,Director
"Innventure, Inc.",8-K,James O. Donnally,Director,spacy,Director
"Innventure, Inc.",8-K,Bruce Brown,Director,spacy,Director
"Innventure, Inc.",8-K,Elizabeth Williams,Director,spacy,Director
"Innventure, Inc.",8-K,Michael Amalfitano,Director,spacy,Director
"Innventure, Inc.",8-K,Jonathan Loeffler,Director,spacy,Director
"Innventure, Inc.",8-K,B. Gifts,General Counsel,spacy,General Counsel
"Innventure, Inc.",8-K,Monte Carlo,Cto,spacy,Chief Technology Officer
Launch Two Acquisition Corp.,8-K,Lynn Eisenhart,Director,spacy,Director
Launch Two Acquisition Corp.,8-K,Jeffrey M. Shanahan,Cto,spacy,Chief Technology Officer
Launch Two Acquisition Corp.,8-K,Shami Patel,Director,spacy,Director
Sky Quarry Inc.,8-K,David Sealock,Cto,spacy,Chief Technology Officer
Sky Quarry Inc.,8-K,Darryl Delwo,Cto,spacy,Chief Technology Officer
Sky Quarry Inc.,8-K,Sky Quarry,Cto,spacy,Chief Technology Officer
Sky Quarry Inc.,8-K,Mark Elenowitz,Director,spacy,Director
"PishPosh, Inc.",8-K,Stephano Slack,Cto,spacy,Chief Technology Officer
"BlackRock, Inc.",8-K,Laurence D. Fink,Chairman,spacy,Chair
"BlackRock, Inc.",8-K,Caroline Rodda,Cto,spacy,Chief Technology Officer
"BlackRock, Inc.",8-K,Ed Sweeney,Cto,spacy,Chief Technology Officer
"SWISS HELVETIA FUND, INC.",8-K,Stefan Frischknecht,Cto,spacy,Chief Technology Officer
Cohen Circle Acquisition Corp. I,8-K,Rochael Adranly,Director,spacy,Director
Cohen Circle Acquisition Corp. I,8-K,Jan Hopkins Trachtman,Cto,spacy,Chief Technology Officer
Cohen Circle Acquisition Corp. I,8-K,Ellen F. Warren,Cto,spacy,Chief Technology Officer
Cohen Circle Acquisition Corp. I,8-K,Walter C. Jones,Cto,spacy,Chief Technology Officer
Cohen Circle Acquisition Corp. I,8-K,George Town Grand,Cto,spacy,Chief Technology Officer
Cohen Circle Acquisition Corp. I,8-K,Mark Rosenstein,Unknown,spacy,Unknown
"KinderCare Learning Companies, Inc.",8-K,B. None,Director,spacy,Director
"KinderCare Learning Companies, Inc.",8-K,Paul Thompson Tile,Chief Executive Officer,spacy,Chief Executive Officer
"KinderCare Learning Companies, Inc.",8-K,Joel Schwartz,Director,spacy,Director
"KinderCare Learning Companies, Inc.",8-K,Benjamin Russell,Director,spacy,Director
"KinderCare Learning Companies, Inc.",8-K,Preston Grasty,Director,spacy,Director
"KinderCare Learning Companies, Inc.",8-K,Michael Nuzzo,Director,spacy,Director
"KinderCare Learning Companies, Inc.",8-K,John T. Wyatt,Director,spacy,Director
"KinderCare Learning Companies, Inc.",8-K,Jean Desravines,Director,spacy,Director
"KinderCare Learning Companies, Inc.",8-K,Alyssa Waxenberg,Director,spacy,Director
"KinderCare Learning Companies, Inc.",8-K,Dan Starr,Vice President,spacy,Vice President
"KinderCare Learning Companies, Inc.",8-K,Pari Passu,Cto,spacy,Chief Technology Officer
"KinderCare Learning Companies, Inc.",8-K,Otherwise Applied,Cto,spacy,Chief Technology Officer
Rising Dragon Acquisition Corp.,8-K,Kei Tung Yeung,Chief Executive Officer,spacy,Chief Executive Officer
Rising Dragon Acquisition Corp.,8-K,Robert Wilson Garner,Chief Executive Officer,spacy,Chief Executive Officer
"Eco Bright Future, Inc.",8-K,George Athanasiadis,Cto,spacy,Chief Technology Officer
"Everus Construction Group, Inc.",8-K,Jon B. Hunke,Vice President,spacy,Vice President
"Everus Construction Group, Inc.",8-K,Strategic Focus,Director,spacy,Director
"Everus Construction Group, Inc.",8-K,Della Rocca,Chief Financial Officer,spacy,Chief Financial Officer
"Everus Construction Group, Inc.",8-K,David M. Sparby,Director,spacy,Director
"Everus Construction Group, Inc.",8-K,Edward A. Ryan,Director,spacy,Director
"Everus Construction Group, Inc.",8-K,Clark A. Wood,Director,spacy,Director
"Everus Construction Group, Inc.",8-K,D. Nosbusch,President,spacy,President
"Everus Construction Group, Inc.",8-K,B. Hunke,President,spacy,President
"Everus Construction Group, Inc.",8-K,Thomas D. Nosbusch,Vice President,spacy,Vice President
"Everus Construction Group, Inc.",8-K,Jon B.,Vice President,spacy,Vice President
"Everus Construction Group, Inc.",8-K,Edward A.,Corporate Secretary,spacy,Corporate Secretary
Vado Corp.,8-K,Steve Dang,Director,spacy,Director
Vado Corp.,8-K,Amanda Edris,Vice President,spacy,Vice President
Minerva Gold Inc.,8-K,Meltem Alieva,Director,spacy,Director
PROCYON CORP,8-K,James B. Anderson,Cto,spacy,Chief Technology Officer
LSEB Creative Corp.,8-K,Beyond Media,Cto,spacy,Chief Technology Officer
LSEB Creative Corp.,8-K,Michael Kahiri,Ceo,spacy,Chief Executive Officer
LSEB Creative Corp.,8-K,Lauren Bentley Position,Ceo,spacy,Chief Executive Officer
LSEB Creative Corp.,8-K,Lauren Bentley,Ceo,spacy,Chief Executive Officer
Wolverine Resources Corp.,8-K,Richard Haderer,Cfo,spacy,Chief Financial Officer
Bold Eagle Acquisition Corp.,8-K,Diarmuid Cummins,Director,spacy,Director
Bold Eagle Acquisition Corp.,8-K,Amy Gershkoff Bolles,Cto,spacy,Chief Technology Officer
Bold Eagle Acquisition Corp.,8-K,Simon Watson,Cto,spacy,Chief Technology Officer
Bold Eagle Acquisition Corp.,8-K,Matthew Noble,Director,spacy,Director
Bold Eagle Acquisition Corp.,8-K,Simon Watson Acknowledged,Chief Executive Officer,spacy,Chief Executive Officer
Ingram Micro Holding Corp,8-K,John Holland,Vice President,spacy,Vice President
Oaktree Acquisition Corp. III Life Sciences,8-K,Maria Attaar,Director,spacy,Director
Oaktree Acquisition Corp. III Life Sciences,8-K,Maria Attaaar,Director,spacy,Director
Oaktree Acquisition Corp. III Life Sciences,8-K,Pavan Bellur,General Counsel,spacy,General Counsel
Aldel Financial II Inc.,8-K,Stuart Kovensky,Cto,spacy,Chief Technology Officer
Aldel Financial II Inc.,8-K,Meltem Demirors,Cto,spacy,Chief Technology Officer
Aldel Financial II Inc.,8-K,Peter Early,Cto,spacy,Chief Technology Officer
Aldel Financial II Inc.,8-K,Robert Kauffman,Chairman,spacy,Chair
"TAYLOR DEVICES, INC.",8-K,Paul Heary,Cto,spacy,Chief Technology Officer
"TAYLOR DEVICES, INC.",8-K,John Burgess,Director,spacy,Director
"TAYLOR DEVICES, INC.",8-K,F. Eric Armenat,Director,spacy,Director
Charlton Aria Acquisition Corp,8-K,Stephen Markscheid,Cto,spacy,Chief Technology Officer
Charlton Aria Acquisition Corp,8-K,Umesh Patel,Cto,spacy,Chief Technology Officer
Charlton Aria Acquisition Corp,8-K,Mark Chaney,Cto,spacy,Chief Technology Officer
Charlton Aria Acquisition Corp,8-K,Sunny Tan,Ceo,spacy,Chief Executive Officer
"High Roller Technologies, Inc.",8-K,Kevin Mangan,Director,spacy,Director
"High Roller Technologies, Inc.",8-K,Matt Teinert,Ceo,spacy,Chief Executive Officer
"High Roller Technologies, Inc.",8-K,High Roller,Coo,spacy,Chief Operating Officer
"High Roller Technologies, Inc.",8-K,Michael Cribari Brandon,Director,spacy,Director
"High Roller Technologies, Inc.",8-K,Spike Up Media,Chairman,spacy,Chair
"High Roller Technologies, Inc.",8-K,Kristen Britt,Director,spacy,Director
"High Roller Technologies, Inc.",8-K,Jonas Martensson,Director,spacy,Director
"High Roller Technologies, Inc.",8-K,David Weild,Director,spacy,Director
"High Roller Technologies, Inc.",8-K,Happy Socks,Director,spacy,Director
PREAXIA HEALTH CARE PAYMENT SYSTEMS INC.,8-K,Tom Zapatinas,Cto,spacy,Chief Technology Officer
MIAMI BREEZE CAR CARE INC,8-K,Harald Dieter Gietmann,Director,spacy,Director
SATIVUS TECH CORP.,8-K,Shmulik Yannay,Director,spacy,Director
SATIVUS TECH CORP.,8-K,Tal Wilkes Glazer,Cto,spacy,Chief Technology Officer
SATIVUS TECH CORP.,8-K,Shmuel Yannay,Director,spacy,Director
BALTIC INTERNATIONAL USA INC,8-K,Robert L. Knauss,Director,spacy,Director
BALTIC INTERNATIONAL USA INC,8-K,David Grossman,Chairman,spacy,Chair
BALTIC INTERNATIONAL USA INC,8-K,Bob Knauss,Chief Executive Officer,spacy,Chief Executive Officer
BALTIC INTERNATIONAL USA INC,8-K,David A. Grossman,Chief Executive Officer,spacy,Chief Executive Officer
"DAYBREAK OIL & GAS, INC.",8-K,James F. Meara,Cto,spacy,Chief Technology Officer
"DAYBREAK OIL & GAS, INC.",8-K,Bennett Anderson,Chairman,spacy,Chair
"DAYBREAK OIL & GAS, INC.",8-K,Darren Williams,Chairman,spacy,Chair
"DAYBREAK OIL & GAS, INC.",8-K,John B. Linford,Cto,spacy,Chief Technology Officer
"CAPSTONE COMPANIES, INC.",8-K,Stewart Wallach,Chief Executive Officer,spacy,Chief Executive Officer
"CAPSTONE COMPANIES, INC.",8-K,Jeffrey Postal,Director,spacy,Director
Bleichroeder Acquisition Corp. I,8-K,Joseph Samuels,Cto,spacy,Chief Technology Officer
Bleichroeder Acquisition Corp. I,8-K,Kathy Savitt,Director,spacy,Director
Bleichroeder Acquisition Corp. I,8-K,Antoine Theysset,Director,spacy,Director
Bleichroeder Acquisition Corp. I,8-K,Pierre Weinstein,Director,spacy,Director
Bleichroeder Acquisition Corp. I,8-K,Robert Folino,Cto,spacy,Chief Technology Officer
"Skkynet Cloud Systems, Inc.",8-K,Paul Thomas,President,spacy,President
"Skkynet Cloud Systems, Inc.",8-K,Xavier Mesrobian,Director,spacy,Director
TRANS LUX Corp,8-K,Nicholas Fazio,Cto,spacy,Chief Technology Officer
TRANS LUX Corp,8-K,Jie Feng,Director,spacy,Director
TRANS LUX Corp,8-K,Xu He,Cto,spacy,Chief Technology Officer
Newbury Street II Acquisition Corp,8-K,Matthew Hong,Director,spacy,Director
Newbury Street II Acquisition Corp,8-K,Jennifer Vescio,Cto,spacy,Chief Technology Officer
Newbury Street II Acquisition Corp,8-K,Ted Seides,Cto,spacy,Chief Technology Officer
Newbury Street II Acquisition Corp,8-K,Jake Gudoian,Cto,spacy,Chief Technology Officer
Newbury Street II Acquisition Corp,8-K,Barry I. Grossman,General Counsel,spacy,General Counsel
Newbury Street II Acquisition Corp,8-K,Theodore Seides,Director,spacy,Director
PACIFIC HEALTH CARE ORGANIZATION INC,8-K,Tom Kubota,Chief Executive Officer,spacy,Chief Executive Officer
APPlife Digital Solutions Inc,8-K,Matthew Reid,Unknown,spacy,Unknown
Willow Lane Acquisition Corp.,8-K,George Peng,Director,spacy,Director
Willow Lane Acquisition Corp.,8-K,B. Luke,Chairman,spacy,Chair
Willow Lane Acquisition Corp.,8-K,Robert Stevens,Director,spacy,Director
Willow Lane Acquisition Corp.,8-K,Rayne Steinberg,Director,spacy,Director
Willow Lane Acquisition Corp.,8-K,Mauricio Orellana,Director,spacy,Director
Willow Lane Acquisition Corp.,8-K,Rick Hartfiel,Director,spacy,Director
Willow Lane Acquisition Corp.,8-K,A. Lorne Weil,Treasurer,spacy,Treasurer
"TORTOISE PIPELINE & ENERGY FUND, INC.",8-K,Tom Florence,Director,spacy,Director
"TORTOISE PIPELINE & ENERGY FUND, INC.",8-K,H. Kevin Birzer,Chairman,spacy,Chair
ASPAC III Acquisition Corp.,8-K,Claudius Tsang Liu,Unknown,spacy,Unknown
ASPAC III Acquisition Corp.,8-K,Wong Yi Dung Eden,Chief Executive Officer,spacy,Chief Executive Officer
ASPAC III Acquisition Corp.,8-K,Yuen Marvin,Director,spacy,Director
ASPAC III Acquisition Corp.,8-K,Xiangge Liu,Chief Executive Officer,spacy,Chief Executive Officer
GSR III Acquisition Corp.,8-K,Lewis Silberman,Chief Executive Officer,spacy,Chief Executive Officer
GSR III Acquisition Corp.,8-K,Gus Garcia,Director,spacy,Director
"TFF Pharmaceuticals, Inc.",8-K,Harlan Weisman,Director,spacy,Director
"TFF Pharmaceuticals, Inc.",8-K,Robert J. Mills,Director,spacy,Director
"TFF Pharmaceuticals, Inc.",8-K,Stephen Rocamboli,Director,spacy,Director
"TFF Pharmaceuticals, Inc.",8-K,Zamaneh Mikhak,President,spacy,President
"Oncternal Therapeutics, Inc.",8-K,James B. Breitmeyer,Director,spacy,Director
"Acreage Holdings, Inc.",8-K,Dennis Curran,Chief Executive Officer,spacy,Chief Executive Officer
"Thunder Bridge Capital Partners IV, Inc.",8-K,Great Falls,Director,spacy,Director
"Dogecoin Cash, Inc.",8-K,David Tobias,Chief Executive Officer,spacy,Chief Executive Officer
"Dogecoin Cash, Inc.",8-K,Rob Tankson Call,Ceo,spacy,Chief Executive Officer
Guru App Factory Corp,8-K,Alexandr Chiciuc,Cto,spacy,Chief Technology Officer
Invizyne Technologies Inc,8-K,Michael Heltzen,Ceo,spacy,Chief Executive Officer
Invizyne Technologies Inc,8-K,Andrew D. Hudders,Ceo,spacy,Chief Executive Officer
Invizyne Technologies Inc,8-K,James Bowie Tyler,Director,spacy,Director
Invizyne Technologies Inc,8-K,Edgardo Rayo Ivonne Bordas,Director,spacy,Director
Invizyne Technologies Inc,8-K,Mo Hayat,Director,spacy,Director
Invizyne Technologies Inc,8-K,Chris Marlett,Director,spacy,Director
Invizyne Technologies Inc,8-K,Yi Tang,Director,spacy,Director
Invizyne Technologies Inc,8-K,Golenbock Eiseman,Unknown,spacy,Unknown
Horizon Space Acquisition II Corp.,8-K,Lafayette Place,Chief Executive Officer,spacy,Chief Executive Officer
Horizon Space Acquisition II Corp.,8-K,David Levine,General Counsel,spacy,General Counsel
Horizon Space Acquisition II Corp.,8-K,James Jiayuan Tong,Director,spacy,Director
Horizon Space Acquisition II Corp.,8-K,Tianchen Cai,Director,spacy,Director
Horizon Space Acquisition II Corp.,8-K,Li Mingyu,Director,spacy,Director
Horizon Space Acquisition II Corp.,8-K,Zhai Min,Director,spacy,Director
Horizon Space Acquisition II Corp.,8-K,Xu Qian,Director,spacy,Director
Horizon Space Acquisition II Corp.,8-K,Mingyu Li,Chief Executive Officer,spacy,Chief Executive Officer
"Blue Line Protection Group, Inc.",8-K,Daniel Allen,Ceo,spacy,Chief Executive Officer
"JUPITER NEUROSCIENCES, INC.",8-K,Richard Smithline,Chairman,spacy,Chair
"Marathon Bancorp, Inc. /MD/",8-K,Thomas Grimm,Director,spacy,Director
Atlantis Glory Inc.,8-K,Edward Liang Hsien,Treasurer,spacy,Treasurer
Emo Capital Corp.,8-K,Heng Lim,President,spacy,President
Emo Capital Corp.,8-K,Teck Heng Lim,President,spacy,President
CF Acquisition Corp. VII,8-K,Donald J. Trump,President,spacy,President
CF Acquisition Corp. VII,8-K,Howard Lutnick,Chief Executive Officer,spacy,Chief Executive Officer
Dynamix Corp,8-K,Philip Rajan,Director,spacy,Director
Dynamix Corp,8-K,Tyler Crabtree,Cto,spacy,Chief Technology Officer
Dynamix Corp,8-K,Lynn A. Peterson,Director,spacy,Director
Dynamix Corp,8-K,Steven A. Webster,Vice President,spacy,Vice President
"LUMOS PHARMA, INC.",8-K,Richard J. Hawkins,Chief Executive Officer,spacy,Chief Executive Officer
CO2 Energy Transition Corp.,8-K,Val Peters,Chief Operating Officer,spacy,Chief Operating Officer
CO2 Energy Transition Corp.,8-K,Andrew Martin,Ceo,spacy,Chief Executive Officer
CO2 Energy Transition Corp.,8-K,Brittmoore Rd,Chief Executive Officer,spacy,Chief Executive Officer
CO2 Energy Transition Corp.,8-K,Brady Rodgers Indemnitee,Chief Executive Officer,spacy,Chief Executive Officer
CO2 Energy Transition Corp.,8-K,William H. Flores Indemnitee,Chief Executive Officer,spacy,Chief Executive Officer
CO2 Energy Transition Corp.,8-K,Charles Fox Indemnitee,Unknown,spacy,Unknown
CO2 Energy Transition Corp.,8-K,Andrew J. Martin,President,spacy,President
Blue Ocean Acquisition Corp,8-K,Anny Yu,Unknown,spacy,Unknown
Blue Ocean Acquisition Corp,8-K,Yanchang Rd,Chief Executive Officer,spacy,Chief Executive Officer
SSHT S&T Group Ltd.,8-K,Guoxiang Yang,Director,spacy,Director
SSHT S&T Group Ltd.,8-K,Jianguo Geng,President,spacy,President
"Forza X1, Inc.",8-K,Twin Vee,Unknown,spacy,Unknown
"Forza X1, Inc.",8-K,Marcia Kull,Director,spacy,Director
"Forza X1, Inc.",8-K,Neill Ross,Director,spacy,Director
"Forza X1, Inc.",8-K,Kevin Schuyler,Director,spacy,Director
"Heritage Distilling Holding Company, Inc.",8-K,Andrew Varga,Director,spacy,Director
"Heritage Distilling Holding Company, Inc.",8-K,Michael Carrosino,Vice President,spacy,Vice President
"Heritage Distilling Holding Company, Inc.",8-K,Festa Italiana,Treasurer,spacy,Treasurer
"Heritage Distilling Holding Company, Inc.",8-K,Matthew Bernstein,Unknown,spacy,Unknown
"Heritage Distilling Holding Company, Inc.",8-K,Bujacich Rd,Ceo,spacy,Chief Executive Officer
Blackwell 3D Construction Corp.,8-K,Mohammed Saif Zaveri,Chief Executive Officer,spacy,Chief Executive Officer
NEW ENGLAND REALTY ASSOCIATES LIMITED PARTNERSHIP,8-K,Jameson Brown,Director,spacy,Director
SURGE COMPONENTS INC,8-K,Steven J. Lubman,Director,spacy,Director
FACT II Acquisition Corp.,8-K,Perry Choset,General Counsel,spacy,General Counsel
FACT II Acquisition Corp.,8-K,Hella Alashkar,Director,spacy,Director
FACT II Acquisition Corp.,8-K,Robert Rackind,Director,spacy,Director
FACT II Acquisition Corp.,8-K,Brandon J. Bortner,Chief Financial Officer,spacy,Chief Financial Officer
FACT II Acquisition Corp.,8-K,Amir A. Heyat,Chief Financial Officer,spacy,Chief Financial Officer
FACT II Acquisition Corp.,8-K,Brandon Bortner,Chief Executive Officer,spacy,Chief Executive Officer
FACT II Acquisition Corp.,8-K,Amir Heyat,Chief Executive Officer,spacy,Chief Executive Officer
Roth CH Acquisition V Co.,8-K,Phil Kornbluth,Director,spacy,Director
Roth CH Acquisition V Co.,8-K,William H. Flores,Director,spacy,Director
Roth CH Acquisition V Co.,8-K,Charles Nelson,Director,spacy,Director
Roth CH Acquisition V Co.,8-K,Stan Boroweic,Chairman,spacy,Chair
Roth CH Acquisition V Co.,8-K,John Lipman,Chief Executive Officer,spacy,Chief Executive Officer
"Longboard Pharmaceuticals, Inc.",8-K,Thomas Gibbs,Director,spacy,Director
"Longboard Pharmaceuticals, Inc.",8-K,Casey Lynch,Director,spacy,Director
"Longboard Pharmaceuticals, Inc.",8-K,Phillip Schneider,Director,spacy,Director
"Longboard Pharmaceuticals, Inc.",8-K,Brandi Roberts,Cto,spacy,Chief Technology Officer
"Longboard Pharmaceuticals, Inc.",8-K,Randall Kaye,Cto,spacy,Chief Technology Officer
"Longboard Pharmaceuticals, Inc.",8-K,Steven Spector,Cto,spacy,Chief Technology Officer
"Longboard Pharmaceuticals, Inc.",8-K,Chad Orevillo,Cto,spacy,Chief Technology Officer
"Longboard Pharmaceuticals, Inc.",8-K,Thomas D. Forrester,President,spacy,President
"Longboard Pharmaceuticals, Inc.",8-K,Markus Kede,President,spacy,President
"MULTI SOLUTIONS II, INC",8-K,Lindsay Shain,President,spacy,President
GHST World Inc.,8-K,Esterino Castellazzi,Cto,spacy,Chief Technology Officer
GHST World Inc.,8-K,Roberto Castellazzi,Director,spacy,Director
Vizio Holding Corp.,8-K,Seth Dallaire,Director,spacy,Director
Vizio Holding Corp.,8-K,Julia Gouw,Cto,spacy,Chief Technology Officer
Vizio Holding Corp.,8-K,Vicky L. Free,Cto,spacy,Chief Technology Officer
Vizio Holding Corp.,8-K,Michael Mohan,Cto,spacy,Chief Technology Officer
Vizio Holding Corp.,8-K,William Wang,Ceo,spacy,Chief Executive Officer
"TechTarget, Inc.",8-K,Rebecca Kitchens,Chief Executive Officer,spacy,Chief Executive Officer
"TechTarget, Inc.",8-K,Gary Nugent,Director,spacy,Director
"TechTarget, Inc.",8-K,Sally Ashford,Director,spacy,Director
"TechTarget, Inc.",8-K,Stephen A. Carter,Director,spacy,Director
"TechTarget, Inc.",8-K,David Flaschen,Director,spacy,Director
"TechTarget, Inc.",8-K,M. Sean Griffey,Director,spacy,Director
"TechTarget, Inc.",8-K,Don Hawk,Director,spacy,Director
"TechTarget, Inc.",8-K,Perfecto Sanchez,Director,spacy,Director
"TechTarget, Inc.",8-K,Christina Van Houten,Cto,spacy,Chief Technology Officer
"TechTarget, Inc.",8-K,Van Houten,Cto,spacy,Chief Technology Officer
"TechTarget, Inc.",8-K,Steven Niemiec,Chief Executive Officer,spacy,Chief Executive Officer
"TechTarget, Inc.",8-K,Charles D. Rennick,Vice President,spacy,Vice President
"TechTarget, Inc.",8-K,Howick Place,General Counsel,spacy,General Counsel
"TechTarget, Inc.",8-K,Benjamin K. Sibbett,General Counsel,spacy,General Counsel
"TechTarget, Inc.",8-K,Gareth Wright Position,Director,spacy,Director
"TechTarget, Inc.",8-K,Authorised Signatory,Director,spacy,Director
"TechTarget, Inc.",8-K,Kate Russell,Chief Financial Officer,spacy,Chief Financial Officer
"TechTarget, Inc.",8-K,Key Strategic Strengths,Coo,spacy,Chief Operating Officer
"Duckhorn Portfolio, Inc.",8-K,Deirdre Mahlan,President,spacy,President
"Duckhorn Portfolio, Inc.",8-K,Sullivan Sean Sullivan,Vice President,spacy,Vice President
"Catalent, Inc.",8-K,Alessandro Maselli,President,spacy,President
Tavia Acquisition Corp.,8-K,Thorp Alberga,Unknown,spacy,Unknown
Tavia Acquisition Corp.,8-K,Christophe Charlier,Director,spacy,Director
Tavia Acquisition Corp.,8-K,Marsha Kutkevich,Director,spacy,Director
Tavia Acquisition Corp.,8-K,Marsha Kutkevitch,Chief Executive Officer,spacy,Chief Executive Officer
Tavia Acquisition Corp.,8-K,Kutkevitch Acknowledged,Chief Executive Officer,spacy,Chief Executive Officer
Tavia Acquisition Corp.,8-K,Askar Mametov,Chief Executive Officer,spacy,Chief Executive Officer
"zSpace, Inc.",8-K,Joanna Morris,Director,spacy,Director
"zSpace, Inc.",8-K,Jane Swift,Director,spacy,Director
"zSpace, Inc.",8-K,Angela Galardi,Director,spacy,Director
"zSpace, Inc.",8-K,F. Any,Director,spacy,Director
"zSpace, Inc.",8-K,Shaw Pittman,Unknown,spacy,Unknown
Shepherd Ave Capital Acquisition Corp,8-K,Jia Peng,Ceo,spacy,Chief Executive Officer
Shepherd Ave Capital Acquisition Corp,8-K,Evan M. Graj,Director,spacy,Director
Shepherd Ave Capital Acquisition Corp,8-K,Wee Peng Siong,Director,spacy,Director
Shepherd Ave Capital Acquisition Corp,8-K,Carmelo Caschetto,Ceo,spacy,Chief Executive Officer
Shepherd Ave Capital Acquisition Corp,8-K,Wee Peng Song,Chief Executive Officer,spacy,Chief Executive Officer
Shepherd Ave Capital Acquisition Corp,8-K,Peng Song,Unknown,spacy,Unknown
NEW ERA HELIUM INC.,8-K,Sichenzia Ross Ference,Chief Executive Officer,spacy,Chief Executive Officer
"REGENEREX PHARMA, INC.",8-K,J. Kenneth Hazen,Director,spacy,Director
"REGENEREX PHARMA, INC.",8-K,Deborah L. Pilant,Director,spacy,Director
"REGENEREX PHARMA, INC.",8-K,Brent Wilson,Treasurer,spacy,Treasurer
"REGENEREX PHARMA, INC.",8-K,Lee Ori,Treasurer,spacy,Treasurer
Jackson Acquisition Co II,8-K,J. Nicholas Ayers,Director,spacy,Director
Jackson Acquisition Co II,8-K,Paul G. Gabos,Director,spacy,Director
Jackson Acquisition Co II,8-K,Paul Gabos,Director,spacy,Director
Jackson Acquisition Co II,8-K,Stephan Rodgers,Director,spacy,Director
Jackson Acquisition Co II,8-K,Newport Beach,Cto,spacy,Chief Technology Officer
Jackson Acquisition Co II,8-K,Peter Strand,Unknown,spacy,Unknown
Jackson Acquisition Co II,8-K,Provide Roth,Cto,spacy,Chief Technology Officer
Jackson Acquisition Co II,8-K,L. Jackson,Director,spacy,Director
Jackson Acquisition Co II,8-K,Nicholas Ayers,Director,spacy,Director
Jackson Acquisition Co II,8-K,G. Gabos,Director,spacy,Director
US NUCLEAR CORP.,8-K,Michael Pope,Director,spacy,Director
"GALAXY NEXT GENERATION, INC.",8-K,Ashley Reynolds Ray,Unknown,spacy,Unknown
"GALAXY NEXT GENERATION, INC.",8-K,Katie Goodman,Cfo,spacy,Chief Financial Officer
"GALAXY NEXT GENERATION, INC.",8-K,Jones Walden,Unknown,spacy,Unknown
"GALAXY NEXT GENERATION, INC.",8-K,David Weidenbaum,Unknown,spacy,Unknown
"ServiceTitan, Inc.",8-K,Ara Mahdessian Ara,Chief Executive Officer,spacy,Chief Executive Officer
"ServiceTitan, Inc.",8-K,Olive Huang,Unknown,spacy,Unknown
Anteris Technologies Global Corp.,8-K,John Seaberg,Director,spacy,Director
Anteris Technologies Global Corp.,8-K,Stephen Denaro,Director,spacy,Director
Anteris Technologies Global Corp.,8-K,Wenyi Gu,Director,spacy,Director
Anteris Technologies Global Corp.,8-K,David St Denis,Chief Executive Officer,spacy,Chief Executive Officer
Quipt Home Medical Corp.,8-K,Hardik Mehta,Chief Financial Officer,spacy,Chief Financial Officer
Quipt Home Medical Corp.,8-K,Gregory Crawford,Chairman,spacy,Chair
Mountain Lake Acquisition Corp.,8-K,Douglas Horlick,Director,spacy,Director
Mountain Lake Acquisition Corp.,8-K,Michael Marquez,Director,spacy,Director
Mountain Lake Acquisition Corp.,8-K,Jaime Vieser,Director,spacy,Director
Lode-Star Mining Inc.,8-K,Mark Walmesley,Chief Executive Officer,spacy,Chief Executive Officer
Roman DBDR Acquisition Corp. II,8-K,James Nevels,Director,spacy,Director
Roman DBDR Acquisition Corp. II,8-K,Bryn Sherman,Director,spacy,Director
Roman DBDR Acquisition Corp. II,8-K,Michael Woods,Director,spacy,Director
Roman DBDR Acquisition Corp. II,8-K,Dixon Doll,Director,spacy,Director
Roman DBDR Acquisition Corp. II,8-K,Donald G. Basile,Director,spacy,Director
Roman DBDR Acquisition Corp. II,8-K,Michael Woods Acknowledged,Chief Executive Officer,spacy,Chief Executive Officer
AEI INCOME & GROWTH FUND XXII LTD PARTNERSHIP,8-K,Marissa Lassaux,Ceo,spacy,Chief Executive Officer
AEI INCOME & GROWTH FUND XXII LTD PARTNERSHIP,8-K,Aaron Mitchell,Ceo,spacy,Chief Executive Officer
AEI INCOME & GROWTH FUND XXII LTD PARTNERSHIP,8-K,Stephen Andy Rohrer,Ceo,spacy,Chief Executive Officer
AEI INCOME & GROWTH FUND XXII LTD PARTNERSHIP,8-K,Stephen Rohrer,Ceo,spacy,Chief Executive Officer
ACUREN CORP,8-K,Tal Pizzey,Ceo,spacy,Chief Executive Officer
Newbury Street Acquisition Corp,8-K,John P. Acunto,President,spacy,President
TAUTACHROME INC.,8-K,Gregory L. Carter,Chief Financial Officer,spacy,Chief Financial Officer
