company_name,cik,has_exhibit21,exhibit21_url,subsidiary_count,reason
1 800 Flowers Com Inc,1084869,False,,0,"10-K found, but Exhibit-21 missing"
10X Genomics Inc,1770787,False,,0,"10-K found, but Exhibit-21 missing"
1606 Corp,1877461,False,,0,"10-K found, but Exhibit-21 missing"
1895 Bancorp Of Wisconsin Inc,1847360,True,https://www.sec.gov/Archives/edgar/data/1847360/000095017024038577/bcow-ex21.htm,2,Exhibit-21 found
1stdibs.com Inc,1600641,True,https://www.sec.gov/Archives/edgar/data/1600641/000160064125000011/ex211subsidiariesof1stdibs.htm,1,Exhibit-21 found
21Shares Core Ethereum ETF,1992508,False,,0,"10-K found, but Exhibit-21 missing"
22Nd Century Group Inc,1347858,True,https://www.sec.gov/Archives/edgar/data/1347858/000155837025003345/xxii-20241231xex21d1.htm,13,Exhibit-21 found
2Seventy Bio Inc,320193,False,,0,"10-K found, but Exhibit-21 missing"
374Water Inc,933972,True,https://www.sec.gov/Archives/edgar/data/933972/000165495425003443/scwo_ex211.htm,2,Exhibit-21 found
3D Systems Corp,910638,True,https://www.sec.gov/Archives/edgar/data/910638/000091063825000005/ddd-2024_12x31ex211.htm,31,Exhibit-21 found
3M Co,66740,False,,0,"10-K found, but Exhibit-21 missing"
4D Molecular Therapeutics Inc,1650648,False,,0,"10-K found, but Exhibit-21 missing"
4Front Ventures Corp,1045810,False,,0,"10-K found, but Exhibit-21 missing"
5E Advanced Materials Inc,1888654,False,,0,"10-K found, but Exhibit-21 missing"
60 Degrees Pharmaceuticals Inc,1946563,False,,0,"10-K found, but Exhibit-21 missing"
89Bio Inc,1018724,True,https://www.sec.gov/Archives/edgar/data/1018724/000101872425000004/amzn-20241231xex211.htm,9,Exhibit-21 found
8x8 Inc,1023731,True,https://www.sec.gov/Archives/edgar/data/1023731/000102373125000039/a8x8_fy2510kxex211.htm,1,Exhibit-21 found
908 Devices Inc,1555279,True,https://www.sec.gov/Archives/edgar/data/1555279/000155837025002459/mass-20241231xex21d1.htm,3,Exhibit-21 found
A10 Networks Inc,1580808,False,,0,"10-K found, but Exhibit-21 missing"
AA Mission Acquisition Corp,2012964,False,,0,"10-K found, but Exhibit-21 missing"
Aadi Bioscience Inc,1469443,False,,0,"10-K found, but Exhibit-21 missing"
AAON Inc,824142,True,https://www.sec.gov/Archives/edgar/data/824142/000082414225000039/aaon_10k123124ex21.htm,3,Exhibit-21 found
AAR Corp,1750,True,https://www.sec.gov/Archives/edgar/data/1750/000141057825001475/air-20250531xex21d1.htm,39,Exhibit-21 found
AB International Group Corp,1605331,False,,0,"10-K found, but Exhibit-21 missing"
Abacus Life Inc,320193,False,,0,"10-K found, but Exhibit-21 missing"
Abbott Laboratories,1800,False,,0,"10-K found, but Exhibit-21 missing"
Abbvie Inc,1551152,True,https://www.sec.gov/Archives/edgar/data/1551152/000155115225000020/abbv-20241231xex21.htm,27,Exhibit-21 found
Abcellera Biologics Inc,1703057,False,,0,"10-K found, but Exhibit-21 missing"
Abeona Therapeutics Inc,318306,True,https://www.sec.gov/Archives/edgar/data/318306/000149315225010978/ex21.htm,2,Exhibit-21 found
Abercrombie & Fitch Co,1018840,False,,0,"10-K found, but Exhibit-21 missing"
Abpro Holdings Inc,1893219,False,,0,"10-K found, but Exhibit-21 missing"
Abrdn ASIA-Pacific Income FUND Inc,790500,False,,0,No 10-K found
Abrdn Gold ETF Trust,1450923,False,,0,"10-K found, but Exhibit-21 missing"
Acacia Research Corp,934549,True,https://www.sec.gov/Archives/edgar/data/934549/000093454925000004/actg-20241231xex211.htm,3,Exhibit-21 found
Academy Sports & Outdoors Inc,1817358,False,,0,"10-K found, but Exhibit-21 missing"
Acadia Healthcare Company Inc,1520697,True,https://www.sec.gov/Archives/edgar/data/1520697/000095017025029095/achc-ex21.htm,214,Exhibit-21 found
Acadia Pharmaceuticals Inc,1070494,True,https://www.sec.gov/Archives/edgar/data/1070494/000095017025029253/acad-ex21_1.htm,3,Exhibit-21 found
Acadia Realty Trust,899629,True,https://www.sec.gov/Archives/edgar/data/899629/000095017025021145/akr-ex21_1.htm,353,Exhibit-21 found
Accel Entertainment Inc,1698991,False,,0,"10-K found, but Exhibit-21 missing"
Accelerate Diagnostics Inc,320193,False,,0,"10-K found, but Exhibit-21 missing"
Accenture PLC,1467373,False,,0,"10-K found, but Exhibit-21 missing"
ACCO Brands Corp,712034,True,https://www.sec.gov/Archives/edgar/data/712034/000095017025024931/acco-ex21_1.htm,13,Exhibit-21 found
Accolade Inc,1326801,False,,0,"10-K found, but Exhibit-21 missing"
Accredited Solutions Inc,1464865,False,,0,"10-K found, but Exhibit-21 missing"
Accuray Inc,1138723,True,https://www.sec.gov/Archives/edgar/data/1138723/000119312525191242/aray-ex21_1.htm,8,Exhibit-21 found
Acelyrin Inc,1326801,False,,0,"10-K found, but Exhibit-21 missing"
Aceztech Corp,70858,True,https://www.sec.gov/Archives/edgar/data/70858/000007085825000139/bac-1231202410xkex21.htm,34,Exhibit-21 found
Achieve LIFE Sciences Inc,949858,True,https://www.sec.gov/Archives/edgar/data/949858/000095017025036831/achv-ex21_1.htm,3,Exhibit-21 found
ACI Worldwide Inc,935036,False,,0,"10-K found, but Exhibit-21 missing"
Aclarion Inc,1635077,False,,0,"10-K found, but Exhibit-21 missing"
Aclaris Therapeutics Inc,1557746,False,,0,"10-K found, but Exhibit-21 missing"
ACME United Corp,2098,True,https://www.sec.gov/Archives/edgar/data/2098/000095017025034843/acu-ex21.htm,1,Exhibit-21 found
Acorn Energy Inc,880984,True,https://www.sec.gov/Archives/edgar/data/880984/000149315225009325/ex21-1.htm,2,Exhibit-21 found
Acreage Holdings Inc,1507605,False,,0,"10-K found, but Exhibit-21 missing"
Acres Commercial Realty Corp,1332551,True,https://www.sec.gov/Archives/edgar/data/1332551/000095017025039661/acr-ex21_1.htm,34,Exhibit-21 found
Actelis Networks Inc,1141284,False,,0,"10-K found, but Exhibit-21 missing"
Actinium Pharmaceuticals Inc,1388320,False,,0,"10-K found, but Exhibit-21 missing"
Actuate Therapeutics Inc,1652935,True,https://www.sec.gov/Archives/edgar/data/1652935/000168316825001581/actuate_ex2101.htm,1,Exhibit-21 found
Acuity Brands Inc,320193,False,,0,"10-K found, but Exhibit-21 missing"
Acumen Pharmaceuticals Inc,1576885,False,,0,"10-K found, but Exhibit-21 missing"
Acura Pharmaceuticals Inc,1736243,True,https://www.sec.gov/Archives/edgar/data/1736243/000155837025003117/acxp-20241231xex21d1.htm,0,Exhibit-21 found
Acuren Corp,1037038,True,https://www.sec.gov/Archives/edgar/data/1037038/000103703825000011/rl-20250329x10kex211.htm,51,Exhibit-21 found
Acurx Pharmaceuticals Inc,1736243,True,https://www.sec.gov/Archives/edgar/data/1736243/000155837025003117/acxp-20241231xex21d1.htm,0,Exhibit-21 found
Acushnet Holdings Corp,1672013,False,,0,"10-K found, but Exhibit-21 missing"
Acutus Medical Inc,320193,False,,0,"10-K found, but Exhibit-21 missing"
ACV Auctions Inc,1637873,False,,0,"10-K found, but Exhibit-21 missing"
Adagio Medical Holdings Inc,2006986,False,,0,"10-K found, but Exhibit-21 missing"
Adamas One Corp,70858,True,https://www.sec.gov/Archives/edgar/data/70858/000007085825000139/bac-1231202410xkex21.htm,34,Exhibit-21 found
Adams Diversified Equity FUND Inc,2230,False,,0,No 10-K found
Adams Resources & Energy Inc,320193,False,,0,"10-K found, but Exhibit-21 missing"
Adapthealth Corp,1725255,True,https://www.sec.gov/Archives/edgar/data/1725255/000162828025007740/ahco-20241231xex211.htm,229,Exhibit-21 found
Adaptimmune Therapeutics PLC,1621227,True,https://www.sec.gov/Archives/edgar/data/1621227/000155837025003544/adap-20241231xex21d1.htm,4,Exhibit-21 found
Adaptive Biotechnologies Corp,1478320,False,,0,"10-K found, but Exhibit-21 missing"
ADC Therapeutics SA,1771910,False,,0,"10-K found, but Exhibit-21 missing"
Addentax Group Corp,1650101,True,https://www.sec.gov/Archives/edgar/data/1650101/000164117225017050/ex21-1.htm,11,Exhibit-21 found
Addus Homecare Corp,1468328,True,https://www.sec.gov/Archives/edgar/data/1468328/000095017025026747/adus-ex21_1.htm,42,Exhibit-21 found
Addvantage Technologies Group Inc,320193,False,,0,"10-K found, but Exhibit-21 missing"
Adeia Inc,1803696,True,https://www.sec.gov/Archives/edgar/data/1803696/000095017025023148/adea-ex21_1.htm,17,Exhibit-21 found
Adial Pharmaceuticals Inc,1513525,False,,0,"10-K found, but Exhibit-21 missing"
Adicet Bio Inc,1720580,False,,0,"10-K found, but Exhibit-21 missing"
Adient PLC,1670541,False,,0,"10-K found, but Exhibit-21 missing"
ADM Tronics Unlimited Inc,849401,False,,0,"10-K found, but Exhibit-21 missing"
ADMA Biologics Inc,1368514,True,https://www.sec.gov/Archives/edgar/data/1368514/000114036125009257/ef20038923_ex21-1.htm,6,Exhibit-21 found
Adobe Inc,796343,True,https://www.sec.gov/Archives/edgar/data/796343/000079634325000004/adbeex211fy24.htm,25,Exhibit-21 found
Adtalem Global Education Inc,730464,True,https://www.sec.gov/Archives/edgar/data/730464/000155837025010780/atge-20250630xex21d1.htm,2,Exhibit-21 found
Adtran Holdings Inc,926282,True,https://www.sec.gov/Archives/edgar/data/926282/000095017025031056/adtn-ex21.htm,20,Exhibit-21 found
Advance AUTO Parts Inc,1158449,False,,0,"10-K found, but Exhibit-21 missing"
Advanced Energy Industries Inc,927003,True,https://www.sec.gov/Archives/edgar/data/927003/000155837025001038/aeis-20241231xex21d1.htm,42,Exhibit-21 found
Advanced Flower Capital Inc,1822523,True,https://www.sec.gov/Archives/edgar/data/1822523/000182252325000003/ex211listofsubsidiariesoft.htm,1,Exhibit-21 found
Advanced Micro Devices Inc,2488,True,https://www.sec.gov/Archives/edgar/data/2488/000000248825000012/ex21-10kfy2412_28.htm,40,Exhibit-21 found
Advansix Inc,1673985,False,,0,"10-K found, but Exhibit-21 missing"
Advent Convertible & Income FUND,1219120,False,,0,No 10-K found
Advent Technologies Holdings Inc,1744494,True,https://www.sec.gov/Archives/edgar/data/1744494/000182912625004289/adventtech_ex21-1.htm,2,Exhibit-21 found
Adverum Biotechnologies Inc,1501756,False,,0,"10-K found, but Exhibit-21 missing"
Aecom,868857,False,,0,"10-K found, but Exhibit-21 missing"
AEHR TEST Systems,1040470,True,https://www.sec.gov/Archives/edgar/data/1040470/000165495425008553/aehr_ex211.htm,2,Exhibit-21 found
AEI Income & Growth FUND XXII Ltd Partnership,931755,False,,0,"10-K found, but Exhibit-21 missing"
Aeluma Inc,1828805,False,,0,"10-K found, but Exhibit-21 missing"
AEON Biopharma Inc,1837607,True,https://www.sec.gov/Archives/edgar/data/1837607/000183760725000022/aeon-20241231xex21.htm,2,Exhibit-21 found
Aeries Technology Inc,1853044,False,,0,"10-K found, but Exhibit-21 missing"
Aerkomm Inc,1326801,False,,0,"10-K found, but Exhibit-21 missing"
Aerovate Therapeutics Inc,1744659,False,,0,"10-K found, but Exhibit-21 missing"
Aerovironment Inc,1368622,True,https://www.sec.gov/Archives/edgar/data/1368622/000155837025008838/avav-20250430xex21d1.htm,2,Exhibit-21 found
Aersale Corp,1754170,True,https://www.sec.gov/Archives/edgar/data/1754170/000155837025002624/asle-20241231xex21d1.htm,11,Exhibit-21 found
Aerwins Technologies Inc,1113232,True,https://www.sec.gov/Archives/edgar/data/1113232/000155837025001855/acls-20241231xex21d1.htm,6,Exhibit-21 found
AES Corp,874761,False,,0,"10-K found, but Exhibit-21 missing"
Aethlon Medical Inc,882291,True,https://www.sec.gov/Archives/edgar/data/882291/000168316825004780/aethlon_ex2101.htm,1,Exhibit-21 found
Aeva Technologies Inc,1789029,True,https://www.sec.gov/Archives/edgar/data/1789029/000095017025042849/aeva-ex21_1.htm,2,Exhibit-21 found
AFB Ltd,1091587,False,,0,No 10-K found
Affiliated Managers Group Inc,1004434,False,,0,"10-K found, but Exhibit-21 missing"
Affirm Holdings Inc,1820953,False,,0,"10-K found, but Exhibit-21 missing"
Aflac Inc,4977,True,https://www.sec.gov/Archives/edgar/data/4977/000000497725000047/afl123124ex21.htm,58,Exhibit-21 found
African Agriculture Holdings Inc,1809587,False,,0,No 10-K found
AG Mortgage Investment Trust Inc,1514281,False,,0,"10-K found, but Exhibit-21 missing"
Agape ATP Corp,1713210,False,,0,"10-K found, but Exhibit-21 missing"
AGCO Corp /De,880266,True,https://www.sec.gov/Archives/edgar/data/880266/000088026625000011/agcoex211-202410xk.htm,47,Exhibit-21 found
Ageagle Aerial Systems Inc,8504,True,https://www.sec.gov/Archives/edgar/data/8504/000164117225001563/ex21-1.htm,5,Exhibit-21 found
Agilent Technologies Inc,1090872,False,,0,"10-K found, but Exhibit-21 missing"
Agilon Health Inc,1831097,True,https://www.sec.gov/Archives/edgar/data/1831097/000162828025007721/ex-211_2024.htm,90,Exhibit-21 found
Agilysys Inc,78749,True,https://www.sec.gov/Archives/edgar/data/78749/000095017025076527/agys-ex21.htm,12,Exhibit-21 found
Agios Pharmaceuticals Inc,1439222,True,https://www.sec.gov/Archives/edgar/data/1439222/000143922225000009/agio-ex211x123124.htm,0,Exhibit-21 found
Agree Realty Corp,917251,True,https://www.sec.gov/Archives/edgar/data/917251/000155837025000803/adc-20241231xex21.htm,71,Exhibit-21 found
Agriculture & Natural Solutions Acquisition Corp,1854149,False,,0,"10-K found, but Exhibit-21 missing"
Agriforce Growing Systems Ltd,858877,False,,0,"10-K found, but Exhibit-21 missing"
Agrify Corp,70858,True,https://www.sec.gov/Archives/edgar/data/70858/000007085825000139/bac-1231202410xkex21.htm,34,Exhibit-21 found
AI Transportation Acquisition Corp,1045810,False,,0,"10-K found, but Exhibit-21 missing"
Aiadvertising Inc,320193,False,,0,"10-K found, but Exhibit-21 missing"
Aileron Therapeutics Inc,1744659,False,,0,"10-K found, but Exhibit-21 missing"
Aimei Health Technology Co Ltd,1979005,False,,0,"10-K found, but Exhibit-21 missing"
AIR Industries Group,1009891,False,,0,"10-K found, but Exhibit-21 missing"
AIR Lease Corp,1487712,True,https://www.sec.gov/Archives/edgar/data/1487712/000162828025005392/ex211-q424xye.htm,1,Exhibit-21 found
Air Products & Chemicals Inc,2969,False,,0,"10-K found, but Exhibit-21 missing"
AIR T Inc,353184,True,https://www.sec.gov/Archives/edgar/data/353184/000035318425000044/ex-211to2025form10xkairtinc.htm,33,Exhibit-21 found
Air Transport Services Group Inc,320193,False,,0,"10-K found, but Exhibit-21 missing"
Aircastle Ltd,1362988,True,https://www.sec.gov/Archives/edgar/data/1362988/000162828025019189/ayrq4202410-kex211.htm,71,Exhibit-21 found
Airgain Inc,1272842,False,,0,"10-K found, but Exhibit-21 missing"
Airjoule Technologies Corp,1855474,True,https://www.sec.gov/Archives/edgar/data/1855474/000101376225002263/ea023165201ex21-1_airjoule.htm,1,Exhibit-21 found
Airsculpt Technologies Inc,1870940,False,,0,"10-K found, but Exhibit-21 missing"
Airship AI Holdings Inc,1842566,False,,0,"10-K found, but Exhibit-21 missing"
AKA Brands Holding Corp,1865107,False,,0,"10-K found, but Exhibit-21 missing"
Akamai Technologies Inc,1086222,False,,0,"10-K found, but Exhibit-21 missing"
Akari Therapeutics PLC,1541157,True,https://www.sec.gov/Archives/edgar/data/1541157/000095017025054278/aktx-ex21_1.htm,6,Exhibit-21 found
Akebia Therapeutics Inc,1517022,False,,0,"10-K found, but Exhibit-21 missing"
Akero Therapeutics Inc,1744659,False,,0,"10-K found, but Exhibit-21 missing"
Akoustis Technologies Inc,1321834,False,,0,"10-K found, but Exhibit-21 missing"
Akoya Biosciences Inc,1676725,False,,0,"10-K found, but Exhibit-21 missing"
Alamo Group Inc,897077,True,https://www.sec.gov/Archives/edgar/data/897077/000089707725000007/a202410kex211.htm,49,Exhibit-21 found
alarm.com Holdings Inc,1459200,True,https://www.sec.gov/Archives/edgar/data/1459200/000145920025000004/ex211subsidiarylist123124.htm,19,Exhibit-21 found
Alaska AIR Group Inc,766421,True,https://www.sec.gov/Archives/edgar/data/766421/000076642125000009/alk10-k12312024ex21.htm,21,Exhibit-21 found
Alaunos Therapeutics Inc,1107421,False,,0,"10-K found, but Exhibit-21 missing"
Albany International Corp,819793,True,https://www.sec.gov/Archives/edgar/data/819793/000081979325000007/ain-20241231xex21.htm,29,Exhibit-21 found
Albemarle Corp,915913,False,,0,"10-K found, but Exhibit-21 missing"
Albertsons Companies Inc,1646972,True,https://www.sec.gov/Archives/edgar/data/1646972/000164697225000052/ex211-scheduleofsubsidiari.htm,181,Exhibit-21 found
Alchemy Investments Acquisition Corp 1,1901336,False,,0,"10-K found, but Exhibit-21 missing"
Alcoa Corp,1675149,True,https://www.sec.gov/Archives/edgar/data/1675149/000095017025024242/aa-ex21_1.htm,9,Exhibit-21 found
Aldel Financial II Inc,2031561,False,,0,"10-K found, but Exhibit-21 missing"
Aldeyra Therapeutics Inc,1341235,True,https://www.sec.gov/Archives/edgar/data/1341235/000095017025030102/aldx-ex21_1.htm,1,Exhibit-21 found
Alerus Financial Corp,903419,False,,0,"10-K found, but Exhibit-21 missing"
Alexander & Baldwin Inc,1545654,True,https://www.sec.gov/Archives/edgar/data/1545654/000154565425000005/a2024ex211subsidiarieslist.htm,137,Exhibit-21 found
Alexanders Inc,3499,False,,0,"10-K found, but Exhibit-21 missing"
Alexandria REAL Estate Equities Inc,1035443,True,https://www.sec.gov/Archives/edgar/data/1035443/000103544325000067/a2024-ex211.htm,2,Exhibit-21 found
Algorhythm Holdings Inc,923601,False,,0,"10-K found, but Exhibit-21 missing"
Alight Inc / Delaware,1809104,True,https://www.sec.gov/Archives/edgar/data/1809104/000180910425000062/alit-20241231xex211xsubsid.htm,25,Exhibit-21 found
Alignment Healthcare Inc,1832466,False,,0,"10-K found, but Exhibit-21 missing"
Aligos Therapeutics Inc,1799448,False,,0,"10-K found, but Exhibit-21 missing"
Alkaline Water Co Inc,1532390,False,,0,"10-K found, but Exhibit-21 missing"
Alkami Technology Inc,1529274,False,,0,"10-K found, but Exhibit-21 missing"
Alkermes PLC,1520262,True,https://www.sec.gov/Archives/edgar/data/1520262/000095017025019011/alks-ex21_1.htm,4,Exhibit-21 found
Allakos Inc,1326801,False,,0,"10-K found, but Exhibit-21 missing"
Allarity Therapeutics Inc,1860657,False,,0,"10-K found, but Exhibit-21 missing"
Allbirds Inc,1653909,False,,0,"10-K found, but Exhibit-21 missing"
Allegiant Travel Co,1362468,False,,0,"10-K found, but Exhibit-21 missing"
Allegion PLC,1579241,False,,0,"10-K found, but Exhibit-21 missing"
Allegro Microsystems Inc,866291,True,https://www.sec.gov/Archives/edgar/data/866291/000095017025076059/algm-ex21_1.htm,8,Exhibit-21 found
Alliance Entertainment Holding Corp,1823584,False,,0,"10-K found, but Exhibit-21 missing"
Alliancebernstein Holding LP,825313,True,https://www.sec.gov/Archives/edgar/data/825313/000082531325000014/ab123124ex21012024subsidia.htm,42,Exhibit-21 found
Alliant Energy Corp,352541,True,https://www.sec.gov/Archives/edgar/data/352541/000035254125000014/lnt1231202410-kex211.htm,3,Exhibit-21 found
Allied Gaming & Entertainment Inc,1708341,True,https://www.sec.gov/Archives/edgar/data/1708341/000121390025052248/ea023809501ex21-1_allied.htm,9,Exhibit-21 found
Allison Transmission Holdings Inc,1411207,True,https://www.sec.gov/Archives/edgar/data/1411207/000095017025019379/alsn-ex21_1.htm,1,Exhibit-21 found
Allogene Therapeutics Inc,1737287,False,,0,"10-K found, but Exhibit-21 missing"
Allovir Inc,1326801,False,,0,"10-K found, but Exhibit-21 missing"
Allstate Corp,899051,False,,0,"10-K found, but Exhibit-21 missing"
Allurion Technologies Inc,1964979,True,https://www.sec.gov/Archives/edgar/data/1964979/000095017025046063/alur-ex21_1.htm,4,Exhibit-21 found
Ally Financial Inc,40729,False,,0,"10-K found, but Exhibit-21 missing"
Alnylam Pharmaceuticals Inc,1178670,False,,0,"10-K found, but Exhibit-21 missing"
Alpha & Omega Semiconductor Ltd,1387467,True,https://www.sec.gov/Archives/edgar/data/1387467/000162828025041297/aoslex211fy2025listofsubsi.htm,6,Exhibit-21 found
Alpha Cognition Inc,1655923,True,https://www.sec.gov/Archives/edgar/data/1655923/000121390025026225/ea023339001ex21_alpha.htm,2,Exhibit-21 found
Alpha Investment Inc,1616736,False,,0,"10-K found, but Exhibit-21 missing"
Alpha Metallurgical Resources Inc,1704715,False,,0,"10-K found, but Exhibit-21 missing"
Alpha PRO TECH Ltd,884269,False,,0,"10-K found, but Exhibit-21 missing"
Alpha Star Acquisition Corp,1865111,True,https://www.sec.gov/Archives/edgar/data/1865111/000149315225008023/ex21-1.htm,1,Exhibit-21 found
Alpha Teknova Inc,1850902,False,,0,"10-K found, but Exhibit-21 missing"
Alphabet Inc,1652044,False,,0,"10-K found, but Exhibit-21 missing"
Alphatec Holdings Inc,1350653,False,,0,"10-K found, but Exhibit-21 missing"
Alphatime Acquisition Corp,1889106,False,,0,"10-K found, but Exhibit-21 missing"
Alphavest Acquisition Corp,1937891,False,,0,"10-K found, but Exhibit-21 missing"
Alpine 4 Holdings Inc,320193,False,,0,"10-K found, but Exhibit-21 missing"
Alpine Income Property Trust Inc,1786117,True,https://www.sec.gov/Archives/edgar/data/1786117/000155837025000687/pine-20241231xex21d1.htm,73,Exhibit-21 found
Alt5 Sigma Corp,862861,False,,0,"10-K found, but Exhibit-21 missing"
ALTA Equipment Group Inc,1759824,True,https://www.sec.gov/Archives/edgar/data/1759824/000095017025033669/altg-ex21_1.htm,28,Exhibit-21 found
Altair Engineering Inc,320193,False,,0,"10-K found, but Exhibit-21 missing"
Altair International Corp,1605888,True,https://www.sec.gov/Archives/edgar/data/1605888/000160588825000006/atln-ex21listingofsubsidia.htm,4,Exhibit-21 found
Altenergy Acquisition Corp,1852016,False,,0,"10-K found, but Exhibit-21 missing"
Alternus Clean Energy Inc,1883984,True,https://www.sec.gov/Archives/edgar/data/1883984/000121390025052242/ea024474001ex21-1_alternus.htm,4,Exhibit-21 found
Alterola Biotech Inc,1626878,False,,0,"10-K found, but Exhibit-21 missing"
Alti Global Inc,1838615,False,,0,"10-K found, but Exhibit-21 missing"
Altice USA Inc,320193,False,,0,"10-K found, but Exhibit-21 missing"
Altimmune Inc,1326190,True,https://www.sec.gov/Archives/edgar/data/1326190/000132619025000015/alt-20241231xex21.htm,2,Exhibit-21 found
Altisource Asset Management Corp,1045810,False,,0,"10-K found, but Exhibit-21 missing"
Altisource Portfolio Solutions SA,1462418,True,https://www.sec.gov/Archives/edgar/data/1462418/000146241825000057/asps12312024-ex211.htm,43,Exhibit-21 found
Alto Ingredients Inc,778164,True,https://www.sec.gov/Archives/edgar/data/778164/000121390025023709/ea023395001ex21-1_altoing.htm,11,Exhibit-21 found
Altria Group Inc,764180,False,,0,"10-K found, but Exhibit-21 missing"
Altus Power Inc,320193,False,,0,"10-K found, but Exhibit-21 missing"
Alumis Inc,1847367,False,,0,"10-K found, but Exhibit-21 missing"
ALX Oncology Holdings Inc,1810182,True,https://www.sec.gov/Archives/edgar/data/1810182/000095017025034761/alxo-ex21_1.htm,1,Exhibit-21 found
Alzamend Neuro Inc,1677077,False,,0,"10-K found, but Exhibit-21 missing"
Amalgamated Financial Corp,1823608,True,https://www.sec.gov/Archives/edgar/data/1823608/000182360825000015/a202412_amal10-kxex211.htm,35,Exhibit-21 found
A-Mark Precious Metals Inc,320193,False,,0,"10-K found, but Exhibit-21 missing"
Amazon Com Inc,1018724,True,https://www.sec.gov/Archives/edgar/data/1018724/000101872425000004/amzn-20241231xex211.htm,9,Exhibit-21 found
Ambarella Inc,1280263,False,,0,"10-K found, but Exhibit-21 missing"
Ambase Corp,20639,True,https://www.sec.gov/Archives/edgar/data/20639/000114036125010025/ef20038924_ex21.htm,1,Exhibit-21 found
AMC Entertainment Holdings Inc,1411579,True,https://www.sec.gov/Archives/edgar/data/1411579/000141157925000042/amc-20241231xex21.htm,29,Exhibit-21 found
AMC Networks Inc,1514991,True,https://www.sec.gov/Archives/edgar/data/1514991/000151499125000009/amcx-12312024xex21.htm,8,Exhibit-21 found
Amcon Distributing Co,928465,True,https://www.sec.gov/Archives/edgar/data/928465/000110465925108504/dit-20250930xex21d1.htm,16,Exhibit-21 found
Amcor PLC,1748790,False,,0,"10-K found, but Exhibit-21 missing"
Amedisys Inc,1326801,False,,0,"10-K found, but Exhibit-21 missing"
Amentum Holdings Inc,2011286,True,https://www.sec.gov/Archives/edgar/data/2011286/000162828025053993/amtm100325ex211.htm,123,Exhibit-21 found
Amerant Bancorp Inc,1734342,True,https://www.sec.gov/Archives/edgar/data/1734342/000173434225000023/ex211subsidiaries12312024.htm,11,Exhibit-21 found
Ameren Corp,1002910,False,,0,"10-K found, but Exhibit-21 missing"
Ameren Illinois Co,18654,False,,0,"10-K found, but Exhibit-21 missing"
Ameresco Inc,1488139,True,https://www.sec.gov/Archives/edgar/data/1488139/000148813925000018/amrc_20241231x10-kxex211.htm,627,Exhibit-21 found
America Great Health,912595,True,https://www.sec.gov/Archives/edgar/data/912595/000095017025016287/maa-ex21_1.htm,45,Exhibit-21 found
American Airlines Group Inc,6201,True,https://www.sec.gov/Archives/edgar/data/6201/000000620125000010/ex211q42410k.htm,29,Exhibit-21 found
American Assets Trust Inc,1500217,True,https://www.sec.gov/Archives/edgar/data/1500217/000150021725000007/aat-ex211xq42024xlistofsub.htm,57,Exhibit-21 found
American AXLE & Manufacturing Holdings Inc,1062231,False,,0,"10-K found, but Exhibit-21 missing"
American Battery Technology Co,1576873,False,,0,"10-K found, but Exhibit-21 missing"
American Cannabis Company Inc,320193,False,,0,"10-K found, but Exhibit-21 missing"
American Clean Resources Group Inc,773717,False,,0,"10-K found, but Exhibit-21 missing"
American Coastal Insurance Corp,1401521,False,,0,"10-K found, but Exhibit-21 missing"
American Eagle Outfitters Inc,919012,True,https://www.sec.gov/Archives/edgar/data/919012/000095017025042746/aeo-ex21.htm,28,Exhibit-21 found
American Express Co,4962,False,,0,"10-K found, but Exhibit-21 missing"
American Financial Group Inc,1042046,True,https://www.sec.gov/Archives/edgar/data/1042046/000104204625000011/afg-20241231xex21.htm,44,Exhibit-21 found
American Healthcare REIT Inc,1632970,True,https://www.sec.gov/Archives/edgar/data/1632970/000163297025000018/ex211-2024xq410xkahr.htm,704,Exhibit-21 found
American Homes 4 Rent,1562401,False,,0,"10-K found, but Exhibit-21 missing"
American International Group Inc,5272,False,,0,"10-K found, but Exhibit-21 missing"
American International Holdings Corp,1045810,False,,0,"10-K found, but Exhibit-21 missing"
American National Group Inc,1039828,False,,0,"10-K found, but Exhibit-21 missing"
American Oncology Network Inc,1839998,False,,0,"10-K found, but Exhibit-21 missing"
American Outdoor Brands Inc,1808997,False,,0,"10-K found, but Exhibit-21 missing"
American Public Education Inc,1201792,False,,0,"10-K found, but Exhibit-21 missing"
American Rebel Holdings Inc,1648087,True,https://www.sec.gov/Archives/edgar/data/1648087/000164117225003346/ex21-1.htm,5,Exhibit-21 found
American Resources Corp,1590715,False,,0,"10-K found, but Exhibit-21 missing"
American Shared Hospital Services,744825,False,,0,"10-K found, but Exhibit-21 missing"
American States Water Co,1056903,True,https://www.sec.gov/Archives/edgar/data/1056903/000162828025006389/ex21subsidiariesofawr-2024.htm,14,Exhibit-21 found
American Strategic Investment Co,1595527,True,https://www.sec.gov/Archives/edgar/data/1595527/000162828025013880/ex211subsidiarylist123124.htm,9,Exhibit-21 found
American Tower Corp,1053507,False,,0,"10-K found, but Exhibit-21 missing"
American Vanguard Corp,5981,True,https://www.sec.gov/Archives/edgar/data/5981/000095017025078615/avd-ex21.htm,8,Exhibit-21 found
American Well Corp,1393584,True,https://www.sec.gov/Archives/edgar/data/1393584/000095017025019024/amwl-ex21_1.htm,9,Exhibit-21 found
American Woodmark Corp,794619,True,https://www.sec.gov/Archives/edgar/data/794619/000079461925000061/ex-21x2025430.htm,5,Exhibit-21 found
Americann Inc,918541,False,,0,"10-K found, but Exhibit-21 missing"
Americas Carmart Inc,799850,False,,0,"10-K found, but Exhibit-21 missing"
Americold Realty Trust,1455863,False,,0,"10-K found, but Exhibit-21 missing"
Ameriguard Security Services Inc,1514443,True,https://www.sec.gov/Archives/edgar/data/1514443/000182912625003553/ameriguardsec_ex21-1.htm,2,Exhibit-21 found
Ameriprise Financial Inc,820027,False,,0,"10-K found, but Exhibit-21 missing"
Ameris Bancorp,351569,True,https://www.sec.gov/Archives/edgar/data/351569/000035156925000006/abcb12-31x2024ex211.htm,7,Exhibit-21 found
Amerisafe Inc,1018979,False,,0,"10-K found, but Exhibit-21 missing"
Ameriserv Financial Inc,707605,True,https://www.sec.gov/Archives/edgar/data/707605/000155837025003291/asrv-20241231xex21d1.htm,1,Exhibit-21 found
AMES National Corp,1132651,False,,0,"10-K found, but Exhibit-21 missing"
Amesite Inc,1807166,False,,0,"10-K found, but Exhibit-21 missing"
Ametek Inc/,1037868,True,https://www.sec.gov/Archives/edgar/data/1037868/000103786825000012/ame-20241231xex21.htm,135,Exhibit-21 found
Amgen Inc,318154,True,https://www.sec.gov/Archives/edgar/data/318154/000031815425000010/amgn-ex21_2024.htm,23,Exhibit-21 found
Amicus Therapeutics Inc,1178879,False,,0,"10-K found, but Exhibit-21 missing"
AMJ Global Technology,2070829,False,,0,No 10-K found
Amkor Technology Inc,1047127,True,https://www.sec.gov/Archives/edgar/data/1047127/000104712725000030/amkr123124ex211.htm,15,Exhibit-21 found
AMMO Inc,1652044,False,,0,"10-K found, but Exhibit-21 missing"
AMN Healthcare Services Inc,1142750,True,https://www.sec.gov/Archives/edgar/data/1142750/000114275025000011/amn-ex211x20241231x10k.htm,24,Exhibit-21 found
Amneal Pharmaceuticals Inc,1723128,False,,0,"10-K found, but Exhibit-21 missing"
Ampco Pittsburgh Corp,6176,True,https://www.sec.gov/Archives/edgar/data/6176/000095017025040259/ap-ex21.htm,5,Exhibit-21 found
Amphastar Pharmaceuticals Inc,1297184,True,https://www.sec.gov/Archives/edgar/data/1297184/000129718425000008/amph-20241231xex21d1.htm,4,Exhibit-21 found
Amphenol Corp,820313,True,https://www.sec.gov/Archives/edgar/data/820313/000155837025000714/aph-20241231xex21d1.htm,207,Exhibit-21 found
Ampio Pharmaceuticals Inc,1439222,True,https://www.sec.gov/Archives/edgar/data/1439222/000143922225000009/agio-ex211x123124.htm,0,Exhibit-21 found
Amplify Energy Corp,1533924,True,https://www.sec.gov/Archives/edgar/data/1533924/000155837025002273/ampy-20241231xex21d1.htm,9,Exhibit-21 found
Amplitech Group Inc,1518461,False,,0,"10-K found, but Exhibit-21 missing"
Amplitude Inc,1866692,False,,0,"10-K found, but Exhibit-21 missing"
Amprius Technologies Inc,1899287,True,https://www.sec.gov/Archives/edgar/data/1899287/000189928725000012/ampx-20241231xex211listofs.htm,1,Exhibit-21 found
Amrep Corp,6207,True,https://www.sec.gov/Archives/edgar/data/6207/000141057825001515/axr-20250430xex21.htm,28,Exhibit-21 found
Amtech Systems Inc,720500,True,https://www.sec.gov/Archives/edgar/data/720500/000095017024135825/asys-ex21_1.htm,12,Exhibit-21 found
Amylyx Pharmaceuticals Inc,1658551,True,https://www.sec.gov/Archives/edgar/data/1658551/000095017025031309/amlx-ex21_1.htm,3,Exhibit-21 found
An2 Therapeutics Inc,1880438,False,,0,"10-K found, but Exhibit-21 missing"
Analog Devices Inc,6281,True,https://www.sec.gov/Archives/edgar/data/6281/000000628125000153/adify2510k-ex21subsidiaries.htm,26,Exhibit-21 found
Anaptysbio Inc,1370053,False,,0,"10-K found, but Exhibit-21 missing"
Anavex LIFE Sciences Corp,1314052,True,https://www.sec.gov/Archives/edgar/data/1314052/000173112225001596/e7052_ex21-1.htm,1,Exhibit-21 found
Andersons Inc,821026,False,,0,"10-K found, but Exhibit-21 missing"
Andretti Acquisition Corp II,2025341,False,,0,"10-K found, but Exhibit-21 missing"
Anebulo Pharmaceuticals Inc,1815974,False,,0,"10-K found, but Exhibit-21 missing"
Angel Oak Mortgage REIT Inc,1766478,False,,0,"10-K found, but Exhibit-21 missing"
Angi Inc,1705110,True,https://www.sec.gov/Archives/edgar/data/1705110/000170511025000018/angiex21112312024.htm,9,Exhibit-21 found
Angiodynamics Inc,1275187,True,https://www.sec.gov/Archives/edgar/data/1275187/000127518725000014/ex2105312025.htm,3,Exhibit-21 found
ANI Pharmaceuticals Inc,1023024,False,,0,"10-K found, but Exhibit-21 missing"
Anika Therapeutics Inc,898437,False,,0,"10-K found, but Exhibit-21 missing"
Anixa Biosciences Inc,715446,False,,0,"10-K found, but Exhibit-21 missing"
Ankam Inc,1781629,False,,0,"10-K found, but Exhibit-21 missing"
Annaly Capital Management Inc,1043219,False,,0,"10-K found, but Exhibit-21 missing"
Annexon Inc,1528115,False,,0,"10-K found, but Exhibit-21 missing"
Annovis Bio Inc,1477845,False,,0,"10-K found, but Exhibit-21 missing"
Ansys Inc,1018724,True,https://www.sec.gov/Archives/edgar/data/1018724/000101872425000004/amzn-20241231xex211.htm,9,Exhibit-21 found
Anteris Technologies Global Corp,2011514,False,,0,"10-K found, but Exhibit-21 missing"
Anterix Inc,1304492,False,,0,"10-K found, but Exhibit-21 missing"
Antero Resources Corp,1433270,True,https://www.sec.gov/Archives/edgar/data/1433270/000155837025000864/ar-20241231xex21d1.htm,6,Exhibit-21 found
Antiaging Quantum Living Inc,1672571,False,,0,"10-K found, but Exhibit-21 missing"
Anywhere Real Estate Inc,1398987,False,,0,"10-K found, but Exhibit-21 missing"
APA Corp,1841666,True,https://www.sec.gov/Archives/edgar/data/1841666/000204026625000007/ex211subsidiariesofregis.htm,3,Exhibit-21 found
Apellis Pharmaceuticals Inc,1492422,True,https://www.sec.gov/Archives/edgar/data/1492422/000095017025029507/apls-ex21_1.htm,10,Exhibit-21 found
Apogee Therapeutics Inc,1974640,True,https://www.sec.gov/Archives/edgar/data/1974640/000095017025030385/apge-ex21_1.htm,0,Exhibit-21 found
Apollo Commercial Real Estate Finance Inc,1467760,True,https://www.sec.gov/Archives/edgar/data/1467760/000095017025017122/ari-ex21_1.htm,66,Exhibit-21 found
Apollo Global Management Inc,1858681,False,,0,"10-K found, but Exhibit-21 missing"
Appfolio Inc,1433195,False,,0,"10-K found, but Exhibit-21 missing"
Appian Corp,1441683,True,https://www.sec.gov/Archives/edgar/data/1441683/000144168325000017/appn12312024ex211.htm,4,Exhibit-21 found
Apple Hospitality REIT Inc,1418121,True,https://www.sec.gov/Archives/edgar/data/1418121/000095017025025638/aple-ex21_1.htm,135,Exhibit-21 found
Apple Inc,320193,False,,0,"10-K found, but Exhibit-21 missing"
Apple Isports Group Inc,1134982,True,https://www.sec.gov/Archives/edgar/data/1134982/000147793225002341/aapi_ex21.htm,2,Exhibit-21 found
Applied Digital Corp,1144879,True,https://www.sec.gov/Archives/edgar/data/1144879/000114487925000021/ex211-subsidiariesxq425.htm,20,Exhibit-21 found
Applied DNA Sciences Inc,320193,False,,0,"10-K found, but Exhibit-21 missing"
Applied Energetics Inc,879911,False,,0,"10-K found, but Exhibit-21 missing"
Applied Industrial Technologies Inc,109563,False,,0,"10-K found, but Exhibit-21 missing"
Applied Materials Inc /De,6951,True,https://www.sec.gov/Archives/edgar/data/6951/000000695124000044/ex21_amatq42024q4.htm,55,Exhibit-21 found
Applied Optoelectronics Inc,1158114,False,,0,"10-K found, but Exhibit-21 missing"
Applied Therapeutics Inc,1697532,False,,0,"10-K found, but Exhibit-21 missing"
Applied UV Inc,320193,False,,0,"10-K found, but Exhibit-21 missing"
Applife Digital Solutions Inc,1755101,False,,0,"10-K found, but Exhibit-21 missing"
Applovin Corp,1751008,False,,0,"10-K found, but Exhibit-21 missing"
Appsoft Technologies Inc,1651992,False,,0,"10-K found, but Exhibit-21 missing"
Apptech Payments Corp,1070050,False,,0,"10-K found, but Exhibit-21 missing"
Appyea Inc,1568969,True,https://www.sec.gov/Archives/edgar/data/1568969/000164117225004834/ex21.htm,3,Exhibit-21 found
Aprea Therapeutics Inc,1781983,False,,0,"10-K found, but Exhibit-21 missing"
Aptargroup Inc,896622,False,,0,"10-K found, but Exhibit-21 missing"
Aptevo Therapeutics Inc,1671584,True,https://www.sec.gov/Archives/edgar/data/1671584/000095017025020467/apvo-ex21_1.htm,1,Exhibit-21 found
Aptiv PLC,1521332,True,https://www.sec.gov/Archives/edgar/data/1521332/000152133225000010/aptv2024ex211.htm,84,Exhibit-21 found
Aptose Biosciences Inc,882361,True,https://www.sec.gov/Archives/edgar/data/882361/000095017025046366/apto-ex21_1.htm,2,Exhibit-21 found
Apx Acquisition Corp I,1868573,False,,0,"10-K found, but Exhibit-21 missing"
Apyx Medical Corp,719135,False,,0,"10-K found, but Exhibit-21 missing"
Aqua Metals Inc,1621832,False,,0,"10-K found, but Exhibit-21 missing"
Aquabounty Technologies Inc,1603978,True,https://www.sec.gov/Archives/edgar/data/1603978/000160397825000014/aqb-20241231xex21_1.htm,4,Exhibit-21 found
Aquaron Acquisition Corp,1861063,False,,0,"10-K found, but Exhibit-21 missing"
Aquestive Therapeutics Inc,1398733,False,,0,"10-K found, but Exhibit-21 missing"
Aramark,1584509,True,https://www.sec.gov/Archives/edgar/data/1584509/000158450925000219/ex2112025armkxlistofsubsid.htm,143,Exhibit-21 found
Arax Holdings Corp,1879403,True,https://www.sec.gov/Archives/edgar/data/1879403/000121390025032211/ea020343601ex21-1_larosa.htm,24,Exhibit-21 found
Arbor Realty Trust Inc,1253986,True,https://www.sec.gov/Archives/edgar/data/1253986/000162828025007183/abr-12312024ex211.htm,14,Exhibit-21 found
Arbutus Biopharma Corp,1447028,False,,0,"10-K found, but Exhibit-21 missing"
Arcadia Biosciences Inc,1469443,False,,0,"10-K found, but Exhibit-21 missing"
Arcadium Lithium PLC,1306965,False,,0,No 10-K found
Arcbest Corp,894405,True,https://www.sec.gov/Archives/edgar/data/894405/000155837025002037/arcb-20241231xex21.htm,19,Exhibit-21 found
Arcellx Inc,1786205,False,,0,"10-K found, but Exhibit-21 missing"
ARCH Capital Group Ltd,947484,True,https://www.sec.gov/Archives/edgar/data/947484/000094748425000017/a2024ex21.htm,76,Exhibit-21 found
ARCH Resources Inc,1069533,False,,0,"10-K found, but Exhibit-21 missing"
Archer Aviation Inc,1824502,False,,0,"10-K found, but Exhibit-21 missing"
Archer-Daniels-Midland Co,7084,True,https://www.sec.gov/Archives/edgar/data/7084/000000708425000011/adm-ex21_20241231x10k.htm,140,Exhibit-21 found
Archrock Inc,1389050,True,https://www.sec.gov/Archives/edgar/data/1389050/000138905025000009/aroc-20241231xex21d1.htm,16,Exhibit-21 found
Arcimoto Inc,1326801,False,,0,"10-K found, but Exhibit-21 missing"
Arcosa Inc,1739445,False,,0,"10-K found, but Exhibit-21 missing"
Arcturus Therapeutics Holdings Inc,1768224,True,https://www.sec.gov/Archives/edgar/data/1768224/000095017025034787/arct-ex21_1.htm,2,Exhibit-21 found
Arcus Biosciences Inc,1724521,False,,0,"10-K found, but Exhibit-21 missing"
Arcutis Biotherapeutics Inc,1787306,False,,0,"10-K found, but Exhibit-21 missing"
Ardelyx Inc,1437402,False,,0,"10-K found, but Exhibit-21 missing"
Ardent Health Partners Inc,1832511,False,,0,"10-K found, but Exhibit-21 missing"
Arena Group Holdings Inc,894871,True,https://www.sec.gov/Archives/edgar/data/894871/000164117225004921/ex21-1.htm,5,Exhibit-21 found
ARES Capital Corp,1287750,False,,0,"10-K found, but Exhibit-21 missing"
Ares Commercial Real Estate Corp,1529377,False,,0,"10-K found, but Exhibit-21 missing"
Ares Management Corp,1176948,False,,0,"10-K found, but Exhibit-21 missing"
Argan Inc,100591,False,,0,"10-K found, but Exhibit-21 missing"
Argo Group International Holdings Inc,2070954,False,,0,No 10-K found
Arhaus Inc,1875444,False,,0,"10-K found, but Exhibit-21 missing"
Aris Water Solutions Inc,320193,False,,0,"10-K found, but Exhibit-21 missing"
Arista Networks Inc,1596532,True,https://www.sec.gov/Archives/edgar/data/1596532/000159653225000028/ex211listofsubsidiariesq42.htm,1,Exhibit-21 found
ARK Restaurants Corp,779544,False,,0,"10-K found, but Exhibit-21 missing"
ARKO Corp,1823794,True,https://www.sec.gov/Archives/edgar/data/1823794/000095017025027737/arko-ex21_1.htm,45,Exhibit-21 found
Armada Hoffler Properties Inc,1569187,True,https://www.sec.gov/Archives/edgar/data/1569187/000156918725000016/ex211-ahhx12312024.htm,76,Exhibit-21 found
Armata Pharmaceuticals Inc,921114,True,https://www.sec.gov/Archives/edgar/data/921114/000155837025003406/armp-20241231xex21d1.htm,4,Exhibit-21 found
Armlogi Holding Corp,1972529,False,,0,"10-K found, but Exhibit-21 missing"
Armour Residential REIT Inc,1428205,False,,0,"10-K found, but Exhibit-21 missing"
Armstrong World Industries Inc,7431,True,https://www.sec.gov/Archives/edgar/data/7431/000095017025026060/awi-ex21.htm,4,Exhibit-21 found
Arogo Capital Acquisition Corp,2035644,False,,0,"10-K found, but Exhibit-21 missing"
Arq Inc,1515156,False,,0,"10-K found, but Exhibit-21 missing"
Array Technologies Inc,1820721,False,,0,"10-K found, but Exhibit-21 missing"
Arrivent Biopharma Inc,1868279,False,,0,"10-K found, but Exhibit-21 missing"
Arrow Electronics Inc,7536,True,https://www.sec.gov/Archives/edgar/data/7536/000155837025000781/arw-20241231xex21.htm,102,Exhibit-21 found
Arrow Financial Corp,717538,True,https://www.sec.gov/Archives/edgar/data/717538/000071753825000023/ex21subs-2024.htm,8,Exhibit-21 found
Arrowhead Pharmaceuticals Inc,879407,True,https://www.sec.gov/Archives/edgar/data/879407/000087940725000029/subsidiarylisting-ex211.htm,3,Exhibit-21 found
ARS Pharmaceuticals Inc,1671858,False,,0,"10-K found, but Exhibit-21 missing"
Artelo Biosciences Inc,1621221,False,,0,"10-K found, but Exhibit-21 missing"
Arteris Inc,1667011,False,,0,"10-K found, but Exhibit-21 missing"
Artesian Resources Corp,863110,True,https://www.sec.gov/Archives/edgar/data/863110/000086311025000020/ex21.htm,9,Exhibit-21 found
Arthur J Gallagher & Co,354190,True,https://www.sec.gov/Archives/edgar/data/354190/000095017025021775/ajg-ex21_1.htm,202,Exhibit-21 found
Artificial Intelligence Technology Solutions Inc,1498148,True,https://www.sec.gov/Archives/edgar/data/1498148/000164117225012903/ex21-1.htm,4,Exhibit-21 found
Artisan Consumer Goods Inc,1530425,False,,0,"10-K found, but Exhibit-21 missing"
Artisan Partners Asset Management Inc,1517302,True,https://www.sec.gov/Archives/edgar/data/1517302/000151730225000015/apam-ex211x2024x12x31.htm,25,Exhibit-21 found
Artiva Biotherapeutics Inc,1817241,False,,0,"10-K found, but Exhibit-21 missing"
Artivion Inc,784199,False,,0,"10-K found, but Exhibit-21 missing"
ARTS WAY Manufacturing Co Inc,7623,False,,0,"10-K found, but Exhibit-21 missing"
Arvana Inc,1113313,False,,0,"10-K found, but Exhibit-21 missing"
Arvinas Inc,1655759,True,https://www.sec.gov/Archives/edgar/data/1655759/000165575925000016/arvn-20241231x10kxex21_1.htm,4,Exhibit-21 found
ASA Gold & Precious Metals Ltd,1230869,False,,0,No 10-K found
Asana Inc,1477720,False,,0,"10-K found, but Exhibit-21 missing"
Asbury Automotive Group Inc,1144980,True,https://www.sec.gov/Archives/edgar/data/1144980/000114498025000077/ex21listofsubsidiaries2024.htm,155,Exhibit-21 found
Ascend Wellness Holdings Inc,1756390,False,,0,"10-K found, but Exhibit-21 missing"
Ascent Industries Co,95953,True,https://www.sec.gov/Archives/edgar/data/95953/000009595325000007/acnt-20241231x10kex211.htm,10,Exhibit-21 found
Ascent Solar Technologies Inc,1350102,False,,0,"10-K found, but Exhibit-21 missing"
ASGN Inc,890564,True,https://www.sec.gov/Archives/edgar/data/890564/000089056425000008/ex211subsoftheregistrant20.htm,3,Exhibit-21 found
Asiafin Holdings Corp,1828748,True,https://www.sec.gov/Archives/edgar/data/1828748/000164117225000565/ex21-1.htm,1,Exhibit-21 found
ASP Isotopes Inc,1921865,True,https://www.sec.gov/Archives/edgar/data/1921865/000095017025047694/aspi-ex21_1.htm,8,Exhibit-21 found
Aspac II Acquisition Corp,1876716,False,,0,"10-K found, but Exhibit-21 missing"
Aspac III Acquisition Corp,1890361,False,,0,"10-K found, but Exhibit-21 missing"
Aspen Aerogels Inc,1145986,True,https://www.sec.gov/Archives/edgar/data/1145986/000095017025029252/aspn-ex21_1.htm,4,Exhibit-21 found
Aspen Technology Inc,1948455,True,https://www.sec.gov/Archives/edgar/data/1948455/000121390025087632/ea025509401ex21-1_ispire.htm,5,Exhibit-21 found
Aspira Women S Health Inc,926617,False,,0,"10-K found, but Exhibit-21 missing"
Assembly Biosciences Inc,1426800,True,https://www.sec.gov/Archives/edgar/data/1426800/000095017025042673/asmb-ex21_1.htm,1,Exhibit-21 found
Assertio Holdings Inc,1808665,False,,0,"10-K found, but Exhibit-21 missing"
Asset Entities Inc,320193,False,,0,"10-K found, but Exhibit-21 missing"
Associated BANC-Corp,7789,True,https://www.sec.gov/Archives/edgar/data/7789/000000778925000013/asb12312024ex21subsidiarie.htm,13,Exhibit-21 found
Assurant Inc,1267238,True,https://www.sec.gov/Archives/edgar/data/1267238/000126723825000008/aiz12312024-ex214q24.htm,115,Exhibit-21 found
Assure Holdings Corp,1045810,False,,0,"10-K found, but Exhibit-21 missing"
Assured Guaranty Ltd,1273813,True,https://www.sec.gov/Archives/edgar/data/1273813/000127381325000011/ago-12312024x10kex211.htm,6,Exhibit-21 found
AST Spacemobile Inc,1780312,True,https://www.sec.gov/Archives/edgar/data/1780312/000095017025030909/asts-ex21_1.htm,8,Exhibit-21 found
Astec Industries Inc,792987,False,,0,"10-K found, but Exhibit-21 missing"
Astera Labs Inc,1736297,False,,0,"10-K found, but Exhibit-21 missing"
Astrana Health Inc,1083446,True,https://www.sec.gov/Archives/edgar/data/1083446/000095017025039122/asth-ex21_1.htm,7,Exhibit-21 found
Astria Therapeutics Inc,1454789,True,https://www.sec.gov/Archives/edgar/data/1454789/000141057825000309/atxs-20241231xex21d1.htm,1,Exhibit-21 found
Astronics Corp,8063,True,https://www.sec.gov/Archives/edgar/data/8063/000000806325000017/atro-20241231xex21.htm,14,Exhibit-21 found
Astronova Inc,8146,True,https://www.sec.gov/Archives/edgar/data/8146/000095017025054163/alot-ex21.htm,4,Exhibit-21 found
Astrotech Corp,1001907,False,,0,"10-K found, but Exhibit-21 missing"
Asure Software Inc,884144,False,,0,"10-K found, but Exhibit-21 missing"
At&T Inc,1326801,False,,0,"10-K found, but Exhibit-21 missing"
ATAI Life Sciences NV,1039765,False,,0,No 10-K found
Atara Biotherapeutics Inc,1604464,True,https://www.sec.gov/Archives/edgar/data/1604464/000095017025035507/atra-ex21_1.htm,1,Exhibit-21 found
Aterian Inc,1757715,False,,0,"10-K found, but Exhibit-21 missing"
Athena GOLD Corp,1304409,False,,0,"10-K found, but Exhibit-21 missing"
Athena Technology Acquisition Corp II,1882198,True,https://www.sec.gov/Archives/edgar/data/1882198/000101376225001035/ea023457701ex21-1_athena2.htm,1,Exhibit-21 found
Athene Holding Ltd,1527469,False,,0,"10-K found, but Exhibit-21 missing"
Athersys Inc / NEW,320193,False,,0,"10-K found, but Exhibit-21 missing"
Athira Pharma Inc,1620463,False,,0,"10-K found, but Exhibit-21 missing"
ATI Inc,1018963,False,,0,"10-K found, but Exhibit-21 missing"
ATI Physical Therapy Inc,885978,True,https://www.sec.gov/Archives/edgar/data/885978/000114036125006750/ef20039045_ex21-1.htm,148,Exhibit-21 found
ATIF Holdings Ltd,1755058,True,https://www.sec.gov/Archives/edgar/data/1755058/000121390024097579/ea021933801ex21-1_atif.htm,4,Exhibit-21 found
Atkore Inc,1666138,False,,0,"10-K found, but Exhibit-21 missing"
Atlantic International Corp,1605888,True,https://www.sec.gov/Archives/edgar/data/1605888/000160588825000006/atln-ex21listingofsubsidia.htm,4,Exhibit-21 found
Atlantic Union Bankshares Corp,883948,True,https://www.sec.gov/Archives/edgar/data/883948/000088394825000021/aub-20241231xex21d1.htm,5,Exhibit-21 found
Atlantis Glory Inc,1673504,False,,0,"10-K found, but Exhibit-21 missing"
Atlas Energy Solutions Inc,1984060,True,https://www.sec.gov/Archives/edgar/data/1984060/000095017025026740/aesi-ex21_1.htm,26,Exhibit-21 found
Atlas Lithium Corp,1540684,True,https://www.sec.gov/Archives/edgar/data/1540684/000149315225010384/ex21-1.htm,0,Exhibit-21 found
Atlasclear Holdings Inc,1963088,False,,0,"10-K found, but Exhibit-21 missing"
Atlassian Corp,1650372,False,,0,"10-K found, but Exhibit-21 missing"
Atmos Energy Corp,731802,True,https://www.sec.gov/Archives/edgar/data/731802/000073180225000056/ato20250930ex-21.htm,16,Exhibit-21 found
Atmus Filtration Technologies Inc,1921963,True,https://www.sec.gov/Archives/edgar/data/1921963/000192196325000029/atmu202410-kex21.htm,11,Exhibit-21 found
ATN International Inc,879585,True,https://www.sec.gov/Archives/edgar/data/879585/000155837025003128/atni-20241231xex21.htm,7,Exhibit-21 found
Atomera Inc,1420520,False,,0,"10-K found, but Exhibit-21 missing"
Atossa Therapeutics Inc,1488039,True,https://www.sec.gov/Archives/edgar/data/1488039/000095017025044099/atos-ex21_1.htm,2,Exhibit-21 found
Atricure Inc,1323885,False,,0,"10-K found, but Exhibit-21 missing"
Atyr Pharma Inc,1339970,False,,0,"10-K found, but Exhibit-21 missing"
Auburn National Bancorporation Inc,750574,True,https://www.sec.gov/Archives/edgar/data/750574/000119312525051574/d889705dex211.htm,2,Exhibit-21 found
Audioeye Inc,1362190,True,https://www.sec.gov/Archives/edgar/data/1362190/000155837025002819/aeye-20241231xex21.htm,1,Exhibit-21 found
AURA Systems Inc,826253,False,,0,"10-K found, but Exhibit-21 missing"
Aurinia Pharmaceuticals Inc,1600620,False,,0,"10-K found, but Exhibit-21 missing"
Aurora Innovation Inc,1828108,True,https://www.sec.gov/Archives/edgar/data/1828108/000182810825000028/a24q4ex211.htm,2,Exhibit-21 found
Australian Oilseeds Holdings Ltd,1959994,True,https://www.sec.gov/Archives/edgar/data/1959994/000149315224048520/ex21.htm,4,Exhibit-21 found
Authid Inc,1534154,True,https://www.sec.gov/Archives/edgar/data/1534154/000121390025023697/ea023186001ex21-1_authid.htm,6,Exhibit-21 found
Auto Parts 4Less Group Inc,320193,False,,0,"10-K found, but Exhibit-21 missing"
Autodesk Inc,769397,True,https://www.sec.gov/Archives/edgar/data/769397/000076939725000019/adsk01312025ex211.htm,38,Exhibit-21 found
Autoliv Inc,1034670,True,https://www.sec.gov/Archives/edgar/data/1034670/000095017025023852/alv-ex21.htm,32,Exhibit-21 found
Autolus Therapeutics PLC,1730463,False,,0,"10-K found, but Exhibit-21 missing"
Automatic DATA Processing Inc,8670,False,,0,"10-K found, but Exhibit-21 missing"
Autonation Inc,350698,True,https://www.sec.gov/Archives/edgar/data/350698/000035069825000029/ex211listofsubsidiaries2024.htm,554,Exhibit-21 found
Autonomix Medical Inc,1617867,False,,0,"10-K found, but Exhibit-21 missing"
Autozone Inc,866787,True,https://www.sec.gov/Archives/edgar/data/866787/000110465925102611/azo-20250830xex21d1.htm,12,Exhibit-21 found
Avadel Pharmaceuticals PLC,1012477,True,https://www.sec.gov/Archives/edgar/data/1012477/000101247725000010/a123124ex-211.htm,7,Exhibit-21 found
Avalon Globocare Corp,1630212,False,,0,"10-K found, but Exhibit-21 missing"
Avalon Holdings Corp,1061069,False,,0,"10-K found, but Exhibit-21 missing"
Avalonbay Communities Inc,915912,True,https://www.sec.gov/Archives/edgar/data/915912/000091591225000005/ex-2112024.htm,491,Exhibit-21 found
Avanos Medical Inc,1606498,True,https://www.sec.gov/Archives/edgar/data/1606498/000160649825000024/avns2024form10kex21.htm,16,Exhibit-21 found
Avant Technologies Inc,1740797,False,,0,"10-K found, but Exhibit-21 missing"
Avantor Inc,1722482,True,https://www.sec.gov/Archives/edgar/data/1722482/000172248225000015/a2024q4ex21.htm,59,Exhibit-21 found
Aveanna Healthcare Holdings Inc,1832332,True,https://www.sec.gov/Archives/edgar/data/1832332/000095017025038504/avah-ex21_1.htm,102,Exhibit-21 found
Avenir Wellness Solutions Inc,320193,False,,0,"10-K found, but Exhibit-21 missing"
Avepoint Inc,1777921,False,,0,"10-K found, but Exhibit-21 missing"
Avery Dennison Corp,8818,True,https://www.sec.gov/Archives/edgar/data/8818/000000881825000003/ex-21avyx20241228.htm,70,Exhibit-21 found
Aviat Networks Inc,1377789,True,https://www.sec.gov/Archives/edgar/data/1377789/000137778925000068/fy25q4avnw10-kex21sub.htm,18,Exhibit-21 found
Avidity Biosciences Inc,1599901,False,,0,"10-K found, but Exhibit-21 missing"
Avidxchange Holdings Inc,1809587,False,,0,No 10-K found
Avient Corp,1122976,True,https://www.sec.gov/Archives/edgar/data/1122976/000112297625000008/avnt-ex211_20241231.htm,87,Exhibit-21 found
Avinger Inc,899715,True,https://www.sec.gov/Archives/edgar/data/899715/000089971525000036/skt10k12312024ex211.htm,77,Exhibit-21 found
AVIS Budget Group Inc,723612,True,https://www.sec.gov/Archives/edgar/data/723612/000072361225000005/a13-ex21xsubsidiariesxq4f24.htm,59,Exhibit-21 found
Avista Corp,104918,True,https://www.sec.gov/Archives/edgar/data/104918/000095017025027077/ava-ex21.htm,11,Exhibit-21 found
Avita Medical Inc,1762303,True,https://www.sec.gov/Archives/edgar/data/1762303/000095017025020026/rcel-ex21_1.htm,4,Exhibit-21 found
Aware Inc,1015739,True,https://www.sec.gov/Archives/edgar/data/1015739/000095017025038714/awre-ex21_1.htm,1,Exhibit-21 found
Awaysis Capital Inc,1021917,False,,0,"10-K found, but Exhibit-21 missing"
Axalta Coating Systems Ltd,1616862,False,,0,"10-K found, but Exhibit-21 missing"
Axcelis Technologies Inc,1113232,True,https://www.sec.gov/Archives/edgar/data/1113232/000155837025001855/acls-20241231xex21d1.htm,6,Exhibit-21 found
Axil Brands Inc,1718500,True,https://www.sec.gov/Archives/edgar/data/1718500/000152013825000275/axil-20250531_10kex21z1.htm,2,Exhibit-21 found
Axogen Inc,805928,False,,0,"10-K found, but Exhibit-21 missing"
AXON Enterprise Inc,1069183,True,https://www.sec.gov/Archives/edgar/data/1069183/000106918325000019/axon-20241231xex211.htm,2,Exhibit-21 found
Axos Financial Inc,1299709,True,https://www.sec.gov/Archives/edgar/data/1299709/000129970925000125/ex2112025063010-kexhibitq4.htm,19,Exhibit-21 found
Axsome Therapeutics Inc,1579428,True,https://www.sec.gov/Archives/edgar/data/1579428/000095017025022457/axsm-ex21_1.htm,5,Exhibit-21 found
AXT Inc,1051627,True,https://www.sec.gov/Archives/edgar/data/1051627/000155837025003004/axti-20241231xex21d1.htm,3,Exhibit-21 found
Ayala Pharmaceuticals Inc,1178670,False,,0,"10-K found, but Exhibit-21 missing"
AYRO Inc,1652044,False,,0,"10-K found, but Exhibit-21 missing"
AYTU Biopharma Inc,1385818,False,,0,"10-K found, but Exhibit-21 missing"
AZEK Co Inc,1326801,False,,0,"10-K found, but Exhibit-21 missing"
Azenta Inc,933974,False,,0,"10-K found, but Exhibit-21 missing"
Azitra Inc,1701478,False,,0,"10-K found, but Exhibit-21 missing"
AZZ Inc,8947,True,https://www.sec.gov/Archives/edgar/data/8947/000000894725000046/ex211fy25subsidiaries.htm,65,Exhibit-21 found
B Riley Financial Inc,1464790,False,,0,"10-K found, but Exhibit-21 missing"
B&G Foods Inc,1278027,False,,0,"10-K found, but Exhibit-21 missing"
Babcock & Wilcox Enterprises Inc,1630805,False,,0,"10-K found, but Exhibit-21 missing"
Backblaze Inc,1462056,True,https://www.sec.gov/Archives/edgar/data/1462056/000146205625000015/ex211blze10-k20241231.htm,1,Exhibit-21 found
Badger Meter Inc,9092,True,https://www.sec.gov/Archives/edgar/data/9092/000095017025020889/bmi-ex21.htm,4,Exhibit-21 found
Baker Hughes Co,1701605,False,,0,"10-K found, but Exhibit-21 missing"
Bakhu Holdings Corp,1045810,False,,0,"10-K found, but Exhibit-21 missing"
Balance Labs Inc,1632121,False,,0,"10-K found, but Exhibit-21 missing"
Balchem Corp,9326,True,https://www.sec.gov/Archives/edgar/data/9326/000162828025007202/bcpc202410k-ex211.htm,8,Exhibit-21 found
Baldwin Insurance Group Inc,1781755,False,,0,"10-K found, but Exhibit-21 missing"
BALL Corp,9389,True,https://www.sec.gov/Archives/edgar/data/9389/000155837025001190/ball-20241231xex21.htm,48,Exhibit-21 found
Bally Corp,1747079,True,https://www.sec.gov/Archives/edgar/data/1747079/000174707925000039/ex211-2024subsidiaries.htm,63,Exhibit-21 found
Bally S Corp,1747079,True,https://www.sec.gov/Archives/edgar/data/1747079/000174707925000039/ex211-2024subsidiaries.htm,63,Exhibit-21 found
Baltic International USA Inc,105319,True,https://www.sec.gov/Archives/edgar/data/105319/000095017025029511/ww-ex21_1.htm,14,Exhibit-21 found
BANC OF California Inc,1169770,False,,0,"10-K found, but Exhibit-21 missing"
Bancfirst Corp,760498,True,https://www.sec.gov/Archives/edgar/data/760498/000095017025030159/banf-ex21_1.htm,5,Exhibit-21 found
Bancorp 34 Inc,1668340,False,,0,"10-K found, but Exhibit-21 missing"
Bancorp Inc,1295401,False,,0,"10-K found, but Exhibit-21 missing"
Bandwidth Inc,1514416,False,,0,"10-K found, but Exhibit-21 missing"
BANK OF America Corp,70858,True,https://www.sec.gov/Archives/edgar/data/70858/000007085825000139/bac-1231202410xkex21.htm,34,Exhibit-21 found
BANK OF Hawaii Corp,46195,True,https://www.sec.gov/Archives/edgar/data/46195/000095017025031193/boh-ex21_1.htm,5,Exhibit-21 found
Bank Of Marin Bancorp,1403475,True,https://www.sec.gov/Archives/edgar/data/1403475/000140347525000026/bmrc-ex2101_20241231x10xk.htm,1,Exhibit-21 found
BANK OF THE James Financial Group Inc,1275101,True,https://www.sec.gov/Archives/edgar/data/1275101/000156276225000054/botj-20241231xex21_1.htm,4,Exhibit-21 found
Bank7 Corp,1746129,True,https://www.sec.gov/Archives/edgar/data/1746129/000114036125008438/ef20038927_ex21.htm,2,Exhibit-21 found
Bankfinancial Corp,1303942,False,,0,"10-K found, but Exhibit-21 missing"
Bankunited Inc,1504008,True,https://www.sec.gov/Archives/edgar/data/1504008/000150400825000005/a20241231ex211.htm,5,Exhibit-21 found
Bankwell Financial Group Inc,1505732,False,,0,"10-K found, but Exhibit-21 missing"
Bannix Acquisition Corp,1998781,False,,0,"10-K found, but Exhibit-21 missing"
Bantec Inc,1131383,False,,0,No 10-K found
Banzai International Inc,1826011,True,https://www.sec.gov/Archives/edgar/data/1826011/000095017025054303/bnzi-ex21_1.htm,2,Exhibit-21 found
Barings BDC Inc,1379785,True,https://www.sec.gov/Archives/edgar/data/1379785/000137978525000010/ex211listofsubsidiaries202.htm,3,Exhibit-21 found
Barinthus Biotherapeutics PLC,1828185,True,https://www.sec.gov/Archives/edgar/data/1828185/000182818525000021/brns-20241231xex211.htm,1,Exhibit-21 found
Bark Inc,1819574,False,,0,"10-K found, but Exhibit-21 missing"
Barnes & Noble Education Inc,1634117,True,https://www.sec.gov/Archives/edgar/data/1634117/000163411724000048/bned-ex211_20240427xq424.htm,14,Exhibit-21 found
Barnes Group Inc,1138118,True,https://www.sec.gov/Archives/edgar/data/1138118/000113811825000005/cbre-20241231x10kxex21.htm,22,Exhibit-21 found
Barnwell Industries Inc,10048,False,,0,"10-K found, but Exhibit-21 missing"
Barrett Business Services Inc,902791,True,https://www.sec.gov/Archives/edgar/data/902791/000095017025029516/bbsi-ex21.htm,3,Exhibit-21 found
Basanite Inc,1448705,False,,0,"10-K found, but Exhibit-21 missing"
Bassett Furniture Industries Inc,10329,False,,0,"10-K found, but Exhibit-21 missing"
Bath & Body Works Inc,701985,False,,0,"10-K found, but Exhibit-21 missing"
Battalion OIL Corp,1282648,True,https://www.sec.gov/Archives/edgar/data/1282648/000155837025004183/batl-20241231xex21d1.htm,8,Exhibit-21 found
Battery Future Acquisition Corp,2077877,False,,0,No 10-K found
Baudax Bio Inc,320193,False,,0,"10-K found, but Exhibit-21 missing"
Bausch & Lomb Corp,1860742,False,,0,"10-K found, but Exhibit-21 missing"
Bausch Health Companies Inc,885590,False,,0,"10-K found, but Exhibit-21 missing"
Baxter International Inc,10456,False,,0,"10-K found, but Exhibit-21 missing"
Baycom Corp,1730984,False,,0,"10-K found, but Exhibit-21 missing"
Bayfirst Financial Corp,1649739,False,,0,"10-K found, but Exhibit-21 missing"
Bayview Acquisition Corp,1969475,True,https://www.sec.gov/Archives/edgar/data/1969475/000164117225002125/ex21-1.htm,1,Exhibit-21 found
BBX Capital Inc,1814974,False,,0,"10-K found, but Exhibit-21 missing"
BCB Bancorp Inc,1228454,True,https://www.sec.gov/Archives/edgar/data/1228454/000122845425000003/bcbp-20241231xex21.htm,4,Exhibit-21 found
Beachbody Company Inc,1826889,True,https://www.sec.gov/Archives/edgar/data/1826889/000095017025046760/body-ex21_1.htm,1,Exhibit-21 found
Beacon Roofing Supply Inc,320193,False,,0,"10-K found, but Exhibit-21 missing"
Beam Global,1398805,True,https://www.sec.gov/Archives/edgar/data/1398805/000168316825002475/beam_ex2101.htm,1,Exhibit-21 found
Beam Therapeutics Inc,1745999,False,,0,"10-K found, but Exhibit-21 missing"
Beasley Broadcast Group Inc,1099160,True,https://www.sec.gov/Archives/edgar/data/1099160/000095017025045211/bbgi-ex21_1.htm,5,Exhibit-21 found
Beauty Health Co,1818093,True,https://www.sec.gov/Archives/edgar/data/1818093/000162828025012407/ex211-subsidiariesofthereg.htm,11,Exhibit-21 found
Beazer Homes USA Inc,915840,True,https://www.sec.gov/Archives/edgar/data/915840/000091584025000075/bzh-9302510kex21.htm,27,Exhibit-21 found
Becton Dickinson & Co,10795,True,https://www.sec.gov/Archives/edgar/data/10795/000001079525000099/a09-30x2025ex21.htm,186,Exhibit-21 found
Beigene Ltd,1577552,False,,0,No 10-K found
BEL FUSE Inc /Nj,729580,False,,0,"10-K found, but Exhibit-21 missing"
Belden Inc,913142,False,,0,"10-K found, but Exhibit-21 missing"
Bellevue Life Sciences Acquisition Corp,1918661,False,,0,"10-K found, but Exhibit-21 missing"
Bellring Brands Inc,1772016,True,https://www.sec.gov/Archives/edgar/data/1772016/000177201625000153/brbrfy2025ex211.htm,7,Exhibit-21 found
Benchmark Electronics Inc,863436,True,https://www.sec.gov/Archives/edgar/data/863436/000095017025025644/bhe-ex21_1.htm,25,Exhibit-21 found
Beneficient,1775734,True,https://www.sec.gov/Archives/edgar/data/1775734/000177573425000022/ex21-03312025.htm,9,Exhibit-21 found
Benson Hill Inc,320193,False,,0,"10-K found, but Exhibit-21 missing"
Bentley Systems Inc,1031308,False,,0,"10-K found, but Exhibit-21 missing"
Bergio International Inc,10456,False,,0,"10-K found, but Exhibit-21 missing"
Berkley W R Corp,11544,True,https://www.sec.gov/Archives/edgar/data/11544/000001154425000005/wrb1231202410-kex21.htm,186,Exhibit-21 found
Berkshire Hathaway Inc,1067983,True,https://www.sec.gov/Archives/edgar/data/1067983/000095017025025210/brka-ex21.htm,219,Exhibit-21 found
Berkshire Hills Bancorp Inc,1295401,False,,0,"10-K found, but Exhibit-21 missing"
Berry Corp Bry,1705873,True,https://www.sec.gov/Archives/edgar/data/1705873/000170587325000018/a2024ex211-listofsubsidiar.htm,2,Exhibit-21 found
Berry Global Group Inc,320193,False,,0,"10-K found, but Exhibit-21 missing"
Bespoke Extracts Inc,1409197,True,https://www.sec.gov/Archives/edgar/data/1409197/000121390025033608/ea0233625ex21-1_bespoke.htm,2,Exhibit-21 found
Best Buy Co Inc,764478,True,https://www.sec.gov/Archives/edgar/data/764478/000076447825000007/bby-20250201xex21_1.htm,10,Exhibit-21 found
Better Choice Co Inc,320193,False,,0,"10-K found, but Exhibit-21 missing"
Better For You Wellness Inc,320193,False,,0,"10-K found, but Exhibit-21 missing"
Better Home & Finance Holding Co,1835856,False,,0,"10-K found, but Exhibit-21 missing"
Beyond Air Inc,1641631,True,https://www.sec.gov/Archives/edgar/data/1641631/000164117225015750/ex21-1.htm,5,Exhibit-21 found
Beyond Inc,1641631,True,https://www.sec.gov/Archives/edgar/data/1641631/000164117225015750/ex21-1.htm,5,Exhibit-21 found
Beyond MEAT Inc,1655210,True,https://www.sec.gov/Archives/edgar/data/1655210/000165521025000034/ex-211subsidiariesx2024.htm,3,Exhibit-21 found
BGC Group Inc,1094831,False,,0,"10-K found, but Exhibit-21 missing"
BGSF Inc,1474903,True,https://www.sec.gov/Archives/edgar/data/1474903/000147490325000016/ex2112024.htm,10,Exhibit-21 found
Bicara Therapeutics Inc,2023658,False,,0,"10-K found, but Exhibit-21 missing"
Bicycle Therapeutics PLC,1761612,False,,0,"10-K found, but Exhibit-21 missing"
BIG 5 Sporting Goods Corp,1045810,False,,0,"10-K found, but Exhibit-21 missing"
BIG LOTS Inc,1326801,False,,0,"10-K found, but Exhibit-21 missing"
bigbear.ai Holdings Inc,1836981,False,,0,"10-K found, but Exhibit-21 missing"
Bigcommerce Holdings Inc,1809587,False,,0,No 10-K found
BILL Holdings Inc,1786352,True,https://www.sec.gov/Archives/edgar/data/1786352/000178635225000037/bill-20250630xex211.htm,20,Exhibit-21 found
BIMI Holdings Inc,1547903,False,,0,"10-K found, but Exhibit-21 missing"
Bimini Capital Management Inc,1275477,False,,0,"10-K found, but Exhibit-21 missing"
Binah Capital Group Inc,1953984,False,,0,"10-K found, but Exhibit-21 missing"
Bio Essence Corp,1723059,False,,0,"10-K found, but Exhibit-21 missing"
BIO KEY International Inc,1019034,False,,0,"10-K found, but Exhibit-21 missing"
Bioaffinity Technologies Inc,1712762,False,,0,"10-K found, but Exhibit-21 missing"
Bioage Labs Inc,1709941,True,https://www.sec.gov/Archives/edgar/data/1709941/000095017025042759/bioa-ex21_1.htm,1,Exhibit-21 found
Bioatla Inc,1826892,False,,0,"10-K found, but Exhibit-21 missing"
Biocardia Inc,925741,False,,0,"10-K found, but Exhibit-21 missing"
Biocorrx Inc,1443863,False,,0,"10-K found, but Exhibit-21 missing"
Biodesix Inc,1439725,False,,0,"10-K found, but Exhibit-21 missing"
Bioethics Ltd,1577552,False,,0,No 10-K found
Biogen Inc,875045,True,https://www.sec.gov/Archives/edgar/data/875045/000087504525000009/biib-20241231xex21.htm,34,Exhibit-21 found
Biohaven Ltd,1935979,True,https://www.sec.gov/Archives/edgar/data/1935979/000193597925000015/a202410-kbhvnltdex211q4.htm,11,Exhibit-21 found
Biolargo Inc,880242,False,,0,"10-K found, but Exhibit-21 missing"
Biolife Solutions Inc,834365,False,,0,"10-K found, but Exhibit-21 missing"
Biomarin Pharmaceutical Inc,1048477,False,,0,"10-K found, but Exhibit-21 missing"
Biomea Fusion Inc,1840439,True,https://www.sec.gov/Archives/edgar/data/1840439/000095017025047775/bmea-ex21_1.htm,1,Exhibit-21 found
Biomerica Inc,73290,False,,0,"10-K found, but Exhibit-21 missing"
Biomx Inc,1739174,False,,0,"10-K found, but Exhibit-21 missing"
BION Environmental Technologies Inc,875729,False,,0,"10-K found, but Exhibit-21 missing"
Bionano Genomics Inc,1411690,True,https://www.sec.gov/Archives/edgar/data/1411690/000141169025000037/bngo-ex211x20241231listofs.htm,9,Exhibit-21 found
Bionexus Gene Lab Corp,1737523,True,https://www.sec.gov/Archives/edgar/data/1737523/000147793225002725/bglc_ex211.htm,0,Exhibit-21 found
Bionomics Limited/Fi,nan,False,,0,"Error: ValueError(""invalid literal for int() with base 10: 'nan'"")"
BIO-PATH Holdings Inc,1133818,False,,0,"10-K found, but Exhibit-21 missing"
Biora Therapeutics Inc,2023658,False,,0,"10-K found, but Exhibit-21 missing"
BIO-RAD Laboratories Inc,12208,True,https://www.sec.gov/Archives/edgar/data/12208/000001220825000007/ex211123124.htm,18,Exhibit-21 found
Bioregenx Inc,1593184,True,https://www.sec.gov/Archives/edgar/data/1593184/000168316825002614/bioregenx_ex21.htm,5,Exhibit-21 found
Biosig Technologies Inc,1010086,False,,0,"10-K found, but Exhibit-21 missing"
Biote Corp,1819253,False,,0,"10-K found, but Exhibit-21 missing"
BIO-Techne Corp,842023,True,https://www.sec.gov/Archives/edgar/data/842023/000155837025011716/tech-20250630xex21.htm,9,Exhibit-21 found
Biovie Inc,1580149,False,,0,"10-K found, but Exhibit-21 missing"
Bioxcel Therapeutics Inc,1720893,True,https://www.sec.gov/Archives/edgar/data/1720893/000155837025003985/btai-20241231xex21d1.htm,2,Exhibit-21 found
Bioxytran Inc,1445815,False,,0,"10-K found, but Exhibit-21 missing"
Birchtech Corp,728385,True,https://www.sec.gov/Archives/edgar/data/728385/000147793225002237/meec_ex211.htm,1,Exhibit-21 found
Birdie Win Corp,1873213,False,,0,"10-K found, but Exhibit-21 missing"
Bitcoin Depot Inc,1901799,True,https://www.sec.gov/Archives/edgar/data/1901799/000095017025043923/btm-ex21_1.htm,9,Exhibit-21 found
Bitech Technologies Corp,1821866,False,,0,No 10-K found
Bitmine Immersion Technologies Inc,1829311,True,https://www.sec.gov/Archives/edgar/data/1829311/000149315225024679/ex21.htm,2,Exhibit-21 found
Bitwise 10 Crypto Index Fund,1723788,False,,0,"10-K found, but Exhibit-21 missing"
Bitwise Bitcoin ETF,1763415,False,,0,"10-K found, but Exhibit-21 missing"
BJ S Wholesale Club Holdings Inc,1531152,False,,0,"10-K found, but Exhibit-21 missing"
Bjs Restaurants Inc,1013488,True,https://www.sec.gov/Archives/edgar/data/1013488/000095017025027899/bjri-ex21.htm,9,Exhibit-21 found
BKV Corp,1838406,True,https://www.sec.gov/Archives/edgar/data/1838406/000162828025015622/bkv-ex211xlistofsubsidiari.htm,15,Exhibit-21 found
Black Bird Biotech Inc,1626878,False,,0,"10-K found, but Exhibit-21 missing"
Black Diamond Therapeutics Inc,1701541,False,,0,"10-K found, but Exhibit-21 missing"
Black Hawk Acquisition Corp,2000775,False,,0,"10-K found, but Exhibit-21 missing"
Black Hills Corp,1130464,True,https://www.sec.gov/Archives/edgar/data/1130464/000095017025018647/bkh-ex21.htm,32,Exhibit-21 found
Black Spade Acquisition II Co,59478,False,,0,"10-K found, but Exhibit-21 missing"
Black Stone Minerals LP,1621434,False,,0,"10-K found, but Exhibit-21 missing"
Blackbaud Inc,1280058,False,,0,"10-K found, but Exhibit-21 missing"
Blackberry Ltd,1070235,False,,0,"10-K found, but Exhibit-21 missing"
Blackline Inc,1666134,True,https://www.sec.gov/Archives/edgar/data/1666134/000166613425000003/bl-20241231xex211.htm,10,Exhibit-21 found
Blackrock Inc,2012383,True,https://www.sec.gov/Archives/edgar/data/2012383/000095017025026584/blk-ex21_1.htm,126,Exhibit-21 found
Blackrock TCP Capital Corp,1370755,True,https://www.sec.gov/Archives/edgar/data/1370755/000095017025028389/tcpc-ex21_1.htm,4,Exhibit-21 found
Blacksky Technology Inc,1753539,False,,0,"10-K found, but Exhibit-21 missing"
Blackstar Enterprise Group Inc,320193,False,,0,"10-K found, but Exhibit-21 missing"
Blackstone Inc,1393818,True,https://www.sec.gov/Archives/edgar/data/1393818/000119312525042469/d912273dex211.htm,336,Exhibit-21 found
Blackstone Mortgage Trust Inc,1061630,False,,0,"10-K found, but Exhibit-21 missing"
Blackstone Real Estate Income Trust Inc,1662972,False,,0,"10-K found, but Exhibit-21 missing"
Blackstone Secured Lending Fund,1736035,True,https://www.sec.gov/Archives/edgar/data/1736035/000173603525000008/bxsl-20241231xex211.htm,9,Exhibit-21 found
Blackwell 3D Construction Corp,1495648,True,https://www.sec.gov/Archives/edgar/data/1495648/000147793225006767/bdcc_ex21.htm,0,Exhibit-21 found
Blade Air Mobility Inc,320193,False,,0,"10-K found, but Exhibit-21 missing"
Bleichroeder Acquisition Corp I,1045810,False,,0,"10-K found, but Exhibit-21 missing"
Blend Labs Inc,1855747,True,https://www.sec.gov/Archives/edgar/data/1855747/000185574725000017/q42024-ex211xlistofsubsidi.htm,9,Exhibit-21 found
Blink Charging Co,1429764,True,https://www.sec.gov/Archives/edgar/data/1429764/000164117225003286/ex21-1.htm,42,Exhibit-21 found
Block Inc,1512673,False,,0,"10-K found, but Exhibit-21 missing"
Bloom Energy Corp,1664703,False,,0,"10-K found, but Exhibit-21 missing"
Bloomin Brands Inc,1546417,True,https://www.sec.gov/Archives/edgar/data/1546417/000154641725000034/blmn-122924_ex211.htm,95,Exhibit-21 found
Blubuzzard Inc,1765826,False,,0,"10-K found, but Exhibit-21 missing"
Blue Bird Corp,1589526,True,https://www.sec.gov/Archives/edgar/data/1589526/000158952625000100/a10-k2025ex211subsidiaries.htm,9,Exhibit-21 found
Blue Foundry Bancorp,1846017,False,,0,"10-K found, but Exhibit-21 missing"
Blue Line Protection Group Inc,1416697,False,,0,"10-K found, but Exhibit-21 missing"
Blue Ocean Acquisition Corp,2078482,False,,0,No 10-K found
Blue Owl Capital Corp,1655888,True,https://www.sec.gov/Archives/edgar/data/1655888/000165588825000007/ex211-subsidiarylistq424.htm,42,Exhibit-21 found
Blue Owl Capital Corp III,1655888,True,https://www.sec.gov/Archives/edgar/data/1655888/000165588825000007/ex211-subsidiarylistq424.htm,42,Exhibit-21 found
BLUE OWL Capital Inc,1823945,False,,0,"10-K found, but Exhibit-21 missing"
BLUE Ridge Bankshares Inc,842717,False,,0,"10-K found, but Exhibit-21 missing"
Blue Star Foods Corp,1730773,False,,0,"10-K found, but Exhibit-21 missing"
Bluebird Bio Inc,320193,False,,0,"10-K found, but Exhibit-21 missing"
Bluejay Diagnostics Inc,1704287,False,,0,"10-K found, but Exhibit-21 missing"
Bluelinx Holdings Inc,1301787,False,,0,"10-K found, but Exhibit-21 missing"
Blueone Card Inc,1496690,False,,0,"10-K found, but Exhibit-21 missing"
Blueprint Medicines Corp,1045810,False,,0,"10-K found, but Exhibit-21 missing"
BLUM Holdings Inc,1996210,False,,0,"10-K found, but Exhibit-21 missing"
BM Technologies Inc,1486957,False,,0,"10-K found, but Exhibit-21 missing"
BODY & MIND Inc,320193,False,,0,"10-K found, but Exhibit-21 missing"
Boeing Co,12927,True,https://www.sec.gov/Archives/edgar/data/12927/000001292725000015/a202412dec3110kex21.htm,11,Exhibit-21 found
Bogota Financial Corp,1787414,False,,0,"10-K found, but Exhibit-21 missing"
Boise Cascade Co,1328581,True,https://www.sec.gov/Archives/edgar/data/1328581/000132858125000010/bcc10k12312024ex211.htm,4,Exhibit-21 found
Bold Eagle Acquisition Corp,1852207,False,,0,"10-K found, but Exhibit-21 missing"
Bolt Biotherapeutics Inc,1641281,True,https://www.sec.gov/Archives/edgar/data/1641281/000095017025043873/bolt-ex21_1.htm,1,Exhibit-21 found
Bolt Projects Holdings Inc,1841125,False,,0,"10-K found, but Exhibit-21 missing"
Bone Biologics Corp,1419554,True,https://www.sec.gov/Archives/edgar/data/1419554/000149315225008383/ex21-1.htm,2,Exhibit-21 found
Booking Holdings Inc,1075531,True,https://www.sec.gov/Archives/edgar/data/1075531/000107553125000010/bkng12312410kex21.htm,8,Exhibit-21 found
Boot Barn Holdings Inc,1610250,True,https://www.sec.gov/Archives/edgar/data/1610250/000155837025007889/boot-20250329xex21d1.htm,5,Exhibit-21 found
Booz Allen Hamilton Holding Corp,1443646,True,https://www.sec.gov/Archives/edgar/data/1443646/000144364625000076/bah-ex21xq4fy25.htm,45,Exhibit-21 found
Borealis Foods Inc,1852973,False,,0,"10-K found, but Exhibit-21 missing"
Boston BEER Co Inc,949870,True,https://www.sec.gov/Archives/edgar/data/949870/000095017025026756/sam-ex21_1.htm,30,Exhibit-21 found
Boston Omaha Corp,1494582,False,,0,"10-K found, but Exhibit-21 missing"
Boston Scientific Corp,885725,False,,0,"10-K found, but Exhibit-21 missing"
BOTS Inc./pr,nan,False,,0,"Error: ValueError(""invalid literal for int() with base 10: 'nan'"")"
Boundless Bio Inc,1782303,False,,0,"10-K found, but Exhibit-21 missing"
Bowen Acquisition Corp,1973056,False,,0,"10-K found, but Exhibit-21 missing"
Bowhead Specialty Holdings Inc,2002473,False,,0,"10-K found, but Exhibit-21 missing"
Bowman Consulting Group Ltd,1847590,True,https://www.sec.gov/Archives/edgar/data/1847590/000162828025012365/bwmn-20241231xex211subofre.htm,13,Exhibit-21 found
Bowmo Inc,1018724,True,https://www.sec.gov/Archives/edgar/data/1018724/000101872425000004/amzn-20241231xex211.htm,9,Exhibit-21 found
BOX Inc,1372612,True,https://www.sec.gov/Archives/edgar/data/1372612/000095017025036261/box-ex21_1.htm,5,Exhibit-21 found
Boxlight Corp,1624512,False,,0,"10-K found, but Exhibit-21 missing"
BOYD Gaming Corp,906553,False,,0,"10-K found, but Exhibit-21 missing"
Brady Corp,746598,True,https://www.sec.gov/Archives/edgar/data/746598/000074659825000045/brc-20250731xex21.htm,38,Exhibit-21 found
Braemar Hotels & Resorts Inc,1574085,True,https://www.sec.gov/Archives/edgar/data/1574085/000157408525000024/bhr2024q410-kxex211.htm,55,Exhibit-21 found
Brainstorm CELL Therapeutics Inc,1137883,True,https://www.sec.gov/Archives/edgar/data/1137883/000141057825000545/bcli-20241231xex21.htm,4,Exhibit-21 found
Branchout Food Inc,1962481,True,https://www.sec.gov/Archives/edgar/data/1962481/000164117225004712/ex21-1.htm,1,Exhibit-21 found
Brandywine Realty Trust,790816,True,https://www.sec.gov/Archives/edgar/data/790816/000079081625000009/bdn2024-ex21xlistofsubsidi.htm,251,Exhibit-21 found
Bravo Multinational Inc,1444839,False,,0,"10-K found, but Exhibit-21 missing"
Braze Inc,1676238,True,https://www.sec.gov/Archives/edgar/data/1676238/000167623825000054/a20250131-fy2510kex211.htm,4,Exhibit-21 found
BRC Inc,1891101,False,,0,"10-K found, but Exhibit-21 missing"
Breeze Holdings Acquisition Corp,2095443,False,,0,No 10-K found
Briacell Therapeutics Corp,1610820,True,https://www.sec.gov/Archives/edgar/data/1610820/000149315225018212/ex21-1.htm,3,Exhibit-21 found
Bridge Investment Group Holdings Inc,1973266,True,https://www.sec.gov/Archives/edgar/data/1973266/000095017025027778/tko-ex21_1.htm,30,Exhibit-21 found
Bridgeline Digital Inc,1378590,False,,0,"10-K found, but Exhibit-21 missing"
Bridger Aerospace Group Holdings Inc,1941536,True,https://www.sec.gov/Archives/edgar/data/1941536/000162828025012821/baer-20241231xex211.htm,34,Exhibit-21 found
Bridgewater Bancshares Inc,1341317,False,,0,"10-K found, but Exhibit-21 missing"
Bridgford Foods Corp,14177,False,,0,"10-K found, but Exhibit-21 missing"
Bright Green Corp,1045810,False,,0,"10-K found, but Exhibit-21 missing"
Bright Horizons Family Solutions Inc,1437578,True,https://www.sec.gov/Archives/edgar/data/1437578/000143757825000007/ex211202410k.htm,42,Exhibit-21 found
Bright Mountain Media Inc,1568385,False,,0,"10-K found, but Exhibit-21 missing"
Brightcove Inc,320193,False,,0,"10-K found, but Exhibit-21 missing"
Brighthouse Financial Inc,1685040,True,https://www.sec.gov/Archives/edgar/data/1685040/000168504025000010/bhf-12312024xex211.htm,18,Exhibit-21 found
Brightsphere Investment Group Inc,320193,False,,0,"10-K found, but Exhibit-21 missing"
Brightspire Capital Inc,1717547,False,,0,"10-K found, but Exhibit-21 missing"
Brightspring Health Services Inc,1865782,False,,0,"10-K found, but Exhibit-21 missing"
Brightview Holdings Inc,1734713,True,https://www.sec.gov/Archives/edgar/data/1734713/000119312525288109/bv-ex21_1.htm,21,Exhibit-21 found
Brilliant Earth Group Inc,1866757,False,,0,"10-K found, but Exhibit-21 missing"
Brinker International Inc,703351,True,https://www.sec.gov/Archives/edgar/data/703351/000070335125000035/fy25q4ex-2110xk.htm,50,Exhibit-21 found
Bristol Myers Squibb Co,14272,False,,0,"10-K found, but Exhibit-21 missing"
Bristow Group Inc,1525221,False,,0,"10-K found, but Exhibit-21 missing"
Brixmor Property Group Inc,1581068,True,https://www.sec.gov/Archives/edgar/data/1581068/000158106825000009/brx-20241231ex211.htm,434,Exhibit-21 found
Broad Capital Acquisition Corp,2035644,False,,0,"10-K found, but Exhibit-21 missing"
Broad Street Realty Inc,764897,True,https://www.sec.gov/Archives/edgar/data/764897/000095017025046840/brst-ex21_1.htm,25,Exhibit-21 found
Broadcom Inc,1730168,True,https://www.sec.gov/Archives/edgar/data/1730168/000173016824000139/ex211listofsubsidiaries.htm,8,Exhibit-21 found
Broadridge Financial Solutions Inc,1383312,False,,0,"10-K found, but Exhibit-21 missing"
Broadstone Net Lease Inc,1424182,True,https://www.sec.gov/Archives/edgar/data/1424182/000095017025024123/bnl-ex21_1.htm,280,Exhibit-21 found
Broadway Financial Corp DE,1001171,True,https://www.sec.gov/Archives/edgar/data/1001171/000114036125011258/ef20038929_ex21-1.htm,3,Exhibit-21 found
Broadwind Inc,1120370,False,,0,"10-K found, but Exhibit-21 missing"
Brookdale Senior Living Inc,1332349,False,,0,"10-K found, but Exhibit-21 missing"
Brookfield Oaktree Holdings LLC,1403528,False,,0,"10-K found, but Exhibit-21 missing"
Brookline Bancorp Inc,1295401,False,,0,"10-K found, but Exhibit-21 missing"
Brown & Brown Inc,79282,True,https://www.sec.gov/Archives/edgar/data/79282/000095017025019039/bro-ex21.htm,171,Exhibit-21 found
Brownie S Marine Group Inc,1166708,True,https://www.sec.gov/Archives/edgar/data/1166708/000164117225015177/ex21.htm,5,Exhibit-21 found
BRT Apartments Corp,14846,False,,0,"10-K found, but Exhibit-21 missing"
Bruker Corp,1109354,True,https://www.sec.gov/Archives/edgar/data/1109354/000095017025030897/brkr-ex21_1.htm,64,Exhibit-21 found
Brunswick Corp,14930,True,https://www.sec.gov/Archives/edgar/data/14930/000001493025000025/bc20241231ex211.htm,32,Exhibit-21 found
BTC Digital Ltd,1796514,True,https://www.sec.gov/Archives/edgar/data/1796514/000121390024032825/ea020349301ex21-1_btcdigit.htm,6,Exhibit-21 found
BTCS Inc,1436229,True,https://www.sec.gov/Archives/edgar/data/1436229/000149315225010973/ex21-1.htm,1,Exhibit-21 found
Buckle Inc,885245,True,https://www.sec.gov/Archives/edgar/data/885245/000088524525000052/bke20250201-10kex21.htm,2,Exhibit-21 found
Build-A-BEAR Workshop Inc,1113809,False,,0,"10-K found, but Exhibit-21 missing"
Builders Firstsource Inc,1316835,True,https://www.sec.gov/Archives/edgar/data/1316835/000095017025023953/bldr-ex21_1.htm,24,Exhibit-21 found
Bukit Jalil Global Acquisition 1 Ltd,1144967,False,,0,No 10-K found
Bullfrog AI Holdings Inc,1829247,False,,0,"10-K found, but Exhibit-21 missing"
Bumble Inc,1830043,True,https://www.sec.gov/Archives/edgar/data/1830043/000095017025030151/bmbl-ex21_1.htm,12,Exhibit-21 found
Bunker Hill Mining Corp,1407583,False,,0,"10-K found, but Exhibit-21 missing"
Burgerfi International Inc,105319,True,https://www.sec.gov/Archives/edgar/data/105319/000095017025029511/ww-ex21_1.htm,14,Exhibit-21 found
Burke & Herbert Financial Services Corp,1964333,False,,0,"10-K found, but Exhibit-21 missing"
Burlington Stores Inc,1579298,True,https://www.sec.gov/Archives/edgar/data/1579298/000095017025040472/burl-ex21_1.htm,18,Exhibit-21 found
Burtech Acquisition Corp,2033122,False,,0,No 10-K found
Business First Bancshares Inc,1624322,True,https://www.sec.gov/Archives/edgar/data/1624322/000162432225000011/ex-211xlistofsubsidiarieso.htm,2,Exhibit-21 found
Business Warrior Corp,1045810,False,,0,"10-K found, but Exhibit-21 missing"
Butler National Corp,15847,False,,0,"10-K found, but Exhibit-21 missing"
Butterfly Network Inc,1804176,False,,0,"10-K found, but Exhibit-21 missing"
Buzzfeed Inc,1828972,True,https://www.sec.gov/Archives/edgar/data/1828972/000182897225000073/ex-211xsubsidiariesofbuzzf.htm,30,Exhibit-21 found
BWX Technologies Inc,1486957,False,,0,"10-K found, but Exhibit-21 missing"
BXP Inc,1037540,True,https://www.sec.gov/Archives/edgar/data/1037540/000165642325000009/bxpbplp-20241231ex211.htm,304,Exhibit-21 found
Byline Bancorp Inc,1702750,True,https://www.sec.gov/Archives/edgar/data/1702750/000095017025030118/by-ex21_1.htm,10,Exhibit-21 found
Bynordic Acquisition Corp,1801417,False,,0,"10-K found, but Exhibit-21 missing"
Byrna Technologies Inc,1354866,False,,0,"10-K found, but Exhibit-21 missing"
C & F Financial Corp,913341,False,,0,"10-K found, but Exhibit-21 missing"
C H Robinson Worldwide Inc,1043277,False,,0,"10-K found, but Exhibit-21 missing"
c3.ai Inc,1577526,False,,0,"10-K found, but Exhibit-21 missing"
Cabaletta Bio Inc,1759138,True,https://www.sec.gov/Archives/edgar/data/1759138/000095017025047201/caba-ex21_1.htm,1,Exhibit-21 found
Cable One Inc,1632127,False,,0,"10-K found, but Exhibit-21 missing"
Cabot Corp,16040,True,https://www.sec.gov/Archives/edgar/data/16040/000119312525292412/cbt-ex21.htm,30,Exhibit-21 found
CACI International Inc,16058,True,https://www.sec.gov/Archives/edgar/data/16058/000162828025038739/caci20250630ex211.htm,17,Exhibit-21 found
Cactus Acquisition Corp 1 Ltd,1865861,False,,0,"10-K found, but Exhibit-21 missing"
Cactus Inc,1699136,False,,0,"10-K found, but Exhibit-21 missing"
Cadence Design Systems Inc,813672,True,https://www.sec.gov/Archives/edgar/data/813672/000081367225000024/ex211cdns12312024.htm,29,Exhibit-21 found
Cadre Holdings Inc,1860543,True,https://www.sec.gov/Archives/edgar/data/1860543/000155837025002711/cdre-20241231xex21d1.htm,23,Exhibit-21 found
Cadrenal Therapeutics Inc,1937993,False,,0,"10-K found, but Exhibit-21 missing"
Caesars Entertainment Inc,1590895,False,,0,"10-K found, but Exhibit-21 missing"
Calamos Dynamic Convertible & Income Fund,1602584,False,,0,No 10-K found
Calavo Growers Inc,1133470,False,,0,"10-K found, but Exhibit-21 missing"
Calcimedica Inc,1534133,False,,0,"10-K found, but Exhibit-21 missing"
Caleres Inc,14707,True,https://www.sec.gov/Archives/edgar/data/14707/000001470725000017/cal-20250201xex21.htm,24,Exhibit-21 found
Calethos Inc,1174891,False,,0,"10-K found, but Exhibit-21 missing"
Calibercos Inc,1627282,False,,0,"10-K found, but Exhibit-21 missing"
Calidi Biotherapeutics Inc,1855485,False,,0,"10-K found, but Exhibit-21 missing"
California Bancorp CA,1795815,False,,0,"10-K found, but Exhibit-21 missing"
California Resources Corp,1609253,True,https://www.sec.gov/Archives/edgar/data/1609253/000160925325000027/a2024yeex21listofsubsidiar.htm,8,Exhibit-21 found
California Water Service Group,1035201,True,https://www.sec.gov/Archives/edgar/data/1035201/000103520125000003/cwt-20241231xex21.htm,6,Exhibit-21 found
Calix Inc,1406666,True,https://www.sec.gov/Archives/edgar/data/1406666/000140666625000008/calx-20241231xex211subsidi.htm,4,Exhibit-21 found
CAL-Maine Foods Inc,16160,True,https://www.sec.gov/Archives/edgar/data/16160/000156276225000170/calm2024x10kex21.htm,10,Exhibit-21 found
Calumet Inc /De,2013745,True,https://www.sec.gov/Archives/edgar/data/2013745/000155837025001961/clmt-20241231xex21d1.htm,23,Exhibit-21 found
Camber Energy Inc,1309082,False,,0,"10-K found, but Exhibit-21 missing"
Cambium Networks Corp,1738177,False,,0,"10-K found, but Exhibit-21 missing"
Camden National Corp,750686,False,,0,"10-K found, but Exhibit-21 missing"
Campbell S Co,16732,False,,0,"10-K found, but Exhibit-21 missing"
Camping World Holdings Inc,1669779,True,https://www.sec.gov/Archives/edgar/data/1669779/000155837025001939/cwh-20241231xex21d1.htm,115,Exhibit-21 found
Canadian Pacific Kansas CITY Ltd/Cn,16875,False,,0,"10-K found, but Exhibit-21 missing"
Candel Therapeutics Inc,1841387,False,,0,"10-K found, but Exhibit-21 missing"
Cannabis Bioscience International Holdings Inc,1411057,False,,0,"10-K found, but Exhibit-21 missing"
Cannabist Co Holdings Inc,1776738,False,,0,"10-K found, but Exhibit-21 missing"
Cannae Holdings Inc,1704720,False,,0,"10-K found, but Exhibit-21 missing"
Cannapharmarx Inc,1081938,False,,0,"10-K found, but Exhibit-21 missing"
Canoo Inc,1750153,True,https://www.sec.gov/Archives/edgar/data/1750153/000162828024014075/goev-20231231xex211listofs.htm,8,Exhibit-21 found
Cantaloupe Inc,896429,True,https://www.sec.gov/Archives/edgar/data/896429/000162828025041775/ctlp-20250630xex211.htm,8,Exhibit-21 found
Canterbury Park Holding Corp,1672909,False,,0,"10-K found, but Exhibit-21 missing"
Cantor Equity Partners Inc,1865602,False,,0,"10-K found, but Exhibit-21 missing"
Capital Bancorp Inc,1419536,False,,0,"10-K found, but Exhibit-21 missing"
Capital CITY BANK Group Inc,726601,False,,0,"10-K found, but Exhibit-21 missing"
Capital Properties Inc,202947,True,https://www.sec.gov/Archives/edgar/data/202947/000095017025016420/cptp-ex21.htm,1,Exhibit-21 found
Capital Southwest Corp,17313,True,https://www.sec.gov/Archives/edgar/data/17313/000001731325000042/cswc33125ex211.htm,3,Exhibit-21 found
Capitol Federal Financial Inc,1490906,True,https://www.sec.gov/Archives/edgar/data/1490906/000149090625000033/cffn-093025xex21.htm,4,Exhibit-21 found
Capri Holdings Ltd,1530721,True,https://www.sec.gov/Archives/edgar/data/1530721/000153072125000052/cpri03292025ex211.htm,32,Exhibit-21 found
Capstone Companies Inc,814926,True,https://www.sec.gov/Archives/edgar/data/814926/000190359625000126/ex21_1.htm,4,Exhibit-21 found
Capstone Green Energy Holdings Inc,1009759,True,https://www.sec.gov/Archives/edgar/data/1009759/000155837025008930/cgeh-20250331xex21d1.htm,1,Exhibit-21 found
Cara Therapeutics Inc,1610618,False,,0,"10-K found, but Exhibit-21 missing"
Cardiff Oncology Inc,1213037,False,,0,"10-K found, but Exhibit-21 missing"
Cardinal Health Inc,721371,False,,0,"10-K found, but Exhibit-21 missing"
Cardlytics Inc,1666071,False,,0,"10-K found, but Exhibit-21 missing"
Carecloud Inc,1582982,True,https://www.sec.gov/Archives/edgar/data/1582982/000149315225010217/ex21-1.htm,8,Exhibit-21 found
Caredx Inc,1217234,False,,0,"10-K found, but Exhibit-21 missing"
Caremax Inc,1170010,False,,0,"10-K found, but Exhibit-21 missing"
Caretrust REIT Inc,1590717,True,https://www.sec.gov/Archives/edgar/data/1590717/000162828025005118/ctre20241231ex211q4.htm,170,Exhibit-21 found
Careview Communications Inc,1377149,False,,0,"10-K found, but Exhibit-21 missing"
Cargo Therapeutics Inc,1702123,False,,0,No 10-K found
Cargurus Inc,1494259,True,https://www.sec.gov/Archives/edgar/data/1494259/000095017025024181/carg-ex21_1.htm,7,Exhibit-21 found
Caribou Biosciences Inc,1619856,True,https://www.sec.gov/Archives/edgar/data/1619856/000161985625000015/ex211-listofsubsidiariesof.htm,5,Exhibit-21 found
Carisma Therapeutics Inc,1485003,False,,0,"10-K found, but Exhibit-21 missing"
Carlisle Companies Inc,790051,False,,0,"10-K found, but Exhibit-21 missing"
Carlyle Credit Income Fund,1517767,False,,0,No 10-K found
Carlyle Group Inc,1527166,True,https://www.sec.gov/Archives/edgar/data/1527166/000152716625000006/cg2024123110-kex211.htm,404,Exhibit-21 found
Carlyle Secured Lending Inc,1544206,True,https://www.sec.gov/Archives/edgar/data/1544206/000154420625000011/csli_20241231xxex211listof.htm,5,Exhibit-21 found
Carmax Inc,1170010,False,,0,"10-K found, but Exhibit-21 missing"
Carmell Corp,70858,True,https://www.sec.gov/Archives/edgar/data/70858/000007085825000139/bac-1231202410xkex21.htm,34,Exhibit-21 found
Carnival Corp,815097,False,,0,"10-K found, but Exhibit-21 missing"
Caro Holdings Inc,1678105,False,,0,"10-K found, but Exhibit-21 missing"
carparts.com Inc,1378950,True,https://www.sec.gov/Archives/edgar/data/1378950/000137895025000036/prts-20241228xex21d1.htm,4,Exhibit-21 found
Carriage Services Inc,1016281,True,https://www.sec.gov/Archives/edgar/data/1016281/000101628125000045/csv-ex211x20241231x10k.htm,42,Exhibit-21 found
Carrier Global Corp,1783180,True,https://www.sec.gov/Archives/edgar/data/1783180/000178318025000008/a2024-12x3110xkex21xsubsid.htm,134,Exhibit-21 found
cars.com Inc,1683606,True,https://www.sec.gov/Archives/edgar/data/1683606/000095017025029023/cars-ex21_1.htm,8,Exhibit-21 found
Carter Bankshares Inc,1829576,False,,0,"10-K found, but Exhibit-21 missing"
Carters Inc,1060822,False,,0,"10-K found, but Exhibit-21 missing"
Cartesian Growth Corp II,1889112,False,,0,"10-K found, but Exhibit-21 missing"
Cartesian Therapeutics Inc,1453687,False,,0,"10-K found, but Exhibit-21 missing"
Cartica Acquisition Corp,1848437,False,,0,"10-K found, but Exhibit-21 missing"
Carvana Co,1690820,True,https://www.sec.gov/Archives/edgar/data/1690820/000169082025000074/ex211subsidiariesofthecomp.htm,8,Exhibit-21 found
Carver Bancorp Inc,1016178,False,,0,"10-K found, but Exhibit-21 missing"
Casella Waste Systems Inc,911177,True,https://www.sec.gov/Archives/edgar/data/911177/000091117725000010/cwst-ex211123124k.htm,63,Exhibit-21 found
Caseys General Stores Inc,726958,True,https://www.sec.gov/Archives/edgar/data/726958/000072695825000065/casy-ex211_2025430xq4.htm,20,Exhibit-21 found
CASS Information Systems Inc,708781,False,,0,"10-K found, but Exhibit-21 missing"
Cassava Sciences Inc,1069530,False,,0,"10-K found, but Exhibit-21 missing"
Castellum Inc,1877939,True,https://www.sec.gov/Archives/edgar/data/1877939/000187793925000021/ctmfy2024ex211.htm,3,Exhibit-21 found
Castle Biosciences Inc,1447362,False,,0,"10-K found, but Exhibit-21 missing"
Catalent Inc,1326801,False,,0,"10-K found, but Exhibit-21 missing"
Catalyst Crew Technologies Corp,1477960,False,,0,"10-K found, but Exhibit-21 missing"
Caterpillar Inc,18230,False,,0,"10-K found, but Exhibit-21 missing"
Cathay General Bancorp,861842,False,,0,"10-K found, but Exhibit-21 missing"
Catheter Precision Inc,1716621,False,,0,"10-K found, but Exhibit-21 missing"
CATO Corp,18255,False,,0,"10-K found, but Exhibit-21 missing"
CAVA Group Inc,1639438,True,https://www.sec.gov/Archives/edgar/data/1639438/000162828025007882/ex211subsidiariesofthecomp.htm,3,Exhibit-21 found
Cavco Industries Inc,278166,False,,0,"10-K found, but Exhibit-21 missing"
Cavitation Technologies Inc,1376793,False,,0,"10-K found, but Exhibit-21 missing"
Cayson Acquisition Corp,2024203,False,,0,"10-K found, but Exhibit-21 missing"
CB Financial Services Inc,1605301,True,https://www.sec.gov/Archives/edgar/data/1605301/000160530125000008/a20241231cbfv-ex21subsidia.htm,2,Exhibit-21 found
CBAK Energy Technology Inc,1117171,True,https://www.sec.gov/Archives/edgar/data/1117171/000121390025024539/ea023411801ex21-1_cbakenergy.htm,15,Exhibit-21 found
Cbdmd Inc,1644903,False,,0,"10-K found, but Exhibit-21 missing"
CBIZ Inc,944148,False,,0,"10-K found, but Exhibit-21 missing"
CBL & Associates Properties Inc,910612,True,https://www.sec.gov/Archives/edgar/data/910612/000095017025030677/cbl-ex21.htm,497,Exhibit-21 found
Cboe Global Markets Inc,1374310,True,https://www.sec.gov/Archives/edgar/data/1374310/000162828025006984/cboe-20241231xex211.htm,10,Exhibit-21 found
CBRE Global REAL Estate Income FUND,1268884,False,,0,No 10-K found
CBRE Group Inc,1138118,True,https://www.sec.gov/Archives/edgar/data/1138118/000113811825000005/cbre-20241231x10kxex21.htm,22,Exhibit-21 found
CCC Intelligent Solutions Holdings Inc,1818201,True,https://www.sec.gov/Archives/edgar/data/1818201/000095017025026848/cccs-ex21_1.htm,4,Exhibit-21 found
CDW Corp,1402057,True,https://www.sec.gov/Archives/edgar/data/1402057/000140205725000018/cdw-20241231x10kxex211.htm,7,Exhibit-21 found
CECO Environmental Corp,3197,True,https://www.sec.gov/Archives/edgar/data/3197/000095017025026562/ceco-ex21_1.htm,43,Exhibit-21 found
CEL SCI Corp,725363,False,,0,"10-K found, but Exhibit-21 missing"
Celcuity Inc,1603454,False,,0,"10-K found, but Exhibit-21 missing"
Cell Source Inc,1569340,False,,0,"10-K found, but Exhibit-21 missing"
Celldex Therapeutics Inc,744218,True,https://www.sec.gov/Archives/edgar/data/744218/000141057825000216/cldx-20241231xex21d1.htm,1,Exhibit-21 found
Cellectar Biosciences Inc,1279704,True,https://www.sec.gov/Archives/edgar/data/1279704/000141057825000329/clrb-20241231xex21d1.htm,1,Exhibit-21 found
Celsius Holdings Inc,1341766,False,,0,"10-K found, but Exhibit-21 missing"
Celularity Inc,1752828,False,,0,"10-K found, but Exhibit-21 missing"
Cenntro Inc,1707919,True,https://www.sec.gov/Archives/edgar/data/1707919/000114036125011607/ef20038940_ex21-1.htm,15,Exhibit-21 found
Centene Corp,1071739,False,,0,"10-K found, but Exhibit-21 missing"
Centerpoint Energy Inc,1130310,False,,0,"10-K found, but Exhibit-21 missing"
Centerspace,798359,True,https://www.sec.gov/Archives/edgar/data/798359/000079835925000011/centerspace12312410kex211.htm,35,Exhibit-21 found
Centessa Pharmaceuticals PLC,1847903,True,https://www.sec.gov/Archives/edgar/data/1847903/000184790325000051/ex21cnta_subs2024.htm,3,Exhibit-21 found
Central Garden & PET Co,887733,True,https://www.sec.gov/Archives/edgar/data/887733/000088773325000041/q42025ex-21.htm,40,Exhibit-21 found
Central Pacific Financial Corp,701347,False,,0,"10-K found, but Exhibit-21 missing"
Central Plains Bancshares Inc,1979332,False,,0,"10-K found, but Exhibit-21 missing"
Centrus Energy Corp,1065059,False,,0,"10-K found, but Exhibit-21 missing"
Centuri Holdings Inc,1981599,True,https://www.sec.gov/Archives/edgar/data/1981599/000198159925000008/centuriholdingsincex211-q4.htm,39,Exhibit-21 found
Centurion Acquisition Corp,2010930,False,,0,"10-K found, but Exhibit-21 missing"
Century Aluminum Co,949157,True,https://www.sec.gov/Archives/edgar/data/949157/000094915725000024/a20241231q4ex211.htm,20,Exhibit-21 found
Century Casinos Inc,911147,True,https://www.sec.gov/Archives/edgar/data/911147/000091114725000010/cnty-20241231xex21.htm,20,Exhibit-21 found
Century Communities Inc,1576940,True,https://www.sec.gov/Archives/edgar/data/1576940/000157694025000006/ccs-20241231xex21_1.htm,161,Exhibit-21 found
Century Therapeutics Inc,1850119,True,https://www.sec.gov/Archives/edgar/data/1850119/000155837025003299/ipsc-20241231xex21d1.htm,2,Exhibit-21 found
Cepton Inc,1326801,False,,0,"10-K found, but Exhibit-21 missing"
Cerence Inc,1768267,False,,0,"10-K found, but Exhibit-21 missing"
CERO Therapeutics Holdings Inc,1870404,False,,0,"10-K found, but Exhibit-21 missing"
Certara Inc,1827090,False,,0,"10-K found, but Exhibit-21 missing"
Cerus Corp,1020214,True,https://www.sec.gov/Archives/edgar/data/1020214/000095017025027906/cers-ex21_1.htm,0,Exhibit-21 found
Cervomed Inc,1053691,False,,0,"10-K found, but Exhibit-21 missing"
CEVA Inc,1173489,False,,0,"10-K found, but Exhibit-21 missing"
CF Acquisition Corp VII,2012807,False,,0,"10-K found, but Exhibit-21 missing"
CF Bankshares Inc,1070680,True,https://www.sec.gov/Archives/edgar/data/1070680/000107068025000010/cfbk-20241231xex21_1.htm,0,Exhibit-21 found
CF Industries Holdings Inc,1324404,True,https://www.sec.gov/Archives/edgar/data/1324404/000132440425000006/cf-12312024xex21.htm,20,Exhibit-21 found
CFN Enterprises Inc,1352952,False,,0,"10-K found, but Exhibit-21 missing"
CFSB Bancorp Inc,880417,True,https://www.sec.gov/Archives/edgar/data/880417/000095017025039227/csbb-ex21.htm,3,Exhibit-21 found
CG Oncology Inc,1991792,True,https://www.sec.gov/Archives/edgar/data/1991792/000095017025046351/ck0001991792-ex21_1.htm,1,Exhibit-21 found
Chain Bridge Bancorp Inc,1392272,False,,0,"10-K found, but Exhibit-21 missing"
Champion Homes Inc,90896,True,https://www.sec.gov/Archives/edgar/data/90896/000095017025077746/sky-ex21_1.htm,24,Exhibit-21 found
Chargepoint Holdings Inc,1777393,False,,0,"10-K found, but Exhibit-21 missing"
Charging Robotics Inc,1459188,False,,0,"10-K found, but Exhibit-21 missing"
Charles & Colvard Ltd,1144967,False,,0,No 10-K found
Charles River Laboratories International Inc,1100682,True,https://www.sec.gov/Archives/edgar/data/1100682/000110068225000011/crl1228202410-kex211.htm,32,Exhibit-21 found
Charlotte S Web Holdings Inc,1750155,True,https://www.sec.gov/Archives/edgar/data/1750155/000175015525000006/ex211.htm,6,Exhibit-21 found
Charlton Aria Acquisition Corp,2024459,False,,0,"10-K found, but Exhibit-21 missing"
Chart Industries Inc,892553,False,,0,"10-K found, but Exhibit-21 missing"
Charter Communications Inc,1091667,False,,0,"10-K found, but Exhibit-21 missing"
Chatham Lodging Trust,1476045,True,https://www.sec.gov/Archives/edgar/data/1476045/000147604525000011/cldtex211listofsubsidiarie.htm,85,Exhibit-21 found
Checkpoint Therapeutics Inc,1001316,False,,0,"10-K found, but Exhibit-21 missing"
Cheesecake Factory Inc,887596,True,https://www.sec.gov/Archives/edgar/data/887596/000141057825000195/cake-20241231xex21d1.htm,3,Exhibit-21 found
Cheetah NET Supply Chain Service Inc,1951667,True,https://www.sec.gov/Archives/edgar/data/1951667/000141057825000318/ctnt-20241231xex21d1.htm,7,Exhibit-21 found
Chefs Warehouse Inc,1517175,False,,0,"10-K found, but Exhibit-21 missing"
Chegg Inc,1364954,True,https://www.sec.gov/Archives/edgar/data/1364954/000136495425000013/ex21012024-12x31.htm,8,Exhibit-21 found
Chemed Corp,19584,True,https://www.sec.gov/Archives/edgar/data/19584/000156276225000038/che-20241231xex21.htm,23,Exhibit-21 found
Chemung Financial Corp,763563,False,,0,"10-K found, but Exhibit-21 missing"
Chenghe Acquisition I Co,2047177,False,,0,No 10-K found
Chenghe Acquisition II Co,2047177,False,,0,No 10-K found
Cheniere Energy Partners LP,1383650,False,,0,"10-K found, but Exhibit-21 missing"
Cherry Hill Mortgage Investment Corp,1571776,True,https://www.sec.gov/Archives/edgar/data/1571776/000114036125007454/ef20038943_ex21-1.htm,8,Exhibit-21 found
Chevron Corp,93410,True,https://www.sec.gov/Archives/edgar/data/93410/000009341025000009/cvx12312024ex211.htm,23,Exhibit-21 found
Chicago Atlantic BDC Inc,1843162,False,,0,"10-K found, but Exhibit-21 missing"
Chicago Atlantic Real Estate Finance Inc,1867949,False,,0,"10-K found, but Exhibit-21 missing"
Chicago Rivet & Machine Co,19871,False,,0,"10-K found, but Exhibit-21 missing"
Chicken Soup For The Soul Entertainment Inc,320193,False,,0,"10-K found, but Exhibit-21 missing"
Childrens Place Inc,1041859,True,https://www.sec.gov/Archives/edgar/data/1041859/000162828025018195/plce-212025xex211.htm,28,Exhibit-21 found
Chilean Cobalt Corp,1727255,False,,0,"10-K found, but Exhibit-21 missing"
Chimerix Inc,1326801,False,,0,"10-K found, but Exhibit-21 missing"
China Automotive Systems Inc,2037400,False,,0,No 10-K found
China Foods Holdings Ltd,1310630,False,,0,"10-K found, but Exhibit-21 missing"
China Green Agriculture Inc,320193,False,,0,"10-K found, but Exhibit-21 missing"
China Health Industries Holdings Inc,1048268,True,https://www.sec.gov/Archives/edgar/data/1048268/000104826825000174/q42025ex211-sep.htm,35,Exhibit-21 found
China Pharma Holdings Inc,1106644,False,,0,"10-K found, but Exhibit-21 missing"
Choice Hotels International Inc /De,1046311,True,https://www.sec.gov/Archives/edgar/data/1046311/000104631125000007/chh12312024ex2101.htm,56,Exhibit-21 found
Choiceone Financial Services Inc,803164,True,https://www.sec.gov/Archives/edgar/data/803164/000095017025036839/cofs-ex21.htm,3,Exhibit-21 found
Chord Energy Corp,1486159,True,https://www.sec.gov/Archives/edgar/data/1486159/000148615925000005/chrd-12312024xex211.htm,17,Exhibit-21 found
Chromadex Corp,70858,True,https://www.sec.gov/Archives/edgar/data/70858/000007085825000139/bac-1231202410xkex21.htm,34,Exhibit-21 found
CHS Inc,823277,True,https://www.sec.gov/Archives/edgar/data/823277/000082327725000038/ex-21183125.htm,52,Exhibit-21 found
Chubb Ltd,896159,True,https://www.sec.gov/Archives/edgar/data/896159/000089615925000004/cb-12312024xex211.htm,156,Exhibit-21 found
Church & Dwight Co Inc,313927,True,https://www.sec.gov/Archives/edgar/data/313927/000095017025019801/chd-ex21.htm,5,Exhibit-21 found
Churchill Capital Corp Ix/cayman,2006291,False,,0,"10-K found, but Exhibit-21 missing"
Churchill Downs Inc,20212,False,,0,"10-K found, but Exhibit-21 missing"
Cibus Inc,1705843,False,,0,"10-K found, but Exhibit-21 missing"
Cidara Therapeutics Inc,1610618,False,,0,"10-K found, but Exhibit-21 missing"
Ciena Corp,936395,True,https://www.sec.gov/Archives/edgar/data/936395/000093639524000044/ex2112024112-subsidiarieso.htm,1,Exhibit-21 found
Cigna Group,1739940,False,,0,"10-K found, but Exhibit-21 missing"
CIMG Inc,1527613,True,https://www.sec.gov/Archives/edgar/data/1527613/000164117225020300/ex21-1.htm,6,Exhibit-21 found
Cincinnati Financial Corp,20286,False,,0,"10-K found, but Exhibit-21 missing"
Cinemark Holdings Inc,1385280,True,https://www.sec.gov/Archives/edgar/data/1385280/000095017025022756/cnk-ex21_1.htm,51,Exhibit-21 found
Cineverse Corp,1173204,True,https://www.sec.gov/Archives/edgar/data/1173204/000095017025091741/cnvs-ex21_1.htm,33,Exhibit-21 found
Cingulate Inc,1862150,False,,0,"10-K found, but Exhibit-21 missing"
CION Ares Diversified Credit Fund,1176948,False,,0,"10-K found, but Exhibit-21 missing"
CION Investment Corp,1534254,False,,0,"10-K found, but Exhibit-21 missing"
Cirrus Logic Inc,772406,True,https://www.sec.gov/Archives/edgar/data/772406/000077240625000014/crusex21132925.htm,4,Exhibit-21 found
Cisco Systems Inc,858877,False,,0,"10-K found, but Exhibit-21 missing"
CISO Global Inc,1777319,True,https://www.sec.gov/Archives/edgar/data/1777319/000164117225001660/ex21-1.htm,13,Exhibit-21 found
Citi Trends Inc,1318484,True,https://www.sec.gov/Archives/edgar/data/1318484/000155837025004897/ctrn-20250201xex21d1.htm,1,Exhibit-21 found
Citigroup Inc,831001,False,,0,"10-K found, but Exhibit-21 missing"
Citius Oncology Inc,1851484,False,,0,"10-K found, but Exhibit-21 missing"
Citius Pharmaceuticals Inc,1506251,False,,0,"10-K found, but Exhibit-21 missing"
Citizens & Northern Corp,810958,True,https://www.sec.gov/Archives/edgar/data/810958/000155837025002408/cznc-20241231xex21.htm,4,Exhibit-21 found
Citizens Community Bancorp Inc,1367859,True,https://www.sec.gov/Archives/edgar/data/1367859/000136785925000033/czwi-20241231xex21.htm,2,Exhibit-21 found
Citizens Financial Group Inc/Ri,759944,False,,0,"10-K found, but Exhibit-21 missing"
Citizens Financial Services Inc,739421,True,https://www.sec.gov/Archives/edgar/data/739421/000114036125007274/ef20038946_ex21.htm,4,Exhibit-21 found
CITY Holding Co,726854,False,,0,"10-K found, but Exhibit-21 missing"
City Office REIT Inc,1593222,True,https://www.sec.gov/Archives/edgar/data/1593222/000095017025023714/cio-ex21_1.htm,53,Exhibit-21 found
Civeo Corp,1590584,False,,0,"10-K found, but Exhibit-21 missing"
Civista Bancshares Inc,944745,True,https://www.sec.gov/Archives/edgar/data/944745/000095017025035961/civb-ex21_1.htm,5,Exhibit-21 found
Civitas Resources Inc,1509589,True,https://www.sec.gov/Archives/edgar/data/1509589/000150958925000009/ex21112312024subsidiaries.htm,39,Exhibit-21 found
CKX Lands Inc,352955,False,,0,"10-K found, but Exhibit-21 missing"
Claros Mortgage Trust Inc,1666291,True,https://www.sec.gov/Archives/edgar/data/1666291/000095017025023258/cmtg-ex21_1.htm,122,Exhibit-21 found
Clarus Corp,913277,True,https://www.sec.gov/Archives/edgar/data/913277/000155837025002405/clar-20241231xex21d1.htm,20,Exhibit-21 found
Clean Energy Fuels Corp,1368265,True,https://www.sec.gov/Archives/edgar/data/1368265/000155837025001390/clne-20241231xex21d1.htm,2,Exhibit-21 found
Clean Energy Technologies Inc,1329606,False,,0,"10-K found, but Exhibit-21 missing"
Clean Harbors Inc,822818,True,https://www.sec.gov/Archives/edgar/data/822818/000082281825000007/clh-12312024ex21xclhsubsid.htm,144,Exhibit-21 found
Clean Vision Corp,1391426,True,https://www.sec.gov/Archives/edgar/data/1391426/000190359625000196/ex21_1.htm,4,Exhibit-21 found
Cleancore Solutions Inc,1956741,True,https://www.sec.gov/Archives/edgar/data/1956741/000121390025079975/ea025407301ex21-1_clean.htm,0,Exhibit-21 found
Cleanspark Inc,827876,True,https://www.sec.gov/Archives/edgar/data/827876/000119312525297510/clsk-ex21_1.htm,51,Exhibit-21 found
Clear Channel Outdoor Holdings Inc,1334978,False,,0,"10-K found, but Exhibit-21 missing"
Clearday Inc,1326801,False,,0,"10-K found, but Exhibit-21 missing"
Clearfield Inc,796505,False,,0,"10-K found, but Exhibit-21 missing"
Clearone Inc,840715,True,https://www.sec.gov/Archives/edgar/data/840715/000175392625000516/ex211_2.htm,5,Exhibit-21 found
Clearpoint Neuro Inc,1285550,True,https://www.sec.gov/Archives/edgar/data/1285550/000095017025027934/clpt-ex21.htm,2,Exhibit-21 found
Clearside Biomedical Inc,1539029,False,,0,"10-K found, but Exhibit-21 missing"
Clearsign Technologies Corp,1434524,False,,0,"10-K found, but Exhibit-21 missing"
Cleartronic Inc,1362516,False,,0,"10-K found, but Exhibit-21 missing"
Clearwater Analytics Holdings Inc,1866368,False,,0,"10-K found, but Exhibit-21 missing"
Clearwater Paper Corp,1441236,True,https://www.sec.gov/Archives/edgar/data/1441236/000150433725000005/ex21q4-24.htm,3,Exhibit-21 found
Clearway Energy Inc,1567683,True,https://www.sec.gov/Archives/edgar/data/1567683/000156768325000007/clearwayincex21110-k2024q4.htm,441,Exhibit-21 found
Cleveland-Cliffs Inc,764065,True,https://www.sec.gov/Archives/edgar/data/764065/000076406525000058/clf-2024123110xkex21.htm,48,Exhibit-21 found
Climaterock,1903392,False,,0,"10-K found, but Exhibit-21 missing"
Climb Bio Inc,1768446,True,https://www.sec.gov/Archives/edgar/data/1768446/000095017025044350/clym-ex21_1.htm,3,Exhibit-21 found
Climb Global Solutions Inc,945983,False,,0,"10-K found, but Exhibit-21 missing"
Clipper Realty Inc,1649096,False,,0,"10-K found, but Exhibit-21 missing"
Clorox Co,21076,True,https://www.sec.gov/Archives/edgar/data/21076/000002107625000039/fy25clxex21subsidiaries.htm,51,Exhibit-21 found
Cloudflare Inc,1477333,False,,0,"10-K found, but Exhibit-21 missing"
Clough Global Equity Fund,1316463,False,,0,No 10-K found
Clover Health Investments Corp /De,1801170,False,,0,"10-K found, but Exhibit-21 missing"
CLS Holdings USA Inc,320193,False,,0,"10-K found, but Exhibit-21 missing"
CME Group Inc,1156375,True,https://www.sec.gov/Archives/edgar/data/1156375/000115637525000021/cme-2024123110kex211.htm,43,Exhibit-21 found
CMS Energy Corp,811156,True,https://www.sec.gov/Archives/edgar/data/811156/000081115625000036/cms10k20241231_ex21-1.htm,83,Exhibit-21 found
CNA Financial Corp,21175,True,https://www.sec.gov/Archives/edgar/data/21175/000002117525000008/q42024cnaex211.htm,16,Exhibit-21 found
CNB Financial Corp/Pa,736772,False,,0,"10-K found, but Exhibit-21 missing"
CNH Industrial NV,1567094,False,,0,"10-K found, but Exhibit-21 missing"
CNO Financial Group Inc,1224608,True,https://www.sec.gov/Archives/edgar/data/1224608/000122460825000006/cno12312024ex211.htm,28,Exhibit-21 found
CNS Pharmaceuticals Inc,1729427,False,,0,"10-K found, but Exhibit-21 missing"
CNX Resources Corp,1070412,False,,0,"10-K found, but Exhibit-21 missing"
Co2 Energy Transition Corp,1956648,False,,0,"10-K found, but Exhibit-21 missing"
Coastal Financial Corp,1437958,False,,0,"10-K found, but Exhibit-21 missing"
Coca-Cola Consolidated Inc,317540,False,,0,"10-K found, but Exhibit-21 missing"
Cocrystal Pharma Inc,1412486,False,,0,"10-K found, but Exhibit-21 missing"
Co-Diagnostics Inc,1692415,True,https://www.sec.gov/Archives/edgar/data/1692415/000164117225000932/ex21-1.htm,3,Exhibit-21 found
Coeptis Therapeutics Holdings Inc,1759186,True,https://www.sec.gov/Archives/edgar/data/1759186/000168316825001942/coeptis_ex2101.htm,5,Exhibit-21 found
Coeur Mining Inc,215466,True,https://www.sec.gov/Archives/edgar/data/215466/000021546625000009/cde-12312410kex21.htm,22,Exhibit-21 found
Coffee Holding Co Inc,1007019,True,https://www.sec.gov/Archives/edgar/data/1007019/000149315225004500/ex21-1.htm,2,Exhibit-21 found
Cogent Biosciences Inc,1622229,True,https://www.sec.gov/Archives/edgar/data/1622229/000095017025026115/cogt-ex21_1.htm,2,Exhibit-21 found
Cogent Communications Holdings Inc,1158324,True,https://www.sec.gov/Archives/edgar/data/1158324/000141057825000226/ccoi-20241231xex21d1.htm,41,Exhibit-21 found
Cognex Corp,851205,False,,0,"10-K found, but Exhibit-21 missing"
Cognition Therapeutics Inc,1455365,True,https://www.sec.gov/Archives/edgar/data/1455365/000155837025003341/cgtx-20241231xex21d1.htm,0,Exhibit-21 found
Cognizant Technology Solutions Corp,1058290,False,,0,"10-K found, but Exhibit-21 missing"
Cohen & Co Inc,1270436,False,,0,"10-K found, but Exhibit-21 missing"
Cohen & Steers Inc,1284812,True,https://www.sec.gov/Archives/edgar/data/1284812/000128481225000087/cns10k-123124ex211.htm,2,Exhibit-21 found
Cohen Circle Acquisition Corp I,2064683,False,,0,No 10-K found
Coherent Corp,820318,True,https://www.sec.gov/Archives/edgar/data/820318/000082031825000014/ex2101listofsubsidiaries06.htm,73,Exhibit-21 found
Coherus Biosciences Inc,1724521,False,,0,"10-K found, but Exhibit-21 missing"
COHU Inc,21535,False,,0,"10-K found, but Exhibit-21 missing"
Coinbase Global Inc,1679788,False,,0,"10-K found, but Exhibit-21 missing"
Coinshares Valkyrie Bitcoin Fund,1379438,False,,0,No 10-K found
Cojax Oil & Gas Corp,1763925,False,,0,"10-K found, but Exhibit-21 missing"
Colgate Palmolive Co,21665,False,,0,"10-K found, but Exhibit-21 missing"
Coliseum Acquisition Corp,2045473,False,,0,No 10-K found
Collective Audience Inc,320193,False,,0,"10-K found, but Exhibit-21 missing"
Collegium Pharmaceutical Inc,1267565,True,https://www.sec.gov/Archives/edgar/data/1267565/000155837025001801/coll-20241231xex21d1.htm,8,Exhibit-21 found
Colony Bankcorp Inc,711669,False,,0,"10-K found, but Exhibit-21 missing"
Columbia Banking System Inc,887343,True,https://www.sec.gov/Archives/edgar/data/887343/000088734325000054/colb-20241231xex211x10k.htm,3,Exhibit-21 found
Columbia Financial Inc,1723596,False,,0,"10-K found, but Exhibit-21 missing"
Columbia Seligman Premium Technology Growth Fund Inc,1471420,False,,0,No 10-K found
Columbia Sportswear Co,1050797,False,,0,"10-K found, but Exhibit-21 missing"
Columbus Mckinnon Corp,1005229,True,https://www.sec.gov/Archives/edgar/data/1005229/000100522925000149/a03312025ex211cmcosubsidia.htm,24,Exhibit-21 found
Comcast Corp,1166691,True,https://www.sec.gov/Archives/edgar/data/1166691/000116669125000011/ex21-12312024.htm,1228,Exhibit-21 found
Comera Life Sciences Holdings Inc,1552189,False,,0,"10-K found, but Exhibit-21 missing"
Comfort Systems USA Inc,1035983,True,https://www.sec.gov/Archives/edgar/data/1035983/000155837025001222/fix-20241231xex21d1.htm,84,Exhibit-21 found
Commerce Bancshares Inc,22356,True,https://www.sec.gov/Archives/edgar/data/22356/000002235625000016/cbsh12312024ex21q4.htm,15,Exhibit-21 found
Commercial Metals Co,22444,True,https://www.sec.gov/Archives/edgar/data/22444/000002244425000138/cmc-08312025xform10xkxex21.htm,28,Exhibit-21 found
Commercial Vehicle Group Inc,1290900,False,,0,"10-K found, but Exhibit-21 missing"
Community Bancorp /Vt,718413,True,https://www.sec.gov/Archives/edgar/data/718413/000165495425003447/cmtv_ex21.htm,2,Exhibit-21 found
Community Financial System Inc,723188,True,https://www.sec.gov/Archives/edgar/data/723188/000141057825000247/cbu-20241231xex21d1.htm,21,Exhibit-21 found
Community Health Systems Inc,1108109,True,https://www.sec.gov/Archives/edgar/data/1108109/000095017025023242/cyh-ex21.htm,711,Exhibit-21 found
Community Healthcare Trust Inc,1631569,False,,0,"10-K found, but Exhibit-21 missing"
Community West Bancshares,1127371,False,,0,"10-K found, but Exhibit-21 missing"
Commvault Systems Inc,1169561,False,,0,"10-K found, but Exhibit-21 missing"
Compass Digital Acquisition Corp,1851909,False,,0,"10-K found, but Exhibit-21 missing"
Compass Diversified Holdings,1345126,True,https://www.sec.gov/Archives/edgar/data/1345126/000134512625000015/a12312024ex211.htm,65,Exhibit-21 found
Compass Inc,1563190,True,https://www.sec.gov/Archives/edgar/data/1563190/000156319025000050/comp-20241231xex211.htm,7,Exhibit-21 found
Compass Minerals International Inc,1227654,False,,0,"10-K found, but Exhibit-21 missing"
Compass Pathways PLC,1816590,False,,0,"10-K found, but Exhibit-21 missing"
Compass Therapeutics Inc,1738021,False,,0,"10-K found, but Exhibit-21 missing"
Complete Solaria Inc,320193,False,,0,"10-K found, but Exhibit-21 missing"
Composecure Inc,1823144,False,,0,"10-K found, but Exhibit-21 missing"
Comscore Inc,1158172,False,,0,"10-K found, but Exhibit-21 missing"
Comsovereign Holding Corp,1045810,False,,0,"10-K found, but Exhibit-21 missing"
Comstock Holding Companies Inc,1299969,True,https://www.sec.gov/Archives/edgar/data/1299969/000129996925000004/q424form10-kxex211.htm,1,Exhibit-21 found
Comstock Inc,1120970,False,,0,"10-K found, but Exhibit-21 missing"
Comtech Telecommunications Corp,23197,False,,0,"10-K found, but Exhibit-21 missing"
Conagra Brands Inc,23217,True,https://www.sec.gov/Archives/edgar/data/23217/000155837025009180/tmb-20250525xex21.htm,12,Exhibit-21 found
Concentra Group Holdings Parent Inc,2014596,True,https://www.sec.gov/Archives/edgar/data/2014596/000201459625000011/listofsubsidiaries-ex211.htm,19,Exhibit-21 found
Concentrix Corp,1803599,False,,0,"10-K found, but Exhibit-21 missing"
Concrete Pumping Holdings Inc,1703956,False,,0,"10-K found, but Exhibit-21 missing"
Confluent Inc,1699838,True,https://www.sec.gov/Archives/edgar/data/1699838/000095017025022369/cflt-ex21_1.htm,3,Exhibit-21 found
Conifer Holdings Inc,1819395,False,,0,"10-K found, but Exhibit-21 missing"
Connecticut Light & Power Co,23426,True,https://www.sec.gov/Archives/edgar/data/23426/000007274125000007/a2024-ex21subsidiariesofth.htm,37,Exhibit-21 found
Connectm Technology Solutions Inc,1895249,True,https://www.sec.gov/Archives/edgar/data/1895249/000155837025010044/cntm-20241231xex21d1.htm,14,Exhibit-21 found
Connectone Bancorp Inc,712771,False,,0,"10-K found, but Exhibit-21 missing"
Connexa Sports Technologies Inc,320193,False,,0,"10-K found, but Exhibit-21 missing"
Connexionone Corp,1045810,False,,0,"10-K found, but Exhibit-21 missing"
Conns Inc,1018724,True,https://www.sec.gov/Archives/edgar/data/1018724/000101872425000004/amzn-20241231xex211.htm,9,Exhibit-21 found
Conocophillips,1163165,False,,0,"10-K found, but Exhibit-21 missing"
Consol Energy Inc,320193,False,,0,"10-K found, but Exhibit-21 missing"
Consolidated Communications Holdings Inc,1158324,True,https://www.sec.gov/Archives/edgar/data/1158324/000141057825000226/ccoi-20241231xex21d1.htm,41,Exhibit-21 found
Consolidated Edison Inc,1047862,False,,0,"10-K found, but Exhibit-21 missing"
Constellation Brands Inc,16918,True,https://www.sec.gov/Archives/edgar/data/16918/000001691825000022/stzex211_228202510k.htm,57,Exhibit-21 found
Constellation Energy Corp,1868275,False,,0,"10-K found, but Exhibit-21 missing"
Consumer Portfolio Services Inc,889609,True,https://www.sec.gov/Archives/edgar/data/889609/000168316825001548/cps_ex2100.htm,6,Exhibit-21 found
Container Store Group Inc,1687221,True,https://www.sec.gov/Archives/edgar/data/1687221/000095017024135208/revg-ex21_1.htm,39,Exhibit-21 found
Contango ORE Inc,1502377,True,https://www.sec.gov/Archives/edgar/data/1502377/000095017025039841/ctgo-ex21_1.htm,5,Exhibit-21 found
Context Therapeutics Inc,1842952,False,,0,"10-K found, but Exhibit-21 missing"
Contextlogic Inc,320193,False,,0,"10-K found, but Exhibit-21 missing"
Contineum Therapeutics Inc,1855175,False,,0,"10-K found, but Exhibit-21 missing"
CONX Corp,851205,False,,0,"10-K found, but Exhibit-21 missing"
Cooper Companies Inc,711404,True,https://www.sec.gov/Archives/edgar/data/711404/000162828025055615/coo-ex21_20251031x10k.htm,1,Exhibit-21 found
Cooper-Standard Holdings Inc,1320461,False,,0,"10-K found, but Exhibit-21 missing"
Copart Inc,900075,True,https://www.sec.gov/Archives/edgar/data/900075/000162828025042946/cprt07312025-ex211.htm,30,Exhibit-21 found
Copper Property CTL Pass Through Trust,1837671,False,,0,"10-K found, but Exhibit-21 missing"
COPT Defense Properties,860546,True,https://www.sec.gov/Archives/edgar/data/860546/000086054625000008/cdp12312024ex211.htm,205,Exhibit-21 found
Corbus Pharmaceuticals Holdings Inc,1595097,True,https://www.sec.gov/Archives/edgar/data/1595097/000095017025037335/crbp-ex21_1.htm,2,Exhibit-21 found
Corcept Therapeutics Inc,1088856,False,,0,"10-K found, but Exhibit-21 missing"
Core & Main Inc,1856525,True,https://www.sec.gov/Archives/edgar/data/1856525/000185652525000081/coremainex211q42024.htm,6,Exhibit-21 found
Core Laboratories Inc,1958086,True,https://www.sec.gov/Archives/edgar/data/1958086/000095017025019072/clb-ex21_1.htm,1,Exhibit-21 found
CORE Molding Technologies Inc,1026655,True,https://www.sec.gov/Archives/edgar/data/1026655/000102665525000005/cmt-20241231x10kex21.htm,1,Exhibit-21 found
Core Scientific Inc./tx,1839341,False,,0,"10-K found, but Exhibit-21 missing"
Corebridge Financial Inc,1889539,False,,0,"10-K found, but Exhibit-21 missing"
Corecard Corp,70858,True,https://www.sec.gov/Archives/edgar/data/70858/000007085825000139/bac-1231202410xkex21.htm,34,Exhibit-21 found
Corecivic Inc,1070985,True,https://www.sec.gov/Archives/edgar/data/1070985/000095017025024745/cxw-ex21_1.htm,33,Exhibit-21 found
Coretec Group Inc,320193,False,,0,"10-K found, but Exhibit-21 missing"
Cormedix Inc,1410098,False,,0,"10-K found, but Exhibit-21 missing"
Corning Inc /Ny,24741,False,,0,"10-K found, but Exhibit-21 missing"
Coronado Global Resources Inc,1770561,True,https://www.sec.gov/Archives/edgar/data/1770561/000156276225000021/ex211.htm,23,Exhibit-21 found
Corpay Inc,1175454,True,https://www.sec.gov/Archives/edgar/data/1175454/000162828025008746/ex211listofsubsidiaries123.htm,78,Exhibit-21 found
Correlate Energy Corp,1045810,False,,0,"10-K found, but Exhibit-21 missing"
Corsair Gaming Inc,1743759,True,https://www.sec.gov/Archives/edgar/data/1743759/000095017025027856/crsr-ex21_1.htm,14,Exhibit-21 found
Corvel Corp,874866,True,https://www.sec.gov/Archives/edgar/data/874866/000095017025076999/crvl-ex21_1.htm,8,Exhibit-21 found
Corvus Pharmaceuticals Inc,1626971,True,https://www.sec.gov/Archives/edgar/data/1626971/000155837025003621/crvs-20241231xex21d1.htm,1,Exhibit-21 found
Cosmos Health Inc,1474167,True,https://www.sec.gov/Archives/edgar/data/1474167/000147793225002759/cosm_ex21.htm,3,Exhibit-21 found
Costar Group Inc,1057352,True,https://www.sec.gov/Archives/edgar/data/1057352/000105735225000016/csgp-ex21120241231.htm,21,Exhibit-21 found
Costco Wholesale Corp /New,909832,True,https://www.sec.gov/Archives/edgar/data/909832/000090983225000101/costex21110k83125.htm,8,Exhibit-21 found
Coterra Energy Inc,858470,True,https://www.sec.gov/Archives/edgar/data/858470/000085847025000075/ctra12312024ex211.htm,3,Exhibit-21 found
COTY Inc,1024305,False,,0,"10-K found, but Exhibit-21 missing"
Couchbase Inc,1067983,True,https://www.sec.gov/Archives/edgar/data/1067983/000095017025025210/brka-ex21.htm,219,Exhibit-21 found
Coupang Inc,1834584,False,,0,"10-K found, but Exhibit-21 missing"
Coursera Inc,1651562,False,,0,"10-K found, but Exhibit-21 missing"
Coya Therapeutics Inc,1835022,False,,0,"10-K found, but Exhibit-21 missing"
CPI Aerostructures Inc,889348,True,https://www.sec.gov/Archives/edgar/data/889348/000199937125003528/ex21.htm,1,Exhibit-21 found
CPI Card Group Inc,1641614,True,https://www.sec.gov/Archives/edgar/data/1641614/000155837025002098/pmts-20241231xex21d1.htm,8,Exhibit-21 found
CPS Technologies Corp,814676,False,,0,"10-K found, but Exhibit-21 missing"
CRA International Inc,1053706,False,,0,"10-K found, but Exhibit-21 missing"
Cracker Barrel OLD Country Store Inc,1067294,True,https://www.sec.gov/Archives/edgar/data/1067294/000110465925093663/cbrl-20250801xex21.htm,8,Exhibit-21 found
Crane Co,1944013,False,,0,"10-K found, but Exhibit-21 missing"
Crawford & Co,25475,True,https://www.sec.gov/Archives/edgar/data/25475/000095017025030894/crda-ex21_1.htm,9,Exhibit-21 found
Creatd Inc,1357671,False,,0,"10-K found, but Exhibit-21 missing"
Creative Media & Community Trust Corp,908311,False,,0,"10-K found, but Exhibit-21 missing"
Creative Medical Technology Holdings Inc,1187953,True,https://www.sec.gov/Archives/edgar/data/1187953/000147793225001736/celz_ex211.htm,6,Exhibit-21 found
Creative Realities Inc,1356093,False,,0,"10-K found, but Exhibit-21 missing"
Credit Acceptance Corp,885550,True,https://www.sec.gov/Archives/edgar/data/885550/000088555025000012/cacc-20241231xex21.htm,41,Exhibit-21 found
Creditriskmonitor Com Inc,315958,False,,0,"10-K found, but Exhibit-21 missing"
Credo Technology Group Holding Ltd,1807794,False,,0,"10-K found, but Exhibit-21 missing"
Crescent Capital BDC Inc,1633336,True,https://www.sec.gov/Archives/edgar/data/1633336/000095017025023153/ccap-ex21_1.htm,6,Exhibit-21 found
Crescent Energy Co,1866175,False,,0,"10-K found, but Exhibit-21 missing"
Crexendo Inc,1075736,True,https://www.sec.gov/Archives/edgar/data/1075736/000165495425002287/cxdo_ex211.htm,6,Exhibit-21 found
Cricut Inc,1828962,False,,0,"10-K found, but Exhibit-21 missing"
Crimson Wine Group Ltd,1562151,False,,0,"10-K found, but Exhibit-21 missing"
Criteo SA,1576427,False,,0,"10-K found, but Exhibit-21 missing"
Crocs Inc,1334036,True,https://www.sec.gov/Archives/edgar/data/1334036/000133403625000009/crox123124ex21.htm,28,Exhibit-21 found
Cronos Group Inc,1656472,False,,0,"10-K found, but Exhibit-21 missing"
Cross Country Healthcare Inc,1141103,True,https://www.sec.gov/Archives/edgar/data/1141103/000162828025010519/ccrn20241231-10kex21x1.htm,12,Exhibit-21 found
Cross Timbers Royalty Trust,881787,False,,0,"10-K found, but Exhibit-21 missing"
Crossamerica Partners LP,1538849,True,https://www.sec.gov/Archives/edgar/data/1538849/000095017025028082/capl-ex21_1.htm,71,Exhibit-21 found
Crowdstrike Holdings Inc,1535527,False,,0,"10-K found, but Exhibit-21 missing"
Crown Castle Inc,1051470,False,,0,"10-K found, but Exhibit-21 missing"
Crown Crafts Inc,25895,False,,0,"10-K found, but Exhibit-21 missing"
Crown Electrokinetics Corp,1761696,False,,0,"10-K found, but Exhibit-21 missing"
Crown Equity Holdings Inc,1103833,False,,0,"10-K found, but Exhibit-21 missing"
Crown Holdings Inc,1219601,True,https://www.sec.gov/Archives/edgar/data/1219601/000121960125000009/ex21-12312024.htm,62,Exhibit-21 found
CRYO CELL International Inc,862692,False,,0,"10-K found, but Exhibit-21 missing"
Cryomass Technologies Inc,1321834,False,,0,"10-K found, but Exhibit-21 missing"
Cryoport Inc,1124524,True,https://www.sec.gov/Archives/edgar/data/1124524/000155837025002509/cyrx-20241231xex21.htm,10,Exhibit-21 found
Crypto Co,1688126,True,https://www.sec.gov/Archives/edgar/data/1688126/000164117225015110/ex21-1.htm,2,Exhibit-21 found
CS Diagnostics Corp,1106861,False,,0,"10-K found, but Exhibit-21 missing"
CSB Bancorp Inc,880417,True,https://www.sec.gov/Archives/edgar/data/880417/000095017025039227/csbb-ex21.htm,3,Exhibit-21 found
CSG Systems International Inc,1005757,True,https://www.sec.gov/Archives/edgar/data/1005757/000095017025023962/csgs-ex21_01.htm,19,Exhibit-21 found
CSLM Acquisition Corp,1875493,False,,0,"10-K found, but Exhibit-21 missing"
CSP Inc,356037,True,https://www.sec.gov/Archives/edgar/data/356037/000035603724000070/cspi-20240930xex21d1.htm,4,Exhibit-21 found
CSW Industrials Inc,1624794,True,https://www.sec.gov/Archives/edgar/data/1624794/000162479425000056/q4fy25ex211subsidiarieslist.htm,15,Exhibit-21 found
CSX Corp,277948,True,https://www.sec.gov/Archives/edgar/data/277948/000027794825000008/csx-12312024ex21subsidiari.htm,1,Exhibit-21 found
CTO Realty Growth Inc,23795,True,https://www.sec.gov/Archives/edgar/data/23795/000155837025001229/cto-20241231xex21d1.htm,58,Exhibit-21 found
Cubesmart,1298675,True,https://www.sec.gov/Archives/edgar/data/1298675/000129867525000011/cube-20241231xex21d1.htm,125,Exhibit-21 found
Cue Biopharma Inc,1645460,True,https://www.sec.gov/Archives/edgar/data/1645460/000095017025047677/cue-ex21_1.htm,1,Exhibit-21 found
Cue Health Inc,1333493,False,,0,"10-K found, but Exhibit-21 missing"
Cuentas Inc,740260,True,https://www.sec.gov/Archives/edgar/data/740260/000074026025000052/vtr-ex21_123124.htm,2123,Exhibit-21 found
Cullen/Frost Bankers Inc,39263,False,,0,"10-K found, but Exhibit-21 missing"
Cullinan Therapeutics Inc,1789972,True,https://www.sec.gov/Archives/edgar/data/1789972/000095017025028346/cgem-ex21_1.htm,4,Exhibit-21 found
Cullman Bancorp Inc,1845799,False,,0,"10-K found, but Exhibit-21 missing"
Cumberland Pharmaceuticals Inc,1087294,False,,0,"10-K found, but Exhibit-21 missing"
Cummins Inc,26172,True,https://www.sec.gov/Archives/edgar/data/26172/000002617225000007/cmi202410-kex21.htm,140,Exhibit-21 found
Cumulus Media Inc,1058623,False,,0,"10-K found, but Exhibit-21 missing"
Curbline Properties Corp,2027317,True,https://www.sec.gov/Archives/edgar/data/2027317/000095017025024834/curb-ex21_subsidiari.htm,114,Exhibit-21 found
Curiositystream Inc,1776909,False,,0,"10-K found, but Exhibit-21 missing"
Curis Inc,1108205,False,,0,"10-K found, but Exhibit-21 missing"
Currenc Group Inc,1862935,False,,0,"10-K found, but Exhibit-21 missing"
Curtiss Wright Corp,26324,False,,0,"10-K found, but Exhibit-21 missing"
Cushman & Wakefield PLC,901832,False,,0,No 10-K found
Custom Truck One Source Inc,1709682,True,https://www.sec.gov/Archives/edgar/data/1709682/000170968225000006/a12312024-ctosex211.htm,29,Exhibit-21 found
Customers Bancorp Inc,1488813,True,https://www.sec.gov/Archives/edgar/data/1488813/000148881325000013/cubi-12312024xex211.htm,2,Exhibit-21 found
CV Sciences Inc,1510964,True,https://www.sec.gov/Archives/edgar/data/1510964/000095017025046180/cvsi-ex21_1.htm,2,Exhibit-21 found
CVD Equipment Corp,766792,True,https://www.sec.gov/Archives/edgar/data/766792/000149315225010917/ex21-1.htm,1,Exhibit-21 found
CVR Energy Inc,1376139,False,,0,"10-K found, but Exhibit-21 missing"
CVR Partners LP,1425292,False,,0,"10-K found, but Exhibit-21 missing"
Cvrx Inc,1235912,False,,0,"10-K found, but Exhibit-21 missing"
CVS Health Corp,64803,False,,0,"10-K found, but Exhibit-21 missing"
Cxapp Inc,1820875,False,,0,"10-K found, but Exhibit-21 missing"
CXJ Group Co Ltd,1823635,True,https://www.sec.gov/Archives/edgar/data/1823635/000149315225013547/ex21-1.htm,6,Exhibit-21 found
Cyanotech Corp,768408,False,,0,"10-K found, but Exhibit-21 missing"
Cyber App Solutions Corp,1045810,False,,0,"10-K found, but Exhibit-21 missing"
Cyberloq Technologies Inc,1437517,False,,0,"10-K found, but Exhibit-21 missing"
Cyclerion Therapeutics Inc,1755237,True,https://www.sec.gov/Archives/edgar/data/1755237/000095017025032037/cycn-ex21_1.htm,0,Exhibit-21 found
Cytek Biosciences Inc,1831915,False,,0,"10-K found, but Exhibit-21 missing"
Cytodyn Inc,1175680,True,https://www.sec.gov/Archives/edgar/data/1175680/000155837025009617/cydy-20250531xex21.htm,1,Exhibit-21 found
Cytokinetics Inc,1061983,False,,0,"10-K found, but Exhibit-21 missing"
Cytosorbents Corp,1175151,False,,0,"10-K found, but Exhibit-21 missing"
Daily Journal Corp,783412,False,,0,"10-K found, but Exhibit-21 missing"
Dakota Gold Corp,1852353,False,,0,"10-K found, but Exhibit-21 missing"
Daktronics Inc,915779,True,https://www.sec.gov/Archives/edgar/data/915779/000091577925000102/ex21110-k04262025.htm,6,Exhibit-21 found
Dallasnews Corp,1564708,True,https://www.sec.gov/Archives/edgar/data/1564708/000156470825000419/ex-211xfy25listofsubsidiar.htm,136,Exhibit-21 found
Damon Inc,2000640,False,,0,"10-K found, but Exhibit-21 missing"
DANA Inc,26780,False,,0,"10-K found, but Exhibit-21 missing"
Danaher Corp,313616,False,,0,"10-K found, but Exhibit-21 missing"
Danimer Scientific Inc,320193,False,,0,"10-K found, but Exhibit-21 missing"
Darden Restaurants Inc,940944,True,https://www.sec.gov/Archives/edgar/data/940944/000094094425000038/dri202510-kex21.htm,17,Exhibit-21 found
Dare Bioscience Inc,1401914,True,https://www.sec.gov/Archives/edgar/data/1401914/000140191425000012/dare-20241231xex211.htm,4,Exhibit-21 found
Dariohealth Corp,1533998,True,https://www.sec.gov/Archives/edgar/data/1533998/000155837025002527/drio-20241231xex21d1.htm,5,Exhibit-21 found
Darling Ingredients Inc,916540,True,https://www.sec.gov/Archives/edgar/data/916540/000091654025000008/ex21-2024.htm,36,Exhibit-21 found
DATA I/O Corp,351998,True,https://www.sec.gov/Archives/edgar/data/351998/000165495425003717/daio_ex211.htm,4,Exhibit-21 found
Data Storage Corp,1419951,True,https://www.sec.gov/Archives/edgar/data/1419951/000173112225000484/e6430_ex21-1.htm,4,Exhibit-21 found
Data443 Risk Mitigation Inc,1068689,False,,0,"10-K found, but Exhibit-21 missing"
Datadog Inc,1561550,True,https://www.sec.gov/Archives/edgar/data/1561550/000156155025000025/ddog-20241231xex211.htm,1,Exhibit-21 found
Datasea Inc,1631282,False,,0,"10-K found, but Exhibit-21 missing"
Dave & Buster S Entertainment Inc,1525769,False,,0,"10-K found, but Exhibit-21 missing"
Dave Inc./de,1841408,False,,0,"10-K found, but Exhibit-21 missing"
Dawson Geophysical Co,799165,True,https://www.sec.gov/Archives/edgar/data/799165/000155837025004330/dwsn-20241231xex21d1.htm,4,Exhibit-21 found
Daxor Corp,27367,True,https://www.sec.gov/Archives/edgar/data/27367/000101905612000401/ex21_1.htm,1,Exhibit-21 found
Day One Biopharmaceuticals Inc,1845337,True,https://www.sec.gov/Archives/edgar/data/1845337/000095017025026654/dawn-ex21_1.htm,1,Exhibit-21 found
Daybreak OIL & GAS Inc,320193,False,,0,"10-K found, but Exhibit-21 missing"
Dayforce Inc,1725057,True,https://www.sec.gov/Archives/edgar/data/1725057/000095017025029980/day-ex21_1.htm,61,Exhibit-21 found
DBV Technologies SA,1613780,False,,0,"10-K found, but Exhibit-21 missing"
Decentral Life Inc,1281984,False,,0,"10-K found, but Exhibit-21 missing"
Deckers Outdoor Corp,910521,False,,0,"10-K found, but Exhibit-21 missing"
Deep Green Waste & Recycling Inc,320193,False,,0,"10-K found, but Exhibit-21 missing"
Deere & Co,315189,True,https://www.sec.gov/Archives/edgar/data/315189/000155837024016169/de-20241027xex21.htm,17,Exhibit-21 found
Definitive Healthcare Corp,1861795,True,https://www.sec.gov/Archives/edgar/data/1861795/000095017025029086/dh-ex21_1.htm,10,Exhibit-21 found
Delcath Systems Inc,872912,True,https://www.sec.gov/Archives/edgar/data/872912/000162828025010797/ex21-subsidiariesoftheregi.htm,0,Exhibit-21 found
Delek US Holdings Inc,1694426,True,https://www.sec.gov/Archives/edgar/data/1694426/000169442625000013/dk-ex211xdk2025subsidiaries.htm,64,Exhibit-21 found
Delta AIR Lines Inc,27904,True,https://www.sec.gov/Archives/edgar/data/27904/000002790425000004/dal12312024ex211.htm,14,Exhibit-21 found
Delta Apparel Inc,320193,False,,0,"10-K found, but Exhibit-21 missing"
Deluxe Corp,27996,False,,0,"10-K found, but Exhibit-21 missing"
Denali Capital Acquisition Corp,2086524,False,,0,No 10-K found
Denali Therapeutics Inc,1714899,False,,0,"10-K found, but Exhibit-21 missing"
Denny S Corp,852772,True,https://www.sec.gov/Archives/edgar/data/852772/000085277225000070/q42024ex211.htm,6,Exhibit-21 found
Dentsply Sirona Inc,818479,False,,0,"10-K found, but Exhibit-21 missing"
Dermtech Inc,1326801,False,,0,"10-K found, but Exhibit-21 missing"
Design Therapeutics Inc,1807120,False,,0,"10-K found, but Exhibit-21 missing"
Desktop Metal Inc,320193,False,,0,"10-K found, but Exhibit-21 missing"
Destination XL Group Inc,813298,True,https://www.sec.gov/Archives/edgar/data/813298/000095017025042703/dxlg-ex21_1.htm,14,Exhibit-21 found
Devon Energy Corp/De,1090012,True,https://www.sec.gov/Archives/edgar/data/1090012/000095017025022844/dvn-ex21.htm,12,Exhibit-21 found
Devvstream Corp,1854480,False,,0,"10-K found, but Exhibit-21 missing"
Dexcom Inc,1093557,False,,0,"10-K found, but Exhibit-21 missing"
DH Enchantment Inc,320193,False,,0,"10-K found, but Exhibit-21 missing"
DHI Group Inc,1393883,False,,0,"10-K found, but Exhibit-21 missing"
Diamedica Therapeutics Inc,1401040,False,,0,"10-K found, but Exhibit-21 missing"
Diamondback Energy Inc,1539838,True,https://www.sec.gov/Archives/edgar/data/1539838/000153983825000021/diamondback202410-kxex211.htm,5,Exhibit-21 found
Diamondhead Casino Corp,1045810,False,,0,"10-K found, but Exhibit-21 missing"
Dianthus Therapeutics Inc,1690585,False,,0,"10-K found, but Exhibit-21 missing"
DICK S Sporting Goods Inc,1089063,False,,0,"10-K found, but Exhibit-21 missing"
Diebold Nixdorf Inc,28823,True,https://www.sec.gov/Archives/edgar/data/28823/000002882325000022/dbd12312024ex-211.htm,37,Exhibit-21 found
Digerati Technologies Inc,1014052,True,https://www.sec.gov/Archives/edgar/data/1014052/000121390023089905/f10k2023ex21-1_digeratitech.htm,8,Exhibit-21 found
DIGI International Inc,854775,True,https://www.sec.gov/Archives/edgar/data/854775/000085477525000026/dgii-ex21_2025930x10xk.htm,12,Exhibit-21 found
Digiasia Corp,70858,True,https://www.sec.gov/Archives/edgar/data/70858/000007085825000139/bac-1231202410xkex21.htm,34,Exhibit-21 found
Digimarc Corp,1438231,False,,0,"10-K found, but Exhibit-21 missing"
Digital ALLY Inc,1342958,False,,0,"10-K found, but Exhibit-21 missing"
Digital Brands Group Inc,1668010,False,,0,"10-K found, but Exhibit-21 missing"
Digital Locations Inc,320193,False,,0,"10-K found, but Exhibit-21 missing"
Digital Realty Trust Inc,1297996,True,https://www.sec.gov/Archives/edgar/data/1297996/000155837025001424/dlr-20241231xex21d1.htm,368,Exhibit-21 found
Digital Turbine Inc,317788,False,,0,"10-K found, but Exhibit-21 missing"
Digitalbridge Group Inc,1679688,False,,0,"10-K found, but Exhibit-21 missing"
Digitalocean Holdings Inc,1582961,False,,0,"10-K found, but Exhibit-21 missing"
DIH Holding US Inc,1883788,True,https://www.sec.gov/Archives/edgar/data/1883788/000149315225018682/ex21.htm,5,Exhibit-21 found
Dillard S Inc,28917,True,https://www.sec.gov/Archives/edgar/data/28917/000002891725000004/dds-20250201xex21.htm,21,Exhibit-21 found
Dime Community Bancshares Inc,846617,True,https://www.sec.gov/Archives/edgar/data/846617/000084661725000013/dcom-20241231xex21d1.htm,8,Exhibit-21 found
Dine Brands Global Inc,49754,True,https://www.sec.gov/Archives/edgar/data/49754/000162828025010259/din-12312024x10kxex211.htm,47,Exhibit-21 found
Diodes Inc /Del/,29002,True,https://www.sec.gov/Archives/edgar/data/29002/000095017025021400/diod-ex21.htm,37,Exhibit-21 found
Direct Digital Holdings Inc,1880613,True,https://www.sec.gov/Archives/edgar/data/1880613/000162828025015290/drct-20241231xex211listofs.htm,4,Exhibit-21 found
Direct Selling Acquisition Corp,1045810,False,,0,"10-K found, but Exhibit-21 missing"
Dirtt Environmental Solutions Ltd,1340476,True,https://www.sec.gov/Archives/edgar/data/1340476/000095017025027896/drttf-ex21_1.htm,1,Exhibit-21 found
Disc Medicine Inc,1816736,True,https://www.sec.gov/Archives/edgar/data/1816736/000095017025028390/iron-ex21_1.htm,2,Exhibit-21 found
Discover Financial Services,1136893,False,,0,"10-K found, but Exhibit-21 missing"
Distoken Acquisition Corp,1998781,False,,0,"10-K found, but Exhibit-21 missing"
Distribution Solutions Group Inc,703604,True,https://www.sec.gov/Archives/edgar/data/703604/000070360425000012/a202410kex212024.htm,24,Exhibit-21 found
Diversified Healthcare Trust,1075415,False,,0,"10-K found, but Exhibit-21 missing"
Dixie Group Inc,29332,True,https://www.sec.gov/Archives/edgar/data/29332/000002933225000017/ex21_subsidiaries2024.htm,1,Exhibit-21 found
DLH Holdings Corp,785557,False,,0,"10-K found, but Exhibit-21 missing"
DMC Global Inc,34067,False,,0,"10-K found, but Exhibit-21 missing"
Dmy Squared Technology Group Inc,1915380,False,,0,"10-K found, but Exhibit-21 missing"
DNOW Inc,1599617,True,https://www.sec.gov/Archives/edgar/data/1599617/000095017025021784/dnow-ex21_1.htm,19,Exhibit-21 found
Docgo Inc,1822359,True,https://www.sec.gov/Archives/edgar/data/1822359/000182235925000018/dcgo-20241231xex211.htm,50,Exhibit-21 found
Docusign Inc,1261333,False,,0,"10-K found, but Exhibit-21 missing"
Dogecoin Cash Inc,1360442,False,,0,"10-K found, but Exhibit-21 missing"
Dogwood Therapeutics Inc,1818844,True,https://www.sec.gov/Archives/edgar/data/1818844/000155837025004167/dwtx-20241231xex21d1.htm,3,Exhibit-21 found
Dolby Laboratories Inc,1308547,False,,0,"10-K found, but Exhibit-21 missing"
Dollar General Corp,29534,True,https://www.sec.gov/Archives/edgar/data/29534/000155837025003413/dg-20250131xex21.htm,41,Exhibit-21 found
Dollar TREE Inc,935703,True,https://www.sec.gov/Archives/edgar/data/935703/000093570325000015/dltr-2025x02x01x10kxex211.htm,11,Exhibit-21 found
Dolphin Entertainment Inc,1282224,True,https://www.sec.gov/Archives/edgar/data/1282224/000107997325000490/ex21x1.htm,21,Exhibit-21 found
Dominari Holdings Inc,12239,True,https://www.sec.gov/Archives/edgar/data/12239/000121390025031890/ea023760801ex21-1_domin.htm,7,Exhibit-21 found
Dominos Pizza Inc,1286681,True,https://www.sec.gov/Archives/edgar/data/1286681/000095017025025223/dpz-ex21_1.htm,19,Exhibit-21 found
DOMO Inc,1505952,False,,0,"10-K found, but Exhibit-21 missing"
Donaldson Co Inc,29644,False,,0,"10-K found, but Exhibit-21 missing"
Donegal Group Inc,800457,True,https://www.sec.gov/Archives/edgar/data/800457/000114036125007891/ef20038953_ex21.htm,5,Exhibit-21 found
Dorchester Minerals LP,1172358,False,,0,"10-K found, but Exhibit-21 missing"
Dorian LPG Ltd,1596993,True,https://www.sec.gov/Archives/edgar/data/1596993/000159699325000034/lpg-20250331xex21d1.htm,32,Exhibit-21 found
Dorman Products Inc,868780,False,,0,"10-K found, but Exhibit-21 missing"
Douglas Dynamics Inc,1287213,False,,0,"10-K found, but Exhibit-21 missing"
Douglas Elliman Inc,1878897,True,https://www.sec.gov/Archives/edgar/data/1878897/000187889725000009/a2024-1231xex211.htm,6,Exhibit-21 found
Dover Corp,29905,False,,0,"10-K found, but Exhibit-21 missing"
Doximity Inc,1516513,False,,0,"10-K found, but Exhibit-21 missing"
Draftkings Inc,1883685,False,,0,"10-K found, but Exhibit-21 missing"
Dragonfly Energy Holdings Corp,1847986,True,https://www.sec.gov/Archives/edgar/data/1847986/000164117225001755/ex21-1.htm,3,Exhibit-21 found
Dream Finders Homes Inc,1825088,False,,0,"10-K found, but Exhibit-21 missing"
Drilling Tools International Corp,1884516,False,,0,"10-K found, but Exhibit-21 missing"
Driveitaway Holdings Inc,1394638,True,https://www.sec.gov/Archives/edgar/data/1394638/000173112225000289/e6280_ex21.htm,3,Exhibit-21 found
Driven Brands Holdings Inc,1804745,False,,0,"10-K found, but Exhibit-21 missing"
Dropbox Inc,1467623,False,,0,"10-K found, but Exhibit-21 missing"
DSG Global Inc,64040,True,https://www.sec.gov/Archives/edgar/data/64040/000006404025000052/ex21tofy2024x202410xksubsi.htm,134,Exhibit-21 found
DSS Inc,771999,True,https://www.sec.gov/Archives/edgar/data/771999/000164117225001576/ex21-1.htm,36,Exhibit-21 found
DT Cloud Acquisition Corp,2017950,False,,0,"10-K found, but Exhibit-21 missing"
DT Cloud Star Acquisition Corp,2017950,False,,0,"10-K found, but Exhibit-21 missing"
DT Midstream Inc,1842022,True,https://www.sec.gov/Archives/edgar/data/1842022/000184202225000003/a12312024ex211.htm,14,Exhibit-21 found
Duckhorn Portfolio Inc,320193,False,,0,"10-K found, but Exhibit-21 missing"
Ducommun Inc,30305,True,https://www.sec.gov/Archives/edgar/data/30305/000162828025008401/dco10-k2024_ex21.htm,18,Exhibit-21 found
DUKE Robotics Corp,1638911,True,https://www.sec.gov/Archives/edgar/data/1638911/000121390025025286/ea023301201ex21-1_duke.htm,3,Exhibit-21 found
Duluth Holdings Inc,1649744,False,,0,"10-K found, but Exhibit-21 missing"
Dun & Bradstreet Holdings Inc,320193,False,,0,"10-K found, but Exhibit-21 missing"
Duolingo Inc,1562088,True,https://www.sec.gov/Archives/edgar/data/1562088/000156208825000042/duolingo-2024q410kex211.htm,2,Exhibit-21 found
Dupont De Nemours Inc,1666700,False,,0,"10-K found, but Exhibit-21 missing"
D-Wave Quantum Inc,1907982,False,,0,"10-K found, but Exhibit-21 missing"
DXC Technology Co,1688568,True,https://www.sec.gov/Archives/edgar/data/1688568/000168856825000029/fy25ex21-dxcsubsidiaries_f.htm,110,Exhibit-21 found
DXP Enterprises Inc,1020710,False,,0,"10-K found, but Exhibit-21 missing"
Dyadic International Inc,1213809,False,,0,"10-K found, but Exhibit-21 missing"
Dycom Industries Inc,67215,True,https://www.sec.gov/Archives/edgar/data/67215/000006721525000012/dyfy202510kex211.htm,47,Exhibit-21 found
Dynamix Corp,2028699,False,,0,"10-K found, but Exhibit-21 missing"
Dynaresource Inc,1111741,False,,0,"10-K found, but Exhibit-21 missing"
Dynatrace Inc,1773383,False,,0,"10-K found, but Exhibit-21 missing"
Dynatronics Corp,720875,False,,0,"10-K found, but Exhibit-21 missing"
Dynavax Technologies Corp,1029142,False,,0,"10-K found, but Exhibit-21 missing"
Dyne Therapeutics Inc,1818794,True,https://www.sec.gov/Archives/edgar/data/1818794/000095017025028356/dyn-ex21_1.htm,0,Exhibit-21 found
Dynex Capital Inc,826675,False,,0,"10-K found, but Exhibit-21 missing"
DZS Inc,771999,True,https://www.sec.gov/Archives/edgar/data/771999/000164117225001576/ex21-1.htm,36,Exhibit-21 found
E.l.f Beauty Inc,1600033,False,,0,"10-K found, but Exhibit-21 missing"
E2open Parent Holdings Inc,320193,False,,0,"10-K found, but Exhibit-21 missing"
EACO Corp,784539,False,,0,"10-K found, but Exhibit-21 missing"
Eagle Bancorp Inc,1050441,True,https://www.sec.gov/Archives/edgar/data/1050441/000105044125000051/ex21_subsidiaries.htm,6,Exhibit-21 found
Eagle Bancorp Montana Inc,1478454,False,,0,"10-K found, but Exhibit-21 missing"
Eagle Financial Services Inc,880641,True,https://www.sec.gov/Archives/edgar/data/880641/000095017025047778/efsi-ex21_1.htm,2,Exhibit-21 found
Eagle Materials Inc,918646,True,https://www.sec.gov/Archives/edgar/data/918646/000095017025075321/exp-ex21.htm,28,Exhibit-21 found
Eagle Pharmaceuticals Inc,1723128,False,,0,"10-K found, but Exhibit-21 missing"
Eagle Point Credit Co Inc,1604174,False,,0,No 10-K found
EAST WEST Bancorp Inc,1069157,False,,0,"10-K found, but Exhibit-21 missing"
Easterly Government Properties Inc,1622194,True,https://www.sec.gov/Archives/edgar/data/1622194/000095017025026749/dea-ex21_1.htm,105,Exhibit-21 found
Eastern Bankshares Inc,1810546,True,https://www.sec.gov/Archives/edgar/data/1810546/000162828025008583/ebc-20241231xex21xsubsidia.htm,4,Exhibit-21 found
Eastern Co,31107,True,https://www.sec.gov/Archives/edgar/data/31107/000165495425002610/eml_ex21.htm,12,Exhibit-21 found
Eastgroup Properties Inc,49600,False,,0,"10-K found, but Exhibit-21 missing"
Eastman Kodak Co,31235,True,https://www.sec.gov/Archives/edgar/data/31235/000095017025040256/kodk-ex21.htm,16,Exhibit-21 found
Eastside Distilling Inc,320193,False,,0,"10-K found, but Exhibit-21 missing"
Eaton Corp PLC,1551182,True,https://www.sec.gov/Archives/edgar/data/1551182/000155118225000006/etn12312024ex21.htm,122,Exhibit-21 found
EBAY Inc,1065088,True,https://www.sec.gov/Archives/edgar/data/1065088/000106508825000037/ebay123124ex2101.htm,1,Exhibit-21 found
EBET Inc,1652044,False,,0,"10-K found, but Exhibit-21 missing"
ECA Marcellus Trust I,1487798,False,,0,"10-K found, but Exhibit-21 missing"
ECB Bancorp Inc,1295401,False,,0,"10-K found, but Exhibit-21 missing"
ECD Automotive Design Inc,1922858,False,,0,"10-K found, but Exhibit-21 missing"
Echostar Corp,1415404,True,https://www.sec.gov/Archives/edgar/data/1415404/000155837025001663/tmb-20241231xex21.htm,1,Exhibit-21 found
Eco Bright Future Inc,320193,False,,0,"10-K found, but Exhibit-21 missing"
ECO Science Solutions Inc,1490873,False,,0,"10-K found, but Exhibit-21 missing"
Ecolab Inc,31462,True,https://www.sec.gov/Archives/edgar/data/31462/000155837025001263/ecl-20241231xex21d1.htm,91,Exhibit-21 found
Ecovyst Inc,1708035,True,https://www.sec.gov/Archives/edgar/data/1708035/000170803525000070/ex211-subsidiarylistingx12.htm,13,Exhibit-21 found
Edesa Biotech Inc,1540159,False,,0,"10-K found, but Exhibit-21 missing"
Edgewell Personal CARE Co,1096752,True,https://www.sec.gov/Archives/edgar/data/1096752/000162828025052765/epc10k93025ex211.htm,25,Exhibit-21 found
Edgio Inc,1018724,True,https://www.sec.gov/Archives/edgar/data/1018724/000101872425000004/amzn-20241231xex211.htm,9,Exhibit-21 found
Edible Garden AG Inc,1809750,True,https://www.sec.gov/Archives/edgar/data/1809750/000147793225002281/edbl_ex211.htm,4,Exhibit-21 found
Edison International,827052,True,https://www.sec.gov/Archives/edgar/data/827052/000082705225000022/eix-20241231xex211.htm,2,Exhibit-21 found
Editas Medicine Inc,1650664,False,,0,"10-K found, but Exhibit-21 missing"
Educational Development Corp,31667,False,,0,"10-K found, but Exhibit-21 missing"
Edwards Lifesciences Corp,1099800,True,https://www.sec.gov/Archives/edgar/data/1099800/000109980025000005/ex-21110xkq42024.htm,4,Exhibit-21 found
Effector Therapeutics Inc,1001316,False,,0,"10-K found, but Exhibit-21 missing"
Egain Corp,1066194,False,,0,"10-K found, but Exhibit-21 missing"
Ehealth Inc,1333493,False,,0,"10-K found, but Exhibit-21 missing"
EKSO Bionics Holdings Inc,1549084,False,,0,"10-K found, but Exhibit-21 missing"
El Pollo Loco Holdings Inc,1606366,False,,0,"10-K found, but Exhibit-21 missing"
Elanco Animal Health Inc,1739104,False,,0,"10-K found, but Exhibit-21 missing"
Elastic NV,1707753,True,https://www.sec.gov/Archives/edgar/data/1707753/000170775325000021/a25q4ex211.htm,6,Exhibit-21 found
Electriq Power Holdings Inc,320193,False,,0,"10-K found, but Exhibit-21 missing"
Electro Sensors Inc,351789,False,,0,"10-K found, but Exhibit-21 missing"
Electromed Inc,1488917,False,,0,"10-K found, but Exhibit-21 missing"
Electromedical Technologies Inc,1715819,False,,0,"10-K found, but Exhibit-21 missing"
Electronic ARTS Inc,712515,True,https://www.sec.gov/Archives/edgar/data/712515/000071251525000022/ex-211subsidiariesofthereg.htm,29,Exhibit-21 found
Electronic Systems Technology Inc,320193,False,,0,"10-K found, but Exhibit-21 missing"
Eledon Pharmaceuticals Inc,1404281,False,,0,"10-K found, but Exhibit-21 missing"
Element Solutions Inc,1590714,True,https://www.sec.gov/Archives/edgar/data/1590714/000159071425000022/esi10-k20241231ex211.htm,66,Exhibit-21 found
Elevai Labs Inc,320193,False,,0,"10-K found, but Exhibit-21 missing"
Elevance Health Inc,1156039,False,,0,"10-K found, but Exhibit-21 missing"
Elevation Oncology Inc,320193,False,,0,"10-K found, but Exhibit-21 missing"
ELI Lilly & Co,59478,False,,0,"10-K found, but Exhibit-21 missing"
Eline Entertainment Group Inc,1043150,False,,0,"10-K found, but Exhibit-21 missing"
Elite Health Systems Inc,1089815,False,,0,"10-K found, but Exhibit-21 missing"
Elite Pharmaceuticals Inc,1053369,False,,0,"10-K found, but Exhibit-21 missing"
Elme Communities,104894,False,,0,"10-K found, but Exhibit-21 missing"
Elutia Inc,1708527,False,,0,"10-K found, but Exhibit-21 missing"
Elvictor Group Inc,1741489,True,https://www.sec.gov/Archives/edgar/data/1741489/000121390025031497/ea023238601ex21-1_elvictor.htm,3,Exhibit-21 found
Elys BMG Group Inc,320193,False,,0,"10-K found, but Exhibit-21 missing"
Embassy Bancorp Inc,1449794,True,https://www.sec.gov/Archives/edgar/data/1449794/000144979425000002/emyb-20241231xex21_1.htm,1,Exhibit-21 found
Embrace Change Acquisition Corp,1869601,False,,0,"10-K found, but Exhibit-21 missing"
Emcor Group Inc,105634,True,https://www.sec.gov/Archives/edgar/data/105634/000010563425000015/eme-ex21_20241231xq4.htm,6,Exhibit-21 found
Emcore Corp,70858,True,https://www.sec.gov/Archives/edgar/data/70858/000007085825000139/bac-1231202410xkex21.htm,34,Exhibit-21 found
Emerald Holding Inc,1579214,True,https://www.sec.gov/Archives/edgar/data/1579214/000095017025039386/eex-ex21_1.htm,3,Exhibit-21 found
Emergent Biosolutions Inc,1367644,False,,0,"10-K found, but Exhibit-21 missing"
Emerson Electric Co,32604,False,,0,"10-K found, but Exhibit-21 missing"
Emerson Radio Corp,32621,False,,0,"10-K found, but Exhibit-21 missing"
Emmaus Life Sciences Inc,822370,True,https://www.sec.gov/Archives/edgar/data/822370/000095017025053744/emma-ex21_1.htm,6,Exhibit-21 found
Emo Capital Corp,1410708,False,,0,"10-K found, but Exhibit-21 missing"
Empire Petroleum Corp,887396,False,,0,"10-K found, but Exhibit-21 missing"
Empire State Realty OP LP,1553079,False,,0,"10-K found, but Exhibit-21 missing"
Employers Holdings Inc,1379041,False,,0,"10-K found, but Exhibit-21 missing"
Enact Holdings Inc,1823529,False,,0,"10-K found, but Exhibit-21 missing"
Enanta Pharmaceuticals Inc,1177648,True,https://www.sec.gov/Archives/edgar/data/1177648/000119312525288121/enta-ex21_1.htm,3,Exhibit-21 found
ENB Financial Corp,1437479,True,https://www.sec.gov/Archives/edgar/data/1437479/000117494725000372/ex21.htm,1,Exhibit-21 found
Enbridge Inc,895728,True,https://www.sec.gov/Archives/edgar/data/895728/000089572825000006/eiex211subsidiariesofthere.htm,329,Exhibit-21 found
Encision Inc,930775,False,,0,"10-K found, but Exhibit-21 missing"
Encompass Health Corp,785161,True,https://www.sec.gov/Archives/edgar/data/785161/000078516125000009/ehc10k123124ex211.htm,166,Exhibit-21 found
Encore Capital Group Inc,1084961,True,https://www.sec.gov/Archives/edgar/data/1084961/000108496125000011/ecpg-20241231ex21.htm,17,Exhibit-21 found
Endeavor Group Holdings Inc,894871,True,https://www.sec.gov/Archives/edgar/data/894871/000164117225004921/ex21-1.htm,5,Exhibit-21 found
Endexx Corp,1109486,True,https://www.sec.gov/Archives/edgar/data/1109486/000149315224002515/ex21-1.htm,7,Exhibit-21 found
ENDI Corp,1908984,True,https://www.sec.gov/Archives/edgar/data/1908984/000149315224012465/ex21-1.htm,9,Exhibit-21 found
Endo Inc,1075736,True,https://www.sec.gov/Archives/edgar/data/1075736/000165495425002287/cxdo_ex211.htm,6,Exhibit-21 found
Endra Life Sciences Inc,1681682,False,,0,"10-K found, but Exhibit-21 missing"
Energizer Holdings Inc,1632790,False,,0,"10-K found, but Exhibit-21 missing"
Energous Corp,1575793,False,,0,"10-K found, but Exhibit-21 missing"
Energy Focus Inc/De,924168,False,,0,"10-K found, but Exhibit-21 missing"
Energy Fuels Inc,1385849,True,https://www.sec.gov/Archives/edgar/data/1385849/000138584925000004/efr12312024-ex211.htm,0,Exhibit-21 found
Energy Recovery Inc,1421517,True,https://www.sec.gov/Archives/edgar/data/1421517/000142151725000048/ex211subsidiaries2024-q4.htm,1,Exhibit-21 found
Energy Services Of America Corp,1357971,True,https://www.sec.gov/Archives/edgar/data/1357971/000141057824002104/esoa-20240930xex21.htm,11,Exhibit-21 found
Energy Transfer LP,1276187,True,https://www.sec.gov/Archives/edgar/data/1276187/000127618725000018/et12312024ex211.htm,372,Exhibit-21 found
Enersys,1289308,False,,0,"10-K found, but Exhibit-21 missing"
Enfusion Inc,1326801,False,,0,"10-K found, but Exhibit-21 missing"
Engene Holdings Inc,1980845,False,,0,"10-K found, but Exhibit-21 missing"
Enhabit Inc,1803737,False,,0,"10-K found, but Exhibit-21 missing"
Enlink Midstream LLC,2064947,False,,0,No 10-K found
Enliven Therapeutics Inc,1672619,True,https://www.sec.gov/Archives/edgar/data/1672619/000095017025038758/elvn-ex21_1.htm,1,Exhibit-21 found
Ennis Inc,33002,True,https://www.sec.gov/Archives/edgar/data/33002/000095017025070268/ebf-ex21.htm,26,Exhibit-21 found
Enova International Inc,1529864,True,https://www.sec.gov/Archives/edgar/data/1529864/000095017025022244/enva-ex21_1.htm,96,Exhibit-21 found
Enovis Corp,1420800,False,,0,"10-K found, but Exhibit-21 missing"
Enovix Corp,1828318,False,,0,"10-K found, but Exhibit-21 missing"
Enphase Energy Inc,1463101,False,,0,"10-K found, but Exhibit-21 missing"
Enservco Corp,70858,True,https://www.sec.gov/Archives/edgar/data/70858/000007085825000139/bac-1231202410xkex21.htm,34,Exhibit-21 found
Ensign Group Inc,1125376,True,https://www.sec.gov/Archives/edgar/data/1125376/000112537625000021/ensg123124ex211.htm,625,Exhibit-21 found
Enstar Group Ltd,1577552,False,,0,No 10-K found
Ensysce Biosciences Inc,1716947,False,,0,"10-K found, but Exhibit-21 missing"
Entera Bio Ltd,1638097,False,,0,"10-K found, but Exhibit-21 missing"
Entergy Mississippi LLC,66901,True,https://www.sec.gov/Archives/edgar/data/66901/000006598425000012/a10kex-212024.htm,65,Exhibit-21 found
Entero Therapeutics Inc,1689375,False,,0,"10-K found, but Exhibit-21 missing"
Enterprise Financial Services Corp,1025835,True,https://www.sec.gov/Archives/edgar/data/1025835/000102583525000039/a20241231-ex211.htm,4,Exhibit-21 found
Enterprise Products Partners LP,1061219,False,,0,"10-K found, but Exhibit-21 missing"
Entrada Therapeutics Inc,1689375,False,,0,"10-K found, but Exhibit-21 missing"
Entravision Communications Corp,1109116,True,https://www.sec.gov/Archives/edgar/data/1109116/000095017025034661/evc-ex21_1.htm,26,Exhibit-21 found
Entrepreneur Universe Bright Group,1171326,True,https://www.sec.gov/Archives/edgar/data/1171326/000101376225004076/ea023491101ex21-1_entrepre.htm,2,Exhibit-21 found
Envela Corp,701719,True,https://www.sec.gov/Archives/edgar/data/701719/000070171925000007/ela-20241231xex21d1.htm,9,Exhibit-21 found
Enveric Biosciences Inc,890821,True,https://www.sec.gov/Archives/edgar/data/890821/000164117225001296/ex21.htm,7,Exhibit-21 found
Enviri Corp,45876,True,https://www.sec.gov/Archives/edgar/data/45876/000004587625000018/nvri-ex21x20241231xxsubsid.htm,108,Exhibit-21 found
Envirotech Vehicles Inc,1563568,False,,0,"10-K found, but Exhibit-21 missing"
Envista Holdings Corp,1757073,True,https://www.sec.gov/Archives/edgar/data/1757073/000175707325000007/nvst-ex2112024significants.htm,6,Exhibit-21 found
Envoy Medical Inc,1840877,True,https://www.sec.gov/Archives/edgar/data/1840877/000101376225004299/ea023532001ex21-1_envoy.htm,1,Exhibit-21 found
Envveno Medical Corp,1661053,False,,0,"10-K found, but Exhibit-21 missing"
ENZO Biochem Inc,320193,False,,0,"10-K found, but Exhibit-21 missing"
Enzon Pharmaceuticals Inc,727510,True,https://www.sec.gov/Archives/edgar/data/727510/000141057825000177/enzn-20241231xex21d1.htm,1,Exhibit-21 found
EON Resources Inc,1842556,False,,0,"10-K found, but Exhibit-21 missing"
Eos Energy Enterprises Inc,1805077,False,,0,"10-K found, but Exhibit-21 missing"
EOS Inc,1883835,False,,0,"10-K found, but Exhibit-21 missing"
EPAM Systems Inc,1352010,False,,0,"10-K found, but Exhibit-21 missing"
Eplus Inc,1022408,True,https://www.sec.gov/Archives/edgar/data/1022408/000114036125020204/ef20047615_ex21.htm,35,Exhibit-21 found
EPR Properties,1045450,False,,0,"10-K found, but Exhibit-21 missing"
Epsilon Energy Ltd,1726126,False,,0,"10-K found, but Exhibit-21 missing"
EQT Corp,33213,True,https://www.sec.gov/Archives/edgar/data/33213/000003321325000011/ex2112312024eqt.htm,62,Exhibit-21 found
Equator Beverage Co,1414953,False,,0,"10-K found, but Exhibit-21 missing"
Equity Bancshares Inc,1227500,True,https://www.sec.gov/Archives/edgar/data/1227500/000095017025035585/eqbk-ex21_1.htm,9,Exhibit-21 found
Equity Commonwealth,895417,False,,0,"10-K found, but Exhibit-21 missing"
Equity Lifestyle Properties Inc,895417,False,,0,"10-K found, but Exhibit-21 missing"
Equity Residential,906107,True,https://www.sec.gov/Archives/edgar/data/906107/000095017025019894/eqr-ex21.htm,484,Exhibit-21 found
Equus Total Return Inc,878932,False,,0,"10-K found, but Exhibit-21 missing"
EQV Ventures Acquisition Corp,2021042,False,,0,"10-K found, but Exhibit-21 missing"
Erasca Inc,1761918,False,,0,"10-K found, but Exhibit-21 missing"
ERIE Indemnity Co,922621,False,,0,"10-K found, but Exhibit-21 missing"
ESAB Corp,1877322,False,,0,"10-K found, but Exhibit-21 missing"
Escalade Inc,33488,False,,0,"10-K found, but Exhibit-21 missing"
ESCO Technologies Inc,866706,True,https://www.sec.gov/Archives/edgar/data/866706/000110465925117276/ese-20250930xex21.htm,16,Exhibit-21 found
ESG Inc,1883835,False,,0,"10-K found, but Exhibit-21 missing"
ESH Acquisition Corp,1918661,False,,0,"10-K found, but Exhibit-21 missing"
Esperion Therapeutics Inc,1434868,False,,0,"10-K found, but Exhibit-21 missing"
Espey MFG & Electronics Corp,33533,False,,0,"10-K found, but Exhibit-21 missing"
Esports Entertainment Group Inc,1451448,True,https://www.sec.gov/Archives/edgar/data/1451448/000149315223037224/ex21-1.htm,1,Exhibit-21 found
ESS Tech Inc,1819438,False,,0,"10-K found, but Exhibit-21 missing"
ESSA Pharma Inc,320193,False,,0,"10-K found, but Exhibit-21 missing"
Essent Group Ltd,1448893,True,https://www.sec.gov/Archives/edgar/data/1448893/000144889325000009/a123124ex211.htm,38,Exhibit-21 found
Essential Utilities Inc,78128,True,https://www.sec.gov/Archives/edgar/data/78128/000156276225000036/wtrg-20241231xex21_1.htm,16,Exhibit-21 found
Essex Property Trust Inc,920522,True,https://www.sec.gov/Archives/edgar/data/920522/000092052225000024/ess-123124xex211.htm,116,Exhibit-21 found
Estee Lauder Companies Inc,1001250,False,,0,"10-K found, but Exhibit-21 missing"
Estrella Immunopharma Inc,1844417,False,,0,"10-K found, but Exhibit-21 missing"
Eterna Therapeutics Inc,34956,False,,0,"10-K found, but Exhibit-21 missing"
Ethan Allen Interiors Inc,896156,False,,0,"10-K found, but Exhibit-21 missing"
Eton Pharmaceuticals Inc,1710340,False,,0,"10-K found, but Exhibit-21 missing"
ETSY Inc,1370637,True,https://www.sec.gov/Archives/edgar/data/1370637/000137063725000017/ex21112312024.htm,1,Exhibit-21 found
Eureka Acquisition Corp,2000410,False,,0,"10-K found, but Exhibit-21 missing"
Euronet Worldwide Inc,1029199,True,https://www.sec.gov/Archives/edgar/data/1029199/000121390025017068/ex211_2.htm,47,Exhibit-21 found
European Wax Center Inc,1856236,True,https://www.sec.gov/Archives/edgar/data/1856236/000095017025037202/ewcz-ex21_1.htm,24,Exhibit-21 found
Eva Live Inc,1983736,False,,0,"10-K found, but Exhibit-21 missing"
Evans Bancorp Inc,1295401,False,,0,"10-K found, but Exhibit-21 missing"
Eve Holding Inc,1823652,False,,0,"10-K found, but Exhibit-21 missing"
Eventbrite Inc,1475115,False,,0,"10-K found, but Exhibit-21 missing"
Eventiko Inc,1816554,False,,0,"10-K found, but Exhibit-21 missing"
Evercommerce Inc,1853145,True,https://www.sec.gov/Archives/edgar/data/1853145/000185314525000009/ex211evcmlistofsubsidiaries.htm,49,Exhibit-21 found
Evercore Inc,1360901,True,https://www.sec.gov/Archives/edgar/data/1360901/000136090125000005/evr12312024ex211.htm,11,Exhibit-21 found
Everest Consolidator Acquisition Corp,1045810,False,,0,"10-K found, but Exhibit-21 missing"
Evergreen Corp,70858,True,https://www.sec.gov/Archives/edgar/data/70858/000007085825000139/bac-1231202410xkex21.htm,34,Exhibit-21 found
Evergy Inc,1711269,True,https://www.sec.gov/Archives/edgar/data/1711269/000171126925000004/evrg-12312024xex211.htm,5,Exhibit-21 found
Everi Holdings Inc,1823652,False,,0,"10-K found, but Exhibit-21 missing"
Everquote Inc,1640428,True,https://www.sec.gov/Archives/edgar/data/1640428/000095017025026724/ever-ex21_1.htm,1,Exhibit-21 found
Eversource Energy,72741,True,https://www.sec.gov/Archives/edgar/data/72741/000007274125000007/a2024-ex21subsidiariesofth.htm,37,Exhibit-21 found
Everus Construction Group Inc,2015845,True,https://www.sec.gov/Archives/edgar/data/2015845/000201584525000012/a202410-kex211xecgxuse.htm,21,Exhibit-21 found
Everything Blockchain Inc,1730869,False,,0,"10-K found, but Exhibit-21 missing"
Evgo Inc,1821159,True,https://www.sec.gov/Archives/edgar/data/1821159/000155837025002400/evgo-20241231xex21d1.htm,10,Exhibit-21 found
EVI Industries Inc,65312,True,https://www.sec.gov/Archives/edgar/data/65312/000207709625000107/ea025500101ex21_eviindus.htm,28,Exhibit-21 found
Evoair Holdings Inc,1700844,False,,0,"10-K found, but Exhibit-21 missing"
Evofem Biosciences Inc,1618835,True,https://www.sec.gov/Archives/edgar/data/1618835/000164117225000188/ex21-1.htm,3,Exhibit-21 found
Evoke Pharma Inc,1403708,False,,0,"10-K found, but Exhibit-21 missing"
Evolent Health Inc,1628908,False,,0,"10-K found, but Exhibit-21 missing"
Evolus Inc,1570562,False,,0,"10-K found, but Exhibit-21 missing"
Evolution Petroleum Corp,1006655,True,https://www.sec.gov/Archives/edgar/data/1006655/000110465925090839/epm-20250630xex21d1.htm,10,Exhibit-21 found
Evolv Technologies Holdings Inc,1805385,False,,0,"10-K found, but Exhibit-21 missing"
Evome Medical Technologies Inc,1404593,False,,0,"10-K found, but Exhibit-21 missing"
EWSB Bancorp Inc,1295401,False,,0,"10-K found, but Exhibit-21 missing"
Exact Sciences Corp,1124140,False,,0,"10-K found, but Exhibit-21 missing"
Exagen Inc,1274737,False,,0,"10-K found, but Exhibit-21 missing"
Excelerate Energy Inc,1888447,True,https://www.sec.gov/Archives/edgar/data/1888447/000095017025029147/ee-ex21_1.htm,35,Exhibit-21 found
Exela Technologies Inc,1571996,False,,0,"10-K found, but Exhibit-21 missing"
Exelixis Inc,939767,True,https://www.sec.gov/Archives/edgar/data/939767/000093976725000019/exel2024ex211subsidiarieso.htm,3,Exhibit-21 found
Exelon Corp,1109357,False,,0,"10-K found, but Exhibit-21 missing"
Exicure Inc,1698530,False,,0,"10-K found, but Exhibit-21 missing"
Exlservice Holdings Inc,1297989,True,https://www.sec.gov/Archives/edgar/data/1297989/000129798925000002/exls-ex211x12312024x10xk.htm,21,Exhibit-21 found
Exodus Movement Inc,1821534,False,,0,"10-K found, but Exhibit-21 missing"
Expand Energy Corp,895126,False,,0,"10-K found, but Exhibit-21 missing"
Expedia Group Inc,1324424,True,https://www.sec.gov/Archives/edgar/data/1324424/000132442425000008/q42024ex-21.htm,10,Exhibit-21 found
Expeditors International OF Washington Inc,746515,True,https://www.sec.gov/Archives/edgar/data/746515/000095017025024750/expd-ex21_1.htm,29,Exhibit-21 found
Expensify Inc,1476840,False,,0,"10-K found, but Exhibit-21 missing"
Expion360 Inc,1894954,False,,0,"10-K found, but Exhibit-21 missing"
Exponent Inc,851520,True,https://www.sec.gov/Archives/edgar/data/851520/000095017025030001/expo-ex21_1.htm,5,Exhibit-21 found
Express Inc,799233,False,,0,"10-K found, but Exhibit-21 missing"
Expro Group Holdings NV,1575828,False,,0,"10-K found, but Exhibit-21 missing"
Extreme Networks Inc,1078271,True,https://www.sec.gov/Archives/edgar/data/1078271/000095017025109742/extr-ex21_1.htm,22,Exhibit-21 found
Exxon Mobil Corp,34088,False,,0,"10-K found, but Exhibit-21 missing"
Eyenovia Inc,1326801,False,,0,"10-K found, but Exhibit-21 missing"
Eyepoint Pharmaceuticals Inc,1314102,True,https://www.sec.gov/Archives/edgar/data/1314102/000095017025034601/eypt-ex21_1.htm,2,Exhibit-21 found
Ezagoo Ltd,1752372,False,,0,"10-K found, but Exhibit-21 missing"
Ezcorp Inc,876523,True,https://www.sec.gov/Archives/edgar/data/876523/000087652325000094/a2025-q410xkex211listofsub.htm,45,Exhibit-21 found
Ezfill Holdings Inc,1786352,True,https://www.sec.gov/Archives/edgar/data/1786352/000178635225000037/bill-20250630xex211.htm,20,Exhibit-21 found
F&G Annuities & Life Inc,1934850,False,,0,"10-K found, but Exhibit-21 missing"
F&M BANK Corp,740806,True,https://www.sec.gov/Archives/edgar/data/740806/000165495425003506/fmbm_ex211.htm,3,Exhibit-21 found
Fabrinet,1408710,False,,0,"10-K found, but Exhibit-21 missing"
FACT II Acquisition Corp,2028935,False,,0,"10-K found, but Exhibit-21 missing"
Factset Research Systems Inc,1013237,False,,0,"10-K found, but Exhibit-21 missing"
FAIR Isaac Corp,814547,True,https://www.sec.gov/Archives/edgar/data/814547/000081454725000030/ex-21110xk2025xsubsidiarie.htm,23,Exhibit-21 found
Falcon S Beyond Global Inc,1937987,False,,0,"10-K found, but Exhibit-21 missing"
Faraday Future Intelligent Electric Inc,1805521,True,https://www.sec.gov/Archives/edgar/data/1805521/000162828025015548/ex211_ffiesubs.htm,30,Exhibit-21 found
Farmer Brothers Co,34563,False,,0,"10-K found, but Exhibit-21 missing"
Farmers & Merchants Bancorp,1085913,False,,0,"10-K found, but Exhibit-21 missing"
Farmers & Merchants Bancorp Inc,792966,True,https://www.sec.gov/Archives/edgar/data/792966/000095017025027602/fmao-ex21.htm,3,Exhibit-21 found
Farmers & Merchants Bancshares Inc,1698022,False,,0,"10-K found, but Exhibit-21 missing"
Farmers National BANC Corp,709337,True,https://www.sec.gov/Archives/edgar/data/709337/000095017025034480/fmnb-ex21.htm,8,Exhibit-21 found
Farmhouse Inc /Nv,1811999,False,,0,"10-K found, but Exhibit-21 missing"
FARO Technologies Inc,1736946,True,https://www.sec.gov/Archives/edgar/data/1736946/000173694625000014/arlo202410-kxex211.htm,2,Exhibit-21 found
Fastly Inc,1517413,False,,0,"10-K found, but Exhibit-21 missing"
Fat Brands Inc,1705012,True,https://www.sec.gov/Archives/edgar/data/1705012/000162828025009125/a2024form10-kex211.htm,43,Exhibit-21 found
Fathom Holdings Inc,1753162,False,,0,"10-K found, but Exhibit-21 missing"
FB Bancorp Inc,1295401,False,,0,"10-K found, but Exhibit-21 missing"
FB Financial Corp,1649749,True,https://www.sec.gov/Archives/edgar/data/1649749/000164974925000035/a4q24ex-21.htm,6,Exhibit-21 found
Federal Agricultural Mortgage Corp,845877,False,,0,"10-K found, but Exhibit-21 missing"
Federal HOME LOAN Mortgage Corp,1026214,False,,0,"10-K found, but Exhibit-21 missing"
Federal Realty Investment Trust,34903,True,https://www.sec.gov/Archives/edgar/data/34903/000003490325000016/frt-12312024xex211.htm,102,Exhibit-21 found
Federated Hermes Inc,1056288,False,,0,"10-K found, but Exhibit-21 missing"
Fedex Corp,1048911,False,,0,"10-K found, but Exhibit-21 missing"
Femasys Inc,1339005,False,,0,"10-K found, but Exhibit-21 missing"
Fennec Pharmaceuticals Inc,1211583,False,,0,"10-K found, but Exhibit-21 missing"
Ferguson Enterprises Inc,2011641,False,,0,"10-K found, but Exhibit-21 missing"
Fibrogen Inc,921299,False,,0,"10-K found, but Exhibit-21 missing"
Fidelity D & D Bancorp Inc,1098151,False,,0,"10-K found, but Exhibit-21 missing"
Fidelity National Financial Inc,1331875,False,,0,"10-K found, but Exhibit-21 missing"
Fidelity National Information Services Inc,1136893,False,,0,"10-K found, but Exhibit-21 missing"
Fifth District Bancorp Inc,2012726,True,https://www.sec.gov/Archives/edgar/data/2012726/000155837025003713/fdsb-20241231xex21.htm,1,Exhibit-21 found
Fifth Third Bancorp,35527,False,,0,"10-K found, but Exhibit-21 missing"
FIGS Inc,1846576,False,,0,"10-K found, but Exhibit-21 missing"
Finance Of America Companies Inc,1828937,False,,0,"10-K found, but Exhibit-21 missing"
Financial Institutions Inc,862831,True,https://www.sec.gov/Archives/edgar/data/862831/000095017025037918/fisi-ex21.htm,7,Exhibit-21 found
Finch Therapeutics Group Inc,1733257,True,https://www.sec.gov/Archives/edgar/data/1733257/000095017024035952/fnch-ex21_1.htm,3,Exhibit-21 found
Fingermotion Inc,1602409,True,https://www.sec.gov/Archives/edgar/data/1602409/000152013825000162/fngr-20250228_10kex21z1.htm,8,Exhibit-21 found
Finnovate Acquisition Corp,1998781,False,,0,"10-K found, but Exhibit-21 missing"
Fintech Scion Ltd,47710,False,,0,No 10-K found
Finward Bancorp,919864,False,,0,"10-K found, but Exhibit-21 missing"
Finwise Bancorp,1856365,False,,0,"10-K found, but Exhibit-21 missing"
Firefly Neuroscience Inc,803578,False,,0,"10-K found, but Exhibit-21 missing"
First Advantage Corp,1210677,True,https://www.sec.gov/Archives/edgar/data/1210677/000095017025029067/fa-ex21_1.htm,54,Exhibit-21 found
First Bancorp,1057706,False,,0,"10-K found, but Exhibit-21 missing"
First Bancorp Inc,811589,True,https://www.sec.gov/Archives/edgar/data/811589/000081158925000008/fbnc2024-12ex21subsidiaries.htm,5,Exhibit-21 found
First Bancshares Inc,700565,True,https://www.sec.gov/Archives/edgar/data/700565/000095017025029793/fmbh-ex21_1.htm,6,Exhibit-21 found
First Busey Corp,314489,True,https://www.sec.gov/Archives/edgar/data/314489/000031448925000041/buse-20241231xex211.htm,54,Exhibit-21 found
First Business Financial Services Inc,1521951,True,https://www.sec.gov/Archives/edgar/data/1521951/000095017025027715/fbiz-ex21.htm,6,Exhibit-21 found
First Capital Inc,1070296,False,,0,"10-K found, but Exhibit-21 missing"
First Citizens Bancshares Inc,798941,False,,0,"10-K found, but Exhibit-21 missing"
First Community Bankshares Inc,859070,False,,0,"10-K found, but Exhibit-21 missing"
First Community Corp,932781,True,https://www.sec.gov/Archives/edgar/data/932781/000155278125000082/e25084_ex21-1.htm,1,Exhibit-21 found
First Financial Bancorp,708955,False,,0,"10-K found, but Exhibit-21 missing"
First Financial Corp,1472787,True,https://www.sec.gov/Archives/edgar/data/1472787/000095017025024488/faf-ex21.htm,22,Exhibit-21 found
First Financial Northwest Inc,320193,False,,0,"10-K found, but Exhibit-21 missing"
First Foundation Inc,1413837,True,https://www.sec.gov/Archives/edgar/data/1413837/000155837025003129/ffwm-20241231xex21d1.htm,1,Exhibit-21 found
First Guaranty Bancshares Inc,1408534,False,,0,"10-K found, but Exhibit-21 missing"
First Hawaiian Inc,36377,True,https://www.sec.gov/Archives/edgar/data/36377/000155837025001943/fhb-20241231xex21d1.htm,2,Exhibit-21 found
First Horizon Corp,36966,False,,0,"10-K found, but Exhibit-21 missing"
First Industrial Realty Trust Inc,921825,True,https://www.sec.gov/Archives/edgar/data/921825/000092182525000019/fr-20241231xex211.htm,182,Exhibit-21 found
First Internet Bancorp,1562463,True,https://www.sec.gov/Archives/edgar/data/1562463/000156246325000022/inbk-4q2024ex211.htm,3,Exhibit-21 found
First Interstate Bancsystem Inc,860413,True,https://www.sec.gov/Archives/edgar/data/860413/000086041325000022/fibk-20241231xex211_subsid.htm,3,Exhibit-21 found
First MID Bancshares Inc,700565,True,https://www.sec.gov/Archives/edgar/data/700565/000095017025029793/fmbh-ex21_1.htm,6,Exhibit-21 found
First Northern Community Bancorp,1114927,True,https://www.sec.gov/Archives/edgar/data/1114927/000114036125007622/ef20038999_ex21-1.htm,1,Exhibit-21 found
First Northwest Bancorp,1556727,False,,0,"10-K found, but Exhibit-21 missing"
First OF LONG Island Corp,1045810,False,,0,"10-K found, but Exhibit-21 missing"
First Savings Financial Group Inc,1435508,True,https://www.sec.gov/Archives/edgar/data/1435508/000141057824002091/fsfg-20240930xex21d0.htm,4,Exhibit-21 found
First Seacoast Bancorp Inc,1943802,True,https://www.sec.gov/Archives/edgar/data/1943802/000095017025042908/fsea-ex21.htm,2,Exhibit-21 found
First Solar Inc,1274494,True,https://www.sec.gov/Archives/edgar/data/1274494/000127449425000010/ex211listofsubsidiaries2024.htm,3,Exhibit-21 found
First United Corp,763907,True,https://www.sec.gov/Archives/edgar/data/763907/000155837025003375/func-20241231xex21.htm,6,Exhibit-21 found
First Watch Restaurant Group Inc,1789940,False,,0,"10-K found, but Exhibit-21 missing"
Firstcash Holdings Inc,840489,False,,0,"10-K found, but Exhibit-21 missing"
Firstenergy Corp,1031296,True,https://www.sec.gov/Archives/edgar/data/1031296/000103129625000006/fe-12312024xex21.htm,11,Exhibit-21 found
Firsthand Technology Value Fund Inc,1495584,False,,0,"10-K found, but Exhibit-21 missing"
Firstsun Capital Bancorp,1709442,False,,0,"10-K found, but Exhibit-21 missing"
Fiscalnote Holdings Inc,1823466,True,https://www.sec.gov/Archives/edgar/data/1823466/000095017025048724/note-ex21_1.htm,13,Exhibit-21 found
Fiserv Inc,798354,True,https://www.sec.gov/Archives/edgar/data/798354/000079835425000047/ex21112312024.htm,9,Exhibit-21 found
FIVE Below Inc,1177609,True,https://www.sec.gov/Archives/edgar/data/1177609/000117760925000009/form2024_fiveex211sublist.htm,3,Exhibit-21 found
Five Point Holdings LLC,1574197,True,https://www.sec.gov/Archives/edgar/data/1574197/000157419725000006/ex-211xfphx123124x10k.htm,20,Exhibit-21 found
FIVE STAR Bancorp,1275168,True,https://www.sec.gov/Archives/edgar/data/1275168/000127516825000038/a202410kex-211.htm,1,Exhibit-21 found
Five9 Inc,1288847,False,,0,"10-K found, but Exhibit-21 missing"
Flag Ship Acquisition Corp,1850059,True,https://www.sec.gov/Archives/edgar/data/1850059/000182912625001450/flagshipacq_ex21.htm,0,Exhibit-21 found
Flanigans Enterprises Inc,12040,False,,0,"10-K found, but Exhibit-21 missing"
FLEX Ltd,866374,False,,0,"10-K found, but Exhibit-21 missing"
Flexshopper Inc,320193,False,,0,"10-K found, but Exhibit-21 missing"
Flexsteel Industries Inc,37472,True,https://www.sec.gov/Archives/edgar/data/37472/000095017025110965/flxs-ex21_1.htm,7,Exhibit-21 found
Floor & Decor Holdings Inc,1507079,False,,0,"10-K found, but Exhibit-21 missing"
Flora Growth Corp,1790169,False,,0,"10-K found, but Exhibit-21 missing"
Flotek Industries Inc,928054,True,https://www.sec.gov/Archives/edgar/data/928054/000092805425000017/ex211subsdiaries-q42024.htm,3,Exhibit-21 found
Flowserve Corp,30625,True,https://www.sec.gov/Archives/edgar/data/30625/000003062525000039/fls1231202410kex211.htm,46,Exhibit-21 found
Fluence Energy Inc,1868941,True,https://www.sec.gov/Archives/edgar/data/1868941/000186894125000081/a2025ex211subsidiariesoffl.htm,7,Exhibit-21 found
Fluent Inc,1460329,False,,0,"10-K found, but Exhibit-21 missing"
Flushing Financial Corp,923139,False,,0,"10-K found, but Exhibit-21 missing"
Flutter Entertainment PLC,1635327,True,https://www.sec.gov/Archives/edgar/data/1635327/000162828025009852/flut-20241231xex211.htm,91,Exhibit-21 found
Flux Power Holdings Inc,1083743,False,,0,"10-K found, but Exhibit-21 missing"
Fly-E Group Inc,1975940,True,https://www.sec.gov/Archives/edgar/data/1975940/000121390025064293/ea024860201ex21-1_fly.htm,29,Exhibit-21 found
Flyexclusive Inc,1843973,False,,0,"10-K found, but Exhibit-21 missing"
Flywheel Advanced Technology Inc,1492617,False,,0,"10-K found, but Exhibit-21 missing"
Flywire Corp,1580560,True,https://www.sec.gov/Archives/edgar/data/1580560/000095017025027078/flyw-ex21_1.htm,13,Exhibit-21 found
FMC Corp,37785,True,https://www.sec.gov/Archives/edgar/data/37785/000003778525000030/fmcex21123124ng.htm,5,Exhibit-21 found
Focus Impact Bh3 Acquisition Co,59478,False,,0,"10-K found, but Exhibit-21 missing"
Focus Universal Inc,1590418,False,,0,"10-K found, but Exhibit-21 missing"
Fonar Corp,355019,False,,0,"10-K found, but Exhibit-21 missing"
FOOT Locker Inc,320193,False,,0,"10-K found, but Exhibit-21 missing"
Forge Global Holdings Inc,1827821,True,https://www.sec.gov/Archives/edgar/data/1827821/000162828025010942/frgeex-211q424.htm,16,Exhibit-21 found
Forian Inc,1829280,True,https://www.sec.gov/Archives/edgar/data/1829280/000114036125013493/ef20039000_ex21.htm,6,Exhibit-21 found
Formation Minerals Inc,320193,False,,0,"10-K found, but Exhibit-21 missing"
Formfactor Inc,1039399,True,https://www.sec.gov/Archives/edgar/data/1039399/000103939925000023/a10-kxformxex211x2024.htm,4,Exhibit-21 found
Forrester Research Inc,1023313,True,https://www.sec.gov/Archives/edgar/data/1023313/000095017025035158/forr-ex21.htm,4,Exhibit-21 found
Forte Biosciences Inc,1419041,True,https://www.sec.gov/Archives/edgar/data/1419041/000095017025046749/fbrx-ex21_1.htm,2,Exhibit-21 found
Fortinet Inc,1262039,True,https://www.sec.gov/Archives/edgar/data/1262039/000126203925000011/ftnt-ex211_20241231xk.htm,24,Exhibit-21 found
Fortitude Gold Corp,1828377,False,,0,"10-K found, but Exhibit-21 missing"
Fortive Corp,1659166,False,,0,"10-K found, but Exhibit-21 missing"
Fortrea Holdings Inc,1965040,False,,0,"10-K found, but Exhibit-21 missing"
Fortress Biotech Inc,1429260,True,https://www.sec.gov/Archives/edgar/data/1429260/000155837025004160/fbio-20241231xex21d1.htm,11,Exhibit-21 found
Fortune Brands Innovations Inc,1519751,True,https://www.sec.gov/Archives/edgar/data/1519751/000095017025026763/fbin-ex21.htm,14,Exhibit-21 found
Fortune Rise Acquisition Corp,1045810,False,,0,"10-K found, but Exhibit-21 missing"
Fortune Valley Treasures Inc,1626745,True,https://www.sec.gov/Archives/edgar/data/1626745/000149315224014607/ex21-1.htm,25,Exhibit-21 found
Forum Energy Technologies Inc,1401257,False,,0,"10-K found, but Exhibit-21 missing"
Forward AIR Corp,912728,True,https://www.sec.gov/Archives/edgar/data/912728/000162828025014482/fwrdex2112024.htm,65,Exhibit-21 found
Forward Industries Inc,38264,False,,0,"10-K found, but Exhibit-21 missing"
Forza X1 Inc,1326801,False,,0,"10-K found, but Exhibit-21 missing"
Fossil Group Inc,883569,True,https://www.sec.gov/Archives/edgar/data/883569/000088356925000010/fosl-20241228xex211.htm,27,Exhibit-21 found
Foster L B Co,352825,True,https://www.sec.gov/Archives/edgar/data/352825/000035282525000055/a202410kex-21.htm,11,Exhibit-21 found
Four Corners Property Trust Inc,1650132,True,https://www.sec.gov/Archives/edgar/data/1650132/000095017025020029/fcpt-ex21_1.htm,17,Exhibit-21 found
Four Leaf Acquisition Corp,1936255,False,,0,"10-K found, but Exhibit-21 missing"
Fox Corp,1754301,True,https://www.sec.gov/Archives/edgar/data/1754301/000162828025038077/foxa-20250630x10kex21.htm,38,Exhibit-21 found
FOX Factory Holding Corp,1424929,False,,0,"10-K found, but Exhibit-21 missing"
FOXO Technologies Inc,1812360,True,https://www.sec.gov/Archives/edgar/data/1812360/000164117225004858/ex21-1.htm,4,Exhibit-21 found
Foxx Development Holdings Inc,2013807,True,https://www.sec.gov/Archives/edgar/data/2013807/000121390025098953/ea025939501ex21-1_foxx.htm,4,Exhibit-21 found
Fractyl Health Inc,1572616,False,,0,"10-K found, but Exhibit-21 missing"
Franklin BSP Capital Corp,1825248,False,,0,"10-K found, but Exhibit-21 missing"
Franklin BSP Realty Trust Inc,1562528,False,,0,"10-K found, but Exhibit-21 missing"
Franklin Covey Co,886206,True,https://www.sec.gov/Archives/edgar/data/886206/000088620625000085/fc-20250831xex21.htm,11,Exhibit-21 found
Franklin Electric Co Inc,38725,True,https://www.sec.gov/Archives/edgar/data/38725/000003872525000026/a20241231ex21.htm,20,Exhibit-21 found
Franklin Resources Inc,38777,False,,0,"10-K found, but Exhibit-21 missing"
Franklin Street Properties Corp,1031316,True,https://www.sec.gov/Archives/edgar/data/1031316/000155837025000806/fsp-20241231xex21d1.htm,27,Exhibit-21 found
Franklin Templeton Digital Holdings Trust,1992870,False,,0,"10-K found, but Exhibit-21 missing"
Free Flow USA Inc,1543652,False,,0,"10-K found, but Exhibit-21 missing"
Freedom Holding Corp,924805,True,https://www.sec.gov/Archives/edgar/data/924805/000092480525000012/ex2101scheduleofsubsidiari.htm,20,Exhibit-21 found
Freedom Holdings Inc,320193,False,,0,"10-K found, but Exhibit-21 missing"
Freeport-Mcmoran Inc,831259,False,,0,"10-K found, but Exhibit-21 missing"
Freightcar America Inc,1320854,True,https://www.sec.gov/Archives/edgar/data/1320854/000095017025037977/rail-ex21.htm,17,Exhibit-21 found
Frequency Electronics Inc,39020,True,https://www.sec.gov/Archives/edgar/data/39020/000118518525000806/ex21_001.jpg,2,Exhibit-21 found
Fresh DEL Monte Produce Inc,1047340,True,https://www.sec.gov/Archives/edgar/data/1047340/000104734025000009/fdp-122724xex211.htm,2,Exhibit-21 found
Fresh Vine Wine Inc,320193,False,,0,"10-K found, but Exhibit-21 missing"
Fresh2 Group Ltd,1577552,False,,0,No 10-K found
Freshpet Inc,1611647,False,,0,"10-K found, but Exhibit-21 missing"
Freshworks Inc,1544522,True,https://www.sec.gov/Archives/edgar/data/1544522/000154452225000010/ex211-listofsubsidiariesfy.htm,4,Exhibit-21 found
Freyr Battery Inc,320193,False,,0,"10-K found, but Exhibit-21 missing"
Friedman Industries Inc,39092,False,,0,"10-K found, but Exhibit-21 missing"
Frontdoor Inc,1727263,True,https://www.sec.gov/Archives/edgar/data/1727263/000095017025028375/ftdr-ex21.htm,41,Exhibit-21 found
Frontier Communications Parent Inc,20520,True,https://www.sec.gov/Archives/edgar/data/20520/000156276225000028/fybr-20241231xex21.htm,109,Exhibit-21 found
Frontier Group Holdings Inc,1670076,True,https://www.sec.gov/Archives/edgar/data/1670076/000167007625000041/ex211listofsubsidiariesq424.htm,2,Exhibit-21 found
Frontview REIT Inc,1988494,True,https://www.sec.gov/Archives/edgar/data/1988494/000095017025042774/fvr-ex21_1.htm,76,Exhibit-21 found
FS Bancorp Inc,1530249,False,,0,"10-K found, but Exhibit-21 missing"
FS Credit Income Fund,1748680,False,,0,No 10-K found
FS KKR Capital Corp,1422183,False,,0,"10-K found, but Exhibit-21 missing"
FTAC Emerald Acquisition Corp,1045810,False,,0,"10-K found, but Exhibit-21 missing"
FTAI Infrastructure Inc,1899883,False,,0,"10-K found, but Exhibit-21 missing"
FTC Solar Inc,1828161,True,https://www.sec.gov/Archives/edgar/data/1828161/000095017025047224/ftci-ex21_1.htm,5,Exhibit-21 found
FTI Consulting Inc,887936,True,https://www.sec.gov/Archives/edgar/data/887936/000088793625000014/fti-123124x10kex211.htm,55,Exhibit-21 found
Fubotv Inc /Fl,1484769,False,,0,"10-K found, but Exhibit-21 missing"
FUEL TECH Inc,846913,False,,0,"10-K found, but Exhibit-21 missing"
Fulcrum Therapeutics Inc,1680581,False,,0,"10-K found, but Exhibit-21 missing"
Fulgent Genetics Inc,1674930,True,https://www.sec.gov/Archives/edgar/data/1674930/000095017025029512/flgt-ex21_1.htm,5,Exhibit-21 found
FULL House Resorts Inc,891482,True,https://www.sec.gov/Archives/edgar/data/891482/000089148225000009/fll-20241231xex21d1.htm,10,Exhibit-21 found
Fuller H B Co,39368,False,,0,"10-K found, but Exhibit-21 missing"
Fullnet Communications Inc,1092570,True,https://www.sec.gov/Archives/edgar/data/1092570/000137647424000151/fn_ex21.htm,4,Exhibit-21 found
Fulton Financial Corp,700564,True,https://www.sec.gov/Archives/edgar/data/700564/000070056425000014/fult12312024ex211.htm,6,Exhibit-21 found
Fundamental Global Inc,320193,False,,0,"10-K found, but Exhibit-21 missing"
Funko Inc,1704711,True,https://www.sec.gov/Archives/edgar/data/1704711/000170471125000031/ex-2112024.htm,10,Exhibit-21 found
Fuss Brands Corp,926844,False,,0,"10-K found, but Exhibit-21 missing"
Future Fintech Group Inc,1066923,True,https://www.sec.gov/Archives/edgar/data/1066923/000121390025032096/ea023730601ex21-1_future.htm,8,Exhibit-21 found
Future Vision II Acquisition Corp,2010653,False,,0,"10-K found, but Exhibit-21 missing"
Futurefuel Corp,1337298,False,,0,"10-K found, but Exhibit-21 missing"
Futuretech II Acquisition Corp,1889450,True,https://www.sec.gov/Archives/edgar/data/1889450/000164117225003384/ex21-1.htm,1,Exhibit-21 found
Gabelli Multimedia Trust Inc,921671,False,,0,No 10-K found
GAIA Inc,1089872,True,https://www.sec.gov/Archives/edgar/data/1089872/000095017025036287/gaia-ex21_1.htm,5,Exhibit-21 found
Gain Therapeutics Inc,1819411,True,https://www.sec.gov/Archives/edgar/data/1819411/000155837025003823/ganx-20241231xex21d1.htm,2,Exhibit-21 found
Galaxy Enterprises Inc,1871890,False,,0,"10-K found, but Exhibit-21 missing"
Galaxy Gaming Inc,13156,False,,0,"10-K found, but Exhibit-21 missing"
Galaxy NEXT Generation Inc,320193,False,,0,"10-K found, but Exhibit-21 missing"
Galectin Therapeutics Inc,1133416,True,https://www.sec.gov/Archives/edgar/data/1133416/000114036125011169/ef20039001_ex21-1.htm,2,Exhibit-21 found
Galecto Inc,1800315,False,,0,"10-K found, but Exhibit-21 missing"
Galera Therapeutics Inc,1563577,True,https://www.sec.gov/Archives/edgar/data/1563577/000095017025047798/grtx-ex21_1.htm,2,Exhibit-21 found
Gamer Pakistan Inc,320193,False,,0,"10-K found, but Exhibit-21 missing"
Gamesquare Holdings Inc,1714562,True,https://www.sec.gov/Archives/edgar/data/1714562/000164117225004869/ex21.htm,18,Exhibit-21 found
Gamestop Corp,1326380,False,,0,"10-K found, but Exhibit-21 missing"
Gaming & Leisure Properties Inc,1575965,False,,0,"10-K found, but Exhibit-21 missing"
GAP Inc,39911,False,,0,"10-K found, but Exhibit-21 missing"
Garmin Ltd,1121788,True,https://www.sec.gov/Archives/edgar/data/1121788/000095017025022760/grmn-ex21_1.htm,28,Exhibit-21 found
Garrett Motion Inc,1735707,False,,0,"10-K found, but Exhibit-21 missing"
Gates Industrial Corp PLC,1718512,False,,0,"10-K found, but Exhibit-21 missing"
Gatos Silver Inc,320193,False,,0,"10-K found, but Exhibit-21 missing"
GATX Corp,40211,False,,0,"10-K found, but Exhibit-21 missing"
gaxos.ai Inc,1895618,True,https://www.sec.gov/Archives/edgar/data/1895618/000101376225004271/ea023466801ex21-1_gaxosai.htm,1,Exhibit-21 found
GB Sciences Inc,1510964,True,https://www.sec.gov/Archives/edgar/data/1510964/000095017025046180/cvsi-ex21_1.htm,2,Exhibit-21 found
GBT Technologies Inc,1471781,False,,0,"10-K found, but Exhibit-21 missing"
GCM Grosvenor Inc,1819796,False,,0,"10-K found, but Exhibit-21 missing"
GCT Semiconductor Holding Inc,1851961,False,,0,"10-K found, but Exhibit-21 missing"
GD Culture Group Ltd,1641398,False,,0,"10-K found, but Exhibit-21 missing"
GE Healthcare Technologies Inc,1932393,False,,0,"10-K found, but Exhibit-21 missing"
GE Vernova Inc,1996810,True,https://www.sec.gov/Archives/edgar/data/1996810/000199681025000011/gevform10k2024-ex211.htm,54,Exhibit-21 found
GEE Group Inc,40570,False,,0,"10-K found, but Exhibit-21 missing"
GEN Restaurant Group Inc,1891856,True,https://www.sec.gov/Archives/edgar/data/1891856/000095017025035772/genk-ex21_1.htm,19,Exhibit-21 found
Genco Shipping & Trading Ltd,1326200,True,https://www.sec.gov/Archives/edgar/data/1326200/000155837025001309/gnk-20241231xex21d1.htm,2,Exhibit-21 found
Gencor Industries Inc,64472,True,https://www.sec.gov/Archives/edgar/data/64472/000119312525150836/d877455dex211.htm,3,Exhibit-21 found
Genedx Holdings Corp,1818331,False,,0,"10-K found, but Exhibit-21 missing"
Genelux Corp,1231457,False,,0,"10-K found, but Exhibit-21 missing"
General Electric Co,40545,True,https://www.sec.gov/Archives/edgar/data/40545/000004054525000015/ex21subsidiariesofregistra.htm,47,Exhibit-21 found
General Enterprise Ventures Inc,894556,True,https://www.sec.gov/Archives/edgar/data/894556/000164033425000558/gevi_ex211.htm,3,Exhibit-21 found
General Mills Inc,40704,True,https://www.sec.gov/Archives/edgar/data/40704/000119312525147079/d938443dex211.htm,17,Exhibit-21 found
General Motors Co,1467858,True,https://www.sec.gov/Archives/edgar/data/1467858/000146785825000032/ex-21xsignificantsubsidiar.htm,112,Exhibit-21 found
Generation Bio Co,1733294,True,https://www.sec.gov/Archives/edgar/data/1733294/000155837025002907/gbio-20241231xex21d1.htm,0,Exhibit-21 found
Generation Income Properties Inc,1651721,True,https://www.sec.gov/Archives/edgar/data/1651721/000095017025046959/gipr-ex21_1.htm,33,Exhibit-21 found
Generations Bancorp NY Inc,1823365,False,,0,"10-K found, but Exhibit-21 missing"
Genesco Inc,18498,True,https://www.sec.gov/Archives/edgar/data/18498/000095017025044864/gco-ex21.htm,8,Exhibit-21 found
Genesis Energy LP,1022321,True,https://www.sec.gov/Archives/edgar/data/1022321/000102232125000023/a110_annualxex211xgel12312.htm,60,Exhibit-21 found
Genflat Holdings Inc,1796949,False,,0,"10-K found, but Exhibit-21 missing"
Genie Energy Ltd,1528356,True,https://www.sec.gov/Archives/edgar/data/1528356/000121390025024009/ex211_3.htm,96,Exhibit-21 found
Genpact Ltd,1398659,False,,0,"10-K found, but Exhibit-21 missing"
Gentex Corp,355811,True,https://www.sec.gov/Archives/edgar/data/355811/000035581125000009/gntx12312024-ex21.htm,12,Exhibit-21 found
Gentherm Inc,903129,True,https://www.sec.gov/Archives/edgar/data/903129/000095017025023344/thrm-ex21.htm,18,Exhibit-21 found
Genuine Parts Co,40987,False,,0,"10-K found, but Exhibit-21 missing"
Genworth Financial Inc,1276520,True,https://www.sec.gov/Archives/edgar/data/1276520/000119312525041860/d869080dex21.htm,28,Exhibit-21 found
GEO Group Inc,923796,True,https://www.sec.gov/Archives/edgar/data/923796/000095017025029972/geo-ex21_1.htm,14,Exhibit-21 found
Georgia Power Co,41091,True,https://www.sec.gov/Archives/edgar/data/41091/000009212225000018/ex21-aq42024xsubsidiarieso.htm,119,Exhibit-21 found
Geosolar Technologies Inc,1039280,True,https://www.sec.gov/Archives/edgar/data/1039280/000149315225015950/ex21-1.htm,9,Exhibit-21 found
Geospace Technologies Corp,1001115,False,,0,"10-K found, but Exhibit-21 missing"
German American Bancorp Inc,714395,False,,0,"10-K found, but Exhibit-21 missing"
Getaround Inc,1067983,True,https://www.sec.gov/Archives/edgar/data/1067983/000095017025025210/brka-ex21.htm,219,Exhibit-21 found
Getty Images Holdings Inc,1898496,False,,0,"10-K found, but Exhibit-21 missing"
Gevo Inc,1392380,True,https://www.sec.gov/Archives/edgar/data/1392380/000139238025000011/gevo-20241231xex21d1.htm,16,Exhibit-21 found
GEX Management Inc,1681556,False,,0,"10-K found, but Exhibit-21 missing"
GHST World Inc,1121795,False,,0,"10-K found, but Exhibit-21 missing"
Gibraltar Industries Inc,912562,False,,0,"10-K found, but Exhibit-21 missing"
Giftify Inc,1760233,True,https://www.sec.gov/Archives/edgar/data/1760233/000164117225001500/ex21.htm,2,Exhibit-21 found
Gigacloud Technology Inc,1857816,False,,0,"10-K found, but Exhibit-21 missing"
Gigcapital7 Corp,2023730,False,,0,"10-K found, but Exhibit-21 missing"
Gilead Sciences Inc,882095,False,,0,"10-K found, but Exhibit-21 missing"
Ginkgo Bioworks Holdings Inc,1830214,True,https://www.sec.gov/Archives/edgar/data/1830214/000162828025007819/dna-20241231xex211.htm,4,Exhibit-21 found
Gitlab Inc,1653482,False,,0,"10-K found, but Exhibit-21 missing"
Glacier Bancorp Inc,868671,False,,0,"10-K found, but Exhibit-21 missing"
Gladstone Commercial Corp,1234006,True,https://www.sec.gov/Archives/edgar/data/1234006/000123400625000003/ex2112312024.htm,138,Exhibit-21 found
Gladstone Investment Corporation DE,1321741,False,,0,"10-K found, but Exhibit-21 missing"
Gladstone LAND Corp,1495240,True,https://www.sec.gov/Archives/edgar/data/1495240/000149524025000005/ex21_123124.htm,63,Exhibit-21 found
Glassbridge Enterprises Inc,320193,False,,0,"10-K found, but Exhibit-21 missing"
GLEN Burnie Bancorp,890066,False,,0,"10-K found, but Exhibit-21 missing"
Glimpse Group Inc,1854445,True,https://www.sec.gov/Archives/edgar/data/1854445/000149315225016073/ex21-1.htm,6,Exhibit-21 found
Global Acquisitions Corp,1045810,False,,0,"10-K found, but Exhibit-21 missing"
Global Blockchain Acquisition Corp,1045810,False,,0,"10-K found, but Exhibit-21 missing"
Global Business Travel Group Inc,1820872,False,,0,"10-K found, but Exhibit-21 missing"
Global Clean Energy Holdings Inc,1839530,True,https://www.sec.gov/Archives/edgar/data/1839530/000155837025003247/xbp-20241231xex21d1.htm,7,Exhibit-21 found
Global Crossing Airlines Group Inc,1846084,True,https://www.sec.gov/Archives/edgar/data/1846084/000095017025034279/jetmf-ex21_1.htm,7,Exhibit-21 found
Global Digital Solutions Inc,1901440,False,,0,"10-K found, but Exhibit-21 missing"
Global Gas Corp,1817232,False,,0,"10-K found, but Exhibit-21 missing"
Global Indemnity Group LLC,1494904,True,https://www.sec.gov/Archives/edgar/data/1494904/000095017025037300/gbli-ex21_1.htm,15,Exhibit-21 found
Global Industrial Co,945114,True,https://www.sec.gov/Archives/edgar/data/945114/000094511425000012/ex-2112312024.htm,11,Exhibit-21 found
Global Lights Acquisition Corp,1045810,False,,0,"10-K found, but Exhibit-21 missing"
Global Medical REIT Inc,1533615,True,https://www.sec.gov/Archives/edgar/data/1533615/000155837025001938/gmre-20241231xex21.htm,179,Exhibit-21 found
Global Net Lease Inc,1526113,True,https://www.sec.gov/Archives/edgar/data/1526113/000152611325000007/ex211subsidiarylisting1231.htm,779,Exhibit-21 found
Global Partners LP,1323468,True,https://www.sec.gov/Archives/edgar/data/1323468/000155837025001925/glp-20241231xex21d1.htm,11,Exhibit-21 found
Global Payments Inc,1123360,True,https://www.sec.gov/Archives/edgar/data/1123360/000112336025000011/ex211listofsubsidiaries123.htm,17,Exhibit-21 found
Global Self Storage Inc,1031235,True,https://www.sec.gov/Archives/edgar/data/1031235/000095017025045186/self-ex21_1.htm,17,Exhibit-21 found
Global Star Acquisition Inc,320193,False,,0,"10-K found, but Exhibit-21 missing"
Global TECH Industries Group Inc,356590,False,,0,"10-K found, but Exhibit-21 missing"
Global Technologies Ltd,932021,False,,0,"10-K found, but Exhibit-21 missing"
Global Water Resources Inc,1434728,True,https://www.sec.gov/Archives/edgar/data/1434728/000143472825000079/ex2112024q4-2024.htm,13,Exhibit-21 found
Globalink Investment Inc,1888734,False,,0,"10-K found, but Exhibit-21 missing"
Globalstar Inc,1366868,False,,0,"10-K found, but Exhibit-21 missing"
Globe LIFE Inc,320335,False,,0,"10-K found, but Exhibit-21 missing"
Globestar Therapeutics Corp,1045810,False,,0,"10-K found, but Exhibit-21 missing"
Globus Medical Inc,1237831,True,https://www.sec.gov/Archives/edgar/data/1237831/000156276225000026/gmed-20241231xex21_1.htm,10,Exhibit-21 found
Glucotrack Inc,1506983,True,https://www.sec.gov/Archives/edgar/data/1506983/000164117225001861/ex21-1.htm,1,Exhibit-21 found
GMS Inc,1049502,True,https://www.sec.gov/Archives/edgar/data/1049502/000095017025026433/mksi-ex21_1.htm,43,Exhibit-21 found
Gmtech Inc,2000762,False,,0,"10-K found, but Exhibit-21 missing"
Goal Acquisitions Corp,1915328,False,,0,"10-K found, but Exhibit-21 missing"
Gogo Inc,1537054,True,https://www.sec.gov/Archives/edgar/data/1537054/000095017025039384/gogo-ex21_1.htm,20,Exhibit-21 found
Gohealth Inc,1808220,True,https://www.sec.gov/Archives/edgar/data/1808220/000180822025000010/goco-20241231xex211xform10.htm,8,Exhibit-21 found
Gold Flora Corp,70858,True,https://www.sec.gov/Archives/edgar/data/70858/000007085825000139/bac-1231202410xkex21.htm,34,Exhibit-21 found
GOLD Resource Corp,1160791,True,https://www.sec.gov/Archives/edgar/data/1160791/000155837025004602/goro-20241231xex21.htm,0,Exhibit-21 found
GOLD ROCK Holdings Inc,894501,False,,0,"10-K found, but Exhibit-21 missing"
Golden Growers Cooperative,1489874,False,,0,"10-K found, but Exhibit-21 missing"
Golden Matrix Group Inc,1437925,True,https://www.sec.gov/Archives/edgar/data/1437925/000147793225001897/gmgi_ex211.htm,13,Exhibit-21 found
Golden Minerals Co,1011509,True,https://www.sec.gov/Archives/edgar/data/1011509/000155837025004847/aumn-20241231xex21d1.htm,2,Exhibit-21 found
Golden Star Acquisition Corp,1998781,False,,0,"10-K found, but Exhibit-21 missing"
Goldenstone Acquisition Ltd,1858007,False,,0,"10-K found, but Exhibit-21 missing"
Goldenwell Biotech Inc,1800373,False,,0,"10-K found, but Exhibit-21 missing"
Goldman Sachs BDC Inc,1572694,False,,0,"10-K found, but Exhibit-21 missing"
Goldman Sachs Group Inc,886982,False,,0,"10-K found, but Exhibit-21 missing"
Goldman Sachs Physical Gold ETF,1708646,False,,0,"10-K found, but Exhibit-21 missing"
Golub Capital BDC Inc,1476765,False,,0,"10-K found, but Exhibit-21 missing"
GOOD Gaming Inc,1454742,False,,0,"10-K found, but Exhibit-21 missing"
Good Times Restaurants Inc,825324,True,https://www.sec.gov/Archives/edgar/data/825324/000121465924020434/ex21_1.htm,21,Exhibit-21 found
Goodrx Holdings Inc,1809519,True,https://www.sec.gov/Archives/edgar/data/1809519/000180951925000040/gdrx-20241231xex211.htm,12,Exhibit-21 found
Goodyear TIRE & Rubber Co,42582,True,https://www.sec.gov/Archives/edgar/data/42582/000095017025020763/gt-ex21_1.htm,60,Exhibit-21 found
Gopro Inc,1500435,False,,0,"10-K found, but Exhibit-21 missing"
Gorman RUPP Co,42682,False,,0,"10-K found, but Exhibit-21 missing"
Gouverneur Bancorp Inc,1978811,True,https://www.sec.gov/Archives/edgar/data/1978811/000155837024016433/tmb-20240930xex21d0.htm,1,Exhibit-21 found
GP-Act III Acquisition Corp,1834526,False,,0,"10-K found, but Exhibit-21 missing"
GPO Plus Inc,1673475,False,,0,"10-K found, but Exhibit-21 missing"
Grace Therapeutics Inc,1444192,True,https://www.sec.gov/Archives/edgar/data/1444192/000114036125023259/ef20047573_ex21-1.htm,1,Exhibit-21 found
Graco Inc,42888,False,,0,"10-K found, but Exhibit-21 missing"
Graf Global Corp,1897463,False,,0,"10-K found, but Exhibit-21 missing"
Graftech International Ltd,931148,True,https://www.sec.gov/Archives/edgar/data/931148/000093114825000028/a2024-ex211listofsubsidiar.htm,13,Exhibit-21 found
Graham Corp,716314,True,https://www.sec.gov/Archives/edgar/data/716314/000095017025083450/ghm-ex21_1.htm,3,Exhibit-21 found
Grail Inc,1699031,False,,0,"10-K found, but Exhibit-21 missing"
GRAN Tierra Energy Inc,1273441,True,https://www.sec.gov/Archives/edgar/data/1273441/000127344125000002/gte-20241231xex211.htm,6,Exhibit-21 found
Granite Construction Inc,861459,False,,0,"10-K found, but Exhibit-21 missing"
Granite Point Mortgage Trust Inc,1703644,False,,0,"10-K found, but Exhibit-21 missing"
Granite Ridge Resources Inc,1928446,False,,0,"10-K found, but Exhibit-21 missing"
Graphene & Solar Technologies Ltd,1497649,False,,0,"10-K found, but Exhibit-21 missing"
Graphic Packaging Holding Co,1408075,False,,0,"10-K found, but Exhibit-21 missing"
Graphjet Technology,1879373,False,,0,"10-K found, but Exhibit-21 missing"
GRAY Television Inc,320193,False,,0,"10-K found, but Exhibit-21 missing"
Grayscale Bitcoin Trust ETF,1588489,False,,0,"10-K found, but Exhibit-21 missing"
Grayscale Ethereum Trust ETF,1725210,False,,0,"10-K found, but Exhibit-21 missing"
Great Elm Capital Corp,1675033,True,https://www.sec.gov/Archives/edgar/data/1675033/000095017025036517/gecc-ex21_1.htm,1,Exhibit-21 found
Green DOT Corp,1386278,False,,0,"10-K found, but Exhibit-21 missing"
Green Giant Inc,320193,False,,0,"10-K found, but Exhibit-21 missing"
Green Plains Inc,1309402,True,https://www.sec.gov/Archives/edgar/data/1309402/000130940225000008/ex211-12312024.htm,24,Exhibit-21 found
Green Thumb Industries Inc,1795139,True,https://www.sec.gov/Archives/edgar/data/1795139/000095017025028273/gtbif-ex21_1.htm,28,Exhibit-21 found
Greenbrier Companies Inc,923120,True,https://www.sec.gov/Archives/edgar/data/923120/000119312525253612/gbx-ex21_1.htm,29,Exhibit-21 found
Greenbrook TMS Inc,320193,False,,0,"10-K found, but Exhibit-21 missing"
Greenidge Generation Holdings Inc,1844971,True,https://www.sec.gov/Archives/edgar/data/1844971/000162828025015543/gree-20241231xex211listofs.htm,25,Exhibit-21 found
Greenland Technologies Holding Corp,1735041,False,,0,"10-K found, but Exhibit-21 missing"
Greenlane Holdings Inc,1743745,True,https://www.sec.gov/Archives/edgar/data/1743745/000149315225011057/ex21-1.htm,17,Exhibit-21 found
Greenlight Capital RE Ltd,1385613,False,,0,"10-K found, but Exhibit-21 missing"
Greenpro Capital Corp,1597846,False,,0,"10-K found, but Exhibit-21 missing"
Greenwave Technology Solutions Inc,1589149,True,https://www.sec.gov/Archives/edgar/data/1589149/000164117225004803/ex21-1.htm,5,Exhibit-21 found
Greenway Technologies Inc,1572386,False,,0,"10-K found, but Exhibit-21 missing"
Greenwich Lifesciences Inc,1799788,False,,0,"10-K found, but Exhibit-21 missing"
Greif Inc,43920,True,https://www.sec.gov/Archives/edgar/data/43920/000004392024000056/gef2024q410-kex21.htm,29,Exhibit-21 found
Gresham Worldwide Inc,320193,False,,0,"10-K found, but Exhibit-21 missing"
Greystone Housing Impact Investors LP,1059142,True,https://www.sec.gov/Archives/edgar/data/1059142/000095017025023761/ghi-ex21.htm,11,Exhibit-21 found
Greystone Logistics Inc,1088413,False,,0,"10-K found, but Exhibit-21 missing"
GRI Bio Inc,1824293,False,,0,"10-K found, but Exhibit-21 missing"
GRID Dynamics Holdings Inc,1743725,True,https://www.sec.gov/Archives/edgar/data/1743725/000162828025008723/gdyn-20241231xex211.htm,13,Exhibit-21 found
Griffon Corp,50725,True,https://www.sec.gov/Archives/edgar/data/50725/000162828025053242/gff9_30x2025xex21listofsub.htm,18,Exhibit-21 found
Grocery Outlet Holding Corp,1771515,False,,0,"10-K found, but Exhibit-21 missing"
Groove Botanicals Inc,918573,True,https://www.sec.gov/Archives/edgar/data/918573/000117152025000236/ex21-1.htm,2,Exhibit-21 found
Group 1 Automotive Inc,1031203,False,,0,"10-K found, but Exhibit-21 missing"
Groupon Inc,1490281,False,,0,"10-K found, but Exhibit-21 missing"
Grove Collaborative Holdings Inc,1841761,False,,0,"10-K found, but Exhibit-21 missing"
Growgeneration Corp,1604868,False,,0,"10-K found, but Exhibit-21 missing"
Growlife Inc,1326801,False,,0,"10-K found, but Exhibit-21 missing"
Gryphon Digital Mining Inc,320193,False,,0,"10-K found, but Exhibit-21 missing"
GSR III Acquisition Corp,2072404,False,,0,No 10-K found
GT Biopharma Inc,109657,False,,0,"10-K found, but Exhibit-21 missing"
Guaranty Bancshares Inc,1408534,False,,0,"10-K found, but Exhibit-21 missing"
Guardant Health Inc,1576280,False,,0,"10-K found, but Exhibit-21 missing"
Guardian Pharmacy Services Inc,1802255,True,https://www.sec.gov/Archives/edgar/data/1802255/000119312525064082/d830848dex211.htm,50,Exhibit-21 found
Guess Inc,912463,False,,0,"10-K found, but Exhibit-21 missing"
Guggenheim Taxable Municipal Bond & Investment Grade Debt Trust,1495825,False,,0,No 10-K found
Guided Therapeutics Inc,924515,False,,0,"10-K found, but Exhibit-21 missing"
Guidewire Software Inc,1528396,True,https://www.sec.gov/Archives/edgar/data/1528396/000152839625000221/gwreex211-10kfy25.htm,5,Exhibit-21 found
Guild Holdings Co,1821160,True,https://www.sec.gov/Archives/edgar/data/1821160/000182116025000007/ghld-20241231xex211subsidi.htm,9,Exhibit-21 found
GULF Island Fabrication Inc,1031623,False,,0,"10-K found, but Exhibit-21 missing"
GULF Resources Inc,885462,False,,0,"10-K found, but Exhibit-21 missing"
Gulfport Energy Corp,874499,True,https://www.sec.gov/Archives/edgar/data/874499/000162828025008043/gpor-20241231xex21.htm,10,Exhibit-21 found
Guru App Factory Corp,1989788,False,,0,"10-K found, but Exhibit-21 missing"
GXO Logistics Inc,1852244,False,,0,"10-K found, but Exhibit-21 missing"
GYRE Therapeutics Inc,1124105,True,https://www.sec.gov/Archives/edgar/data/1124105/000095017025040279/gyre-ex21_1.htm,3,Exhibit-21 found
Gyrodyne LLC,1589061,False,,0,"10-K found, but Exhibit-21 missing"
H&E Equipment Services Inc,320193,False,,0,"10-K found, but Exhibit-21 missing"
H&R Block Inc,1512673,False,,0,"10-K found, but Exhibit-21 missing"
HA Sustainable Infrastructure Capital Inc,1561894,True,https://www.sec.gov/Archives/edgar/data/1561894/000156189425000007/hasi12312024ex-211.htm,220,Exhibit-21 found
Hackett Group Inc,1057379,True,https://www.sec.gov/Archives/edgar/data/1057379/000095017025030037/hckt-ex21_1.htm,14,Exhibit-21 found
Haemonetics Corp,313143,True,https://www.sec.gov/Archives/edgar/data/313143/000031314325000025/fy2025ex211.htm,15,Exhibit-21 found
Hagerty Inc,1840776,True,https://www.sec.gov/Archives/edgar/data/1840776/000184077625000033/hgty-12312024xex211.htm,36,Exhibit-21 found
HAIN Celestial Group Inc,910406,True,https://www.sec.gov/Archives/edgar/data/910406/000119312525203534/hain-ex21_1.htm,45,Exhibit-21 found
Hall Of Fame Resort & Entertainment Co,1708176,True,https://www.sec.gov/Archives/edgar/data/1708176/000101376225002788/ea023299801ex21-1_hall.htm,26,Exhibit-21 found
Halliburton Co,45012,True,https://www.sec.gov/Archives/edgar/data/45012/000004501225000010/hal_12312024-ex211.htm,6,Exhibit-21 found
Hallmark Venture Group Inc,1331421,False,,0,"10-K found, but Exhibit-21 missing"
Hamilton Beach Brands Holding Co,1709164,False,,0,"10-K found, but Exhibit-21 missing"
Hamilton Insurance Group Ltd,1593275,True,https://www.sec.gov/Archives/edgar/data/1593275/000159327525000023/sublistex21.htm,1,Exhibit-21 found
Hamilton Lane Inc,1433642,False,,0,"10-K found, but Exhibit-21 missing"
Hancock Whitney Corp,750577,True,https://www.sec.gov/Archives/edgar/data/750577/000095017025028009/hwc-ex21_1.htm,5,Exhibit-21 found
Hanesbrands Inc,1359841,False,,0,"10-K found, but Exhibit-21 missing"
Hanmi Financial Corp,1109242,True,https://www.sec.gov/Archives/edgar/data/1109242/000095017025029782/hafc-ex21_1.htm,1,Exhibit-21 found
Hanover Bancorp Inc /Ny,1295401,False,,0,"10-K found, but Exhibit-21 missing"
Hanover Insurance Group Inc,944695,True,https://www.sec.gov/Archives/edgar/data/944695/000095017025025093/thg-ex21.htm,30,Exhibit-21 found
Hanryu Holdings Inc,1556739,False,,0,"10-K found, but Exhibit-21 missing"
Harborone Bancorp Inc,1769617,True,https://www.sec.gov/Archives/edgar/data/1769617/000155837025002324/hone-20241231xex21.htm,5,Exhibit-21 found
Harley-Davidson Inc,793952,True,https://www.sec.gov/Archives/edgar/data/793952/000079395225000063/hog-ex2112x31x2024.htm,36,Exhibit-21 found
Harmonic Inc,851310,True,https://www.sec.gov/Archives/edgar/data/851310/000085131025000021/hlit-20241231xex211.htm,7,Exhibit-21 found
Harmony Biosciences Holdings Inc,1802665,True,https://www.sec.gov/Archives/edgar/data/1802665/000155837025001441/hrmy-20241231xex21d1.htm,5,Exhibit-21 found
Harrow Inc,1360214,True,https://www.sec.gov/Archives/edgar/data/1360214/000164117225000925/ex21-1.htm,7,Exhibit-21 found
Harte Hanks Inc,45919,True,https://www.sec.gov/Archives/edgar/data/45919/000004591925000008/a20241231ex211sublist.htm,15,Exhibit-21 found
Hartford Creative Group Inc,1482554,True,https://www.sec.gov/Archives/edgar/data/1482554/000149315225018158/ex21-1.htm,3,Exhibit-21 found
Hartford Financial Services Group Inc,1605301,True,https://www.sec.gov/Archives/edgar/data/1605301/000160530125000008/a20241231cbfv-ex21subsidia.htm,2,Exhibit-21 found
Harvard Apparatus Regenerative Technology Inc,1563665,False,,0,"10-K found, but Exhibit-21 missing"
Harvard Bioscience Inc,1123494,False,,0,"10-K found, but Exhibit-21 missing"
Hasbro Inc,46080,True,https://www.sec.gov/Archives/edgar/data/46080/000004608025000027/has-20241229xex21.htm,13,Exhibit-21 found
Haverty Furniture Companies Inc,216085,True,https://www.sec.gov/Archives/edgar/data/216085/000162828025010869/hvt-20241231xex211xsubsidi.htm,1,Exhibit-21 found
Hawaiian Electric Industries Inc,354707,False,,0,"10-K found, but Exhibit-21 missing"
Hawkeye Systems Inc,1750777,False,,0,"10-K found, but Exhibit-21 missing"
Hawkins Inc,46250,False,,0,"10-K found, but Exhibit-21 missing"
Hawthorn Bancshares Inc,893847,False,,0,"10-K found, but Exhibit-21 missing"
Haymaker Acquisition Corp 4,1970509,False,,0,"10-K found, but Exhibit-21 missing"
Hayward Holdings Inc,1834622,True,https://www.sec.gov/Archives/edgar/data/1834622/000183462225000009/a2024ex211-subsidiariesoft.htm,17,Exhibit-21 found
HBT Financial Inc,775215,True,https://www.sec.gov/Archives/edgar/data/775215/000162828025011264/hbt-20241231xex211.htm,4,Exhibit-21 found
HCA Healthcare Inc,860730,True,https://www.sec.gov/Archives/edgar/data/860730/000095017025020134/hca-ex21.htm,2122,Exhibit-21 found
HCI Group Inc,1400810,True,https://www.sec.gov/Archives/edgar/data/1400810/000095017025029999/hci-ex21.htm,47,Exhibit-21 found
HCM II Acquisition Corp,2069856,False,,0,No 10-K found
Health Catalyst Inc,1636422,True,https://www.sec.gov/Archives/edgar/data/1636422/000163642225000028/ye2024-10xkex211xsubsidiar.htm,20,Exhibit-21 found
Healthcare Realty Trust Inc,1360604,True,https://www.sec.gov/Archives/edgar/data/1360604/000136060425000032/hr-20241231xex21.htm,539,Exhibit-21 found
Healthcare Services Group Inc,731012,False,,0,"10-K found, but Exhibit-21 missing"
Healthcare Triangle Inc,1839285,False,,0,"10-K found, but Exhibit-21 missing"
Healthequity Inc,1428336,False,,0,"10-K found, but Exhibit-21 missing"
Healthier Choices Management Corp,844856,True,https://www.sec.gov/Archives/edgar/data/844856/000164117225004607/ex21-1.htm,18,Exhibit-21 found
Healthlynked Corp,1680139,True,https://www.sec.gov/Archives/edgar/data/1680139/000121390025026262/ea023517201ex21-1_health.htm,7,Exhibit-21 found
Healthstream Inc,1095565,False,,0,"10-K found, but Exhibit-21 missing"
Healthy Choice Wellness Corp,1948864,True,https://www.sec.gov/Archives/edgar/data/1948864/000164117225001000/ex21-1.htm,11,Exhibit-21 found
Heartbeam Inc,1779372,False,,0,"10-K found, but Exhibit-21 missing"
Heartcore Enterprises Inc,1892322,True,https://www.sec.gov/Archives/edgar/data/1892322/000121390025025791/ea023532601ex21-1_heart.htm,6,Exhibit-21 found
Heartland Express Inc,799233,False,,0,"10-K found, but Exhibit-21 missing"
Heartland Financial USA Inc,320193,False,,0,"10-K found, but Exhibit-21 missing"
Heartsciences Inc,1468492,True,https://www.sec.gov/Archives/edgar/data/1468492/000095017025098326/hscs-ex21_1.htm,1,Exhibit-21 found
Hecla Mining Co,719413,False,,0,"10-K found, but Exhibit-21 missing"
Heico Corp,46619,False,,0,"10-K found, but Exhibit-21 missing"
Heidrick & Struggles International Inc,1066605,True,https://www.sec.gov/Archives/edgar/data/1066605/000106660525000017/ex2101-hsiix20241231.htm,38,Exhibit-21 found
Helen OF TROY Ltd,916789,False,,0,"10-K found, but Exhibit-21 missing"
Heliogen Inc,1326801,False,,0,"10-K found, but Exhibit-21 missing"
Helios Technologies Inc,1024795,True,https://www.sec.gov/Archives/edgar/data/1024795/000095017025026703/hlio-ex21_1.htm,19,Exhibit-21 found
Helix Acquisition Corp II,2012807,False,,0,"10-K found, but Exhibit-21 missing"
Helix Energy Solutions Group Inc,866829,True,https://www.sec.gov/Archives/edgar/data/866829/000155837025001617/hlx-20241231xex21d1.htm,38,Exhibit-21 found
Helmerich & Payne Inc,46765,False,,0,"10-K found, but Exhibit-21 missing"
Hennessy Advisors Inc,1145255,False,,0,"10-K found, but Exhibit-21 missing"
Hennessy Capital Investment Corp VI,1846416,False,,0,"10-K found, but Exhibit-21 missing"
Henry Schein Inc,1000228,False,,0,"10-K found, but Exhibit-21 missing"
Hepion Pharmaceuticals Inc,1583771,True,https://www.sec.gov/Archives/edgar/data/1583771/000164117225003250/ex21-1.htm,2,Exhibit-21 found
Herbalife Ltd,1180262,True,https://www.sec.gov/Archives/edgar/data/1180262/000095017025023207/hlf-ex21_1.htm,57,Exhibit-21 found
HERC Holdings Inc,1364479,True,https://www.sec.gov/Archives/edgar/data/1364479/000136447925000007/herc2024q4-ex211subsidiary.htm,28,Exhibit-21 found
Hercules Capital Inc,1280784,True,https://www.sec.gov/Archives/edgar/data/1280784/000128078425000007/ex-21_1subsidiaries.htm,18,Exhibit-21 found
Heritage Commerce Corp,1053352,False,,0,"10-K found, but Exhibit-21 missing"
Heritage Distilling Holding Company Inc,1788230,True,https://www.sec.gov/Archives/edgar/data/1788230/000178823025000048/ex-211xsubsidiaries.htm,2,Exhibit-21 found
Heritage Financial Corp,1046025,True,https://www.sec.gov/Archives/edgar/data/1046025/000104602525000046/ex-21010kq424.htm,7,Exhibit-21 found
Heritage Global Inc,849145,True,https://www.sec.gov/Archives/edgar/data/849145/000095017025038691/hgbl-ex21.htm,9,Exhibit-21 found
Heritage Insurance Holdings Inc,1598665,True,https://www.sec.gov/Archives/edgar/data/1598665/000159866525000009/subsex21.htm,4,Exhibit-21 found
Heron Therapeutics Inc,818033,False,,0,"10-K found, but Exhibit-21 missing"
Hershey Co,47111,False,,0,"10-K found, but Exhibit-21 missing"
Hertz Global Holdings Inc,1657853,False,,0,"10-K found, but Exhibit-21 missing"
HESS Corp,789019,True,https://www.sec.gov/Archives/edgar/data/789019/000095017025100235/msft-ex21.htm,6,Exhibit-21 found
Hess Midstream LP,1789832,True,https://www.sec.gov/Archives/edgar/data/1789832/000095017025029068/hesm-ex21_1.htm,22,Exhibit-21 found
Hewlett Packard Enterprise Co,1645590,True,https://www.sec.gov/Archives/edgar/data/1645590/000164559024000139/ex-21x10312024.htm,17,Exhibit-21 found
Hexcel Corp,717605,True,https://www.sec.gov/Archives/edgar/data/717605/000095017025014412/hxl-ex21.htm,8,Exhibit-21 found
HF Foods Group Inc,1680873,True,https://www.sec.gov/Archives/edgar/data/1680873/000168087325000006/a202410k-ex211.htm,47,Exhibit-21 found
HG Holdings Inc,797465,False,,0,"10-K found, but Exhibit-21 missing"
High Roller Technologies Inc,1947210,False,,0,"10-K found, but Exhibit-21 missing"
HIGH WIRE Networks Inc,1413891,True,https://www.sec.gov/Archives/edgar/data/1413891/000121390025026353/ea023602801ex21-1_highwire.htm,4,Exhibit-21 found
Highwoods Properties Inc,921082,True,https://www.sec.gov/Archives/edgar/data/921082/000092108225000004/hiw12312024ex21.htm,8,Exhibit-21 found
Hi-Great Group Holding Co,1807616,False,,0,"10-K found, but Exhibit-21 missing"
Hillenbrand Inc,1417398,True,https://www.sec.gov/Archives/edgar/data/1417398/000162828025053207/ex2112025930.htm,49,Exhibit-21 found
Hillevax Inc,1326801,False,,0,"10-K found, but Exhibit-21 missing"
Hillman Solutions Corp,1822492,False,,0,"10-K found, but Exhibit-21 missing"
Hills Bancorporation,732417,True,https://www.sec.gov/Archives/edgar/data/732417/000073241725000015/ex2112312024.htm,1,Exhibit-21 found
Hilltop Holdings Inc,1265131,True,https://www.sec.gov/Archives/edgar/data/1265131/000155837025001023/hth-20241231xex21d1.htm,30,Exhibit-21 found
Hims & Hers Health Inc,1773751,False,,0,"10-K found, but Exhibit-21 missing"
Hippo Holdings Inc,1828105,False,,0,"10-K found, but Exhibit-21 missing"
Hirequest Inc,1140102,False,,0,"10-K found, but Exhibit-21 missing"
HIRU Corp,925779,False,,0,"10-K found, but Exhibit-21 missing"
HNI Corp,48287,True,https://www.sec.gov/Archives/edgar/data/48287/000004828725000084/ex2110-k2024.htm,25,Exhibit-21 found
HNO International Inc,1342916,False,,0,"10-K found, but Exhibit-21 missing"
Holley Inc,1822928,False,,0,"10-K found, but Exhibit-21 missing"
Hologic Inc,859737,True,https://www.sec.gov/Archives/edgar/data/859737/000085973725000072/ex211-subsidiariesofhologi.htm,36,Exhibit-21 found
HOME Bancshares Inc,1331520,False,,0,"10-K found, but Exhibit-21 missing"
HOME Depot Inc,354950,True,https://www.sec.gov/Archives/edgar/data/354950/000035495025000085/hd_ex21-nextgenxactive0202.htm,11,Exhibit-21 found
Homestreet Inc,320193,False,,0,"10-K found, but Exhibit-21 missing"
Hometrust Bancshares Inc,1538263,True,https://www.sec.gov/Archives/edgar/data/1538263/000153826325000040/htbi-2024x12x31x10kxex21.htm,2,Exhibit-21 found
Honest Company Inc,1530979,False,,0,"10-K found, but Exhibit-21 missing"
Honeywell International Inc,773840,False,,0,"10-K found, but Exhibit-21 missing"
HONG YUAN Holding Group,1324759,False,,0,"10-K found, but Exhibit-21 missing"
Hongchang International Co Ltd,1086303,True,https://www.sec.gov/Archives/edgar/data/1086303/000101376225004096/ea023556801ex21-1_hongchang.htm,6,Exhibit-21 found
Hooker Furnishings Corp,1077688,False,,0,"10-K found, but Exhibit-21 missing"
HOPE Bancorp Inc,1128361,False,,0,"10-K found, but Exhibit-21 missing"
Horace MANN Educators Corp,850141,True,https://www.sec.gov/Archives/edgar/data/850141/000162828025008838/hm123124ex21.htm,15,Exhibit-21 found
Horizon Bancorp Inc,706129,False,,0,"10-K found, but Exhibit-21 missing"
Horizon Kinetics Holding Corp,88000,True,https://www.sec.gov/Archives/edgar/data/88000/000095017025047560/slgdd-ex21.htm,5,Exhibit-21 found
Horizon Space Acquisition II Corp,2032950,False,,0,"10-K found, but Exhibit-21 missing"
Horizon Technology Finance Corp,1487428,False,,0,"10-K found, but Exhibit-21 missing"
Hormel Foods Corp,48465,True,https://www.sec.gov/Archives/edgar/data/48465/000004846525000059/q42025ex211subsidiaries.htm,46,Exhibit-21 found
HOST Hotels & Resorts Inc,1070750,False,,0,"10-K found, but Exhibit-21 missing"
Hour Loop Inc,1874875,True,https://www.sec.gov/Archives/edgar/data/1874875/000164117225000930/ex21-1.htm,0,Exhibit-21 found
Houston American Energy Corp,1156041,False,,0,"10-K found, but Exhibit-21 missing"
Hovnanian Enterprises Inc,357294,True,https://www.sec.gov/Archives/edgar/data/357294/000175392624002117/ex21_3.htm,767,Exhibit-21 found
Howard Hughes Holdings Inc,1981792,True,https://www.sec.gov/Archives/edgar/data/1981792/000162828025008128/hhh-20241231ex211.htm,284,Exhibit-21 found
Howmet Aerospace Inc,4281,True,https://www.sec.gov/Archives/edgar/data/4281/000000428125000011/ex21_4q24.htm,9,Exhibit-21 found
HP Inc,47217,True,https://www.sec.gov/Archives/edgar/data/47217/000004721724000080/hp10-31x24ex21subsidiaries.htm,122,Exhibit-21 found
HST Global Inc,797564,False,,0,"10-K found, but Exhibit-21 missing"
Hubbell Inc,48898,True,https://www.sec.gov/Archives/edgar/data/48898/000162828025005311/hubb-20241231xex211.htm,44,Exhibit-21 found
Hubilu Venture Corp,1639068,False,,0,"10-K found, but Exhibit-21 missing"
Hubspot Inc,1404655,True,https://www.sec.gov/Archives/edgar/data/1404655/000095017025018873/hubs-ex21_1.htm,2,Exhibit-21 found
Hudson Acquisition I Corp,1998781,False,,0,"10-K found, but Exhibit-21 missing"
Hudson Global Inc,320193,False,,0,"10-K found, but Exhibit-21 missing"
Hudson Pacific Properties Inc,1482512,True,https://www.sec.gov/Archives/edgar/data/1482512/000148251225000029/a2024ex211listofsubsidiari.htm,104,Exhibit-21 found
Hudson Technologies Inc /Ny,925528,True,https://www.sec.gov/Archives/edgar/data/925528/000141057825000323/hdsn-20241231xex21.htm,22,Exhibit-21 found
Humacyte Inc,1818382,True,https://www.sec.gov/Archives/edgar/data/1818382/000181838225000034/huma-20241231x10kxex211.htm,2,Exhibit-21 found
Humbl Inc,1119190,False,,0,"10-K found, but Exhibit-21 missing"
HUNT J B Transport Services Inc,728535,False,,0,"10-K found, but Exhibit-21 missing"
Huntington Bancshares Inc,49196,True,https://www.sec.gov/Archives/edgar/data/49196/000004919625000020/hban20241231ex211-10k.htm,64,Exhibit-21 found
Huntington Ingalls Industries Inc,1501585,True,https://www.sec.gov/Archives/edgar/data/1501585/000150158525000006/hii-ex211202410xk.htm,40,Exhibit-21 found
Hurco Companies Inc,315374,True,https://www.sec.gov/Archives/edgar/data/315374/000155837025000129/hurc-20241031xex21d1.htm,6,Exhibit-21 found
Huron Consulting Group Inc,1289848,False,,0,"10-K found, but Exhibit-21 missing"
Hut 8 Corp,1964789,True,https://www.sec.gov/Archives/edgar/data/1964789/000155837025001996/hut-20241231xex21d1.htm,34,Exhibit-21 found
HWH International Inc,1897245,True,https://www.sec.gov/Archives/edgar/data/1897245/000164117225001707/ex21.htm,15,Exhibit-21 found
Hyatt Hotels Corp,1468174,False,,0,"10-K found, but Exhibit-21 missing"
Hycroft Mining Holding Corp,1718405,False,,0,"10-K found, but Exhibit-21 missing"
Hydrofarm Holdings Group Inc,1695295,False,,0,"10-K found, but Exhibit-21 missing"
Hyliion Holdings Corp,1759631,True,https://www.sec.gov/Archives/edgar/data/1759631/000175963125000051/hyln-20241231xex211.htm,1,Exhibit-21 found
Hyperfine Inc,1833769,False,,0,"10-K found, but Exhibit-21 missing"
Hyperscale Data Inc,896493,True,https://www.sec.gov/Archives/edgar/data/896493/000121465925005868/ex21.htm,43,Exhibit-21 found
Hyster-YALE Inc,1173514,False,,0,"10-K found, but Exhibit-21 missing"
Hyzon Motors Inc,320193,False,,0,"10-K found, but Exhibit-21 missing"
I3 Verticals Inc,1728688,False,,0,"10-K found, but Exhibit-21 missing"
IAC Inc,1800227,True,https://www.sec.gov/Archives/edgar/data/1800227/000180022725000013/iac-ex211_20241231.htm,171,Exhibit-21 found
Ianthus Capital Holdings Inc,1643154,True,https://www.sec.gov/Archives/edgar/data/1643154/000095017025043874/ithuf-ex21_1.htm,37,Exhibit-21 found
IB Acquisition Corp,1998781,False,,0,"10-K found, but Exhibit-21 missing"
IBEX Ltd,1720420,False,,0,"10-K found, but Exhibit-21 missing"
Ibio Inc,1420720,False,,0,"10-K found, but Exhibit-21 missing"
Ibotta Inc,1538379,False,,0,"10-K found, but Exhibit-21 missing"
ICAD Inc,1652044,False,,0,"10-K found, but Exhibit-21 missing"
Icahn Enterprises LP,813762,True,https://www.sec.gov/Archives/edgar/data/813762/000155837025001612/tmb-20241231xex21d1.htm,226,Exhibit-21 found
ICC Holdings Inc,1729944,False,,0,"10-K found, but Exhibit-21 missing"
Ichor Holdings Ltd,1652535,True,https://www.sec.gov/Archives/edgar/data/1652535/000162828025006992/ex-211x2024.htm,14,Exhibit-21 found
ICU Medical Inc/De,883984,False,,0,"10-K found, but Exhibit-21 missing"
Idacorp Inc,1057877,True,https://www.sec.gov/Archives/edgar/data/1057877/000105787725000014/ida123124ex211.htm,6,Exhibit-21 found
Idaho Copper Corp,1263364,True,https://www.sec.gov/Archives/edgar/data/1263364/000164117225005644/ex21-1.htm,0,Exhibit-21 found
Idaho Strategic Resources Inc,1030192,False,,0,"10-K found, but Exhibit-21 missing"
Ideal Power Inc,1507957,False,,0,"10-K found, but Exhibit-21 missing"
Ideanomics Inc,320193,False,,0,"10-K found, but Exhibit-21 missing"
Identiv Inc,1036044,True,https://www.sec.gov/Archives/edgar/data/1036044/000095017025040387/inve-ex21_1.htm,6,Exhibit-21 found
IDEX Corp,832101,True,https://www.sec.gov/Archives/edgar/data/832101/000083210125000010/iex-202412x31xex21.htm,65,Exhibit-21 found
Idexx Laboratories Inc /De,874716,False,,0,"10-K found, but Exhibit-21 missing"
IDT Corp,1005731,True,https://www.sec.gov/Archives/edgar/data/1005731/000149315225016071/ex21-01.htm,9,Exhibit-21 found
IEH Corp,50292,True,https://www.sec.gov/Archives/edgar/data/50292/000121390025053885/ea024323701ex21_iehcorp.htm,1,Exhibit-21 found
IES Holdings Inc,1048268,True,https://www.sec.gov/Archives/edgar/data/1048268/000104826825000174/q42025ex211-sep.htm,35,Exhibit-21 found
IF Bancorp Inc,1514743,False,,0,"10-K found, but Exhibit-21 missing"
IGC Pharma Inc,1326205,True,https://www.sec.gov/Archives/edgar/data/1326205/000118518525000706/igcex21-1.htm,7,Exhibit-21 found
IGM Biosciences Inc,1776111,False,,0,"10-K found, but Exhibit-21 missing"
IIOT-OXYS Inc,1290658,False,,0,"10-K found, but Exhibit-21 missing"
Ikena Oncology Inc,1422143,False,,0,"10-K found, but Exhibit-21 missing"
Ilearningengines Inc,320193,False,,0,"10-K found, but Exhibit-21 missing"
Illinois TOOL Works Inc,49826,True,https://www.sec.gov/Archives/edgar/data/49826/000004982625000007/a20241231-ex21.htm,157,Exhibit-21 found
Illumina Inc,1110803,True,https://www.sec.gov/Archives/edgar/data/1110803/000111080325000019/fy2410-kex211subsidiariesq4.htm,18,Exhibit-21 found
IMAX Corp,921582,False,,0,"10-K found, but Exhibit-21 missing"
Immersion Corp,1058811,True,https://www.sec.gov/Archives/edgar/data/1058811/000121390024021235/ex211_1.htm,4,Exhibit-21 found
Immucell Corp,811641,False,,0,"10-K found, but Exhibit-21 missing"
Immuneering Corp,1790340,False,,0,"10-K found, but Exhibit-21 missing"
Immunic Inc,1280776,False,,0,"10-K found, but Exhibit-21 missing"
Immunitybio Inc,1326110,False,,0,"10-K found, but Exhibit-21 missing"
Immunocore Holdings PLC,1671927,False,,0,"10-K found, but Exhibit-21 missing"
Immunome Inc,1472012,False,,0,"10-K found, but Exhibit-21 missing"
Immunovant Inc,1764013,False,,0,"10-K found, but Exhibit-21 missing"
Imperial OIL Ltd,49938,False,,0,"10-K found, but Exhibit-21 missing"
Impinj Inc,1114995,False,,0,"10-K found, but Exhibit-21 missing"
Imunon Inc,749647,True,https://www.sec.gov/Archives/edgar/data/749647/000149315225008460/ex21-1.htm,1,Exhibit-21 found
In8Bio Inc,1740279,False,,0,"10-K found, but Exhibit-21 missing"
Inari Medical Inc,2030617,False,,0,No 10-K found
Incannex Healthcare Inc,1873875,False,,0,"10-K found, but Exhibit-21 missing"
Inception Growth Acquisition Ltd,1866838,False,,0,"10-K found, but Exhibit-21 missing"
Income Opportunity Realty Investors Inc,949961,True,https://www.sec.gov/Archives/edgar/data/949961/000199937125002901/ex21-1.htm,2,Exhibit-21 found
Incyte Corp,879169,False,,0,"10-K found, but Exhibit-21 missing"
Indaptus Therapeutics Inc,1857044,False,,0,"10-K found, but Exhibit-21 missing"
Independence Contract Drilling Inc,320193,False,,0,"10-K found, but Exhibit-21 missing"
Independence Realty Trust Inc,1466085,True,https://www.sec.gov/Archives/edgar/data/1466085/000146608525000021/ex211-20241231.htm,154,Exhibit-21 found
Independent BANK Corp,776901,False,,0,"10-K found, but Exhibit-21 missing"
India FUND Inc,917100,False,,0,No 10-K found
Indie Semiconductor Inc,1841925,False,,0,"10-K found, but Exhibit-21 missing"
Industrial Logistics Properties Trust,1717307,False,,0,"10-K found, but Exhibit-21 missing"
Infinera Corp,70858,True,https://www.sec.gov/Archives/edgar/data/70858/000007085825000139/bac-1231202410xkex21.htm,34,Exhibit-21 found
Inflection Point Acquisition Corp II,2012318,False,,0,No 10-K found
Informatica Inc,320193,False,,0,"10-K found, but Exhibit-21 missing"
Ingersoll Rand Inc,1699150,True,https://www.sec.gov/Archives/edgar/data/1699150/000162828025006391/ir202410-kex21xsubsidiaries.htm,145,Exhibit-21 found
Ingevity Corp,1653477,True,https://www.sec.gov/Archives/edgar/data/1653477/000165347725000015/ex211-q42024.htm,12,Exhibit-21 found
Ingram Micro Holding Corp,1897762,False,,0,"10-K found, but Exhibit-21 missing"
Ingredion Inc,1046257,True,https://www.sec.gov/Archives/edgar/data/1046257/000104625725000018/ingr-20241231xex211.htm,36,Exhibit-21 found
Inhibikase Therapeutics Inc,1750149,True,https://www.sec.gov/Archives/edgar/data/1750149/000095017025046096/ikt-ex21_1.htm,1,Exhibit-21 found
Inhibrx Biosciences Inc,2007919,False,,0,"10-K found, but Exhibit-21 missing"
Inland Real Estate Income Trust Inc,1528985,True,https://www.sec.gov/Archives/edgar/data/1528985/000095017025033568/ireit-ex21_1.htm,3,Exhibit-21 found
Inmed Pharmaceuticals Inc,1728328,False,,0,"10-K found, but Exhibit-21 missing"
Inmune Bio Inc,1711754,True,https://www.sec.gov/Archives/edgar/data/1711754/000101376225003354/ea022996501ex21-1_inmune.htm,3,Exhibit-21 found
INNO Holdings Inc,1961847,False,,0,"10-K found, but Exhibit-21 missing"
Innodata Inc,903651,True,https://www.sec.gov/Archives/edgar/data/903651/000141057825000194/inod-20241231xex21.htm,4,Exhibit-21 found
Innospec Inc,1054905,True,https://www.sec.gov/Archives/edgar/data/1054905/000095017025022803/iosp-ex21_1.htm,6,Exhibit-21 found
Innovage Holding Corp,1834376,True,https://www.sec.gov/Archives/edgar/data/1834376/000183437625000062/ex21-subsidiarylistx2025_.htm,28,Exhibit-21 found
Innovate Corp,1006837,False,,0,"10-K found, but Exhibit-21 missing"
Innovation Pharmaceuticals Inc,1055726,True,https://www.sec.gov/Archives/edgar/data/1055726/000105572625000012/ino-12312024x10kex211.htm,1,Exhibit-21 found
Innovative Designs Inc,1190370,False,,0,"10-K found, but Exhibit-21 missing"
Innovative Eyewear Inc,1808377,False,,0,"10-K found, but Exhibit-21 missing"
Innovative FOOD Holdings Inc,312257,True,https://www.sec.gov/Archives/edgar/data/312257/000118518525000204/ivfhex21.htm,19,Exhibit-21 found
Innovative Industrial Properties Inc,1677576,True,https://www.sec.gov/Archives/edgar/data/1677576/000155837025001322/iipr-20241231xex21d1.htm,2,Exhibit-21 found
Innovative Medtech Inc,320193,False,,0,"10-K found, but Exhibit-21 missing"
Innovex International Inc,1042893,True,https://www.sec.gov/Archives/edgar/data/1042893/000095017025031003/invx-ex21_1.htm,36,Exhibit-21 found
Innoviva Inc,1080014,True,https://www.sec.gov/Archives/edgar/data/1080014/000095017025027864/inva-ex21_1.htm,14,Exhibit-21 found
Innsuites Hospitality Trust,82473,True,https://www.sec.gov/Archives/edgar/data/82473/000164117225007998/ex21.htm,2,Exhibit-21 found
Innventure Inc,2001557,False,,0,"10-K found, but Exhibit-21 missing"
Inogen Inc,1294133,True,https://www.sec.gov/Archives/edgar/data/1294133/000095017025029993/ingn-ex21_1.htm,2,Exhibit-21 found
Inotiv Inc,720154,True,https://www.sec.gov/Archives/edgar/data/720154/000162828025055483/notv-20250930xex211.htm,21,Exhibit-21 found
Inozyme Pharma Inc,320193,False,,0,"10-K found, but Exhibit-21 missing"
Inpoint Commercial Real Estate Income Inc,1690012,True,https://www.sec.gov/Archives/edgar/data/1690012/000095017025039459/ck0001690012-ex21_1.htm,13,Exhibit-21 found
Inseego Corp,1022652,True,https://www.sec.gov/Archives/edgar/data/1022652/000102265225000005/insg20241231ex21.htm,7,Exhibit-21 found
Insight Acquisition Corp /De,1998781,False,,0,"10-K found, but Exhibit-21 missing"
Insight Enterprises Inc,932696,False,,0,"10-K found, but Exhibit-21 missing"
Insight Select Income Fund,1195737,False,,0,No 10-K found
Insmed Inc,1104506,True,https://www.sec.gov/Archives/edgar/data/1104506/000110450625000009/insm20241231ex211.htm,2,Exhibit-21 found
Insperity Inc,1000753,True,https://www.sec.gov/Archives/edgar/data/1000753/000100075325000008/a12312024nsp-ex211xsubsidi.htm,18,Exhibit-21 found
Inspirato Inc,1820566,False,,0,"10-K found, but Exhibit-21 missing"
Inspire Medical Systems Inc,1609550,True,https://www.sec.gov/Archives/edgar/data/1609550/000160955025000011/a202410kex21-1.htm,2,Exhibit-21 found
Inspire Veterinary Partners Inc,1939365,False,,0,"10-K found, but Exhibit-21 missing"
Inspired Entertainment Inc,1615063,True,https://www.sec.gov/Archives/edgar/data/1615063/000164117225000737/ex21-1.htm,3,Exhibit-21 found
Inspiremd Inc,1433607,False,,0,"10-K found, but Exhibit-21 missing"
Installed Building Products Inc,1580905,True,https://www.sec.gov/Archives/edgar/data/1580905/000158090525000010/ibp-20241231xex211xsignifi.htm,152,Exhibit-21 found
Instil Bio Inc,1789769,False,,0,"10-K found, but Exhibit-21 missing"
Insulet Corp,1145197,False,,0,"10-K found, but Exhibit-21 missing"
Intapp Inc,1565687,True,https://www.sec.gov/Archives/edgar/data/1565687/000119312525184080/inta-ex21_1.htm,1,Exhibit-21 found
Integer Holdings Corp,1114483,True,https://www.sec.gov/Archives/edgar/data/1114483/000111448325000034/itgr-20241231ex211.htm,17,Exhibit-21 found
Integra Lifesciences Holdings Corp,917520,False,,0,"10-K found, but Exhibit-21 missing"
Integral Acquisition Corp 1,1998781,False,,0,"10-K found, but Exhibit-21 missing"
Integral AD Science Holding Corp,1842718,True,https://www.sec.gov/Archives/edgar/data/1842718/000184271825000023/ex-211subsidiariesofintegr.htm,3,Exhibit-21 found
Integrated Biopharma Inc,1016504,False,,0,"10-K found, but Exhibit-21 missing"
Integrated RAIL & Resources Acquisition Corp,1854795,False,,0,"10-K found, but Exhibit-21 missing"
Integrated Ventures Inc,320193,False,,0,"10-K found, but Exhibit-21 missing"
Integrated Wellness Acquisition Corp,1877557,False,,0,"10-K found, but Exhibit-21 missing"
Intel Corp,50863,True,https://www.sec.gov/Archives/edgar/data/50863/000005086325000009/a12282024-ex211.htm,14,Exhibit-21 found
Intelgenx Technologies Corp,2186,False,,0,"10-K found, but Exhibit-21 missing"
Intellia Therapeutics Inc,1652130,True,https://www.sec.gov/Archives/edgar/data/1652130/000095017025029007/ntla-ex21_1.htm,1,Exhibit-21 found
Intellicheck Inc,1040896,False,,0,"10-K found, but Exhibit-21 missing"
Intelligent BIO Solutions Inc,1725430,True,https://www.sec.gov/Archives/edgar/data/1725430/000164117225024279/ex21-1.htm,2,Exhibit-21 found
Intellinetics Inc,1081745,True,https://www.sec.gov/Archives/edgar/data/1081745/000164117225000274/ex21-1.htm,2,Exhibit-21 found
Intensity Therapeutics Inc,1567264,False,,0,"10-K found, but Exhibit-21 missing"
Interactive Brokers Group Inc,1381197,True,https://www.sec.gov/Archives/edgar/data/1381197/000138119725000036/ibkr-20241231xex21_1.htm,15,Exhibit-21 found
Interactive Strength Inc,1785056,False,,0,"10-K found, but Exhibit-21 missing"
Intercontinental Exchange Inc,1571949,True,https://www.sec.gov/Archives/edgar/data/1571949/000157194925000003/ice20241231ex211.htm,21,Exhibit-21 found
Interdigital Inc,1405495,True,https://www.sec.gov/Archives/edgar/data/1405495/000140549525000011/ex21-subsidiarylistx202410.htm,14,Exhibit-21 found
Interface Inc,715787,False,,0,"10-K found, but Exhibit-21 missing"
Intergroup Corp,69422,True,https://www.sec.gov/Archives/edgar/data/69422/000149315225016154/ex21.htm,28,Exhibit-21 found
International Business Machines Corp,51143,True,https://www.sec.gov/Archives/edgar/data/51143/000005114325000015/ibm-20241231x10kex21.htm,28,Exhibit-21 found
International Flavors & Fragrances Inc,51253,False,,0,"10-K found, but Exhibit-21 missing"
International Isotopes Inc,1038277,False,,0,"10-K found, but Exhibit-21 missing"
International Media Acquisition Corp,1846235,False,,0,"10-K found, but Exhibit-21 missing"
International Money Express Inc,1683695,False,,0,"10-K found, but Exhibit-21 missing"
International Paper Co /New/,51434,False,,0,"10-K found, but Exhibit-21 missing"
International Seaways Inc,1679049,True,https://www.sec.gov/Archives/edgar/data/1679049/000155837025001691/insw-20241231xex21.htm,64,Exhibit-21 found
International Stem Cell Corp,1355790,False,,0,"10-K found, but Exhibit-21 missing"
International Tower HILL Mines Ltd,1134115,False,,0,"10-K found, but Exhibit-21 missing"
Interpace Biosciences Inc,1054102,False,,0,"10-K found, but Exhibit-21 missing"
Interparfums Inc,822663,True,https://www.sec.gov/Archives/edgar/data/822663/000175392625000424/ex21_5.htm,3,Exhibit-21 found
Interpublic Group OF Companies Inc,51644,True,https://www.sec.gov/Archives/edgar/data/51644/000005164425000024/ipg12312410kex21.htm,28,Exhibit-21 found
Intest Corp,1036262,False,,0,"10-K found, but Exhibit-21 missing"
Intevac Inc,1326801,False,,0,"10-K found, but Exhibit-21 missing"
Intra-Cellular Therapies Inc,320193,False,,0,"10-K found, but Exhibit-21 missing"
Intrepid Potash Inc,1421461,False,,0,"10-K found, but Exhibit-21 missing"
Intrusion Inc,736012,False,,0,"10-K found, but Exhibit-21 missing"
Intuit Inc,896878,True,https://www.sec.gov/Archives/edgar/data/896878/000089687825000035/fy25q4-ex2101.htm,51,Exhibit-21 found
Inuvo Inc,829323,True,https://www.sec.gov/Archives/edgar/data/829323/000165495425002032/inuvo_ex211.htm,1,Exhibit-21 found
Invech Holdings Inc,1009919,False,,0,"10-K found, but Exhibit-21 missing"
Inventrust Properties Corp,1307748,False,,0,"10-K found, but Exhibit-21 missing"
Invesco Currencyshares Australian Dollar Trust,1353614,False,,0,"10-K found, but Exhibit-21 missing"
Invesco Galaxy Bitcoin ETF,1855781,False,,0,"10-K found, but Exhibit-21 missing"
Invesco Mortgage Capital Inc,1437071,True,https://www.sec.gov/Archives/edgar/data/1437071/000143707125000007/ivr-20241231x10kxex211.htm,5,Exhibit-21 found
Investar Holding Corp,1602658,False,,0,"10-K found, but Exhibit-21 missing"
Investcorp AI Acquisition Corp,1852889,False,,0,"10-K found, but Exhibit-21 missing"
Investcorp Credit Management BDC Inc,1578348,False,,0,"10-K found, but Exhibit-21 missing"
Investcorp Europe Acquisition Corp I,1852889,False,,0,"10-K found, but Exhibit-21 missing"
Investors Title Co,720858,True,https://www.sec.gov/Archives/edgar/data/720858/000072085825000007/itic_20241231xex-21.htm,12,Exhibit-21 found
Investview Inc,862651,True,https://www.sec.gov/Archives/edgar/data/862651/000164117225001193/ex21-01.htm,11,Exhibit-21 found
Invitation Homes Inc,1687229,True,https://www.sec.gov/Archives/edgar/data/1687229/000168722925000008/ye-24ex211subsidiariesofre.htm,91,Exhibit-21 found
Invivyd Inc,1832038,False,,0,"10-K found, but Exhibit-21 missing"
Invizyne Technologies Inc,1321834,False,,0,"10-K found, but Exhibit-21 missing"
IO Biotech Inc,1865494,False,,0,"10-K found, but Exhibit-21 missing"
I-ON Digital Corp,1580490,True,https://www.sec.gov/Archives/edgar/data/1580490/000164117225003678/ex21-1.htm,0,Exhibit-21 found
Ionis Pharmaceuticals Inc,874015,False,,0,"10-K found, but Exhibit-21 missing"
Ionq Inc,1824920,True,https://www.sec.gov/Archives/edgar/data/1824920/000095017025027722/ionq-ex21_1.htm,1,Exhibit-21 found
Iovance Biotherapeutics Inc,1425205,True,https://www.sec.gov/Archives/edgar/data/1425205/000155837025001834/iova-20241231xex21d1.htm,8,Exhibit-21 found
IPG Photonics Corp,1111928,True,https://www.sec.gov/Archives/edgar/data/1111928/000111192825000023/ex211q42024.htm,1,Exhibit-21 found
Ipower Inc,1830072,False,,0,"10-K found, but Exhibit-21 missing"
Iqstel Inc,1527702,False,,0,"10-K found, but Exhibit-21 missing"
Iqvia Holdings Inc,1478242,True,https://www.sec.gov/Archives/edgar/data/1478242/000147824225000045/ex-2111231202410xk.htm,208,Exhibit-21 found
Iradimed Corp,1325618,False,,0,"10-K found, but Exhibit-21 missing"
Irhythm Technologies Inc,1388658,False,,0,"10-K found, but Exhibit-21 missing"
Iridex Corp,1006045,True,https://www.sec.gov/Archives/edgar/data/1006045/000095017025046107/irix-ex21_1.htm,0,Exhibit-21 found
Iridium Communications Inc,1418819,True,https://www.sec.gov/Archives/edgar/data/1418819/000162828025005302/ex2111231202410k.htm,8,Exhibit-21 found
Iris Acquisition Corp,1998781,False,,0,"10-K found, but Exhibit-21 missing"
IR-Med Inc,1839133,False,,0,"10-K found, but Exhibit-21 missing"
Irobot Corp,1159167,True,https://www.sec.gov/Archives/edgar/data/1159167/000115916725000011/irbt-12282024x10kex211.htm,5,Exhibit-21 found
Iron Horse Acquisitions Corp,2051985,False,,0,No 10-K found
IRON Mountain Inc,1020569,True,https://www.sec.gov/Archives/edgar/data/1020569/000102056925000040/irm2024ex-211.htm,102,Exhibit-21 found
Ironwood Pharmaceuticals Inc,1446847,True,https://www.sec.gov/Archives/edgar/data/1446847/000155837025004072/irwd-20241231xex21d1.htm,1,Exhibit-21 found
Ishares Silver Trust,1330568,False,,0,"10-K found, but Exhibit-21 missing"
Ispecimen Inc,1558569,False,,0,"10-K found, but Exhibit-21 missing"
Israel Acquisitions Corp,1915328,False,,0,"10-K found, but Exhibit-21 missing"
Issuer Direct Corp,1045810,False,,0,"10-K found, but Exhibit-21 missing"
ISUN Inc,1652044,False,,0,"10-K found, but Exhibit-21 missing"
IT TECH Packaging Inc,1358190,False,,0,"10-K found, but Exhibit-21 missing"
Iteos Therapeutics Inc,1664710,False,,0,"10-K found, but Exhibit-21 missing"
Iterum Therapeutics PLC,1659323,False,,0,"10-K found, but Exhibit-21 missing"
Itron Inc,780571,True,https://www.sec.gov/Archives/edgar/data/780571/000078057125000007/itriex-21112312024exhibit.htm,17,Exhibit-21 found
ITT Inc,216228,False,,0,"10-K found, but Exhibit-21 missing"
Ivanhoe Electric Inc,1879016,True,https://www.sec.gov/Archives/edgar/data/1879016/000187901625000003/ie-20241231xex211.htm,45,Exhibit-21 found
Iveda Solutions Inc,1397183,False,,0,"10-K found, but Exhibit-21 missing"
Iwallet Corp,1498372,False,,0,"10-K found, but Exhibit-21 missing"
IX Acquisition Corp,1998781,False,,0,"10-K found, but Exhibit-21 missing"
IZEA Worldwide Inc,1495231,False,,0,"10-K found, but Exhibit-21 missing"
J M Smucker Co,91419,True,https://www.sec.gov/Archives/edgar/data/91419/000009141925000056/sjm43025-10kex21.htm,16,Exhibit-21 found
J&J Snack Foods Corp,785956,False,,0,"10-K found, but Exhibit-21 missing"
JAAG Enterprises Ltd,1144967,False,,0,No 10-K found
JACK Henry & Associates Inc,779152,True,https://www.sec.gov/Archives/edgar/data/779152/000077915225000055/jkhy-20250630xex211.htm,7,Exhibit-21 found
JACK IN THE BOX Inc,807882,True,https://www.sec.gov/Archives/edgar/data/807882/000080788225000072/ex2112025-subsidiaries.htm,13,Exhibit-21 found
Jackson Acquisition Co II,2039058,False,,0,"10-K found, but Exhibit-21 missing"
Jackson Financial Inc,1822993,False,,0,"10-K found, but Exhibit-21 missing"
Jacobs Solutions Inc,52988,False,,0,"10-K found, but Exhibit-21 missing"
Jakks Pacific Inc,1009829,True,https://www.sec.gov/Archives/edgar/data/1009829/000118518525000170/jakkex21.htm,5,Exhibit-21 found
James River Group Holdings Ltd,1620459,True,https://www.sec.gov/Archives/edgar/data/1620459/000162045925000010/a4q24jrvrex211.htm,11,Exhibit-21 found
Jamf Holding Corp,1721947,True,https://www.sec.gov/Archives/edgar/data/1721947/000162828025008642/jamf-12312024xex211.htm,16,Exhibit-21 found
Janover Inc,1326801,False,,0,"10-K found, but Exhibit-21 missing"
Janus Henderson Group PLC,1274173,False,,0,"10-K found, but Exhibit-21 missing"
Janus International Group Inc,1839839,False,,0,"10-K found, but Exhibit-21 missing"
Janux Therapeutics Inc,1817713,False,,0,"10-K found, but Exhibit-21 missing"
Japan Food Tech Holdings Inc,797465,False,,0,"10-K found, but Exhibit-21 missing"
Japan Smaller Capitalization FUND Inc,859796,False,,0,No 10-K found
Jasper Therapeutics Inc,1788028,False,,0,"10-K found, but Exhibit-21 missing"
Jaws Mustang Acquisition Corp,1831359,False,,0,"10-K found, but Exhibit-21 missing"
Jazz Pharmaceuticals PLC,1232524,True,https://www.sec.gov/Archives/edgar/data/1232524/000123252425000011/jazzq42024ex211.htm,2,Exhibit-21 found
JBG Smith Properties,1689796,True,https://www.sec.gov/Archives/edgar/data/1689796/000155837025001099/jbgs-20241231xex21d1.htm,30,Exhibit-21 found
Jefferies Financial Group Inc,96223,False,,0,"10-K found, but Exhibit-21 missing"
Jerash Holdings US Inc,1696558,False,,0,"10-K found, but Exhibit-21 missing"
jet.ai Inc,1861622,True,https://www.sec.gov/Archives/edgar/data/1861622/000164117225000794/ex21-1.htm,7,Exhibit-21 found
Jewett Cameron Trading Co Ltd,885307,False,,0,"10-K found, but Exhibit-21 missing"
Jfrog Ltd,1800667,True,https://www.sec.gov/Archives/edgar/data/1800667/000095017025021340/frog-ex21_1.htm,3,Exhibit-21 found
Jingbo Technology Inc,1647822,False,,0,"10-K found, but Exhibit-21 missing"
Jjill Inc,1687932,False,,0,"10-K found, but Exhibit-21 missing"
Joby Aviation Inc,1819848,True,https://www.sec.gov/Archives/edgar/data/1819848/000181984825000196/joby-20241231xex21_1.htm,7,Exhibit-21 found
John Bean Technologies Corp,2186,False,,0,"10-K found, but Exhibit-21 missing"
John Marshall Bancorp Inc,1710482,True,https://www.sec.gov/Archives/edgar/data/1710482/000155837025003982/jmsb-20241231xex21.htm,1,Exhibit-21 found
JOHN Wiley & SONS Inc,107140,False,,0,"10-K found, but Exhibit-21 missing"
Johnson & Johnson,200406,True,https://www.sec.gov/Archives/edgar/data/200406/000020040625000038/ex21-subsidiariesxform10xk.htm,203,Exhibit-21 found
Johnson Controls International PLC,833444,True,https://www.sec.gov/Archives/edgar/data/833444/000083344425000097/ex211202510-k.htm,2,Exhibit-21 found
Johnson Outdoors Inc,788329,True,https://www.sec.gov/Archives/edgar/data/788329/000114036124049014/ef20039613_ex21.htm,8,Exhibit-21 found
Joint Corp,1612630,False,,0,"10-K found, but Exhibit-21 missing"
Jones LANG Lasalle Inc,1037976,False,,0,"10-K found, but Exhibit-21 missing"
Jones SODA Co,1083522,True,https://www.sec.gov/Archives/edgar/data/1083522/000164117225001951/ex21-1.htm,12,Exhibit-21 found
Journey Medical Corp,1867066,True,https://www.sec.gov/Archives/edgar/data/1867066/000141057825000490/derm-20241231xex21d1.htm,1,Exhibit-21 found
Jpmorgan Chase & Co,19617,False,,0,"10-K found, but Exhibit-21 missing"
Jrsis Health CARE Corp,1597892,True,https://www.sec.gov/Archives/edgar/data/1597892/000121390024036467/ea020409201ex21_jrsis.htm,3,Exhibit-21 found
Juniata Valley Financial Corp,714712,True,https://www.sec.gov/Archives/edgar/data/714712/000155837025003701/juvf-20241231xex21d1.htm,1,Exhibit-21 found
Juniper Networks Inc,1133192,False,,0,No 10-K found
Jupiter Neurosciences Inc,1679628,False,,0,"10-K found, but Exhibit-21 missing"
Jvspac Acquisition Corp,1876716,False,,0,"10-K found, but Exhibit-21 missing"
Kaanapali LAND LLC,1230058,False,,0,"10-K found, but Exhibit-21 missing"
Kadant Inc,886346,True,https://www.sec.gov/Archives/edgar/data/886346/000088634625000006/kai2024ex21_subsidiaries.htm,17,Exhibit-21 found
Kairos Pharma Ltd,1962011,False,,0,"10-K found, but Exhibit-21 missing"
Kairous Acquisition Corp Ltd,1865468,False,,0,"10-K found, but Exhibit-21 missing"
Kaival Brands Innovations Group Inc,1762239,True,https://www.sec.gov/Archives/edgar/data/1762239/000173112225000185/e6298_ex21-1.htm,2,Exhibit-21 found
KALA BIO Inc,1479419,True,https://www.sec.gov/Archives/edgar/data/1479419/000155837025004081/kala-20241231xex21d1.htm,1,Exhibit-21 found
Kaltura Inc,1432133,False,,0,"10-K found, but Exhibit-21 missing"
Kalvista Pharmaceuticals Inc,1348911,True,https://www.sec.gov/Archives/edgar/data/1348911/000095017025095011/kalv-ex21_1.htm,1,Exhibit-21 found
Karbon-X Corp,1729637,True,https://www.sec.gov/Archives/edgar/data/1729637/000147793225006766/karx_ex211.htm,4,Exhibit-21 found
Kartoon Studios Inc,1355848,True,https://www.sec.gov/Archives/edgar/data/1355848/000168316825002049/kartoon_ex2101.htm,3,Exhibit-21 found
Katapult Holdings Inc,1785424,False,,0,"10-K found, but Exhibit-21 missing"
Kaya Holdings Inc,1530746,False,,0,"10-K found, but Exhibit-21 missing"
Kayne Anderson BDC Inc,1747172,False,,0,"10-K found, but Exhibit-21 missing"
KB HOME,795266,False,,0,"10-K found, but Exhibit-21 missing"
KBR Inc,1357615,True,https://www.sec.gov/Archives/edgar/data/1357615/000135761525000018/kbr-ex211x1032025.htm,68,Exhibit-21 found
KBS Real Estate Investment Trust III Inc,1482430,False,,0,"10-K found, but Exhibit-21 missing"
Kearny Financial Corp,1617242,True,https://www.sec.gov/Archives/edgar/data/1617242/000161724225000056/krny-20250630ex21.htm,6,Exhibit-21 found
Keemo Fashion Group Ltd,1935033,False,,0,"10-K found, but Exhibit-21 missing"
Kellanova,55067,False,,0,"10-K found, but Exhibit-21 missing"
Kelly Services Inc,55135,False,,0,"10-K found, but Exhibit-21 missing"
Kemper Corp,860748,True,https://www.sec.gov/Archives/edgar/data/860748/000086074825000053/kmpr202412312024ex21.htm,77,Exhibit-21 found
Kentucky First Federal Bancorp,1297341,True,https://www.sec.gov/Archives/edgar/data/1297341/000121390025093967/ea025834401ex21_kentucky.htm,2,Exhibit-21 found
Kenvue Inc,1944048,False,,0,"10-K found, but Exhibit-21 missing"
Keurig Dr Pepper Inc,1418135,True,https://www.sec.gov/Archives/edgar/data/1418135/000141813525000013/kdp-ex211_20241231.htm,44,Exhibit-21 found
KEY Tronic Corp,719733,False,,0,"10-K found, but Exhibit-21 missing"
Keycorp /New/,91576,False,,0,"10-K found, but Exhibit-21 missing"
Kezar Life Sciences Inc,1645666,False,,0,"10-K found, but Exhibit-21 missing"
Kforce Inc,930420,False,,0,"10-K found, but Exhibit-21 missing"
Kheoba Corp,1909770,False,,0,"10-K found, but Exhibit-21 missing"
Kidpik Corp,70858,True,https://www.sec.gov/Archives/edgar/data/70858/000007085825000139/bac-1231202410xkex21.htm,34,Exhibit-21 found
Kilroy Realty Corp,1025996,False,,0,"10-K found, but Exhibit-21 missing"
Kimball Electronics Inc,1606757,False,,0,"10-K found, but Exhibit-21 missing"
Kimbell Royalty Partners LP,1657788,True,https://www.sec.gov/Archives/edgar/data/1657788/000155837025001800/krp-20241231xex21d1.htm,25,Exhibit-21 found
Kimberly Clark Corp,55785,False,,0,"10-K found, but Exhibit-21 missing"
Kimco Realty Corp,879101,True,https://www.sec.gov/Archives/edgar/data/879101/000095017025024723/kim-ex21_1.htm,2,Exhibit-21 found
Kinder Morgan Inc,1506307,False,,0,"10-K found, but Exhibit-21 missing"
Kindercare Learning Companies Inc,1873529,True,https://www.sec.gov/Archives/edgar/data/1873529/000095017025043210/klc-ex21_1.htm,56,Exhibit-21 found
Kindly MD Inc,1946573,True,https://www.sec.gov/Archives/edgar/data/1946573/000164117225001314/ex21-1.htm,0,Exhibit-21 found
Kineta Inc./De,nan,False,,0,"Error: ValueError(""invalid literal for int() with base 10: 'nan'"")"
Kinetic Group Inc,320193,False,,0,"10-K found, but Exhibit-21 missing"
Kinetic Seas Inc,1945619,False,,0,"10-K found, but Exhibit-21 missing"
Kinetik Holdings Inc,1692787,False,,0,"10-K found, but Exhibit-21 missing"
Kingsway Financial Services Inc,1072627,False,,0,"10-K found, but Exhibit-21 missing"
Kiniksa Pharmaceuticals International PLC,1730430,False,,0,"10-K found, but Exhibit-21 missing"
Kinsale Capital Group Inc,1669162,False,,0,"10-K found, but Exhibit-21 missing"
Kiora Pharmaceuticals Inc,1372514,False,,0,"10-K found, but Exhibit-21 missing"
Kirby Corp,56047,True,https://www.sec.gov/Archives/edgar/data/56047/000095017025022012/kex-ex21_1.htm,55,Exhibit-21 found
Kirkland S Inc,320193,False,,0,"10-K found, but Exhibit-21 missing"
Kiromic Biopharma Inc,320193,False,,0,"10-K found, but Exhibit-21 missing"
Kisses From Italy Inc,1608092,True,https://www.sec.gov/Archives/edgar/data/1608092/000168316824004856/kisses_ex2101.htm,4,Exhibit-21 found
KITE Realty Group Trust,1286043,False,,0,"10-K found, but Exhibit-21 missing"
KKR Income Opportunities Fund,1515940,False,,0,No 10-K found
KKR Real Estate Finance Trust Inc,1631596,False,,0,"10-K found, but Exhibit-21 missing"
KLA Corp,319201,False,,0,"10-K found, but Exhibit-21 missing"
Klaviyo Inc,1835830,False,,0,"10-K found, but Exhibit-21 missing"
Kldiscovery Inc,320193,False,,0,"10-K found, but Exhibit-21 missing"
Klotho Neurosciences Inc,1907223,True,https://www.sec.gov/Archives/edgar/data/1907223/000121390025026372/ea023205101ex21-1_klotho.htm,1,Exhibit-21 found
KLX Energy Services Holdings Inc,1738827,False,,0,"10-K found, but Exhibit-21 missing"
Knife River Corp,1955520,True,https://www.sec.gov/Archives/edgar/data/1955520/000195552025000010/a2024ex21.htm,29,Exhibit-21 found
Knightscope Inc,1600983,False,,0,"10-K found, but Exhibit-21 missing"
Knight-Swift Transportation Holdings Inc,1492691,True,https://www.sec.gov/Archives/edgar/data/1492691/000149269125000013/knx-ex21112312024.htm,26,Exhibit-21 found
KNOW LABS Inc,1067983,True,https://www.sec.gov/Archives/edgar/data/1067983/000095017025025210/brka-ex21.htm,219,Exhibit-21 found
Knowles Corp,1587523,False,,0,"10-K found, but Exhibit-21 missing"
Kodiak Gas Services Inc,1767042,True,https://www.sec.gov/Archives/edgar/data/1767042/000176704225000010/ex211listofsubsidiariesaso.htm,3,Exhibit-21 found
Kodiak Sciences Inc,1468748,True,https://www.sec.gov/Archives/edgar/data/1468748/000095017025046098/kod-ex21_1.htm,2,Exhibit-21 found
Koil Energy Solutions Inc,1110607,True,https://www.sec.gov/Archives/edgar/data/1110607/000168316825002554/koil_ex2101.htm,1,Exhibit-21 found
KONA GOLD Beverage Inc,1802546,False,,0,"10-K found, but Exhibit-21 missing"
Konatel Inc,845819,False,,0,"10-K found, but Exhibit-21 missing"
Kontoor Brands Inc,1760965,True,https://www.sec.gov/Archives/edgar/data/1760965/000176096525000011/kontoor202410-kex21.htm,21,Exhibit-21 found
Kopin Corp,771266,True,https://www.sec.gov/Archives/edgar/data/771266/000164117225005135/ex21-1.htm,4,Exhibit-21 found
Koppers Holdings Inc,1315257,True,https://www.sec.gov/Archives/edgar/data/1315257/000095017025028542/kop-ex21.htm,39,Exhibit-21 found
KORE Group Holdings Inc,1855457,True,https://www.sec.gov/Archives/edgar/data/1855457/000185545725000022/a2024ex211-listofsubsidiar.htm,20,Exhibit-21 found
KORN Ferry,56679,False,,0,"10-K found, but Exhibit-21 missing"
Korro Bio Inc,1703647,True,https://www.sec.gov/Archives/edgar/data/1703647/000095017025040759/krro-ex21_1.htm,3,Exhibit-21 found
KORU Medical Systems Inc,704440,False,,0,"10-K found, but Exhibit-21 missing"
Kosmos Energy Ltd,1509991,False,,0,"10-K found, but Exhibit-21 missing"
KOSS Corp,56701,False,,0,"10-K found, but Exhibit-21 missing"
Kraft Heinz Co,1637459,False,,0,"10-K found, but Exhibit-21 missing"
Kraig Biocraft Laboratories Inc,1413119,False,,0,"10-K found, but Exhibit-21 missing"
Kratos Defense & Security Solutions Inc,1069258,True,https://www.sec.gov/Archives/edgar/data/1069258/000106925825000008/ktos20241229ex-211.htm,44,Exhibit-21 found
Krispy Kreme Inc,1857154,False,,0,"10-K found, but Exhibit-21 missing"
Kroger Co,56873,True,https://www.sec.gov/Archives/edgar/data/56873/000155837025004267/kr-20250201xex21d1.htm,163,Exhibit-21 found
Kronos Advanced Technologies Inc,1108248,False,,0,"10-K found, but Exhibit-21 missing"
Kronos Bio Inc,320193,False,,0,"10-K found, but Exhibit-21 missing"
Kronos Worldwide Inc,1257640,True,https://www.sec.gov/Archives/edgar/data/1257640/000155837025002395/kro-20241231xex21d1.htm,6,Exhibit-21 found
Kuber Resources Corp,1081834,True,https://www.sec.gov/Archives/edgar/data/1081834/000121465925005928/ex21_1.htm,2,Exhibit-21 found
Kubient Inc,1326801,False,,0,"10-K found, but Exhibit-21 missing"
Kulicke & Soffa Industries Inc,56978,False,,0,"10-K found, but Exhibit-21 missing"
KULR Technology Group Inc,1662684,True,https://www.sec.gov/Archives/edgar/data/1662684/000141057825000551/tmb-20241231xex21d1.htm,0,Exhibit-21 found
Kura Oncology Inc,1422143,False,,0,"10-K found, but Exhibit-21 missing"
KURA Sushi USA Inc,1772177,False,,0,"10-K found, but Exhibit-21 missing"
KVH Industries Inc DE,1007587,True,https://www.sec.gov/Archives/edgar/data/1007587/000100758725000003/kvhi12312024ex211listofsub.htm,8,Exhibit-21 found
Kwikclick Inc,1884164,False,,0,"10-K found, but Exhibit-21 missing"
Kymera Therapeutics Inc,1815442,True,https://www.sec.gov/Archives/edgar/data/1815442/000095017025028355/kymr-ex21_1.htm,0,Exhibit-21 found
Kyndryl Holdings Inc,1867072,True,https://www.sec.gov/Archives/edgar/data/1867072/000155837025008282/kd-20250331xex21d1.htm,14,Exhibit-21 found
L3Harris Technologies Inc,202058,False,,0,"10-K found, but Exhibit-21 missing"
La Rosa Holdings Corp,1879403,True,https://www.sec.gov/Archives/edgar/data/1879403/000121390025032211/ea020343601ex21-1_larosa.htm,24,Exhibit-21 found
Ladder Capital Corp,1577670,True,https://www.sec.gov/Archives/edgar/data/1577670/000157767025000010/ladr12312024ex-211.htm,259,Exhibit-21 found
Ladrx Corp,799698,False,,0,"10-K found, but Exhibit-21 missing"
Laird Superfood Inc,1650696,False,,0,"10-K found, but Exhibit-21 missing"
LAKE Shore Bancorp Inc,2059653,False,,0,No 10-K found
Lakeland Financial Corp,721994,False,,0,"10-K found, but Exhibit-21 missing"
Lakeland Industries Inc,798081,False,,0,"10-K found, but Exhibit-21 missing"
Lakeside Holding Ltd,1996192,False,,0,"10-K found, but Exhibit-21 missing"
LAM Research Corp,707549,False,,0,"10-K found, but Exhibit-21 missing"
Lamb Weston Holdings Inc,1679273,False,,0,"10-K found, but Exhibit-21 missing"
Lancaster Colony Corp,1045810,False,,0,"10-K found, but Exhibit-21 missing"
Landbridge Co LLC,1995807,True,https://www.sec.gov/Archives/edgar/data/1995807/000095017025034049/lb-ex21_1.htm,10,Exhibit-21 found
Landmark Bancorp Inc,1141688,True,https://www.sec.gov/Archives/edgar/data/1141688/000164117225000643/ex21-1.htm,6,Exhibit-21 found
Lands END Inc,799288,True,https://www.sec.gov/Archives/edgar/data/799288/000095017025046044/le-ex21.htm,4,Exhibit-21 found
Landsea Homes Corp,1045810,False,,0,"10-K found, but Exhibit-21 missing"
Landstar System Inc,853816,True,https://www.sec.gov/Archives/edgar/data/853816/000119312525033543/d874247dex211.htm,26,Exhibit-21 found
Lantern Pharma Inc,1763950,False,,0,"10-K found, but Exhibit-21 missing"
Lantheus Holdings Inc,1521036,True,https://www.sec.gov/Archives/edgar/data/1521036/000162828025007970/ex211subsidiariesq42024.htm,18,Exhibit-21 found
Lantronix Inc,1114925,True,https://www.sec.gov/Archives/edgar/data/1114925/000168316825006532/lantronix_ex2101.htm,2,Exhibit-21 found
Lanzatech Global Inc,1843724,False,,0,"10-K found, but Exhibit-21 missing"
Laredo Oil Inc,1442492,False,,0,"10-K found, but Exhibit-21 missing"
Larimar Therapeutics Inc,1374690,True,https://www.sec.gov/Archives/edgar/data/1374690/000095017025043925/lrmr-ex21_1.htm,1,Exhibit-21 found
LAS Vegas Sands Corp,1300514,True,https://www.sec.gov/Archives/edgar/data/1300514/000130051425000040/lvs-ex211_20241231x10k.htm,6,Exhibit-21 found
Laser Photonics Corp,1807887,False,,0,"10-K found, but Exhibit-21 missing"
Latch Inc,1018724,True,https://www.sec.gov/Archives/edgar/data/1018724/000101872425000004/amzn-20241231xex211.htm,9,Exhibit-21 found
Latham Group Inc,1833197,True,https://www.sec.gov/Archives/edgar/data/1833197/000155837025002212/swim-20241231xex21d1.htm,12,Exhibit-21 found
Lattice Semiconductor Corp,855658,False,,0,"10-K found, but Exhibit-21 missing"
Launch One Acquisition Corp,2015502,False,,0,"10-K found, but Exhibit-21 missing"
Launch Two Acquisition Corp,2023676,False,,0,"10-K found, but Exhibit-21 missing"
Laureate Education Inc,912766,False,,0,"10-K found, but Exhibit-21 missing"
Lazard Global Total Return & Income FUND Inc,1278211,False,,0,No 10-K found
Lazard Inc,1311370,True,https://www.sec.gov/Archives/edgar/data/1311370/000162828025007441/laz-20241231xex211.htm,10,Exhibit-21 found
LA-Z-BOY Inc,57131,False,,0,"10-K found, but Exhibit-21 missing"
Lazydays Holdings Inc,1721741,False,,0,"10-K found, but Exhibit-21 missing"
LCI Industries,763744,True,https://www.sec.gov/Archives/edgar/data/763744/000076374425000022/lcii-12312024xex21xsubsidi.htm,32,Exhibit-21 found
LCNB Corp,1074902,False,,0,"10-K found, but Exhibit-21 missing"
Leafbuyer Technologies Inc,1643721,False,,0,"10-K found, but Exhibit-21 missing"
Leafly Holdings Inc /De,320193,False,,0,"10-K found, but Exhibit-21 missing"
LEAP Therapeutics Inc,1563577,True,https://www.sec.gov/Archives/edgar/data/1563577/000095017025047798/grtx-ex21_1.htm,2,Exhibit-21 found
LEAR Corp,842162,False,,0,"10-K found, but Exhibit-21 missing"
Leatt Corp,1456189,False,,0,"10-K found, but Exhibit-21 missing"
LEE Enterprises Inc,58361,True,https://www.sec.gov/Archives/edgar/data/58361/000005836125000040/lee10-k9292025ex21.htm,33,Exhibit-21 found
Leet Technology Inc,1962746,False,,0,No 10-K found
Legacy Education Alliance Inc,1836754,False,,0,"10-K found, but Exhibit-21 missing"
Legacy Housing Corp,1436208,False,,0,"10-K found, but Exhibit-21 missing"
legalzoom.com Inc,1286139,True,https://www.sec.gov/Archives/edgar/data/1286139/000128613925000044/ex211lz-2024123110xk.htm,2,Exhibit-21 found
Legato Merger Corp III,2002038,False,,0,"10-K found, but Exhibit-21 missing"
Leggett & Platt Inc,58492,True,https://www.sec.gov/Archives/edgar/data/58492/000005849225000136/legex21subsidiaries-q42024.htm,65,Exhibit-21 found
Lehman ABS Corp Goldman Sachs CAP 1 SEC Backed SER 2004-6,1284143,False,,0,"10-K found, but Exhibit-21 missing"
Leidos Holdings Inc,1336920,True,https://www.sec.gov/Archives/edgar/data/1336920/000133692025000006/ldos1032025ex21.htm,21,Exhibit-21 found
Lemaitre Vascular Inc,1158895,False,,0,"10-K found, but Exhibit-21 missing"
Lemonade Inc,1691421,False,,0,"10-K found, but Exhibit-21 missing"
Lendway Inc,875355,True,https://www.sec.gov/Archives/edgar/data/875355/000155837025003816/ldwy-20241231xex21d1.htm,6,Exhibit-21 found
Lennar Corp /New/,920760,False,,0,"10-K found, but Exhibit-21 missing"
Lennox International Inc,1069202,True,https://www.sec.gov/Archives/edgar/data/1069202/000162828025004859/lii-ex211_20241231x10k.htm,27,Exhibit-21 found
Lensar Inc,1320350,False,,0,"10-K found, but Exhibit-21 missing"
LENZ Therapeutics Inc,1815776,False,,0,"10-K found, but Exhibit-21 missing"
Leonardo DRS Inc,1833756,False,,0,"10-K found, but Exhibit-21 missing"
Leopard Energy Inc,1230524,False,,0,"10-K found, but Exhibit-21 missing"
Leslie S Inc,1821806,True,https://www.sec.gov/Archives/edgar/data/1821806/000095017024131476/lesl-ex21_1.htm,8,Exhibit-21 found
LEVI Strauss & Co,94845,True,https://www.sec.gov/Archives/edgar/data/94845/000009484525000005/lvis12012024ex-211.htm,22,Exhibit-21 found
Lexaria Bioscience Corp,1348362,False,,0,"10-K found, but Exhibit-21 missing"
Lexeo Therapeutics Inc,1907108,False,,0,"10-K found, but Exhibit-21 missing"
Lexicon Pharmaceuticals Inc,1062822,False,,0,"10-K found, but Exhibit-21 missing"
LGI Homes Inc,1580670,True,https://www.sec.gov/Archives/edgar/data/1580670/000158067025000016/a123124ex211.htm,47,Exhibit-21 found
LGL Group Inc,61004,False,,0,"10-K found, but Exhibit-21 missing"
Lianbio,1831283,False,,0,"10-K found, but Exhibit-21 missing"
Liberty Energy Inc,1694028,False,,0,"10-K found, but Exhibit-21 missing"
Liberty Global Ltd,1570585,True,https://www.sec.gov/Archives/edgar/data/1570585/000157058525000021/ex21subsidiaries123124.htm,37,Exhibit-21 found
Liberty Latin America Ltd,1712184,False,,0,"10-K found, but Exhibit-21 missing"
Liberty STAR Uranium & Metals Corp,1172178,True,https://www.sec.gov/Archives/edgar/data/1172178/000164117225008127/ex21-1.htm,4,Exhibit-21 found
Li-Cycle Holdings Corp,1045810,False,,0,"10-K found, but Exhibit-21 missing"
Life Time Group Holdings Inc,1869198,False,,0,"10-K found, but Exhibit-21 missing"
Life360 Inc,1581760,False,,0,"10-K found, but Exhibit-21 missing"
Lifecore Biomedical Inc DE,1005286,False,,0,"10-K found, but Exhibit-21 missing"
Lifeloc Technologies Inc,1493137,False,,0,"10-K found, but Exhibit-21 missing"
Lifemd Inc,948320,True,https://www.sec.gov/Archives/edgar/data/948320/000149315225009790/ex21-1.htm,1,Exhibit-21 found
Lifestance Health Group Inc,1845257,True,https://www.sec.gov/Archives/edgar/data/1845257/000095017025029100/lfst-ex21_1.htm,24,Exhibit-21 found
Lifetime Brands Inc,874396,True,https://www.sec.gov/Archives/edgar/data/874396/000162828025012650/lcutex21112312024.htm,7,Exhibit-21 found
Lifevantage Corp,849146,True,https://www.sec.gov/Archives/edgar/data/849146/000084914625000068/ex211listofsubsidiaries063.htm,8,Exhibit-21 found
Lifeward Ltd,1607962,False,,0,"10-K found, but Exhibit-21 missing"
Lifeway Foods Inc,814586,False,,0,"10-K found, but Exhibit-21 missing"
Ligand Pharmaceuticals Inc,886163,False,,0,"10-K found, but Exhibit-21 missing"
Light & Wonder Inc,750004,True,https://www.sec.gov/Archives/edgar/data/750004/000075000425000016/ex21-lnwlistofsubsidiaries.htm,29,Exhibit-21 found
Lightbridge Corp,1084554,False,,0,"10-K found, but Exhibit-21 missing"
Lightning Emotors Inc,320193,False,,0,"10-K found, but Exhibit-21 missing"
Lightpath Technologies Inc,889971,True,https://www.sec.gov/Archives/edgar/data/889971/000165495425011130/lpth_ex211.htm,4,Exhibit-21 found
Lightwave Logic Inc,1325964,False,,0,"10-K found, but Exhibit-21 missing"
Limbach Holdings Inc,1606163,True,https://www.sec.gov/Archives/edgar/data/1606163/000162828025011745/ex-211listofsubsidiaries12.htm,13,Exhibit-21 found
Limitless X Holdings Inc,1803977,False,,0,"10-K found, but Exhibit-21 missing"
Lincoln Educational Services Corp,1286613,True,https://www.sec.gov/Archives/edgar/data/1286613/000114036125006937/ef20039011_ex21-1.htm,6,Exhibit-21 found
Lincoln Electric Holdings Inc,59527,True,https://www.sec.gov/Archives/edgar/data/59527/000005952725000006/leco-20241231xex21.htm,39,Exhibit-21 found
Lincoln National Corp,59558,False,,0,"10-K found, but Exhibit-21 missing"
Lindblad Expeditions Holdings Inc,1512499,False,,0,"10-K found, but Exhibit-21 missing"
Linde PLC,1707925,True,https://www.sec.gov/Archives/edgar/data/1707925/000162828025007990/lindeplc10k-ex2101.htm,274,Exhibit-21 found
Lindsay Corp,836157,True,https://www.sec.gov/Archives/edgar/data/836157/000119312525248751/lnn-ex21.htm,13,Exhibit-21 found
Lineage Cell Therapeutics Inc,876343,True,https://www.sec.gov/Archives/edgar/data/876343/000095017025036309/lctx-ex21_1.htm,2,Exhibit-21 found
Lineage Inc,1868159,False,,0,"10-K found, but Exhibit-21 missing"
Lingerie Fighting Championships Inc,1407704,False,,0,"10-K found, but Exhibit-21 missing"
Linkbancorp Inc,1756701,True,https://www.sec.gov/Archives/edgar/data/1756701/000095017025047247/lnkb-ex21_1.htm,8,Exhibit-21 found
LION Copper & GOLD Corp,1339688,False,,0,"10-K found, but Exhibit-21 missing"
Lionheart Holdings,2015955,False,,0,"10-K found, but Exhibit-21 missing"
Lions GATE Entertainment Corp,1045810,False,,0,"10-K found, but Exhibit-21 missing"
Lionsgate Studios Corp,2052959,False,,0,"10-K found, but Exhibit-21 missing"
Lipella Pharmaceuticals Inc,1347242,False,,0,"10-K found, but Exhibit-21 missing"
Lipocine Inc,1535955,True,https://www.sec.gov/Archives/edgar/data/1535955/000149315225010146/ex21-1.htm,1,Exhibit-21 found
Liqtech International Inc,1307579,False,,0,"10-K found, but Exhibit-21 missing"
Liquidia Corp,1819576,True,https://www.sec.gov/Archives/edgar/data/1819576/000155837025003237/lqda-20241231xex21d1.htm,4,Exhibit-21 found
Liquidity Services Inc,1235468,True,https://www.sec.gov/Archives/edgar/data/1235468/000119312525289159/lqdt-ex21_1.htm,4,Exhibit-21 found
Liquidmetal Technologies Inc,1141240,False,,0,"10-K found, but Exhibit-21 missing"
Lisata Therapeutics Inc,320017,True,https://www.sec.gov/Archives/edgar/data/320017/000032001725000011/ex211to10k20241231.htm,1,Exhibit-21 found
Lithia Motors Inc,1023128,False,,0,"10-K found, but Exhibit-21 missing"
Littelfuse Inc /De,889331,False,,0,"10-K found, but Exhibit-21 missing"
Livanova PLC,1639691,True,https://www.sec.gov/Archives/edgar/data/1639691/000163969125000010/livn-20241231xex211.htm,18,Exhibit-21 found
Live Nation Entertainment Inc,1335258,True,https://www.sec.gov/Archives/edgar/data/1335258/000133525825000028/lyv-20241231xex211subsidia.htm,498,Exhibit-21 found
Live Oak Bancshares Inc,1462120,False,,0,"10-K found, but Exhibit-21 missing"
LIVE Ventures Inc,1045742,False,,0,"10-K found, but Exhibit-21 missing"
Livento Group Inc,1593549,False,,0,"10-K found, but Exhibit-21 missing"
Liveone Inc,1491419,False,,0,"10-K found, but Exhibit-21 missing"
Liveperson Inc,1102993,False,,0,"10-K found, but Exhibit-21 missing"
Liveramp Holdings Inc,733269,True,https://www.sec.gov/Archives/edgar/data/733269/000073326925000030/a2025q4ex21subsidiaries.htm,6,Exhibit-21 found
Livewire Group Inc,1898795,False,,0,"10-K found, but Exhibit-21 missing"
LKQ Corp,1065696,True,https://www.sec.gov/Archives/edgar/data/1065696/000106569625000015/lkq-ex211_20241231.htm,65,Exhibit-21 found
Loandepot Inc,1831631,False,,0,"10-K found, but Exhibit-21 missing"
Loar Holdings Inc,2000178,True,https://www.sec.gov/Archives/edgar/data/2000178/000095017025047242/ck0002000178-ex21_1.htm,22,Exhibit-21 found
Local Bounti Corporation/de,1840780,False,,0,"10-K found, but Exhibit-21 missing"
Lockheed Martin Corp,936468,True,https://www.sec.gov/Archives/edgar/data/936468/000093646825000009/ex21q42024.htm,9,Exhibit-21 found
Lode-Star Mining Inc,320193,False,,0,"10-K found, but Exhibit-21 missing"
Loews Corp,60086,False,,0,"10-K found, but Exhibit-21 missing"
Logan Ridge Finance Corp,1045810,False,,0,"10-K found, but Exhibit-21 missing"
Logicmark Inc,1566826,False,,0,"10-K found, but Exhibit-21 missing"
Logiq Inc,1018724,True,https://www.sec.gov/Archives/edgar/data/1018724/000101872425000004/amzn-20241231xex211.htm,9,Exhibit-21 found
Logitech International SA,1032975,False,,0,"10-K found, but Exhibit-21 missing"
Longboard Pharmaceuticals Inc,1691082,False,,0,No 10-K found
Longduoduo Co Ltd,1892316,True,https://www.sec.gov/Archives/edgar/data/1892316/000121390025091988/ea025818101ex21_longduo.htm,9,Exhibit-21 found
Longeveron Inc,1721484,False,,0,"10-K found, but Exhibit-21 missing"
Loop Industries Inc,1504678,False,,0,"10-K found, but Exhibit-21 missing"
Loop Media Inc,1643988,True,https://www.sec.gov/Archives/edgar/data/1643988/000149315224049828/ex21-1.htm,2,Exhibit-21 found
Lovesac Co,1701758,False,,0,"10-K found, but Exhibit-21 missing"
Lowes Companies Inc,60667,False,,0,"10-K found, but Exhibit-21 missing"
LPL Financial Holdings Inc,1397911,False,,0,"10-K found, but Exhibit-21 missing"
LQR House Inc,1843165,False,,0,"10-K found, but Exhibit-21 missing"
LSB Industries Inc,60714,True,https://www.sec.gov/Archives/edgar/data/60714/000095017025029046/lxu-ex21_1.htm,5,Exhibit-21 found
LSEB Creative Corp,1888740,False,,0,"10-K found, but Exhibit-21 missing"
LSI Industries Inc,763532,False,,0,"10-K found, but Exhibit-21 missing"
LTC Properties Inc,887905,True,https://www.sec.gov/Archives/edgar/data/887905/000155837025001395/ltc-20241231xex21.htm,33,Exhibit-21 found
Lucky Strike Entertainment Corp,1840572,True,https://www.sec.gov/Archives/edgar/data/1840572/000184057225000012/bowl-ex211x063024subsidiar.htm,1,Exhibit-21 found
Lucy Scientific Discovery Inc,320193,False,,0,"10-K found, but Exhibit-21 missing"
Lululemon Athletica Inc,1397187,True,https://www.sec.gov/Archives/edgar/data/1397187/000139718725000013/lulu-20250202xex211.htm,17,Exhibit-21 found
Lumen Technologies Inc,18926,True,https://www.sec.gov/Archives/edgar/data/18926/000001892625000010/lumn20241231ex21.htm,160,Exhibit-21 found
Lument Finance Trust Inc,1547546,True,https://www.sec.gov/Archives/edgar/data/1547546/000162828025013886/lft10-k20241231_ex21x1.htm,14,Exhibit-21 found
Lumentum Holdings Inc,1633978,True,https://www.sec.gov/Archives/edgar/data/1633978/000162828025040830/liteq425-ex211.htm,20,Exhibit-21 found
Luminar Technologies Inc./de,1758057,False,,0,"10-K found, but Exhibit-21 missing"
Lumos Pharma Inc,320193,False,,0,"10-K found, but Exhibit-21 missing"
Luvu Brands Inc,1374567,False,,0,"10-K found, but Exhibit-21 missing"
Luxfer Holdings PLC,1096056,False,,0,"10-K found, but Exhibit-21 missing"
Luxurban Hotels Inc,320193,False,,0,"10-K found, but Exhibit-21 missing"
Lvpai Group Ltd,831378,False,,0,"10-K found, but Exhibit-21 missing"
LXP Industrial Trust,910108,True,https://www.sec.gov/Archives/edgar/data/910108/000144483825000023/ex21listofsubsidiaries2024.htm,171,Exhibit-21 found
Lyell Immunopharma Inc,1806952,False,,0,"10-K found, but Exhibit-21 missing"
Lyft Inc,1759509,False,,0,"10-K found, but Exhibit-21 missing"
Lyra Therapeutics Inc,1327273,False,,0,"10-K found, but Exhibit-21 missing"
LZG International Inc,854775,True,https://www.sec.gov/Archives/edgar/data/854775/000085477525000026/dgii-ex21_2025930x10xk.htm,12,Exhibit-21 found
M&T BANK Corp,36270,True,https://www.sec.gov/Archives/edgar/data/36270/000162828025006267/ex211subsidiaries.htm,1,Exhibit-21 found
M/I Homes Inc,799292,False,,0,"10-K found, but Exhibit-21 missing"
M3-Brigade Acquisition V Corp,2016072,False,,0,"10-K found, but Exhibit-21 missing"
Macerich Co,912242,True,https://www.sec.gov/Archives/edgar/data/912242/000091224225000023/mac-20241231xex211xsubsidi.htm,83,Exhibit-21 found
MACH Natural Resources LP,1980088,False,,0,"10-K found, but Exhibit-21 missing"
Machten Inc,1957783,False,,0,No 10-K found
Mackenzie Realty Capital Inc,1550913,True,https://www.sec.gov/Archives/edgar/data/1550913/000114036125036540/ef20050374_ex21-1.htm,21,Exhibit-21 found
Macom Technology Solutions Holdings Inc,1493594,True,https://www.sec.gov/Archives/edgar/data/1493594/000149359425000054/ex21110-k2025.htm,13,Exhibit-21 found
Macreport NET Inc,1143994,False,,0,No 10-K found
Macrogenics Inc,1125345,False,,0,"10-K found, but Exhibit-21 missing"
Macy S Inc,794367,True,https://www.sec.gov/Archives/edgar/data/794367/000162828025014315/m-20250201xex21.htm,24,Exhibit-21 found
Madison Square Garden Entertainment Corp,1952073,False,,0,"10-K found, but Exhibit-21 missing"
Madison Square Garden Sports Corp,1636519,False,,0,"10-K found, but Exhibit-21 missing"
Madrigal Pharmaceuticals Inc,1157601,False,,0,"10-K found, but Exhibit-21 missing"
Mag Magna Corp,1949864,False,,0,"10-K found, but Exhibit-21 missing"
Magellan Copper & GOLD Inc,320193,False,,0,"10-K found, but Exhibit-21 missing"
Magnachip Semiconductor Corp,1325702,True,https://www.sec.gov/Archives/edgar/data/1325702/000119312525054851/d920621dex211.htm,8,Exhibit-21 found
Magnera Corp,41719,False,,0,"10-K found, but Exhibit-21 missing"
Magnite Inc,1595974,False,,0,"10-K found, but Exhibit-21 missing"
Magnolia Bancorp Inc,2033615,False,,0,"10-K found, but Exhibit-21 missing"
Magnolia Oil & Gas Corp,1698990,True,https://www.sec.gov/Archives/edgar/data/1698990/000169899025000006/ex211-subsidiariesxye24.htm,5,Exhibit-21 found
Magyar Bancorp Inc,1337068,False,,0,"10-K found, but Exhibit-21 missing"
MAIA Biotechnology Inc,1878313,False,,0,"10-K found, but Exhibit-21 missing"
Main Street Capital Corp,1396440,False,,0,"10-K found, but Exhibit-21 missing"
Mainstreet Bancshares Inc,1693577,False,,0,"10-K found, but Exhibit-21 missing"
Maison Solutions Inc,1892292,False,,0,"10-K found, but Exhibit-21 missing"
Malibu Boats Inc,1590976,False,,0,"10-K found, but Exhibit-21 missing"
Mama S Creations Inc,1520358,False,,0,"10-K found, but Exhibit-21 missing"
Mammoth Energy Services Inc,1679268,False,,0,"10-K found, but Exhibit-21 missing"
Mangoceuticals Inc,1938046,True,https://www.sec.gov/Archives/edgar/data/1938046/000164117225000085/ex21-1.htm,7,Exhibit-21 found
Manhattan Associates Inc,1056696,True,https://www.sec.gov/Archives/edgar/data/1056696/000095017025016295/manh-ex21.htm,5,Exhibit-21 found
Manhattan Bridge Capital Inc,1080340,False,,0,"10-K found, but Exhibit-21 missing"
Manhattan Scientifics Inc,320193,False,,0,"10-K found, but Exhibit-21 missing"
Manitex International Inc,749098,False,,0,No 10-K found
Manitowoc Co Inc,61986,True,https://www.sec.gov/Archives/edgar/data/61986/000095017025024838/mtw-ex21.htm,37,Exhibit-21 found
Mannatech Inc,1056358,False,,0,"10-K found, but Exhibit-21 missing"
Mannkind Corp,899460,False,,0,"10-K found, but Exhibit-21 missing"
Manpowergroup Inc,871763,True,https://www.sec.gov/Archives/edgar/data/871763/000095017025023186/man-ex21.htm,89,Exhibit-21 found
Maplebear Inc,1579091,False,,0,"10-K found, but Exhibit-21 missing"
Maquia Capital Acquisition Corp,2086524,False,,0,No 10-K found
MARA Holdings Inc,1507605,False,,0,"10-K found, but Exhibit-21 missing"
Marathon Bancorp Inc,1835385,True,https://www.sec.gov/Archives/edgar/data/1835385/000110465925093884/mara-20250630xex21.htm,3,Exhibit-21 found
Marathon Petroleum Corp,1510295,True,https://www.sec.gov/Archives/edgar/data/1510295/000151029525000012/mpc-20241231xex211.htm,130,Exhibit-21 found
Maravai Lifesciences Holdings Inc,1823239,True,https://www.sec.gov/Archives/edgar/data/1823239/000182323925000034/mrvi-2024form10xkxex211xli.htm,14,Exhibit-21 found
Marblegate Acquisition Corp,1998781,False,,0,"10-K found, but Exhibit-21 missing"
Marchex Inc,1224133,True,https://www.sec.gov/Archives/edgar/data/1224133/000095017025039513/mchx-ex21_1.htm,10,Exhibit-21 found
Marcus & Millichap Inc,1578732,False,,0,"10-K found, but Exhibit-21 missing"
Marcus Corp,62234,True,https://www.sec.gov/Archives/edgar/data/62234/000006223425000006/mcs-20241226xex21.htm,80,Exhibit-21 found
Marimed Inc,1522767,True,https://www.sec.gov/Archives/edgar/data/1522767/000152276725000014/ex211subsidiariesoftheregi.htm,21,Exhibit-21 found
Marin Software Inc,320193,False,,0,"10-K found, but Exhibit-21 missing"
Marinus Pharmaceuticals Inc,1671858,False,,0,"10-K found, but Exhibit-21 missing"
Marizyme Inc,1522767,True,https://www.sec.gov/Archives/edgar/data/1522767/000152276725000014/ex211subsidiariesoftheregi.htm,21,Exhibit-21 found
Marker Therapeutics Inc,1094038,True,https://www.sec.gov/Archives/edgar/data/1094038/000141057825000549/mrkr-20241231xex21d1.htm,3,Exhibit-21 found
Marketwise Inc,1805651,False,,0,"10-K found, but Exhibit-21 missing"
Markforged Holding Corp,1045810,False,,0,"10-K found, but Exhibit-21 missing"
Marky Corp,34088,False,,0,"10-K found, but Exhibit-21 missing"
Marpai Inc,1844392,False,,0,"10-K found, but Exhibit-21 missing"
Marqeta Inc,1522540,False,,0,"10-K found, but Exhibit-21 missing"
Marquie Group Inc,1434601,True,https://www.sec.gov/Archives/edgar/data/1434601/000168316825006872/marquie_ex2101.htm,1,Exhibit-21 found
Marriott International Inc,1048286,False,,0,"10-K found, but Exhibit-21 missing"
Marriott Vacations Worldwide Corp,1524358,True,https://www.sec.gov/Archives/edgar/data/1524358/000152435825000044/a2024ex211xsubsidiarieslis.htm,230,Exhibit-21 found
Mars Acquisition Corp,2071607,False,,0,No 10-K found
Marsh & Mclennan Companies Inc,62709,False,,0,"10-K found, but Exhibit-21 missing"
Marten Transport Ltd,799167,False,,0,"10-K found, but Exhibit-21 missing"
Martin Marietta Materials Inc,916076,True,https://www.sec.gov/Archives/edgar/data/916076/000095017025024770/mlm-ex21_01.htm,82,Exhibit-21 found
Martin Midstream Partners LP,1176334,False,,0,"10-K found, but Exhibit-21 missing"
Marvell Technology Inc,1835632,False,,0,"10-K found, but Exhibit-21 missing"
Marvion Inc,1439264,True,https://www.sec.gov/Archives/edgar/data/1439264/000168316825002807/marvion_ex2100.htm,1,Exhibit-21 found
Marygold Companies Inc,1005101,True,https://www.sec.gov/Archives/edgar/data/1005101/000149315225014286/ex21-1.htm,11,Exhibit-21 found
Masco Corp,62996,False,,0,"10-K found, but Exhibit-21 missing"
Masimo Corp,937556,True,https://www.sec.gov/Archives/edgar/data/937556/000093755625000032/masi-20241228x10kex211.htm,66,Exhibit-21 found
MASS Megawatts WIND Power Inc,1117228,False,,0,"10-K found, but Exhibit-21 missing"
Massimo Group,1952853,False,,0,"10-K found, but Exhibit-21 missing"
Mastec Inc,15615,True,https://www.sec.gov/Archives/edgar/data/15615/000001561525000021/mtz12312410-kex211.htm,158,Exhibit-21 found
Mastech Digital Inc,1437226,True,https://www.sec.gov/Archives/edgar/data/1437226/000119312525054447/d818212dex211.htm,15,Exhibit-21 found
Masterbrand Inc,1941365,False,,0,"10-K found, but Exhibit-21 missing"
Mastercard Inc,1141391,False,,0,"10-K found, but Exhibit-21 missing"
Mastercraft Boat Holdings Inc,1638290,True,https://www.sec.gov/Archives/edgar/data/1638290/000095017025111682/mcft-ex21_1.htm,5,Exhibit-21 found
Matador Resources Co,1520006,True,https://www.sec.gov/Archives/edgar/data/1520006/000152000625000066/a20241231mtdr10-kex211.htm,35,Exhibit-21 found
Match Group Inc,891103,True,https://www.sec.gov/Archives/edgar/data/891103/000089110325000027/mtch10-k20241231ex211.htm,52,Exhibit-21 found
Materion Corp,1104657,True,https://www.sec.gov/Archives/edgar/data/1104657/000110465725000024/mtrn-ex21_20241231.htm,18,Exhibit-21 found
Matinas Biopharma Holdings Inc,1582554,True,https://www.sec.gov/Archives/edgar/data/1582554/000164117225004882/ex21-1.htm,2,Exhibit-21 found
Mativ Holdings Inc,1000623,True,https://www.sec.gov/Archives/edgar/data/1000623/000100062325000009/ex211q42024subsidiaries.htm,47,Exhibit-21 found
Matson Inc,3453,True,https://www.sec.gov/Archives/edgar/data/3453/000155837025001875/matx-20241231xex21.htm,31,Exhibit-21 found
Mattel Inc,63276,True,https://www.sec.gov/Archives/edgar/data/63276/000162828025007887/ex210202410-k.htm,10,Exhibit-21 found
Matterport Inc./de,nan,False,,0,"Error: ValueError(""invalid literal for int() with base 10: 'nan'"")"
MAUI LAND & Pineapple Co Inc,63330,False,,0,"10-K found, but Exhibit-21 missing"
Mawson Infrastructure Group Inc,1218683,True,https://www.sec.gov/Archives/edgar/data/1218683/000101376225004161/ea023433201ex21-1_mawson.htm,16,Exhibit-21 found
Maxcyte Inc,1287098,True,https://www.sec.gov/Archives/edgar/data/1287098/000155837025002721/mxct-20241231xex21d1.htm,2,Exhibit-21 found
Maximus Inc,1032220,True,https://www.sec.gov/Archives/edgar/data/1032220/000103222025000053/a211-mmsx2025x09x30xxex211.htm,24,Exhibit-21 found
Maxlinear Inc,1288469,False,,0,"10-K found, but Exhibit-21 missing"
MAYS J W Inc,54187,False,,0,"10-K found, but Exhibit-21 missing"
Mayville Engineering Company Inc,1766368,True,https://www.sec.gov/Archives/edgar/data/1766368/000155837025002369/tmb-20241231xex21.htm,8,Exhibit-21 found
MBIA Inc,814585,True,https://www.sec.gov/Archives/edgar/data/814585/000095017025029081/mbi-ex21.htm,6,Exhibit-21 found
MBX Biosciences Inc,1776111,False,,0,"10-K found, but Exhibit-21 missing"
Mccormick & Co Inc,63754,True,https://www.sec.gov/Archives/edgar/data/63754/000006375425000005/mkc-11302024xex21.htm,21,Exhibit-21 found
Mcdonalds Corp,63908,True,https://www.sec.gov/Archives/edgar/data/63908/000006390825000012/mcd-ex2110xk.htm,11,Exhibit-21 found
Mcewen Mining Inc,320193,False,,0,"10-K found, but Exhibit-21 missing"
Mcgrath Rentcorp,752714,True,https://www.sec.gov/Archives/edgar/data/752714/000095017025023116/mgrc-ex21_1.htm,9,Exhibit-21 found
Mckesson Corp,927653,False,,0,"10-K found, but Exhibit-21 missing"
MDB Capital Holdings LLC,1934642,True,https://www.sec.gov/Archives/edgar/data/1934642/000164117225001819/ex21-1.htm,5,Exhibit-21 found
MDU Resources Group Inc,67716,True,https://www.sec.gov/Archives/edgar/data/67716/000006771625000016/a2024ex21.htm,18,Exhibit-21 found
Mdwerks Inc,1295514,False,,0,"10-K found, but Exhibit-21 missing"
Medalist Diversified REIT Inc,1654595,True,https://www.sec.gov/Archives/edgar/data/1654595/000155837025001807/mdrr-20241231xex21d1.htm,15,Exhibit-21 found
Medallion Financial Corp,1000209,True,https://www.sec.gov/Archives/edgar/data/1000209/000095017025038693/mfin-ex21_1.htm,4,Exhibit-21 found
Mediaalpha Inc,1818383,False,,0,"10-K found, but Exhibit-21 missing"
Mediaco Holding Inc,1784254,True,https://www.sec.gov/Archives/edgar/data/1784254/000178425425000004/mdia-ex21x20241231.htm,24,Exhibit-21 found
Medical Properties Trust Inc,1287865,True,https://www.sec.gov/Archives/edgar/data/1287865/000095017025030989/mpw-ex21_1.htm,321,Exhibit-21 found
Medicine Man Technologies Inc,320193,False,,0,"10-K found, but Exhibit-21 missing"
Medies,nan,False,,0,"Error: ValueError(""invalid literal for int() with base 10: 'nan'"")"
Medifast Inc,910329,True,https://www.sec.gov/Archives/edgar/data/910329/000162828025006094/med-20241231x10kxex211.htm,5,Exhibit-21 found
Medinotec Inc,1931055,False,,0,"10-K found, but Exhibit-21 missing"
Medmen Enterprises Inc,58361,True,https://www.sec.gov/Archives/edgar/data/58361/000005836125000040/lee10-k9292025ex21.htm,33,Exhibit-21 found
Medpace Holdings Inc,1668397,False,,0,"10-K found, but Exhibit-21 missing"
Medtronic PLC,1613103,True,https://www.sec.gov/Archives/edgar/data/1613103/000161310325000091/mdt-202510kxex21.htm,183,Exhibit-21 found
MEI Pharma Inc,1326205,True,https://www.sec.gov/Archives/edgar/data/1326205/000118518525000706/igcex21-1.htm,7,Exhibit-21 found
Meiragtx Holdings PLC,1735438,True,https://www.sec.gov/Archives/edgar/data/1735438/000155837025002867/mgtx-20241231xex21.htm,7,Exhibit-21 found
Melar Acquisition Corp I/cayman,2016221,False,,0,"10-K found, but Exhibit-21 missing"
Mentor Capital Inc,1599117,True,https://www.sec.gov/Archives/edgar/data/1599117/000164117225001620/ex21-1.htm,4,Exhibit-21 found
Mercadolibre Inc,1099590,False,,0,"10-K found, but Exhibit-21 missing"
Mercantile BANK Corp,1042729,False,,0,"10-K found, but Exhibit-21 missing"
Mercer Bancorp Inc,1967306,False,,0,"10-K found, but Exhibit-21 missing"
Mercer International Inc,1333274,True,https://www.sec.gov/Archives/edgar/data/1333274/000095017025024217/merc-ex21_1.htm,4,Exhibit-21 found
Merchants Bancorp,1629019,True,https://www.sec.gov/Archives/edgar/data/1629019/000155837025001941/mbin-20241231xex21.htm,36,Exhibit-21 found
Merck & Co Inc,310158,False,,0,"10-K found, but Exhibit-21 missing"
Mercury General Corp,64996,True,https://www.sec.gov/Archives/edgar/data/64996/000006499625000013/mcy-20241231xex211.htm,23,Exhibit-21 found
Mercury Systems Inc,1049521,False,,0,"10-K found, but Exhibit-21 missing"
Mereo Biopharma Group PLC,1719714,False,,0,"10-K found, but Exhibit-21 missing"
Meridian Corp,1750735,True,https://www.sec.gov/Archives/edgar/data/1750735/000175073525000011/mrbk_ex211x12312024.htm,1,Exhibit-21 found
Meridianlink Inc,320193,False,,0,"10-K found, but Exhibit-21 missing"
Merit Medical Systems Inc,856982,True,https://www.sec.gov/Archives/edgar/data/856982/000085698225000011/mmsi-20241231xex21.htm,26,Exhibit-21 found
Meritage Homes Corp,833079,True,https://www.sec.gov/Archives/edgar/data/833079/000083307925000021/mth2024123110kex21.htm,35,Exhibit-21 found
Merrill Lynch Depositor Inc Indexplus Trust Series 2003-1,1267332,False,,0,"10-K found, but Exhibit-21 missing"
Mersana Therapeutics Inc,1442836,False,,0,"10-K found, but Exhibit-21 missing"
Merus NV,1651311,False,,0,"10-K found, but Exhibit-21 missing"
MESA AIR Group Inc,320193,False,,0,"10-K found, but Exhibit-21 missing"
MESA Laboratories Inc,724004,False,,0,"10-K found, but Exhibit-21 missing"
MESA Royalty Trust/Tx,313364,False,,0,"10-K found, but Exhibit-21 missing"
Mesabi Trust,65172,False,,0,"10-K found, but Exhibit-21 missing"
META Materials Inc,918646,True,https://www.sec.gov/Archives/edgar/data/918646/000095017025075321/exp-ex21.htm,28,Exhibit-21 found
Meta Platforms Inc,1326801,False,,0,"10-K found, but Exhibit-21 missing"
Metagenomi Inc,1785279,False,,0,"10-K found, but Exhibit-21 missing"
Metal Sky Star Acquisition Corp,1882464,True,https://www.sec.gov/Archives/edgar/data/1882464/000164117225001754/ex21-1.htm,0,Exhibit-21 found
Metallus Inc,1598428,True,https://www.sec.gov/Archives/edgar/data/1598428/000095017025029085/mtus-ex21_1.htm,3,Exhibit-21 found
Metavia Inc,1638287,True,https://www.sec.gov/Archives/edgar/data/1638287/000155837025003386/mtva-20241231xex21d1.htm,2,Exhibit-21 found
Methode Electronics Inc,65270,True,https://www.sec.gov/Archives/edgar/data/65270/000095017025094822/mei-ex21.htm,29,Exhibit-21 found
Metlife Inc,1099219,False,,0,"10-K found, but Exhibit-21 missing"
Metro ONE Telecommunications Inc,320193,False,,0,"10-K found, but Exhibit-21 missing"
Metropolitan Bank Holding Corp,1476034,False,,0,"10-K found, but Exhibit-21 missing"
MFA Financial Inc,1055160,False,,0,"10-K found, but Exhibit-21 missing"
MGE Energy Inc,1161728,True,https://www.sec.gov/Archives/edgar/data/1161728/000095017025026262/mgee-ex21.htm,12,Exhibit-21 found
MGIC Investment Corp,876437,True,https://www.sec.gov/Archives/edgar/data/876437/000087643725000036/mtg-123124xex21q42024.htm,2,Exhibit-21 found
MGM Resorts International,789570,False,,0,"10-K found, but Exhibit-21 missing"
MGO Global Inc,34067,False,,0,"10-K found, but Exhibit-21 missing"
MGP Ingredients Inc,835011,True,https://www.sec.gov/Archives/edgar/data/835011/000162828025007962/ex2112312024-10xk.htm,3,Exhibit-21 found
MGT Capital Investments Inc,320193,False,,0,"10-K found, but Exhibit-21 missing"
Miami Breeze CAR CARE Inc,1872066,False,,0,"10-K found, but Exhibit-21 missing"
Microbot Medical Inc,883975,False,,0,"10-K found, but Exhibit-21 missing"
Microchip Technology Inc,827054,True,https://www.sec.gov/Archives/edgar/data/827054/000082705425000077/ex211q4fy25.htm,16,Exhibit-21 found
micromobility.com Inc,1788841,True,https://www.sec.gov/Archives/edgar/data/1788841/000107997325000651/ex21x1.htm,14,Exhibit-21 found
Micron Technology Inc,723125,True,https://www.sec.gov/Archives/edgar/data/723125/000072312525000028/a2025q4ex211-subsidiarieso.htm,13,Exhibit-21 found
Micropac Industries Inc,72162,True,https://www.sec.gov/Archives/edgar/data/72162/000155837025002417/nl-20241231xex21d1.htm,5,Exhibit-21 found
Microstrategy Inc,320193,False,,0,"10-K found, but Exhibit-21 missing"
Microvast Holdings Inc,1760689,True,https://www.sec.gov/Archives/edgar/data/1760689/000176068925000010/mvst20241231ex211subsidiar.htm,10,Exhibit-21 found
Microvision Inc,65770,True,https://www.sec.gov/Archives/edgar/data/65770/000164117225000783/ex21-1.htm,0,Exhibit-21 found
MID America Apartment Communities Inc,912595,True,https://www.sec.gov/Archives/edgar/data/912595/000095017025016287/maa-ex21_1.htm,45,Exhibit-21 found
MID PENN Bancorp Inc,879635,False,,0,"10-K found, but Exhibit-21 missing"
Midcap Financial Investment Corp,1278752,False,,0,"10-K found, but Exhibit-21 missing"
Middleby Corp,769520,True,https://www.sec.gov/Archives/edgar/data/769520/000076952025000009/midd-ex21x2024122824x10k.htm,115,Exhibit-21 found
Middlefield BANC Corp,836147,False,,0,"10-K found, but Exhibit-21 missing"
Midland States Bancorp Inc,1466026,False,,0,"10-K found, but Exhibit-21 missing"
Milestone Pharmaceuticals Inc,1408443,False,,0,"10-K found, but Exhibit-21 missing"
Mill City Ventures III Ltd,1144967,False,,0,No 10-K found
Miller Industries Inc,924822,True,https://www.sec.gov/Archives/edgar/data/924822/000155837025002276/mlr-20241231xex21.htm,7,Exhibit-21 found
Millerknoll Inc,66382,False,,0,"10-K found, but Exhibit-21 missing"
Mills Music Trust,66496,False,,0,"10-K found, but Exhibit-21 missing"
Mimedx Group Inc,1376339,True,https://www.sec.gov/Archives/edgar/data/1376339/000137633925000009/ex211subsidiaries12312024.htm,3,Exhibit-21 found
Mind Medicine Mindmed Inc,1813814,False,,0,"10-K found, but Exhibit-21 missing"
MIND Technology Inc,926423,False,,0,"10-K found, but Exhibit-21 missing"
Minerals Technologies Inc,891014,False,,0,"10-K found, but Exhibit-21 missing"
Mineralys Therapeutics Inc,1933414,False,,0,"10-K found, but Exhibit-21 missing"
Minerva Gold Inc,1854816,False,,0,"10-K found, but Exhibit-21 missing"
Minerva Neurosciences Inc,1598646,False,,0,"10-K found, but Exhibit-21 missing"
MIRA Pharmaceuticals Inc,1904286,False,,0,"10-K found, but Exhibit-21 missing"
Mirion Technologies Inc,1809987,False,,0,"10-K found, but Exhibit-21 missing"
Mirum Pharmaceuticals Inc,1759425,False,,0,"10-K found, but Exhibit-21 missing"
Mission Produce Inc,1802974,False,,0,"10-K found, but Exhibit-21 missing"
Mister Car Wash Inc,1853513,True,https://www.sec.gov/Archives/edgar/data/1853513/000095017025024533/mcw-ex21_1.htm,58,Exhibit-21 found
Mistras Group Inc,1436126,False,,0,"10-K found, but Exhibit-21 missing"
Mitek Systems Inc,807863,False,,0,"10-K found, but Exhibit-21 missing"
MJ Holdings Inc,1547903,False,,0,"10-K found, but Exhibit-21 missing"
MKS Instruments Inc,320193,False,,0,"10-K found, but Exhibit-21 missing"
MMEX Resources Corp,1440799,False,,0,"10-K found, but Exhibit-21 missing"
Moatable Inc,1509223,True,https://www.sec.gov/Archives/edgar/data/1509223/000141057825000746/mtbl-20241231xex21d1.htm,13,Exhibit-21 found
Mobile Global Esports Inc,1886362,False,,0,"10-K found, but Exhibit-21 missing"
Mobile Infrastructure Corp,1847874,False,,0,"10-K found, but Exhibit-21 missing"
Mobileye Global Inc,1910139,True,https://www.sec.gov/Archives/edgar/data/1910139/000141057825000127/mbly-20241228xex21d1.htm,7,Exhibit-21 found
Mobiquity Technologies Inc,1084267,False,,0,"10-K found, but Exhibit-21 missing"
Mobivity Holdings Corp,1447380,False,,0,"10-K found, but Exhibit-21 missing"
Mobix LABS Inc,1855467,False,,0,"10-K found, but Exhibit-21 missing"
Moderna Inc,1682852,False,,0,"10-K found, but Exhibit-21 missing"
Modine Manufacturing Co,67347,True,https://www.sec.gov/Archives/edgar/data/67347/000155837025008058/mod-20250331xex21.htm,20,Exhibit-21 found
Modiv Industrial Inc,1645873,True,https://www.sec.gov/Archives/edgar/data/1645873/000164587325000027/modivreit-20241231xex211xs.htm,35,Exhibit-21 found
Modivcare Inc,1220754,True,https://www.sec.gov/Archives/edgar/data/1220754/000122075425000008/ex211-subsidiarylistx2024.htm,68,Exhibit-21 found
Modular Medical Inc,1074871,False,,0,"10-K found, but Exhibit-21 missing"
Moelis & Co,1596967,True,https://www.sec.gov/Archives/edgar/data/1596967/000095017025029070/mc-ex21_1.htm,20,Exhibit-21 found
Mohawk Industries Inc,851968,False,,0,"10-K found, but Exhibit-21 missing"
Molecular Templates Inc,320193,False,,0,"10-K found, but Exhibit-21 missing"
Moleculin Biotech Inc,1659617,False,,0,"10-K found, but Exhibit-21 missing"
Molina Healthcare Inc,1179929,True,https://www.sec.gov/Archives/edgar/data/1179929/000117992925000023/moh4q24_ex211.htm,49,Exhibit-21 found
Molson Coors Beverage Co,24545,True,https://www.sec.gov/Archives/edgar/data/24545/000002454525000007/tapex21_2024123110-k.htm,12,Exhibit-21 found
Monarch Casino & Resort Inc,907242,False,,0,"10-K found, but Exhibit-21 missing"
Mondee Holdings Inc,1819395,False,,0,"10-K found, but Exhibit-21 missing"
Mondelez International Inc,1103982,True,https://www.sec.gov/Archives/edgar/data/1103982/000110398225000030/ex211_123124.htm,100,Exhibit-21 found
Moneylion Inc,1067983,True,https://www.sec.gov/Archives/edgar/data/1067983/000095017025025210/brka-ex21.htm,219,Exhibit-21 found
Mongodb Inc,1441816,False,,0,"10-K found, but Exhibit-21 missing"
Monogram Technologies Inc,1321834,False,,0,"10-K found, but Exhibit-21 missing"
Monolithic Power Systems Inc,1280452,False,,0,"10-K found, but Exhibit-21 missing"
Monopar Therapeutics,1645469,False,,0,"10-K found, but Exhibit-21 missing"
Monro Inc,876427,False,,0,"10-K found, but Exhibit-21 missing"
Monroe Federal Bancorp Inc,2024899,True,https://www.sec.gov/Archives/edgar/data/2024899/000155837025009080/mroe-20250331xex21.htm,1,Exhibit-21 found
Monster Beverage Corp,865752,True,https://www.sec.gov/Archives/edgar/data/865752/000141057825000248/mnst-20241231xex21.htm,62,Exhibit-21 found
Montauk Renewables Inc,1826600,True,https://www.sec.gov/Archives/edgar/data/1826600/000095017025039495/mntk-ex21_1.htm,27,Exhibit-21 found
Monte Rosa Therapeutics Inc,1826457,True,https://www.sec.gov/Archives/edgar/data/1826457/000095017025042344/glue-ex21_1.htm,1,Exhibit-21 found
Montrose Environmental Group Inc,1643615,True,https://www.sec.gov/Archives/edgar/data/1643615/000095017025030806/meg-ex21_1.htm,37,Exhibit-21 found
Moodys Corp,1059556,False,,0,"10-K found, but Exhibit-21 missing"
MOOG Inc,67887,False,,0,"10-K found, but Exhibit-21 missing"
Moonlake Immunotherapeutics,1821586,False,,0,"10-K found, but Exhibit-21 missing"
Morgan Stanley,895421,False,,0,"10-K found, but Exhibit-21 missing"
Mosaic Co,1285785,False,,0,"10-K found, but Exhibit-21 missing"
Mosaic Immunoengineering Inc,836564,True,https://www.sec.gov/Archives/edgar/data/836564/000168316825002584/mosaic_ex2100.htm,1,Exhibit-21 found
Motorcar Parts OF America Inc,918251,True,https://www.sec.gov/Archives/edgar/data/918251/000114036125021940/ef20046978_ex21-1.htm,12,Exhibit-21 found
Motorola Solutions Inc,68505,True,https://www.sec.gov/Archives/edgar/data/68505/000006850525000012/msiex212024.htm,21,Exhibit-21 found
Motorsport Games Inc,1821175,True,https://www.sec.gov/Archives/edgar/data/1821175/000149315225011033/ex21-1.htm,5,Exhibit-21 found
Motus GI Holdings Inc,320193,False,,0,"10-K found, but Exhibit-21 missing"
Mountain Crest Acquisition Corp V,1859035,False,,0,"10-K found, but Exhibit-21 missing"
Mountain Lake Acquisition Corp,2029492,False,,0,"10-K found, but Exhibit-21 missing"
Movado Group Inc,72573,True,https://www.sec.gov/Archives/edgar/data/72573/000095017025054522/mov-ex21_1.htm,15,Exhibit-21 found
Movano Inc,1734750,True,https://www.sec.gov/Archives/edgar/data/1734750/000121390025030345/ea022715301ex21-1_movano.htm,2,Exhibit-21 found
Movella Holdings Inc,320193,False,,0,"10-K found, but Exhibit-21 missing"
Moving Image Technologies Inc,1770236,False,,0,"10-K found, but Exhibit-21 missing"
MSCI Inc,1408198,True,https://www.sec.gov/Archives/edgar/data/1408198/000140819825000053/msci-20241231x10kex211.htm,5,Exhibit-21 found
MSP Recovery Inc,1802450,True,https://www.sec.gov/Archives/edgar/data/1802450/000095017025054434/mspr-ex21_1.htm,35,Exhibit-21 found
M-Tron Industries Inc,1902314,False,,0,"10-K found, but Exhibit-21 missing"
Mueller Industries Inc,89439,False,,0,"10-K found, but Exhibit-21 missing"
Mueller Water Products Inc,1350593,False,,0,"10-K found, but Exhibit-21 missing"
Mullen Automotive Inc,320193,False,,0,"10-K found, but Exhibit-21 missing"
Multi Solutions II Inc,320193,False,,0,"10-K found, but Exhibit-21 missing"
Multiplan Corp,70858,True,https://www.sec.gov/Archives/edgar/data/70858/000007085825000139/bac-1231202410xkex21.htm,34,Exhibit-21 found
Multisensor AI Holdings Inc,1863990,False,,0,"10-K found, but Exhibit-21 missing"
Muncy Columbia Financial Corp,731122,True,https://www.sec.gov/Archives/edgar/data/731122/000183988225014475/ex21-1.htm,1,Exhibit-21 found
Mural Oncology PLC,1971543,True,https://www.sec.gov/Archives/edgar/data/1971543/000095017025037138/mura-ex21_1.htm,1,Exhibit-21 found
Murphy OIL Corp,717423,True,https://www.sec.gov/Archives/edgar/data/717423/000071742325000006/mur-20241231xex211.htm,2,Exhibit-21 found
Murphy USA Inc,1573516,False,,0,"10-K found, but Exhibit-21 missing"
Mustang BIO Inc,1680048,False,,0,"10-K found, but Exhibit-21 missing"
MVB Financial Corp,1277902,False,,0,"10-K found, but Exhibit-21 missing"
My City Builders Inc,1556801,False,,0,"10-K found, but Exhibit-21 missing"
My Size Inc,1211805,False,,0,"10-K found, but Exhibit-21 missing"
Myers Industries Inc,69488,True,https://www.sec.gov/Archives/edgar/data/69488/000095017025034598/mye-ex21.htm,23,Exhibit-21 found
Myomo Inc,1369290,True,https://www.sec.gov/Archives/edgar/data/1369290/000095017025036349/myo-ex21_1.htm,1,Exhibit-21 found
MYR Group Inc,700923,False,,0,"10-K found, but Exhibit-21 missing"
Myriad Genetics Inc,899923,True,https://www.sec.gov/Archives/edgar/data/899923/000089992325000019/mygn-q42024ex211.htm,6,Exhibit-21 found
N2Off Inc,1789192,True,https://www.sec.gov/Archives/edgar/data/1789192/000164117225001513/ex21-1.htm,4,Exhibit-21 found
Nabors Energy Transition Corp II,1975218,False,,0,"10-K found, but Exhibit-21 missing"
Nabors Industries Ltd,1163739,True,https://www.sec.gov/Archives/edgar/data/1163739/000155837025000926/nbr-20241231xex21.htm,9,Exhibit-21 found
Nacco Industries Inc,789933,False,,0,"10-K found, but Exhibit-21 missing"
Nano Magic Inc,891417,True,https://www.sec.gov/Archives/edgar/data/891417/000149315224012969/ex21-1.htm,0,Exhibit-21 found
Nano Nuclear Energy Inc,1923891,False,,0,"10-K found, but Exhibit-21 missing"
Nanophase Technologies Corp,2186,False,,0,"10-K found, but Exhibit-21 missing"
Nanovibronix Inc,1326706,True,https://www.sec.gov/Archives/edgar/data/1326706/000164117225001613/ex21-1.htm,2,Exhibit-21 found
Nanoviricides Inc,1379006,False,,0,"10-K found, but Exhibit-21 missing"
Nanthealth Inc,320193,False,,0,"10-K found, but Exhibit-21 missing"
NAPC Defense Inc,1703625,False,,0,"10-K found, but Exhibit-21 missing"
Nasdaq Inc,1120193,True,https://www.sec.gov/Archives/edgar/data/1120193/000112019325000008/ndaq12312024ex-211.htm,80,Exhibit-21 found
NATE S FOOD Co,2070829,False,,0,No 10-K found
Natera Inc,1604821,False,,0,"10-K found, but Exhibit-21 missing"
Nathans Famous Inc,69733,False,,0,"10-K found, but Exhibit-21 missing"
National Bankshares Inc,796534,True,https://www.sec.gov/Archives/edgar/data/796534/000095017025046763/nksh-ex21.htm,5,Exhibit-21 found
National Cinemedia Inc,1377630,True,https://www.sec.gov/Archives/edgar/data/1377630/000095017025034706/ncmi-ex21_1.htm,6,Exhibit-21 found
National Health Investors Inc,877860,True,https://www.sec.gov/Archives/edgar/data/877860/000087786025000027/nhi-12312024x10kex21.htm,41,Exhibit-21 found
National Healthcare Corp,1047335,False,,0,"10-K found, but Exhibit-21 missing"
National Presto Industries Inc,80172,False,,0,"10-K found, but Exhibit-21 missing"
National Research Corp,70487,False,,0,"10-K found, but Exhibit-21 missing"
National Rural Utilities Cooperative Finance Corp,70502,False,,0,"10-K found, but Exhibit-21 missing"
National Storage Affiliates Trust,1618563,True,https://www.sec.gov/Archives/edgar/data/1618563/000162828025008656/ex211q42024listofsubsidiar.htm,266,Exhibit-21 found
National Vision Holdings Inc,1710155,False,,0,"10-K found, but Exhibit-21 missing"
Natural GAS Services Group Inc,1084991,True,https://www.sec.gov/Archives/edgar/data/1084991/000108499125000024/a123124-ngsxex211subsidiar.htm,2,Exhibit-21 found
Natural Health Trends Corp,912061,False,,0,"10-K found, but Exhibit-21 missing"
Natural Resource Partners LP,1171486,False,,0,"10-K found, but Exhibit-21 missing"
Naturalshrimp Inc,320193,False,,0,"10-K found, but Exhibit-21 missing"
Nature S Miracle Holding Inc,1947861,False,,0,"10-K found, but Exhibit-21 missing"
Natures Sunshine Products Inc,275053,True,https://www.sec.gov/Archives/edgar/data/275053/000162828025012082/natr-12312024xex21subs.htm,18,Exhibit-21 found
Nauticus Robotics Inc,1849820,False,,0,"10-K found, but Exhibit-21 missing"
Nautilus Biotechnology Inc,1808805,False,,0,"10-K found, but Exhibit-21 missing"
Navient Corp,1593538,True,https://www.sec.gov/Archives/edgar/data/1593538/000095017025029207/navi-ex21_1.htm,4,Exhibit-21 found
Navitas Semiconductor Corp,1821769,False,,0,"10-K found, but Exhibit-21 missing"
NAYA Biosciences Inc,1676725,False,,0,"10-K found, but Exhibit-21 missing"
NB Bancorp Inc,1979330,False,,0,"10-K found, but Exhibit-21 missing"
NBT Bancorp Inc,790359,True,https://www.sec.gov/Archives/edgar/data/790359/000114036125006528/ef20039015_ex21.htm,14,Exhibit-21 found
Ncino Inc,1902733,False,,0,"10-K found, but Exhibit-21 missing"
NCR Atleos Corp,1974138,False,,0,"10-K found, but Exhibit-21 missing"
NCR Voyix Corp,70866,False,,0,"10-K found, but Exhibit-21 missing"
NCS Multistage Holdings Inc,1692427,False,,0,"10-K found, but Exhibit-21 missing"
Nektar Therapeutics,906709,True,https://www.sec.gov/Archives/edgar/data/906709/000095017025039389/nktr-ex21_1.htm,0,Exhibit-21 found
Nelnet Inc,1258602,False,,0,"10-K found, but Exhibit-21 missing"
Nemaura Medical Inc,320193,False,,0,"10-K found, but Exhibit-21 missing"
Neogen Corp,711377,True,https://www.sec.gov/Archives/edgar/data/711377/000095017025100064/neog-ex21.htm,25,Exhibit-21 found
Neogenomics Inc,1077183,False,,0,"10-K found, but Exhibit-21 missing"
Neovolta Inc,1748137,False,,0,"10-K found, but Exhibit-21 missing"
Nephros Inc,1196298,False,,0,"10-K found, but Exhibit-21 missing"
Nerdwallet Inc,1625278,False,,0,"10-K found, but Exhibit-21 missing"
Nerdy Inc,1819404,False,,0,"10-K found, but Exhibit-21 missing"
NET Power Inc,1845437,True,https://www.sec.gov/Archives/edgar/data/1845437/000184543725000008/a09np-202410xkxex211.htm,16,Exhibit-21 found
Netapp Inc,1002047,True,https://www.sec.gov/Archives/edgar/data/1002047/000095017025083705/ntap-ex21_1.htm,35,Exhibit-21 found
Netbrands Corp,1725911,False,,0,"10-K found, but Exhibit-21 missing"
Netcapital Inc,1414767,False,,0,"10-K found, but Exhibit-21 missing"
Netflix Inc,1065280,True,https://www.sec.gov/Archives/edgar/data/1065280/000106528025000044/ex211-q424.htm,4,Exhibit-21 found
Netgear Inc,1122904,False,,0,"10-K found, but Exhibit-21 missing"
Netlist Inc,1282631,False,,0,"10-K found, but Exhibit-21 missing"
Netscout Systems Inc,1078075,True,https://www.sec.gov/Archives/edgar/data/1078075/000162828025025982/ntct-ex21_2025331.htm,24,Exhibit-21 found
Netsol Technologies Inc,1039280,True,https://www.sec.gov/Archives/edgar/data/1039280/000149315225015950/ex21-1.htm,9,Exhibit-21 found
Netstreit Corp,1798100,False,,0,"10-K found, but Exhibit-21 missing"
Network CN Inc,320193,False,,0,"10-K found, but Exhibit-21 missing"
Neuehealth Inc,1671284,True,https://www.sec.gov/Archives/edgar/data/1671284/000167128425000004/ex211_listingofsubsidiarie.htm,64,Exhibit-21 found
Neumora Therapeutics Inc,1885522,False,,0,"10-K found, but Exhibit-21 missing"
Neuralbase AI Ltd,47710,False,,0,No 10-K found
Neuraxis Inc,1933567,False,,0,"10-K found, but Exhibit-21 missing"
Neurocrine Biosciences Inc,914475,False,,0,"10-K found, but Exhibit-21 missing"
Neurogene Inc,1404644,False,,0,"10-K found, but Exhibit-21 missing"
Neuromind AI Corp,1045810,False,,0,"10-K found, but Exhibit-21 missing"
Neuronetics Inc,1227636,False,,0,"10-K found, but Exhibit-21 missing"
Neuroone Medical Technologies Corp,1500198,True,https://www.sec.gov/Archives/edgar/data/1500198/000121390024109524/ea022451401ex21-1_neuroone.htm,0,Exhibit-21 found
Neuropace Inc,1528287,False,,0,"10-K found, but Exhibit-21 missing"
Neutra Corp,1512886,False,,0,"10-K found, but Exhibit-21 missing"
Nevada Canyon Gold Corp,1605481,True,https://www.sec.gov/Archives/edgar/data/1605481/000164117225000893/ex21-1.htm,2,Exhibit-21 found
Nevro Corp,34088,False,,0,"10-K found, but Exhibit-21 missing"
New Asia Holdings Inc,320193,False,,0,"10-K found, but Exhibit-21 missing"
New Concept Energy Inc,105744,True,https://www.sec.gov/Archives/edgar/data/105744/000121465925004675/ex21_1.htm,1,Exhibit-21 found
NEW England Realty Associates Limited Partnership,746514,False,,0,"10-K found, but Exhibit-21 missing"
NEW ERA Helium Inc,320193,False,,0,"10-K found, but Exhibit-21 missing"
New Fortress Energy Inc,1749723,False,,0,"10-K found, but Exhibit-21 missing"
New Horizon Aircraft Ltd,1930021,False,,0,"10-K found, but Exhibit-21 missing"
NEW Jersey Resources Corp,356309,True,https://www.sec.gov/Archives/edgar/data/356309/000035630925000093/njrex211sep2025.htm,1,Exhibit-21 found
NEW Peoples Bankshares Inc,1163389,True,https://www.sec.gov/Archives/edgar/data/1163389/000190359625000149/ex21.htm,2,Exhibit-21 found
NEW YORK Mortgage Trust Inc,320193,False,,0,"10-K found, but Exhibit-21 missing"
NEW YORK Times Co,71691,True,https://www.sec.gov/Archives/edgar/data/71691/000007169125000047/ex21_12312024.htm,27,Exhibit-21 found
Newamsterdam Pharma Co NV,1936258,False,,0,"10-K found, but Exhibit-21 missing"
Newbury Street Acquisition Corp,2028027,False,,0,"10-K found, but Exhibit-21 missing"
Newbury Street II Acquisition Corp,2028027,False,,0,"10-K found, but Exhibit-21 missing"
Newell Brands Inc,814453,False,,0,"10-K found, but Exhibit-21 missing"
Newhydrogen Inc,1371128,False,,0,"10-K found, but Exhibit-21 missing"
Newlake Capital Partners Inc,1854964,False,,0,"10-K found, but Exhibit-21 missing"
Newmark Group Inc,1690680,False,,0,"10-K found, but Exhibit-21 missing"
Newmont Corp,1164727,False,,0,"10-K found, but Exhibit-21 missing"
NEWS Corp,1564708,True,https://www.sec.gov/Archives/edgar/data/1564708/000156470825000419/ex-211xfy25listofsubsidiar.htm,136,Exhibit-21 found
Nexgel Inc,1468929,True,https://www.sec.gov/Archives/edgar/data/1468929/000164117225000937/ex21-1.htm,3,Exhibit-21 found
Neximmune Inc,1067983,True,https://www.sec.gov/Archives/edgar/data/1067983/000095017025025210/brka-ex21.htm,219,Exhibit-21 found
Nexpoint Real Estate Finance Inc,1786248,True,https://www.sec.gov/Archives/edgar/data/1786248/000178624825000004/nrefex-211subsidiarieslist.htm,36,Exhibit-21 found
Nexstar Media Group Inc,1142417,True,https://www.sec.gov/Archives/edgar/data/1142417/000095017025028949/nxst-ex21_1.htm,5,Exhibit-21 found
Next Technology Holding Inc,1784970,True,https://www.sec.gov/Archives/edgar/data/1784970/000101376225003282/ea023380701ex21-1_nexttech.htm,1,Exhibit-21 found
NEXT-Chemx Corporation,1657045,False,,0,"10-K found, but Exhibit-21 missing"
Nextcure Inc,1661059,False,,0,"10-K found, but Exhibit-21 missing"
Nextdecade Corp,1612720,True,https://www.sec.gov/Archives/edgar/data/1612720/000162828025008841/ex211-4q24.htm,9,Exhibit-21 found
Nextdoor Holdings Inc,1846069,False,,0,"10-K found, but Exhibit-21 missing"
Nextera Energy Inc,753308,True,https://www.sec.gov/Archives/edgar/data/753308/000075330825000011/nee-q42024xex21.htm,9,Exhibit-21 found
Nextnav Inc,1865631,True,https://www.sec.gov/Archives/edgar/data/1865631/000121390025023287/ex211_2.htm,11,Exhibit-21 found
Nextplat Corp,1058307,False,,0,"10-K found, but Exhibit-21 missing"
Nextracker Inc,320193,False,,0,"10-K found, but Exhibit-21 missing"
Nexttrip Inc,788611,True,https://www.sec.gov/Archives/edgar/data/788611/000164117225012889/ex21-1.htm,3,Exhibit-21 found
Nfiniti Inc,1544400,False,,0,"10-K found, but Exhibit-21 missing"
NI Holdings Inc,1681206,True,https://www.sec.gov/Archives/edgar/data/1681206/000117494725000304/ex21-1.htm,7,Exhibit-21 found
Nicolet Bankshares Inc,1174850,False,,0,"10-K found, but Exhibit-21 missing"
Nightfood Holdings Inc,1593001,False,,0,"10-K found, but Exhibit-21 missing"
NIKA Pharmaceuticals Inc,1145604,False,,0,"10-K found, but Exhibit-21 missing"
NIKE Inc,320187,False,,0,"10-K found, but Exhibit-21 missing"
Nikola Corp,1731289,False,,0,"10-K found, but Exhibit-21 missing"
Nine Energy Service Inc,1532286,True,https://www.sec.gov/Archives/edgar/data/1532286/000153228625000008/nine-20241231ye10kex211.htm,9,Exhibit-21 found
Niocorp Developments Ltd,1512228,True,https://www.sec.gov/Archives/edgar/data/1512228/000153949725002331/n2574_x280ex21-1.htm,2,Exhibit-21 found
Nisource Inc,1111711,True,https://www.sec.gov/Archives/edgar/data/1111711/000111171125000008/ni-ex21x20241231.htm,27,Exhibit-21 found
Nitches Inc,1326801,False,,0,"10-K found, but Exhibit-21 missing"
Nkarta Inc,1787400,False,,0,"10-K found, but Exhibit-21 missing"
Nkgen Biotech Inc,320193,False,,0,"10-K found, but Exhibit-21 missing"
NL Industries Inc,72162,True,https://www.sec.gov/Archives/edgar/data/72162/000155837025002417/nl-20241231xex21d1.htm,5,Exhibit-21 found
NMI Holdings Inc,1547903,False,,0,"10-K found, but Exhibit-21 missing"
NN Inc,918541,False,,0,"10-K found, but Exhibit-21 missing"
NNN REIT Inc,751364,True,https://www.sec.gov/Archives/edgar/data/751364/000095017025017472/nnn-ex21.htm,11,Exhibit-21 found
Nobility Homes Inc,72205,True,https://www.sec.gov/Archives/edgar/data/72205/000095017025011000/ck0000072205-ex21_1.htm,2,Exhibit-21 found
Noble Corp PLC,1895262,False,,0,"10-K found, but Exhibit-21 missing"
Nocera Inc,1756180,False,,0,"10-K found, but Exhibit-21 missing"
Nocopi Technologies Inc,888981,False,,0,"10-K found, but Exhibit-21 missing"
NON Invasive Monitoring Systems Inc,720762,True,https://www.sec.gov/Archives/edgar/data/720762/000149315224042532/ex21-1.htm,2,Exhibit-21 found
Noodles & Co,1275158,True,https://www.sec.gov/Archives/edgar/data/1275158/000127515825000016/a2024q4ex211_listingofsubs.htm,7,Exhibit-21 found
Nordicus Partners Corp,1011060,False,,0,"10-K found, but Exhibit-21 missing"
Nordson Corp,72331,False,,0,"10-K found, but Exhibit-21 missing"
Nordstrom Inc,1067983,True,https://www.sec.gov/Archives/edgar/data/1067983/000095017025025210/brka-ex21.htm,219,Exhibit-21 found
Norfolk Southern Corp,702165,False,,0,"10-K found, but Exhibit-21 missing"
Nortech Systems Inc,722313,True,https://www.sec.gov/Archives/edgar/data/722313/000164117225001473/ex21.htm,4,Exhibit-21 found
North Haven Private Income Fund LLC,726728,False,,0,"10-K found, but Exhibit-21 missing"
Northann Corp,1923780,True,https://www.sec.gov/Archives/edgar/data/1923780/000157587225000433/ncl077_ex21-1.htm,10,Exhibit-21 found
Northeast Community Bancorp Inc,1847398,True,https://www.sec.gov/Archives/edgar/data/1847398/000155837025002975/necb-20241231xex21d0.htm,6,Exhibit-21 found
Northern OIL & GAS Inc,1104485,False,,0,"10-K found, but Exhibit-21 missing"
Northern Technologies International Corp,875582,False,,0,"10-K found, but Exhibit-21 missing"
Northfield Bancorp Inc,1493225,False,,0,"10-K found, but Exhibit-21 missing"
Northrim Bancorp Inc,1163370,False,,0,"10-K found, but Exhibit-21 missing"
Northrop Grumman Corp,1133421,True,https://www.sec.gov/Archives/edgar/data/1133421/000113342125000006/noc-12312024xex21.htm,1,Exhibit-21 found
Northview Acquisition Corp,1998781,False,,0,"10-K found, but Exhibit-21 missing"
Northwest Bancshares Inc,1471265,False,,0,"10-K found, but Exhibit-21 missing"
Northwest Biotherapeutics Inc,1072379,True,https://www.sec.gov/Archives/edgar/data/1072379/000141057825000598/nwbo-20241231xex21d1.htm,1,Exhibit-21 found
Northwest Natural Holding Co,1733998,True,https://www.sec.gov/Archives/edgar/data/1733998/000173399825000020/ex2112312024.htm,53,Exhibit-21 found
Northwest PIPE Co,2070829,False,,0,No 10-K found
Northwestern Energy Group Inc,1993004,False,,0,"10-K found, but Exhibit-21 missing"
Norwegian Cruise Line Holdings Ltd,1513761,True,https://www.sec.gov/Archives/edgar/data/1513761/000155837025001743/nclh-20241231xex21d1.htm,78,Exhibit-21 found
Norwood Financial Corp,1013272,True,https://www.sec.gov/Archives/edgar/data/1013272/000156276225000042/nwfl-20241231xex21.htm,5,Exhibit-21 found
Notable Labs Ltd,1577552,False,,0,No 10-K found
NOV Inc,1021860,True,https://www.sec.gov/Archives/edgar/data/1021860/000095017025021042/nov-ex21_1.htm,93,Exhibit-21 found
Nova Lifestyle Inc,320193,False,,0,"10-K found, but Exhibit-21 missing"
Novabay Pharmaceuticals Inc,1389545,False,,0,"10-K found, but Exhibit-21 missing"
Novaccess Global Inc,64040,True,https://www.sec.gov/Archives/edgar/data/64040/000006404025000052/ex21tofy2024x202410xksubsi.htm,134,Exhibit-21 found
Novagold Resources Inc,1173420,False,,0,"10-K found, but Exhibit-21 missing"
Novanta Inc,1076930,True,https://www.sec.gov/Archives/edgar/data/1076930/000095017025026131/novt-ex21_1.htm,14,Exhibit-21 found
Novavax Inc,1000694,True,https://www.sec.gov/Archives/edgar/data/1000694/000100069425000004/nvax-20241231xex21.htm,21,Exhibit-21 found
Novo Integrated Sciences Inc,320193,False,,0,"10-K found, but Exhibit-21 missing"
Novocure Ltd,1645113,True,https://www.sec.gov/Archives/edgar/data/1645113/000164511325000002/ex21202410-ksubsidiarylist.htm,5,Exhibit-21 found
Nowtransit Inc,320193,False,,0,"10-K found, but Exhibit-21 missing"
NPK International Inc,71829,False,,0,"10-K found, but Exhibit-21 missing"
NRG Energy Inc,1013871,False,,0,"10-K found, but Exhibit-21 missing"
NRX Pharmaceuticals Inc,1719406,False,,0,"10-K found, but Exhibit-21 missing"
Nstar Electric Co,13372,True,https://www.sec.gov/Archives/edgar/data/13372/000007274125000007/a2024-ex21subsidiariesofth.htm,37,Exhibit-21 found
NSTS Bancorp Inc,1881592,False,,0,"10-K found, but Exhibit-21 missing"
NU SKIN Enterprises Inc,1021561,True,https://www.sec.gov/Archives/edgar/data/1021561/000114036125004907/ef20039018_ex21-1.htm,71,Exhibit-21 found
Nuburu Inc,1814215,False,,0,"10-K found, but Exhibit-21 missing"
Nucor Corp,73309,True,https://www.sec.gov/Archives/edgar/data/73309/000095017025028427/nue-ex21.htm,40,Exhibit-21 found
Nukkleus Inc,1787518,True,https://www.sec.gov/Archives/edgar/data/1787518/000121390025011694/ea022639801ex21-1_nukkleus.htm,8,Exhibit-21 found
Nu-Med Plus Inc,1543637,False,,0,"10-K found, but Exhibit-21 missing"
Nurix Therapeutics Inc,1549595,False,,0,"10-K found, but Exhibit-21 missing"
Nuscale Power Corp,1822966,True,https://www.sec.gov/Archives/edgar/data/1822966/000182296625000024/ex211subsidiaries.htm,1,Exhibit-21 found
Nutanix Inc,1618732,True,https://www.sec.gov/Archives/edgar/data/1618732/000119312525213801/ntnx-ex21_1.htm,1,Exhibit-21 found
Nutex Health Inc,1479681,True,https://www.sec.gov/Archives/edgar/data/1479681/000147968125000006/nutx-20241231xex21d1.htm,43,Exhibit-21 found
Nutra Pharma Corp,1045810,False,,0,"10-K found, but Exhibit-21 missing"
Nutriband Inc,1676047,False,,0,"10-K found, but Exhibit-21 missing"
Nuvalent Inc,1861560,False,,0,"10-K found, but Exhibit-21 missing"
Nuvation Bio Inc,1811063,True,https://www.sec.gov/Archives/edgar/data/1811063/000095017025034903/nuvb-ex21_1.htm,6,Exhibit-21 found
Nuvectis Pharma Inc,1875558,True,https://www.sec.gov/Archives/edgar/data/1875558/000155837025001496/tmb-20241231xex21d1.htm,2,Exhibit-21 found
Nuveen Mortgage & Income Fund,1472215,False,,0,No 10-K found
Nuveen Nasdaq 100 Dynamic Overwrite Fund,1608741,False,,0,No 10-K found
Nuvera Communications Inc,71557,False,,0,"10-K found, but Exhibit-21 missing"
Nuwellis Inc,1506492,True,https://www.sec.gov/Archives/edgar/data/1506492/000114036125008124/ef20039019_ex21.htm,0,Exhibit-21 found
Nv5 Global Inc,320193,False,,0,"10-K found, but Exhibit-21 missing"
NVE Corp /New/,724910,False,,0,"10-K found, but Exhibit-21 missing"
Nvent Electric PLC,1720635,True,https://www.sec.gov/Archives/edgar/data/1720635/000172063525000018/ex21nventplcsubsidiaries20.htm,73,Exhibit-21 found
NVR Inc,906163,True,https://www.sec.gov/Archives/edgar/data/906163/000090616325000011/a2024ex21.htm,5,Exhibit-21 found
NXG Cushing Midstream Energy Fund,1400897,False,,0,No 10-K found
NXG Nextgen Infrastructure Income Fund,1506488,False,,0,No 10-K found
NXP Semiconductors NV,1413447,False,,0,"10-K found, but Exhibit-21 missing"
Nxu Inc,1722969,False,,0,"10-K found, but Exhibit-21 missing"
NYLI CBRE Global Infrastructure Megatrends Term Fund,1855066,False,,0,No 10-K found
O Reilly Automotive Inc,898173,True,https://www.sec.gov/Archives/edgar/data/898173/000089817325000008/orly-20241231xex21d1.htm,6,Exhibit-21 found
Oak Valley Bancorp,1431567,False,,0,"10-K found, but Exhibit-21 missing"
Oak Woods Acquisition Corp,1945422,False,,0,"10-K found, but Exhibit-21 missing"
Oaktree Acquisition Corp III Life Sciences,2029769,True,https://www.sec.gov/Archives/edgar/data/2029769/000119312525065546/d888799dex21.htm,1,Exhibit-21 found
Oaktree Specialty Lending Corp,1414932,False,,0,"10-K found, but Exhibit-21 missing"
Oblong Inc,746210,False,,0,"10-K found, but Exhibit-21 missing"
OCA Acquisition Corp,2056634,False,,0,No 10-K found
Ocean Biomedical Inc,1869974,False,,0,"10-K found, but Exhibit-21 missing"
Ocean Power Technologies Inc,1378140,True,https://www.sec.gov/Archives/edgar/data/1378140/000164117225020888/ex21-1.htm,1,Exhibit-21 found
Oceanfirst Financial Corp,1004702,False,,0,"10-K found, but Exhibit-21 missing"
Ocugen Inc,1372299,True,https://www.sec.gov/Archives/edgar/data/1372299/000162828025010271/ocgn-20241231x10kxex211.htm,2,Exhibit-21 found
Ocular Therapeutix Inc,1393434,True,https://www.sec.gov/Archives/edgar/data/1393434/000155837025002000/ocul-20241231xex21d1.htm,2,Exhibit-21 found
Oculus Visiontech Inc,320193,False,,0,"10-K found, but Exhibit-21 missing"
ODP Corp,800240,True,https://www.sec.gov/Archives/edgar/data/800240/000095017025027569/odp-ex21.htm,62,Exhibit-21 found
odysight.ai Inc,1577445,False,,0,"10-K found, but Exhibit-21 missing"
Odyssey Health Inc,1626644,False,,0,"10-K found, but Exhibit-21 missing"
Odyssey Marine Exploration Inc,798528,True,https://www.sec.gov/Archives/edgar/data/798528/000095017025047918/omex-ex21_1.htm,9,Exhibit-21 found
Offerpad Solutions Inc,1825024,False,,0,"10-K found, but Exhibit-21 missing"
Office Properties Income Trust,1456772,True,https://www.sec.gov/Archives/edgar/data/1456772/000145677225000013/opi_123124x10kex211.htm,7,Exhibit-21 found
OFS Capital Corp,1487918,False,,0,"10-K found, but Exhibit-21 missing"
OGE Energy Corp,1021635,True,https://www.sec.gov/Archives/edgar/data/1021635/000095017025022560/oge-ex21_01.htm,1,Exhibit-21 found
O-I Glass Inc,812074,True,https://www.sec.gov/Archives/edgar/data/812074/000155837025000868/oi-20241231xex21.htm,2,Exhibit-21 found
OIL States International Inc,1121484,True,https://www.sec.gov/Archives/edgar/data/1121484/000112148425000024/ois_20241231xex211.htm,10,Exhibit-21 found
Oil-Dri Corp Of America,74046,True,https://www.sec.gov/Archives/edgar/data/74046/000162828025044686/odcex21107312025.htm,12,Exhibit-21 found
Oklo Inc,1849056,True,https://www.sec.gov/Archives/edgar/data/1849056/000162828025014490/ex211listofsubsidiaries.htm,3,Exhibit-21 found
Okta Inc,1660134,True,https://www.sec.gov/Archives/edgar/data/1660134/000166013425000049/okta-1312025_ex211.htm,11,Exhibit-21 found
Olaplex Holdings Inc,1868726,True,https://www.sec.gov/Archives/edgar/data/1868726/000186872625000013/ex211-subsidiariesofthereg.htm,1,Exhibit-21 found
OLB Group Inc,1314196,False,,0,"10-K found, but Exhibit-21 missing"
OLD Dominion Freight LINE Inc,878927,False,,0,"10-K found, but Exhibit-21 missing"
OLD Market Capital Corp,1000045,False,,0,"10-K found, but Exhibit-21 missing"
OLD National Bancorp,707179,False,,0,"10-K found, but Exhibit-21 missing"
OLD Point Financial Corp,1649749,True,https://www.sec.gov/Archives/edgar/data/1649749/000164974925000035/a4q24ex-21.htm,6,Exhibit-21 found
OLD Republic International Corp,74260,True,https://www.sec.gov/Archives/edgar/data/74260/000007426025000042/ex21_2024.htm,110,Exhibit-21 found
Olema Pharmaceuticals Inc,1750284,True,https://www.sec.gov/Archives/edgar/data/1750284/000095017025041204/olma-ex21_1.htm,1,Exhibit-21 found
Ollie S Bargain Outlet Holdings Inc,1639300,True,https://www.sec.gov/Archives/edgar/data/1639300/000114036125010442/ef20040177_ex21-1.htm,4,Exhibit-21 found
Olo Inc,1849056,True,https://www.sec.gov/Archives/edgar/data/1849056/000162828025014490/ex211listofsubsidiaries.htm,3,Exhibit-21 found
Olympic Steel Inc,917470,False,,0,"10-K found, but Exhibit-21 missing"
Omega Healthcare Investors Inc,888491,True,https://www.sec.gov/Archives/edgar/data/888491/000088849125000006/ohi-20241231xex21d1.htm,672,Exhibit-21 found
Omega Therapeutics Inc,1579428,True,https://www.sec.gov/Archives/edgar/data/1579428/000095017025022457/axsm-ex21_1.htm,5,Exhibit-21 found
Omeros Corp,1285819,False,,0,"10-K found, but Exhibit-21 missing"
Omniab Inc,1846253,False,,0,"10-K found, but Exhibit-21 missing"
Omnicell Inc,926326,False,,0,"10-K found, but Exhibit-21 missing"
Omnicom Group Inc,29989,False,,0,"10-K found, but Exhibit-21 missing"
Omnitek Engineering Corp,1404804,False,,0,"10-K found, but Exhibit-21 missing"
On24 Inc,1110611,True,https://www.sec.gov/Archives/edgar/data/1110611/000111061125000004/ex-211ontfsubsidiaries2024.htm,3,Exhibit-21 found
Oncocyte Corp,70858,True,https://www.sec.gov/Archives/edgar/data/70858/000007085825000139/bac-1231202410xkex21.htm,34,Exhibit-21 found
Oncology Institute Inc,1799191,False,,0,"10-K found, but Exhibit-21 missing"
Onconetix Inc,1782107,True,https://www.sec.gov/Archives/edgar/data/1782107/000121390025049687/ea024412201ex21_onconetix.htm,1,Exhibit-21 found
Oncotelic Therapeutics Inc,908259,False,,0,"10-K found, but Exhibit-21 missing"
Oncternal Therapeutics Inc,908259,False,,0,"10-K found, but Exhibit-21 missing"
Ondas Holdings Inc,1646188,True,https://www.sec.gov/Archives/edgar/data/1646188/000121390025022968/ea023270201ex21_ondashold.htm,7,Exhibit-21 found
ONE Gas Inc,1587732,False,,0,"10-K found, but Exhibit-21 missing"
ONE Group Hospitality Inc,1399520,True,https://www.sec.gov/Archives/edgar/data/1399520/000155837025002590/stks-20241231xex21d1.htm,174,Exhibit-21 found
ONE Liberty Properties Inc,712770,True,https://www.sec.gov/Archives/edgar/data/712770/000155837025002406/olp-20241231xex21d1.htm,152,Exhibit-21 found
ONE STOP Systems Inc,1394056,False,,0,"10-K found, but Exhibit-21 missing"
One World Products Inc,1622244,False,,0,"10-K found, but Exhibit-21 missing"
Onemain Holdings Inc,1584207,False,,0,"10-K found, but Exhibit-21 missing"
Onemednet Corp,1849380,False,,0,"10-K found, but Exhibit-21 missing"
Onemeta Inc,1388295,False,,0,"10-K found, but Exhibit-21 missing"
Onesolution Technology Inc,1881551,False,,0,"10-K found, but Exhibit-21 missing"
Onespan Inc,1044777,True,https://www.sec.gov/Archives/edgar/data/1044777/000162828025008750/ex21subsidiariesofregistra.htm,7,Exhibit-21 found
Onespaworld Holdings Ltd,1758488,True,https://www.sec.gov/Archives/edgar/data/1758488/000095017025024552/osw-ex21_1.htm,23,Exhibit-21 found
Onestream Inc,1889956,True,https://www.sec.gov/Archives/edgar/data/1889956/000095017025029037/ck0001889956-ex21_1.htm,4,Exhibit-21 found
Onewater Marine Inc,1772921,True,https://www.sec.gov/Archives/edgar/data/1772921/000177292124000101/onew-20240930xex211.htm,30,Exhibit-21 found
Onfolio Holdings Inc,1825452,True,https://www.sec.gov/Archives/edgar/data/1825452/000165495425004315/onfo_ex211.htm,1,Exhibit-21 found
Onity Group Inc,873860,True,https://www.sec.gov/Archives/edgar/data/873860/000162828025007126/a20241231ex211.htm,5,Exhibit-21 found
ONTO Innovation Inc,704532,True,https://www.sec.gov/Archives/edgar/data/704532/000095017025026729/onto-ex21_1.htm,7,Exhibit-21 found
Ontrak Inc,1136174,False,,0,"10-K found, but Exhibit-21 missing"
OOMA Inc,1327688,True,https://www.sec.gov/Archives/edgar/data/1327688/000095017025048692/ooma-ex21_1.htm,12,Exhibit-21 found
OP Bancorp,1722010,False,,0,"10-K found, but Exhibit-21 missing"
OPAL Fuels Inc,1842279,False,,0,"10-K found, but Exhibit-21 missing"
Open Lending Corp,1806201,True,https://www.sec.gov/Archives/edgar/data/1806201/000180620125000033/lpro-20241231ex211.htm,3,Exhibit-21 found
OPEN TEXT Corp,1002638,False,,0,"10-K found, but Exhibit-21 missing"
Opendoor Technologies Inc,1801169,True,https://www.sec.gov/Archives/edgar/data/1801169/000180116925000017/a2024ex211xlistofsubsidiar.htm,3,Exhibit-21 found
Openlane Inc,1395942,False,,0,"10-K found, but Exhibit-21 missing"
Opgen Inc,1293818,True,https://www.sec.gov/Archives/edgar/data/1293818/000182912625006628/opgeninc_ex21-1.htm,1,Exhibit-21 found
Oportun Financial Corp,1538716,False,,0,"10-K found, but Exhibit-21 missing"
Oppenheimer Holdings Inc,791963,False,,0,"10-K found, but Exhibit-21 missing"
Oppfi Inc,1818502,True,https://www.sec.gov/Archives/edgar/data/1818502/000181850225000003/opfi-20241231x10xkex211xsu.htm,18,Exhibit-21 found
Optex Systems Holdings Inc,1397016,False,,0,"10-K found, but Exhibit-21 missing"
Optical Cable Corp,1000230,False,,0,"10-K found, but Exhibit-21 missing"
Optimizerx Corp,1448431,True,https://www.sec.gov/Archives/edgar/data/1448431/000121390025025576/ea023467001ex21-1_optimize.htm,1,Exhibit-21 found
Optimumbank Holdings Inc,1288855,False,,0,"10-K found, but Exhibit-21 missing"
Optinose Inc,1326801,False,,0,"10-K found, but Exhibit-21 missing"
Option Care Health Inc,1014739,True,https://www.sec.gov/Archives/edgar/data/1014739/000101473925000012/ex211-listofsubsidiaries.htm,54,Exhibit-21 found
Opus Genetics Inc,1228627,True,https://www.sec.gov/Archives/edgar/data/1228627/000114036125011410/ef20039022_ex21-1.htm,1,Exhibit-21 found
Oracle Corp,1341439,True,https://www.sec.gov/Archives/edgar/data/1341439/000095017025087926/orcl-ex21_01.htm,4,Exhibit-21 found
Oragenics Inc,1174940,False,,0,"10-K found, but Exhibit-21 missing"
Oramed Pharmaceuticals Inc,1176309,True,https://www.sec.gov/Archives/edgar/data/1176309/000101376225003450/ea023439401ex21-1_oramed.htm,7,Exhibit-21 found
Orange County Bancorp Inc,1754226,True,https://www.sec.gov/Archives/edgar/data/1754226/000155837025003120/tmb-20241231xex21.htm,3,Exhibit-21 found
Orasure Technologies Inc,1116463,False,,0,"10-K found, but Exhibit-21 missing"
Orchestra Biomed Holdings Inc,1814114,True,https://www.sec.gov/Archives/edgar/data/1814114/000155837025004161/obio-20241231xex21d1.htm,7,Exhibit-21 found
Organogenesis Holdings Inc,1661181,True,https://www.sec.gov/Archives/edgar/data/1661181/000095017025029137/orgo-ex21_1.htm,2,Exhibit-21 found
Organon & Co,1821825,False,,0,"10-K found, but Exhibit-21 missing"
Organovo Holdings Inc,320193,False,,0,"10-K found, but Exhibit-21 missing"
Orgenesis Inc,1460602,True,https://www.sec.gov/Archives/edgar/data/1460602/000149315224014652/ex21-1.htm,3,Exhibit-21 found
Oric Pharmaceuticals Inc,1796280,False,,0,"10-K found, but Exhibit-21 missing"
Origin Bancorp Inc,1516912,True,https://www.sec.gov/Archives/edgar/data/1516912/000151691225000064/a12312024obnkex21subsidiar.htm,6,Exhibit-21 found
Origin Materials Inc,1802457,False,,0,"10-K found, but Exhibit-21 missing"
Originclear Inc,1419793,False,,0,"10-K found, but Exhibit-21 missing"
Orion Bliss Corp,1854183,False,,0,"10-K found, but Exhibit-21 missing"
Orion Energy Systems Inc,1409375,True,https://www.sec.gov/Archives/edgar/data/1409375/000095017025090385/oesx-ex21_1.htm,5,Exhibit-21 found
Orion Group Holdings Inc,1402829,True,https://www.sec.gov/Archives/edgar/data/1402829/000140282925000005/orn-20241231xex21d1.htm,26,Exhibit-21 found
Orion Office REIT Inc,320193,False,,0,"10-K found, but Exhibit-21 missing"
Orion SA,1609804,True,https://www.sec.gov/Archives/edgar/data/1609804/000160980425000007/a2025-02x19ex211listofsubs.htm,11,Exhibit-21 found
Ormat Technologies Inc,1296445,False,,0,"10-K found, but Exhibit-21 missing"
Orthofix Medical Inc,884624,True,https://www.sec.gov/Archives/edgar/data/884624/000095017025026066/ofix-ex21_1.htm,10,Exhibit-21 found
Orthopediatrics Corp,1425450,False,,0,"10-K found, but Exhibit-21 missing"
Oruka Therapeutics Inc,907654,True,https://www.sec.gov/Archives/edgar/data/907654/000121390025021165/ea023044501ex21-1_orukathe.htm,2,Exhibit-21 found
OS Therapies Inc,1795091,False,,0,"10-K found, but Exhibit-21 missing"
Oscar Health Inc,1568651,False,,0,"10-K found, but Exhibit-21 missing"
Oshkosh Corp,775158,True,https://www.sec.gov/Archives/edgar/data/775158/000095017025024305/osk-ex21.htm,33,Exhibit-21 found
OSI Systems Inc,1039065,True,https://www.sec.gov/Archives/edgar/data/1039065/000141057825001887/osis-20250630xex21d1.htm,37,Exhibit-21 found
Osprey Bitcoin Trust,1767057,False,,0,"10-K found, but Exhibit-21 missing"
Otis Worldwide Corp,1781335,False,,0,"10-K found, but Exhibit-21 missing"
Otter Tail Corp,1466593,True,https://www.sec.gov/Archives/edgar/data/1466593/000146659325000034/a2024ex21subsidiariesofreg.htm,4,Exhibit-21 found
Ouster Inc,1816581,True,https://www.sec.gov/Archives/edgar/data/1816581/000162828025014318/oust-ex211xlistofsubsidiar.htm,12,Exhibit-21 found
Outbrain Inc,1326801,False,,0,"10-K found, but Exhibit-21 missing"
Outdoor Specialty Products Inc,1610718,True,https://www.sec.gov/Archives/edgar/data/1610718/000109690624002264/odrs_ex21z1.htm,1,Exhibit-21 found
Outfront Media Inc,1579877,False,,0,"10-K found, but Exhibit-21 missing"
Outlook Therapeutics Inc,1649989,True,https://www.sec.gov/Archives/edgar/data/1649989/000155837024016491/otlk-20240930xex21d1.htm,1,Exhibit-21 found
Outset Medical Inc,1484612,False,,0,"10-K found, but Exhibit-21 missing"
Ovid Therapeutics Inc,1636651,False,,0,"10-K found, but Exhibit-21 missing"
Ovintiv Inc,1792580,True,https://www.sec.gov/Archives/edgar/data/1792580/000095017025027914/ovv-ex21_1.htm,4,Exhibit-21 found
Owens & Minor Inc,75252,True,https://www.sec.gov/Archives/edgar/data/75252/000155837025001940/omi-20241231xex21d1.htm,44,Exhibit-21 found
Owens Corning,1370946,True,https://www.sec.gov/Archives/edgar/data/1370946/000137094625000077/oc-20241231x10kxex211.htm,89,Exhibit-21 found
Owlet Inc,1816708,True,https://www.sec.gov/Archives/edgar/data/1816708/000162828025012035/ex-211listofsubsidiariesof.htm,1,Exhibit-21 found
Oxbridge RE Holdings Ltd,1584831,True,https://www.sec.gov/Archives/edgar/data/1584831/000164117225000736/ex21-1.htm,4,Exhibit-21 found
Oxford Industries Inc,75288,False,,0,"10-K found, but Exhibit-21 missing"
OZOP Energy Solutions Inc,1679817,False,,0,"10-K found, but Exhibit-21 missing"
P10 Inc,1841968,True,https://www.sec.gov/Archives/edgar/data/1841968/000095017025030098/px-ex21_1.htm,14,Exhibit-21 found
P2 Solar Inc,1172069,False,,0,"10-K found, but Exhibit-21 missing"
P3 Health Partners Inc,1832511,False,,0,"10-K found, but Exhibit-21 missing"
Paccar Inc,75362,True,https://www.sec.gov/Archives/edgar/data/75362/000095017025023145/pcar-ex21.htm,9,Exhibit-21 found
Pacific Biosciences OF California Inc,1299130,False,,0,"10-K found, but Exhibit-21 missing"
Pacific Health CARE Organization Inc,1138476,True,https://www.sec.gov/Archives/edgar/data/1138476/000118518525000193/pacifichcoex21-1.htm,5,Exhibit-21 found
Pacific Oak Strategic Opportunity REIT Inc,1452936,False,,0,"10-K found, but Exhibit-21 missing"
Pacific Premier Bancorp Inc,1295401,False,,0,"10-K found, but Exhibit-21 missing"
Pacific Sports Exchange Inc,1765651,False,,0,"10-K found, but Exhibit-21 missing"
Pacific Ventures Group Inc,320193,False,,0,"10-K found, but Exhibit-21 missing"
Pacificorp,nan,False,,0,"Error: ValueError(""invalid literal for int() with base 10: 'nan'"")"
Pacira Biosciences Inc,1396814,True,https://www.sec.gov/Archives/edgar/data/1396814/000139681425000041/pcrx-12312024xex211.htm,4,Exhibit-21 found
PACS Group Inc,2001184,False,,0,"10-K found, but Exhibit-21 missing"
Pactiv Evergreen Inc,320193,False,,0,"10-K found, but Exhibit-21 missing"
Pagaya Technologies Ltd,1883085,False,,0,"10-K found, but Exhibit-21 missing"
Pagerduty Inc,1568100,True,https://www.sec.gov/Archives/edgar/data/1568100/000156810025000023/pagerdutyq4fy25-ex211xsubs.htm,3,Exhibit-21 found
Palantir Technologies Inc,1321655,False,,0,"10-K found, but Exhibit-21 missing"
Palatin Technologies Inc,911216,True,https://www.sec.gov/Archives/edgar/data/911216/000165495425011030/ptn_ex21.htm,0,Exhibit-21 found
Palisade BIO Inc,1357459,False,,0,"10-K found, but Exhibit-21 missing"
Palladyne AI Corp,1826681,True,https://www.sec.gov/Archives/edgar/data/1826681/000095017025024148/pdyn-ex21.htm,4,Exhibit-21 found
Palmer Square Capital BDC Inc,1794776,True,https://www.sec.gov/Archives/edgar/data/1794776/000095017025028337/psbd-ex21_1.htm,4,Exhibit-21 found
Palo Alto Networks Inc,1327567,True,https://www.sec.gov/Archives/edgar/data/1327567/000132756725000027/panwex211fy25.htm,51,Exhibit-21 found
Palomar Holdings Inc,1761312,False,,0,"10-K found, but Exhibit-21 missing"
Paltalk Inc,1326801,False,,0,"10-K found, but Exhibit-21 missing"
PAMT Corp,798287,False,,0,"10-K found, but Exhibit-21 missing"
Panacea LIFE Sciences Holdings Inc,1552189,False,,0,"10-K found, but Exhibit-21 missing"
Panamera Holdings Corp,1620749,False,,0,"10-K found, but Exhibit-21 missing"
Panbela Therapeutics Inc,1583648,False,,0,"10-K found, but Exhibit-21 missing"
Pangaea Logistics Solutions Ltd,1606909,False,,0,"10-K found, but Exhibit-21 missing"
PAPA Johns International Inc,901491,False,,0,"10-K found, but Exhibit-21 missing"
Papaya Growth Opportunity Corp I,1045810,False,,0,"10-K found, but Exhibit-21 missing"
PAR Pacific Holdings Inc,821483,True,https://www.sec.gov/Archives/edgar/data/821483/000082148325000010/a20241231ex211subsidiaries.htm,19,Exhibit-21 found
PAR Technology Corp,708821,True,https://www.sec.gov/Archives/edgar/data/708821/000070882125000015/a10-kex212024xsubsidiaries.htm,4,Exhibit-21 found
Paramount Gold Nevada Corp,1629210,True,https://www.sec.gov/Archives/edgar/data/1629210/000119312525217759/pzg-ex21_1.htm,3,Exhibit-21 found
Paramount Group Inc,1605607,True,https://www.sec.gov/Archives/edgar/data/1605607/000095017025029096/pgre-ex21_1.htm,152,Exhibit-21 found
PARK Aerospace Corp,76267,False,,0,"10-K found, but Exhibit-21 missing"
PARK National Corp,805676,True,https://www.sec.gov/Archives/edgar/data/805676/000080567625000014/prk-ex21x20241231x10k.htm,3,Exhibit-21 found
PARK OHIO Holdings Corp,76282,True,https://www.sec.gov/Archives/edgar/data/76282/000007628225000013/pkoh20241231-ex211.htm,57,Exhibit-21 found
Parke Bancorp Inc,1315399,True,https://www.sec.gov/Archives/edgar/data/1315399/000131539925000025/pkbk-q4x12312024ex21.htm,3,Exhibit-21 found
Parker Hannifin Corp,76334,True,https://www.sec.gov/Archives/edgar/data/76334/000007633425000035/ph6302025ex2110-k.htm,26,Exhibit-21 found
Parkervision Inc,914139,False,,0,"10-K found, but Exhibit-21 missing"
Parks America Inc,1297937,True,https://www.sec.gov/Archives/edgar/data/1297937/000149315224049988/ex21-1.htm,4,Exhibit-21 found
Parsons Corp,275880,True,https://www.sec.gov/Archives/edgar/data/275880/000095017025022754/psn-ex21_1.htm,98,Exhibit-21 found
Pathfinder Bancorp Inc,1609065,True,https://www.sec.gov/Archives/edgar/data/1609065/000095017025047820/pbhc-ex21.htm,3,Exhibit-21 found
Pathward Financial Inc,907471,False,,0,"10-K found, but Exhibit-21 missing"
Patrick Industries Inc,76605,True,https://www.sec.gov/Archives/edgar/data/76605/000007660525000062/patk202410-kex21.htm,47,Exhibit-21 found
Patriot National Bancorp Inc,1098146,False,,0,"10-K found, but Exhibit-21 missing"
Patterson Companies Inc,320193,False,,0,"10-K found, but Exhibit-21 missing"
Patterson UTI Energy Inc,889900,True,https://www.sec.gov/Archives/edgar/data/889900/000088990025000034/ex211subsidiariesoftheregi.htm,55,Exhibit-21 found
Paxmedica Inc,1067983,True,https://www.sec.gov/Archives/edgar/data/1067983/000095017025025210/brka-ex21.htm,219,Exhibit-21 found
Paychex Inc,723531,True,https://www.sec.gov/Archives/edgar/data/723531/000095017025095300/payx-ex21_1.htm,24,Exhibit-21 found
Paycor HCM Inc,320193,False,,0,"10-K found, but Exhibit-21 missing"
Paylocity Holding Corp,1591698,False,,0,"10-K found, but Exhibit-21 missing"
Paymentus Holdings Inc,1841156,False,,0,"10-K found, but Exhibit-21 missing"
Payoneer Global Inc,1845815,True,https://www.sec.gov/Archives/edgar/data/1845815/000155837025001804/payo-20241231xex21d1.htm,47,Exhibit-21 found
Paypal Holdings Inc,1633917,False,,0,"10-K found, but Exhibit-21 missing"
Paysign Inc,1496443,False,,0,"10-K found, but Exhibit-21 missing"
PB Bankshares Inc,1849670,True,https://www.sec.gov/Archives/edgar/data/1849670/000155837025004017/pbbk-20241231xex21.htm,2,Exhibit-21 found
PBF Energy Inc,1534504,True,https://www.sec.gov/Archives/edgar/data/1534504/000153450425000011/a123124ex211-listofsubsidi.htm,41,Exhibit-21 found
PC Connection Inc,1050377,True,https://www.sec.gov/Archives/edgar/data/1050377/000155837025001382/cnxn-20241231xex21d1.htm,4,Exhibit-21 found
PCB Bancorp,1423869,False,,0,"10-K found, but Exhibit-21 missing"
PCS Edventures Inc,1122020,False,,0,"10-K found, but Exhibit-21 missing"
PDF Solutions Inc,1120914,True,https://www.sec.gov/Archives/edgar/data/1120914/000155837025001813/pdfs-20241231xex21d01.htm,8,Exhibit-21 found
PDS Biotechnology Corp,1472091,False,,0,"10-K found, but Exhibit-21 missing"
Peabody Energy Corp,1064728,True,https://www.sec.gov/Archives/edgar/data/1064728/000106472825000018/btu_20241231xex21.htm,139,Exhibit-21 found
Peakstone Realty Trust,1600626,False,,0,"10-K found, but Exhibit-21 missing"
Peapack Gladstone Financial Corp,1050743,False,,0,"10-K found, but Exhibit-21 missing"
Pebblebrook Hotel Trust,1474098,True,https://www.sec.gov/Archives/edgar/data/1474098/000147409825000039/peb-20241231ex211subsidiar.htm,174,Exhibit-21 found
Pedevco Corp,1141197,True,https://www.sec.gov/Archives/edgar/data/1141197/000165495425003703/ped_ex211.htm,6,Exhibit-21 found
Pediatrix Medical Group Inc,893949,True,https://www.sec.gov/Archives/edgar/data/893949/000095017025023730/md-ex21_1.htm,2,Exhibit-21 found
Pedro S List Inc,320193,False,,0,"10-K found, but Exhibit-21 missing"
Pegasystems Inc,1013857,True,https://www.sec.gov/Archives/edgar/data/1013857/000101385725000024/q42024_ex-211.htm,1,Exhibit-21 found
Peloton Interactive Inc,1639825,False,,0,"10-K found, but Exhibit-21 missing"
PENN Entertainment Inc,921738,True,https://www.sec.gov/Archives/edgar/data/921738/000092173825000008/pennex211123124.htm,131,Exhibit-21 found
Pennant Group Inc,1766400,False,,0,"10-K found, but Exhibit-21 missing"
Pennantpark Floating Rate Capital Ltd,1504619,True,https://www.sec.gov/Archives/edgar/data/1504619/000119312525293672/pflt-ex21_1.htm,10,Exhibit-21 found
Penns Woods Bancorp Inc,1295401,False,,0,"10-K found, but Exhibit-21 missing"
Pennymac Financial Services Inc,1745916,True,https://www.sec.gov/Archives/edgar/data/1745916/000155837025001148/pfsi-20241231xex21d1.htm,5,Exhibit-21 found
Penske Automotive Group Inc,1019849,True,https://www.sec.gov/Archives/edgar/data/1019849/000101984925000022/a202410kex21.htm,21,Exhibit-21 found
Pentair PLC,77360,True,https://www.sec.gov/Archives/edgar/data/77360/000007736025000006/ex21pentairplcsubsidiaries.htm,65,Exhibit-21 found
Peoples Bancorp Inc,318300,False,,0,"10-K found, but Exhibit-21 missing"
Peoples Financial Corp,1056943,True,https://www.sec.gov/Archives/edgar/data/1056943/000155837025003995/pfis-20241231xex21d1.htm,1,Exhibit-21 found
Peoples Financial Services Corp,1056943,True,https://www.sec.gov/Archives/edgar/data/1056943/000155837025003995/pfis-20241231xex21d1.htm,1,Exhibit-21 found
Pepgen Inc,1835597,True,https://www.sec.gov/Archives/edgar/data/1835597/000095017025025226/pepg-ex21_1.htm,1,Exhibit-21 found
Pepsico Inc,77476,False,,0,"10-K found, but Exhibit-21 missing"
Peraso Inc,890394,False,,0,"10-K found, but Exhibit-21 missing"
Perception Capital Corp IV,1045810,False,,0,"10-K found, but Exhibit-21 missing"
Perceptive Capital Solutions Corp,2017526,False,,0,"10-K found, but Exhibit-21 missing"
Perdoceo Education Corp,1046568,True,https://www.sec.gov/Archives/edgar/data/1046568/000095017025022187/prdo-ex21.htm,20,Exhibit-21 found
Perella Weinberg Partners,1777835,True,https://www.sec.gov/Archives/edgar/data/1777835/000177783525000056/ex-211xlistofsubsx123124.htm,9,Exhibit-21 found
Perfect Moment Ltd,1849221,False,,0,"10-K found, but Exhibit-21 missing"
Performance Food Group Co,1618673,True,https://www.sec.gov/Archives/edgar/data/1618673/000161867325000012/pfgc-ex21_1.htm,55,Exhibit-21 found
Perimeter Solutions Inc,1880319,False,,0,"10-K found, but Exhibit-21 missing"
Perma FIX Environmental Services Inc,891532,True,https://www.sec.gov/Archives/edgar/data/891532/000149315225010161/ex21-1.htm,22,Exhibit-21 found
Perma-Pipe International Holdings Inc,914122,False,,0,"10-K found, but Exhibit-21 missing"
Permex Petroleum Corp,1922639,True,https://www.sec.gov/Archives/edgar/data/1922639/000149315225002235/ex21-1.htm,0,Exhibit-21 found
Permian Resources Corp,1658566,False,,0,"10-K found, but Exhibit-21 missing"
Permrock Royalty Trust,1724009,False,,0,"10-K found, but Exhibit-21 missing"
Perrigo Co PLC,1585364,True,https://www.sec.gov/Archives/edgar/data/1585364/000158536425000014/cy24q410kex21.htm,72,Exhibit-21 found
Personalis Inc,1527753,True,https://www.sec.gov/Archives/edgar/data/1527753/000095017025029221/psnl-ex21_1.htm,1,Exhibit-21 found
Perspective Therapeutics Inc,728387,True,https://www.sec.gov/Archives/edgar/data/728387/000095017025045242/catx-ex21_1.htm,8,Exhibit-21 found
Petco Health & Wellness Company Inc,1826470,False,,0,"10-K found, but Exhibit-21 missing"
Petmed Express Inc,1040130,False,,0,"10-K found, but Exhibit-21 missing"
Petrogas Co,1609258,False,,0,"10-K found, but Exhibit-21 missing"
Petros Pharmaceuticals Inc,1815903,False,,0,"10-K found, but Exhibit-21 missing"
Petvivo Holdings Inc,1512922,False,,0,"10-K found, but Exhibit-21 missing"
Pfizer Inc,78003,False,,0,"10-K found, but Exhibit-21 missing"
Pg&E Corp,70858,True,https://www.sec.gov/Archives/edgar/data/70858/000007085825000139/bac-1231202410xkex21.htm,34,Exhibit-21 found
Pharma-Bio Serv Inc,1304161,True,https://www.sec.gov/Archives/edgar/data/1304161/000165495425000915/pbsv_ex211.htm,4,Exhibit-21 found
Phathom Pharmaceuticals Inc,1783183,False,,0,"10-K found, but Exhibit-21 missing"
Phenixfin Corp,1490349,False,,0,"10-K found, but Exhibit-21 missing"
PHI Group Inc,704172,True,https://www.sec.gov/Archives/edgar/data/704172/000149315224041102/ex21-1.htm,13,Exhibit-21 found
Phibro Animal Health Corp,1069899,True,https://www.sec.gov/Archives/edgar/data/1069899/000155837025011776/pahc-20250630xex21d1.htm,28,Exhibit-21 found
Philip Morris International Inc,1413329,True,https://www.sec.gov/Archives/edgar/data/1413329/000141332925000013/pm-ex21_123124xq4.htm,61,Exhibit-21 found
Phillips 66,1534701,True,https://www.sec.gov/Archives/edgar/data/1534701/000153470125000074/psx-2024_12x31xex21.htm,112,Exhibit-21 found
Phillips Edison & Company Inc,1476204,True,https://www.sec.gov/Archives/edgar/data/1476204/000147620425000030/pecoq42024ex-211.htm,344,Exhibit-21 found
Phinia Inc,1968915,True,https://www.sec.gov/Archives/edgar/data/1968915/000196891525000006/ex211-phiniasubsidiarylist.htm,31,Exhibit-21 found
Phoenix Motor Inc,1879848,False,,0,"10-K found, but Exhibit-21 missing"
Phoenix Plus Corp,1045810,False,,0,"10-K found, but Exhibit-21 missing"
Photronics Inc,810136,True,https://www.sec.gov/Archives/edgar/data/810136/000114036124049881/ef20035608_ex21.htm,9,Exhibit-21 found
Phreesia Inc,1412408,False,,0,"10-K found, but Exhibit-21 missing"
Phunware Inc,1665300,True,https://www.sec.gov/Archives/edgar/data/1665300/000095017025047919/phun-ex21_1.htm,10,Exhibit-21 found
PHX Minerals Inc,320193,False,,0,"10-K found, but Exhibit-21 missing"
Piedmont Lithium Inc,320193,False,,0,"10-K found, but Exhibit-21 missing"
Piedmont Office Realty Trust Inc,1042776,True,https://www.sec.gov/Archives/edgar/data/1042776/000104277625000042/pdm123124ex211.htm,71,Exhibit-21 found
Pieris Pharmaceuticals Inc,1815903,False,,0,"10-K found, but Exhibit-21 missing"
Pilgrims Pride Corp,802481,False,,0,"10-K found, but Exhibit-21 missing"
Pimco Corporate & Income Opportunity FUND,1190935,False,,0,No 10-K found
Pineapple Express Cannabis Co,1710495,False,,0,"10-K found, but Exhibit-21 missing"
Pineapple Financial Inc,1938109,False,,0,"10-K found, but Exhibit-21 missing"
Pineapple Inc,1654672,False,,0,"10-K found, but Exhibit-21 missing"
Pinnacle Financial Partners Inc,1115055,False,,0,"10-K found, but Exhibit-21 missing"
Pinnacle WEST Capital Corp,764622,False,,0,"10-K found, but Exhibit-21 missing"
Pinstripes Holdings Inc,1324404,True,https://www.sec.gov/Archives/edgar/data/1324404/000132440425000006/cf-12312024xex21.htm,20,Exhibit-21 found
Pinterest Inc,1506293,True,https://www.sec.gov/Archives/edgar/data/1506293/000150629325000022/pins-ex211x20241231.htm,2,Exhibit-21 found
Pioneer Bancorp Inc./md,1769663,True,https://www.sec.gov/Archives/edgar/data/1769663/000155837024013020/pbfs-20240630xex21.htm,4,Exhibit-21 found
Pioneer Green Farms Inc,320193,False,,0,"10-K found, but Exhibit-21 missing"
Pioneer Power Solutions Inc,1449792,True,https://www.sec.gov/Archives/edgar/data/1449792/000164117225004681/ex21-1.htm,1,Exhibit-21 found
Piper Sandler Companies,1230245,True,https://www.sec.gov/Archives/edgar/data/1230245/000123024525000038/pscq42024ex211.htm,32,Exhibit-21 found
Pishposh Inc,1326801,False,,0,"10-K found, but Exhibit-21 missing"
Pitney Bowes Inc,78814,True,https://www.sec.gov/Archives/edgar/data/78814/000007881425000015/pbi20241231ex21.htm,20,Exhibit-21 found
Pixelworks Inc,1040161,True,https://www.sec.gov/Archives/edgar/data/1040161/000104016125000010/ex21subsidiariesfor202410k.htm,11,Exhibit-21 found
PJT Partners Inc,1626115,True,https://www.sec.gov/Archives/edgar/data/1626115/000095017025029132/pjt-ex21_1.htm,4,Exhibit-21 found
Plains ALL American Pipeline LP,1070423,False,,0,"10-K found, but Exhibit-21 missing"
Plains GP Holdings LP,1581990,False,,0,"10-K found, but Exhibit-21 missing"
Planet 13 Holdings Inc,1813452,False,,0,"10-K found, but Exhibit-21 missing"
Planet Fitness Inc,1637207,True,https://www.sec.gov/Archives/edgar/data/1637207/000163720725000016/ex211subsidiarylisting2024.htm,51,Exhibit-21 found
Planet Green Holdings Corp,1117057,True,https://www.sec.gov/Archives/edgar/data/1117057/000121390025031064/ea023475501ex21-1_planet.htm,8,Exhibit-21 found
Planet Labs PBC,1836833,False,,0,"10-K found, but Exhibit-21 missing"
Playa Hotels & Resorts NV,937966,False,,0,No 10-K found
Playags Inc,1326801,False,,0,"10-K found, but Exhibit-21 missing"
Playstudios Inc,1823878,True,https://www.sec.gov/Archives/edgar/data/1823878/000182387825000017/myps-q42024xex211.htm,8,Exhibit-21 found
PLBY Group Inc,1314196,False,,0,"10-K found, but Exhibit-21 missing"
Plexus Corp,785786,False,,0,"10-K found, but Exhibit-21 missing"
Pliant Therapeutics Inc,1746473,False,,0,"10-K found, but Exhibit-21 missing"
PLUG Power Inc,1093691,True,https://www.sec.gov/Archives/edgar/data/1093691/000155837025002049/plug-20241231xex21d1.htm,6,Exhibit-21 found
Plum Acquisition Corp III,1845550,False,,0,"10-K found, but Exhibit-21 missing"
Plumas Bancorp,1168455,False,,0,"10-K found, but Exhibit-21 missing"
Pluri Inc,1158780,True,https://www.sec.gov/Archives/edgar/data/1158780/000121390025088578/ea025613001ex21-1_pluriinc.htm,11,Exhibit-21 found
PLUS Therapeutics Inc,1095981,True,https://www.sec.gov/Archives/edgar/data/1095981/000095017025047698/pstv-ex21.htm,1,Exhibit-21 found
Plymouth Industrial REIT Inc,1515816,True,https://www.sec.gov/Archives/edgar/data/1515816/000117152025000056/ex21-1.htm,88,Exhibit-21 found
PMV Pharmaceuticals Inc,1699382,False,,0,"10-K found, but Exhibit-21 missing"
PNC Financial Services Group Inc,713676,True,https://www.sec.gov/Archives/edgar/data/713676/000071367625000027/pnc-12312024xex21.htm,1,Exhibit-21 found
Polar Power Inc,1622345,False,,0,"10-K found, but Exhibit-21 missing"
Polaris Inc,931015,False,,0,"10-K found, but Exhibit-21 missing"
polished.com Inc,320193,False,,0,"10-K found, but Exhibit-21 missing"
Polomar Health Services Inc,1265521,False,,0,"10-K found, but Exhibit-21 missing"
Ponce Financial Group Inc,1874071,False,,0,"10-K found, but Exhibit-21 missing"
POOL Corp,945841,False,,0,"10-K found, but Exhibit-21 missing"
Porch Group Inc,1784535,True,https://www.sec.gov/Archives/edgar/data/1784535/000178453525000011/prch-20241231xex211.htm,36,Exhibit-21 found
Portillo S Inc,1871509,False,,0,"10-K found, but Exhibit-21 missing"
Portland General Electric Co,40545,True,https://www.sec.gov/Archives/edgar/data/40545/000004054525000015/ex21subsidiariesofregistra.htm,47,Exhibit-21 found
Portman Ridge Finance Corp,1045810,False,,0,"10-K found, but Exhibit-21 missing"
Poseida Therapeutics Inc,1708599,False,,0,"10-K found, but Exhibit-21 missing"
Post Holdings Inc,1530950,True,https://www.sec.gov/Archives/edgar/data/1530950/000153095025000260/ex21-1xsubsidiariesofphi20.htm,67,Exhibit-21 found
Postal Realty Trust Inc,1759774,False,,0,"10-K found, but Exhibit-21 missing"
Potbelly Corp,70858,True,https://www.sec.gov/Archives/edgar/data/70858/000007085825000139/bac-1231202410xkex21.htm,34,Exhibit-21 found
Potlatchdeltic Corp,1338749,True,https://www.sec.gov/Archives/edgar/data/1338749/000095017025019711/pch-ex21.htm,4,Exhibit-21 found
Powell Industries Inc,80420,False,,0,"10-K found, but Exhibit-21 missing"
Power Integrations Inc,833640,False,,0,"10-K found, but Exhibit-21 missing"
Power REIT,1532619,True,https://www.sec.gov/Archives/edgar/data/1532619/000164117225001515/ex21-1.htm,23,Exhibit-21 found
Power Solutions International Inc,1137091,False,,0,"10-K found, but Exhibit-21 missing"
Powerfleet Inc,1774170,False,,0,"10-K found, but Exhibit-21 missing"
Powerup Acquisition Corp,2025608,False,,0,No 10-K found
PPL Corp,922224,True,https://www.sec.gov/Archives/edgar/data/922224/000092222425000009/ppl-12312024ex21.htm,11,Exhibit-21 found
Pplus Trust Series GSC-2,1294808,False,,0,"10-K found, but Exhibit-21 missing"
PRA Group Inc,1185348,False,,0,"10-K found, but Exhibit-21 missing"
Prairie Operating Co,1162896,True,https://www.sec.gov/Archives/edgar/data/1162896/000149315225009423/ex21-1.htm,10,Exhibit-21 found
Praxis Precision Medicines Inc,1689548,False,,0,"10-K found, but Exhibit-21 missing"
Preaxia Health CARE Payment Systems Inc,1350156,False,,0,"10-K found, but Exhibit-21 missing"
Precigen Inc,1356090,False,,0,"10-K found, but Exhibit-21 missing"
Precipio Inc,1043961,True,https://www.sec.gov/Archives/edgar/data/1043961/000155837025003817/prpo-20241231xex21d1.htm,3,Exhibit-21 found
Precision Biosciences Inc,1357874,True,https://www.sec.gov/Archives/edgar/data/1357874/000095017025044775/dtil-ex21_1.htm,1,Exhibit-21 found
Predictive Oncology Inc,1446159,False,,0,"10-K found, but Exhibit-21 missing"
Preformed LINE Products Co,80035,True,https://www.sec.gov/Archives/edgar/data/80035/000162828025012640/plpc-10kxex21x2024q4.htm,10,Exhibit-21 found
Prelude Therapeutics Inc,1678660,False,,0,"10-K found, but Exhibit-21 missing"
Premier Financial Corp,1641601,False,,0,"10-K found, but Exhibit-21 missing"
Premier Inc,1577916,True,https://www.sec.gov/Archives/edgar/data/1577916/000157791625000011/ex21-pincxfy25x0630.htm,30,Exhibit-21 found
Premium Nickel Resources Ltd,1144967,False,,0,No 10-K found
Presidio Property Trust Inc,1080657,False,,0,"10-K found, but Exhibit-21 missing"
Pressure Biosciences Inc,1006028,False,,0,"10-K found, but Exhibit-21 missing"
Prestige Consumer Healthcare Inc,1295947,False,,0,"10-K found, but Exhibit-21 missing"
Presto Automation Inc,320193,False,,0,"10-K found, but Exhibit-21 missing"
Price T ROWE Group Inc,1113169,False,,0,"10-K found, but Exhibit-21 missing"
Pricesmart Inc,1041803,False,,0,"10-K found, but Exhibit-21 missing"
Prime Medicine Inc,1894562,True,https://www.sec.gov/Archives/edgar/data/1894562/000162828025008884/fy2024ex211-subidiaries.htm,1,Exhibit-21 found
Prime Meridian Holding Co,1586454,False,,0,"10-K found, but Exhibit-21 missing"
Primeenergy Resources Corp,56868,False,,0,"10-K found, but Exhibit-21 missing"
Primerica Inc,1475922,True,https://www.sec.gov/Archives/edgar/data/1475922/000095017025029882/pri-ex21_1.htm,12,Exhibit-21 found
Primis Financial Corp,1325670,True,https://www.sec.gov/Archives/edgar/data/1325670/000155837025005861/frst-20241231xex21d0.htm,2,Exhibit-21 found
Primoris Services Corp,1361538,True,https://www.sec.gov/Archives/edgar/data/1361538/000155837025001397/prim-20241231xex21d1.htm,30,Exhibit-21 found
Princeton Bancorp Inc,1913971,True,https://www.sec.gov/Archives/edgar/data/1913971/000119312525054907/d885370dex211.htm,6,Exhibit-21 found
Principal Financial Group Inc,1126328,True,https://www.sec.gov/Archives/edgar/data/1126328/000141057825000160/pfg-20241231xex21.htm,81,Exhibit-21 found
Principal Real Estate Income Fund,1557523,False,,0,No 10-K found
Priority Technology Holdings Inc,1653558,False,,0,"10-K found, but Exhibit-21 missing"
Privia Health Group Inc,1759655,False,,0,"10-K found, but Exhibit-21 missing"
PRO DEX Inc,788920,True,https://www.sec.gov/Archives/edgar/data/788920/000107997325001426/ex21.htm,1,Exhibit-21 found
Proassurance Corp,1127703,True,https://www.sec.gov/Archives/edgar/data/1127703/000187524625000003/pra-20241231xex211.htm,31,Exhibit-21 found
Procept Biorobotics Corp,1588978,False,,0,"10-K found, but Exhibit-21 missing"
Processa Pharmaceuticals Inc,1533743,True,https://www.sec.gov/Archives/edgar/data/1533743/000164117225000070/ex21-1.htm,1,Exhibit-21 found
Procore Technologies Inc,1611052,False,,0,"10-K found, but Exhibit-21 missing"
Procter & Gamble Co,80424,False,,0,"10-K found, but Exhibit-21 missing"
Procyon Corp,70858,True,https://www.sec.gov/Archives/edgar/data/70858/000007085825000139/bac-1231202410xkex21.htm,34,Exhibit-21 found
Professional Diversity Network Inc,1546296,False,,0,"10-K found, but Exhibit-21 missing"
Proficient Auto Logistics Inc,1998768,True,https://www.sec.gov/Archives/edgar/data/1998768/000101376225004352/ea023532501ex21-1_proficient.htm,17,Exhibit-21 found
Profire Energy Inc,320193,False,,0,"10-K found, but Exhibit-21 missing"
Profrac Holding Corp,1881487,True,https://www.sec.gov/Archives/edgar/data/1881487/000095017025036251/acdc-ex21_1.htm,49,Exhibit-21 found
PROG Holdings Inc,1808834,False,,0,"10-K found, but Exhibit-21 missing"
Progress Software Corp /Ma,876167,False,,0,"10-K found, but Exhibit-21 missing"
Progressive Corp,80661,False,,0,"10-K found, but Exhibit-21 missing"
Progyny Inc,1551306,False,,0,"10-K found, but Exhibit-21 missing"
Prokidney Corp,1850270,True,https://www.sec.gov/Archives/edgar/data/1850270/000095017025040483/prok-ex21_1.htm,5,Exhibit-21 found
Prologis Inc,1045609,True,https://www.sec.gov/Archives/edgar/data/1045609/000095017025021272/pld-ex21_1.htm,11,Exhibit-21 found
Promis Neurosciences Inc,1374339,True,https://www.sec.gov/Archives/edgar/data/1374339/000155837025004068/pmn-20241231xex21d1.htm,2,Exhibit-21 found
Propanc Biopharma Inc,1517681,False,,0,"10-K found, but Exhibit-21 missing"
Propetro Holding Corp,1680247,False,,0,"10-K found, but Exhibit-21 missing"
Prophase Labs Inc,868278,False,,0,"10-K found, but Exhibit-21 missing"
PROS Holdings Inc,1392972,True,https://www.sec.gov/Archives/edgar/data/1392972/000139297225000019/a2024q4ex211subsidiaries.htm,8,Exhibit-21 found
Proshares Trust II,1415311,False,,0,"10-K found, but Exhibit-21 missing"
Prospect Capital Corp,1287032,False,,0,"10-K found, but Exhibit-21 missing"
Prosperity Bancshares Inc,1068851,True,https://www.sec.gov/Archives/edgar/data/1068851/000095017025029222/pb-ex21_1.htm,5,Exhibit-21 found
Protagenic Therapeutics Inc.new,1022899,False,,0,"10-K found, but Exhibit-21 missing"
Protalix Biotherapeutics Inc,1006281,True,https://www.sec.gov/Archives/edgar/data/1006281/000155837025003039/plx-20241231xex21d1.htm,1,Exhibit-21 found
Protara Therapeutics Inc,1359931,True,https://www.sec.gov/Archives/edgar/data/1359931/000121390025020368/ea023164601ex21-1_protara.htm,3,Exhibit-21 found
Prothena Corp Public Ltd Co,1559053,True,https://www.sec.gov/Archives/edgar/data/1559053/000155905325000009/prta2024xex211listofsubsid.htm,2,Exhibit-21 found
Proto Labs Inc,1443669,True,https://www.sec.gov/Archives/edgar/data/1443669/000162828025007052/prlb-20241231xex211.htm,5,Exhibit-21 found
Provident Bancorp Inc,1295401,False,,0,"10-K found, but Exhibit-21 missing"
Provident Financial Holdings Inc,1010470,True,https://www.sec.gov/Archives/edgar/data/1010470/000093905725000242/prov-20250630xex21d1.htm,5,Exhibit-21 found
Provident Financial Services Inc,1178970,True,https://www.sec.gov/Archives/edgar/data/1178970/000162828025008991/pfs-12312024ex21.htm,2,Exhibit-21 found
Prudential Financial Inc,1137774,False,,0,"10-K found, but Exhibit-21 missing"
PSQ Holdings Inc,1847064,False,,0,"10-K found, but Exhibit-21 missing"
Psychemedics Corp,806517,False,,0,"10-K found, but Exhibit-21 missing"
PTC Inc,857005,True,https://www.sec.gov/Archives/edgar/data/857005/000119312525291326/ptc-ex21_1.htm,1,Exhibit-21 found
PTC Therapeutics Inc,1070081,True,https://www.sec.gov/Archives/edgar/data/1070081/000107008125000012/tmb-20241231xex21d1.htm,4,Exhibit-21 found
Public Co Management Corp,1141964,False,,0,"10-K found, but Exhibit-21 missing"
Public Service Co OF NEW Mexico,81023,True,https://www.sec.gov/Archives/edgar/data/81023/000110842625000014/txnm12312024ex21.htm,7,Exhibit-21 found
Public Service Enterprise Group Inc,788784,True,https://www.sec.gov/Archives/edgar/data/788784/000095017025026874/peg-ex21.htm,4,Exhibit-21 found
Public Storage,1393311,True,https://www.sec.gov/Archives/edgar/data/1393311/000139331125000036/psa-123124xex21.htm,5,Exhibit-21 found
Pubmatic Inc,1422930,False,,0,"10-K found, but Exhibit-21 missing"
Pulmatrix Inc,1574235,True,https://www.sec.gov/Archives/edgar/data/1574235/000149315225011084/ex21-1.htm,1,Exhibit-21 found
Pulmonx Corp,1127537,False,,0,"10-K found, but Exhibit-21 missing"
Pulse Biosciences Inc,1625101,False,,0,"10-K found, but Exhibit-21 missing"
Pultegroup Inc,822416,False,,0,"10-K found, but Exhibit-21 missing"
PUMA Biotechnology Inc,1401667,False,,0,"10-K found, but Exhibit-21 missing"
PURE Bioscience Inc,1006028,False,,0,"10-K found, but Exhibit-21 missing"
PURE Cycle Corp,276720,True,https://www.sec.gov/Archives/edgar/data/276720/000110465925110312/pcyo-20250831xex21.htm,3,Exhibit-21 found
Pure Storage Inc,1474432,True,https://www.sec.gov/Archives/edgar/data/1474432/000162828025015044/ex21110kfy2025.htm,9,Exhibit-21 found
Purebase Corp,1575858,False,,0,"10-K found, but Exhibit-21 missing"
Purple Innovation Inc,1643953,True,https://www.sec.gov/Archives/edgar/data/1643953/000121390025023815/ea023007701ex21-1_purplein.htm,2,Exhibit-21 found
PVH Corp,78239,True,https://www.sec.gov/Archives/edgar/data/78239/000007823925000018/pvh10k2024ex21.htm,40,Exhibit-21 found
Pyrophyte Acquisition Corp,2069238,False,,0,No 10-K found
Q2 Holdings Inc,1410384,True,https://www.sec.gov/Archives/edgar/data/1410384/000141038425000010/a241231ex211listofsubsidia.htm,5,Exhibit-21 found
Q32 Bio Inc,1661998,False,,0,"10-K found, but Exhibit-21 missing"
QCR Holdings Inc,906465,True,https://www.sec.gov/Archives/edgar/data/906465/000155837025001954/qcrh-20241231xex21.htm,6,Exhibit-21 found
QDM International Inc,1094032,False,,0,"10-K found, but Exhibit-21 missing"
Qhslab Inc,856984,False,,0,"10-K found, but Exhibit-21 missing"
QNB Corp,750558,True,https://www.sec.gov/Archives/edgar/data/750558/000095017025040857/qnbc-ex21_1.htm,1,Exhibit-21 found
Qorvo Inc,1604778,False,,0,"10-K found, but Exhibit-21 missing"
Qrons Inc,1018724,True,https://www.sec.gov/Archives/edgar/data/1018724/000101872425000004/amzn-20241231xex211.htm,9,Exhibit-21 found
QT Imaging Holdings Inc,1844505,False,,0,"10-K found, but Exhibit-21 missing"
Quad/graphics Inc,1481792,False,,0,"10-K found, but Exhibit-21 missing"
Quaint OAK Bancorp Inc,1391933,False,,0,"10-K found, but Exhibit-21 missing"
Quaker Chemical Corp,81362,True,https://www.sec.gov/Archives/edgar/data/81362/000008136225000014/kwr-20241231xex21.htm,44,Exhibit-21 found
Qualcomm Inc/De,804328,True,https://www.sec.gov/Archives/edgar/data/804328/000080432825000085/qcom092825ex21.htm,8,Exhibit-21 found
Qualigen Therapeutics Inc,1737287,False,,0,"10-K found, but Exhibit-21 missing"
Qualys Inc,1107843,True,https://www.sec.gov/Archives/edgar/data/1107843/000110784325000009/qlys-20241231xex211.htm,7,Exhibit-21 found
Quanta Services Inc,1050915,True,https://www.sec.gov/Archives/edgar/data/1050915/000105091525000005/pwr-ex211x12312024.htm,240,Exhibit-21 found
Quanterix Corp,1503274,False,,0,"10-K found, but Exhibit-21 missing"
Quantumscape Corp,1811414,True,https://www.sec.gov/Archives/edgar/data/1811414/000095017025027308/qs-ex21_1.htm,1,Exhibit-21 found
Quantum-Si Inc,1816431,False,,0,"10-K found, but Exhibit-21 missing"
Quarta-Rad Inc,1549631,False,,0,"10-K found, but Exhibit-21 missing"
Quest Diagnostics Inc,1022079,True,https://www.sec.gov/Archives/edgar/data/1022079/000102207925000044/dgx12312024ex211.htm,17,Exhibit-21 found
Quest Patent Research Corp,824416,False,,0,"10-K found, but Exhibit-21 missing"
Quest Resource Holding Corp,1442236,True,https://www.sec.gov/Archives/edgar/data/1442236/000095017025037891/qrhc-ex21_1.htm,6,Exhibit-21 found
Quetta Acquisition Corp,1978528,False,,0,"10-K found, but Exhibit-21 missing"
Quicklogic Corp,882508,False,,0,"10-K found, but Exhibit-21 missing"
Quidelortho Corp,1906324,True,https://www.sec.gov/Archives/edgar/data/1906324/000190632425000035/ex21110-kx2024.htm,36,Exhibit-21 found
Quince Therapeutics Inc,1662774,True,https://www.sec.gov/Archives/edgar/data/1662774/000166277425000012/ex211-listofsubsidiaries.htm,6,Exhibit-21 found
Quinstreet Inc,1117297,True,https://www.sec.gov/Archives/edgar/data/1117297/000095017025110629/qnst-ex21_1.htm,15,Exhibit-21 found
Quipt Home Medical Corp,1540013,True,https://www.sec.gov/Archives/edgar/data/1540013/000155837024016299/qipt-20240930xex21.htm,55,Exhibit-21 found
Quoin Pharmaceuticals Ltd,1671502,False,,0,"10-K found, but Exhibit-21 missing"
R F Industries Ltd,740664,False,,0,"10-K found, but Exhibit-21 missing"
Rackspace Technology Inc,1810019,False,,0,"10-K found, but Exhibit-21 missing"
Radian Group Inc,890926,True,https://www.sec.gov/Archives/edgar/data/890926/000095017025021241/rdn-ex21.htm,24,Exhibit-21 found
Radiant Logistics Inc,1171155,True,https://www.sec.gov/Archives/edgar/data/1171155/000119312525203690/rlgt-ex21_1.htm,34,Exhibit-21 found
Radius Recycling Inc,320193,False,,0,"10-K found, but Exhibit-21 missing"
Radnet Inc,790526,False,,0,"10-K found, but Exhibit-21 missing"
Rafael Holdings Inc,1713863,True,https://www.sec.gov/Archives/edgar/data/1713863/000121390025103549/ea026239501ex21-01_rafael.htm,15,Exhibit-21 found
Rallybio Corp,1739410,False,,0,"10-K found, but Exhibit-21 missing"
Ralph Lauren Corp,1037038,True,https://www.sec.gov/Archives/edgar/data/1037038/000103703825000011/rl-20250329x10kex211.htm,51,Exhibit-21 found
Ramaco Resources Inc,1687187,True,https://www.sec.gov/Archives/edgar/data/1687187/000155837025003144/metc-20241231xex21d1.htm,31,Exhibit-21 found
Rambus Inc,917273,True,https://www.sec.gov/Archives/edgar/data/917273/000091727325000021/rmbs-ex211_2024123110k.htm,7,Exhibit-21 found
RAND Capital Corp,81955,True,https://www.sec.gov/Archives/edgar/data/81955/000095017025035949/rand-ex21_1.htm,8,Exhibit-21 found
Range Impact Inc,1438943,True,https://www.sec.gov/Archives/edgar/data/1438943/000164117225001343/ex21-1.htm,6,Exhibit-21 found
Ranger Gold Corp,1434740,False,,0,"10-K found, but Exhibit-21 missing"
Rani Therapeutics Holdings Inc,1856725,True,https://www.sec.gov/Archives/edgar/data/1856725/000095017025047740/rani-ex21_1.htm,1,Exhibit-21 found
Ranpak Holdings Corp,1712463,False,,0,"10-K found, but Exhibit-21 missing"
Raphael Pharmaceutical Inc,1415397,False,,0,"10-K found, but Exhibit-21 missing"
Rapid Micro Biosystems Inc,1380106,False,,0,"10-K found, but Exhibit-21 missing"
Rapport Therapeutics Inc,2012593,False,,0,"10-K found, but Exhibit-21 missing"
RAPT Therapeutics Inc,1673772,False,,0,"10-K found, but Exhibit-21 missing"
RARE Element Resources Ltd,1419806,False,,0,"10-K found, but Exhibit-21 missing"
RAVE Restaurant Group Inc,718332,True,https://www.sec.gov/Archives/edgar/data/718332/000114036125036080/ef20050393_ex21-1.htm,7,Exhibit-21 found
Raymond James Financial Inc,720005,True,https://www.sec.gov/Archives/edgar/data/720005/000072000525000093/ex212025093010k.htm,60,Exhibit-21 found
Rayonier Advanced Materials Inc,1597672,True,https://www.sec.gov/Archives/edgar/data/1597672/000159767225000008/ex21202410-k.htm,7,Exhibit-21 found
Rayonier Inc,52827,True,https://www.sec.gov/Archives/edgar/data/52827/000005282725000018/a4q202410k2024ex211.htm,6,Exhibit-21 found
RBB Bancorp,1499422,False,,0,"10-K found, but Exhibit-21 missing"
RBC Bearings Inc,1324948,True,https://www.sec.gov/Archives/edgar/data/1324948/000121390025044893/ea024166701ex21_rbcbear.htm,22,Exhibit-21 found
RCI Hospitality Holdings Inc,935419,True,https://www.sec.gov/Archives/edgar/data/935419/000162828024051384/rick-20240930x10kxex211.htm,188,Exhibit-21 found
RCM Technologies Inc,700841,False,,0,"10-K found, but Exhibit-21 missing"
Re/Max Holdings Inc,1581091,True,https://www.sec.gov/Archives/edgar/data/1581091/000155837025001224/rmax-20241231xex21d1.htm,18,Exhibit-21 found
Reading International Inc,716634,True,https://www.sec.gov/Archives/edgar/data/716634/000071663425000008/rdi-20241231xex21.htm,88,Exhibit-21 found
Ready Capital Corp,1527590,True,https://www.sec.gov/Archives/edgar/data/1527590/000162828025009464/ex21_1readycapitalcorporat.htm,204,Exhibit-21 found
Real Good Food Company Inc,320193,False,,0,"10-K found, but Exhibit-21 missing"
Realpha Tech Corp,1859199,True,https://www.sec.gov/Archives/edgar/data/1859199/000121390025027581/ea023624701ex21-1_realpha.htm,13,Exhibit-21 found
Realty Income Corp,726728,False,,0,"10-K found, but Exhibit-21 missing"
Reaves Utility Income FUND,1263994,False,,0,No 10-K found
Reborn Coffee Inc,1707910,False,,0,"10-K found, but Exhibit-21 missing"
Recursion Pharmaceuticals Inc,1601830,False,,0,"10-K found, but Exhibit-21 missing"
Red Cat Holdings Inc,748268,False,,0,"10-K found, but Exhibit-21 missing"
RED River Bancshares Inc,1071236,False,,0,"10-K found, but Exhibit-21 missing"
RED Robin Gourmet Burgers Inc,1171759,True,https://www.sec.gov/Archives/edgar/data/1171759/000117175925000012/rrgb-20241229xex211.htm,19,Exhibit-21 found
Red Violet Inc,1720116,True,https://www.sec.gov/Archives/edgar/data/1720116/000095017025029184/rdvt-ex21_1.htm,8,Exhibit-21 found
Reddit Inc,1713445,False,,0,"10-K found, but Exhibit-21 missing"
Redfin Corp,70858,True,https://www.sec.gov/Archives/edgar/data/70858/000007085825000139/bac-1231202410xkex21.htm,34,Exhibit-21 found
Redwire Corp,1819810,False,,0,"10-K found, but Exhibit-21 missing"
REED S Inc,1140215,True,https://www.sec.gov/Archives/edgar/data/1140215/000164117225001344/ex21.htm,4,Exhibit-21 found
Regal Rexnord Corp,82811,False,,0,"10-K found, but Exhibit-21 missing"
Regency Centers Corp,910606,True,https://www.sec.gov/Archives/edgar/data/910606/000095017025021359/reg-ex21.htm,463,Exhibit-21 found
Regenerative Medical Technology Group Inc,1760026,False,,0,"10-K found, but Exhibit-21 missing"
Regenerex Pharma Inc,1357878,False,,0,"10-K found, but Exhibit-21 missing"
Regeneron Pharmaceuticals Inc,872589,False,,0,"10-K found, but Exhibit-21 missing"
Regenxbio Inc,1590877,True,https://www.sec.gov/Archives/edgar/data/1590877/000095017025038770/rgnx-ex21_1.htm,1,Exhibit-21 found
Regional Health Properties Inc,1004724,True,https://www.sec.gov/Archives/edgar/data/1004724/000095017025047742/rhe-ex21_1.htm,56,Exhibit-21 found
Regional Management Corp,1519401,True,https://www.sec.gov/Archives/edgar/data/1519401/000095017025024903/rm-ex21_1.htm,28,Exhibit-21 found
Regions Financial Corp,1281761,False,,0,"10-K found, but Exhibit-21 missing"
Regis Corp,716643,True,https://www.sec.gov/Archives/edgar/data/716643/000071664325000031/rgs-20250630xex211.htm,19,Exhibit-21 found
Regulus Therapeutics Inc,1095981,True,https://www.sec.gov/Archives/edgar/data/1095981/000095017025047698/pstv-ex21.htm,1,Exhibit-21 found
Reinsurance Group OF America Inc,898174,True,https://www.sec.gov/Archives/edgar/data/898174/000089817425000027/a202410-kex211.htm,61,Exhibit-21 found
Rekor Systems Inc,1697851,False,,0,"10-K found, but Exhibit-21 missing"
Relay Therapeutics Inc,1812364,False,,0,"10-K found, but Exhibit-21 missing"
Reliance Global Group Inc,1812727,True,https://www.sec.gov/Archives/edgar/data/1812727/000149315225009445/ex21-1.htm,8,Exhibit-21 found
Reliance Inc,861884,True,https://www.sec.gov/Archives/edgar/data/861884/000155837025001806/rs-20241231xex21.htm,50,Exhibit-21 found
Reliant Holdings Inc,2006925,False,,0,No 10-K found
Relmada Therapeutics Inc,1553643,False,,0,"10-K found, but Exhibit-21 missing"
Remitly Global Inc,1782170,False,,0,"10-K found, but Exhibit-21 missing"
Remsleep Holdings Inc,1412126,False,,0,"10-K found, but Exhibit-21 missing"
Renaissancere Holdings Ltd,913144,True,https://www.sec.gov/Archives/edgar/data/913144/000091314425000009/ex2112024.htm,27,Exhibit-21 found
Renasant Corp,715072,True,https://www.sec.gov/Archives/edgar/data/715072/000071507225000054/rnst12312024ex21_subsidiar.htm,15,Exhibit-21 found
RENN Fund Inc,919567,False,,0,No 10-K found
Renovaro Inc,1326801,False,,0,"10-K found, but Exhibit-21 missing"
Renovorx Inc,1574094,False,,0,"10-K found, but Exhibit-21 missing"
Repare Therapeutics Inc,1808158,False,,0,"10-K found, but Exhibit-21 missing"
Repligen Corp,730272,True,https://www.sec.gov/Archives/edgar/data/730272/000095017025038999/rgen-ex21_1.htm,10,Exhibit-21 found
Repositrak Inc,50471,False,,0,"10-K found, but Exhibit-21 missing"
Republic Bancorp Inc,921557,True,https://www.sec.gov/Archives/edgar/data/921557/000155837025002370/rbcaa-20241231xex21.htm,3,Exhibit-21 found
Republic First Bancorp Inc,1295401,False,,0,"10-K found, but Exhibit-21 missing"
Republic Services Inc,1060391,False,,0,"10-K found, but Exhibit-21 missing"
Research Frontiers Inc,793524,True,https://www.sec.gov/Archives/edgar/data/793524/000149315225009377/ex21.htm,1,Exhibit-21 found
Research Solutions Inc,1386301,True,https://www.sec.gov/Archives/edgar/data/1386301/000110465925091644/rsss-20250630xex21.htm,4,Exhibit-21 found
Reservoir Media Inc,1824403,True,https://www.sec.gov/Archives/edgar/data/1824403/000141057825001379/rsvr-20250331xex21d1.htm,7,Exhibit-21 found
Reshape Lifesciences Inc,320193,False,,0,"10-K found, but Exhibit-21 missing"
Resideo Technologies Inc,1740332,False,,0,"10-K found, but Exhibit-21 missing"
Resmed Inc,943819,False,,0,"10-K found, but Exhibit-21 missing"
Resonate Blends Inc,897078,False,,0,"10-K found, but Exhibit-21 missing"
Resources Connection Inc,1084765,False,,0,"10-K found, but Exhibit-21 missing"
Respirerx Pharmaceuticals Inc,1691082,False,,0,No 10-K found
Restaurant Brands International Limited Partnership,1618755,False,,0,"10-K found, but Exhibit-21 missing"
Retail Opportunity Investments Corp,1045810,False,,0,"10-K found, but Exhibit-21 missing"
Retinalgenix Technologies Inc,1836295,False,,0,"10-K found, but Exhibit-21 missing"
REV Group Inc,1687221,True,https://www.sec.gov/Archives/edgar/data/1687221/000095017024135208/revg-ex21_1.htm,39,Exhibit-21 found
Revance Therapeutics Inc,1444192,True,https://www.sec.gov/Archives/edgar/data/1444192/000114036125023259/ef20047573_ex21-1.htm,1,Exhibit-21 found
Revelyst Inc,1326801,False,,0,"10-K found, but Exhibit-21 missing"
Reviva Pharmaceuticals Holdings Inc,1742927,False,,0,"10-K found, but Exhibit-21 missing"
Revolution Medicines Inc,1628171,True,https://www.sec.gov/Archives/edgar/data/1628171/000095017025027736/rvmd-ex21_1.htm,4,Exhibit-21 found
Revolve Group Inc,1746618,True,https://www.sec.gov/Archives/edgar/data/1746618/000095017025026748/rvlv-ex21_1.htm,5,Exhibit-21 found
REX American Resources Corp,744187,True,https://www.sec.gov/Archives/edgar/data/744187/000093041325001069/c112133_ex21.htm,38,Exhibit-21 found
Rexford Industrial Realty Inc,1571283,True,https://www.sec.gov/Archives/edgar/data/1571283/000157128325000006/rexr-q42024ex211.htm,1,Exhibit-21 found
Reynolds Consumer Products Inc,1786431,True,https://www.sec.gov/Archives/edgar/data/1786431/000162828025003936/reyn-20241231xex211.htm,9,Exhibit-21 found
Rezolute Inc,1509261,True,https://www.sec.gov/Archives/edgar/data/1509261/000110465925090848/rzlt-20250630xex21d1.htm,1,Exhibit-21 found
RF Acquisition Corp,2012807,False,,0,"10-K found, but Exhibit-21 missing"
RF Acquisition Corp II,2012807,False,,0,"10-K found, but Exhibit-21 missing"
RH,1528849,True,https://www.sec.gov/Archives/edgar/data/1528849/000155837025004329/rh-20250201xex21d1.htm,23,Exhibit-21 found
Rhinebeck Bancorp Inc,1751783,True,https://www.sec.gov/Archives/edgar/data/1751783/000175178325000012/rbkb-20241231xex21.htm,1,Exhibit-21 found
Rhythm Pharmaceuticals Inc,1649904,True,https://www.sec.gov/Archives/edgar/data/1649904/000155837025001889/rytm-20241231xex21d1.htm,2,Exhibit-21 found
Ribbon Communications Inc,1708055,True,https://www.sec.gov/Archives/edgar/data/1708055/000155837025001773/tmb-20241231xex21d1.htm,21,Exhibit-21 found
Ricebran Technologies,943452,True,https://www.sec.gov/Archives/edgar/data/943452/000162828025005100/wabex210-10k2024.htm,130,Exhibit-21 found
Richardson Electronics Ltd,355948,True,https://www.sec.gov/Archives/edgar/data/355948/000095017025101785/rell-ex21.htm,5,Exhibit-21 found
Richmond Mutual Bancorporation Inc,1767837,False,,0,"10-K found, but Exhibit-21 missing"
Richtech Robotics Inc,1963685,False,,0,"10-K found, but Exhibit-21 missing"
Rigel Pharmaceuticals Inc,1034842,False,,0,"10-K found, but Exhibit-21 missing"
Rigel Resource Acquisition Corp,1860879,False,,0,"10-K found, but Exhibit-21 missing"
Rimini Street Inc,1635282,False,,0,"10-K found, but Exhibit-21 missing"
RING Energy Inc,1384195,False,,0,"10-K found, but Exhibit-21 missing"
Ringcentral Inc,1384905,True,https://www.sec.gov/Archives/edgar/data/1384905/000138490525000014/rng-20241231xex211.htm,20,Exhibit-21 found
Riot Platforms Inc,1167419,True,https://www.sec.gov/Archives/edgar/data/1167419/000155837025001888/riot-20241231xex21.htm,4,Exhibit-21 found
Rise Gold Corp,1424864,False,,0,"10-K found, but Exhibit-21 missing"
Rising Dragon Acquisition Corp,2018145,False,,0,"10-K found, but Exhibit-21 missing"
Rithm Capital Corp,1556593,False,,0,"10-K found, but Exhibit-21 missing"
Rithm Property Trust Inc,1614806,False,,0,"10-K found, but Exhibit-21 missing"
River Financial Corp,1641601,False,,0,"10-K found, but Exhibit-21 missing"
Riverview Bancorp Inc,1041368,True,https://www.sec.gov/Archives/edgar/data/1041368/000093905725000159/rvsb-20250331xex21.htm,3,Exhibit-21 found
Rivulet Entertainment Inc,1342936,True,https://www.sec.gov/Archives/edgar/data/1342936/000149315225018109/ex21-1.htm,13,Exhibit-21 found
RLI Corp,84246,True,https://www.sec.gov/Archives/edgar/data/84246/000155837025001301/rli-20241231xex21d1.htm,6,Exhibit-21 found
RMR Group Inc,1644378,False,,0,"10-K found, but Exhibit-21 missing"
Roadzen Inc,1868640,False,,0,"10-K found, but Exhibit-21 missing"
Robert HALF Inc,315213,True,https://www.sec.gov/Archives/edgar/data/315213/000031521325000007/rhi10k2024ex211.htm,16,Exhibit-21 found
Robinhood Markets Inc,1783879,False,,0,"10-K found, but Exhibit-21 missing"
Roblox Corp,1315098,False,,0,"10-K found, but Exhibit-21 missing"
Rocket Companies Inc,1805284,True,https://www.sec.gov/Archives/edgar/data/1805284/000180528425000010/ex211-rocketcompaniesincex.htm,4,Exhibit-21 found
Rocket Lab USA Inc,320193,False,,0,"10-K found, but Exhibit-21 missing"
Rocket Pharmaceuticals Inc,1281895,True,https://www.sec.gov/Archives/edgar/data/1281895/000095017025029002/rckt-ex21_1.htm,5,Exhibit-21 found
Rockwell Automation Inc,1024478,True,https://www.sec.gov/Archives/edgar/data/1024478/000102447825000116/rok10k2025ex21.htm,11,Exhibit-21 found
Rockwell Medical Inc,1041024,False,,0,"10-K found, but Exhibit-21 missing"
Rocky Brands Inc,895456,False,,0,"10-K found, but Exhibit-21 missing"
Rocky Mountain Chocolate Factory Inc,1616262,True,https://www.sec.gov/Archives/edgar/data/1616262/000095017025088556/rmcf-ex21_1.htm,2,Exhibit-21 found
Rogers Corp,84748,True,https://www.sec.gov/Archives/edgar/data/84748/000008474825000026/rog-20241231x10kex21.htm,21,Exhibit-21 found
Roivant Sciences Ltd,1635088,True,https://www.sec.gov/Archives/edgar/data/1635088/000114036125020715/ef20047582_ex21-1.htm,17,Exhibit-21 found
ROKU Inc,1428439,True,https://www.sec.gov/Archives/edgar/data/1428439/000142843925000013/a09fy2024ex211xsubsidiaries.htm,5,Exhibit-21 found
Rollins Inc,84839,False,,0,"10-K found, but Exhibit-21 missing"
Roman DBDR Acquisition Corp II,2032528,False,,0,"10-K found, but Exhibit-21 missing"
Roper Technologies Inc,882835,True,https://www.sec.gov/Archives/edgar/data/882835/000088283525000008/a202410-kex211.htm,131,Exhibit-21 found
ROSS Stores Inc,745732,False,,0,"10-K found, but Exhibit-21 missing"
Roth CH Acquisition V Co,1860514,False,,0,"10-K found, but Exhibit-21 missing"
Royal Caribbean Cruises Ltd,884887,False,,0,"10-K found, but Exhibit-21 missing"
Royal GOLD Inc,85535,True,https://www.sec.gov/Archives/edgar/data/85535/000008553525000012/rgld-20241231xex211royalgo.htm,8,Exhibit-21 found
Royale Energy Inc,1694617,True,https://www.sec.gov/Archives/edgar/data/1694617/000118518525000271/roylex21-1.htm,5,Exhibit-21 found
Royalty Management Holding Corp,1843656,True,https://www.sec.gov/Archives/edgar/data/1843656/000147793225002151/rmco_ex211.htm,1,Exhibit-21 found
Royce Global Trust Inc,1514490,False,,0,No 10-K found
RPC Inc,742278,True,https://www.sec.gov/Archives/edgar/data/742278/000155837025001922/res-20241231xex21.htm,17,Exhibit-21 found
RTX Corp,101829,False,,0,"10-K found, but Exhibit-21 missing"
Rubicon Technologies Inc,1410172,True,https://www.sec.gov/Archives/edgar/data/1410172/000121390023024745/f10k2022ex21-1_rubicontech.htm,3,Exhibit-21 found
Rumble Inc,1830081,True,https://www.sec.gov/Archives/edgar/data/1830081/000101376225001863/ea023430701ex21-1_rumble.htm,9,Exhibit-21 found
Runway Growth Finance Corp,1653384,False,,0,"10-K found, but Exhibit-21 missing"
RUSH Enterprises Inc TX,1012019,False,,0,"10-K found, but Exhibit-21 missing"
Rush Street Interactive Inc,1793659,True,https://www.sec.gov/Archives/edgar/data/1793659/000179365925000047/rsi-2024ex211xlistofsubsid.htm,3,Exhibit-21 found
RVL Pharmaceuticals PLC,1012477,True,https://www.sec.gov/Archives/edgar/data/1012477/000101247725000010/a123124ex-211.htm,7,Exhibit-21 found
RXO Inc,1929561,True,https://www.sec.gov/Archives/edgar/data/1929561/000192956125000044/ex21-subsidiariesoftheregi.htm,23,Exhibit-21 found
Rxsight Inc,1111485,False,,0,"10-K found, but Exhibit-21 missing"
RYAN Specialty Holdings Inc,1849253,False,,0,"10-K found, but Exhibit-21 missing"
Ryder System Inc,85961,True,https://www.sec.gov/Archives/edgar/data/85961/000008596125000032/ryderex2114q2024.htm,65,Exhibit-21 found
Ryerson Holding Corp,1481582,True,https://www.sec.gov/Archives/edgar/data/1481582/000095017025024199/ryi-ex21_1.htm,1,Exhibit-21 found
Ryman Hospitality Properties Inc,1040829,True,https://www.sec.gov/Archives/edgar/data/1040829/000155837025001286/rhp-20241231xex21.htm,68,Exhibit-21 found
Ryvyl Inc,1419275,True,https://www.sec.gov/Archives/edgar/data/1419275/000118518525000244/rvylex21-1.htm,5,Exhibit-21 found
S&P Global Inc,64040,True,https://www.sec.gov/Archives/edgar/data/64040/000006404025000052/ex21tofy2024x202410xksubsi.htm,134,Exhibit-21 found
S&T Bancorp Inc,719220,False,,0,"10-K found, but Exhibit-21 missing"
S&W Seed Co,1477246,True,https://www.sec.gov/Archives/edgar/data/1477246/000095017024120144/sanw-ex21_1.htm,9,Exhibit-21 found
SAB Biotherapeutics Inc,1833214,True,https://www.sec.gov/Archives/edgar/data/1833214/000095017025046994/sabs-ex21_1.htm,6,Exhibit-21 found
Sable Offshore Corp,1831481,False,,0,"10-K found, but Exhibit-21 missing"
Sabra Health Care REIT Inc,1492298,True,https://www.sec.gov/Archives/edgar/data/1492298/000149229825000008/sbraex2112024q4.htm,287,Exhibit-21 found
Sabre Corp,1597033,False,,0,"10-K found, but Exhibit-21 missing"
Sachem Capital Corp,1682220,True,https://www.sec.gov/Archives/edgar/data/1682220/000141057825000587/sach-20241231xex21d1.htm,0,Exhibit-21 found
Sacks Parente Golf Inc,320193,False,,0,"10-K found, but Exhibit-21 missing"
Sadot Group Inc,1701756,True,https://www.sec.gov/Archives/edgar/data/1701756/000170175625000043/ex2111.htm,13,Exhibit-21 found
Safe & Green Development Corp,1959023,True,https://www.sec.gov/Archives/edgar/data/1959023/000121390025026215/ea023621601ex21-1_safe.htm,9,Exhibit-21 found
SAFE & Green Holdings Corp,1023994,False,,0,"10-K found, but Exhibit-21 missing"
Safe Pro Group Inc,2011208,False,,0,"10-K found, but Exhibit-21 missing"
Safeguard Scientifics Inc,86115,False,,0,"10-K found, but Exhibit-21 missing"
Safehold Inc,1095651,True,https://www.sec.gov/Archives/edgar/data/1095651/000109565125000006/safe-20241231xex21d1.htm,228,Exhibit-21 found
Safety Insurance Group Inc,1172052,True,https://www.sec.gov/Archives/edgar/data/1172052/000117205225000006/saft-20241231xex21.htm,1,Exhibit-21 found
SAGA Communications Inc,886136,True,https://www.sec.gov/Archives/edgar/data/886136/000155837025004153/sga-20241231xex21.htm,14,Exhibit-21 found
Sage Therapeutics Inc,1411685,True,https://www.sec.gov/Archives/edgar/data/1411685/000141168525000041/vtgnex211.htm,2,Exhibit-21 found
Sagimet Biosciences Inc,1400118,False,,0,"10-K found, but Exhibit-21 missing"
Salarius Pharmaceuticals Inc,1615219,False,,0,"10-K found, but Exhibit-21 missing"
Salem Media Group Inc,1050606,True,https://www.sec.gov/Archives/edgar/data/1050606/000119312523067859/d447668dex21.htm,28,Exhibit-21 found
Salesforce Inc,1108524,True,https://www.sec.gov/Archives/edgar/data/1108524/000110852425000006/ex211listofsubsidiariesfy25.htm,56,Exhibit-21 found
Sally Beauty Holdings Inc,1368458,True,https://www.sec.gov/Archives/edgar/data/1368458/000119312525280122/sbh-ex21_1.htm,29,Exhibit-21 found
Samsara Inc,1642896,False,,0,"10-K found, but Exhibit-21 missing"
SAN JUAN Basin Royalty Trust,319655,False,,0,"10-K found, but Exhibit-21 missing"
Sanara Medtech Inc,714256,True,https://www.sec.gov/Archives/edgar/data/714256/000164117225000632/ex21-1.htm,9,Exhibit-21 found
Sandridge Energy Inc,1349436,True,https://www.sec.gov/Archives/edgar/data/1349436/000162828025012086/ex211subsidiarieslisting12.htm,5,Exhibit-21 found
Sandy Spring Bancorp Inc,1295401,False,,0,"10-K found, but Exhibit-21 missing"
Sanfilippo JOHN B & SON Inc,880117,True,https://www.sec.gov/Archives/edgar/data/880117/000095017025110463/jbss-ex21.htm,1,Exhibit-21 found
Sangamo Therapeutics Inc,1001233,False,,0,"10-K found, but Exhibit-21 missing"
Sanuwave Health Inc,1417663,False,,0,"10-K found, but Exhibit-21 missing"
Saratoga Investment Corp,1377936,True,https://www.sec.gov/Archives/edgar/data/1377936/000121390025040617/ea023553601ex21_saratoga.htm,5,Exhibit-21 found
Sarepta Therapeutics Inc,873303,True,https://www.sec.gov/Archives/edgar/data/873303/000095017025029973/srpt-ex21_1.htm,5,Exhibit-21 found
Sativus TECH Corp,1661600,False,,0,"10-K found, but Exhibit-21 missing"
SAUL Centers Inc,907254,True,https://www.sec.gov/Archives/edgar/data/907254/000090725425000022/bfs-12312024xex21.htm,45,Exhibit-21 found
Savara Inc,1160308,False,,0,"10-K found, but Exhibit-21 missing"
Savers Value Village Inc,1883313,False,,0,"10-K found, but Exhibit-21 missing"
SB Financial Group Inc,767405,True,https://www.sec.gov/Archives/edgar/data/767405/000121390025021622/ea023268001ex21_sbfin.htm,5,Exhibit-21 found
SBA Communications Corp,1034054,True,https://www.sec.gov/Archives/edgar/data/1034054/000103405425000002/sbac-20241231xex21.htm,21,Exhibit-21 found
SBC Medical Group Holdings Inc,1930313,True,https://www.sec.gov/Archives/edgar/data/1930313/000164117225001062/ex21-1.htm,18,Exhibit-21 found
Scandium International Mining Corp,1408146,False,,0,"10-K found, but Exhibit-21 missing"
Scansource Inc,918965,True,https://www.sec.gov/Archives/edgar/data/918965/000091896525000029/scansourceex2116302025.htm,13,Exhibit-21 found
Schlumberger Limited/Nv,nan,False,,0,"Error: ValueError(""invalid literal for int() with base 10: 'nan'"")"
Schneider National Inc,1692063,False,,0,"10-K found, but Exhibit-21 missing"
Scholar Rock Holding Corp,1727196,True,https://www.sec.gov/Archives/edgar/data/1727196/000155837025001682/srrk-20241231xex21d1.htm,1,Exhibit-21 found
Scholastic Corp,866729,False,,0,"10-K found, but Exhibit-21 missing"
Schrodinger Inc,1490978,False,,0,"10-K found, but Exhibit-21 missing"
Schwab Charles Corp,316709,True,https://www.sec.gov/Archives/edgar/data/316709/000031670925000010/schw-123124xex21110k.htm,9,Exhibit-21 found
Science Applications International Corp,1571123,False,,0,"10-K found, but Exhibit-21 missing"
Scientific Energy Inc,1276531,True,https://www.sec.gov/Archives/edgar/data/1276531/000137647425000498/se_ex21.htm,9,Exhibit-21 found
Scienture Holdings Inc,1382574,True,https://www.sec.gov/Archives/edgar/data/1382574/000164117225000657/ex21-1.htm,5,Exhibit-21 found
Scilex Holding Co,1820190,False,,0,"10-K found, but Exhibit-21 missing"
Scorpius Holdings Inc,320193,False,,0,"10-K found, but Exhibit-21 missing"
Scotts Miracle-GRO Co,825542,False,,0,"10-K found, but Exhibit-21 missing"
Scpharmaceuticals Inc,1671858,False,,0,"10-K found, but Exhibit-21 missing"
Scworx Corp,1674227,False,,0,"10-K found, but Exhibit-21 missing"
Scynexis Inc,1178253,False,,0,"10-K found, but Exhibit-21 missing"
Seaboard Corp,88121,True,https://www.sec.gov/Archives/edgar/data/88121/000008812125000017/seb-20241231xex21.htm,96,Exhibit-21 found
Seacoast Banking Corp OF Florida,730708,True,https://www.sec.gov/Archives/edgar/data/730708/000073070825000045/sbcf2024123110kex-21.htm,9,Exhibit-21 found
Seacor Marine Holdings Inc,1690334,True,https://www.sec.gov/Archives/edgar/data/1690334/000095017025027933/smhi-ex21_1.htm,111,Exhibit-21 found
Seafarer Exploration Corp,1106213,False,,0,"10-K found, but Exhibit-21 missing"
Seagate Technology Holdings PLC,1137789,True,https://www.sec.gov/Archives/edgar/data/1137789/000113778925000157/stx-ex211_20250627.htm,32,Exhibit-21 found
Sealed AIR Corp/De,1012100,False,,0,"10-K found, but Exhibit-21 missing"
Seaport Entertainment Group Inc,2009684,True,https://www.sec.gov/Archives/edgar/data/2009684/000155837025002600/seg-20241231xex21d1.htm,54,Exhibit-21 found
Seastar Medical Holding Corp,1831868,False,,0,"10-K found, but Exhibit-21 missing"
Seatech Ventures Corp,1763660,False,,0,"10-K found, but Exhibit-21 missing"
Securetech Innovations Inc,1703157,True,https://www.sec.gov/Archives/edgar/data/1703157/000101738625000028/ex211.htm,2,Exhibit-21 found
Secureworks Corp,909832,True,https://www.sec.gov/Archives/edgar/data/909832/000090983225000101/costex21110k83125.htm,8,Exhibit-21 found
Security Federal Corp,818677,False,,0,"10-K found, but Exhibit-21 missing"
Security National Financial Corp,318673,True,https://www.sec.gov/Archives/edgar/data/318673/000164117225001508/ex21.htm,72,Exhibit-21 found
Seelos Therapeutics Inc,1609809,False,,0,"10-K found, but Exhibit-21 missing"
Seer Inc,1726445,True,https://www.sec.gov/Archives/edgar/data/1726445/000095017025030878/ck0001726445-ex21_1.htm,0,Exhibit-21 found
SEI Investments Co,350894,True,https://www.sec.gov/Archives/edgar/data/350894/000035089425000028/seic-1231202410kex21.htm,30,Exhibit-21 found
Select Medical Holdings Corp,1320414,True,https://www.sec.gov/Archives/edgar/data/1320414/000162828025006833/sem-1231202410kex211.htm,308,Exhibit-21 found
Select Water Solutions Inc,1693256,True,https://www.sec.gov/Archives/edgar/data/1693256/000155837025001154/wttr-20241231xex21d1.htm,48,Exhibit-21 found
Selectis Health Inc,727346,False,,0,"10-K found, but Exhibit-21 missing"
Selective Insurance Group Inc,230557,True,https://www.sec.gov/Archives/edgar/data/230557/000023055725000006/sigi-ex21_12312024xq4.htm,13,Exhibit-21 found
Selectquote Inc,1794783,False,,0,"10-K found, but Exhibit-21 missing"
Sellas Life Sciences Group Inc,1390478,True,https://www.sec.gov/Archives/edgar/data/1390478/000139047825000003/sls20241231ex211nextgen.htm,2,Exhibit-21 found
Semileds Corp,1333822,True,https://www.sec.gov/Archives/edgar/data/1333822/000119312525301379/leds-ex21.htm,1,Exhibit-21 found
Semrush Holdings Inc,1831840,False,,0,"10-K found, but Exhibit-21 missing"
Semtech Corp,88941,True,https://www.sec.gov/Archives/edgar/data/88941/000008894125000068/smtc-01262025xex211.htm,15,Exhibit-21 found
Senestech Inc,1680378,True,https://www.sec.gov/Archives/edgar/data/1680378/000162828025012408/snes-20241231xex211.htm,0,Exhibit-21 found
Senmiao Technology Ltd,1711012,True,https://www.sec.gov/Archives/edgar/data/1711012/000121390025062758/ea024630201ex21-1_senmiao.htm,6,Exhibit-21 found
Sensata Technologies Holding PLC,1477294,False,,0,"10-K found, but Exhibit-21 missing"
Sensei Biotherapeutics Inc,1829802,False,,0,"10-K found, but Exhibit-21 missing"
Senseonics Holdings Inc,1616543,False,,0,"10-K found, but Exhibit-21 missing"
Sensient Technologies Corp,310142,True,https://www.sec.gov/Archives/edgar/data/310142/000114036125005084/ef20039030_ex21.htm,18,Exhibit-21 found
Sensus Healthcare Inc,1494891,False,,0,"10-K found, but Exhibit-21 missing"
Senti Biosciences Inc,1854270,False,,0,"10-K found, but Exhibit-21 missing"
Sentient Brands Holdings Inc,1358633,False,,0,"10-K found, but Exhibit-21 missing"
Sentinelone Inc,1583708,False,,0,"10-K found, but Exhibit-21 missing"
Septerna Inc,1984086,False,,0,"10-K found, but Exhibit-21 missing"
SERA Prognostics Inc,1534969,False,,0,"10-K found, but Exhibit-21 missing"
Serina Therapeutics Inc,1708599,False,,0,"10-K found, but Exhibit-21 missing"
Seritage Growth Properties,1628063,False,,0,"10-K found, but Exhibit-21 missing"
Serve Robotics Inc,1832483,False,,0,"10-K found, but Exhibit-21 missing"
Service Properties Trust,945394,True,https://www.sec.gov/Archives/edgar/data/945394/000094539425000014/svc_123124xxex211subsidiar.htm,50,Exhibit-21 found
Servicenow Inc,1373715,True,https://www.sec.gov/Archives/edgar/data/1373715/000137371525000010/now-20241231xex211.htm,15,Exhibit-21 found
Servicetitan Inc,1638826,True,https://www.sec.gov/Archives/edgar/data/1638826/000095017025048834/ttan-ex21_1.htm,6,Exhibit-21 found
Servisfirst Bancshares Inc,1430723,False,,0,"10-K found, but Exhibit-21 missing"
Servotronics Inc,320193,False,,0,"10-K found, but Exhibit-21 missing"
SES AI Corp,1819142,True,https://www.sec.gov/Archives/edgar/data/1819142/000181914225000017/ses-20241231xex21d1.htm,6,Exhibit-21 found
Seven Hills Realty Trust,1452477,False,,0,"10-K found, but Exhibit-21 missing"
Sezzle Inc,1662991,False,,0,"10-K found, but Exhibit-21 missing"
Shake Shack Inc,1620533,False,,0,"10-K found, but Exhibit-21 missing"
Shapeways Holdings Inc,320193,False,,0,"10-K found, but Exhibit-21 missing"
Sharing Services Global Corp,1045810,False,,0,"10-K found, but Exhibit-21 missing"
Sharplink Gaming Inc,1981535,False,,0,"10-K found, but Exhibit-21 missing"
Sharps Technology Inc,1737995,False,,0,"10-K found, but Exhibit-21 missing"
Shattuck Labs Inc,1680367,False,,0,"10-K found, but Exhibit-21 missing"
Shepherd Ave Capital Acquisition Corp,2086524,False,,0,No 10-K found
Sherwin Williams Co,89800,True,https://www.sec.gov/Archives/edgar/data/89800/000008980025000030/shw-12312024xex211.htm,42,Exhibit-21 found
Shift4 Payments Inc,1794669,True,https://www.sec.gov/Archives/edgar/data/1794669/000179466925000011/four-20241231x10kex211.htm,53,Exhibit-21 found
Shimmick Corp,1887944,True,https://www.sec.gov/Archives/edgar/data/1887944/000095017025042721/shim-ex21_1.htm,15,Exhibit-21 found
Shineco Inc,1300734,True,https://www.sec.gov/Archives/edgar/data/1300734/000149315224038830/ex21-1.htm,6,Exhibit-21 found
Shoals Technologies Group Inc,1831651,False,,0,"10-K found, but Exhibit-21 missing"
SHOE Carnival Inc,895447,True,https://www.sec.gov/Archives/edgar/data/895447/000095017025043195/scvl-ex21.htm,3,Exhibit-21 found
Shore Bancshares Inc,1035092,False,,0,"10-K found, but Exhibit-21 missing"
Shoulderup Technology Acquisition Corp,1879814,False,,0,"10-K found, but Exhibit-21 missing"
Shutterstock Inc,1549346,False,,0,"10-K found, but Exhibit-21 missing"
Shuttle Pharmaceuticals Holdings Inc,1757499,True,https://www.sec.gov/Archives/edgar/data/1757499/000149315225008300/ex21.htm,2,Exhibit-21 found
Shyft Group Inc,320193,False,,0,"10-K found, but Exhibit-21 missing"
SI-BONE Inc,1459839,True,https://www.sec.gov/Archives/edgar/data/1459839/000145983925000036/sibn-ex211_12312024listxof.htm,1,Exhibit-21 found
Sidechannel Inc,1022505,True,https://www.sec.gov/Archives/edgar/data/1022505/000149315224049837/ex21-1.htm,1,Exhibit-21 found
Sidus Space Inc,1879726,False,,0,"10-K found, but Exhibit-21 missing"
Siebert Financial Corp,65596,True,https://www.sec.gov/Archives/edgar/data/65596/000101376225004385/ea023558901ex21-1_siebert.htm,8,Exhibit-21 found
Sierra Bancorp,1130144,True,https://www.sec.gov/Archives/edgar/data/1130144/000155837025002056/bsrr-20241231xex21.htm,1,Exhibit-21 found
Sifco Industries Inc,90168,False,,0,"10-K found, but Exhibit-21 missing"
SIGA Technologies Inc,1010086,False,,0,"10-K found, but Exhibit-21 missing"
Sight Sciences Inc,1531177,False,,0,"10-K found, but Exhibit-21 missing"
Signet Jewelers Ltd,832988,False,,0,"10-K found, but Exhibit-21 missing"
Signing Day Sports Inc,1898474,False,,0,"10-K found, but Exhibit-21 missing"
Sigyn Therapeutics Inc,1642159,False,,0,"10-K found, but Exhibit-21 missing"
Sila Realty Trust Inc,1567925,True,https://www.sec.gov/Archives/edgar/data/1567925/000156792525000010/ex211202410-k.htm,156,Exhibit-21 found
Silexion Therapeutics Corp,2022416,False,,0,"10-K found, but Exhibit-21 missing"
Silgan Holdings Inc,849869,True,https://www.sec.gov/Archives/edgar/data/849869/000084986925000029/ex-21x20241231.htm,33,Exhibit-21 found
Silicon Laboratories Inc,1038074,False,,0,"10-K found, but Exhibit-21 missing"
Silo Pharma Inc,1514183,False,,0,"10-K found, but Exhibit-21 missing"
Silvaco Group Inc,1943289,False,,0,"10-K found, but Exhibit-21 missing"
Silver BULL Resources Inc,1031093,True,https://www.sec.gov/Archives/edgar/data/1031093/000107997325000156/ex21x.htm,3,Exhibit-21 found
Silverbox Corp IV,2015947,False,,0,"10-K found, but Exhibit-21 missing"
Silverton Energy Inc,1508786,False,,0,"10-K found, but Exhibit-21 missing"
SIM Acquisition Corp I,2014982,False,,0,"10-K found, but Exhibit-21 missing"
Simmons First National Corp,90498,True,https://www.sec.gov/Archives/edgar/data/90498/000162828025008639/sfnc-123124xex21listofsubs.htm,41,Exhibit-21 found
Simon Property Group Inc,1063761,True,https://www.sec.gov/Archives/edgar/data/1063761/000155837025001271/spg-20241231xex21d1.htm,15,Exhibit-21 found
Simply Good Foods Co,1702744,False,,0,"10-K found, but Exhibit-21 missing"
Simpson Manufacturing Co Inc,920371,False,,0,"10-K found, but Exhibit-21 missing"
Singlepoint Inc,2030781,True,https://www.sec.gov/Archives/edgar/data/2030781/000203078125000011/sail-20250131x10kex211.htm,15,Exhibit-21 found
Singular Genomics Systems Inc,320193,False,,0,"10-K found, but Exhibit-21 missing"
Singularity Future Technology Ltd,1422892,True,https://www.sec.gov/Archives/edgar/data/1422892/000121390025098514/ea025668101ex21-1_singular.htm,10,Exhibit-21 found
Sino Green Land Corp,1433551,False,,0,"10-K found, but Exhibit-21 missing"
Sirius XM Holdings Inc,908937,False,,0,"10-K found, but Exhibit-21 missing"
SITE Centers Corp,894315,True,https://www.sec.gov/Archives/edgar/data/894315/000095017025029989/sitc-ex21_1.htm,165,Exhibit-21 found
Siteone Landscape Supply Inc,1650729,True,https://www.sec.gov/Archives/edgar/data/1650729/000165072925000004/site_12292024xex211.htm,48,Exhibit-21 found
Sitime Corp,1451809,True,https://www.sec.gov/Archives/edgar/data/1451809/000145180925000034/ex211listofsubsidiaries2024.htm,3,Exhibit-21 found
Six Flags Entertainment Corporation/new,1999001,True,https://www.sec.gov/Archives/edgar/data/1999001/000199900125000052/sixflags-q4x2024xex21subsi.htm,80,Exhibit-21 found
Sixth Street Specialty Lending Inc,1508655,True,https://www.sec.gov/Archives/edgar/data/1508655/000095017025019845/tslx-ex21_1.htm,4,Exhibit-21 found
SJW Group,1577552,False,,0,No 10-K found
SK Growth Opportunities Corp,1045810,False,,0,"10-K found, but Exhibit-21 missing"
Skechers USA Inc,320193,False,,0,"10-K found, but Exhibit-21 missing"
Skillsoft Corp,1774675,False,,0,"10-K found, but Exhibit-21 missing"
Skillz Inc,1801661,False,,0,"10-K found, but Exhibit-21 missing"
Skinvisible Inc,1085277,False,,0,"10-K found, but Exhibit-21 missing"
Skkynet Cloud Systems Inc,1546853,False,,0,"10-K found, but Exhibit-21 missing"
Sky Harbour Group Corp,1823587,False,,0,"10-K found, but Exhibit-21 missing"
Sky Quarry Inc,1812447,False,,0,"10-K found, but Exhibit-21 missing"
Skye Bioscience Inc,1516551,False,,0,"10-K found, but Exhibit-21 missing"
Skyward Specialty Insurance Group Inc,1519449,False,,0,"10-K found, but Exhibit-21 missing"
Skywater Technology Inc,1819974,True,https://www.sec.gov/Archives/edgar/data/1819974/000181997425000010/skyt-20241231xex2111111.htm,3,Exhibit-21 found
Skywest Inc,793733,False,,0,"10-K found, but Exhibit-21 missing"
Skyworks Solutions Inc,4127,False,,0,"10-K found, but Exhibit-21 missing"
SKYX Platforms Corp,1598981,True,https://www.sec.gov/Archives/edgar/data/1598981/000164117225000290/ex21-1.htm,4,Exhibit-21 found
SL Green Realty Corp,1040971,True,https://www.sec.gov/Archives/edgar/data/1040971/000104097125000010/slg-20241231x10kex211.htm,184,Exhibit-21 found
Slam Corp,1838162,False,,0,"10-K found, but Exhibit-21 missing"
SLM Corp,1032033,True,https://www.sec.gov/Archives/edgar/data/1032033/000162828025006776/slmex21112312024.htm,1,Exhibit-21 found
SLR Investment Corp,1418076,True,https://www.sec.gov/Archives/edgar/data/1418076/000095017025026605/ck0001418076-ex21_1.htm,4,Exhibit-21 found
SM Energy Co,893538,False,,0,"10-K found, but Exhibit-21 missing"
Smart Powerr Corp,721693,False,,0,"10-K found, but Exhibit-21 missing"
Smart Sand Inc,1529628,True,https://www.sec.gov/Archives/edgar/data/1529628/000152962825000022/a2024q410kex211.htm,21,Exhibit-21 found
Smartfinancial Inc,1038773,True,https://www.sec.gov/Archives/edgar/data/1038773/000155837025003135/smbk-20241231xex21d1.htm,6,Exhibit-21 found
Smartkem Inc,1817760,False,,0,"10-K found, but Exhibit-21 missing"
Smartrent Inc,1837014,False,,0,"10-K found, but Exhibit-21 missing"
Smartsheet Inc,320193,False,,0,"10-K found, but Exhibit-21 missing"
Smartstop Self Storage REIT Inc,1585389,True,https://www.sec.gov/Archives/edgar/data/1585389/000095017025037896/ck0001585389-ex21_1.htm,0,Exhibit-21 found
SMC Entertainment Inc,1698991,False,,0,"10-K found, but Exhibit-21 missing"
Smith A O Corp,91142,True,https://www.sec.gov/Archives/edgar/data/91142/000009114225000036/aos-20241231xex21.htm,18,Exhibit-21 found
Smith Douglas Homes Corp,1982518,False,,0,"10-K found, but Exhibit-21 missing"
Smith Micro Software Inc,948708,False,,0,"10-K found, but Exhibit-21 missing"
Smith Midland Corp,924719,False,,0,"10-K found, but Exhibit-21 missing"
Snail Inc,1886894,False,,0,"10-K found, but Exhibit-21 missing"
Snowflake Inc,1640147,True,https://www.sec.gov/Archives/edgar/data/1640147/000164014725000052/ex-211snowflakefy2025q4.htm,16,Exhibit-21 found
Society PASS Incorporated,1817511,True,https://www.sec.gov/Archives/edgar/data/1817511/000121390025032266/ea023722201ex21-1_society.htm,19,Exhibit-21 found
Socket Mobile Inc,944075,False,,0,"10-K found, but Exhibit-21 missing"
Sofi Technologies Inc,1818874,True,https://www.sec.gov/Archives/edgar/data/1818874/000181887425000016/ex21-sofiq424.htm,2,Exhibit-21 found
Soho House & Co Inc,1846510,False,,0,"10-K found, but Exhibit-21 missing"
Solaredge Technologies Inc,1419612,False,,0,"10-K found, but Exhibit-21 missing"
Solaris Energy Infrastructure Inc,1697500,True,https://www.sec.gov/Archives/edgar/data/1697500/000169750025000013/sei-20241231xex21d1.htm,8,Exhibit-21 found
Solarmax Technology Inc,1519472,True,https://www.sec.gov/Archives/edgar/data/1519472/000164033425000556/solarmax_ex211.htm,18,Exhibit-21 found
Solarwindow Technologies Inc,1071840,False,,0,"10-K found, but Exhibit-21 missing"
Solarwinds Corp,70858,True,https://www.sec.gov/Archives/edgar/data/70858/000007085825000139/bac-1231202410xkex21.htm,34,Exhibit-21 found
Solid Biosciences Inc,1707502,True,https://www.sec.gov/Archives/edgar/data/1707502/000095017025034644/sldb-ex21_1.htm,1,Exhibit-21 found
Solid Power Inc,1844862,False,,0,"10-K found, but Exhibit-21 missing"
Solidion Technology Inc,1881551,False,,0,"10-K found, but Exhibit-21 missing"
Soligenix Inc,812796,True,https://www.sec.gov/Archives/edgar/data/812796/000155837025003459/sngx-20241231xex21d1.htm,3,Exhibit-21 found
Solitario Resources Corp,917225,True,https://www.sec.gov/Archives/edgar/data/917225/000165495425002628/xpl_ex211.htm,4,Exhibit-21 found
Solitron Devices Inc,91668,False,,0,"10-K found, but Exhibit-21 missing"
Solo Brands Inc,1870600,False,,0,"10-K found, but Exhibit-21 missing"
Soluna Holdings Inc,64463,True,https://www.sec.gov/Archives/edgar/data/64463/000164117225001756/ex21.htm,21,Exhibit-21 found
Solventum Corp,1964738,False,,0,"10-K found, but Exhibit-21 missing"
Sonder Holdings Inc,1819395,False,,0,"10-K found, but Exhibit-21 missing"
Sonendo Inc,1407973,True,https://www.sec.gov/Archives/edgar/data/1407973/000095017025045214/sonx-ex21_1.htm,2,Exhibit-21 found
Sonic Automotive Inc,1043509,False,,0,"10-K found, but Exhibit-21 missing"
Sonic Foundry Inc,320193,False,,0,"10-K found, but Exhibit-21 missing"
Sonida Senior Living Inc,1043000,True,https://www.sec.gov/Archives/edgar/data/1043000/000104300025000010/snda-20241231xex211listofs.htm,118,Exhibit-21 found
Sonim Technologies Inc,1178697,True,https://www.sec.gov/Archives/edgar/data/1178697/000164117225001720/ex21-1.htm,1,Exhibit-21 found
Sonnet Biotherapeutics Holdings Inc,1106838,False,,0,"10-K found, but Exhibit-21 missing"
Sonoma Pharmaceuticals Inc,1367083,False,,0,"10-K found, but Exhibit-21 missing"
Sonos Inc,1314727,False,,0,"10-K found, but Exhibit-21 missing"
Sotera Health Co,1822479,False,,0,"10-K found, but Exhibit-21 missing"
Sound Financial Bancorp Inc,1541119,False,,0,"10-K found, but Exhibit-21 missing"
Sound Point Meridian Capital Inc,1930147,False,,0,No 10-K found
Soundhound AI Inc,1840856,False,,0,"10-K found, but Exhibit-21 missing"
Soundthinking Inc,1351636,False,,0,"10-K found, but Exhibit-21 missing"
South Dakota Soybean Processors LLC,1163609,False,,0,"10-K found, but Exhibit-21 missing"
South Plains Financial Inc,1163668,True,https://www.sec.gov/Archives/edgar/data/1163668/000114036125007609/ef20039031_ex21-1.htm,5,Exhibit-21 found
Southern California Edison Co,92103,False,,0,"10-K found, but Exhibit-21 missing"
Southern California GAS Co,92108,True,https://www.sec.gov/Archives/edgar/data/92108/000103220825000012/sempra-123124xex211.htm,3,Exhibit-21 found
Southern Copper Corp/,1001838,True,https://www.sec.gov/Archives/edgar/data/1001838/000155837025002017/scco-20241231xex21d1.htm,1,Exhibit-21 found
Southern First Bancshares Inc,1090009,True,https://www.sec.gov/Archives/edgar/data/1090009/000120677425000099/sfst4401651-ex21.htm,1,Exhibit-21 found
Southern Missouri Bancorp Inc,916907,True,https://www.sec.gov/Archives/edgar/data/916907/000155837025012001/smbc-20250630xex21.htm,10,Exhibit-21 found
Southern States Bancshares Inc,1090009,True,https://www.sec.gov/Archives/edgar/data/1090009/000120677425000099/sfst4401651-ex21.htm,1,Exhibit-21 found
Southland Holdings Inc,1883814,True,https://www.sec.gov/Archives/edgar/data/1883814/000155837025002183/slnd-20241231xex21d1.htm,11,Exhibit-21 found
Southport Acquisition Corp,2025608,False,,0,No 10-K found
Southstate Corp,764038,True,https://www.sec.gov/Archives/edgar/data/764038/000155837025001274/ssb-20241231xex21.htm,4,Exhibit-21 found
Southwest Airlines Co,92380,True,https://www.sec.gov/Archives/edgar/data/92380/000009238025000024/luv-12312024xex21.htm,6,Exhibit-21 found
Southwest Gas Holdings Inc,1692115,True,https://www.sec.gov/Archives/edgar/data/1692115/000169211525000082/swx123124ex2101.htm,44,Exhibit-21 found
Sow Good Inc,1490161,False,,0,"10-K found, but Exhibit-21 missing"
SPAR Group Inc,1004989,False,,0,"10-K found, but Exhibit-21 missing"
Spark I Acquisition Corp,1884046,False,,0,"10-K found, but Exhibit-21 missing"
Sparta Commercial Services Inc,318299,True,https://www.sec.gov/Archives/edgar/data/318299/000164117225023585/ex21-1.htm,4,Exhibit-21 found
Spartannash Co,2070829,False,,0,No 10-K found
Specificity Inc,1840102,False,,0,"10-K found, but Exhibit-21 missing"
Spectaire Holdings Inc,1810467,False,,0,No 10-K found
Spectral AI Inc,1833498,True,https://www.sec.gov/Archives/edgar/data/1833498/000121390025026157/ea023503901ex21_spectral.htm,2,Exhibit-21 found
Spectral Capital Corp,1131903,False,,0,"10-K found, but Exhibit-21 missing"
Spectrum Brands Holdings Inc,109177,True,https://www.sec.gov/Archives/edgar/data/109177/000010917725000043/form10-kex212guarantors.htm,13,Exhibit-21 found
Spero Therapeutics Inc,1701108,False,,0,"10-K found, but Exhibit-21 missing"
Sphere 3D Corp,1591956,False,,0,"10-K found, but Exhibit-21 missing"
Sphere Entertainment Co,1795250,True,https://www.sec.gov/Archives/edgar/data/1795250/000179525024000026/sphrex211sphrsubsidiaries.htm,29,Exhibit-21 found
SPI Energy Co Ltd,2070829,False,,0,No 10-K found
Spire Global Inc,1816017,False,,0,"10-K found, but Exhibit-21 missing"
Spire Inc,1126956,True,https://www.sec.gov/Archives/edgar/data/1126956/000119312525282583/sr-ex21.htm,21,Exhibit-21 found
Spirit Aerosystems Holdings Inc,1364885,True,https://www.sec.gov/Archives/edgar/data/1364885/000162828025009088/spr_20241231-ex211.htm,20,Exhibit-21 found
Spirit Airlines Inc,320193,False,,0,"10-K found, but Exhibit-21 missing"
Spirits TIME International Inc,320193,False,,0,"10-K found, but Exhibit-21 missing"
Spok Holdings Inc,1289945,False,,0,"10-K found, but Exhibit-21 missing"
Sportsman S Warehouse Holdings Inc,1132105,True,https://www.sec.gov/Archives/edgar/data/1132105/000095017025048890/spwh-ex21_1.htm,7,Exhibit-21 found
Spring Valley Acquisition Corp II,1843477,False,,0,"10-K found, but Exhibit-21 missing"
Springbig Holdings Inc,1801602,True,https://www.sec.gov/Archives/edgar/data/1801602/000101376225003507/ea023028201ex21-1_springbig.htm,4,Exhibit-21 found
Springworks Therapeutics Inc,1001316,False,,0,"10-K found, but Exhibit-21 missing"
Sprinklr Inc,1569345,False,,0,"10-K found, but Exhibit-21 missing"
Sprout Social Inc,1517375,True,https://www.sec.gov/Archives/edgar/data/1517375/000151737525000022/spt226202510-kex211sublist.htm,7,Exhibit-21 found
Sprouts Farmers Market Inc,1575515,True,https://www.sec.gov/Archives/edgar/data/1575515/000157551525000011/sfm-20241229xex211.htm,11,Exhibit-21 found
Spruce Biosciences Inc,1683553,False,,0,"10-K found, but Exhibit-21 missing"
Spruce Power Holding Corp,1772720,True,https://www.sec.gov/Archives/edgar/data/1772720/000162828025015702/ex21-sprux20241231x10k.htm,59,Exhibit-21 found
SPS Commerce Inc,1092699,True,https://www.sec.gov/Archives/edgar/data/1092699/000109269925000011/a2024_xex211-subsidiarylist.htm,16,Exhibit-21 found
SR Bancorp Inc,1951276,False,,0,"10-K found, but Exhibit-21 missing"
SRAX Inc,1652044,False,,0,"10-K found, but Exhibit-21 missing"
SRM Entertainment Inc,1590895,False,,0,"10-K found, but Exhibit-21 missing"
SS Innovations International Inc,1676163,True,https://www.sec.gov/Archives/edgar/data/1676163/000121390025031773/ea023761901ex21-1_ssinnova.htm,5,Exhibit-21 found
SSHT S&T Group Ltd,1975222,False,,0,No 10-K found
SSR Mining Inc,921638,False,,0,"10-K found, but Exhibit-21 missing"
ST JOE Co,745308,True,https://www.sec.gov/Archives/edgar/data/745308/000155837025001603/joe-20241231xex21d1.htm,114,Exhibit-21 found
Staar Surgical Co,718937,True,https://www.sec.gov/Archives/edgar/data/718937/000095017025024813/staa-ex21_1.htm,5,Exhibit-21 found
Stabilis Solutions Inc,1043186,False,,0,"10-K found, but Exhibit-21 missing"
Staffing 360 Solutions Inc,320193,False,,0,"10-K found, but Exhibit-21 missing"
STAG Industrial Inc,1479094,True,https://www.sec.gov/Archives/edgar/data/1479094/000147909425000006/q42024-ex21110k.htm,85,Exhibit-21 found
Stagwell Inc,876883,False,,0,"10-K found, but Exhibit-21 missing"
Standard Biotools Inc,1162194,True,https://www.sec.gov/Archives/edgar/data/1162194/000095017025036608/lab-ex21_1.htm,16,Exhibit-21 found
Standard Premium Finance Holdings Inc,1807893,False,,0,"10-K found, but Exhibit-21 missing"
Standardaero Inc,2025410,True,https://www.sec.gov/Archives/edgar/data/2025410/000095017025037939/saro-ex21_1.htm,31,Exhibit-21 found
Standex International Corp,310354,False,,0,"10-K found, but Exhibit-21 missing"
Stanley Black & Decker Inc,93556,True,https://www.sec.gov/Archives/edgar/data/93556/000009355625000007/ex21-subsidiariesofstanley.htm,149,Exhibit-21 found
Star Alliance International Corp,1045810,False,,0,"10-K found, but Exhibit-21 missing"
STAR Equity Holdings Inc,1210708,False,,0,"10-K found, but Exhibit-21 missing"
STAR Group LP,1002590,True,https://www.sec.gov/Archives/edgar/data/1002590/000095017024133269/sgu-ex21.htm,22,Exhibit-21 found
Star Holdings,1953366,True,https://www.sec.gov/Archives/edgar/data/1953366/000155837025001097/stho-20241231xex21d1.htm,117,Exhibit-21 found
Starbucks Corp,829224,False,,0,"10-K found, but Exhibit-21 missing"
Starco Brands Inc,1539850,True,https://www.sec.gov/Archives/edgar/data/1539850/000164117225005354/ex21-1.htm,5,Exhibit-21 found
Starguide Group Inc,1803096,False,,0,"10-K found, but Exhibit-21 missing"
Starwood Property Trust Inc,1465128,True,https://www.sec.gov/Archives/edgar/data/1465128/000162828025008420/stwd_ex-211xye2024.htm,474,Exhibit-21 found
Steel Dynamics Inc,1022671,True,https://www.sec.gov/Archives/edgar/data/1022671/000155837025001886/stld-20241231xex21d1.htm,15,Exhibit-21 found
Steelcase Inc,1050825,True,https://www.sec.gov/Archives/edgar/data/1050825/000105082525000069/scs-02282025xex211.htm,13,Exhibit-21 found
Stellar Bancorp Inc,1473844,False,,0,"10-K found, but Exhibit-21 missing"
STEM Inc,1758766,True,https://www.sec.gov/Archives/edgar/data/1758766/000175876625000005/stem-10xk2024_ex21xsubsidi.htm,3,Exhibit-21 found
Stemtech Corp,1511820,False,,0,"10-K found, but Exhibit-21 missing"
Stepan Co,94049,True,https://www.sec.gov/Archives/edgar/data/94049/000095017025029079/scl-ex21.htm,14,Exhibit-21 found
Stepstone Group Inc,1796022,False,,0,"10-K found, but Exhibit-21 missing"
Stereotaxis Inc,1289340,False,,0,"10-K found, but Exhibit-21 missing"
Steris PLC,1757898,True,https://www.sec.gov/Archives/edgar/data/1757898/000175789825000005/ste03312025ex211.htm,52,Exhibit-21 found
Sterling Bancorp Inc,1295401,False,,0,"10-K found, but Exhibit-21 missing"
Sterling Infrastructure Inc,874238,True,https://www.sec.gov/Archives/edgar/data/874238/000087423825000025/a20241231ex211xsubsidiarie.htm,21,Exhibit-21 found
Steven Madden Ltd,913241,True,https://www.sec.gov/Archives/edgar/data/913241/000162828025009503/shoo-20241231xex2101.htm,20,Exhibit-21 found
Stewart Information Services Corp,94344,True,https://www.sec.gov/Archives/edgar/data/94344/000009434425000004/ex211subsidiaries12312024.htm,108,Exhibit-21 found
Stifel Financial Corp,720672,True,https://www.sec.gov/Archives/edgar/data/720672/000095017025027702/sf-ex21.htm,1,Exhibit-21 found
Stimcell Energetics Inc,1493712,False,,0,"10-K found, but Exhibit-21 missing"
Stitch Fix Inc,1576942,True,https://www.sec.gov/Archives/edgar/data/1576942/000162828025042782/q425-ex211.htm,1,Exhibit-21 found
Stock Yards Bancorp Inc,835324,False,,0,"10-K found, but Exhibit-21 missing"
Stoke Therapeutics Inc,1623526,False,,0,"10-K found, but Exhibit-21 missing"
Stoneridge Inc,1043337,False,,0,"10-K found, but Exhibit-21 missing"
Stran & Company Inc,1872525,True,https://www.sec.gov/Archives/edgar/data/1872525/000121390025031596/ea023765201ex21-1_stran.htm,4,Exhibit-21 found
Strata Skin Sciences Inc,1051514,False,,0,"10-K found, but Exhibit-21 missing"
Strategic Environmental & Energy Resources Inc,1576197,False,,0,"10-K found, but Exhibit-21 missing"
Strategic Realty Trust Inc,320193,False,,0,"10-K found, but Exhibit-21 missing"
Strategic Student & Senior Housing Trust Inc,1698538,False,,0,"10-K found, but Exhibit-21 missing"
Strats SM Trust FOR WAL-MART Stores Inc Securities Series 2005-4,1340909,False,,0,"10-K found, but Exhibit-21 missing"
Strattec Security Corp,933034,True,https://www.sec.gov/Archives/edgar/data/933034/000095017025111218/strt-ex21.htm,3,Exhibit-21 found
Stratus Properties Inc,885508,False,,0,"10-K found, but Exhibit-21 missing"
Streamline Health Solutions Inc,1471727,False,,0,"10-K found, but Exhibit-21 missing"
Stride Inc,1157408,True,https://www.sec.gov/Archives/edgar/data/1157408/000155837025010334/lrn-20250630xex21d1.htm,26,Exhibit-21 found
Stronghold Digital Mining Inc,320193,False,,0,"10-K found, but Exhibit-21 missing"
Structure Therapeutics Inc,1888886,False,,0,"10-K found, but Exhibit-21 missing"
Structured Products Corp Corts TR FOR PECO Energy CAP TR III,1283464,False,,0,"10-K found, but Exhibit-21 missing"
Structured Products Corp CRED Enhance Corts TR FOR AON CAP A,1283337,False,,0,"10-K found, but Exhibit-21 missing"
Stryker Corp,310764,True,https://www.sec.gov/Archives/edgar/data/310764/000031076425000023/ex21i1231202410k.htm,82,Exhibit-21 found
Sturm Ruger & Co Inc,95029,False,,0,"10-K found, but Exhibit-21 missing"
Suburban Propane Partners LP,1005210,True,https://www.sec.gov/Archives/edgar/data/1005210/000119312525298630/sph-ex21_1.htm,15,Exhibit-21 found
Summit Hotel Properties Inc,1497645,False,,0,"10-K found, but Exhibit-21 missing"
Summit Materials Inc,320193,False,,0,"10-K found, but Exhibit-21 missing"
Summit Midstream Corp,2024218,False,,0,"10-K found, but Exhibit-21 missing"
Summit Networks Inc,1619096,False,,0,"10-K found, but Exhibit-21 missing"
Summit Therapeutics Inc,1599298,True,https://www.sec.gov/Archives/edgar/data/1599298/000159929825000048/sum-ex211_20241231xxsubsid.htm,2,Exhibit-21 found
SUN Communities Inc,912593,False,,0,"10-K found, but Exhibit-21 missing"
Sun Country Airlines Holdings Inc,1743907,False,,0,"10-K found, but Exhibit-21 missing"
Sunation Energy Inc,22701,True,https://www.sec.gov/Archives/edgar/data/22701/000002270125000002/sune-20241231xex21.htm,7,Exhibit-21 found
Suncoke Energy Inc,1514705,True,https://www.sec.gov/Archives/edgar/data/1514705/000151470525000004/sxc-202410xkex211.htm,24,Exhibit-21 found
Sunhydrogen Inc,1481028,False,,0,"10-K found, but Exhibit-21 missing"
Sunlink Health Systems Inc,320193,False,,0,"10-K found, but Exhibit-21 missing"
Sunnova Energy International Inc,1772695,False,,0,"10-K found, but Exhibit-21 missing"
Sunoco LP,1552275,False,,0,"10-K found, but Exhibit-21 missing"
Sunopta Inc,351834,False,,0,"10-K found, but Exhibit-21 missing"
Sunrise REAL Estate Group Inc,1083490,False,,0,"10-K found, but Exhibit-21 missing"
Sunrise Realty Trust Inc,2012706,False,,0,"10-K found, but Exhibit-21 missing"
Sunrun Inc,1469367,True,https://www.sec.gov/Archives/edgar/data/1469367/000146936725000039/ex211-2024subsidiariesofth.htm,327,Exhibit-21 found
Sunshine Biopharma Inc,1402328,False,,0,"10-K found, but Exhibit-21 missing"
Sunstock Inc,1326801,False,,0,"10-K found, but Exhibit-21 missing"
Sunstone Hotel Investors Inc,1295810,True,https://www.sec.gov/Archives/edgar/data/1295810/000155837025001297/sho-20241231xex21d1.htm,67,Exhibit-21 found
Sunworks Inc,1326801,False,,0,"10-K found, but Exhibit-21 missing"
Super League Enterprise Inc,1621672,False,,0,"10-K found, but Exhibit-21 missing"
Super Micro Computer Inc,1375365,True,https://www.sec.gov/Archives/edgar/data/1375365/000137536525000027/smci-ex211_2025630xxex211s.htm,7,Exhibit-21 found
Superior Group OF Companies Inc,95574,False,,0,"10-K found, but Exhibit-21 missing"
Superior Industries International Inc,95552,True,https://www.sec.gov/Archives/edgar/data/95552/000095017025034599/sup-ex21.htm,5,Exhibit-21 found
Supernus Pharmaceuticals Inc,1356576,True,https://www.sec.gov/Archives/edgar/data/1356576/000135657625000017/supn-ex21.htm,7,Exhibit-21 found
SURF AIR Mobility Inc,1936224,False,,0,"10-K found, but Exhibit-21 missing"
Surge Components Inc,747540,False,,0,"10-K found, but Exhibit-21 missing"
Surgepays Inc,1392694,True,https://www.sec.gov/Archives/edgar/data/1392694/000164117225000608/ex21-1.htm,13,Exhibit-21 found
Surgery Partners Inc,1638833,False,,0,"10-K found, but Exhibit-21 missing"
Surmodics Inc,1067983,True,https://www.sec.gov/Archives/edgar/data/1067983/000095017025025210/brka-ex21.htm,219,Exhibit-21 found
SURO Capital Corp,1509470,False,,0,"10-K found, but Exhibit-21 missing"
Surrozen Inc./de,1824893,False,,0,"10-K found, but Exhibit-21 missing"
Susglobal Energy Corp,1652539,False,,0,"10-K found, but Exhibit-21 missing"
Sustainable Green Team Ltd,1895251,False,,0,No 10-K found
Sustainable Projects Group Inc,320193,False,,0,"10-K found, but Exhibit-21 missing"
Sutro Biopharma Inc,1382101,False,,0,"10-K found, but Exhibit-21 missing"
Sweetgreen Inc,1477815,False,,0,"10-K found, but Exhibit-21 missing"
Swiftmerge Acquisition Corp,2053927,False,,0,No 10-K found
Swiss Helvetia FUND Inc,320193,False,,0,"10-K found, but Exhibit-21 missing"
SWK Holdings Corp,1089907,False,,0,"10-K found, but Exhibit-21 missing"
Symbotic Inc,1837240,False,,0,"10-K found, but Exhibit-21 missing"
Synaptics Inc,817720,False,,0,"10-K found, but Exhibit-21 missing"
Synaptogenix Inc,320193,False,,0,"10-K found, but Exhibit-21 missing"
Synchrony Financial,1601712,True,https://www.sec.gov/Archives/edgar/data/1601712/000160171225000044/ex-2112312024.htm,16,Exhibit-21 found
Syndax Pharmaceuticals Inc,1395937,True,https://www.sec.gov/Archives/edgar/data/1395937/000095017025030394/sndx-ex21_subsidiaries.htm,1,Exhibit-21 found
Synergy CHC Corp,1562733,False,,0,"10-K found, but Exhibit-21 missing"
Synlogic Inc,1527599,True,https://www.sec.gov/Archives/edgar/data/1527599/000095017025034820/sybx-ex21_1.htm,1,Exhibit-21 found
Synopsys Inc,883241,False,,0,"10-K found, but Exhibit-21 missing"
Synovus Financial Corp,18349,True,https://www.sec.gov/Archives/edgar/data/18349/000001834925000049/snv_12312024xfilingxex211.htm,126,Exhibit-21 found
Syntec Optics Holdings Inc,1866816,False,,0,"10-K found, but Exhibit-21 missing"
Sypris Solutions Inc,864240,False,,0,"10-K found, but Exhibit-21 missing"
Syra Health Corp,1922335,False,,0,"10-K found, but Exhibit-21 missing"
Syros Pharmaceuticals Inc,1671858,False,,0,"10-K found, but Exhibit-21 missing"
Sysco Corp,96021,False,,0,"10-K found, but Exhibit-21 missing"
System1 Inc,1805833,False,,0,"10-K found, but Exhibit-21 missing"
T Stamp Inc,1718939,False,,0,"10-K found, but Exhibit-21 missing"
T2 Biosystems Inc,320193,False,,0,"10-K found, but Exhibit-21 missing"
Table TRAC Inc,1090396,False,,0,"10-K found, but Exhibit-21 missing"
taboola.com Ltd,1840502,False,,0,"10-K found, but Exhibit-21 missing"
Tactile Systems Technology Inc,1027838,False,,0,"10-K found, but Exhibit-21 missing"
Taitron Components Inc,942126,False,,0,"10-K found, but Exhibit-21 missing"
TAKE TWO Interactive Software Inc,946581,True,https://www.sec.gov/Archives/edgar/data/946581/000162828025026694/ex-21103312025.htm,83,Exhibit-21 found
Talen Energy Corp,1622536,True,https://www.sec.gov/Archives/edgar/data/1622536/000162828025008786/tec-20241231ex211listofsub.htm,55,Exhibit-21 found
Talis Biomedical Corp,1827855,False,,0,"10-K found, but Exhibit-21 missing"
Talkspace Inc,1803901,True,https://www.sec.gov/Archives/edgar/data/1803901/000095017025038107/talk-ex21_1.htm,3,Exhibit-21 found
Talos Energy Inc,1724965,True,https://www.sec.gov/Archives/edgar/data/1724965/000095017025028223/talo-ex21_1.htm,17,Exhibit-21 found
Tamboran Resources Corp,1997652,True,https://www.sec.gov/Archives/edgar/data/1997652/000162828025042774/tbn-20250630xex21.htm,2,Exhibit-21 found
Tandem Diabetes CARE Inc,1438133,True,https://www.sec.gov/Archives/edgar/data/1438133/000143813325000036/ex211subsidiariesoftheregi.htm,3,Exhibit-21 found
Tandy Leather Factory Inc,909724,True,https://www.sec.gov/Archives/edgar/data/909724/000114036125006103/ef20039035_ex21-1.htm,11,Exhibit-21 found
Tanger Inc,899715,True,https://www.sec.gov/Archives/edgar/data/899715/000089971525000036/skt10k12312024ex211.htm,77,Exhibit-21 found
Tango Therapeutics Inc,1819133,False,,0,"10-K found, but Exhibit-21 missing"
Tapestry Inc,1116132,False,,0,"10-K found, but Exhibit-21 missing"
Targa Resources Corp,1389170,True,https://www.sec.gov/Archives/edgar/data/1389170/000095017025023983/trgp-ex21_1.htm,11,Exhibit-21 found
Target Corp,27419,False,,0,"10-K found, but Exhibit-21 missing"
Target Global Acquisition I Corp,1045810,False,,0,"10-K found, but Exhibit-21 missing"
Target Hospitality Corp,1712189,True,https://www.sec.gov/Archives/edgar/data/1712189/000155837025003703/th-20241231xex21d1.htm,11,Exhibit-21 found
Tarsus Pharmaceuticals Inc,1819790,False,,0,"10-K found, but Exhibit-21 missing"
Taskus Inc,1829864,False,,0,"10-K found, but Exhibit-21 missing"
Tattooed Chef Inc,320193,False,,0,"10-K found, but Exhibit-21 missing"
Tautachrome Inc,320193,False,,0,"10-K found, but Exhibit-21 missing"
Tavia Acquisition Corp,2020385,False,,0,"10-K found, but Exhibit-21 missing"
Taylor Devices Inc,96536,False,,0,"10-K found, but Exhibit-21 missing"
Taylor Morrison Home Corp,1562476,False,,0,"10-K found, but Exhibit-21 missing"
Taysha Gene Therapies Inc,1806310,False,,0,"10-K found, but Exhibit-21 missing"
TC Bancshares Inc,1850398,False,,0,"10-K found, but Exhibit-21 missing"
TC Biopharm Holdings PLC,1872812,False,,0,"10-K found, but Exhibit-21 missing"
TCW Strategic Income FUND Inc,809559,False,,0,No 10-K found
TD Synnex Corp,1177394,True,https://www.sec.gov/Archives/edgar/data/1177394/000117739425000009/snx-20241130x10kex211.htm,54,Exhibit-21 found
TE Connectivity PLC,1385157,True,https://www.sec.gov/Archives/edgar/data/1385157/000110465925109150/tel-20250926xex21d1.htm,90,Exhibit-21 found
TEAM Inc,318833,True,https://www.sec.gov/Archives/edgar/data/318833/000031883325000015/ex212024q410k.htm,38,Exhibit-21 found
Techcom Inc,1481443,False,,0,"10-K found, but Exhibit-21 missing"
Technology & Telecommunication Acquisition Corp,1900679,False,,0,"10-K found, but Exhibit-21 missing"
Techpoint Inc,1067983,True,https://www.sec.gov/Archives/edgar/data/1067983/000095017025025210/brka-ex21.htm,219,Exhibit-21 found
Techprecision Corp,1328792,False,,0,"10-K found, but Exhibit-21 missing"
Techtarget Inc,2018064,True,https://www.sec.gov/Archives/edgar/data/2018064/000095017025078416/ttgt-ex21_1.htm,23,Exhibit-21 found
Tecnoglass Inc,1534675,True,https://www.sec.gov/Archives/edgar/data/1534675/000149315225008697/ex21.htm,20,Exhibit-21 found
Tecogen Inc,1537435,False,,0,"10-K found, but Exhibit-21 missing"
Tectonic Therapeutic Inc,1681087,True,https://www.sec.gov/Archives/edgar/data/1681087/000095017025042648/tecx-ex21_1.htm,5,Exhibit-21 found
Tegna Inc,39899,True,https://www.sec.gov/Archives/edgar/data/39899/000095017025029076/tgna-ex21.htm,73,Exhibit-21 found
Tejon Ranch Co,96869,False,,0,"10-K found, but Exhibit-21 missing"
TELA Bio Inc,1561921,True,https://www.sec.gov/Archives/edgar/data/1561921/000155837025003460/tela-20241231xex21d1.htm,0,Exhibit-21 found
Teladoc Health Inc,1477449,False,,0,"10-K found, but Exhibit-21 missing"
Teledyne Technologies Inc,1094285,True,https://www.sec.gov/Archives/edgar/data/1094285/000109428525000053/tdy-ex21subsidiariesoftele.htm,52,Exhibit-21 found
Teleflex Inc,96943,False,,0,"10-K found, but Exhibit-21 missing"
Telephone & DATA Systems Inc,1051512,False,,0,"10-K found, but Exhibit-21 missing"
Telomir Pharmaceuticals Inc,1971532,False,,0,"10-K found, but Exhibit-21 missing"
Telos Corp,320121,True,https://www.sec.gov/Archives/edgar/data/320121/000032012125000011/ex-211listofsubsidiaries20.htm,4,Exhibit-21 found
Tempest Therapeutics Inc,1544227,False,,0,"10-K found, but Exhibit-21 missing"
Tempur Sealy International Inc,320193,False,,0,"10-K found, but Exhibit-21 missing"
Tenable Holdings Inc,1660280,False,,0,"10-K found, but Exhibit-21 missing"
Tenax Therapeutics Inc,34956,False,,0,"10-K found, but Exhibit-21 missing"
Tenaya Therapeutics Inc,1858848,False,,0,"10-K found, but Exhibit-21 missing"
Tenet Healthcare Corp,70318,True,https://www.sec.gov/Archives/edgar/data/70318/000007031825000009/thc-20241231x10kex21.htm,934,Exhibit-21 found
Tennant Co,97134,False,,0,"10-K found, but Exhibit-21 missing"
Tennessee Valley Authority,1376986,False,,0,"10-K found, but Exhibit-21 missing"
Tenon Medical Inc,1560293,False,,0,"10-K found, but Exhibit-21 missing"
Teradata Corp,816761,False,,0,"10-K found, but Exhibit-21 missing"
Teradyne Inc,97210,True,https://www.sec.gov/Archives/edgar/data/97210/000095017025023784/ter-ex21_1.htm,18,Exhibit-21 found
Terawulf Inc,1083301,True,https://www.sec.gov/Archives/edgar/data/1083301/000108330125000018/ex211-listofsubsidiaries.htm,1,Exhibit-21 found
Terex Corp,97216,True,https://www.sec.gov/Archives/edgar/data/97216/000009721625000011/tex123124ex-211.htm,31,Exhibit-21 found
Terns Pharmaceuticals Inc,1831363,False,,0,"10-K found, but Exhibit-21 missing"
Terra Property Trust Inc,1674356,True,https://www.sec.gov/Archives/edgar/data/1674356/000167435625000007/tpt2024ex211subsidiaries.htm,43,Exhibit-21 found
Terrascend Corp,1778129,True,https://www.sec.gov/Archives/edgar/data/1778129/000095017025034600/tsndf-ex21_1.htm,76,Exhibit-21 found
Terreno Realty Corp,1476150,False,,0,"10-K found, but Exhibit-21 missing"
Territorial Bancorp Inc,1295401,False,,0,"10-K found, but Exhibit-21 missing"
Tesla Inc,1318605,True,https://www.sec.gov/Archives/edgar/data/1318605/000162828025003063/tsla-2024x12x31xex211.htm,330,Exhibit-21 found
Tetra TECH Inc,831641,True,https://www.sec.gov/Archives/edgar/data/831641/000083164125000032/ttek-ex21q42025.htm,22,Exhibit-21 found
Tetra Technologies Inc,844965,True,https://www.sec.gov/Archives/edgar/data/844965/000084496525000013/a20241231ex21.htm,24,Exhibit-21 found
Teucrium Commodity Trust,1471824,False,,0,"10-K found, but Exhibit-21 missing"
TEVA Pharmaceutical Industries Ltd,818686,True,https://www.sec.gov/Archives/edgar/data/818686/000119312525020826/d865574dex21.htm,9,Exhibit-21 found
Tevogen Bio Holdings Inc,1860871,True,https://www.sec.gov/Archives/edgar/data/1860871/000164117225002426/ex21-1.htm,1,Exhibit-21 found
Texas Capital Bancshares Inc/Tx,1077428,True,https://www.sec.gov/Archives/edgar/data/1077428/000107742825000036/ex21-subsidiariesoftheregi.htm,5,Exhibit-21 found
Texas Instruments Inc,97476,True,https://www.sec.gov/Archives/edgar/data/97476/000009747625000007/q42024txnex21.htm,24,Exhibit-21 found
Texas Mineral Resources Corp,1445942,False,,0,"10-K found, but Exhibit-21 missing"
Texas Pacific Land Corp,1811074,True,https://www.sec.gov/Archives/edgar/data/1811074/000181107425000044/ex211listofsubsidiaries-.htm,1,Exhibit-21 found
Texas Roadhouse Inc,1289460,True,https://www.sec.gov/Archives/edgar/data/1289460/000155837025001904/txrh-20241231xex21d1.htm,51,Exhibit-21 found
TFF Pharmaceuticals Inc,1710340,False,,0,"10-K found, but Exhibit-21 missing"
TFS Financial Corp,1381668,True,https://www.sec.gov/Archives/edgar/data/1381668/000138166825000106/tfslfy25septex211.htm,3,Exhibit-21 found
Tharimmune Inc,1861657,False,,0,"10-K found, but Exhibit-21 missing"
Theralink Technologies Inc,844965,True,https://www.sec.gov/Archives/edgar/data/844965/000084496525000013/a20241231ex21.htm,24,Exhibit-21 found
Therapeutic Solutions International Inc,320193,False,,0,"10-K found, but Exhibit-21 missing"
Therapeuticsmd Inc,25743,True,https://www.sec.gov/Archives/edgar/data/25743/000101376225003442/ea023203401ex21-1_therapeu.htm,2,Exhibit-21 found
Therealreal Inc,1573221,False,,0,"10-K found, but Exhibit-21 missing"
Thermogenesis Holdings Inc,1048268,True,https://www.sec.gov/Archives/edgar/data/1048268/000104826825000174/q42025ex211-sep.htm,35,Exhibit-21 found
Thermon Group Holdings Inc,1489096,False,,0,"10-K found, but Exhibit-21 missing"
Third Coast Bancshares Inc,1781730,True,https://www.sec.gov/Archives/edgar/data/1781730/000095017025033724/tcbx-ex21_1.htm,2,Exhibit-21 found
Third Harmonic Bio Inc,320193,False,,0,"10-K found, but Exhibit-21 missing"
THOR Industries Inc,730263,False,,0,"10-K found, but Exhibit-21 missing"
Thredup Inc,1484778,False,,0,"10-K found, but Exhibit-21 missing"
Thryv Holdings Inc,1556739,False,,0,"10-K found, but Exhibit-21 missing"
Thumzup Media Corp,1853825,False,,0,"10-K found, but Exhibit-21 missing"
Thunder Bridge Capital Partners IV Inc,320193,False,,0,"10-K found, but Exhibit-21 missing"
Thunder Power Holdings Inc,1912582,False,,0,"10-K found, but Exhibit-21 missing"
Tianci International Inc,1557798,False,,0,"10-K found, but Exhibit-21 missing"
Tidal Commodities Trust I,1985840,False,,0,"10-K found, but Exhibit-21 missing"
Tidewater Inc,98222,False,,0,"10-K found, but Exhibit-21 missing"
TIGO Energy Inc,1855447,True,https://www.sec.gov/Archives/edgar/data/1855447/000095017025042645/tygo-ex21_1.htm,5,Exhibit-21 found
TILE SHOP Holdings Inc,1552800,True,https://www.sec.gov/Archives/edgar/data/1552800/000155280025000003/ttsh-20241231xex21_1.htm,6,Exhibit-21 found
Tilly S Inc,1524025,False,,0,"10-K found, but Exhibit-21 missing"
Tilray Brands Inc,1731348,False,,0,"10-K found, but Exhibit-21 missing"
TILT Holdings Inc,1761510,True,https://www.sec.gov/Archives/edgar/data/1761510/000155837025004669/tilt-20241231xex21d1.htm,16,Exhibit-21 found
Timberland Bancorp Inc,1046050,True,https://www.sec.gov/Archives/edgar/data/1046050/000093905724000331/tsbk-9302024x10kxex21.htm,2,Exhibit-21 found
Timken Co,98362,False,,0,"10-K found, but Exhibit-21 missing"
Tingo Group Inc,1289848,False,,0,"10-K found, but Exhibit-21 missing"
Tipmefast Inc,1067983,True,https://www.sec.gov/Archives/edgar/data/1067983/000095017025025210/brka-ex21.htm,219,Exhibit-21 found
Tiptree Inc,1393726,True,https://www.sec.gov/Archives/edgar/data/1393726/000139372625000028/ex21subsidiaries12-31x2024.htm,5,Exhibit-21 found
Titan Environmental Solutions Inc,1514056,False,,0,"10-K found, but Exhibit-21 missing"
Titan International Inc,899751,True,https://www.sec.gov/Archives/edgar/data/899751/000089975125000009/twi12312024ex21.htm,7,Exhibit-21 found
Titan Machinery Inc,1409171,True,https://www.sec.gov/Archives/edgar/data/1409171/000140917125000027/a10kfy25ex211.htm,10,Exhibit-21 found
Titan Pharmaceuticals Inc,1023024,False,,0,"10-K found, but Exhibit-21 missing"
Tivic Health Systems Inc,1787740,False,,0,"10-K found, but Exhibit-21 missing"
TJX Companies Inc,109198,False,,0,"10-K found, but Exhibit-21 missing"
TKO Group Holdings Inc,1973266,True,https://www.sec.gov/Archives/edgar/data/1973266/000095017025027778/tko-ex21_1.htm,30,Exhibit-21 found
TMC The Metals Co Inc,1798562,True,https://www.sec.gov/Archives/edgar/data/1798562/000141057825000516/tmc-20241231xex21d1.htm,10,Exhibit-21 found
T-Mobile US Inc,1283699,True,https://www.sec.gov/Archives/edgar/data/1283699/000128369925000012/tmus12312024ex211.htm,90,Exhibit-21 found
Toast Inc,1650164,False,,0,"10-K found, but Exhibit-21 missing"
Tofla Megaline Inc,1885849,False,,0,"10-K found, but Exhibit-21 missing"
Tofutti Brands Inc,730349,False,,0,"10-K found, but Exhibit-21 missing"
Token Communities Ltd,1683252,False,,0,"10-K found, but Exhibit-21 missing"
Toll Brothers Inc,794170,True,https://www.sec.gov/Archives/edgar/data/794170/000079417024000051/tol-20241031x10xkxex21.htm,399,Exhibit-21 found
TOMI Environmental Solutions Inc,314227,True,https://www.sec.gov/Archives/edgar/data/314227/000165495425004233/tomz_ex211.htm,2,Exhibit-21 found
Tompkins Financial Corp,1005817,False,,0,"10-K found, but Exhibit-21 missing"
Topbuild Corp,1633931,True,https://www.sec.gov/Archives/edgar/data/1633931/000155837025001495/bld-20241231xex21d1.htm,13,Exhibit-21 found
Topgolf Callaway Brands Corp,837465,False,,0,"10-K found, but Exhibit-21 missing"
TORO Co,737758,True,https://www.sec.gov/Archives/edgar/data/737758/000073775824000087/ttc-10312024xex21.htm,33,Exhibit-21 found
Torrid Holdings Inc,1792781,False,,0,"10-K found, but Exhibit-21 missing"
Tortoise Energy Infrastructure Corp,1268533,False,,0,No 10-K found
Tortoise Pipeline & Energy FUND Inc,320193,False,,0,"10-K found, but Exhibit-21 missing"
Toughbuilt Industries Inc,72162,True,https://www.sec.gov/Archives/edgar/data/72162/000155837025002417/nl-20241231xex21d1.htm,5,Exhibit-21 found
Tourmaline Bio Inc,320193,False,,0,"10-K found, but Exhibit-21 missing"
Townsquare Media Inc,1499832,False,,0,"10-K found, but Exhibit-21 missing"
TPG Inc,1880661,True,https://www.sec.gov/Archives/edgar/data/1880661/000188066125000014/a20241231ex211.htm,500,Exhibit-21 found
TPG RE Finance Trust Inc,1630472,True,https://www.sec.gov/Archives/edgar/data/1630472/000163047225000005/trtx-20241231ex211.htm,84,Exhibit-21 found
TPI Composites Inc,1455684,True,https://www.sec.gov/Archives/edgar/data/1455684/000095017025024274/tpic-ex21_1.htm,8,Exhibit-21 found
TPT Global TECH Inc,320193,False,,0,"10-K found, but Exhibit-21 missing"
Track Group Inc,1045942,False,,0,"10-K found, but Exhibit-21 missing"
Tractor Supply Co,916365,True,https://www.sec.gov/Archives/edgar/data/916365/000091636525000076/ex21-2024listofsubsidiaries.htm,13,Exhibit-21 found
Trade Desk Inc,1671933,False,,0,"10-K found, but Exhibit-21 missing"
Tradeweb Markets Inc,1758730,False,,0,"10-K found, but Exhibit-21 missing"
Traeger Inc,1857853,False,,0,"10-K found, but Exhibit-21 missing"
Trailblazer Merger Corp I,1934945,True,https://www.sec.gov/Archives/edgar/data/1934945/000101376225002139/ea023423401ex21-1_trail1.htm,1,Exhibit-21 found
Trane Technologies PLC,1466258,True,https://www.sec.gov/Archives/edgar/data/1466258/000146625825000039/ex21subsidiarylisting2024.htm,93,Exhibit-21 found
Trans American Aquaculture Inc,1990446,False,,0,"10-K found, but Exhibit-21 missing"
Trans LUX Corp,70858,True,https://www.sec.gov/Archives/edgar/data/70858/000007085825000139/bac-1231202410xkex21.htm,34,Exhibit-21 found
Transact Technologies Inc,1017303,False,,0,"10-K found, but Exhibit-21 missing"
Transcat Inc,99302,False,,0,"10-K found, but Exhibit-21 missing"
Transcode Therapeutics Inc,1829635,False,,0,"10-K found, but Exhibit-21 missing"
Transdigm Group Inc,1260221,False,,0,"10-K found, but Exhibit-21 missing"
Transmedics Group Inc,1756262,True,https://www.sec.gov/Archives/edgar/data/1756262/000095017025029104/tmdx-ex21_1.htm,4,Exhibit-21 found
transuite.org Inc,1758699,False,,0,"10-K found, but Exhibit-21 missing"
Transunion,1552033,False,,0,"10-K found, but Exhibit-21 missing"
Travel & Leisure Co,1361658,True,https://www.sec.gov/Archives/edgar/data/1361658/000136165825000012/tnl-ex211_20241231x10k.htm,9,Exhibit-21 found
Travelers Companies Inc,86312,True,https://www.sec.gov/Archives/edgar/data/86312/000008631225000012/trv-12312024x10kxex211.htm,88,Exhibit-21 found
Travelzoo,1133311,True,https://www.sec.gov/Archives/edgar/data/1133311/000113331125000007/tzoo-20241231xex211.htm,7,Exhibit-21 found
Travere Therapeutics Inc,1438533,True,https://www.sec.gov/Archives/edgar/data/1438533/000143853325000010/ex211-1231202410k.htm,4,Exhibit-21 found
Traws Pharma Inc,1130598,True,https://www.sec.gov/Archives/edgar/data/1130598/000155837025004165/tmb-20241231xex21d1.htm,3,Exhibit-21 found
Treace Medical Concepts Inc,1630627,False,,0,"10-K found, but Exhibit-21 missing"
Tredegar Corp,850429,True,https://www.sec.gov/Archives/edgar/data/850429/000085042925000004/tg-ex21_20241231x10k.htm,21,Exhibit-21 found
Trees Corp Colorado,1477009,False,,0,"10-K found, but Exhibit-21 missing"
Trevena Inc,1326801,False,,0,"10-K found, but Exhibit-21 missing"
Trevi Therapeutics Inc,1563880,False,,0,"10-K found, but Exhibit-21 missing"
T-REX Acquisition Corp,1437750,False,,0,"10-K found, but Exhibit-21 missing"
Tri Pointe Homes Inc,1561680,True,https://www.sec.gov/Archives/edgar/data/1561680/000156168025000029/tph10k2024ex211.htm,35,Exhibit-21 found
Tribal Rides International Corp,1624985,False,,0,"10-K found, but Exhibit-21 missing"
Trico Bancshares /,356171,False,,0,"10-K found, but Exhibit-21 missing"
Triller Group Inc,1769624,True,https://www.sec.gov/Archives/edgar/data/1769624/000121390024027225/ea020248401ex21-1_agba.htm,1,Exhibit-21 found
Trilogy Metals Inc,1543418,True,https://www.sec.gov/Archives/edgar/data/1543418/000155837025000964/tmq-20241130xex21d1.htm,3,Exhibit-21 found
Trimas Corp,842633,False,,0,"10-K found, but Exhibit-21 missing"
Trimble Inc,864749,True,https://www.sec.gov/Archives/edgar/data/864749/000086474925000090/ex211202410k.htm,51,Exhibit-21 found
Trinet Group Inc,937098,False,,0,"10-K found, but Exhibit-21 missing"
Trinity Capital Inc,1786108,False,,0,"10-K found, but Exhibit-21 missing"
Trinity Industries Inc,99780,False,,0,"10-K found, but Exhibit-21 missing"
Trinity Place Holdings Inc,724742,True,https://www.sec.gov/Archives/edgar/data/724742/000155837025003553/tphs-20241231xex21d1.htm,15,Exhibit-21 found
Trinseo PLC,1519061,True,https://www.sec.gov/Archives/edgar/data/1519061/000155837025001736/tse-20241231xex21d1.htm,17,Exhibit-21 found
Trio Petroleum Corp,1898766,False,,0,"10-K found, but Exhibit-21 missing"
TRIO-TECH International,732026,False,,0,"10-K found, but Exhibit-21 missing"
Triplepoint Venture Growth BDC Corp,1580345,True,https://www.sec.gov/Archives/edgar/data/1580345/000158034525000005/tpvg123124ex-211.htm,2,Exhibit-21 found
Trisalus Life Sciences Inc,1826667,True,https://www.sec.gov/Archives/edgar/data/1826667/000182666725000030/ex211listofsubsidiaries.htm,1,Exhibit-21 found
Triton International Ltd,1660734,False,,0,"10-K found, but Exhibit-21 missing"
Triumph Financial Inc,1539638,True,https://www.sec.gov/Archives/edgar/data/1539638/000162828025004879/tfin-ex211subsidiaries2024.htm,2,Exhibit-21 found
Triumph Group Inc,320193,False,,0,"10-K found, but Exhibit-21 missing"
Tronox Holdings PLC,1530804,True,https://www.sec.gov/Archives/edgar/data/1530804/000153080425000004/ex211202410k.htm,14,Exhibit-21 found
Trubridge Inc,1169445,False,,0,"10-K found, but Exhibit-21 missing"
Trueblue Inc,768899,True,https://www.sec.gov/Archives/edgar/data/768899/000076889925000043/tbi10k122924ex211.htm,18,Exhibit-21 found
Truecar Inc,1327318,True,https://www.sec.gov/Archives/edgar/data/1327318/000132731825000006/ex211to202410-k.htm,3,Exhibit-21 found
Trugolf Holdings Inc,1857086,True,https://www.sec.gov/Archives/edgar/data/1857086/000164117225004877/ex21-1.htm,2,Exhibit-21 found
Truist Financial Corp,92230,True,https://www.sec.gov/Archives/edgar/data/92230/000009223025000020/ex21subsidiaries4q24.htm,6,Exhibit-21 found
Trulieve Cannabis Corp,1754195,False,,0,"10-K found, but Exhibit-21 missing"
Trump Media & Technology Group Corp,1849635,True,https://www.sec.gov/Archives/edgar/data/1849635/000114036125004822/ef20039039_ex21-1.htm,2,Exhibit-21 found
Trupanion Inc,1371285,True,https://www.sec.gov/Archives/edgar/data/1371285/000137128525000052/ex211q42024.htm,15,Exhibit-21 found
Trustco BANK Corp N Y,357301,True,https://www.sec.gov/Archives/edgar/data/357301/000114036125008827/ef20039040_ex21.htm,7,Exhibit-21 found
Trustmark Corp,36146,True,https://www.sec.gov/Archives/edgar/data/36146/000095017025023184/trmk-ex21.htm,3,Exhibit-21 found
Trutankless Inc,1429393,False,,0,"10-K found, but Exhibit-21 missing"
Tscan Therapeutics Inc,1783328,True,https://www.sec.gov/Archives/edgar/data/1783328/000095017025033077/tcrx-ex21.htm,0,Exhibit-21 found
TSS Inc,1320760,True,https://www.sec.gov/Archives/edgar/data/1320760/000165495425004295/tssi_ex211.htm,1,Exhibit-21 found
TTEC Holdings Inc,1013880,True,https://www.sec.gov/Archives/edgar/data/1013880/000155837025001823/ttec-20241231xex21d1.htm,12,Exhibit-21 found
TTM Technologies Inc,1116942,True,https://www.sec.gov/Archives/edgar/data/1116942/000095017025024839/ttmi-ex21_1.htm,22,Exhibit-21 found
Tucows Inc,909494,False,,0,"10-K found, but Exhibit-21 missing"
Tupperware Brands Corp,1045810,False,,0,"10-K found, but Exhibit-21 missing"
Turning Point Brands Inc,1290677,False,,0,"10-K found, but Exhibit-21 missing"
Turnstone Biologics Corp,1045810,False,,0,"10-K found, but Exhibit-21 missing"
Turtle Beach Corp,1493761,True,https://www.sec.gov/Archives/edgar/data/1493761/000095017025040292/hear-ex21.htm,6,Exhibit-21 found
Tusimple Holdings Inc,1823593,False,,0,"10-K found, but Exhibit-21 missing"
Tutor Perini Corp,77543,True,https://www.sec.gov/Archives/edgar/data/77543/000007754325000025/tpc-20241231xex21.htm,17,Exhibit-21 found
TWFG Inc,2007596,False,,0,"10-K found, but Exhibit-21 missing"
Twin Vee Powercats Co,1855509,True,https://www.sec.gov/Archives/edgar/data/1855509/000173112225000412/e6435_ex21-1.htm,1,Exhibit-21 found
Twist Bioscience Corp,1581280,True,https://www.sec.gov/Archives/edgar/data/1581280/000158128025000025/twst-fy25ex211subsidiaries.htm,8,Exhibit-21 found
TWO Harbors Investment Corp,1465740,False,,0,"10-K found, but Exhibit-21 missing"
TXO Partners LP,1559432,False,,0,"10-K found, but Exhibit-21 missing"
Tyler Technologies Inc,860731,False,,0,"10-K found, but Exhibit-21 missing"
Tyra Biosciences Inc,1863127,False,,0,"10-K found, but Exhibit-21 missing"
Tyson Foods Inc,100493,False,,0,"10-K found, but Exhibit-21 missing"
U S Global Investors Inc,754811,False,,0,"10-K found, but Exhibit-21 missing"
U S Physical Therapy Inc /Nv,885978,True,https://www.sec.gov/Archives/edgar/data/885978/000114036125006750/ef20039045_ex21-1.htm,148,Exhibit-21 found
Uber Technologies Inc,1543151,False,,0,"10-K found, but Exhibit-21 missing"
Ubiquiti Inc,1511737,True,https://www.sec.gov/Archives/edgar/data/1511737/000151173725000053/ui-06302025xex211.htm,1,Exhibit-21 found
Ubuyholdings Inc,320193,False,,0,"10-K found, but Exhibit-21 missing"
Udemy Inc,1607939,False,,0,"10-K found, but Exhibit-21 missing"
UDR Inc,74208,True,https://www.sec.gov/Archives/edgar/data/74208/000007420825000010/udr-20241231xex21.htm,217,Exhibit-21 found
UFP Industries Inc,912767,True,https://www.sec.gov/Archives/edgar/data/912767/000155837025001595/ufpi-20241228xex21.htm,58,Exhibit-21 found
UFP Technologies Inc,914156,False,,0,"10-K found, but Exhibit-21 missing"
UGI Corp,884614,True,https://www.sec.gov/Archives/edgar/data/884614/000088461425000053/a2025ugicorp10kex21.htm,81,Exhibit-21 found
U-Haul Holding Co,4457,True,https://www.sec.gov/Archives/edgar/data/4457/000095017025078451/uhal-ex21.htm,305,Exhibit-21 found
Uipath Inc,1734722,False,,0,"10-K found, but Exhibit-21 missing"
UL Solutions Inc,1901440,False,,0,"10-K found, but Exhibit-21 missing"
Ulta Beauty Inc,1403568,True,https://www.sec.gov/Archives/edgar/data/1403568/000155837025003810/ulta-20250201xex21.htm,4,Exhibit-21 found
Ultra Clean Holdings Inc,1275014,False,,0,"10-K found, but Exhibit-21 missing"
Ultragenyx Pharmaceutical Inc,1515673,True,https://www.sec.gov/Archives/edgar/data/1515673/000095017025023312/rare-ex21_1.htm,5,Exhibit-21 found
Ultralife Corp,875657,False,,0,"10-K found, but Exhibit-21 missing"
UMB Financial Corp,101382,True,https://www.sec.gov/Archives/edgar/data/101382/000095017025028420/umbf-ex21_1.htm,29,Exhibit-21 found
Un Monde International Ltd,1940941,False,,0,No 10-K found
Under Armour Inc,1336917,True,https://www.sec.gov/Archives/edgar/data/1336917/000133691725000078/ua-03312025xex2101signific.htm,1,Exhibit-21 found
Unicycive Therapeutics Inc,1766140,False,,0,"10-K found, but Exhibit-21 missing"
Unifi Inc,100726,True,https://www.sec.gov/Archives/edgar/data/100726/000095017025111331/ufi-ex21.htm,8,Exhibit-21 found
Unifirst Corp,717954,True,https://www.sec.gov/Archives/edgar/data/717954/000119312525256222/unf-ex21.htm,7,Exhibit-21 found
Union Bankshares Inc,706863,False,,0,"10-K found, but Exhibit-21 missing"
Union Electric Co,100826,False,,0,"10-K found, but Exhibit-21 missing"
Union Pacific Corp,100885,False,,0,"10-K found, but Exhibit-21 missing"
Unique Logistics International Inc,1362004,True,https://www.sec.gov/Archives/edgar/data/1362004/000095017025029917/icfi-ex21_0.htm,27,Exhibit-21 found
Uniqure NV,1590560,True,https://www.sec.gov/Archives/edgar/data/1590560/000155837025001699/qure-20241231xex21d1.htm,1,Exhibit-21 found
Unisys Corp,746838,True,https://www.sec.gov/Archives/edgar/data/746838/000074683825000008/ex2110-k2024.htm,1,Exhibit-21 found
United Airlines Holdings Inc,100517,True,https://www.sec.gov/Archives/edgar/data/100517/000010051725000046/ual_12312410kex21.htm,2,Exhibit-21 found
United Bancorp Inc,731653,True,https://www.sec.gov/Archives/edgar/data/731653/000141057825000351/ubcp-20241231xex21.htm,2,Exhibit-21 found
United Bankshares Inc/Wv,729986,True,https://www.sec.gov/Archives/edgar/data/729986/000119312525042589/d915367dex211.htm,18,Exhibit-21 found
United Community Banks Inc,857855,True,https://www.sec.gov/Archives/edgar/data/857855/000085785525000057/ucbi1231202410kex21.htm,13,Exhibit-21 found
United FIRE Group Inc,101199,False,,0,"10-K found, but Exhibit-21 missing"
United Guardian Inc,101295,False,,0,"10-K found, but Exhibit-21 missing"
United Health Products Inc,1096938,False,,0,"10-K found, but Exhibit-21 missing"
United Homes Group Inc,1830188,False,,0,"10-K found, but Exhibit-21 missing"
United Natural Foods Inc,1020859,False,,0,"10-K found, but Exhibit-21 missing"
United Parks & Resorts Inc,1564902,False,,0,"10-K found, but Exhibit-21 missing"
United Rentals Inc,1067701,True,https://www.sec.gov/Archives/edgar/data/1067701/000106770125000008/uri-2024123110kex21.htm,16,Exhibit-21 found
United Security Bancshares,1137547,False,,0,"10-K found, but Exhibit-21 missing"
United States 12 Month Natural Gas Fund LP,1405513,False,,0,"10-K found, but Exhibit-21 missing"
United States Antimony Corp,101538,True,https://www.sec.gov/Archives/edgar/data/101538/000165495425003048/uamy_ex211.htm,7,Exhibit-21 found
United States LIME & Minerals Inc,82020,True,https://www.sec.gov/Archives/edgar/data/82020/000155837025001798/uslm-20241231xex21d1.htm,12,Exhibit-21 found
United States Natural Gas Fund LP,1376227,False,,0,"10-K found, but Exhibit-21 missing"
United States Steel Corp,1045810,False,,0,"10-K found, but Exhibit-21 missing"
United Therapeutics Corp,1082554,False,,0,"10-K found, but Exhibit-21 missing"
Unitedhealth Group Inc,731766,True,https://www.sec.gov/Archives/edgar/data/731766/000073176625000063/unhex21112312024.htm,2037,Exhibit-21 found
Uniti Group Inc,2020795,False,,0,"10-K found, but Exhibit-21 missing"
Unitil Corp,755001,True,https://www.sec.gov/Archives/edgar/data/755001/000095017025017154/utl-ex21_1.htm,1,Exhibit-21 found
Unity Bancorp Inc,920427,True,https://www.sec.gov/Archives/edgar/data/920427/000092042725000016/unty-20241231xex21.htm,2,Exhibit-21 found
Unity Software Inc,1810806,True,https://www.sec.gov/Archives/edgar/data/1810806/000181080625000026/ex211-q42024subsidiaries.htm,3,Exhibit-21 found
Universal Corp,102037,False,,0,"10-K found, but Exhibit-21 missing"
Universal Display Corp PA,1005284,True,https://www.sec.gov/Archives/edgar/data/1005284/000095017025024151/oled-ex21.htm,7,Exhibit-21 found
Universal Electronics Inc,101984,True,https://www.sec.gov/Archives/edgar/data/101984/000010198425000038/a10k20241231-ex211.htm,19,Exhibit-21 found
Universal Health Realty Income Trust,798783,True,https://www.sec.gov/Archives/edgar/data/798783/000095017025027861/uht-ex21.htm,50,Exhibit-21 found
Universal Health Services Inc,352915,True,https://www.sec.gov/Archives/edgar/data/352915/000095017025027785/uhs-ex21.htm,493,Exhibit-21 found
Universal Insurance Holdings Inc,891166,True,https://www.sec.gov/Archives/edgar/data/891166/000089116625000025/uve-ex21_1012312024.htm,18,Exhibit-21 found
Universal Logistics Holdings Inc,1308208,True,https://www.sec.gov/Archives/edgar/data/1308208/000095017025040283/ulh-ex21_1.htm,48,Exhibit-21 found
Universal Security Instruments Inc,320193,False,,0,"10-K found, but Exhibit-21 missing"
Universal Stainless & Alloy Products Inc,320193,False,,0,"10-K found, but Exhibit-21 missing"
Universal Technical Institute Inc,1261654,False,,0,"10-K found, but Exhibit-21 missing"
Univest Financial Corp,102212,True,https://www.sec.gov/Archives/edgar/data/102212/000010221225000006/uvsp-20241231xex21xq4.htm,7,Exhibit-21 found
Unum Group,5513,True,https://www.sec.gov/Archives/edgar/data/5513/000000551325000015/unm123124ex21.htm,17,Exhibit-21 found
Unusual Machines Inc,1956955,False,,0,"10-K found, but Exhibit-21 missing"
Upbound Group Inc,933036,True,https://www.sec.gov/Archives/edgar/data/933036/000093303625000042/ex-211_q4x2024.htm,19,Exhibit-21 found
Upexi Inc,1775194,True,https://www.sec.gov/Archives/edgar/data/1775194/000147793225006996/upxi_ex211.htm,12,Exhibit-21 found
Uphealth Inc,1333493,False,,0,"10-K found, but Exhibit-21 missing"
Upland Software Inc,1505155,False,,0,"10-K found, but Exhibit-21 missing"
Upstart Holdings Inc,1647639,False,,0,"10-K found, but Exhibit-21 missing"
Upwork Inc,1627475,False,,0,"10-K found, but Exhibit-21 missing"
Uranium Energy Corp,1334933,False,,0,"10-K found, but Exhibit-21 missing"
Urban Edge Properties,1611547,False,,0,"10-K found, but Exhibit-21 missing"
Urban ONE Inc,1041657,False,,0,"10-K found, but Exhibit-21 missing"
Urban Outfitters Inc,912615,True,https://www.sec.gov/Archives/edgar/data/912615/000095017025048506/urbn-ex21_1.htm,27,Exhibit-21 found
UR-Energy Inc,1375205,True,https://www.sec.gov/Archives/edgar/data/1375205/000155837025004728/urg-20241231xex21d1.htm,0,Exhibit-21 found
Urgent.ly Inc,1603652,True,https://www.sec.gov/Archives/edgar/data/1603652/000095017025039411/uly-ex21_1.htm,7,Exhibit-21 found
Urogen Pharma Ltd,1668243,False,,0,"10-K found, but Exhibit-21 missing"
US Bancorp DE,36104,False,,0,"10-K found, but Exhibit-21 missing"
US Energy Corp,101594,False,,0,"10-K found, but Exhibit-21 missing"
US Foods Holding Corp,1665918,True,https://www.sec.gov/Archives/edgar/data/1665918/000166591825000017/usfd12282024ex211.htm,30,Exhibit-21 found
US GOLD Corp,27093,True,https://www.sec.gov/Archives/edgar/data/27093/000164117225021368/ex21-1.htm,6,Exhibit-21 found
US Goldmining Inc,1947244,False,,0,"10-K found, but Exhibit-21 missing"
US Lighting Group Inc,320193,False,,0,"10-K found, but Exhibit-21 missing"
US Nuclear Corp,842162,False,,0,"10-K found, but Exhibit-21 missing"
Usana Health Sciences Inc,896264,True,https://www.sec.gov/Archives/edgar/data/896264/000089626425000092/subsidiaries-ex2120241228.htm,20,Exhibit-21 found
USCB Financial Holdings Inc,1901637,False,,0,"10-K found, but Exhibit-21 missing"
Usio Inc,1088034,False,,0,"10-K found, but Exhibit-21 missing"
UTG Inc,832480,False,,0,"10-K found, but Exhibit-21 missing"
Utz Brands Inc,1739566,True,https://www.sec.gov/Archives/edgar/data/1739566/000173956625000053/a2024ex211subsidiariesofubi.htm,11,Exhibit-21 found
Uwharrie Capital Corp,898171,True,https://www.sec.gov/Archives/edgar/data/898171/000095017025034396/uwhr-ex21.htm,7,Exhibit-21 found
UWM Holdings Corp,1783398,False,,0,"10-K found, but Exhibit-21 missing"
V F Corp,103379,True,https://www.sec.gov/Archives/edgar/data/103379/000010337925000023/vfc3292025ex211.htm,63,Exhibit-21 found
V2X Inc,1601548,False,,0,"10-K found, but Exhibit-21 missing"
Vaalco Energy Inc,894627,True,https://www.sec.gov/Archives/edgar/data/894627/000089462725000014/egy-20241231xex211listofsu.htm,19,Exhibit-21 found
Vacasa Inc,1326801,False,,0,"10-K found, but Exhibit-21 missing"
Vaccinex Inc,1205922,False,,0,"10-K found, but Exhibit-21 missing"
Vado Corp,839087,False,,0,"10-K found, but Exhibit-21 missing"
VAIL Resorts Inc,812011,False,,0,"10-K found, but Exhibit-21 missing"
Valaris Ltd,314808,True,https://www.sec.gov/Archives/edgar/data/314808/000031480825000028/val-ex211x12312024.htm,52,Exhibit-21 found
Valero Energy Corp/Tx,1035002,False,,0,"10-K found, but Exhibit-21 missing"
Valley National Bancorp,714310,False,,0,"10-K found, but Exhibit-21 missing"
Valmont Industries Inc,102729,True,https://www.sec.gov/Archives/edgar/data/102729/000010272925000009/vmi-20241228xex21.htm,11,Exhibit-21 found
Value Exchange International Inc,320193,False,,0,"10-K found, but Exhibit-21 missing"
Value LINE Inc,717720,False,,0,"10-K found, but Exhibit-21 missing"
Vanda Pharmaceuticals Inc,1347178,False,,0,"10-K found, but Exhibit-21 missing"
Vaneck Bitcoin ETF,1838028,False,,0,"10-K found, but Exhibit-21 missing"
Vanguard Green Investment Ltd,1746119,False,,0,"10-K found, but Exhibit-21 missing"
Varex Imaging Corp,1681622,False,,0,"10-K found, but Exhibit-21 missing"
Varonis Systems Inc,1361113,False,,0,"10-K found, but Exhibit-21 missing"
VASO Corp,839087,False,,0,"10-K found, but Exhibit-21 missing"
Vaxart Inc,72444,False,,0,"10-K found, but Exhibit-21 missing"
Vaxcyte Inc,1649094,False,,0,"10-K found, but Exhibit-21 missing"
Vaxxinity Inc,1067983,True,https://www.sec.gov/Archives/edgar/data/1067983/000095017025025210/brka-ex21.htm,219,Exhibit-21 found
VEEA Inc,1840317,False,,0,"10-K found, but Exhibit-21 missing"
Veeco Instruments Inc,103145,True,https://www.sec.gov/Archives/edgar/data/103145/000155837025001001/veco-20241231xex21d1.htm,9,Exhibit-21 found
Veeva Systems Inc,1393052,False,,0,"10-K found, but Exhibit-21 missing"
Velo3d Inc,1825079,False,,0,"10-K found, but Exhibit-21 missing"
Velocity Financial Inc,1692376,True,https://www.sec.gov/Archives/edgar/data/1692376/000095017025037433/vel-ex21_1.htm,9,Exhibit-21 found
Vemanti Group Inc,1605057,False,,0,"10-K found, but Exhibit-21 missing"
Ventas Inc,740260,True,https://www.sec.gov/Archives/edgar/data/740260/000074026025000052/vtr-ex21_123124.htm,2123,Exhibit-21 found
Ventyx Biosciences Inc,1851194,False,,0,"10-K found, but Exhibit-21 missing"
Venus Concept Inc,1409269,False,,0,"10-K found, but Exhibit-21 missing"
Vera Bradley Inc,1495320,True,https://www.sec.gov/Archives/edgar/data/1495320/000149532025000019/vra-20250201xex211.htm,8,Exhibit-21 found
Vera Therapeutics Inc,1831828,False,,0,"10-K found, but Exhibit-21 missing"
Veracyte Inc,1384101,True,https://www.sec.gov/Archives/edgar/data/1384101/000138410125000014/vcyt-12312024xex211.htm,4,Exhibit-21 found
Veradigm Inc,1326801,False,,0,"10-K found, but Exhibit-21 missing"
Veralto Corp,1967680,False,,0,"10-K found, but Exhibit-21 missing"
Verano Holdings Corp,1848416,False,,0,"10-K found, but Exhibit-21 missing"
Verb Technology Company Inc,320193,False,,0,"10-K found, but Exhibit-21 missing"
Verde Clean Fuels Inc,1841425,False,,0,"10-K found, but Exhibit-21 missing"
Verde Resources Inc,1506929,True,https://www.sec.gov/Archives/edgar/data/1506929/000164033425001876/vrdr_ex211.htm,5,Exhibit-21 found
Vericel Corp,887359,True,https://www.sec.gov/Archives/edgar/data/887359/000162828025008447/ex211subsidiariesofregistr.htm,1,Exhibit-21 found
Verint Systems Inc,1166388,True,https://www.sec.gov/Archives/edgar/data/1166388/000116638825000014/vrnt-ex211_20250131xform10.htm,10,Exhibit-21 found
Veris Residential Inc,924901,False,,0,"10-K found, but Exhibit-21 missing"
Verisign Inc/Ca,1014473,True,https://www.sec.gov/Archives/edgar/data/1014473/000101447325000006/vrsn-20241231x10kxex2101.htm,6,Exhibit-21 found
Verisk Analytics Inc,1442145,False,,0,"10-K found, but Exhibit-21 missing"
Veritone Inc,1615165,True,https://www.sec.gov/Archives/edgar/data/1615165/000095017025048602/veri-ex21_1.htm,13,Exhibit-21 found
Verona Pharma PLC,1306965,False,,0,No 10-K found
Verra Mobility Corp,1682745,True,https://www.sec.gov/Archives/edgar/data/1682745/000095017025029180/vrrm-ex21_1.htm,22,Exhibit-21 found
Verrica Pharmaceuticals Inc,1660334,False,,0,"10-K found, but Exhibit-21 missing"
Versus Systems Inc,1701963,False,,0,"10-K found, but Exhibit-21 missing"
Vertex Energy Inc,320193,False,,0,"10-K found, but Exhibit-21 missing"
Vertex Inc,1806837,False,,0,"10-K found, but Exhibit-21 missing"
Vertiv Holdings Co,1674101,False,,0,"10-K found, but Exhibit-21 missing"
Verve Therapeutics Inc,1831828,False,,0,"10-K found, but Exhibit-21 missing"
Vestiage Inc,1326801,False,,0,"10-K found, but Exhibit-21 missing"
Vestis Corp,1967649,True,https://www.sec.gov/Archives/edgar/data/1967649/000162828025054597/ex211vestis-listofsubsidia.htm,19,Exhibit-21 found
Via Renewables Inc,1606268,False,,0,"10-K found, but Exhibit-21 missing"
VIAD Corp,789019,True,https://www.sec.gov/Archives/edgar/data/789019/000095017025100235/msft-ex21.htm,6,Exhibit-21 found
Viant Technology Inc,1828791,True,https://www.sec.gov/Archives/edgar/data/1828791/000182879125000010/dsp-20241231xex211listofsu.htm,5,Exhibit-21 found
Viatris Inc,1792044,False,,0,"10-K found, but Exhibit-21 missing"
Viavi Solutions Inc,912093,False,,0,"10-K found, but Exhibit-21 missing"
Vicarious Surgical Inc,1812173,False,,0,"10-K found, but Exhibit-21 missing"
VICI Properties Inc,1705696,False,,0,"10-K found, but Exhibit-21 missing"
Vicor Corp,751978,True,https://www.sec.gov/Archives/edgar/data/751978/000095017025030619/vicr-ex21_1.htm,6,Exhibit-21 found
Victoria S Secret & Co,1856437,True,https://www.sec.gov/Archives/edgar/data/1856437/000185643725000006/vsco-212025x10kex211.htm,8,Exhibit-21 found
Victory Capital Holdings Inc,1570827,True,https://www.sec.gov/Archives/edgar/data/1570827/000095017025029770/vctr-ex21_1.htm,6,Exhibit-21 found
Viemed Healthcare Inc,1729149,True,https://www.sec.gov/Archives/edgar/data/1729149/000172914925000056/q42024ex211subsidiariesoft.htm,8,Exhibit-21 found
Viewbix Inc,797542,False,,0,"10-K found, but Exhibit-21 missing"
Vigil Neuroscience Inc,320193,False,,0,"10-K found, but Exhibit-21 missing"
Viking Therapeutics Inc,1607678,True,https://www.sec.gov/Archives/edgar/data/1607678/000095017025027824/vktx-ex21_1.htm,2,Exhibit-21 found
Village Bank & Trust Financial Corp,92230,True,https://www.sec.gov/Archives/edgar/data/92230/000009223025000020/ex21subsidiaries4q24.htm,6,Exhibit-21 found
Village Farms International Inc,1584549,True,https://www.sec.gov/Archives/edgar/data/1584549/000095017025038326/vff-ex21_1.htm,10,Exhibit-21 found
Village Super Market Inc,103595,True,https://www.sec.gov/Archives/edgar/data/103595/000010359525000015/vlgea20250726-ex21.htm,25,Exhibit-21 found
Vimeo Inc,1018724,True,https://www.sec.gov/Archives/edgar/data/1018724/000101872425000004/amzn-20241231xex211.htm,9,Exhibit-21 found
Vince Holding Corp,1579157,True,https://www.sec.gov/Archives/edgar/data/1579157/000095017025062847/vnce-ex21_1.htm,2,Exhibit-21 found
Vine Hill Capital Investment Corp,2025396,False,,0,"10-K found, but Exhibit-21 missing"
Vintage Wine Estates Inc,320193,False,,0,"10-K found, but Exhibit-21 missing"
Viper Energy Inc,2074176,False,,0,No 10-K found
Vir Biotechnology Inc,1706431,True,https://www.sec.gov/Archives/edgar/data/1706431/000162828025008245/a20241231-ex211listofsubsi.htm,3,Exhibit-21 found
Viracta Therapeutics Inc,1061027,False,,0,"10-K found, but Exhibit-21 missing"
Virco MFG Corporation,751365,False,,0,"10-K found, but Exhibit-21 missing"
Vireo Growth Inc,1771706,True,https://www.sec.gov/Archives/edgar/data/1771706/000155837025002130/vreof-20241231xex21d1.htm,21,Exhibit-21 found
Virgin Galactic Holdings Inc,1706946,False,,0,"10-K found, but Exhibit-21 missing"
Viridian Therapeutics Inc DE,1590750,True,https://www.sec.gov/Archives/edgar/data/1590750/000159075025000004/fy2024ex211subsidiaries.htm,0,Exhibit-21 found
Virnetx Holding Corp,1082324,False,,0,"10-K found, but Exhibit-21 missing"
Virpax Pharmaceuticals Inc,1904286,False,,0,"10-K found, but Exhibit-21 missing"
Virtra Inc,1085243,True,https://www.sec.gov/Archives/edgar/data/1085243/000164117225000951/ex21-1.htm,1,Exhibit-21 found
Virtu Financial Inc,1592386,False,,0,"10-K found, but Exhibit-21 missing"
Virtus Investment Partners Inc,883237,True,https://www.sec.gov/Archives/edgar/data/883237/000088323725000010/virtus12312024ex-211.htm,23,Exhibit-21 found
VISA Inc,1403161,True,https://www.sec.gov/Archives/edgar/data/1403161/000140316125000089/vex211093025.htm,1,Exhibit-21 found
Vishay Intertechnology Inc,103730,False,,0,"10-K found, but Exhibit-21 missing"
Vishay Precision Group Inc,1487952,True,https://www.sec.gov/Archives/edgar/data/1487952/000148795225000014/vpg-20241231x10kxex2111.htm,20,Exhibit-21 found
Visium Technologies Inc,1082733,False,,0,"10-K found, but Exhibit-21 missing"
Vislink Technologies Inc,1565228,True,https://www.sec.gov/Archives/edgar/data/1565228/000164117225008150/ex21-1.htm,3,Exhibit-21 found
Vista GOLD Corp,783324,True,https://www.sec.gov/Archives/edgar/data/783324/000078332425000008/vgz-20241231xex21.htm,5,Exhibit-21 found
Vistagen Therapeutics Inc,1411685,True,https://www.sec.gov/Archives/edgar/data/1411685/000141168525000041/vtgnex211.htm,2,Exhibit-21 found
Visteon Corp,1111335,True,https://www.sec.gov/Archives/edgar/data/1111335/000111133525000006/ex-2112024subsidiariesofvi.htm,42,Exhibit-21 found
Vistra Corp,1692819,True,https://www.sec.gov/Archives/edgar/data/1692819/000169281925000013/vistra-20241231xex211.htm,27,Exhibit-21 found
Vita Coco Company Inc,1482981,False,,0,"10-K found, but Exhibit-21 missing"
Vital Energy Inc,1528129,True,https://www.sec.gov/Archives/edgar/data/1528129/000152812925000045/a4q24ex211.htm,1,Exhibit-21 found
Vitesse Energy Inc,1944558,False,,0,"10-K found, but Exhibit-21 missing"
Vivakor Inc,1450704,True,https://www.sec.gov/Archives/edgar/data/1450704/000182912625002687/vivakor_ex21-1.htm,18,Exhibit-21 found
Vivani Medical Inc,1266806,False,,0,"10-K found, but Exhibit-21 missing"
Vivos Inc,1449349,False,,0,"10-K found, but Exhibit-21 missing"
Vivos Therapeutics Inc,1716166,True,https://www.sec.gov/Archives/edgar/data/1716166/000164117225001750/ex21-1.htm,11,Exhibit-21 found
Vizio Holding Corp,1045810,False,,0,"10-K found, but Exhibit-21 missing"
VOC Energy Trust,1505413,False,,0,"10-K found, but Exhibit-21 missing"
Vocodia Holdings Corp,1880431,False,,0,"10-K found, but Exhibit-21 missing"
Volato Group Inc,1853070,True,https://www.sec.gov/Archives/edgar/data/1853070/000162828025015715/ex211formlistofsubsidiaries.htm,4,Exhibit-21 found
Volitionrx Ltd,93314,True,https://www.sec.gov/Archives/edgar/data/93314/000147793225002231/vnrx_ex211.htm,2,Exhibit-21 found
Vontier Corp,1786842,True,https://www.sec.gov/Archives/edgar/data/1786842/000178684225000008/a20241231-ex211.htm,58,Exhibit-21 found
Vor Biopharma Inc,1817229,False,,0,"10-K found, but Exhibit-21 missing"
Vornado Realty Trust,899689,True,https://www.sec.gov/Archives/edgar/data/899689/000089968925000004/ex21123124.htm,340,Exhibit-21 found
VOXX International Corp,1045810,False,,0,"10-K found, but Exhibit-21 missing"
Voya Financial Inc,1535929,True,https://www.sec.gov/Archives/edgar/data/1535929/000153592925000017/a2024q4voyaex211listofsubs.htm,214,Exhibit-21 found
Voyager Acquisition Corp./cayman Islands,2006815,False,,0,"10-K found, but Exhibit-21 missing"
Voyager Therapeutics Inc,1640266,True,https://www.sec.gov/Archives/edgar/data/1640266/000155837025002703/vygr-20241231xex21d1.htm,0,Exhibit-21 found
VPR Brands LP,1376231,False,,0,"10-K found, but Exhibit-21 missing"
Vroom Inc,1580864,True,https://www.sec.gov/Archives/edgar/data/1580864/000095017025037265/vrm-ex21_1.htm,8,Exhibit-21 found
VS Trust,1793497,False,,0,"10-K found, but Exhibit-21 missing"
VSE Corp,102752,True,https://www.sec.gov/Archives/edgar/data/102752/000010275225000014/vsec-2024x10kxex21.htm,20,Exhibit-21 found
Vtv Therapeutics Inc,1641489,False,,0,"10-K found, but Exhibit-21 missing"
Vulcan Materials Co,1396009,True,https://www.sec.gov/Archives/edgar/data/1396009/000139600925000005/a2024ex21.htm,91,Exhibit-21 found
Vuzix Corp,1463972,False,,0,"10-K found, but Exhibit-21 missing"
VWF Bancorp Inc,1913838,True,https://www.sec.gov/Archives/edgar/data/1913838/000155837024013063/vwfb-20240630xex21d1.htm,2,Exhibit-21 found
VYNE Therapeutics Inc,1566044,False,,0,"10-K found, but Exhibit-21 missing"
Vynleads Inc,1745078,False,,0,"10-K found, but Exhibit-21 missing"
Vystar Corp,1308027,False,,0,"10-K found, but Exhibit-21 missing"
W P Carey Inc,1025378,False,,0,"10-K found, but Exhibit-21 missing"
W&T Offshore Inc,1288403,True,https://www.sec.gov/Archives/edgar/data/1288403/000155837025002116/wti-20241231xex21d1.htm,13,Exhibit-21 found
WAFD Inc,936528,False,,0,"10-K found, but Exhibit-21 missing"
Wag Group Co,19617,False,,0,"10-K found, but Exhibit-21 missing"
Waitr Holdings Inc,1820953,False,,0,"10-K found, but Exhibit-21 missing"
Walgreens Boots Alliance Inc,320193,False,,0,"10-K found, but Exhibit-21 missing"
Walker & Dunlop Inc,1497770,True,https://www.sec.gov/Archives/edgar/data/1497770/000155837025001503/wd-20241231xex21.htm,47,Exhibit-21 found
Walmart Inc,104169,False,,0,"10-K found, but Exhibit-21 missing"
Walt Disney Co,1744489,True,https://www.sec.gov/Archives/edgar/data/1744489/000174448925000155/fy2025_q4x10kxex21.htm,80,Exhibit-21 found
Warby Parker Inc,1504776,False,,0,"10-K found, but Exhibit-21 missing"
Warner Bros Discovery Inc,1437107,True,https://www.sec.gov/Archives/edgar/data/1437107/000143710725000031/a20241231-ex21listofsubsid.htm,657,Exhibit-21 found
Warner Music Group Corp,1319161,True,https://www.sec.gov/Archives/edgar/data/1319161/000131916125000034/wmg-ex211xq42025.htm,216,Exhibit-21 found
Warpspeed TAXI Inc,320193,False,,0,"10-K found, but Exhibit-21 missing"
Warrior MET COAL Inc,1691303,False,,0,"10-K found, but Exhibit-21 missing"
Waste Connections Inc,1318220,True,https://www.sec.gov/Archives/edgar/data/1318220/000155837025000893/wcn-20241231xex21d1.htm,446,Exhibit-21 found
Waste Management Inc,823768,True,https://www.sec.gov/Archives/edgar/data/823768/000155837025001132/wm-20241231xex21d1.htm,471,Exhibit-21 found
Waters Corp,1000697,True,https://www.sec.gov/Archives/edgar/data/1000697/000119312525034579/d791800dex211.htm,14,Exhibit-21 found
Waterstone Financial Inc,1569994,False,,0,"10-K found, but Exhibit-21 missing"
Watsco Inc,105016,True,https://www.sec.gov/Archives/edgar/data/105016/000119312525041730/d898605dex211.htm,15,Exhibit-21 found
Watts Water Technologies Inc,795403,True,https://www.sec.gov/Archives/edgar/data/795403/000155837025001102/wts-20241231xex21.htm,40,Exhibit-21 found
Wave Life Sciences Ltd,1631574,False,,0,"10-K found, but Exhibit-21 missing"
Wayfair Inc,1616707,False,,0,"10-K found, but Exhibit-21 missing"
Waystar Holding Corp,1990354,False,,0,"10-K found, but Exhibit-21 missing"
WD 40 Co,105132,True,https://www.sec.gov/Archives/edgar/data/105132/000010513225000067/wdfc-20250831xex21.htm,10,Exhibit-21 found
Weave Communications Inc,1609151,False,,0,"10-K found, but Exhibit-21 missing"
Webster Financial Corp,801337,False,,0,"10-K found, but Exhibit-21 missing"
Webtoon Entertainment Inc,1997859,False,,0,"10-K found, but Exhibit-21 missing"
WEC Energy Group Inc,783325,False,,0,"10-K found, but Exhibit-21 missing"
WEIS Markets Inc,105418,True,https://www.sec.gov/Archives/edgar/data/105418/000010541825000014/wmk-20241228xex21.htm,3,Exhibit-21 found
Wells Fargo & Company/Mn,72971,True,https://www.sec.gov/Archives/edgar/data/72971/000007297125000066/wfc-1231x2024xex21.htm,10,Exhibit-21 found
Welsbach Technology Metals Acquisition Corp,1866226,True,https://www.sec.gov/Archives/edgar/data/1866226/000101376225002130/ea023394201ex21-1_welsbach.htm,2,Exhibit-21 found
Welsis Corp,1887912,False,,0,"10-K found, but Exhibit-21 missing"
Wendy S Co,30697,True,https://www.sec.gov/Archives/edgar/data/30697/000003069725000003/ex211_202410k.htm,23,Exhibit-21 found
Werner Enterprises Inc,793074,True,https://www.sec.gov/Archives/edgar/data/793074/000079307425000009/wern-20241231ex21.htm,18,Exhibit-21 found
Wesbanco Inc,203596,True,https://www.sec.gov/Archives/edgar/data/203596/000095017025030795/wsbc-ex21.htm,15,Exhibit-21 found
Wesco International Inc,929008,True,https://www.sec.gov/Archives/edgar/data/929008/000092900825000005/wcc-2024ex211.htm,86,Exhibit-21 found
WEST Bancorporation Inc,1166928,True,https://www.sec.gov/Archives/edgar/data/1166928/000116692825000012/wtba-20241231x10kex21.htm,1,Exhibit-21 found
WEST Pharmaceutical Services Inc,105770,True,https://www.sec.gov/Archives/edgar/data/105770/000010577025000013/ex21listofsubsidiaries_2024.htm,23,Exhibit-21 found
Western Alliance Bancorporation,1212545,True,https://www.sec.gov/Archives/edgar/data/1212545/000121254525000090/ex211listofsubsidiaries123.htm,14,Exhibit-21 found
Western Digital Corp,106040,False,,0,"10-K found, but Exhibit-21 missing"
Western Midstream Partners LP,1423902,True,https://www.sec.gov/Archives/edgar/data/1423902/000142390225000033/wes202410-kxex211.htm,42,Exhibit-21 found
Western New England Bancorp Inc,1157647,True,https://www.sec.gov/Archives/edgar/data/1157647/000183988225014778/ex21-1.htm,4,Exhibit-21 found
Western Uranium & Vanadium Corp,1621906,True,https://www.sec.gov/Archives/edgar/data/1621906/000121390025032203/ea023745301ex21-1_western.htm,14,Exhibit-21 found
Westinghouse AIR Brake Technologies Corp,943452,True,https://www.sec.gov/Archives/edgar/data/943452/000162828025005100/wabex210-10k2024.htm,130,Exhibit-21 found
Westlake Chemical Partners LP,1604665,True,https://www.sec.gov/Archives/edgar/data/1604665/000160466525000011/ex21112312410k.htm,1,Exhibit-21 found
Westrock Coffee Co,1806347,True,https://www.sec.gov/Archives/edgar/data/1806347/000155837025002804/west-20241231xex21.htm,12,Exhibit-21 found
Westwater Resources Inc,839470,True,https://www.sec.gov/Archives/edgar/data/839470/000155837025003382/wwr-20241231xex21d1.htm,0,Exhibit-21 found
Wetouch Technology Inc,1826660,False,,0,"10-K found, but Exhibit-21 missing"
WEX Inc,1309108,True,https://www.sec.gov/Archives/edgar/data/1309108/000130910825000017/wex20241231ex211listofsubs.htm,50,Exhibit-21 found
Weyerhaeuser Co,106535,True,https://www.sec.gov/Archives/edgar/data/106535/000095017025021254/wy-ex21.htm,5,Exhibit-21 found
Wheeler Real Estate Investment Trust Inc,1527541,True,https://www.sec.gov/Archives/edgar/data/1527541/000152754125000038/ex211q42024.htm,105,Exhibit-21 found
Wheels Up Experience Inc,1819516,True,https://www.sec.gov/Archives/edgar/data/1819516/000181951625000012/ex-211xwheelsuplistofsubsi.htm,21,Exhibit-21 found
Where Food Comes From Inc,1360565,True,https://www.sec.gov/Archives/edgar/data/1360565/000149315225007682/ex21-1.htm,4,Exhibit-21 found
Whirlpool Corp,106640,False,,0,"10-K found, but Exhibit-21 missing"
White Mountains Insurance Group Ltd,776867,False,,0,"10-K found, but Exhibit-21 missing"
White River Energy Corp,1045810,False,,0,"10-K found, but Exhibit-21 missing"
Whitehorse Finance Inc,1552198,True,https://www.sec.gov/Archives/edgar/data/1552198/000155837025002455/whf-20241231xex21d1.htm,6,Exhibit-21 found
Whitestone REIT,1175535,False,,0,"10-K found, but Exhibit-21 missing"
Wideopenwest Inc,1701051,True,https://www.sec.gov/Archives/edgar/data/1701051/000155837025003008/wow-20241231xex21d1.htm,39,Exhibit-21 found
Wilhelmina International Inc,1013706,False,,0,"10-K found, but Exhibit-21 missing"
Willamette Valley Vineyards Inc,838875,False,,0,"10-K found, but Exhibit-21 missing"
Willdan Group Inc,1370450,True,https://www.sec.gov/Archives/edgar/data/1370450/000155837025002429/wldn-20241227xex21d1.htm,7,Exhibit-21 found
William Penn Bancorporation,109380,False,,0,"10-K found, but Exhibit-21 missing"
Williams Companies Inc,107263,True,https://www.sec.gov/Archives/edgar/data/107263/000010726325000031/wmb_20241231x10kxex21.htm,140,Exhibit-21 found
Williams Sonoma Inc,719955,False,,0,"10-K found, but Exhibit-21 missing"
Willis Towers Watson PLC,1140536,True,https://www.sec.gov/Archives/edgar/data/1140536/000095017025026278/wtw-ex21_1.htm,104,Exhibit-21 found
Willow Lane Acquisition Corp,2032379,False,,0,"10-K found, but Exhibit-21 missing"
Willscot Holdings Corp,1647088,True,https://www.sec.gov/Archives/edgar/data/1647088/000164708825000009/ex211-10k2024.htm,17,Exhibit-21 found
Wilson BANK Holding Co,885275,True,https://www.sec.gov/Archives/edgar/data/885275/000095017025029576/ck0000885275-ex21_1.htm,2,Exhibit-21 found
Wingstop Inc,1636222,False,,0,"10-K found, but Exhibit-21 missing"
Winmark Corp,908315,False,,0,"10-K found, but Exhibit-21 missing"
Winnebago Industries Inc,107687,False,,0,"10-K found, but Exhibit-21 missing"
Wintrust Financial Corp,1015328,False,,0,"10-K found, but Exhibit-21 missing"
Winvest Acquisition Corp,2076192,False,,0,No 10-K found
Winvest Group Ltd,1558740,False,,0,"10-K found, but Exhibit-21 missing"
WISA Technologies Inc,1010086,False,,0,"10-K found, but Exhibit-21 missing"
Wisdomtree Bitcoin Fund,1850391,False,,0,"10-K found, but Exhibit-21 missing"
Wisdomtree Inc,880631,True,https://www.sec.gov/Archives/edgar/data/880631/000121465925003503/ex21_1.htm,11,Exhibit-21 found
WK Kellogg Co,2070829,False,,0,No 10-K found
WM Technology Inc,1779474,False,,0,"10-K found, but Exhibit-21 missing"
WNS Holdings Ltd,1356570,True,https://www.sec.gov/Archives/edgar/data/1356570/000119312525118506/d897405dex211.htm,36,Exhibit-21 found
Wolfspeed Inc,895419,True,https://www.sec.gov/Archives/edgar/data/895419/000089541925000110/wolfspeedex211.htm,1,Exhibit-21 found
Wolverine Resources Corp,1424404,False,,0,"10-K found, but Exhibit-21 missing"
Wolverine World WIDE Inc,110471,True,https://www.sec.gov/Archives/edgar/data/110471/000011047125000046/a2024-q4ex21subsidiaries.htm,26,Exhibit-21 found
Woodward Inc,108312,True,https://www.sec.gov/Archives/edgar/data/108312/000119312525296204/wwd-ex21_1.htm,25,Exhibit-21 found
Workday Inc,1327811,True,https://www.sec.gov/Archives/edgar/data/1327811/000132781125000056/wday-01312025xex211.htm,19,Exhibit-21 found
Workhorse Group Inc,1425287,True,https://www.sec.gov/Archives/edgar/data/1425287/000142528725000024/wkhs-20231231x10kxex211.htm,9,Exhibit-21 found
Workiva Inc,1445305,False,,0,"10-K found, but Exhibit-21 missing"
Worksport Ltd,1096275,True,https://www.sec.gov/Archives/edgar/data/1096275/000164117225000850/ex21-1.htm,2,Exhibit-21 found
World Acceptance Corp,108385,False,,0,"10-K found, but Exhibit-21 missing"
World Gold Trust,1618181,False,,0,"10-K found, but Exhibit-21 missing"
World Health Energy Holdings Inc,943535,True,https://www.sec.gov/Archives/edgar/data/943535/000164117225004775/ex21-1.htm,1,Exhibit-21 found
World Kinect Corp,789460,True,https://www.sec.gov/Archives/edgar/data/789460/000162828025007620/ex211_2024q4.htm,71,Exhibit-21 found
World Scan Project Inc,1813744,False,,0,"10-K found, but Exhibit-21 missing"
Worlds Inc,1326801,False,,0,"10-K found, but Exhibit-21 missing"
Worthington Enterprises Inc,108516,True,https://www.sec.gov/Archives/edgar/data/108516/000095017025100137/wor-ex21.htm,4,Exhibit-21 found
Worthington Steel Inc,1968487,True,https://www.sec.gov/Archives/edgar/data/1968487/000095017025099742/ws-ex21_1.htm,11,Exhibit-21 found
WRAP Technologies Inc,1702924,False,,0,"10-K found, but Exhibit-21 missing"
WSFS Financial Corp,828944,False,,0,"10-K found, but Exhibit-21 missing"
WW Grainger Inc,277135,False,,0,"10-K found, but Exhibit-21 missing"
WW International Inc,105319,True,https://www.sec.gov/Archives/edgar/data/105319/000095017025029511/ww-ex21_1.htm,14,Exhibit-21 found
Wyndham Hotels & Resorts Inc,1722684,True,https://www.sec.gov/Archives/edgar/data/1722684/000172268425000005/wh-ex211_20241231x10k.htm,34,Exhibit-21 found
WYNN Resorts Ltd,1174922,True,https://www.sec.gov/Archives/edgar/data/1174922/000117492225000039/ex211-subsidiariesofwrlx20.htm,150,Exhibit-21 found
Wytec International Inc,1560143,False,,0,"10-K found, but Exhibit-21 missing"
X4 Pharmaceuticals Inc,1501697,False,,0,"10-K found, but Exhibit-21 missing"
XAI Madison Equity Premium Income Fund,1289868,False,,0,No 10-K found
XAI Octagon Floating Rate & Alternative Income Trust,1703079,False,,0,No 10-K found
Xbiotech Inc,1626878,False,,0,"10-K found, but Exhibit-21 missing"
XBP Europe Holdings Inc,1809587,False,,0,No 10-K found
Xcel Brands Inc,1083220,True,https://www.sec.gov/Archives/edgar/data/1083220/000155837025008172/xelb-20241231xex21d1.htm,18,Exhibit-21 found
XCEL Energy Inc,72903,True,https://www.sec.gov/Archives/edgar/data/72903/000007290325000029/xcelex2101q42024.htm,18,Exhibit-21 found
Xencor Inc,1326732,False,,0,"10-K found, but Exhibit-21 missing"
Xenetic Biosciences Inc,1534525,True,https://www.sec.gov/Archives/edgar/data/1534525/000168316825001686/xenetic_ex2101.htm,3,Exhibit-21 found
Xenia Hotels & Resorts Inc,1616000,True,https://www.sec.gov/Archives/edgar/data/1616000/000161600025000022/xeniadecember31202410kex211.htm,47,Exhibit-21 found
Xenon Pharmaceuticals Inc,1582313,False,,0,"10-K found, but Exhibit-21 missing"
Xeriant Inc,1481504,False,,0,"10-K found, but Exhibit-21 missing"
Xeris Biopharma Holdings Inc,1867096,True,https://www.sec.gov/Archives/edgar/data/1867096/000186709625000039/xeris-ex211xlistofsubsidia.htm,2,Exhibit-21 found
XOMA Royalty Corp,791908,True,https://www.sec.gov/Archives/edgar/data/791908/000155837025003131/xoma-20241231xex21d1.htm,6,Exhibit-21 found
Xometry Inc,1657573,True,https://www.sec.gov/Archives/edgar/data/1657573/000095017025026655/xmtr-ex21_1.htm,17,Exhibit-21 found
Xos Inc,1819493,False,,0,"10-K found, but Exhibit-21 missing"
XPEL Inc,1767258,False,,0,"10-K found, but Exhibit-21 missing"
Xperi Inc,1788999,True,https://www.sec.gov/Archives/edgar/data/1788999/000095017025029159/xper-ex21_1.htm,3,Exhibit-21 found
XPO Inc,1166003,False,,0,"10-K found, but Exhibit-21 missing"
Xponential Fitness Inc,1802156,True,https://www.sec.gov/Archives/edgar/data/1802156/000095017025039541/xpof-ex21_1.htm,38,Exhibit-21 found
Xtant Medical Holdings Inc,1453593,True,https://www.sec.gov/Archives/edgar/data/1453593/000149315225009391/ex21-1.htm,6,Exhibit-21 found
XTI Aerospace Inc,1529113,True,https://www.sec.gov/Archives/edgar/data/1529113/000121390025032213/ea023530701ex21-1_xtiaero.htm,1,Exhibit-21 found
Xwell Inc,1410428,False,,0,"10-K found, but Exhibit-21 missing"
Xylem Inc,1524472,True,https://www.sec.gov/Archives/edgar/data/1524472/000152447225000013/xyl12312024ex21.htm,99,Exhibit-21 found
Yale Transaction Finders Inc,1311673,False,,0,"10-K found, but Exhibit-21 missing"
Yellow Corp,70858,True,https://www.sec.gov/Archives/edgar/data/70858/000007085825000139/bac-1231202410xkex21.htm,34,Exhibit-21 found
YELP Inc,1345016,True,https://www.sec.gov/Archives/edgar/data/1345016/000134501625000007/yelp12312024ex211subsidiar.htm,4,Exhibit-21 found
Yerbae Brands Corp,1045810,False,,0,"10-K found, but Exhibit-21 missing"
YETI Holdings Inc,1670592,True,https://www.sec.gov/Archives/edgar/data/1670592/000167059225000008/yeti-2024q4ex211.htm,4,Exhibit-21 found
Yext Inc,1614178,True,https://www.sec.gov/Archives/edgar/data/1614178/000161417825000030/fy2510-klistofyextsubsex211.htm,6,Exhibit-21 found
YHN Acquisition I Ltd,2020987,False,,0,"10-K found, but Exhibit-21 missing"
Yijia Group Corp,1699709,False,,0,"10-K found, but Exhibit-21 missing"
Y-Mabs Therapeutics Inc,1815442,True,https://www.sec.gov/Archives/edgar/data/1815442/000095017025028355/kymr-ex21_1.htm,0,Exhibit-21 found
Yong Bai Chao New Retail Corp,1045810,False,,0,"10-K found, but Exhibit-21 missing"
YORK Water Co,108985,False,,0,"10-K found, but Exhibit-21 missing"
Yoshiharu Global Co,21344,False,,0,"10-K found, but Exhibit-21 missing"
Yotta Acquisition Corp,1907730,False,,0,"10-K found, but Exhibit-21 missing"
Youneeqai Technical Services Inc,1976923,True,https://www.sec.gov/Archives/edgar/data/1976923/000106594924000042/ex21.htm,0,Exhibit-21 found
Yuenglings Ice Cream Corp,1045810,False,,0,"10-K found, but Exhibit-21 missing"
YUM Brands Inc,1041061,True,https://www.sec.gov/Archives/edgar/data/1041061/000104106125000013/yum-12312024xex211.htm,116,Exhibit-21 found
Yum China Holdings Inc,1673358,True,https://www.sec.gov/Archives/edgar/data/1673358/000095017025029134/yumc-ex21_1.htm,87,Exhibit-21 found
Yunhong Green CTI Ltd,1042187,False,,0,"10-K found, but Exhibit-21 missing"
Zai Lab Ltd,1704292,True,https://www.sec.gov/Archives/edgar/data/1704292/000162828025008409/ex211-subsidiarieslist2024.htm,7,Exhibit-21 found
Zalatoris II Acquisition Corp,2012807,False,,0,"10-K found, but Exhibit-21 missing"
Zapata Computing Holdings Inc,797465,False,,0,"10-K found, but Exhibit-21 missing"
Zebra Technologies Corp,877212,False,,0,"10-K found, but Exhibit-21 missing"
Zedge Inc,1667313,True,https://www.sec.gov/Archives/edgar/data/1667313/000121390025103098/ea026203501ex21-01_zedge.htm,2,Exhibit-21 found
Zenas Biopharma Inc,1953926,False,,0,"10-K found, but Exhibit-21 missing"
Zentalis Pharmaceuticals Inc,1725160,False,,0,"10-K found, but Exhibit-21 missing"
Zeo Energy Corp,1865506,False,,0,"10-K found, but Exhibit-21 missing"
Zeo Scientifix Inc,1557376,True,https://www.sec.gov/Archives/edgar/data/1557376/000182912625000536/zeoscientifix_ex21-1.htm,3,Exhibit-21 found
Zeta Global Holdings Corp,1851003,True,https://www.sec.gov/Archives/edgar/data/1851003/000095017025027338/zeta-ex21_1.htm,2,Exhibit-21 found
Zevia PBC,1854139,True,https://www.sec.gov/Archives/edgar/data/1854139/000095017025027728/zvia-ex21_1.htm,1,Exhibit-21 found
Zevra Therapeutics Inc,1434647,False,,0,"10-K found, but Exhibit-21 missing"
Zhanling International Ltd,1489300,False,,0,"10-K found, but Exhibit-21 missing"
ZIFF Davis Inc,1084048,True,https://www.sec.gov/Archives/edgar/data/1084048/000108404825000007/zd20241231ex-211.htm,83,Exhibit-21 found
Zillow Group Inc,1617640,True,https://www.sec.gov/Archives/edgar/data/1617640/000161764025000016/a2024form10-kex211.htm,4,Exhibit-21 found
Zimmer Biomet Holdings Inc,1136869,True,https://www.sec.gov/Archives/edgar/data/1136869/000095017025026604/zbh-ex21.htm,83,Exhibit-21 found
Zimvie Inc,1326801,False,,0,"10-K found, but Exhibit-21 missing"
ZION OIL & GAS Inc,1131312,False,,0,"10-K found, but Exhibit-21 missing"
Ziprecruiter Inc,1617553,True,https://www.sec.gov/Archives/edgar/data/1617553/000161755325000011/ex211subsidiariesfy24.htm,4,Exhibit-21 found
Zivo Bioscience Inc,1101026,True,https://www.sec.gov/Archives/edgar/data/1101026/000165495425002948/zivo_ex211.htm,8,Exhibit-21 found
Zoned Properties Inc,1279620,True,https://www.sec.gov/Archives/edgar/data/1279620/000101376225001874/ea023437501ex21-1_zoned.htm,13,Exhibit-21 found
Zoom Communications Inc,1585521,False,,0,"10-K found, but Exhibit-21 missing"
Zoomcar Holdings Inc,1854275,False,,0,"10-K found, but Exhibit-21 missing"
Zoominfo Technologies Inc,1794515,True,https://www.sec.gov/Archives/edgar/data/1794515/000179451525000045/zi-ex211x20250225.htm,20,Exhibit-21 found
Zscaler Inc,1713683,False,,0,"10-K found, but Exhibit-21 missing"
Zspace Inc,1637147,True,https://www.sec.gov/Archives/edgar/data/1637147/000155837025003867/zspc-20241231xex21d1.htm,1,Exhibit-21 found
Zumiez Inc,1318008,True,https://www.sec.gov/Archives/edgar/data/1318008/000095017025038692/zumz-ex21_1.htm,9,Exhibit-21 found
Zura Bio Ltd,1855644,False,,0,"10-K found, but Exhibit-21 missing"
Zurn Elkay Water Solutions Corp,1439288,True,https://www.sec.gov/Archives/edgar/data/1439288/000143928825000019/ex211listofsubsidiaries123.htm,26,Exhibit-21 found
Zymeworks Inc,1937653,False,,0,"10-K found, but Exhibit-21 missing"
Zynex Inc,846475,True,https://www.sec.gov/Archives/edgar/data/846475/000155837025002717/zyxi-20241231xex21.htm,4,Exhibit-21 found
Zyversa Therapeutics Inc,1859007,False,,0,"10-K found, but Exhibit-21 missing"
