TICKER,ELECTION_CYCLE,COMMITTEE_NAME,COMMITTEE_TYPE_FULL,PARTY_NAME_FULL,RECEIPT_AMOUNT,cmte_norm,CMTE_ID,CMTE_NM,CONNECTED_ORG_NM,CMTE_TP,ORG_TP,match_method,match_score,best_norm,fuzzy_score
HBAN,2022,CONSUMER BANKERS ASSOCIATION PAC,PAC - Qualified,Other,10000.000000,CONSUMER BANKERS ASSOCIATION PAC,C00493312,S CORPORATION ASSOCIATION PAC (S-CORP PAC),THE S CORPORATION ASSOCIATION OF AMERICA,Q,T,FUZZY_REVIEW,93.75,S ASSOCIATION PAC S PAC,93.75
CI,2020,"BILL PASCRELL, JR. PUBLIC SERVICE FUND",PAC - Nonqualified,Democrat,2500.000000,BILL PASCRELL JR PUBLIC SERVICE FUND,C00678391,PUBLIC SERVICE 44 FUND,,H,,FUZZY_REVIEW,92.6829268292683,PUBLIC SERVICE 44 FUND,92.6829268292683
HAL,2022,AEG PAC,PAC - Qualified,Republican,2500.000000,AEG PAC,C00900886,AG PAC,,N,,FUZZY_REVIEW,92.3076923076923,AG PAC,92.3076923076923
GOOGL,2020,GW PAC,PAC - Qualified,Republican,2500.000000,GW PAC,C00558734,G PAC,NONE,N,,FUZZY_REVIEW,90.9090909090909,G PAC,90.9090909090909
XOM,2022,LIQUID ENERGY PIPELINE ASSOCIATION PAC,PAC - Qualified,Dark PAC,5000.000000,LIQUID ENERGY PIPELINE ASSOCIATION PAC,C00493312,S CORPORATION ASSOCIATION PAC (S-CORP PAC),THE S CORPORATION ASSOCIATION OF AMERICA,Q,T,FUZZY_REVIEW,93.75,S ASSOCIATION PAC S PAC,93.75
CMA,2022,AEG PAC,PAC - Qualified,Republican,1000.000000,AEG PAC,C00900886,AG PAC,,N,,FUZZY_REVIEW,92.3076923076923,AG PAC,92.3076923076923
TMUS,2022,AEG PAC,PAC - Qualified,Republican,1000.000000,AEG PAC,C00900886,AG PAC,,N,,FUZZY_REVIEW,92.3076923076923,AG PAC,92.3076923076923
CAH,2020,GW PAC,PAC - Qualified,Republican,5000.000000,GW PAC,C00558734,G PAC,NONE,N,,FUZZY_REVIEW,90.9090909090909,G PAC,90.9090909090909
DUK,2020,GW PAC,PAC - Qualified,Republican,5000.000000,GW PAC,C00558734,G PAC,NONE,N,,FUZZY_REVIEW,90.9090909090909,G PAC,90.9090909090909
C,2022,AEG PAC,PAC - Qualified,Republican,2000.000000,AEG PAC,C00900886,AG PAC,,N,,FUZZY_REVIEW,92.3076923076923,AG PAC,92.3076923076923
DIS,2020,GW PAC,PAC - Qualified,Republican,5000.000000,GW PAC,C00558734,G PAC,NONE,N,,FUZZY_REVIEW,90.9090909090909,G PAC,90.9090909090909
CBSH,2024,CONSUMER BANKERS ASSOCIATION PAC,PAC - Qualified,Other,2500.000000,CONSUMER BANKERS ASSOCIATION PAC,C00493312,S CORPORATION ASSOCIATION PAC (S-CORP PAC),THE S CORPORATION ASSOCIATION OF AMERICA,Q,T,FUZZY_REVIEW,93.75,S ASSOCIATION PAC S PAC,93.75
TFC,2022,CONSUMER BANKERS ASSOCIATION PAC,PAC - Qualified,Other,10000.000000,CONSUMER BANKERS ASSOCIATION PAC,C00493312,S CORPORATION ASSOCIATION PAC (S-CORP PAC),THE S CORPORATION ASSOCIATION OF AMERICA,Q,T,FUZZY_REVIEW,93.75,S ASSOCIATION PAC S PAC,93.75
AMP,2020,AEG PAC,PAC - Qualified,Republican,1000.000000,AEG PAC,C00900886,AG PAC,,N,,FUZZY_REVIEW,92.3076923076923,AG PAC,92.3076923076923
CNC,2020,GW PAC,PAC - Qualified,Republican,2500.000000,GW PAC,C00558734,G PAC,NONE,N,,FUZZY_REVIEW,90.9090909090909,G PAC,90.9090909090909
MCD,2020,GFC PAC,PAC - Nonqualified,Republican,1000.000000,GFC PAC,C00882555,FC PAC,NONE,O,,FUZZY_REVIEW,92.3076923076923,FC PAC,92.3076923076923
AMZN,2020,GFC PAC,PAC - Nonqualified,Republican,1000.000000,GFC PAC,C00882555,FC PAC,NONE,O,,FUZZY_REVIEW,92.3076923076923,FC PAC,92.3076923076923
CGNX,2024,THE GARVEY LEADERSHIP PAC,PAC - Nonqualified,Republican,2500.000000,GARVEY LEADERSHIP PAC,C00767616,NH LEADERSHIP PAC,NONE,N,,FUZZY_REVIEW,90.3225806451613,NH LEADERSHIP PAC,90.3225806451613
FIS,2020,AEG PAC,PAC - Qualified,Republican,1000.000000,AEG PAC,C00900886,AG PAC,,N,,FUZZY_REVIEW,92.3076923076923,AG PAC,92.3076923076923
HII,2020,GFC PAC,PAC - Nonqualified,Republican,1000.000000,GFC PAC,C00882555,FC PAC,NONE,O,,FUZZY_REVIEW,92.3076923076923,FC PAC,92.3076923076923
DOW,2020,GW PAC,PAC - Qualified,Republican,2500.000000,GW PAC,C00558734,G PAC,NONE,N,,FUZZY_REVIEW,90.9090909090909,G PAC,90.9090909090909
BAC,2020,GFC PAC,PAC - Nonqualified,Republican,2500.000000,GFC PAC,C00882555,FC PAC,NONE,O,,FUZZY_REVIEW,92.3076923076923,FC PAC,92.3076923076923
MDT,2020,GW PAC,PAC - Qualified,Republican,3000.000000,GW PAC,C00558734,G PAC,NONE,N,,FUZZY_REVIEW,90.9090909090909,G PAC,90.9090909090909
BA,2024,THE GARVEY LEADERSHIP PAC,PAC - Nonqualified,Republican,1000.000000,GARVEY LEADERSHIP PAC,C00767616,NH LEADERSHIP PAC,NONE,N,,FUZZY_REVIEW,90.3225806451613,NH LEADERSHIP PAC,90.3225806451613
INTC,2020,GW PAC,PAC - Qualified,Republican,2500.000000,GW PAC,C00558734,G PAC,NONE,N,,FUZZY_REVIEW,90.9090909090909,G PAC,90.9090909090909
HD,2022,"BILL PASCRELL, JR. PUBLIC SERVICE FUND",PAC - Nonqualified,Democrat,5000.000000,BILL PASCRELL JR PUBLIC SERVICE FUND,C00678391,PUBLIC SERVICE 44 FUND,,H,,FUZZY_REVIEW,92.6829268292683,PUBLIC SERVICE 44 FUND,92.6829268292683
LMT,2024,THE GARVEY LEADERSHIP PAC,PAC - Nonqualified,Republican,1000.000000,GARVEY LEADERSHIP PAC,C00767616,NH LEADERSHIP PAC,NONE,N,,FUZZY_REVIEW,90.3225806451613,NH LEADERSHIP PAC,90.3225806451613
WMT,2022,"BILL PASCRELL, JR. PUBLIC SERVICE FUND",PAC - Nonqualified,Democrat,1000.000000,BILL PASCRELL JR PUBLIC SERVICE FUND,C00678391,PUBLIC SERVICE 44 FUND,,H,,FUZZY_REVIEW,92.6829268292683,PUBLIC SERVICE 44 FUND,92.6829268292683
ZG,2022,AEG PAC,PAC - Qualified,Republican,1000.000000,AEG PAC,C00900886,AG PAC,,N,,FUZZY_REVIEW,92.3076923076923,AG PAC,92.3076923076923
PFE,2022,"BILL PASCRELL, JR. PUBLIC SERVICE FUND",PAC - Nonqualified,Democrat,2000.000000,BILL PASCRELL JR PUBLIC SERVICE FUND,C00678391,PUBLIC SERVICE 44 FUND,,H,,FUZZY_REVIEW,92.6829268292683,PUBLIC SERVICE 44 FUND,92.6829268292683
TXN,2020,GW PAC,PAC - Qualified,Republican,1000.000000,GW PAC,C00558734,G PAC,NONE,N,,FUZZY_REVIEW,90.9090909090909,G PAC,90.9090909090909
CMI,2020,GW PAC,PAC - Qualified,Republican,1000.000000,GW PAC,C00558734,G PAC,NONE,N,,FUZZY_REVIEW,90.9090909090909,G PAC,90.9090909090909
AWK,2022,"BILL PASCRELL, JR. PUBLIC SERVICE FUND",PAC - Nonqualified,Democrat,2500.000000,BILL PASCRELL JR PUBLIC SERVICE FUND,C00678391,PUBLIC SERVICE 44 FUND,,H,,FUZZY_REVIEW,92.6829268292683,PUBLIC SERVICE 44 FUND,92.6829268292683
ABT,2020,AEG PAC,PAC - Qualified,Republican,2500.000000,AEG PAC,C00900886,AG PAC,,N,,FUZZY_REVIEW,92.3076923076923,AG PAC,92.3076923076923
CRM,2020,GW PAC,PAC - Qualified,Republican,2500.000000,GW PAC,C00558734,G PAC,NONE,N,,FUZZY_REVIEW,90.9090909090909,G PAC,90.9090909090909
EIX,2022,"BILL PASCRELL, JR. PUBLIC SERVICE FUND",PAC - Nonqualified,Democrat,1000.000000,BILL PASCRELL JR PUBLIC SERVICE FUND,C00678391,PUBLIC SERVICE 44 FUND,,H,,FUZZY_REVIEW,92.6829268292683,PUBLIC SERVICE 44 FUND,92.6829268292683
BX,2020,GROUNDWORK PROJECT PAC,Hybrid PAC (with Non-Contribution Account) - Qualified,Democrat,2800.000000,GROUNDWORK PROJECT PAC,C00785857,GROUNDWORK PROJECT AND NDRC FUND,,N,,FUZZY_REVIEW,90.0,GROUNDWORK PROJECT NDRC FUND,90.0
XEL,2022,"BILL PASCRELL, JR. PUBLIC SERVICE FUND",PAC - Nonqualified,Democrat,1000.000000,BILL PASCRELL JR PUBLIC SERVICE FUND,C00678391,PUBLIC SERVICE 44 FUND,,H,,FUZZY_REVIEW,92.6829268292683,PUBLIC SERVICE 44 FUND,92.6829268292683
BRK.A,2024,THE GARVEY LEADERSHIP PAC,PAC - Nonqualified,Republican,1000.000000,GARVEY LEADERSHIP PAC,C00767616,NH LEADERSHIP PAC,NONE,N,,FUZZY_REVIEW,90.3225806451613,NH LEADERSHIP PAC,90.3225806451613
GILD,2020,GW PAC,PAC - Qualified,Republican,2500.000000,GW PAC,C00558734,G PAC,NONE,N,,FUZZY_REVIEW,90.9090909090909,G PAC,90.9090909090909
BFH,2022,"BREAD FINANCIAL HOLDINGS, INC. PAC (AKA BREAD FINANCIAL PAC)",PAC - Qualified,Dark PAC,14500.000000,BREAD FINANCIAL PAC AKA BREAD FINANCIAL PAC,C00918896,M FINANCIAL HOLDINGS INC. PAC (M FINANCIAL PAC),M FINANCIAL HOLDINGS INC.,N,C,FUZZY_REVIEW,92.85714285714286,M FINANCIAL PAC M FINANCIAL PAC,92.85714285714286
LMT,2022,"BILL PASCRELL, JR. PUBLIC SERVICE FUND",PAC - Nonqualified,Democrat,6000.000000,BILL PASCRELL JR PUBLIC SERVICE FUND,C00678391,PUBLIC SERVICE 44 FUND,,H,,FUZZY_REVIEW,92.6829268292683,PUBLIC SERVICE 44 FUND,92.6829268292683
BA,2022,"BILL PASCRELL, JR. PUBLIC SERVICE FUND",PAC - Nonqualified,Democrat,2000.000000,BILL PASCRELL JR PUBLIC SERVICE FUND,C00678391,PUBLIC SERVICE 44 FUND,,H,,FUZZY_REVIEW,92.6829268292683,PUBLIC SERVICE 44 FUND,92.6829268292683
LMT,2020,"BILL PASCRELL, JR. PUBLIC SERVICE FUND",PAC - Nonqualified,Democrat,6000.000000,BILL PASCRELL JR PUBLIC SERVICE FUND,C00678391,PUBLIC SERVICE 44 FUND,,H,,FUZZY_REVIEW,92.6829268292683,PUBLIC SERVICE 44 FUND,92.6829268292683
C,2020,GROUNDWORK PROJECT PAC,Hybrid PAC (with Non-Contribution Account) - Qualified,Democrat,10000.000000,GROUNDWORK PROJECT PAC,C00785857,GROUNDWORK PROJECT AND NDRC FUND,,N,,FUZZY_REVIEW,90.0,GROUNDWORK PROJECT NDRC FUND,90.0
C,2020,AEG PAC,PAC - Qualified,Republican,9000.000000,AEG PAC,C00900886,AG PAC,,N,,FUZZY_REVIEW,92.3076923076923,AG PAC,92.3076923076923
INTC,2020,AEG PAC,PAC - Qualified,Republican,3000.000000,AEG PAC,C00900886,AG PAC,,N,,FUZZY_REVIEW,92.3076923076923,AG PAC,92.3076923076923
BWXT,2020,AEG PAC,PAC - Qualified,Republican,6000.000000,AEG PAC,C00900886,AG PAC,,N,,FUZZY_REVIEW,92.3076923076923,AG PAC,92.3076923076923
WMT,2020,AEG PAC,PAC - Qualified,Republican,4000.000000,AEG PAC,C00900886,AG PAC,,N,,FUZZY_REVIEW,92.3076923076923,AG PAC,92.3076923076923
UAL,2020,"BILL PASCRELL, JR. PUBLIC SERVICE FUND",PAC - Nonqualified,Democrat,4500.000000,BILL PASCRELL JR PUBLIC SERVICE FUND,C00678391,PUBLIC SERVICE 44 FUND,,H,,FUZZY_REVIEW,92.6829268292683,PUBLIC SERVICE 44 FUND,92.6829268292683
HUM,2020,NATIONAL ASSOCIATION OF BENEFITS AND INSURANCE PROFESSIONALS PAC (NABIP PAC),PAC - Qualified,Dark PAC,2000.000000,NATIONAL ASSOCIATION BENEFITS INSURANCE PROFESSIONALS PAC NABIP PAC,C00493312,S CORPORATION ASSOCIATION PAC (S-CORP PAC),THE S CORPORATION ASSOCIATION OF AMERICA,Q,T,FUZZY_REVIEW,93.75,S ASSOCIATION PAC S PAC,93.75
HIG,2020,AEG PAC,PAC - Qualified,Republican,5500.000000,AEG PAC,C00900886,AG PAC,,N,,FUZZY_REVIEW,92.3076923076923,AG PAC,92.3076923076923
SYF,2020,AEG PAC,PAC - Qualified,Republican,10000.000000,AEG PAC,C00900886,AG PAC,,N,,FUZZY_REVIEW,92.3076923076923,AG PAC,92.3076923076923
TDG,2020,AEG PAC,PAC - Qualified,Republican,8100.000000,AEG PAC,C00900886,AG PAC,,N,,FUZZY_REVIEW,92.3076923076923,AG PAC,92.3076923076923
HBAN,2020,AEG PAC,PAC - Qualified,Republican,10000.000000,AEG PAC,C00900886,AG PAC,,N,,FUZZY_REVIEW,92.3076923076923,AG PAC,92.3076923076923
BAC,2020,CONSUMER BANKERS ASSOCIATION PAC,PAC - Qualified,Other,15500.000000,CONSUMER BANKERS ASSOCIATION PAC,C00493312,S CORPORATION ASSOCIATION PAC (S-CORP PAC),THE S CORPORATION ASSOCIATION OF AMERICA,Q,T,FUZZY_REVIEW,93.75,S ASSOCIATION PAC S PAC,93.75
WFC,2020,GFC PAC,PAC - Nonqualified,Republican,4500.000000,GFC PAC,C00882555,FC PAC,NONE,O,,FUZZY_REVIEW,92.3076923076923,FC PAC,92.3076923076923
JNJ,2024,"BILL PASCRELL, JR. PUBLIC SERVICE FUND",PAC - Nonqualified,Democrat,4000.000000,BILL PASCRELL JR PUBLIC SERVICE FUND,C00678391,PUBLIC SERVICE 44 FUND,,H,,FUZZY_REVIEW,92.6829268292683,PUBLIC SERVICE 44 FUND,92.6829268292683
PTC,2022,"BILL PASCRELL, JR. PUBLIC SERVICE FUND",PAC - Nonqualified,Democrat,3000.000000,BILL PASCRELL JR PUBLIC SERVICE FUND,C00678391,PUBLIC SERVICE 44 FUND,,H,,FUZZY_REVIEW,92.6829268292683,PUBLIC SERVICE 44 FUND,92.6829268292683
ALL,2022,AEG PAC,PAC - Qualified,Republican,3500.000000,AEG PAC,C00900886,AG PAC,,N,,FUZZY_REVIEW,92.3076923076923,AG PAC,92.3076923076923
C,2020,CONSUMER BANKERS ASSOCIATION PAC,PAC - Qualified,Other,5000.000000,CONSUMER BANKERS ASSOCIATION PAC,C00493312,S CORPORATION ASSOCIATION PAC (S-CORP PAC),THE S CORPORATION ASSOCIATION OF AMERICA,Q,T,FUZZY_REVIEW,93.75,S ASSOCIATION PAC S PAC,93.75
HON,2020,"BILL PASCRELL, JR. PUBLIC SERVICE FUND",PAC - Nonqualified,Democrat,8500.000000,BILL PASCRELL JR PUBLIC SERVICE FUND,C00678391,PUBLIC SERVICE 44 FUND,,H,,FUZZY_REVIEW,92.6829268292683,PUBLIC SERVICE 44 FUND,92.6829268292683
ETN,2020,AEG PAC,PAC - Qualified,Republican,3000.000000,AEG PAC,C00900886,AG PAC,,N,,FUZZY_REVIEW,92.3076923076923,AG PAC,92.3076923076923
PSX,2020,LIQUID ENERGY PIPELINE ASSOCIATION PAC,PAC - Qualified,Dark PAC,8500.000000,LIQUID ENERGY PIPELINE ASSOCIATION PAC,C00493312,S CORPORATION ASSOCIATION PAC (S-CORP PAC),THE S CORPORATION ASSOCIATION OF AMERICA,Q,T,FUZZY_REVIEW,93.75,S ASSOCIATION PAC S PAC,93.75
XOM,2020,GFC PAC,PAC - Nonqualified,Republican,5000.000000,GFC PAC,C00882555,FC PAC,NONE,O,,FUZZY_REVIEW,92.3076923076923,FC PAC,92.3076923076923
TMO,2020,GW PAC,PAC - Qualified,Republican,3000.000000,GW PAC,C00558734,G PAC,NONE,N,,FUZZY_REVIEW,90.9090909090909,G PAC,90.9090909090909
LDOS,2020,GFC PAC,PAC - Nonqualified,Republican,4500.000000,GFC PAC,C00882555,FC PAC,NONE,O,,FUZZY_REVIEW,92.3076923076923,FC PAC,92.3076923076923
FITB,2024,CONSUMER BANKERS ASSOCIATION PAC,PAC - Qualified,Other,3000.000000,CONSUMER BANKERS ASSOCIATION PAC,C00493312,S CORPORATION ASSOCIATION PAC (S-CORP PAC),THE S CORPORATION ASSOCIATION OF AMERICA,Q,T,FUZZY_REVIEW,93.75,S ASSOCIATION PAC S PAC,93.75
BWXT,2022,AEG PAC,PAC - Qualified,Republican,5000.000000,AEG PAC,C00900886,AG PAC,,N,,FUZZY_REVIEW,92.3076923076923,AG PAC,92.3076923076923
HBAN,2026,CONSUMER BANKERS ASSOCIATION PAC,PAC - Qualified,Other,5000.000000,CONSUMER BANKERS ASSOCIATION PAC,C00493312,S CORPORATION ASSOCIATION PAC (S-CORP PAC),THE S CORPORATION ASSOCIATION OF AMERICA,Q,T,FUZZY_REVIEW,93.75,S ASSOCIATION PAC S PAC,93.75
REGN,2022,AEG PAC,PAC - Qualified,Republican,2500.000000,AEG PAC,C00900886,AG PAC,,N,,FUZZY_REVIEW,92.3076923076923,AG PAC,92.3076923076923
PNW,2022,"BILL PASCRELL, JR. PUBLIC SERVICE FUND",PAC - Nonqualified,Democrat,2500.000000,BILL PASCRELL JR PUBLIC SERVICE FUND,C00678391,PUBLIC SERVICE 44 FUND,,H,,FUZZY_REVIEW,92.6829268292683,PUBLIC SERVICE 44 FUND,92.6829268292683
MRK,2020,GROUNDWORK PROJECT PAC,Hybrid PAC (with Non-Contribution Account) - Qualified,Democrat,1000.000000,GROUNDWORK PROJECT PAC,C00785857,GROUNDWORK PROJECT AND NDRC FUND,,N,,FUZZY_REVIEW,90.0,GROUNDWORK PROJECT NDRC FUND,90.0
AEE,2020,GW PAC,PAC - Qualified,Republican,1500.000000,GW PAC,C00558734,G PAC,NONE,N,,FUZZY_REVIEW,90.9090909090909,G PAC,90.9090909090909
HAL,2020,AEG PAC,PAC - Qualified,Republican,2500.000000,AEG PAC,C00900886,AG PAC,,N,,FUZZY_REVIEW,92.3076923076923,AG PAC,92.3076923076923
COKE,2020,GW PAC,PAC - Qualified,Republican,1000.000000,GW PAC,C00558734,G PAC,NONE,N,,FUZZY_REVIEW,90.9090909090909,G PAC,90.9090909090909
F,2020,GW PAC,PAC - Qualified,Republican,1500.000000,GW PAC,C00558734,G PAC,NONE,N,,FUZZY_REVIEW,90.9090909090909,G PAC,90.9090909090909
EXC,2020,GW PAC,PAC - Qualified,Republican,2500.000000,GW PAC,C00558734,G PAC,NONE,N,,FUZZY_REVIEW,90.9090909090909,G PAC,90.9090909090909
CI,2024,NATIONAL ASSOCIATION OF BENEFITS AND INSURANCE PROFESSIONALS PAC (NABIP PAC),PAC - Qualified,Dark PAC,1000.000000,NATIONAL ASSOCIATION BENEFITS INSURANCE PROFESSIONALS PAC NABIP PAC,C00493312,S CORPORATION ASSOCIATION PAC (S-CORP PAC),THE S CORPORATION ASSOCIATION OF AMERICA,Q,T,FUZZY_REVIEW,93.75,S ASSOCIATION PAC S PAC,93.75
WMT,2020,"BILL PASCRELL, JR. PUBLIC SERVICE FUND",PAC - Nonqualified,Democrat,1000.000000,BILL PASCRELL JR PUBLIC SERVICE FUND,C00678391,PUBLIC SERVICE 44 FUND,,H,,FUZZY_REVIEW,92.6829268292683,PUBLIC SERVICE 44 FUND,92.6829268292683
NSC,2024,"BILL PASCRELL, JR. PUBLIC SERVICE FUND",PAC - Nonqualified,Democrat,2000.000000,BILL PASCRELL JR PUBLIC SERVICE FUND,C00678391,PUBLIC SERVICE 44 FUND,,H,,FUZZY_REVIEW,92.6829268292683,PUBLIC SERVICE 44 FUND,92.6829268292683
DAL,2020,GW PAC,PAC - Qualified,Republican,5000.000000,GW PAC,C00558734,G PAC,NONE,N,,FUZZY_REVIEW,90.9090909090909,G PAC,90.9090909090909
ABT,2020,GW PAC,PAC - Qualified,Republican,5000.000000,GW PAC,C00558734,G PAC,NONE,N,,FUZZY_REVIEW,90.9090909090909,G PAC,90.9090909090909
BSX,2020,GW PAC,PAC - Qualified,Republican,2000.000000,GW PAC,C00558734,G PAC,NONE,N,,FUZZY_REVIEW,90.9090909090909,G PAC,90.9090909090909
COF,2020,AEG PAC,PAC - Qualified,Republican,6000.000000,AEG PAC,C00900886,AG PAC,,N,,FUZZY_REVIEW,92.3076923076923,AG PAC,92.3076923076923
NWSA,2020,GW PAC,PAC - Qualified,Republican,2500.000000,GW PAC,C00558734,G PAC,NONE,N,,FUZZY_REVIEW,90.9090909090909,G PAC,90.9090909090909
PCG,2020,GW PAC,PAC - Qualified,Republican,4500.000000,GW PAC,C00558734,G PAC,NONE,N,,FUZZY_REVIEW,90.9090909090909,G PAC,90.9090909090909
NUE,2022,AEG PAC,PAC - Qualified,Republican,2000.000000,AEG PAC,C00900886,AG PAC,,N,,FUZZY_REVIEW,92.3076923076923,AG PAC,92.3076923076923
DUK,2020,GFC PAC,PAC - Nonqualified,Republican,1000.000000,GFC PAC,C00882555,FC PAC,NONE,O,,FUZZY_REVIEW,92.3076923076923,FC PAC,92.3076923076923
BK,2022,AEG PAC,PAC - Qualified,Republican,1000.000000,AEG PAC,C00900886,AG PAC,,N,,FUZZY_REVIEW,92.3076923076923,AG PAC,92.3076923076923
AMP,2022,AEG PAC,PAC - Qualified,Republican,2000.000000,AEG PAC,C00900886,AG PAC,,N,,FUZZY_REVIEW,92.3076923076923,AG PAC,92.3076923076923
LHX,2024,"BILL PASCRELL, JR. PUBLIC SERVICE FUND",PAC - Nonqualified,Democrat,10000.000000,BILL PASCRELL JR PUBLIC SERVICE FUND,C00678391,PUBLIC SERVICE 44 FUND,,H,,FUZZY_REVIEW,92.6829268292683,PUBLIC SERVICE 44 FUND,92.6829268292683
VRTX,2020,GW PAC,PAC - Qualified,Republican,2000.000000,GW PAC,C00558734,G PAC,NONE,N,,FUZZY_REVIEW,90.9090909090909,G PAC,90.9090909090909
LOW,2020,GW PAC,PAC - Qualified,Republican,3500.000000,GW PAC,C00558734,G PAC,NONE,N,,FUZZY_REVIEW,90.9090909090909,G PAC,90.9090909090909
AMP,2020,GFC PAC,PAC - Nonqualified,Republican,1500.000000,GFC PAC,C00882555,FC PAC,NONE,O,,FUZZY_REVIEW,92.3076923076923,FC PAC,92.3076923076923
USB,2026,CONSUMER BANKERS ASSOCIATION PAC,PAC - Qualified,Other,5000.000000,CONSUMER BANKERS ASSOCIATION PAC,C00493312,S CORPORATION ASSOCIATION PAC (S-CORP PAC),THE S CORPORATION ASSOCIATION OF AMERICA,Q,T,FUZZY_REVIEW,93.75,S ASSOCIATION PAC S PAC,93.75
BLMN,2020,AEG PAC,PAC - Qualified,Republican,2500.000000,AEG PAC,C00900886,AG PAC,,N,,FUZZY_REVIEW,92.3076923076923,AG PAC,92.3076923076923
LDOS,2020,GW PAC,PAC - Qualified,Republican,3000.000000,GW PAC,C00558734,G PAC,NONE,N,,FUZZY_REVIEW,90.9090909090909,G PAC,90.9090909090909
BK,2020,GROUNDWORK PROJECT PAC,Hybrid PAC (with Non-Contribution Account) - Qualified,Democrat,2500.000000,GROUNDWORK PROJECT PAC,C00785857,GROUNDWORK PROJECT AND NDRC FUND,,N,,FUZZY_REVIEW,90.0,GROUNDWORK PROJECT NDRC FUND,90.0
CVX,2020,GW PAC,PAC - Qualified,Republican,2500.000000,GW PAC,C00558734,G PAC,NONE,N,,FUZZY_REVIEW,90.9090909090909,G PAC,90.9090909090909
RTX,2020,AEG PAC,PAC - Qualified,Republican,1000.000000,AEG PAC,C00900886,AG PAC,,N,,FUZZY_REVIEW,92.3076923076923,AG PAC,92.3076923076923
PNC,2020,GW PAC,PAC - Qualified,Republican,1000.000000,GW PAC,C00558734,G PAC,NONE,N,,FUZZY_REVIEW,90.9090909090909,G PAC,90.9090909090909
LLY,2022,"BILL PASCRELL, JR. PUBLIC SERVICE FUND",PAC - Nonqualified,Democrat,1000.000000,BILL PASCRELL JR PUBLIC SERVICE FUND,C00678391,PUBLIC SERVICE 44 FUND,,H,,FUZZY_REVIEW,92.6829268292683,PUBLIC SERVICE 44 FUND,92.6829268292683
AMZN,2020,COHN FOR CONGRESS 2022,House,Democrat,1000.000000,COHN CONGRESS 2022,C00718650,COHN FOR CONGRESS 2020,HOUSE VICTORY PROJECT 2020,H,,FUZZY_REVIEW,94.44444444444444,COHN CONGRESS 2020,94.44444444444444
GOOGL,2022,COHN FOR CONGRESS 2022,House,Democrat,1000.000000,COHN CONGRESS 2022,C00718650,COHN FOR CONGRESS 2020,HOUSE VICTORY PROJECT 2020,H,,FUZZY_REVIEW,94.44444444444444,COHN CONGRESS 2020,94.44444444444444
CME,2020,GFC PAC,PAC - Nonqualified,Republican,2500.000000,GFC PAC,C00882555,FC PAC,NONE,O,,FUZZY_REVIEW,92.3076923076923,FC PAC,92.3076923076923
T,2020,AEG PAC,PAC - Qualified,Republican,8000.000000,AEG PAC,C00900886,AG PAC,,N,,FUZZY_REVIEW,92.3076923076923,AG PAC,92.3076923076923
CLF,2020,AEG PAC,PAC - Qualified,Republican,4500.000000,AEG PAC,C00900886,AG PAC,,N,,FUZZY_REVIEW,92.3076923076923,AG PAC,92.3076923076923
EIX,2020,GW PAC,PAC - Qualified,Republican,4000.000000,GW PAC,C00558734,G PAC,NONE,N,,FUZZY_REVIEW,90.9090909090909,G PAC,90.9090909090909
GS,2020,GFC PAC,PAC - Nonqualified,Republican,5000.000000,GFC PAC,C00882555,FC PAC,NONE,O,,FUZZY_REVIEW,92.3076923076923,FC PAC,92.3076923076923
BAC,2020,AEG PAC,PAC - Qualified,Republican,9500.000000,AEG PAC,C00900886,AG PAC,,N,,FUZZY_REVIEW,92.3076923076923,AG PAC,92.3076923076923
WHR,2020,AEG PAC,PAC - Qualified,Republican,3000.000000,AEG PAC,C00900886,AG PAC,,N,,FUZZY_REVIEW,92.3076923076923,AG PAC,92.3076923076923
KEY,2020,AEG PAC,PAC - Qualified,Republican,10000.000000,AEG PAC,C00900886,AG PAC,,N,,FUZZY_REVIEW,92.3076923076923,AG PAC,92.3076923076923
GD,2020,GROUNDWORK PROJECT PAC,Hybrid PAC (with Non-Contribution Account) - Qualified,Democrat,2500.000000,GROUNDWORK PROJECT PAC,C00785857,GROUNDWORK PROJECT AND NDRC FUND,,N,,FUZZY_REVIEW,90.0,GROUNDWORK PROJECT NDRC FUND,90.0
CZR,2020,"BILL PASCRELL, JR. PUBLIC SERVICE FUND",PAC - Nonqualified,Democrat,5800.000000,BILL PASCRELL JR PUBLIC SERVICE FUND,C00678391,PUBLIC SERVICE 44 FUND,,H,,FUZZY_REVIEW,92.6829268292683,PUBLIC SERVICE 44 FUND,92.6829268292683
HD,2020,"BILL PASCRELL, JR. PUBLIC SERVICE FUND",PAC - Nonqualified,Democrat,5000.000000,BILL PASCRELL JR PUBLIC SERVICE FUND,C00678391,PUBLIC SERVICE 44 FUND,,H,,FUZZY_REVIEW,92.6829268292683,PUBLIC SERVICE 44 FUND,92.6829268292683
HUM,2020,GW PAC,PAC - Qualified,Republican,4500.000000,GW PAC,C00558734,G PAC,NONE,N,,FUZZY_REVIEW,90.9090909090909,G PAC,90.9090909090909
FITB,2020,AEG PAC,PAC - Qualified,Republican,9500.000000,AEG PAC,C00900886,AG PAC,,N,,FUZZY_REVIEW,92.3076923076923,AG PAC,92.3076923076923
UPS,2020,"BILL PASCRELL, JR. PUBLIC SERVICE FUND",PAC - Nonqualified,Democrat,7500.000000,BILL PASCRELL JR PUBLIC SERVICE FUND,C00678391,PUBLIC SERVICE 44 FUND,,H,,FUZZY_REVIEW,92.6829268292683,PUBLIC SERVICE 44 FUND,92.6829268292683
CME,2020,AEG PAC,PAC - Qualified,Republican,3000.000000,AEG PAC,C00900886,AG PAC,,N,,FUZZY_REVIEW,92.3076923076923,AG PAC,92.3076923076923
MS,2020,AEG PAC,PAC - Qualified,Republican,7000.000000,AEG PAC,C00900886,AG PAC,,N,,FUZZY_REVIEW,92.3076923076923,AG PAC,92.3076923076923
VZ,2022,AEG PAC,PAC - Qualified,Republican,4000.000000,AEG PAC,C00900886,AG PAC,,N,,FUZZY_REVIEW,92.3076923076923,AG PAC,92.3076923076923
JNJ,2022,"BILL PASCRELL, JR. PUBLIC SERVICE FUND",PAC - Nonqualified,Democrat,2000.000000,BILL PASCRELL JR PUBLIC SERVICE FUND,C00678391,PUBLIC SERVICE 44 FUND,,H,,FUZZY_REVIEW,92.6829268292683,PUBLIC SERVICE 44 FUND,92.6829268292683
VLO,2020,LIQUID ENERGY PIPELINE ASSOCIATION PAC,PAC - Qualified,Dark PAC,10000.000000,LIQUID ENERGY PIPELINE ASSOCIATION PAC,C00493312,S CORPORATION ASSOCIATION PAC (S-CORP PAC),THE S CORPORATION ASSOCIATION OF AMERICA,Q,T,FUZZY_REVIEW,93.75,S ASSOCIATION PAC S PAC,93.75
PRU,2024,"BILL PASCRELL, JR. PUBLIC SERVICE FUND",PAC - Nonqualified,Democrat,10000.000000,BILL PASCRELL JR PUBLIC SERVICE FUND,C00678391,PUBLIC SERVICE 44 FUND,,H,,FUZZY_REVIEW,92.6829268292683,PUBLIC SERVICE 44 FUND,92.6829268292683
TRGP,2024,LIQUID ENERGY PIPELINE ASSOCIATION PAC,PAC - Qualified,Dark PAC,10000.000000,LIQUID ENERGY PIPELINE ASSOCIATION PAC,C00493312,S CORPORATION ASSOCIATION PAC (S-CORP PAC),THE S CORPORATION ASSOCIATION OF AMERICA,Q,T,FUZZY_REVIEW,93.75,S ASSOCIATION PAC S PAC,93.75
MRK,2024,"BILL PASCRELL, JR. PUBLIC SERVICE FUND",PAC - Nonqualified,Democrat,3000.000000,BILL PASCRELL JR PUBLIC SERVICE FUND,C00678391,PUBLIC SERVICE 44 FUND,,H,,FUZZY_REVIEW,92.6829268292683,PUBLIC SERVICE 44 FUND,92.6829268292683
BAC,2024,CONSUMER BANKERS ASSOCIATION PAC,PAC - Qualified,Other,10000.000000,CONSUMER BANKERS ASSOCIATION PAC,C00493312,S CORPORATION ASSOCIATION PAC (S-CORP PAC),THE S CORPORATION ASSOCIATION OF AMERICA,Q,T,FUZZY_REVIEW,93.75,S ASSOCIATION PAC S PAC,93.75
AFL,2024,"BILL PASCRELL, JR. PUBLIC SERVICE FUND",PAC - Nonqualified,Democrat,4000.000000,BILL PASCRELL JR PUBLIC SERVICE FUND,C00678391,PUBLIC SERVICE 44 FUND,,H,,FUZZY_REVIEW,92.6829268292683,PUBLIC SERVICE 44 FUND,92.6829268292683
MMC,2022,AEG PAC,PAC - Qualified,Republican,3000.000000,AEG PAC,C00900886,AG PAC,,N,,FUZZY_REVIEW,92.3076923076923,AG PAC,92.3076923076923
GE,2020,GROUNDWORK PROJECT PAC,Hybrid PAC (with Non-Contribution Account) - Qualified,Democrat,2000.000000,GROUNDWORK PROJECT PAC,C00785857,GROUNDWORK PROJECT AND NDRC FUND,,N,,FUZZY_REVIEW,90.0,GROUNDWORK PROJECT NDRC FUND,90.0
NI,2020,GW PAC,PAC - Qualified,Republican,4000.000000,GW PAC,C00558734,G PAC,NONE,N,,FUZZY_REVIEW,90.9090909090909,G PAC,90.9090909090909
DGX,2024,"BILL PASCRELL, JR. PUBLIC SERVICE FUND",PAC - Nonqualified,Democrat,10000.000000,BILL PASCRELL JR PUBLIC SERVICE FUND,C00678391,PUBLIC SERVICE 44 FUND,,H,,FUZZY_REVIEW,92.6829268292683,PUBLIC SERVICE 44 FUND,92.6829268292683
C,2024,CONSUMER BANKERS ASSOCIATION PAC,PAC - Qualified,Other,5000.000000,CONSUMER BANKERS ASSOCIATION PAC,C00493312,S CORPORATION ASSOCIATION PAC (S-CORP PAC),THE S CORPORATION ASSOCIATION OF AMERICA,Q,T,FUZZY_REVIEW,93.75,S ASSOCIATION PAC S PAC,93.75
CZR,2022,"BILL PASCRELL, JR. PUBLIC SERVICE FUND",PAC - Nonqualified,Democrat,5000.000000,BILL PASCRELL JR PUBLIC SERVICE FUND,C00678391,PUBLIC SERVICE 44 FUND,,H,,FUZZY_REVIEW,92.6829268292683,PUBLIC SERVICE 44 FUND,92.6829268292683
BDX,2022,"BILL PASCRELL, JR. PUBLIC SERVICE FUND",PAC - Nonqualified,Democrat,1000.000000,BILL PASCRELL JR PUBLIC SERVICE FUND,C00678391,PUBLIC SERVICE 44 FUND,,H,,FUZZY_REVIEW,92.6829268292683,PUBLIC SERVICE 44 FUND,92.6829268292683
MRK,2022,"BILL PASCRELL, JR. PUBLIC SERVICE FUND",PAC - Nonqualified,Democrat,1000.000000,BILL PASCRELL JR PUBLIC SERVICE FUND,C00678391,PUBLIC SERVICE 44 FUND,,H,,FUZZY_REVIEW,92.6829268292683,PUBLIC SERVICE 44 FUND,92.6829268292683
QCOM,2020,GW PAC,PAC - Qualified,Republican,2500.000000,GW PAC,C00558734,G PAC,NONE,N,,FUZZY_REVIEW,90.9090909090909,G PAC,90.9090909090909
UAL,2022,AEG PAC,PAC - Qualified,Republican,1000.000000,AEG PAC,C00900886,AG PAC,,N,,FUZZY_REVIEW,92.3076923076923,AG PAC,92.3076923076923
DVA,2020,GW PAC,PAC - Qualified,Republican,2000.000000,GW PAC,C00558734,G PAC,NONE,N,,FUZZY_REVIEW,90.9090909090909,G PAC,90.9090909090909
EMN,2020,GW PAC,PAC - Qualified,Republican,2500.000000,GW PAC,C00558734,G PAC,NONE,N,,FUZZY_REVIEW,90.9090909090909,G PAC,90.9090909090909
CHTR,2020,GW PAC,PAC - Qualified,Republican,5000.000000,GW PAC,C00558734,G PAC,NONE,N,,FUZZY_REVIEW,90.9090909090909,G PAC,90.9090909090909
GOOGL,2022,SD PAC,Hybrid PAC (with Non-Contribution Account) - Qualified,Democrat,1000.000000,SD PAC,C00663286,MSD PAC,,N,,FUZZY_REVIEW,92.3076923076923,MSD PAC,92.3076923076923
PFE,2020,"BILL PASCRELL, JR. PUBLIC SERVICE FUND",PAC - Nonqualified,Democrat,1000.000000,BILL PASCRELL JR PUBLIC SERVICE FUND,C00678391,PUBLIC SERVICE 44 FUND,,H,,FUZZY_REVIEW,92.6829268292683,PUBLIC SERVICE 44 FUND,92.6829268292683
LOW,2020,"BILL PASCRELL, JR. PUBLIC SERVICE FUND",PAC - Nonqualified,Democrat,5000.000000,BILL PASCRELL JR PUBLIC SERVICE FUND,C00678391,PUBLIC SERVICE 44 FUND,,H,,FUZZY_REVIEW,92.6829268292683,PUBLIC SERVICE 44 FUND,92.6829268292683
VMC,2020,GFC PAC,PAC - Nonqualified,Republican,1000.000000,GFC PAC,C00882555,FC PAC,NONE,O,,FUZZY_REVIEW,92.3076923076923,FC PAC,92.3076923076923
PFG,2020,"BILL PASCRELL, JR. PUBLIC SERVICE FUND",PAC - Nonqualified,Democrat,2000.000000,BILL PASCRELL JR PUBLIC SERVICE FUND,C00678391,PUBLIC SERVICE 44 FUND,,H,,FUZZY_REVIEW,92.6829268292683,PUBLIC SERVICE 44 FUND,92.6829268292683
FDX,2024,"BILL PASCRELL, JR. PUBLIC SERVICE FUND",PAC - Nonqualified,Democrat,2500.000000,BILL PASCRELL JR PUBLIC SERVICE FUND,C00678391,PUBLIC SERVICE 44 FUND,,H,,FUZZY_REVIEW,92.6829268292683,PUBLIC SERVICE 44 FUND,92.6829268292683
BA,2020,GW PAC,PAC - Qualified,Republican,1000.000000,GW PAC,C00558734,G PAC,NONE,N,,FUZZY_REVIEW,90.9090909090909,G PAC,90.9090909090909
ELV,2022,"BILL PASCRELL, JR. PUBLIC SERVICE FUND",PAC - Nonqualified,Democrat,1000.000000,BILL PASCRELL JR PUBLIC SERVICE FUND,C00678391,PUBLIC SERVICE 44 FUND,,H,,FUZZY_REVIEW,92.6829268292683,PUBLIC SERVICE 44 FUND,92.6829268292683
IVZ,2022,AEG PAC,PAC - Qualified,Republican,1000.000000,AEG PAC,C00900886,AG PAC,,N,,FUZZY_REVIEW,92.3076923076923,AG PAC,92.3076923076923
D,2022,AEG PAC,PAC - Qualified,Republican,1000.000000,AEG PAC,C00900886,AG PAC,,N,,FUZZY_REVIEW,92.3076923076923,AG PAC,92.3076923076923
EXC,2022,AEG PAC,PAC - Qualified,Republican,2800.000000,AEG PAC,C00900886,AG PAC,,N,,FUZZY_REVIEW,92.3076923076923,AG PAC,92.3076923076923
TRV,2020,AEG PAC,PAC - Qualified,Republican,1000.000000,AEG PAC,C00900886,AG PAC,,N,,FUZZY_REVIEW,92.3076923076923,AG PAC,92.3076923076923
PPG,2020,AEG PAC,PAC - Qualified,Republican,1500.000000,AEG PAC,C00900886,AG PAC,,N,,FUZZY_REVIEW,92.3076923076923,AG PAC,92.3076923076923
GOOGL,2020,"BILL PASCRELL, JR. PUBLIC SERVICE FUND",PAC - Nonqualified,Democrat,3500.000000,BILL PASCRELL JR PUBLIC SERVICE FUND,C00678391,PUBLIC SERVICE 44 FUND,,H,,FUZZY_REVIEW,92.6829268292683,PUBLIC SERVICE 44 FUND,92.6829268292683
ECL,2020,GW PAC,PAC - Qualified,Republican,2500.000000,GW PAC,C00558734,G PAC,NONE,N,,FUZZY_REVIEW,90.9090909090909,G PAC,90.9090909090909
GE,2022,AEG PAC,PAC - Qualified,Republican,1000.000000,AEG PAC,C00900886,AG PAC,,N,,FUZZY_REVIEW,92.3076923076923,AG PAC,92.3076923076923
META,2020,GW PAC,PAC - Qualified,Republican,2500.000000,GW PAC,C00558734,G PAC,NONE,N,,FUZZY_REVIEW,90.9090909090909,G PAC,90.9090909090909
MAR,2020,GW PAC,PAC - Qualified,Republican,2500.000000,GW PAC,C00558734,G PAC,NONE,N,,FUZZY_REVIEW,90.9090909090909,G PAC,90.9090909090909
PNC,2020,AEG PAC,PAC - Qualified,Republican,2500.000000,AEG PAC,C00900886,AG PAC,,N,,FUZZY_REVIEW,92.3076923076923,AG PAC,92.3076923076923
COF,2026,CONSUMER BANKERS ASSOCIATION PAC,PAC - Qualified,Other,5000.000000,CONSUMER BANKERS ASSOCIATION PAC,C00493312,S CORPORATION ASSOCIATION PAC (S-CORP PAC),THE S CORPORATION ASSOCIATION OF AMERICA,Q,T,FUZZY_REVIEW,93.75,S ASSOCIATION PAC S PAC,93.75
APO,2024,"BILL PASCRELL, JR. PUBLIC SERVICE FUND",PAC - Nonqualified,Democrat,2500.000000,BILL PASCRELL JR PUBLIC SERVICE FUND,C00678391,PUBLIC SERVICE 44 FUND,,H,,FUZZY_REVIEW,92.6829268292683,PUBLIC SERVICE 44 FUND,92.6829268292683
CME,2022,AEG PAC,PAC - Qualified,Republican,3000.000000,AEG PAC,C00900886,AG PAC,,N,,FUZZY_REVIEW,92.3076923076923,AG PAC,92.3076923076923
C,2022,CONSUMER BANKERS ASSOCIATION PAC,PAC - Qualified,Other,2500.000000,CONSUMER BANKERS ASSOCIATION PAC,C00493312,S CORPORATION ASSOCIATION PAC (S-CORP PAC),THE S CORPORATION ASSOCIATION OF AMERICA,Q,T,FUZZY_REVIEW,93.75,S ASSOCIATION PAC S PAC,93.75
SPGI,2020,AEG PAC,PAC - Qualified,Republican,1000.000000,AEG PAC,C00900886,AG PAC,,N,,FUZZY_REVIEW,92.3076923076923,AG PAC,92.3076923076923
PFE,2024,"BILL PASCRELL, JR. PUBLIC SERVICE FUND",PAC - Nonqualified,Democrat,1000.000000,BILL PASCRELL JR PUBLIC SERVICE FUND,C00678391,PUBLIC SERVICE 44 FUND,,H,,FUZZY_REVIEW,92.6829268292683,PUBLIC SERVICE 44 FUND,92.6829268292683
DIS,2020,GFC PAC,PAC - Nonqualified,Republican,1000.000000,GFC PAC,C00882555,FC PAC,NONE,O,,FUZZY_REVIEW,92.3076923076923,FC PAC,92.3076923076923
CSCO,2020,GW PAC,PAC - Qualified,Republican,1000.000000,GW PAC,C00558734,G PAC,NONE,N,,FUZZY_REVIEW,90.9090909090909,G PAC,90.9090909090909
SO,2020,GFC PAC,PAC - Nonqualified,Republican,1000.000000,GFC PAC,C00882555,FC PAC,NONE,O,,FUZZY_REVIEW,92.3076923076923,FC PAC,92.3076923076923
CBRE,2024,THE GARVEY LEADERSHIP PAC,PAC - Nonqualified,Republican,1532.000000,GARVEY LEADERSHIP PAC,C00767616,NH LEADERSHIP PAC,NONE,N,,FUZZY_REVIEW,90.3225806451613,NH LEADERSHIP PAC,90.3225806451613
JPM,2026,CONSUMER BANKERS ASSOCIATION PAC,PAC - Qualified,Other,5000.000000,CONSUMER BANKERS ASSOCIATION PAC,C00493312,S CORPORATION ASSOCIATION PAC (S-CORP PAC),THE S CORPORATION ASSOCIATION OF AMERICA,Q,T,FUZZY_REVIEW,93.75,S ASSOCIATION PAC S PAC,93.75
FDX,2022,"BILL PASCRELL, JR. PUBLIC SERVICE FUND",PAC - Nonqualified,Democrat,2500.000000,BILL PASCRELL JR PUBLIC SERVICE FUND,C00678391,PUBLIC SERVICE 44 FUND,,H,,FUZZY_REVIEW,92.6829268292683,PUBLIC SERVICE 44 FUND,92.6829268292683
VLO,2022,AEG PAC,PAC - Qualified,Republican,2500.000000,AEG PAC,C00900886,AG PAC,,N,,FUZZY_REVIEW,92.3076923076923,AG PAC,92.3076923076923
SPGI,2022,AEG PAC,PAC - Qualified,Republican,1000.000000,AEG PAC,C00900886,AG PAC,,N,,FUZZY_REVIEW,92.3076923076923,AG PAC,92.3076923076923
VOYA,2020,AEG PAC,PAC - Qualified,Republican,1000.000000,AEG PAC,C00900886,AG PAC,,N,,FUZZY_REVIEW,92.3076923076923,AG PAC,92.3076923076923
BX,2020,AEG PAC,PAC - Qualified,Republican,22600.000000,AEG PAC,C00900886,AG PAC,,N,,FUZZY_REVIEW,92.3076923076923,AG PAC,92.3076923076923
VZ,2020,"BILL PASCRELL, JR. PUBLIC SERVICE FUND",PAC - Nonqualified,Democrat,3000.000000,BILL PASCRELL JR PUBLIC SERVICE FUND,C00678391,PUBLIC SERVICE 44 FUND,,H,,FUZZY_REVIEW,92.6829268292683,PUBLIC SERVICE 44 FUND,92.6829268292683
RF,2020,GFC PAC,PAC - Nonqualified,Republican,5000.000000,GFC PAC,C00882555,FC PAC,NONE,O,,FUZZY_REVIEW,92.3076923076923,FC PAC,92.3076923076923
CHTR,2020,AEG PAC,PAC - Qualified,Republican,7500.000000,AEG PAC,C00900886,AG PAC,,N,,FUZZY_REVIEW,92.3076923076923,AG PAC,92.3076923076923
IVZ,2020,AEG PAC,PAC - Qualified,Republican,4000.000000,AEG PAC,C00900886,AG PAC,,N,,FUZZY_REVIEW,92.3076923076923,AG PAC,92.3076923076923
NKE,2020,GW PAC,PAC - Qualified,Republican,4000.000000,GW PAC,C00558734,G PAC,NONE,N,,FUZZY_REVIEW,90.9090909090909,G PAC,90.9090909090909
D,2020,AEG PAC,PAC - Qualified,Republican,3500.000000,AEG PAC,C00900886,AG PAC,,N,,FUZZY_REVIEW,92.3076923076923,AG PAC,92.3076923076923
AXP,2020,GW PAC,PAC - Qualified,Republican,2500.000000,GW PAC,C00558734,G PAC,NONE,N,,FUZZY_REVIEW,90.9090909090909,G PAC,90.9090909090909
MPC,2020,AEG PAC,PAC - Qualified,Republican,9500.000000,AEG PAC,C00900886,AG PAC,,N,,FUZZY_REVIEW,92.3076923076923,AG PAC,92.3076923076923
PSX,2022,LIQUID ENERGY PIPELINE ASSOCIATION PAC,PAC - Qualified,Dark PAC,10000.000000,LIQUID ENERGY PIPELINE ASSOCIATION PAC,C00493312,S CORPORATION ASSOCIATION PAC (S-CORP PAC),THE S CORPORATION ASSOCIATION OF AMERICA,Q,T,FUZZY_REVIEW,93.75,S ASSOCIATION PAC S PAC,93.75
LH,2022,"BILL PASCRELL, JR. PUBLIC SERVICE FUND",PAC - Nonqualified,Democrat,10000.000000,BILL PASCRELL JR PUBLIC SERVICE FUND,C00678391,PUBLIC SERVICE 44 FUND,,H,,FUZZY_REVIEW,92.6829268292683,PUBLIC SERVICE 44 FUND,92.6829268292683
UAL,2022,"BILL PASCRELL, JR. PUBLIC SERVICE FUND",PAC - Nonqualified,Democrat,5500.000000,BILL PASCRELL JR PUBLIC SERVICE FUND,C00678391,PUBLIC SERVICE 44 FUND,,H,,FUZZY_REVIEW,92.6829268292683,PUBLIC SERVICE 44 FUND,92.6829268292683
PRU,2020,"BILL PASCRELL, JR. PUBLIC SERVICE FUND",PAC - Nonqualified,Democrat,10000.000000,BILL PASCRELL JR PUBLIC SERVICE FUND,C00678391,PUBLIC SERVICE 44 FUND,,H,,FUZZY_REVIEW,92.6829268292683,PUBLIC SERVICE 44 FUND,92.6829268292683
JPM,2020,CONSUMER BANKERS ASSOCIATION PAC,PAC - Qualified,Other,5000.000000,CONSUMER BANKERS ASSOCIATION PAC,C00493312,S CORPORATION ASSOCIATION PAC (S-CORP PAC),THE S CORPORATION ASSOCIATION OF AMERICA,Q,T,FUZZY_REVIEW,93.75,S ASSOCIATION PAC S PAC,93.75
GOOGL,2024,"BILL PASCRELL, JR. PUBLIC SERVICE FUND",PAC - Nonqualified,Democrat,3500.000000,BILL PASCRELL JR PUBLIC SERVICE FUND,C00678391,PUBLIC SERVICE 44 FUND,,H,,FUZZY_REVIEW,92.6829268292683,PUBLIC SERVICE 44 FUND,92.6829268292683
CMA,2024,CONSUMER BANKERS ASSOCIATION PAC,PAC - Qualified,Other,10000.000000,CONSUMER BANKERS ASSOCIATION PAC,C00493312,S CORPORATION ASSOCIATION PAC (S-CORP PAC),THE S CORPORATION ASSOCIATION OF AMERICA,Q,T,FUZZY_REVIEW,93.75,S ASSOCIATION PAC S PAC,93.75
TFC,2020,CONSUMER BANKERS ASSOCIATION PAC,PAC - Qualified,Other,10000.000000,CONSUMER BANKERS ASSOCIATION PAC,C00493312,S CORPORATION ASSOCIATION PAC (S-CORP PAC),THE S CORPORATION ASSOCIATION OF AMERICA,Q,T,FUZZY_REVIEW,93.75,S ASSOCIATION PAC S PAC,93.75
MS,2022,AEG PAC,PAC - Qualified,Republican,4000.000000,AEG PAC,C00900886,AG PAC,,N,,FUZZY_REVIEW,92.3076923076923,AG PAC,92.3076923076923
TMUS,2020,AEG PAC,PAC - Qualified,Republican,3000.000000,AEG PAC,C00900886,AG PAC,,N,,FUZZY_REVIEW,92.3076923076923,AG PAC,92.3076923076923
TGT,2020,GW PAC,PAC - Qualified,Republican,2500.000000,GW PAC,C00558734,G PAC,NONE,N,,FUZZY_REVIEW,90.9090909090909,G PAC,90.9090909090909
COF,2020,GFC PAC,PAC - Nonqualified,Republican,10000.000000,GFC PAC,C00882555,FC PAC,NONE,O,,FUZZY_REVIEW,92.3076923076923,FC PAC,92.3076923076923
ETR,2020,GW PAC,PAC - Qualified,Republican,2500.000000,GW PAC,C00558734,G PAC,NONE,N,,FUZZY_REVIEW,90.9090909090909,G PAC,90.9090909090909
NVDA,2024,THE GARVEY LEADERSHIP PAC,PAC - Nonqualified,Republican,6600.000000,GARVEY LEADERSHIP PAC,C00767616,NH LEADERSHIP PAC,NONE,N,,FUZZY_REVIEW,90.3225806451613,NH LEADERSHIP PAC,90.3225806451613
GD,2024,"BILL PASCRELL, JR. PUBLIC SERVICE FUND",PAC - Nonqualified,Democrat,2000.000000,BILL PASCRELL JR PUBLIC SERVICE FUND,C00678391,PUBLIC SERVICE 44 FUND,,H,,FUZZY_REVIEW,92.6829268292683,PUBLIC SERVICE 44 FUND,92.6829268292683
LLY,2024,"BILL PASCRELL, JR. PUBLIC SERVICE FUND",PAC - Nonqualified,Democrat,1500.000000,BILL PASCRELL JR PUBLIC SERVICE FUND,C00678391,PUBLIC SERVICE 44 FUND,,H,,FUZZY_REVIEW,92.6829268292683,PUBLIC SERVICE 44 FUND,92.6829268292683
TDG,2022,AEG PAC,PAC - Qualified,Republican,2900.000000,AEG PAC,C00900886,AG PAC,,N,,FUZZY_REVIEW,92.3076923076923,AG PAC,92.3076923076923
MSFT,2020,GFC PAC,PAC - Nonqualified,Republican,2000.000000,GFC PAC,C00882555,FC PAC,NONE,O,,FUZZY_REVIEW,92.3076923076923,FC PAC,92.3076923076923
CBOE,2022,"BILL PASCRELL, JR. PUBLIC SERVICE FUND",PAC - Nonqualified,Democrat,2500.000000,BILL PASCRELL JR PUBLIC SERVICE FUND,C00678391,PUBLIC SERVICE 44 FUND,,H,,FUZZY_REVIEW,92.6829268292683,PUBLIC SERVICE 44 FUND,92.6829268292683
RTX,2020,GFC PAC,PAC - Nonqualified,Republican,1000.000000,GFC PAC,C00882555,FC PAC,NONE,O,,FUZZY_REVIEW,92.3076923076923,FC PAC,92.3076923076923
GD,2020,GW PAC,PAC - Qualified,Republican,1000.000000,GW PAC,C00558734,G PAC,NONE,N,,FUZZY_REVIEW,90.9090909090909,G PAC,90.9090909090909
DE,2020,GW PAC,PAC - Qualified,Republican,5000.000000,GW PAC,C00558734,G PAC,NONE,N,,FUZZY_REVIEW,90.9090909090909,G PAC,90.9090909090909
MPC,2020,GFC PAC,PAC - Nonqualified,Republican,2500.000000,GFC PAC,C00882555,FC PAC,NONE,O,,FUZZY_REVIEW,92.3076923076923,FC PAC,92.3076923076923
ADM,2020,"BILL PASCRELL, JR. PUBLIC SERVICE FUND",PAC - Nonqualified,Democrat,2500.000000,BILL PASCRELL JR PUBLIC SERVICE FUND,C00678391,PUBLIC SERVICE 44 FUND,,H,,FUZZY_REVIEW,92.6829268292683,PUBLIC SERVICE 44 FUND,92.6829268292683
CFG,2020,CONSUMER BANKERS ASSOCIATION PAC,PAC - Qualified,Other,15000.000000,CONSUMER BANKERS ASSOCIATION PAC,C00493312,S CORPORATION ASSOCIATION PAC (S-CORP PAC),THE S CORPORATION ASSOCIATION OF AMERICA,Q,T,FUZZY_REVIEW,93.75,S ASSOCIATION PAC S PAC,93.75
GOOGL,2020,GFC PAC,PAC - Nonqualified,Republican,4000.000000,GFC PAC,C00882555,FC PAC,NONE,O,,FUZZY_REVIEW,92.3076923076923,FC PAC,92.3076923076923
CI,2020,GW PAC,PAC - Qualified,Republican,3500.000000,GW PAC,C00558734,G PAC,NONE,N,,FUZZY_REVIEW,90.9090909090909,G PAC,90.9090909090909
ALK,2020,GW PAC,PAC - Qualified,Republican,1500.000000,GW PAC,C00558734,G PAC,NONE,N,,FUZZY_REVIEW,90.9090909090909,G PAC,90.9090909090909
EBAY,2020,"BILL PASCRELL, JR. PUBLIC SERVICE FUND",PAC - Nonqualified,Democrat,2500.000000,BILL PASCRELL JR PUBLIC SERVICE FUND,C00678391,PUBLIC SERVICE 44 FUND,,H,,FUZZY_REVIEW,92.6829268292683,PUBLIC SERVICE 44 FUND,92.6829268292683
MA,2020,"BILL PASCRELL, JR. PUBLIC SERVICE FUND",PAC - Nonqualified,Democrat,1000.000000,BILL PASCRELL JR PUBLIC SERVICE FUND,C00678391,PUBLIC SERVICE 44 FUND,,H,,FUZZY_REVIEW,92.6829268292683,PUBLIC SERVICE 44 FUND,92.6829268292683
RMD,2024,THE GARVEY LEADERSHIP PAC,PAC - Nonqualified,Republican,6500.000000,GARVEY LEADERSHIP PAC,C00767616,NH LEADERSHIP PAC,NONE,N,,FUZZY_REVIEW,90.3225806451613,NH LEADERSHIP PAC,90.3225806451613
CI,2024,"BILL PASCRELL, JR. PUBLIC SERVICE FUND",PAC - Nonqualified,Democrat,2500.000000,BILL PASCRELL JR PUBLIC SERVICE FUND,C00678391,PUBLIC SERVICE 44 FUND,,H,,FUZZY_REVIEW,92.6829268292683,PUBLIC SERVICE 44 FUND,92.6829268292683
LMT,2024,"BILL PASCRELL, JR. PUBLIC SERVICE FUND",PAC - Nonqualified,Democrat,1000.000000,BILL PASCRELL JR PUBLIC SERVICE FUND,C00678391,PUBLIC SERVICE 44 FUND,,H,,FUZZY_REVIEW,92.6829268292683,PUBLIC SERVICE 44 FUND,92.6829268292683
COKE,2020,GFC PAC,PAC - Nonqualified,Republican,7500.000000,GFC PAC,C00882555,FC PAC,NONE,O,,FUZZY_REVIEW,92.3076923076923,FC PAC,92.3076923076923
GM,2024,MR FOR OHIO STATE SENATE,PAC - Nonqualified,Dark PAC,3000.000000,MR OHIO STATE SENATE,C00890582,MICHAEL RULLI FOR OHIO STATE SENATE,NONE,N,,FUZZY_REVIEW,91.89189189189189,MICHAEL RULLI OHIO STATE SENATE,91.89189189189189
HON,2022,AEG PAC,PAC - Qualified,Republican,1000.000000,AEG PAC,C00900886,AG PAC,,N,,FUZZY_REVIEW,92.3076923076923,AG PAC,92.3076923076923
CVS,2020,GW PAC,PAC - Qualified,Republican,2500.000000,GW PAC,C00558734,G PAC,NONE,N,,FUZZY_REVIEW,90.9090909090909,G PAC,90.9090909090909
DOW,2022,AEG PAC,PAC - Qualified,Republican,1000.000000,AEG PAC,C00900886,AG PAC,,N,,FUZZY_REVIEW,92.3076923076923,AG PAC,92.3076923076923
PPG,2022,AEG PAC,PAC - Qualified,Republican,3000.000000,AEG PAC,C00900886,AG PAC,,N,,FUZZY_REVIEW,92.3076923076923,AG PAC,92.3076923076923
CSX,2020,AEG PAC,PAC - Qualified,Republican,1000.000000,AEG PAC,C00900886,AG PAC,,N,,FUZZY_REVIEW,92.3076923076923,AG PAC,92.3076923076923
AMZN,2022,AEG PAC,PAC - Qualified,Republican,2000.000000,AEG PAC,C00900886,AG PAC,,N,,FUZZY_REVIEW,92.3076923076923,AG PAC,92.3076923076923
BA,2022,AEG PAC,PAC - Qualified,Republican,1000.000000,AEG PAC,C00900886,AG PAC,,N,,FUZZY_REVIEW,92.3076923076923,AG PAC,92.3076923076923
LLY,2020,"BILL PASCRELL, JR. PUBLIC SERVICE FUND",PAC - Nonqualified,Democrat,2000.000000,BILL PASCRELL JR PUBLIC SERVICE FUND,C00678391,PUBLIC SERVICE 44 FUND,,H,,FUZZY_REVIEW,92.6829268292683,PUBLIC SERVICE 44 FUND,92.6829268292683
J,2020,"BILL PASCRELL, JR. PUBLIC SERVICE FUND",PAC - Nonqualified,Democrat,1000.000000,BILL PASCRELL JR PUBLIC SERVICE FUND,C00678391,PUBLIC SERVICE 44 FUND,,H,,FUZZY_REVIEW,92.6829268292683,PUBLIC SERVICE 44 FUND,92.6829268292683
DUK,2020,AEG PAC,PAC - Qualified,Republican,2000.000000,AEG PAC,C00900886,AG PAC,,N,,FUZZY_REVIEW,92.3076923076923,AG PAC,92.3076923076923
NDAQ,2022,AEG PAC,PAC - Qualified,Republican,1000.000000,AEG PAC,C00900886,AG PAC,,N,,FUZZY_REVIEW,92.3076923076923,AG PAC,92.3076923076923
HIG,2020,GW PAC,PAC - Qualified,Republican,1150.000000,GW PAC,C00558734,G PAC,NONE,N,,FUZZY_REVIEW,90.9090909090909,G PAC,90.9090909090909
CSX,2020,"BILL PASCRELL, JR. PUBLIC SERVICE FUND",PAC - Nonqualified,Democrat,2000.000000,BILL PASCRELL JR PUBLIC SERVICE FUND,C00678391,PUBLIC SERVICE 44 FUND,,H,,FUZZY_REVIEW,92.6829268292683,PUBLIC SERVICE 44 FUND,92.6829268292683
CFG,2022,CONSUMER BANKERS ASSOCIATION PAC,PAC - Qualified,Other,10000.000000,CONSUMER BANKERS ASSOCIATION PAC,C00493312,S CORPORATION ASSOCIATION PAC (S-CORP PAC),THE S CORPORATION ASSOCIATION OF AMERICA,Q,T,FUZZY_REVIEW,93.75,S ASSOCIATION PAC S PAC,93.75
META,2020,AEG PAC,PAC - Qualified,Republican,1000.000000,AEG PAC,C00900886,AG PAC,,N,,FUZZY_REVIEW,92.3076923076923,AG PAC,92.3076923076923
BDX,2020,GW PAC,PAC - Qualified,Republican,2000.000000,GW PAC,C00558734,G PAC,NONE,N,,FUZZY_REVIEW,90.9090909090909,G PAC,90.9090909090909
LLY,2020,GW PAC,PAC - Qualified,Republican,5000.000000,GW PAC,C00558734,G PAC,NONE,N,,FUZZY_REVIEW,90.9090909090909,G PAC,90.9090909090909
CEG,2022,"BILL PASCRELL, JR. PUBLIC SERVICE FUND",PAC - Nonqualified,Democrat,2500.000000,BILL PASCRELL JR PUBLIC SERVICE FUND,C00678391,PUBLIC SERVICE 44 FUND,,H,,FUZZY_REVIEW,92.6829268292683,PUBLIC SERVICE 44 FUND,92.6829268292683
ORCL,2024,THE GARVEY LEADERSHIP PAC,PAC - Nonqualified,Republican,1000.000000,GARVEY LEADERSHIP PAC,C00767616,NH LEADERSHIP PAC,NONE,N,,FUZZY_REVIEW,90.3225806451613,NH LEADERSHIP PAC,90.3225806451613
TFC,2024,CONSUMER BANKERS ASSOCIATION PAC,PAC - Qualified,Other,5000.000000,CONSUMER BANKERS ASSOCIATION PAC,C00493312,S CORPORATION ASSOCIATION PAC (S-CORP PAC),THE S CORPORATION ASSOCIATION OF AMERICA,Q,T,FUZZY_REVIEW,93.75,S ASSOCIATION PAC S PAC,93.75
ABBV,2020,GFC PAC,PAC - Nonqualified,Republican,1000.000000,GFC PAC,C00882555,FC PAC,NONE,O,,FUZZY_REVIEW,92.3076923076923,FC PAC,92.3076923076923
V,2022,AEG PAC,PAC - Qualified,Republican,2500.000000,AEG PAC,C00900886,AG PAC,,N,,FUZZY_REVIEW,92.3076923076923,AG PAC,92.3076923076923
KEY,2024,CONSUMER BANKERS ASSOCIATION PAC,PAC - Qualified,Other,2500.000000,CONSUMER BANKERS ASSOCIATION PAC,C00493312,S CORPORATION ASSOCIATION PAC (S-CORP PAC),THE S CORPORATION ASSOCIATION OF AMERICA,Q,T,FUZZY_REVIEW,93.75,S ASSOCIATION PAC S PAC,93.75
BLK,2022,AEG PAC,PAC - Qualified,Republican,2900.000000,AEG PAC,C00900886,AG PAC,,N,,FUZZY_REVIEW,92.3076923076923,AG PAC,92.3076923076923
AMZN,2020,"BILL PASCRELL, JR. PUBLIC SERVICE FUND",PAC - Nonqualified,Democrat,1000.000000,BILL PASCRELL JR PUBLIC SERVICE FUND,C00678391,PUBLIC SERVICE 44 FUND,,H,,FUZZY_REVIEW,92.6829268292683,PUBLIC SERVICE 44 FUND,92.6829268292683
CMA,2022,CONSUMER BANKERS ASSOCIATION PAC,PAC - Qualified,Other,10000.000000,CONSUMER BANKERS ASSOCIATION PAC,C00493312,S CORPORATION ASSOCIATION PAC (S-CORP PAC),THE S CORPORATION ASSOCIATION OF AMERICA,Q,T,FUZZY_REVIEW,93.75,S ASSOCIATION PAC S PAC,93.75
GNW,2022,COHN FOR CONGRESS 2022,House,Democrat,1000.000000,COHN CONGRESS 2022,C00718650,COHN FOR CONGRESS 2020,HOUSE VICTORY PROJECT 2020,H,,FUZZY_REVIEW,94.44444444444444,COHN CONGRESS 2020,94.44444444444444
TRGP,2022,LIQUID ENERGY PIPELINE ASSOCIATION PAC,PAC - Qualified,Dark PAC,5000.000000,LIQUID ENERGY PIPELINE ASSOCIATION PAC,C00493312,S CORPORATION ASSOCIATION PAC (S-CORP PAC),THE S CORPORATION ASSOCIATION OF AMERICA,Q,T,FUZZY_REVIEW,93.75,S ASSOCIATION PAC S PAC,93.75
FITB,2022,CONSUMER BANKERS ASSOCIATION PAC,PAC - Qualified,Other,3500.000000,CONSUMER BANKERS ASSOCIATION PAC,C00493312,S CORPORATION ASSOCIATION PAC (S-CORP PAC),THE S CORPORATION ASSOCIATION OF AMERICA,Q,T,FUZZY_REVIEW,93.75,S ASSOCIATION PAC S PAC,93.75
COF,2022,CONSUMER BANKERS ASSOCIATION PAC,PAC - Qualified,Other,17500.000000,CONSUMER BANKERS ASSOCIATION PAC,C00493312,S CORPORATION ASSOCIATION PAC (S-CORP PAC),THE S CORPORATION ASSOCIATION OF AMERICA,Q,T,FUZZY_REVIEW,93.75,S ASSOCIATION PAC S PAC,93.75
JCI,2022,"BILL PASCRELL, JR. PUBLIC SERVICE FUND",PAC - Nonqualified,Democrat,3000.000000,BILL PASCRELL JR PUBLIC SERVICE FUND,C00678391,PUBLIC SERVICE 44 FUND,,H,,FUZZY_REVIEW,92.6829268292683,PUBLIC SERVICE 44 FUND,92.6829268292683
CBOE,2020,"BILL PASCRELL, JR. PUBLIC SERVICE FUND",PAC - Nonqualified,Democrat,3500.000000,BILL PASCRELL JR PUBLIC SERVICE FUND,C00678391,PUBLIC SERVICE 44 FUND,,H,,FUZZY_REVIEW,92.6829268292683,PUBLIC SERVICE 44 FUND,92.6829268292683
WFC,2020,AEG PAC,PAC - Qualified,Republican,8000.000000,AEG PAC,C00900886,AG PAC,,N,,FUZZY_REVIEW,92.3076923076923,AG PAC,92.3076923076923
TMUS,2020,GW PAC,PAC - Qualified,Republican,9000.000000,GW PAC,C00558734,G PAC,NONE,N,,FUZZY_REVIEW,90.9090909090909,G PAC,90.9090909090909
NOC,2020,AEG PAC,PAC - Qualified,Republican,5000.000000,AEG PAC,C00900886,AG PAC,,N,,FUZZY_REVIEW,92.3076923076923,AG PAC,92.3076923076923
HD,2020,AEG PAC,PAC - Qualified,Republican,10000.000000,AEG PAC,C00900886,AG PAC,,N,,FUZZY_REVIEW,92.3076923076923,AG PAC,92.3076923076923
JNJ,2020,GW PAC,PAC - Qualified,Republican,2500.000000,GW PAC,C00558734,G PAC,NONE,N,,FUZZY_REVIEW,90.9090909090909,G PAC,90.9090909090909
GD,2020,AEG PAC,PAC - Qualified,Republican,4000.000000,AEG PAC,C00900886,AG PAC,,N,,FUZZY_REVIEW,92.3076923076923,AG PAC,92.3076923076923
MOH,2020,AEG PAC,PAC - Qualified,Republican,4000.000000,AEG PAC,C00900886,AG PAC,,N,,FUZZY_REVIEW,92.3076923076923,AG PAC,92.3076923076923
CMCSA,2020,GFC PAC,PAC - Nonqualified,Republican,5000.000000,GFC PAC,C00882555,FC PAC,NONE,O,,FUZZY_REVIEW,92.3076923076923,FC PAC,92.3076923076923
XOM,2020,GW PAC,PAC - Qualified,Republican,5000.000000,GW PAC,C00558734,G PAC,NONE,N,,FUZZY_REVIEW,90.9090909090909,G PAC,90.9090909090909
PEG,2024,"BILL PASCRELL, JR. PUBLIC SERVICE FUND",PAC - Nonqualified,Democrat,7000.000000,BILL PASCRELL JR PUBLIC SERVICE FUND,C00678391,PUBLIC SERVICE 44 FUND,,H,,FUZZY_REVIEW,92.6829268292683,PUBLIC SERVICE 44 FUND,92.6829268292683
KEY,2022,AEG PAC,PAC - Qualified,Republican,4000.000000,AEG PAC,C00900886,AG PAC,,N,,FUZZY_REVIEW,92.3076923076923,AG PAC,92.3076923076923
CFG,2024,CONSUMER BANKERS ASSOCIATION PAC,PAC - Qualified,Other,10000.000000,CONSUMER BANKERS ASSOCIATION PAC,C00493312,S CORPORATION ASSOCIATION PAC (S-CORP PAC),THE S CORPORATION ASSOCIATION OF AMERICA,Q,T,FUZZY_REVIEW,93.75,S ASSOCIATION PAC S PAC,93.75
BDX,2024,"BILL PASCRELL, JR. PUBLIC SERVICE FUND",PAC - Nonqualified,Democrat,5000.000000,BILL PASCRELL JR PUBLIC SERVICE FUND,C00678391,PUBLIC SERVICE 44 FUND,,H,,FUZZY_REVIEW,92.6829268292683,PUBLIC SERVICE 44 FUND,92.6829268292683
HBAN,2024,CONSUMER BANKERS ASSOCIATION PAC,PAC - Qualified,Other,10000.000000,CONSUMER BANKERS ASSOCIATION PAC,C00493312,S CORPORATION ASSOCIATION PAC (S-CORP PAC),THE S CORPORATION ASSOCIATION OF AMERICA,Q,T,FUZZY_REVIEW,93.75,S ASSOCIATION PAC S PAC,93.75
RF,2024,CONSUMER BANKERS ASSOCIATION PAC,PAC - Qualified,Other,10000.000000,CONSUMER BANKERS ASSOCIATION PAC,C00493312,S CORPORATION ASSOCIATION PAC (S-CORP PAC),THE S CORPORATION ASSOCIATION OF AMERICA,Q,T,FUZZY_REVIEW,93.75,S ASSOCIATION PAC S PAC,93.75
BMY,2022,"BILL PASCRELL, JR. PUBLIC SERVICE FUND",PAC - Nonqualified,Democrat,2000.000000,BILL PASCRELL JR PUBLIC SERVICE FUND,C00678391,PUBLIC SERVICE 44 FUND,,H,,FUZZY_REVIEW,92.6829268292683,PUBLIC SERVICE 44 FUND,92.6829268292683
AXP,2022,AEG PAC,PAC - Qualified,Republican,2000.000000,AEG PAC,C00900886,AG PAC,,N,,FUZZY_REVIEW,92.3076923076923,AG PAC,92.3076923076923
AFL,2020,"BILL PASCRELL, JR. PUBLIC SERVICE FUND",PAC - Nonqualified,Democrat,3000.000000,BILL PASCRELL JR PUBLIC SERVICE FUND,C00678391,PUBLIC SERVICE 44 FUND,,H,,FUZZY_REVIEW,92.6829268292683,PUBLIC SERVICE 44 FUND,92.6829268292683
KEY,2022,CONSUMER BANKERS ASSOCIATION PAC,PAC - Qualified,Other,5500.000000,CONSUMER BANKERS ASSOCIATION PAC,C00493312,S CORPORATION ASSOCIATION PAC (S-CORP PAC),THE S CORPORATION ASSOCIATION OF AMERICA,Q,T,FUZZY_REVIEW,93.75,S ASSOCIATION PAC S PAC,93.75
PYPL,2022,SD PAC,Hybrid PAC (with Non-Contribution Account) - Qualified,Democrat,1000.000000,SD PAC,C00663286,MSD PAC,,N,,FUZZY_REVIEW,92.3076923076923,MSD PAC,92.3076923076923
T,2020,GW PAC,PAC - Qualified,Republican,5000.000000,GW PAC,C00558734,G PAC,NONE,N,,FUZZY_REVIEW,90.9090909090909,G PAC,90.9090909090909
C,2020,"BILL PASCRELL, JR. PUBLIC SERVICE FUND",PAC - Nonqualified,Democrat,1000.000000,BILL PASCRELL JR PUBLIC SERVICE FUND,C00678391,PUBLIC SERVICE 44 FUND,,H,,FUZZY_REVIEW,92.6829268292683,PUBLIC SERVICE 44 FUND,92.6829268292683
F,2022,AEG PAC,PAC - Qualified,Republican,1000.000000,AEG PAC,C00900886,AG PAC,,N,,FUZZY_REVIEW,92.3076923076923,AG PAC,92.3076923076923
RPM,2022,AEG PAC,PAC - Qualified,Republican,5800.000000,AEG PAC,C00900886,AG PAC,,N,,FUZZY_REVIEW,92.3076923076923,AG PAC,92.3076923076923
ABBV,2020,GW PAC,PAC - Qualified,Republican,5000.000000,GW PAC,C00558734,G PAC,NONE,N,,FUZZY_REVIEW,90.9090909090909,G PAC,90.9090909090909
MDLZ,2020,"BILL PASCRELL, JR. PUBLIC SERVICE FUND",PAC - Nonqualified,Democrat,1000.000000,BILL PASCRELL JR PUBLIC SERVICE FUND,C00678391,PUBLIC SERVICE 44 FUND,,H,,FUZZY_REVIEW,92.6829268292683,PUBLIC SERVICE 44 FUND,92.6829268292683
GE,2020,"BILL PASCRELL, JR. PUBLIC SERVICE FUND",PAC - Nonqualified,Democrat,1000.000000,BILL PASCRELL JR PUBLIC SERVICE FUND,C00678391,PUBLIC SERVICE 44 FUND,,H,,FUZZY_REVIEW,92.6829268292683,PUBLIC SERVICE 44 FUND,92.6829268292683
EW,2020,GW PAC,PAC - Qualified,Republican,2000.000000,GW PAC,C00558734,G PAC,NONE,N,,FUZZY_REVIEW,90.9090909090909,G PAC,90.9090909090909
CAG,2020,GW PAC,PAC - Qualified,Republican,1000.000000,GW PAC,C00558734,G PAC,NONE,N,,FUZZY_REVIEW,90.9090909090909,G PAC,90.9090909090909
INTU,2020,GFC PAC,PAC - Nonqualified,Republican,1000.000000,GFC PAC,C00882555,FC PAC,NONE,O,,FUZZY_REVIEW,92.3076923076923,FC PAC,92.3076923076923
CMCSA,2020,AEG PAC,PAC - Qualified,Republican,2000.000000,AEG PAC,C00900886,AG PAC,,N,,FUZZY_REVIEW,92.3076923076923,AG PAC,92.3076923076923
AMCX,2022,DOLAN FOR OHIO22,Senate,Republican,2900.000000,DOLAN OHIO22,C00790386,DOLAN FOR OHIO,NONE,S,,FUZZY_REVIEW,90.9090909090909,DOLAN OHIO,90.9090909090909
LOW,2020,GROUNDWORK PROJECT PAC,Hybrid PAC (with Non-Contribution Account) - Qualified,Democrat,5000.000000,GROUNDWORK PROJECT PAC,C00785857,GROUNDWORK PROJECT AND NDRC FUND,,N,,FUZZY_REVIEW,90.0,GROUNDWORK PROJECT NDRC FUND,90.0
UNH,2020,GW PAC,PAC - Qualified,Republican,5000.000000,GW PAC,C00558734,G PAC,NONE,N,,FUZZY_REVIEW,90.9090909090909,G PAC,90.9090909090909
HAL,2020,GW PAC,PAC - Qualified,Republican,5000.000000,GW PAC,C00558734,G PAC,NONE,N,,FUZZY_REVIEW,90.9090909090909,G PAC,90.9090909090909
SJM,2022,DOLAN FOR OHIO22,Senate,Republican,5800.000000,DOLAN OHIO22,C00790386,DOLAN FOR OHIO,NONE,S,,FUZZY_REVIEW,90.9090909090909,DOLAN OHIO,90.9090909090909
CMCSA,2020,"BILL PASCRELL, JR. PUBLIC SERVICE FUND",PAC - Nonqualified,Democrat,4500.000000,BILL PASCRELL JR PUBLIC SERVICE FUND,C00678391,PUBLIC SERVICE 44 FUND,,H,,FUZZY_REVIEW,92.6829268292683,PUBLIC SERVICE 44 FUND,92.6829268292683
MET,2020,"BILL PASCRELL, JR. PUBLIC SERVICE FUND",PAC - Nonqualified,Democrat,4000.000000,BILL PASCRELL JR PUBLIC SERVICE FUND,C00678391,PUBLIC SERVICE 44 FUND,,H,,FUZZY_REVIEW,92.6829268292683,PUBLIC SERVICE 44 FUND,92.6829268292683
JPM,2020,GFC PAC,PAC - Nonqualified,Republican,2000.000000,GFC PAC,C00882555,FC PAC,NONE,O,,FUZZY_REVIEW,92.3076923076923,FC PAC,92.3076923076923
SO,2022,AEG PAC,PAC - Qualified,Republican,2500.000000,AEG PAC,C00900886,AG PAC,,N,,FUZZY_REVIEW,92.3076923076923,AG PAC,92.3076923076923
TGT,2022,AEG PAC,PAC - Qualified,Republican,2500.000000,AEG PAC,C00900886,AG PAC,,N,,FUZZY_REVIEW,92.3076923076923,AG PAC,92.3076923076923
ABBV,2020,"BILL PASCRELL, JR. PUBLIC SERVICE FUND",PAC - Nonqualified,Democrat,2500.000000,BILL PASCRELL JR PUBLIC SERVICE FUND,C00678391,PUBLIC SERVICE 44 FUND,,H,,FUZZY_REVIEW,92.6829268292683,PUBLIC SERVICE 44 FUND,92.6829268292683
ELV,2020,GW PAC,PAC - Qualified,Republican,5000.000000,GW PAC,C00558734,G PAC,NONE,N,,FUZZY_REVIEW,90.9090909090909,G PAC,90.9090909090909
HUM,2022,NATIONAL ASSOCIATION OF BENEFITS AND INSURANCE PROFESSIONALS PAC (NABIP PAC),PAC - Qualified,Dark PAC,1000.000000,NATIONAL ASSOCIATION BENEFITS INSURANCE PROFESSIONALS PAC NABIP PAC,C00493312,S CORPORATION ASSOCIATION PAC (S-CORP PAC),THE S CORPORATION ASSOCIATION OF AMERICA,Q,T,FUZZY_REVIEW,93.75,S ASSOCIATION PAC S PAC,93.75
DOW,2020,AEG PAC,PAC - Qualified,Republican,1000.000000,AEG PAC,C00900886,AG PAC,,N,,FUZZY_REVIEW,92.3076923076923,AG PAC,92.3076923076923
GNW,2020,COHN FOR CONGRESS 2022,House,Democrat,2800.000000,COHN CONGRESS 2022,C00718650,COHN FOR CONGRESS 2020,HOUSE VICTORY PROJECT 2020,H,,FUZZY_REVIEW,94.44444444444444,COHN CONGRESS 2020,94.44444444444444
IVZ,2020,GFC PAC,PAC - Nonqualified,Republican,4500.000000,GFC PAC,C00882555,FC PAC,NONE,O,,FUZZY_REVIEW,92.3076923076923,FC PAC,92.3076923076923
FITB,2022,AEG PAC,PAC - Qualified,Republican,5000.000000,AEG PAC,C00900886,AG PAC,,N,,FUZZY_REVIEW,92.3076923076923,AG PAC,92.3076923076923
HBAN,2022,AEG PAC,PAC - Qualified,Republican,5000.000000,AEG PAC,C00900886,AG PAC,,N,,FUZZY_REVIEW,92.3076923076923,AG PAC,92.3076923076923
STE,2020,AEG PAC,PAC - Qualified,Republican,1000.000000,AEG PAC,C00900886,AG PAC,,N,,FUZZY_REVIEW,92.3076923076923,AG PAC,92.3076923076923
FIS,2022,"BILL PASCRELL, JR. PUBLIC SERVICE FUND",PAC - Nonqualified,Democrat,5000.000000,BILL PASCRELL JR PUBLIC SERVICE FUND,C00678391,PUBLIC SERVICE 44 FUND,,H,,FUZZY_REVIEW,92.6829268292683,PUBLIC SERVICE 44 FUND,92.6829268292683
VZ,2024,"BILL PASCRELL, JR. PUBLIC SERVICE FUND",PAC - Nonqualified,Democrat,5000.000000,BILL PASCRELL JR PUBLIC SERVICE FUND,C00678391,PUBLIC SERVICE 44 FUND,,H,,FUZZY_REVIEW,92.6829268292683,PUBLIC SERVICE 44 FUND,92.6829268292683
C,2020,GFC PAC,PAC - Nonqualified,Republican,4500.000000,GFC PAC,C00882555,FC PAC,NONE,O,,FUZZY_REVIEW,92.3076923076923,FC PAC,92.3076923076923
AMD,2020,COHN FOR CONGRESS 2022,House,Democrat,2800.000000,COHN CONGRESS 2022,C00718650,COHN FOR CONGRESS 2020,HOUSE VICTORY PROJECT 2020,H,,FUZZY_REVIEW,94.44444444444444,COHN CONGRESS 2020,94.44444444444444
L,2020,"BILL PASCRELL, JR. PUBLIC SERVICE FUND",PAC - Nonqualified,Democrat,1000.000000,BILL PASCRELL JR PUBLIC SERVICE FUND,C00678391,PUBLIC SERVICE 44 FUND,,H,,FUZZY_REVIEW,92.6829268292683,PUBLIC SERVICE 44 FUND,92.6829268292683
BA,2024,"BILL PASCRELL, JR. PUBLIC SERVICE FUND",PAC - Nonqualified,Democrat,2500.000000,BILL PASCRELL JR PUBLIC SERVICE FUND,C00678391,PUBLIC SERVICE 44 FUND,,H,,FUZZY_REVIEW,92.6829268292683,PUBLIC SERVICE 44 FUND,92.6829268292683
EXC,2022,"BILL PASCRELL, JR. PUBLIC SERVICE FUND",PAC - Nonqualified,Democrat,2500.000000,BILL PASCRELL JR PUBLIC SERVICE FUND,C00678391,PUBLIC SERVICE 44 FUND,,H,,FUZZY_REVIEW,92.6829268292683,PUBLIC SERVICE 44 FUND,92.6829268292683
COF,2022,AEG PAC,PAC - Qualified,Republican,5000.000000,AEG PAC,C00900886,AG PAC,,N,,FUZZY_REVIEW,92.3076923076923,AG PAC,92.3076923076923
MMC,2020,GFC PAC,PAC - Nonqualified,Republican,1000.000000,GFC PAC,C00882555,FC PAC,NONE,O,,FUZZY_REVIEW,92.3076923076923,FC PAC,92.3076923076923
C,2020,GW PAC,PAC - Qualified,Republican,1000.000000,GW PAC,C00558734,G PAC,NONE,N,,FUZZY_REVIEW,90.9090909090909,G PAC,90.9090909090909
AMD,2024,THE GARVEY LEADERSHIP PAC,PAC - Nonqualified,Republican,1000.000000,GARVEY LEADERSHIP PAC,C00767616,NH LEADERSHIP PAC,NONE,N,,FUZZY_REVIEW,90.3225806451613,NH LEADERSHIP PAC,90.3225806451613
GM,2020,GFC PAC,PAC - Nonqualified,Republican,1000.000000,GFC PAC,C00882555,FC PAC,NONE,O,,FUZZY_REVIEW,92.3076923076923,FC PAC,92.3076923076923
LVS,2024,THE GARVEY LEADERSHIP PAC,PAC - Nonqualified,Republican,2500.000000,GARVEY LEADERSHIP PAC,C00767616,NH LEADERSHIP PAC,NONE,N,,FUZZY_REVIEW,90.3225806451613,NH LEADERSHIP PAC,90.3225806451613
RF,2026,CONSUMER BANKERS ASSOCIATION PAC,PAC - Qualified,Other,5000.000000,CONSUMER BANKERS ASSOCIATION PAC,C00493312,S CORPORATION ASSOCIATION PAC (S-CORP PAC),THE S CORPORATION ASSOCIATION OF AMERICA,Q,T,FUZZY_REVIEW,93.75,S ASSOCIATION PAC S PAC,93.75
KMI,2026,LIQUID ENERGY PIPELINE ASSOCIATION PAC,PAC - Qualified,Dark PAC,1500.000000,LIQUID ENERGY PIPELINE ASSOCIATION PAC,C00493312,S CORPORATION ASSOCIATION PAC (S-CORP PAC),THE S CORPORATION ASSOCIATION OF AMERICA,Q,T,FUZZY_REVIEW,93.75,S ASSOCIATION PAC S PAC,93.75
HD,2022,AEG PAC,PAC - Qualified,Republican,5000.000000,AEG PAC,C00900886,AG PAC,,N,,FUZZY_REVIEW,92.3076923076923,AG PAC,92.3076923076923
AES,2020,GW PAC,PAC - Qualified,Republican,2000.000000,GW PAC,C00558734,G PAC,NONE,N,,FUZZY_REVIEW,90.9090909090909,G PAC,90.9090909090909
GOOGL,2022,AEG PAC,PAC - Qualified,Republican,2500.000000,AEG PAC,C00900886,AG PAC,,N,,FUZZY_REVIEW,92.3076923076923,AG PAC,92.3076923076923
STT,2020,AEG PAC,PAC - Qualified,Republican,2000.000000,AEG PAC,C00900886,AG PAC,,N,,FUZZY_REVIEW,92.3076923076923,AG PAC,92.3076923076923
COP,2020,GW PAC,PAC - Qualified,Republican,2500.000000,GW PAC,C00558734,G PAC,NONE,N,,FUZZY_REVIEW,90.9090909090909,G PAC,90.9090909090909
NEE,2020,GW PAC,PAC - Qualified,Republican,2500.000000,GW PAC,C00558734,G PAC,NONE,N,,FUZZY_REVIEW,90.9090909090909,G PAC,90.9090909090909
LDOS,2020,AEG PAC,PAC - Qualified,Republican,1000.000000,AEG PAC,C00900886,AG PAC,,N,,FUZZY_REVIEW,92.3076923076923,AG PAC,92.3076923076923
JCI,2020,GW PAC,PAC - Qualified,Republican,2500.000000,GW PAC,C00558734,G PAC,NONE,N,,FUZZY_REVIEW,90.9090909090909,G PAC,90.9090909090909
GD,2022,AEG PAC,PAC - Qualified,Republican,3000.000000,AEG PAC,C00900886,AG PAC,,N,,FUZZY_REVIEW,92.3076923076923,AG PAC,92.3076923076923
AMGN,2020,"BILL PASCRELL, JR. PUBLIC SERVICE FUND",PAC - Nonqualified,Democrat,5000.000000,BILL PASCRELL JR PUBLIC SERVICE FUND,C00678391,PUBLIC SERVICE 44 FUND,,H,,FUZZY_REVIEW,92.6829268292683,PUBLIC SERVICE 44 FUND,92.6829268292683
GS,2020,GW PAC,PAC - Qualified,Republican,2000.000000,GW PAC,C00558734,G PAC,NONE,N,,FUZZY_REVIEW,90.9090909090909,G PAC,90.9090909090909
WMB,2024,LIQUID ENERGY PIPELINE ASSOCIATION PAC,PAC - Qualified,Dark PAC,2500.000000,LIQUID ENERGY PIPELINE ASSOCIATION PAC,C00493312,S CORPORATION ASSOCIATION PAC (S-CORP PAC),THE S CORPORATION ASSOCIATION OF AMERICA,Q,T,FUZZY_REVIEW,93.75,S ASSOCIATION PAC S PAC,93.75
F,2024,MR FOR OHIO STATE SENATE,PAC - Nonqualified,Dark PAC,1000.000000,MR OHIO STATE SENATE,C00890582,MICHAEL RULLI FOR OHIO STATE SENATE,NONE,N,,FUZZY_REVIEW,91.89189189189189,MICHAEL RULLI OHIO STATE SENATE,91.89189189189189
UPS,2022,AEG PAC,PAC - Qualified,Republican,5000.000000,AEG PAC,C00900886,AG PAC,,N,,FUZZY_REVIEW,92.3076923076923,AG PAC,92.3076923076923
KBR,2020,COHN FOR CONGRESS 2022,House,Democrat,1000.000000,COHN CONGRESS 2022,C00718650,COHN FOR CONGRESS 2020,HOUSE VICTORY PROJECT 2020,H,,FUZZY_REVIEW,94.44444444444444,COHN CONGRESS 2020,94.44444444444444
AMGN,2022,"BILL PASCRELL, JR. PUBLIC SERVICE FUND",PAC - Nonqualified,Democrat,5000.000000,BILL PASCRELL JR PUBLIC SERVICE FUND,C00678391,PUBLIC SERVICE 44 FUND,,H,,FUZZY_REVIEW,92.6829268292683,PUBLIC SERVICE 44 FUND,92.6829268292683
DVA,2020,AEG PAC,PAC - Qualified,Republican,1000.000000,AEG PAC,C00900886,AG PAC,,N,,FUZZY_REVIEW,92.3076923076923,AG PAC,92.3076923076923
UAL,2024,"BILL PASCRELL, JR. PUBLIC SERVICE FUND",PAC - Nonqualified,Democrat,1000.000000,BILL PASCRELL JR PUBLIC SERVICE FUND,C00678391,PUBLIC SERVICE 44 FUND,,H,,FUZZY_REVIEW,92.6829268292683,PUBLIC SERVICE 44 FUND,92.6829268292683
NSC,2022,"BILL PASCRELL, JR. PUBLIC SERVICE FUND",PAC - Nonqualified,Democrat,4500.000000,BILL PASCRELL JR PUBLIC SERVICE FUND,C00678391,PUBLIC SERVICE 44 FUND,,H,,FUZZY_REVIEW,92.6829268292683,PUBLIC SERVICE 44 FUND,92.6829268292683
GOOGL,2020,COHN FOR CONGRESS 2022,House,Democrat,6550.000000,COHN CONGRESS 2022,C00718650,COHN FOR CONGRESS 2020,HOUSE VICTORY PROJECT 2020,H,,FUZZY_REVIEW,94.44444444444444,COHN CONGRESS 2020,94.44444444444444
LH,2020,"BILL PASCRELL, JR. PUBLIC SERVICE FUND",PAC - Nonqualified,Democrat,10000.000000,BILL PASCRELL JR PUBLIC SERVICE FUND,C00678391,PUBLIC SERVICE 44 FUND,,H,,FUZZY_REVIEW,92.6829268292683,PUBLIC SERVICE 44 FUND,92.6829268292683
BAC,2020,"BILL PASCRELL, JR. PUBLIC SERVICE FUND",PAC - Nonqualified,Democrat,4000.000000,BILL PASCRELL JR PUBLIC SERVICE FUND,C00678391,PUBLIC SERVICE 44 FUND,,H,,FUZZY_REVIEW,92.6829268292683,PUBLIC SERVICE 44 FUND,92.6829268292683
MSI,2020,"BILL PASCRELL, JR. PUBLIC SERVICE FUND",PAC - Nonqualified,Democrat,2000.000000,BILL PASCRELL JR PUBLIC SERVICE FUND,C00678391,PUBLIC SERVICE 44 FUND,,H,,FUZZY_REVIEW,92.6829268292683,PUBLIC SERVICE 44 FUND,92.6829268292683
SCHW,2020,CONSUMER BANKERS ASSOCIATION PAC,PAC - Qualified,Other,10000.000000,CONSUMER BANKERS ASSOCIATION PAC,C00493312,S CORPORATION ASSOCIATION PAC (S-CORP PAC),THE S CORPORATION ASSOCIATION OF AMERICA,Q,T,FUZZY_REVIEW,93.75,S ASSOCIATION PAC S PAC,93.75
CHTR,2020,GFC PAC,PAC - Nonqualified,Republican,5000.000000,GFC PAC,C00882555,FC PAC,NONE,O,,FUZZY_REVIEW,92.3076923076923,FC PAC,92.3076923076923
CVX,2020,AEG PAC,PAC - Qualified,Republican,5000.000000,AEG PAC,C00900886,AG PAC,,N,,FUZZY_REVIEW,92.3076923076923,AG PAC,92.3076923076923
GE,2020,AEG PAC,PAC - Qualified,Republican,2000.000000,AEG PAC,C00900886,AG PAC,,N,,FUZZY_REVIEW,92.3076923076923,AG PAC,92.3076923076923
F,2020,AEG PAC,PAC - Qualified,Republican,5000.000000,AEG PAC,C00900886,AG PAC,,N,,FUZZY_REVIEW,92.3076923076923,AG PAC,92.3076923076923
NOC,2020,GFC PAC,PAC - Nonqualified,Republican,10000.000000,GFC PAC,C00882555,FC PAC,NONE,O,,FUZZY_REVIEW,92.3076923076923,FC PAC,92.3076923076923
GM,2020,AEG PAC,PAC - Qualified,Republican,8000.000000,AEG PAC,C00900886,AG PAC,,N,,FUZZY_REVIEW,92.3076923076923,AG PAC,92.3076923076923
AFL,2020,GFC PAC,PAC - Nonqualified,Republican,6500.000000,GFC PAC,C00882555,FC PAC,NONE,O,,FUZZY_REVIEW,92.3076923076923,FC PAC,92.3076923076923
BFH,2026,"BREAD FINANCIAL HOLDINGS, INC. PAC (AKA BREAD FINANCIAL PAC)",PAC - Qualified,Dark PAC,22100.000000,BREAD FINANCIAL PAC AKA BREAD FINANCIAL PAC,C00918896,M FINANCIAL HOLDINGS INC. PAC (M FINANCIAL PAC),M FINANCIAL HOLDINGS INC.,N,C,FUZZY_REVIEW,92.85714285714286,M FINANCIAL PAC M FINANCIAL PAC,92.85714285714286
HON,2020,GFC PAC,PAC - Nonqualified,Republican,4000.000000,GFC PAC,C00882555,FC PAC,NONE,O,,FUZZY_REVIEW,92.3076923076923,FC PAC,92.3076923076923
PRU,2022,"BILL PASCRELL, JR. PUBLIC SERVICE FUND",PAC - Nonqualified,Democrat,10000.000000,BILL PASCRELL JR PUBLIC SERVICE FUND,C00678391,PUBLIC SERVICE 44 FUND,,H,,FUZZY_REVIEW,92.6829268292683,PUBLIC SERVICE 44 FUND,92.6829268292683
UPS,2022,"BILL PASCRELL, JR. PUBLIC SERVICE FUND",PAC - Nonqualified,Democrat,5000.000000,BILL PASCRELL JR PUBLIC SERVICE FUND,C00678391,PUBLIC SERVICE 44 FUND,,H,,FUZZY_REVIEW,92.6829268292683,PUBLIC SERVICE 44 FUND,92.6829268292683
VZ,2022,"BILL PASCRELL, JR. PUBLIC SERVICE FUND",PAC - Nonqualified,Democrat,4000.000000,BILL PASCRELL JR PUBLIC SERVICE FUND,C00678391,PUBLIC SERVICE 44 FUND,,H,,FUZZY_REVIEW,92.6829268292683,PUBLIC SERVICE 44 FUND,92.6829268292683
RF,2020,AEG PAC,PAC - Qualified,Republican,9000.000000,AEG PAC,C00900886,AG PAC,,N,,FUZZY_REVIEW,92.3076923076923,AG PAC,92.3076923076923
AFL,2020,GW PAC,PAC - Qualified,Republican,5000.000000,GW PAC,C00558734,G PAC,NONE,N,,FUZZY_REVIEW,90.9090909090909,G PAC,90.9090909090909
AFL,2022,"BILL PASCRELL, JR. PUBLIC SERVICE FUND",PAC - Nonqualified,Democrat,4000.000000,BILL PASCRELL JR PUBLIC SERVICE FUND,C00678391,PUBLIC SERVICE 44 FUND,,H,,FUZZY_REVIEW,92.6829268292683,PUBLIC SERVICE 44 FUND,92.6829268292683
LHX,2020,"BILL PASCRELL, JR. PUBLIC SERVICE FUND",PAC - Nonqualified,Democrat,10000.000000,BILL PASCRELL JR PUBLIC SERVICE FUND,C00678391,PUBLIC SERVICE 44 FUND,,H,,FUZZY_REVIEW,92.6829268292683,PUBLIC SERVICE 44 FUND,92.6829268292683
T,2020,"BILL PASCRELL, JR. PUBLIC SERVICE FUND",PAC - Nonqualified,Democrat,3000.000000,BILL PASCRELL JR PUBLIC SERVICE FUND,C00678391,PUBLIC SERVICE 44 FUND,,H,,FUZZY_REVIEW,92.6829268292683,PUBLIC SERVICE 44 FUND,92.6829268292683
GE,2024,GE HEALTHCARE TECHNOLOGIES INC. PAC,PAC - Qualified,Dark PAC,5750.000000,GE HEALTHCARE TECHNOLOGIES PAC,C00338087,"L3 TECHNOLOGIES, INC. PAC",,Q,C,FUZZY_REVIEW,91.42857142857143,L3 TECHNOLOGIES PAC,91.42857142857143
UPS,2024,"BILL PASCRELL, JR. PUBLIC SERVICE FUND",PAC - Nonqualified,Democrat,5000.000000,BILL PASCRELL JR PUBLIC SERVICE FUND,C00678391,PUBLIC SERVICE 44 FUND,,H,,FUZZY_REVIEW,92.6829268292683,PUBLIC SERVICE 44 FUND,92.6829268292683
HON,2024,"BILL PASCRELL, JR. PUBLIC SERVICE FUND",PAC - Nonqualified,Democrat,5000.000000,BILL PASCRELL JR PUBLIC SERVICE FUND,C00678391,PUBLIC SERVICE 44 FUND,,H,,FUZZY_REVIEW,92.6829268292683,PUBLIC SERVICE 44 FUND,92.6829268292683
GM,2024,"BILL PASCRELL, JR. PUBLIC SERVICE FUND",PAC - Nonqualified,Democrat,2000.000000,BILL PASCRELL JR PUBLIC SERVICE FUND,C00678391,PUBLIC SERVICE 44 FUND,,H,,FUZZY_REVIEW,92.6829268292683,PUBLIC SERVICE 44 FUND,92.6829268292683
PFG,2024,"BILL PASCRELL, JR. PUBLIC SERVICE FUND",PAC - Nonqualified,Democrat,2000.000000,BILL PASCRELL JR PUBLIC SERVICE FUND,C00678391,PUBLIC SERVICE 44 FUND,,H,,FUZZY_REVIEW,92.6829268292683,PUBLIC SERVICE 44 FUND,92.6829268292683
JPM,2022,CONSUMER BANKERS ASSOCIATION PAC,PAC - Qualified,Other,5000.000000,CONSUMER BANKERS ASSOCIATION PAC,C00493312,S CORPORATION ASSOCIATION PAC (S-CORP PAC),THE S CORPORATION ASSOCIATION OF AMERICA,Q,T,FUZZY_REVIEW,93.75,S ASSOCIATION PAC S PAC,93.75
CMCSA,2022,"BILL PASCRELL, JR. PUBLIC SERVICE FUND",PAC - Nonqualified,Democrat,4000.000000,BILL PASCRELL JR PUBLIC SERVICE FUND,C00678391,PUBLIC SERVICE 44 FUND,,H,,FUZZY_REVIEW,92.6829268292683,PUBLIC SERVICE 44 FUND,92.6829268292683
TSLA,2020,AEG PAC,PAC - Qualified,Republican,2000.000000,AEG PAC,C00900886,AG PAC,,N,,FUZZY_REVIEW,92.3076923076923,AG PAC,92.3076923076923
GD,2020,GFC PAC,PAC - Nonqualified,Republican,5000.000000,GFC PAC,C00882555,FC PAC,NONE,O,,FUZZY_REVIEW,92.3076923076923,FC PAC,92.3076923076923
CMCSA,2024,"BILL PASCRELL, JR. PUBLIC SERVICE FUND",PAC - Nonqualified,Democrat,5000.000000,BILL PASCRELL JR PUBLIC SERVICE FUND,C00678391,PUBLIC SERVICE 44 FUND,,H,,FUZZY_REVIEW,92.6829268292683,PUBLIC SERVICE 44 FUND,92.6829268292683
LH,2024,"BILL PASCRELL, JR. PUBLIC SERVICE FUND",PAC - Nonqualified,Democrat,10000.000000,BILL PASCRELL JR PUBLIC SERVICE FUND,C00678391,PUBLIC SERVICE 44 FUND,,H,,FUZZY_REVIEW,92.6829268292683,PUBLIC SERVICE 44 FUND,92.6829268292683
TSLA,2020,GFC PAC,PAC - Nonqualified,Republican,2500.000000,GFC PAC,C00882555,FC PAC,NONE,O,,FUZZY_REVIEW,92.3076923076923,FC PAC,92.3076923076923
VZ,2020,GW PAC,PAC - Qualified,Republican,5000.000000,GW PAC,C00558734,G PAC,NONE,N,,FUZZY_REVIEW,90.9090909090909,G PAC,90.9090909090909
IP,2020,GFC PAC,PAC - Nonqualified,Republican,2500.000000,GFC PAC,C00882555,FC PAC,NONE,O,,FUZZY_REVIEW,92.3076923076923,FC PAC,92.3076923076923
HD,2020,GFC PAC,PAC - Nonqualified,Republican,5000.000000,GFC PAC,C00882555,FC PAC,NONE,O,,FUZZY_REVIEW,92.3076923076923,FC PAC,92.3076923076923
LUV,2020,AEG PAC,PAC - Qualified,Republican,3500.000000,AEG PAC,C00900886,AG PAC,,N,,FUZZY_REVIEW,92.3076923076923,AG PAC,92.3076923076923
HLT,2020,GW PAC,PAC - Qualified,Republican,3000.000000,GW PAC,C00558734,G PAC,NONE,N,,FUZZY_REVIEW,90.9090909090909,G PAC,90.9090909090909
NDAQ,2020,AEG PAC,PAC - Qualified,Republican,1000.000000,AEG PAC,C00900886,AG PAC,,N,,FUZZY_REVIEW,92.3076923076923,AG PAC,92.3076923076923
CAH,2022,DOLAN FOR OHIO22,Senate,Republican,2000.000000,DOLAN OHIO22,C00790386,DOLAN FOR OHIO,NONE,S,,FUZZY_REVIEW,90.9090909090909,DOLAN OHIO,90.9090909090909
NEE,2020,"BILL PASCRELL, JR. PUBLIC SERVICE FUND",PAC - Nonqualified,Democrat,2500.000000,BILL PASCRELL JR PUBLIC SERVICE FUND,C00678391,PUBLIC SERVICE 44 FUND,,H,,FUZZY_REVIEW,92.6829268292683,PUBLIC SERVICE 44 FUND,92.6829268292683
HD,2024,"BILL PASCRELL, JR. PUBLIC SERVICE FUND",PAC - Nonqualified,Democrat,5000.000000,BILL PASCRELL JR PUBLIC SERVICE FUND,C00678391,PUBLIC SERVICE 44 FUND,,H,,FUZZY_REVIEW,92.6829268292683,PUBLIC SERVICE 44 FUND,92.6829268292683
GM,2022,"BILL PASCRELL, JR. PUBLIC SERVICE FUND",PAC - Nonqualified,Democrat,1000.000000,BILL PASCRELL JR PUBLIC SERVICE FUND,C00678391,PUBLIC SERVICE 44 FUND,,H,,FUZZY_REVIEW,92.6829268292683,PUBLIC SERVICE 44 FUND,92.6829268292683
BMY,2020,GW PAC,PAC - Qualified,Republican,5000.000000,GW PAC,C00558734,G PAC,NONE,N,,FUZZY_REVIEW,90.9090909090909,G PAC,90.9090909090909
PFE,2020,GFC PAC,PAC - Nonqualified,Republican,3000.000000,GFC PAC,C00882555,FC PAC,NONE,O,,FUZZY_REVIEW,92.3076923076923,FC PAC,92.3076923076923
BA,2020,GFC PAC,PAC - Nonqualified,Republican,3000.000000,GFC PAC,C00882555,FC PAC,NONE,O,,FUZZY_REVIEW,92.3076923076923,FC PAC,92.3076923076923
UPS,2020,GW PAC,PAC - Qualified,Republican,2500.000000,GW PAC,C00558734,G PAC,NONE,N,,FUZZY_REVIEW,90.9090909090909,G PAC,90.9090909090909
OXY,2020,GW PAC,PAC - Qualified,Republican,1000.000000,GW PAC,C00558734,G PAC,NONE,N,,FUZZY_REVIEW,90.9090909090909,G PAC,90.9090909090909
VLO,2020,GFC PAC,PAC - Nonqualified,Republican,2500.000000,GFC PAC,C00882555,FC PAC,NONE,O,,FUZZY_REVIEW,92.3076923076923,FC PAC,92.3076923076923
GOOGL,2022,"BILL PASCRELL, JR. PUBLIC SERVICE FUND",PAC - Nonqualified,Democrat,2500.000000,BILL PASCRELL JR PUBLIC SERVICE FUND,C00678391,PUBLIC SERVICE 44 FUND,,H,,FUZZY_REVIEW,92.6829268292683,PUBLIC SERVICE 44 FUND,92.6829268292683
MTB,2026,CONSUMER BANKERS ASSOCIATION PAC,PAC - Qualified,Other,5000.000000,CONSUMER BANKERS ASSOCIATION PAC,C00493312,S CORPORATION ASSOCIATION PAC (S-CORP PAC),THE S CORPORATION ASSOCIATION OF AMERICA,Q,T,FUZZY_REVIEW,93.75,S ASSOCIATION PAC S PAC,93.75
PCG,2022,"BILL PASCRELL, JR. PUBLIC SERVICE FUND",PAC - Nonqualified,Democrat,1000.000000,BILL PASCRELL JR PUBLIC SERVICE FUND,C00678391,PUBLIC SERVICE 44 FUND,,H,,FUZZY_REVIEW,92.6829268292683,PUBLIC SERVICE 44 FUND,92.6829268292683
DELL,2020,GW PAC,PAC - Qualified,Republican,2500.000000,GW PAC,C00558734,G PAC,NONE,N,,FUZZY_REVIEW,90.9090909090909,G PAC,90.9090909090909
WMT,2022,AEG PAC,PAC - Qualified,Republican,2000.000000,AEG PAC,C00900886,AG PAC,,N,,FUZZY_REVIEW,92.3076923076923,AG PAC,92.3076923076923
WMB,2020,GW PAC,PAC - Qualified,Republican,5000.000000,GW PAC,C00558734,G PAC,NONE,N,,FUZZY_REVIEW,90.9090909090909,G PAC,90.9090909090909
NOC,2024,"BILL PASCRELL, JR. PUBLIC SERVICE FUND",PAC - Nonqualified,Democrat,2500.000000,BILL PASCRELL JR PUBLIC SERVICE FUND,C00678391,PUBLIC SERVICE 44 FUND,,H,,FUZZY_REVIEW,92.6829268292683,PUBLIC SERVICE 44 FUND,92.6829268292683
MO,2020,GFC PAC,PAC - Nonqualified,Republican,2500.000000,GFC PAC,C00882555,FC PAC,NONE,O,,FUZZY_REVIEW,92.3076923076923,FC PAC,92.3076923076923
SCHW,2020,GFC PAC,PAC - Nonqualified,Republican,4000.000000,GFC PAC,C00882555,FC PAC,NONE,O,,FUZZY_REVIEW,92.3076923076923,FC PAC,92.3076923076923
IP,2020,AEG PAC,PAC - Qualified,Republican,1000.000000,AEG PAC,C00900886,AG PAC,,N,,FUZZY_REVIEW,92.3076923076923,AG PAC,92.3076923076923
BR,2022,AEG PAC,PAC - Qualified,Republican,1000.000000,AEG PAC,C00900886,AG PAC,,N,,FUZZY_REVIEW,92.3076923076923,AG PAC,92.3076923076923
EL,2020,GW PAC,PAC - Qualified,Republican,2000.000000,GW PAC,C00558734,G PAC,NONE,N,,FUZZY_REVIEW,90.9090909090909,G PAC,90.9090909090909
PRU,2020,GW PAC,PAC - Qualified,Republican,1000.000000,GW PAC,C00558734,G PAC,NONE,N,,FUZZY_REVIEW,90.9090909090909,G PAC,90.9090909090909
LOW,2020,AEG PAC,PAC - Qualified,Republican,4000.000000,AEG PAC,C00900886,AG PAC,,N,,FUZZY_REVIEW,92.3076923076923,AG PAC,92.3076923076923
PRI,2020,GFC PAC,PAC - Nonqualified,Republican,2500.000000,GFC PAC,C00882555,FC PAC,NONE,O,,FUZZY_REVIEW,92.3076923076923,FC PAC,92.3076923076923
D,2024,MR FOR OHIO STATE SENATE,PAC - Nonqualified,Dark PAC,1000.000000,MR OHIO STATE SENATE,C00890582,MICHAEL RULLI FOR OHIO STATE SENATE,NONE,N,,FUZZY_REVIEW,91.89189189189189,MICHAEL RULLI OHIO STATE SENATE,91.89189189189189
OZK,2024,CONSUMER BANKERS ASSOCIATION PAC,PAC - Qualified,Other,1000.000000,CONSUMER BANKERS ASSOCIATION PAC,C00493312,S CORPORATION ASSOCIATION PAC (S-CORP PAC),THE S CORPORATION ASSOCIATION OF AMERICA,Q,T,FUZZY_REVIEW,93.75,S ASSOCIATION PAC S PAC,93.75
GNW,2022,AEG PAC,PAC - Qualified,Republican,2000.000000,AEG PAC,C00900886,AG PAC,,N,,FUZZY_REVIEW,92.3076923076923,AG PAC,92.3076923076923
UNP,2020,GW PAC,PAC - Qualified,Republican,5000.000000,GW PAC,C00558734,G PAC,NONE,N,,FUZZY_REVIEW,90.9090909090909,G PAC,90.9090909090909
MMM,2022,SD PAC,Hybrid PAC (with Non-Contribution Account) - Qualified,Democrat,5000.000000,SD PAC,C00663286,MSD PAC,,N,,FUZZY_REVIEW,92.3076923076923,MSD PAC,92.3076923076923
JPM,2022,AEG PAC,PAC - Qualified,Republican,2900.000000,AEG PAC,C00900886,AG PAC,,N,,FUZZY_REVIEW,92.3076923076923,AG PAC,92.3076923076923
CFG,2020,AEG PAC,PAC - Qualified,Republican,1000.000000,AEG PAC,C00900886,AG PAC,,N,,FUZZY_REVIEW,92.3076923076923,AG PAC,92.3076923076923
EFX,2020,"BILL PASCRELL, JR. PUBLIC SERVICE FUND",PAC - Nonqualified,Democrat,1000.000000,BILL PASCRELL JR PUBLIC SERVICE FUND,C00678391,PUBLIC SERVICE 44 FUND,,H,,FUZZY_REVIEW,92.6829268292683,PUBLIC SERVICE 44 FUND,92.6829268292683
USB,2022,AEG PAC,PAC - Qualified,Republican,1000.000000,AEG PAC,C00900886,AG PAC,,N,,FUZZY_REVIEW,92.3076923076923,AG PAC,92.3076923076923
SO,2020,AEG PAC,PAC - Qualified,Republican,1000.000000,AEG PAC,C00900886,AG PAC,,N,,FUZZY_REVIEW,92.3076923076923,AG PAC,92.3076923076923
PNC,2022,CONSUMER BANKERS ASSOCIATION PAC,PAC - Qualified,Other,7500.000000,CONSUMER BANKERS ASSOCIATION PAC,C00493312,S CORPORATION ASSOCIATION PAC (S-CORP PAC),THE S CORPORATION ASSOCIATION OF AMERICA,Q,T,FUZZY_REVIEW,93.75,S ASSOCIATION PAC S PAC,93.75
BX,2022,COHN FOR CONGRESS 2022,House,Democrat,1000.000000,COHN CONGRESS 2022,C00718650,COHN FOR CONGRESS 2020,HOUSE VICTORY PROJECT 2020,H,,FUZZY_REVIEW,94.44444444444444,COHN CONGRESS 2020,94.44444444444444
UBER,2022,AEG PAC,PAC - Qualified,Republican,2700.000000,AEG PAC,C00900886,AG PAC,,N,,FUZZY_REVIEW,92.3076923076923,AG PAC,92.3076923076923
TXG,2020,COHN FOR CONGRESS 2022,House,Democrat,1250.000000,COHN CONGRESS 2022,C00718650,COHN FOR CONGRESS 2020,HOUSE VICTORY PROJECT 2020,H,,FUZZY_REVIEW,94.44444444444444,COHN CONGRESS 2020,94.44444444444444
AMZN,2020,GW PAC,PAC - Qualified,Republican,3000.000000,GW PAC,C00558734,G PAC,NONE,N,,FUZZY_REVIEW,90.9090909090909,G PAC,90.9090909090909
T,2024,"BILL PASCRELL, JR. PUBLIC SERVICE FUND",PAC - Nonqualified,Democrat,5000.000000,BILL PASCRELL JR PUBLIC SERVICE FUND,C00678391,PUBLIC SERVICE 44 FUND,,H,,FUZZY_REVIEW,92.6829268292683,PUBLIC SERVICE 44 FUND,92.6829268292683
MA,2022,MASTERCARD INTERNATIONAL INC. EMPLOYEE PAC (MASTERCARD PAC) OR (MASTERCARD EMPLOYEE PAC),PAC - Qualified,Dark PAC,50600.000000,MASTERCARD INTERNATIONAL EMPLOYEE PAC MASTERCARD PAC OR MASTERCARD EMPLOYEE PAC,C00410274,MASTERCARD INTERNATIONAL INC. EMPLOYEES' PAC,MASTERCARD INTERNATIONAL INC.,Q,C,FUZZY_REVIEW,94.87179487179488,MASTERCARD INTERNATIONAL EMPLOYEES PAC,94.87179487179488
DVA,2022,"BILL PASCRELL, JR. PUBLIC SERVICE FUND",PAC - Nonqualified,Democrat,4000.000000,BILL PASCRELL JR PUBLIC SERVICE FUND,C00678391,PUBLIC SERVICE 44 FUND,,H,,FUZZY_REVIEW,92.6829268292683,PUBLIC SERVICE 44 FUND,92.6829268292683
ETN,2022,AEG PAC,PAC - Qualified,Republican,8900.000000,AEG PAC,C00900886,AG PAC,,N,,FUZZY_REVIEW,92.3076923076923,AG PAC,92.3076923076923
BMY,2020,"BILL PASCRELL, JR. PUBLIC SERVICE FUND",PAC - Nonqualified,Democrat,3500.000000,BILL PASCRELL JR PUBLIC SERVICE FUND,C00678391,PUBLIC SERVICE 44 FUND,,H,,FUZZY_REVIEW,92.6829268292683,PUBLIC SERVICE 44 FUND,92.6829268292683
PEG,2020,"BILL PASCRELL, JR. PUBLIC SERVICE FUND",PAC - Nonqualified,Democrat,8000.000000,BILL PASCRELL JR PUBLIC SERVICE FUND,C00678391,PUBLIC SERVICE 44 FUND,,H,,FUZZY_REVIEW,92.6829268292683,PUBLIC SERVICE 44 FUND,92.6829268292683
COF,2020,CONSUMER BANKERS ASSOCIATION PAC,PAC - Qualified,Other,10000.000000,CONSUMER BANKERS ASSOCIATION PAC,C00493312,S CORPORATION ASSOCIATION PAC (S-CORP PAC),THE S CORPORATION ASSOCIATION OF AMERICA,Q,T,FUZZY_REVIEW,93.75,S ASSOCIATION PAC S PAC,93.75
UPS,2020,AEG PAC,PAC - Qualified,Republican,6500.000000,AEG PAC,C00900886,AG PAC,,N,,FUZZY_REVIEW,92.3076923076923,AG PAC,92.3076923076923
XOM,2020,AEG PAC,PAC - Qualified,Republican,7000.000000,AEG PAC,C00900886,AG PAC,,N,,FUZZY_REVIEW,92.3076923076923,AG PAC,92.3076923076923
SCHW,2020,AEG PAC,PAC - Qualified,Republican,9600.000000,AEG PAC,C00900886,AG PAC,,N,,FUZZY_REVIEW,92.3076923076923,AG PAC,92.3076923076923
FE,2020,AEG PAC,PAC - Qualified,Republican,12800.000000,AEG PAC,C00900886,AG PAC,,N,,FUZZY_REVIEW,92.3076923076923,AG PAC,92.3076923076923
ACN,2020,GW PAC,PAC - Qualified,Republican,2000.000000,GW PAC,C00558734,G PAC,NONE,N,,FUZZY_REVIEW,90.9090909090909,G PAC,90.9090909090909
MSFT,2020,AEG PAC,PAC - Qualified,Republican,5800.000000,AEG PAC,C00900886,AG PAC,,N,,FUZZY_REVIEW,92.3076923076923,AG PAC,92.3076923076923
MPC,2020,GW PAC,PAC - Qualified,Republican,5000.000000,GW PAC,C00558734,G PAC,NONE,N,,FUZZY_REVIEW,90.9090909090909,G PAC,90.9090909090909
BFH,2024,"BREAD FINANCIAL HOLDINGS, INC. PAC (AKA BREAD FINANCIAL PAC)",PAC - Qualified,Dark PAC,74400.000000,BREAD FINANCIAL PAC AKA BREAD FINANCIAL PAC,C00918896,M FINANCIAL HOLDINGS INC. PAC (M FINANCIAL PAC),M FINANCIAL HOLDINGS INC.,N,C,FUZZY_REVIEW,92.85714285714286,M FINANCIAL PAC M FINANCIAL PAC,92.85714285714286
MA,2024,MASTERCARD INTERNATIONAL INC. EMPLOYEE PAC (MASTERCARD PAC) OR (MASTERCARD EMPLOYEE PAC),PAC - Qualified,Dark PAC,105500.000000,MASTERCARD INTERNATIONAL EMPLOYEE PAC MASTERCARD PAC OR MASTERCARD EMPLOYEE PAC,C00410274,MASTERCARD INTERNATIONAL INC. EMPLOYEES' PAC,MASTERCARD INTERNATIONAL INC.,Q,C,FUZZY_REVIEW,94.87179487179488,MASTERCARD INTERNATIONAL EMPLOYEES PAC,94.87179487179488
BAC,2022,CONSUMER BANKERS ASSOCIATION PAC,PAC - Qualified,Other,16000.000000,CONSUMER BANKERS ASSOCIATION PAC,C00493312,S CORPORATION ASSOCIATION PAC (S-CORP PAC),THE S CORPORATION ASSOCIATION OF AMERICA,Q,T,FUZZY_REVIEW,93.75,S ASSOCIATION PAC S PAC,93.75
MA,2026,MASTERCARD INTERNATIONAL INC. EMPLOYEE PAC (MASTERCARD PAC) OR (MASTERCARD EMPLOYEE PAC),PAC - Qualified,Dark PAC,22800.000000,MASTERCARD INTERNATIONAL EMPLOYEE PAC MASTERCARD PAC OR MASTERCARD EMPLOYEE PAC,C00410274,MASTERCARD INTERNATIONAL INC. EMPLOYEES' PAC,MASTERCARD INTERNATIONAL INC.,Q,C,FUZZY_REVIEW,94.87179487179488,MASTERCARD INTERNATIONAL EMPLOYEES PAC,94.87179487179488
GNW,2020,AEG PAC,PAC - Qualified,Republican,3000.000000,AEG PAC,C00900886,AG PAC,,N,,FUZZY_REVIEW,92.3076923076923,AG PAC,92.3076923076923
LMT,2020,GFC PAC,PAC - Nonqualified,Republican,6000.000000,GFC PAC,C00882555,FC PAC,NONE,O,,FUZZY_REVIEW,92.3076923076923,FC PAC,92.3076923076923
CI,2022,"BILL PASCRELL, JR. PUBLIC SERVICE FUND",PAC - Nonqualified,Democrat,5000.000000,BILL PASCRELL JR PUBLIC SERVICE FUND,C00678391,PUBLIC SERVICE 44 FUND,,H,,FUZZY_REVIEW,92.6829268292683,PUBLIC SERVICE 44 FUND,92.6829268292683
PEG,2022,"BILL PASCRELL, JR. PUBLIC SERVICE FUND",PAC - Nonqualified,Democrat,10000.000000,BILL PASCRELL JR PUBLIC SERVICE FUND,C00678391,PUBLIC SERVICE 44 FUND,,H,,FUZZY_REVIEW,92.6829268292683,PUBLIC SERVICE 44 FUND,92.6829268292683
RF,2022,CONSUMER BANKERS ASSOCIATION PAC,PAC - Qualified,Other,10000.000000,CONSUMER BANKERS ASSOCIATION PAC,C00493312,S CORPORATION ASSOCIATION PAC (S-CORP PAC),THE S CORPORATION ASSOCIATION OF AMERICA,Q,T,FUZZY_REVIEW,93.75,S ASSOCIATION PAC S PAC,93.75
PFG,2022,AEG PAC,PAC - Qualified,Republican,5000.000000,AEG PAC,C00900886,AG PAC,,N,,FUZZY_REVIEW,92.3076923076923,AG PAC,92.3076923076923
LHX,2022,"BILL PASCRELL, JR. PUBLIC SERVICE FUND",PAC - Nonqualified,Democrat,7500.000000,BILL PASCRELL JR PUBLIC SERVICE FUND,C00678391,PUBLIC SERVICE 44 FUND,,H,,FUZZY_REVIEW,92.6829268292683,PUBLIC SERVICE 44 FUND,92.6829268292683
COF,2024,CONSUMER BANKERS ASSOCIATION PAC,PAC - Qualified,Other,10000.000000,CONSUMER BANKERS ASSOCIATION PAC,C00493312,S CORPORATION ASSOCIATION PAC (S-CORP PAC),THE S CORPORATION ASSOCIATION OF AMERICA,Q,T,FUZZY_REVIEW,93.75,S ASSOCIATION PAC S PAC,93.75
MET,2024,"BILL PASCRELL, JR. PUBLIC SERVICE FUND",PAC - Nonqualified,Democrat,2500.000000,BILL PASCRELL JR PUBLIC SERVICE FUND,C00678391,PUBLIC SERVICE 44 FUND,,H,,FUZZY_REVIEW,92.6829268292683,PUBLIC SERVICE 44 FUND,92.6829268292683
AMGN,2024,"BILL PASCRELL, JR. PUBLIC SERVICE FUND",PAC - Nonqualified,Democrat,8000.000000,BILL PASCRELL JR PUBLIC SERVICE FUND,C00678391,PUBLIC SERVICE 44 FUND,,H,,FUZZY_REVIEW,92.6829268292683,PUBLIC SERVICE 44 FUND,92.6829268292683
JCI,2024,"BILL PASCRELL, JR. PUBLIC SERVICE FUND",PAC - Nonqualified,Democrat,5000.000000,BILL PASCRELL JR PUBLIC SERVICE FUND,C00678391,PUBLIC SERVICE 44 FUND,,H,,FUZZY_REVIEW,92.6829268292683,PUBLIC SERVICE 44 FUND,92.6829268292683
BRO,2024,"BILL PASCRELL, JR. PUBLIC SERVICE FUND",PAC - Nonqualified,Democrat,3300.000000,BILL PASCRELL JR PUBLIC SERVICE FUND,C00678391,PUBLIC SERVICE 44 FUND,,H,,FUZZY_REVIEW,92.6829268292683,PUBLIC SERVICE 44 FUND,92.6829268292683
JPM,2024,"BILL PASCRELL, JR. PUBLIC SERVICE FUND",PAC - Nonqualified,Democrat,6600.000000,BILL PASCRELL JR PUBLIC SERVICE FUND,C00678391,PUBLIC SERVICE 44 FUND,,H,,FUZZY_REVIEW,92.6829268292683,PUBLIC SERVICE 44 FUND,92.6829268292683
GD,2022,"BILL PASCRELL, JR. PUBLIC SERVICE FUND",PAC - Nonqualified,Democrat,2000.000000,BILL PASCRELL JR PUBLIC SERVICE FUND,C00678391,PUBLIC SERVICE 44 FUND,,H,,FUZZY_REVIEW,92.6829268292683,PUBLIC SERVICE 44 FUND,92.6829268292683
CBOE,2020,AEG PAC,PAC - Qualified,Republican,4000.000000,AEG PAC,C00900886,AG PAC,,N,,FUZZY_REVIEW,92.3076923076923,AG PAC,92.3076923076923
MA,2020,AEG PAC,PAC - Qualified,Republican,2000.000000,AEG PAC,C00900886,AG PAC,,N,,FUZZY_REVIEW,92.3076923076923,AG PAC,92.3076923076923
TGT,2020,AEG PAC,PAC - Qualified,Republican,3000.000000,AEG PAC,C00900886,AG PAC,,N,,FUZZY_REVIEW,92.3076923076923,AG PAC,92.3076923076923
GD,2020,"BILL PASCRELL, JR. PUBLIC SERVICE FUND",PAC - Nonqualified,Democrat,3000.000000,BILL PASCRELL JR PUBLIC SERVICE FUND,C00678391,PUBLIC SERVICE 44 FUND,,H,,FUZZY_REVIEW,92.6829268292683,PUBLIC SERVICE 44 FUND,92.6829268292683
NSC,2020,"BILL PASCRELL, JR. PUBLIC SERVICE FUND",PAC - Nonqualified,Democrat,4000.000000,BILL PASCRELL JR PUBLIC SERVICE FUND,C00678391,PUBLIC SERVICE 44 FUND,,H,,FUZZY_REVIEW,92.6829268292683,PUBLIC SERVICE 44 FUND,92.6829268292683
UPS,2020,GFC PAC,PAC - Nonqualified,Republican,4500.000000,GFC PAC,C00882555,FC PAC,NONE,O,,FUZZY_REVIEW,92.3076923076923,FC PAC,92.3076923076923
SYF,2022,CONSUMER BANKERS ASSOCIATION PAC,PAC - Qualified,Other,5000.000000,CONSUMER BANKERS ASSOCIATION PAC,C00493312,S CORPORATION ASSOCIATION PAC (S-CORP PAC),THE S CORPORATION ASSOCIATION OF AMERICA,Q,T,FUZZY_REVIEW,93.75,S ASSOCIATION PAC S PAC,93.75
JPM,2024,CONSUMER BANKERS ASSOCIATION PAC,PAC - Qualified,Other,10000.000000,CONSUMER BANKERS ASSOCIATION PAC,C00493312,S CORPORATION ASSOCIATION PAC (S-CORP PAC),THE S CORPORATION ASSOCIATION OF AMERICA,Q,T,FUZZY_REVIEW,93.75,S ASSOCIATION PAC S PAC,93.75
LUV,2022,AEG PAC,PAC - Qualified,Republican,2500.000000,AEG PAC,C00900886,AG PAC,,N,,FUZZY_REVIEW,92.3076923076923,AG PAC,92.3076923076923
PSX,2020,GW PAC,PAC - Qualified,Republican,2500.000000,GW PAC,C00558734,G PAC,NONE,N,,FUZZY_REVIEW,90.9090909090909,G PAC,90.9090909090909
HBAN,2020,CONSUMER BANKERS ASSOCIATION PAC,PAC - Qualified,Other,10000.000000,CONSUMER BANKERS ASSOCIATION PAC,C00493312,S CORPORATION ASSOCIATION PAC (S-CORP PAC),THE S CORPORATION ASSOCIATION OF AMERICA,Q,T,FUZZY_REVIEW,93.75,S ASSOCIATION PAC S PAC,93.75
NI,2024,MR FOR OHIO STATE SENATE,PAC - Nonqualified,Dark PAC,1000.000000,MR OHIO STATE SENATE,C00890582,MICHAEL RULLI FOR OHIO STATE SENATE,NONE,N,,FUZZY_REVIEW,91.89189189189189,MICHAEL RULLI OHIO STATE SENATE,91.89189189189189
MHO,2022,AEG PAC,PAC - Qualified,Republican,5000.000000,AEG PAC,C00900886,AG PAC,,N,,FUZZY_REVIEW,92.3076923076923,AG PAC,92.3076923076923
GPN,2020,GFC PAC,PAC - Nonqualified,Republican,1000.000000,GFC PAC,C00882555,FC PAC,NONE,O,,FUZZY_REVIEW,92.3076923076923,FC PAC,92.3076923076923
BRK.A,2020,GW PAC,PAC - Qualified,Republican,6000.000000,GW PAC,C00558734,G PAC,NONE,N,,FUZZY_REVIEW,90.9090909090909,G PAC,90.9090909090909
TRIP,2020,COHN FOR CONGRESS 2022,House,Democrat,2800.000000,COHN CONGRESS 2022,C00718650,COHN FOR CONGRESS 2020,HOUSE VICTORY PROJECT 2020,H,,FUZZY_REVIEW,94.44444444444444,COHN CONGRESS 2020,94.44444444444444
SPGI,2020,GW PAC,PAC - Qualified,Republican,1000.000000,GW PAC,C00558734,G PAC,NONE,N,,FUZZY_REVIEW,90.9090909090909,G PAC,90.9090909090909
AIZ,2020,AEG PAC,PAC - Qualified,Republican,2000.000000,AEG PAC,C00900886,AG PAC,,N,,FUZZY_REVIEW,92.3076923076923,AG PAC,92.3076923076923
NOC,2020,"BILL PASCRELL, JR. PUBLIC SERVICE FUND",PAC - Nonqualified,Democrat,4000.000000,BILL PASCRELL JR PUBLIC SERVICE FUND,C00678391,PUBLIC SERVICE 44 FUND,,H,,FUZZY_REVIEW,92.6829268292683,PUBLIC SERVICE 44 FUND,92.6829268292683
TFC,2020,GFC PAC,PAC - Nonqualified,Republican,10000.000000,GFC PAC,C00882555,FC PAC,NONE,O,,FUZZY_REVIEW,92.3076923076923,FC PAC,92.3076923076923
LUMN,2022,AEG PAC,PAC - Qualified,Republican,1500.000000,AEG PAC,C00900886,AG PAC,,N,,FUZZY_REVIEW,92.3076923076923,AG PAC,92.3076923076923
QCOM,2020,COHN FOR CONGRESS 2022,House,Democrat,1000.000000,COHN CONGRESS 2022,C00718650,COHN FOR CONGRESS 2020,HOUSE VICTORY PROJECT 2020,H,,FUZZY_REVIEW,94.44444444444444,COHN CONGRESS 2020,94.44444444444444
MS,2020,GFC PAC,PAC - Nonqualified,Republican,1000.000000,GFC PAC,C00882555,FC PAC,NONE,O,,FUZZY_REVIEW,92.3076923076923,FC PAC,92.3076923076923
XOM,2026,LIQUID ENERGY PIPELINE ASSOCIATION PAC,PAC - Qualified,Dark PAC,5000.000000,LIQUID ENERGY PIPELINE ASSOCIATION PAC,C00493312,S CORPORATION ASSOCIATION PAC (S-CORP PAC),THE S CORPORATION ASSOCIATION OF AMERICA,Q,T,FUZZY_REVIEW,93.75,S ASSOCIATION PAC S PAC,93.75
ELV,2022,AEG PAC,PAC - Qualified,Republican,2000.000000,AEG PAC,C00900886,AG PAC,,N,,FUZZY_REVIEW,92.3076923076923,AG PAC,92.3076923076923
CRM,2020,GROUNDWORK PROJECT PAC,Hybrid PAC (with Non-Contribution Account) - Qualified,Democrat,5000.000000,GROUNDWORK PROJECT PAC,C00785857,GROUNDWORK PROJECT AND NDRC FUND,,N,,FUZZY_REVIEW,90.0,GROUNDWORK PROJECT NDRC FUND,90.0
PNC,2022,AEG PAC,PAC - Qualified,Republican,1500.000000,AEG PAC,C00900886,AG PAC,,N,,FUZZY_REVIEW,92.3076923076923,AG PAC,92.3076923076923
AXP,2024,"BILL PASCRELL, JR. PUBLIC SERVICE FUND",PAC - Nonqualified,Democrat,2500.000000,BILL PASCRELL JR PUBLIC SERVICE FUND,C00678391,PUBLIC SERVICE 44 FUND,,H,,FUZZY_REVIEW,92.6829268292683,PUBLIC SERVICE 44 FUND,92.6829268292683
GM,2020,"BILL PASCRELL, JR. PUBLIC SERVICE FUND",PAC - Nonqualified,Democrat,2500.000000,BILL PASCRELL JR PUBLIC SERVICE FUND,C00678391,PUBLIC SERVICE 44 FUND,,H,,FUZZY_REVIEW,92.6829268292683,PUBLIC SERVICE 44 FUND,92.6829268292683
ETN,2022,DOLAN FOR OHIO22,Senate,Republican,2000.000000,DOLAN OHIO22,C00790386,DOLAN FOR OHIO,NONE,S,,FUZZY_REVIEW,90.9090909090909,DOLAN OHIO,90.9090909090909
AFL,2022,AEG PAC,PAC - Qualified,Republican,1000.000000,AEG PAC,C00900886,AG PAC,,N,,FUZZY_REVIEW,92.3076923076923,AG PAC,92.3076923076923
BX,2020,COHN FOR CONGRESS 2022,House,Democrat,2800.000000,COHN CONGRESS 2022,C00718650,COHN FOR CONGRESS 2020,HOUSE VICTORY PROJECT 2020,H,,FUZZY_REVIEW,94.44444444444444,COHN CONGRESS 2020,94.44444444444444
IP,2020,GW PAC,PAC - Qualified,Republican,2500.000000,GW PAC,C00558734,G PAC,NONE,N,,FUZZY_REVIEW,90.9090909090909,G PAC,90.9090909090909
AIG,2020,"BILL PASCRELL, JR. PUBLIC SERVICE FUND",PAC - Nonqualified,Democrat,1000.000000,BILL PASCRELL JR PUBLIC SERVICE FUND,C00678391,PUBLIC SERVICE 44 FUND,,H,,FUZZY_REVIEW,92.6829268292683,PUBLIC SERVICE 44 FUND,92.6829268292683
NSC,2020,GW PAC,PAC - Qualified,Republican,5000.000000,GW PAC,C00558734,G PAC,NONE,N,,FUZZY_REVIEW,90.9090909090909,G PAC,90.9090909090909
OXY,2020,GFC PAC,PAC - Nonqualified,Republican,1000.000000,GFC PAC,C00882555,FC PAC,NONE,O,,FUZZY_REVIEW,92.3076923076923,FC PAC,92.3076923076923
TRGP,2026,LIQUID ENERGY PIPELINE ASSOCIATION PAC,PAC - Qualified,Dark PAC,5000.000000,LIQUID ENERGY PIPELINE ASSOCIATION PAC,C00493312,S CORPORATION ASSOCIATION PAC (S-CORP PAC),THE S CORPORATION ASSOCIATION OF AMERICA,Q,T,FUZZY_REVIEW,93.75,S ASSOCIATION PAC S PAC,93.75
TFC,2022,AEG PAC,PAC - Qualified,Republican,2500.000000,AEG PAC,C00900886,AG PAC,,N,,FUZZY_REVIEW,92.3076923076923,AG PAC,92.3076923076923
GM,2020,GW PAC,PAC - Qualified,Republican,2000.000000,GW PAC,C00558734,G PAC,NONE,N,,FUZZY_REVIEW,90.9090909090909,G PAC,90.9090909090909
CSX,2020,GW PAC,PAC - Qualified,Republican,5000.000000,GW PAC,C00558734,G PAC,NONE,N,,FUZZY_REVIEW,90.9090909090909,G PAC,90.9090909090909
IRM,2020,GW PAC,PAC - Qualified,Republican,1500.000000,GW PAC,C00558734,G PAC,NONE,N,,FUZZY_REVIEW,90.9090909090909,G PAC,90.9090909090909
RJF,2020,AEG PAC,PAC - Qualified,Republican,1000.000000,AEG PAC,C00900886,AG PAC,,N,,FUZZY_REVIEW,92.3076923076923,AG PAC,92.3076923076923
SPGI,2020,GFC PAC,PAC - Nonqualified,Republican,2500.000000,GFC PAC,C00882555,FC PAC,NONE,O,,FUZZY_REVIEW,92.3076923076923,FC PAC,92.3076923076923
GE,2020,GFC PAC,PAC - Nonqualified,Republican,1000.000000,GFC PAC,C00882555,FC PAC,NONE,O,,FUZZY_REVIEW,92.3076923076923,FC PAC,92.3076923076923
CAH,2020,AEG PAC,PAC - Qualified,Republican,2500.000000,AEG PAC,C00900886,AG PAC,,N,,FUZZY_REVIEW,92.3076923076923,AG PAC,92.3076923076923
WY,2020,GW PAC,PAC - Qualified,Republican,1500.000000,GW PAC,C00558734,G PAC,NONE,N,,FUZZY_REVIEW,90.9090909090909,G PAC,90.9090909090909
CMA,2020,CONSUMER BANKERS ASSOCIATION PAC,PAC - Qualified,Other,12500.000000,CONSUMER BANKERS ASSOCIATION PAC,C00493312,S CORPORATION ASSOCIATION PAC (S-CORP PAC),THE S CORPORATION ASSOCIATION OF AMERICA,Q,T,FUZZY_REVIEW,93.75,S ASSOCIATION PAC S PAC,93.75
ATNI,2020,GW PAC,PAC - Qualified,Republican,1500.000000,GW PAC,C00558734,G PAC,NONE,N,,FUZZY_REVIEW,90.9090909090909,G PAC,90.9090909090909
HD,2020,GW PAC,PAC - Qualified,Republican,7500.000000,GW PAC,C00558734,G PAC,NONE,N,,FUZZY_REVIEW,90.9090909090909,G PAC,90.9090909090909
PAG,2024,CONCORDE CAREER COLLEGES AND UNIVERSAL TECHNICAL INSTITUTE INC. PAC,PAC - Qualified,Dark PAC,2500.000000,CONCORDE CAREER COLLEGES UNIVERSAL TECHNICAL INSTITUTE PAC,C00497545,UNIVERSAL TECHNICAL INSTITUTE INC. PAC (UTIPAC),UNIVERSAL TECHNICAL INSTITUTE INC. PAC (UTIPAC),Q,C,FUZZY_REVIEW,90.41095890410959,UNIVERSAL TECHNICAL INSTITUTE PAC UTIPAC,90.41095890410959
ALNY,2022,AEG PAC,PAC - Qualified,Republican,1000.000000,AEG PAC,C00900886,AG PAC,,N,,FUZZY_REVIEW,92.3076923076923,AG PAC,92.3076923076923
TGT,2024,"BILL PASCRELL, JR. PUBLIC SERVICE FUND",PAC - Nonqualified,Democrat,1500.000000,BILL PASCRELL JR PUBLIC SERVICE FUND,C00678391,PUBLIC SERVICE 44 FUND,,H,,FUZZY_REVIEW,92.6829268292683,PUBLIC SERVICE 44 FUND,92.6829268292683
WM,2020,"BILL PASCRELL, JR. PUBLIC SERVICE FUND",PAC - Nonqualified,Democrat,1000.000000,BILL PASCRELL JR PUBLIC SERVICE FUND,C00678391,PUBLIC SERVICE 44 FUND,,H,,FUZZY_REVIEW,92.6829268292683,PUBLIC SERVICE 44 FUND,92.6829268292683
USB,2022,CONSUMER BANKERS ASSOCIATION PAC,PAC - Qualified,Other,10000.000000,CONSUMER BANKERS ASSOCIATION PAC,C00493312,S CORPORATION ASSOCIATION PAC (S-CORP PAC),THE S CORPORATION ASSOCIATION OF AMERICA,Q,T,FUZZY_REVIEW,93.75,S ASSOCIATION PAC S PAC,93.75
MS,2022,"BILL PASCRELL, JR. PUBLIC SERVICE FUND",PAC - Nonqualified,Democrat,10000.000000,BILL PASCRELL JR PUBLIC SERVICE FUND,C00678391,PUBLIC SERVICE 44 FUND,,H,,FUZZY_REVIEW,92.6829268292683,PUBLIC SERVICE 44 FUND,92.6829268292683
T,2022,"BILL PASCRELL, JR. PUBLIC SERVICE FUND",PAC - Nonqualified,Democrat,8000.000000,BILL PASCRELL JR PUBLIC SERVICE FUND,C00678391,PUBLIC SERVICE 44 FUND,,H,,FUZZY_REVIEW,92.6829268292683,PUBLIC SERVICE 44 FUND,92.6829268292683
MA,2020,MASTERCARD INTERNATIONAL INC. EMPLOYEE PAC (MASTERCARD PAC) OR (MASTERCARD EMPLOYEE PAC),PAC - Qualified,Dark PAC,138500.000000,MASTERCARD INTERNATIONAL EMPLOYEE PAC MASTERCARD PAC OR MASTERCARD EMPLOYEE PAC,C00410274,MASTERCARD INTERNATIONAL INC. EMPLOYEES' PAC,MASTERCARD INTERNATIONAL INC.,Q,C,FUZZY_REVIEW,94.87179487179488,MASTERCARD INTERNATIONAL EMPLOYEES PAC,94.87179487179488
AXP,2020,AEG PAC,PAC - Qualified,Republican,4000.000000,AEG PAC,C00900886,AG PAC,,N,,FUZZY_REVIEW,92.3076923076923,AG PAC,92.3076923076923
DAL,2020,GFC PAC,PAC - Nonqualified,Republican,5000.000000,GFC PAC,C00882555,FC PAC,NONE,O,,FUZZY_REVIEW,92.3076923076923,FC PAC,92.3076923076923
SJM,2020,AEG PAC,PAC - Qualified,Republican,15000.000000,AEG PAC,C00900886,AG PAC,,N,,FUZZY_REVIEW,92.3076923076923,AG PAC,92.3076923076923
V,2020,AEG PAC,PAC - Qualified,Republican,7500.000000,AEG PAC,C00900886,AG PAC,,N,,FUZZY_REVIEW,92.3076923076923,AG PAC,92.3076923076923
AMZN,2020,AEG PAC,PAC - Qualified,Republican,4000.000000,AEG PAC,C00900886,AG PAC,,N,,FUZZY_REVIEW,92.3076923076923,AG PAC,92.3076923076923
PRU,2020,AEG PAC,PAC - Qualified,Republican,10000.000000,AEG PAC,C00900886,AG PAC,,N,,FUZZY_REVIEW,92.3076923076923,AG PAC,92.3076923076923
D,2020,GW PAC,PAC - Qualified,Republican,5000.000000,GW PAC,C00558734,G PAC,NONE,N,,FUZZY_REVIEW,90.9090909090909,G PAC,90.9090909090909
USB,2020,CONSUMER BANKERS ASSOCIATION PAC,PAC - Qualified,Other,20000.000000,CONSUMER BANKERS ASSOCIATION PAC,C00493312,S CORPORATION ASSOCIATION PAC (S-CORP PAC),THE S CORPORATION ASSOCIATION OF AMERICA,Q,T,FUZZY_REVIEW,93.75,S ASSOCIATION PAC S PAC,93.75
HON,2020,AEG PAC,PAC - Qualified,Republican,4000.000000,AEG PAC,C00900886,AG PAC,,N,,FUZZY_REVIEW,92.3076923076923,AG PAC,92.3076923076923
CMA,2020,AEG PAC,PAC - Qualified,Republican,3000.000000,AEG PAC,C00900886,AG PAC,,N,,FUZZY_REVIEW,92.3076923076923,AG PAC,92.3076923076923
JNJ,2020,"BILL PASCRELL, JR. PUBLIC SERVICE FUND",PAC - Nonqualified,Democrat,10000.000000,BILL PASCRELL JR PUBLIC SERVICE FUND,C00678391,PUBLIC SERVICE 44 FUND,,H,,FUZZY_REVIEW,92.6829268292683,PUBLIC SERVICE 44 FUND,92.6829268292683
NI,2020,AEG PAC,PAC - Qualified,Republican,2000.000000,AEG PAC,C00900886,AG PAC,,N,,FUZZY_REVIEW,92.3076923076923,AG PAC,92.3076923076923
MSI,2020,GW PAC,PAC - Qualified,Republican,5000.000000,GW PAC,C00558734,G PAC,NONE,N,,FUZZY_REVIEW,90.9090909090909,G PAC,90.9090909090909
CMCSA,2022,AEG PAC,PAC - Qualified,Republican,2000.000000,AEG PAC,C00900886,AG PAC,,N,,FUZZY_REVIEW,92.3076923076923,AG PAC,92.3076923076923
MET,2022,"BILL PASCRELL, JR. PUBLIC SERVICE FUND",PAC - Nonqualified,Democrat,3500.000000,BILL PASCRELL JR PUBLIC SERVICE FUND,C00678391,PUBLIC SERVICE 44 FUND,,H,,FUZZY_REVIEW,92.6829268292683,PUBLIC SERVICE 44 FUND,92.6829268292683
ORCL,2020,GROUNDWORK PROJECT PAC,Hybrid PAC (with Non-Contribution Account) - Qualified,Democrat,7800.000000,GROUNDWORK PROJECT PAC,C00785857,GROUNDWORK PROJECT AND NDRC FUND,,N,,FUZZY_REVIEW,90.0,GROUNDWORK PROJECT NDRC FUND,90.0
ELV,2020,AEG PAC,PAC - Qualified,Republican,2000.000000,AEG PAC,C00900886,AG PAC,,N,,FUZZY_REVIEW,92.3076923076923,AG PAC,92.3076923076923
KEY,2020,CONSUMER BANKERS ASSOCIATION PAC,PAC - Qualified,Other,8000.000000,CONSUMER BANKERS ASSOCIATION PAC,C00493312,S CORPORATION ASSOCIATION PAC (S-CORP PAC),THE S CORPORATION ASSOCIATION OF AMERICA,Q,T,FUZZY_REVIEW,93.75,S ASSOCIATION PAC S PAC,93.75
TKR,2022,AEG PAC,PAC - Qualified,Republican,5800.000000,AEG PAC,C00900886,AG PAC,,N,,FUZZY_REVIEW,92.3076923076923,AG PAC,92.3076923076923
RF,2022,AEG PAC,PAC - Qualified,Republican,4500.000000,AEG PAC,C00900886,AG PAC,,N,,FUZZY_REVIEW,92.3076923076923,AG PAC,92.3076923076923
GS,2022,AEG PAC,PAC - Qualified,Republican,6600.000000,AEG PAC,C00900886,AG PAC,,N,,FUZZY_REVIEW,92.3076923076923,AG PAC,92.3076923076923
PFG,2022,"BILL PASCRELL, JR. PUBLIC SERVICE FUND",PAC - Nonqualified,Democrat,2000.000000,BILL PASCRELL JR PUBLIC SERVICE FUND,C00678391,PUBLIC SERVICE 44 FUND,,H,,FUZZY_REVIEW,92.6829268292683,PUBLIC SERVICE 44 FUND,92.6829268292683
C,2022,"BILL PASCRELL, JR. PUBLIC SERVICE FUND",PAC - Nonqualified,Democrat,2000.000000,BILL PASCRELL JR PUBLIC SERVICE FUND,C00678391,PUBLIC SERVICE 44 FUND,,H,,FUZZY_REVIEW,92.6829268292683,PUBLIC SERVICE 44 FUND,92.6829268292683
DVA,2020,"BILL PASCRELL, JR. PUBLIC SERVICE FUND",PAC - Nonqualified,Democrat,4000.000000,BILL PASCRELL JR PUBLIC SERVICE FUND,C00678391,PUBLIC SERVICE 44 FUND,,H,,FUZZY_REVIEW,92.6829268292683,PUBLIC SERVICE 44 FUND,92.6829268292683
BA,2020,"BILL PASCRELL, JR. PUBLIC SERVICE FUND",PAC - Nonqualified,Democrat,2000.000000,BILL PASCRELL JR PUBLIC SERVICE FUND,C00678391,PUBLIC SERVICE 44 FUND,,H,,FUZZY_REVIEW,92.6829268292683,PUBLIC SERVICE 44 FUND,92.6829268292683
UAL,2020,AEG PAC,PAC - Qualified,Republican,2000.000000,AEG PAC,C00900886,AG PAC,,N,,FUZZY_REVIEW,92.3076923076923,AG PAC,92.3076923076923
BK,2020,AEG PAC,PAC - Qualified,Republican,3000.000000,AEG PAC,C00900886,AG PAC,,N,,FUZZY_REVIEW,92.3076923076923,AG PAC,92.3076923076923
LHX,2020,GW PAC,PAC - Qualified,Republican,3000.000000,GW PAC,C00558734,G PAC,NONE,N,,FUZZY_REVIEW,90.9090909090909,G PAC,90.9090909090909
VZ,2020,AEG PAC,PAC - Qualified,Republican,3500.000000,AEG PAC,C00900886,AG PAC,,N,,FUZZY_REVIEW,92.3076923076923,AG PAC,92.3076923076923
USB,2024,CONSUMER BANKERS ASSOCIATION PAC,PAC - Qualified,Other,10000.000000,CONSUMER BANKERS ASSOCIATION PAC,C00493312,S CORPORATION ASSOCIATION PAC (S-CORP PAC),THE S CORPORATION ASSOCIATION OF AMERICA,Q,T,FUZZY_REVIEW,93.75,S ASSOCIATION PAC S PAC,93.75
ZEUS,2022,AEG PAC,PAC - Qualified,Republican,2900.000000,AEG PAC,C00900886,AG PAC,,N,,FUZZY_REVIEW,92.3076923076923,AG PAC,92.3076923076923
MOH,2020,GW PAC,PAC - Qualified,Republican,4000.000000,GW PAC,C00558734,G PAC,NONE,N,,FUZZY_REVIEW,90.9090909090909,G PAC,90.9090909090909
MGM,2020,AEG PAC,PAC - Qualified,Republican,1000.000000,AEG PAC,C00900886,AG PAC,,N,,FUZZY_REVIEW,92.3076923076923,AG PAC,92.3076923076923
GOOGL,2024,TAXPAC,Hybrid PAC (with Non-Contribution Account) - Nonqualified,Other,1000.000000,TAXPAC,C00925529,AXPAC,,N,,FUZZY_REVIEW,90.9090909090909,AXPAC,90.9090909090909
RJF,2022,AEG PAC,PAC - Qualified,Republican,1500.000000,AEG PAC,C00900886,AG PAC,,N,,FUZZY_REVIEW,92.3076923076923,AG PAC,92.3076923076923
STT,2022,AEG PAC,PAC - Qualified,Republican,1000.000000,AEG PAC,C00900886,AG PAC,,N,,FUZZY_REVIEW,92.3076923076923,AG PAC,92.3076923076923
MRK,2020,GW PAC,PAC - Qualified,Republican,6000.000000,GW PAC,C00558734,G PAC,NONE,N,,FUZZY_REVIEW,90.9090909090909,G PAC,90.9090909090909
AMGN,2020,GW PAC,PAC - Qualified,Republican,6000.000000,GW PAC,C00558734,G PAC,NONE,N,,FUZZY_REVIEW,90.9090909090909,G PAC,90.9090909090909
HON,2020,GW PAC,PAC - Qualified,Republican,2500.000000,GW PAC,C00558734,G PAC,NONE,N,,FUZZY_REVIEW,90.9090909090909,G PAC,90.9090909090909
MTB,2024,CONSUMER BANKERS ASSOCIATION PAC,PAC - Qualified,Other,5000.000000,CONSUMER BANKERS ASSOCIATION PAC,C00493312,S CORPORATION ASSOCIATION PAC (S-CORP PAC),THE S CORPORATION ASSOCIATION OF AMERICA,Q,T,FUZZY_REVIEW,93.75,S ASSOCIATION PAC S PAC,93.75
FDX,2020,"BILL PASCRELL, JR. PUBLIC SERVICE FUND",PAC - Nonqualified,Democrat,2500.000000,BILL PASCRELL JR PUBLIC SERVICE FUND,C00678391,PUBLIC SERVICE 44 FUND,,H,,FUZZY_REVIEW,92.6829268292683,PUBLIC SERVICE 44 FUND,92.6829268292683
MCD,2020,GW PAC,PAC - Qualified,Republican,1000.000000,GW PAC,C00558734,G PAC,NONE,N,,FUZZY_REVIEW,90.9090909090909,G PAC,90.9090909090909
PAG,2020,CONCORDE CAREER COLLEGES AND UNIVERSAL TECHNICAL INSTITUTE INC. PAC,PAC - Qualified,Dark PAC,2500.000000,CONCORDE CAREER COLLEGES UNIVERSAL TECHNICAL INSTITUTE PAC,C00497545,UNIVERSAL TECHNICAL INSTITUTE INC. PAC (UTIPAC),UNIVERSAL TECHNICAL INSTITUTE INC. PAC (UTIPAC),Q,C,FUZZY_REVIEW,90.41095890410959,UNIVERSAL TECHNICAL INSTITUTE PAC UTIPAC,90.41095890410959
CZR,2024,"BILL PASCRELL, JR. PUBLIC SERVICE FUND",PAC - Nonqualified,Democrat,1000.000000,BILL PASCRELL JR PUBLIC SERVICE FUND,C00678391,PUBLIC SERVICE 44 FUND,,H,,FUZZY_REVIEW,92.6829268292683,PUBLIC SERVICE 44 FUND,92.6829268292683
BSX,2020,AEG PAC,PAC - Qualified,Republican,1000.000000,AEG PAC,C00900886,AG PAC,,N,,FUZZY_REVIEW,92.3076923076923,AG PAC,92.3076923076923
ELV,2020,"BILL PASCRELL, JR. PUBLIC SERVICE FUND",PAC - Nonqualified,Democrat,1000.000000,BILL PASCRELL JR PUBLIC SERVICE FUND,C00678391,PUBLIC SERVICE 44 FUND,,H,,FUZZY_REVIEW,92.6829268292683,PUBLIC SERVICE 44 FUND,92.6829268292683
AON,2020,AEG PAC,PAC - Qualified,Republican,1500.000000,AEG PAC,C00900886,AG PAC,,N,,FUZZY_REVIEW,92.3076923076923,AG PAC,92.3076923076923
NLY,2020,AEG PAC,PAC - Qualified,Republican,1000.000000,AEG PAC,C00900886,AG PAC,,N,,FUZZY_REVIEW,92.3076923076923,AG PAC,92.3076923076923
BMRN,2020,GW PAC,PAC - Qualified,Republican,1500.000000,GW PAC,C00558734,G PAC,NONE,N,,FUZZY_REVIEW,90.9090909090909,G PAC,90.9090909090909
LH,2020,GW PAC,PAC - Qualified,Republican,3000.000000,GW PAC,C00558734,G PAC,NONE,N,,FUZZY_REVIEW,90.9090909090909,G PAC,90.9090909090909
WFC,2022,CONSUMER BANKERS ASSOCIATION PAC,PAC - Qualified,Other,15000.000000,CONSUMER BANKERS ASSOCIATION PAC,C00493312,S CORPORATION ASSOCIATION PAC (S-CORP PAC),THE S CORPORATION ASSOCIATION OF AMERICA,Q,T,FUZZY_REVIEW,93.75,S ASSOCIATION PAC S PAC,93.75
WMB,2020,AEG PAC,PAC - Qualified,Republican,1000.000000,AEG PAC,C00900886,AG PAC,,N,,FUZZY_REVIEW,92.3076923076923,AG PAC,92.3076923076923
BMY,2024,"BILL PASCRELL, JR. PUBLIC SERVICE FUND",PAC - Nonqualified,Democrat,1000.000000,BILL PASCRELL JR PUBLIC SERVICE FUND,C00678391,PUBLIC SERVICE 44 FUND,,H,,FUZZY_REVIEW,92.6829268292683,PUBLIC SERVICE 44 FUND,92.6829268292683
CAT,2020,GW PAC,PAC - Qualified,Republican,2500.000000,GW PAC,C00558734,G PAC,NONE,N,,FUZZY_REVIEW,90.9090909090909,G PAC,90.9090909090909
USB,2020,AEG PAC,PAC - Qualified,Republican,3000.000000,AEG PAC,C00900886,AG PAC,,N,,FUZZY_REVIEW,92.3076923076923,AG PAC,92.3076923076923
LOW,2020,GFC PAC,PAC - Nonqualified,Republican,2500.000000,GFC PAC,C00882555,FC PAC,NONE,O,,FUZZY_REVIEW,92.3076923076923,FC PAC,92.3076923076923
MSFT,2020,GW PAC,PAC - Qualified,Republican,3500.000000,GW PAC,C00558734,G PAC,NONE,N,,FUZZY_REVIEW,90.9090909090909,G PAC,90.9090909090909
PSX,2024,LIQUID ENERGY PIPELINE ASSOCIATION PAC,PAC - Qualified,Dark PAC,2000.000000,LIQUID ENERGY PIPELINE ASSOCIATION PAC,C00493312,S CORPORATION ASSOCIATION PAC (S-CORP PAC),THE S CORPORATION ASSOCIATION OF AMERICA,Q,T,FUZZY_REVIEW,93.75,S ASSOCIATION PAC S PAC,93.75
PG,2020,"BILL PASCRELL, JR. PUBLIC SERVICE FUND",PAC - Nonqualified,Democrat,2500.000000,BILL PASCRELL JR PUBLIC SERVICE FUND,C00678391,PUBLIC SERVICE 44 FUND,,H,,FUZZY_REVIEW,92.6829268292683,PUBLIC SERVICE 44 FUND,92.6829268292683
WMB,2022,LIQUID ENERGY PIPELINE ASSOCIATION PAC,PAC - Qualified,Dark PAC,5000.000000,LIQUID ENERGY PIPELINE ASSOCIATION PAC,C00493312,S CORPORATION ASSOCIATION PAC (S-CORP PAC),THE S CORPORATION ASSOCIATION OF AMERICA,Q,T,FUZZY_REVIEW,93.75,S ASSOCIATION PAC S PAC,93.75
GE,2020,GW PAC,PAC - Qualified,Republican,1000.000000,GW PAC,C00558734,G PAC,NONE,N,,FUZZY_REVIEW,90.9090909090909,G PAC,90.9090909090909
T,2020,GFC PAC,PAC - Nonqualified,Republican,5000.000000,GFC PAC,C00882555,FC PAC,NONE,O,,FUZZY_REVIEW,92.3076923076923,FC PAC,92.3076923076923
VZ,2020,GFC PAC,PAC - Nonqualified,Republican,3500.000000,GFC PAC,C00882555,FC PAC,NONE,O,,FUZZY_REVIEW,92.3076923076923,FC PAC,92.3076923076923
CLF,2022,AEG PAC,PAC - Qualified,Republican,3000.000000,AEG PAC,C00900886,AG PAC,,N,,FUZZY_REVIEW,92.3076923076923,AG PAC,92.3076923076923
DUK,2022,"BILL PASCRELL, JR. PUBLIC SERVICE FUND",PAC - Nonqualified,Democrat,2000.000000,BILL PASCRELL JR PUBLIC SERVICE FUND,C00678391,PUBLIC SERVICE 44 FUND,,H,,FUZZY_REVIEW,92.6829268292683,PUBLIC SERVICE 44 FUND,92.6829268292683
UNM,2020,GFC PAC,PAC - Nonqualified,Republican,1000.000000,GFC PAC,C00882555,FC PAC,NONE,O,,FUZZY_REVIEW,92.3076923076923,FC PAC,92.3076923076923
KR,2022,DOLAN FOR OHIO22,Senate,Republican,2000.000000,DOLAN OHIO22,C00790386,DOLAN FOR OHIO,NONE,S,,FUZZY_REVIEW,90.9090909090909,DOLAN OHIO,90.9090909090909
NUE,2020,AEG PAC,PAC - Qualified,Republican,2000.000000,AEG PAC,C00900886,AG PAC,,N,,FUZZY_REVIEW,92.3076923076923,AG PAC,92.3076923076923
GLW,2020,GW PAC,PAC - Qualified,Republican,2500.000000,GW PAC,C00558734,G PAC,NONE,N,,FUZZY_REVIEW,90.9090909090909,G PAC,90.9090909090909
VLO,2020,GW PAC,PAC - Qualified,Republican,2500.000000,GW PAC,C00558734,G PAC,NONE,N,,FUZZY_REVIEW,90.9090909090909,G PAC,90.9090909090909
TMUS,2020,GFC PAC,PAC - Nonqualified,Republican,4500.000000,GFC PAC,C00882555,FC PAC,NONE,O,,FUZZY_REVIEW,92.3076923076923,FC PAC,92.3076923076923
PTC,2024,"BILL PASCRELL, JR. PUBLIC SERVICE FUND",PAC - Nonqualified,Democrat,1000.000000,BILL PASCRELL JR PUBLIC SERVICE FUND,C00678391,PUBLIC SERVICE 44 FUND,,H,,FUZZY_REVIEW,92.6829268292683,PUBLIC SERVICE 44 FUND,92.6829268292683
WFC,2024,CONSUMER BANKERS ASSOCIATION PAC,PAC - Qualified,Other,5000.000000,CONSUMER BANKERS ASSOCIATION PAC,C00493312,S CORPORATION ASSOCIATION PAC (S-CORP PAC),THE S CORPORATION ASSOCIATION OF AMERICA,Q,T,FUZZY_REVIEW,93.75,S ASSOCIATION PAC S PAC,93.75
AMAL,2022,"BILL PASCRELL, JR. PUBLIC SERVICE FUND",PAC - Nonqualified,Democrat,1000.000000,BILL PASCRELL JR PUBLIC SERVICE FUND,C00678391,PUBLIC SERVICE 44 FUND,,H,,FUZZY_REVIEW,92.6829268292683,PUBLIC SERVICE 44 FUND,92.6829268292683
XOM,2022,AEG PAC,PAC - Qualified,Republican,2000.000000,AEG PAC,C00900886,AG PAC,,N,,FUZZY_REVIEW,92.3076923076923,AG PAC,92.3076923076923
DUK,2022,AEG PAC,PAC - Qualified,Republican,2000.000000,AEG PAC,C00900886,AG PAC,,N,,FUZZY_REVIEW,92.3076923076923,AG PAC,92.3076923076923
SJM,2022,AEG PAC,PAC - Qualified,Republican,5800.000000,AEG PAC,C00900886,AG PAC,,N,,FUZZY_REVIEW,92.3076923076923,AG PAC,92.3076923076923
MS,2020,"BILL PASCRELL, JR. PUBLIC SERVICE FUND",PAC - Nonqualified,Democrat,13000.000000,BILL PASCRELL JR PUBLIC SERVICE FUND,C00678391,PUBLIC SERVICE 44 FUND,,H,,FUZZY_REVIEW,92.6829268292683,PUBLIC SERVICE 44 FUND,92.6829268292683
PNC,2020,CONSUMER BANKERS ASSOCIATION PAC,PAC - Qualified,Other,14500.000000,CONSUMER BANKERS ASSOCIATION PAC,C00493312,S CORPORATION ASSOCIATION PAC (S-CORP PAC),THE S CORPORATION ASSOCIATION OF AMERICA,Q,T,FUZZY_REVIEW,93.75,S ASSOCIATION PAC S PAC,93.75
DGX,2020,"BILL PASCRELL, JR. PUBLIC SERVICE FUND",PAC - Nonqualified,Democrat,7500.000000,BILL PASCRELL JR PUBLIC SERVICE FUND,C00678391,PUBLIC SERVICE 44 FUND,,H,,FUZZY_REVIEW,92.6829268292683,PUBLIC SERVICE 44 FUND,92.6829268292683
TFC,2020,AEG PAC,PAC - Qualified,Republican,8000.000000,AEG PAC,C00900886,AG PAC,,N,,FUZZY_REVIEW,92.3076923076923,AG PAC,92.3076923076923
CMCSA,2020,GW PAC,PAC - Qualified,Republican,33200.000000,GW PAC,C00558734,G PAC,NONE,N,,FUZZY_REVIEW,90.9090909090909,G PAC,90.9090909090909
JPM,2020,AEG PAC,PAC - Qualified,Republican,6000.000000,AEG PAC,C00900886,AG PAC,,N,,FUZZY_REVIEW,92.3076923076923,AG PAC,92.3076923076923
TKR,2020,AEG PAC,PAC - Qualified,Republican,7600.000000,AEG PAC,C00900886,AG PAC,,N,,FUZZY_REVIEW,92.3076923076923,AG PAC,92.3076923076923
GS,2020,AEG PAC,PAC - Qualified,Republican,8000.000000,AEG PAC,C00900886,AG PAC,,N,,FUZZY_REVIEW,92.3076923076923,AG PAC,92.3076923076923
AFL,2020,AEG PAC,PAC - Qualified,Republican,4000.000000,AEG PAC,C00900886,AG PAC,,N,,FUZZY_REVIEW,92.3076923076923,AG PAC,92.3076923076923
MMC,2020,AEG PAC,PAC - Qualified,Republican,3000.000000,AEG PAC,C00900886,AG PAC,,N,,FUZZY_REVIEW,92.3076923076923,AG PAC,92.3076923076923
JCI,2020,"BILL PASCRELL, JR. PUBLIC SERVICE FUND",PAC - Nonqualified,Democrat,6000.000000,BILL PASCRELL JR PUBLIC SERVICE FUND,C00678391,PUBLIC SERVICE 44 FUND,,H,,FUZZY_REVIEW,92.6829268292683,PUBLIC SERVICE 44 FUND,92.6829268292683
FE,2020,GW PAC,PAC - Qualified,Republican,5000.000000,GW PAC,C00558734,G PAC,NONE,N,,FUZZY_REVIEW,90.9090909090909,G PAC,90.9090909090909
PNC,2024,CONSUMER BANKERS ASSOCIATION PAC,PAC - Qualified,Other,15000.000000,CONSUMER BANKERS ASSOCIATION PAC,C00493312,S CORPORATION ASSOCIATION PAC (S-CORP PAC),THE S CORPORATION ASSOCIATION OF AMERICA,Q,T,FUZZY_REVIEW,93.75,S ASSOCIATION PAC S PAC,93.75
ALL,2020,AEG PAC,PAC - Qualified,Republican,6000.000000,AEG PAC,C00900886,AG PAC,,N,,FUZZY_REVIEW,92.3076923076923,AG PAC,92.3076923076923
LMT,2020,GW PAC,PAC - Qualified,Republican,3000.000000,GW PAC,C00558734,G PAC,NONE,N,,FUZZY_REVIEW,90.9090909090909,G PAC,90.9090909090909
RF,2020,CONSUMER BANKERS ASSOCIATION PAC,PAC - Qualified,Other,10000.000000,CONSUMER BANKERS ASSOCIATION PAC,C00493312,S CORPORATION ASSOCIATION PAC (S-CORP PAC),THE S CORPORATION ASSOCIATION OF AMERICA,Q,T,FUZZY_REVIEW,93.75,S ASSOCIATION PAC S PAC,93.75
DVA,2024,"BILL PASCRELL, JR. PUBLIC SERVICE FUND",PAC - Nonqualified,Democrat,6000.000000,BILL PASCRELL JR PUBLIC SERVICE FUND,C00678391,PUBLIC SERVICE 44 FUND,,H,,FUZZY_REVIEW,92.6829268292683,PUBLIC SERVICE 44 FUND,92.6829268292683
DGX,2022,"BILL PASCRELL, JR. PUBLIC SERVICE FUND",PAC - Nonqualified,Democrat,10000.000000,BILL PASCRELL JR PUBLIC SERVICE FUND,C00678391,PUBLIC SERVICE 44 FUND,,H,,FUZZY_REVIEW,92.6829268292683,PUBLIC SERVICE 44 FUND,92.6829268292683
HON,2022,"BILL PASCRELL, JR. PUBLIC SERVICE FUND",PAC - Nonqualified,Democrat,5000.000000,BILL PASCRELL JR PUBLIC SERVICE FUND,C00678391,PUBLIC SERVICE 44 FUND,,H,,FUZZY_REVIEW,92.6829268292683,PUBLIC SERVICE 44 FUND,92.6829268292683
WFC,2020,CONSUMER BANKERS ASSOCIATION PAC,PAC - Qualified,Other,5000.000000,CONSUMER BANKERS ASSOCIATION PAC,C00493312,S CORPORATION ASSOCIATION PAC (S-CORP PAC),THE S CORPORATION ASSOCIATION OF AMERICA,Q,T,FUZZY_REVIEW,93.75,S ASSOCIATION PAC S PAC,93.75
MS,2024,"BILL PASCRELL, JR. PUBLIC SERVICE FUND",PAC - Nonqualified,Democrat,7500.000000,BILL PASCRELL JR PUBLIC SERVICE FUND,C00678391,PUBLIC SERVICE 44 FUND,,H,,FUZZY_REVIEW,92.6829268292683,PUBLIC SERVICE 44 FUND,92.6829268292683
XOM,2024,LIQUID ENERGY PIPELINE ASSOCIATION PAC,PAC - Qualified,Dark PAC,10000.000000,LIQUID ENERGY PIPELINE ASSOCIATION PAC,C00493312,S CORPORATION ASSOCIATION PAC (S-CORP PAC),THE S CORPORATION ASSOCIATION OF AMERICA,Q,T,FUZZY_REVIEW,93.75,S ASSOCIATION PAC S PAC,93.75
LMT,2020,AEG PAC,PAC - Qualified,Republican,4000.000000,AEG PAC,C00900886,AG PAC,,N,,FUZZY_REVIEW,92.3076923076923,AG PAC,92.3076923076923
SYF,2022,AEG PAC,PAC - Qualified,Republican,10000.000000,AEG PAC,C00900886,AG PAC,,N,,FUZZY_REVIEW,92.3076923076923,AG PAC,92.3076923076923
RPM,2020,AEG PAC,PAC - Qualified,Republican,5600.000000,AEG PAC,C00900886,AG PAC,,N,,FUZZY_REVIEW,92.3076923076923,AG PAC,92.3076923076923
FITB,2020,CONSUMER BANKERS ASSOCIATION PAC,PAC - Qualified,Other,4500.000000,CONSUMER BANKERS ASSOCIATION PAC,C00493312,S CORPORATION ASSOCIATION PAC (S-CORP PAC),THE S CORPORATION ASSOCIATION OF AMERICA,Q,T,FUZZY_REVIEW,93.75,S ASSOCIATION PAC S PAC,93.75
PFE,2020,GW PAC,PAC - Qualified,Republican,6000.000000,GW PAC,C00558734,G PAC,NONE,N,,FUZZY_REVIEW,90.9090909090909,G PAC,90.9090909090909
AMZN,2024,"BILL PASCRELL, JR. PUBLIC SERVICE FUND",PAC - Nonqualified,Democrat,2000.000000,BILL PASCRELL JR PUBLIC SERVICE FUND,C00678391,PUBLIC SERVICE 44 FUND,,H,,FUZZY_REVIEW,92.6829268292683,PUBLIC SERVICE 44 FUND,92.6829268292683
BRO,2022,"BILL PASCRELL, JR. PUBLIC SERVICE FUND",PAC - Nonqualified,Democrat,4900.000000,BILL PASCRELL JR PUBLIC SERVICE FUND,C00678391,PUBLIC SERVICE 44 FUND,,H,,FUZZY_REVIEW,92.6829268292683,PUBLIC SERVICE 44 FUND,92.6829268292683
