message_id,email_date,email_subject,company,industry,subsidiary_of,section_type,event_type,executive_name,old_position,new_position,effective_date,posted_date,raw_event_text
19ca95a2e88dfe4b,2026-03-01T00:23:16+00:00,100 News on S&P 500,Ametek,Consumer Electronics,,Changes,unparsed,,,,,February 10,"Thomas Montgomery, Senior Advisor, is retiring (posted on February 10)."
19c192e837525e27,2026-02-01T00:23:18+00:00,100 News on Russell 3000,Absa,Banking,,Changes,unparsed,,,,,January 19,"Luisa Diogo, Independent Non-Executive Director has passed away. We are deeply saddened (posted on January 19)."
19c192e826b30eff,2026-02-01T00:23:18+00:00,100 News on Global Fortune 500,Bouygues,Construction,,Changes,unparsed,,,,,January 5,"Pascal Grangé, Deputy Chief Executive Officer and Chief Financial Officer, is retiring (posted on January 5)."
19c192819cb81da8,2026-02-01T00:23:18+00:00,100 News on S&P 500,Brown & Brown,Insurance,,Changes,unparsed,,,,,January 27,"Robert Mathis, Executive Vice President, Chief Legal Officer has passed away. We are deeply saddened (posted on January 27)."
1860ba7fa973c4ca,2023-02-01T01:23:08+00:00,1125 News on Russell 3000,FleetCor,Financial Services,,Changes,unparsed,,,,,January 30,"within the existing contacts:Mark Johnson, Director, is retiring (posted on January 30)."
1860ba7fa973c4ca,2023-02-01T01:23:08+00:00,1125 News on Russell 3000,Berkshire Bank,Banking,,Changes,unparsed,,,,,January 18,"Georgia Melas, Senior Executive Vice President, Chief Credit Officer, is retiring (posted on January 18)."
1860ba7fa973c4ca,2023-02-01T01:23:08+00:00,1125 News on Russell 3000,Entegris,Semiconductors,,Changes,unparsed,,,,,January 24,"within the existing contacts:Gregory Graves, who is Executive Vice President and Chief Financial Officer will soon leave the company (posted on January 24)."
1860ba7fa973c4ca,2023-02-01T01:23:08+00:00,1125 News on Russell 3000,Textron Systems,Aerospace,Textron,Changes,unparsed,,,,,January 24,Tom Hammoor is promoted to President and Chief Executive Officer (posted on January 24).
1860ba7fa973c4ca,2023-02-01T01:23:08+00:00,1125 News on Russell 3000,LaSalle Europe,Real Estate,LaSalle,Changes,unparsed,,,,,January 20,"within the existing contacts: Katie Hynard, who was, is promoted to (posted on January 20)."
1860ba7fa973c4ca,2023-02-01T01:23:08+00:00,1125 News on Russell 3000,Prudential Thailand,Insurance,Prudential Asia,Changes,unparsed,,,,,January 18,"Robin Spencer who was, becomes (posted on January 18)."
1860ba7fa973c4ca,2023-02-01T01:23:08+00:00,1125 News on Russell 3000,RSUI,Insurance,Alleghany,Changes,unparsed,,,,,January 17,"within the existing contacts: David Leonard who was, becomes (posted on January 17)."
1860ba7fa973c4ca,2023-02-01T01:23:08+00:00,1125 News on Russell 3000,Adobe,Software,,Changes,unparsed,,,,,January 17,"within the existing contacts:Ann Lewnes, Chief Marketing Officer and Executive Vice President, Corporate Strategy and Development, will retire in Feb. 2023 (posted on January 17)."
1860ba7fa973c4ca,2023-02-01T01:23:08+00:00,1125 News on Russell 3000,AT&T,Telecommunications,,Changes,unparsed,,,,,January 17,"within the existing contacts: Ronald Dedman who was, becomes (posted on January 17)."
1860ba7fa973c4ca,2023-02-01T01:23:08+00:00,1125 News on Russell 3000,AMD,Semiconductors,,Changes,unparsed,,,,,January 12,"Devinder Kumar, Executive Vice President, Chief Financial Officer and Treasurer, will retire in Apr. 2023 (posted on January 12)."
1860ba7fa973c4ca,2023-02-01T01:23:08+00:00,1125 News on Russell 3000,Acadia Realty,Real Estate,,Changes,unparsed,,,,,January 16,"within the existing contacts:Wendy Luscombe, Trustee, is retiring (posted on January 16)."
1860ba7fa973c4ca,2023-02-01T01:23:08+00:00,1125 News on Russell 3000,Willis Asia Pacific,Insurance,Willis International,Changes,unparsed,,,,,January 12,"Clare Muhiudeen, Head of Asia, will retire in Feb. 2023 (posted on January 12)."
1860ba7fa973c4ca,2023-02-01T01:23:08+00:00,1125 News on Russell 3000,Consolidated,Telecommunications,,Changes,unparsed,,,,,January 11,"within the existing contacts:Michael Smith, President of Commercial-Carrier, is retiring (posted on January 11)."
1860ba7fa973c4ca,2023-02-01T01:23:08+00:00,1125 News on Russell 3000,BlackRock APAC,Fund,BlackRock,Changes,unparsed,,,,"Jul. 1, 2021",January 10,"Christian Obrist who is, will be promoted to on Jul. 1, 2021 (posted on January 10)."
1860ba7fa973c4ca,2023-02-01T01:23:08+00:00,1125 News on Russell 3000,Flushing Bank,Banking,,Changes,unparsed,,,,,January 5,"within the existing contacts:Michael Russo, Director, is retiring (posted on January 5)."
1860ba7fa973c4ca,2023-02-01T01:23:08+00:00,1125 News on Russell 3000,3M,Industrial Conglomerates,,Changes,unparsed,,,,,January 4,"within the existing contacts:Sarah Grauze, Senior Vice President and Treasurer, is retiring (posted on January 4)."
1860ba7fa973c4ca,2023-02-01T01:23:08+00:00,1125 News on Russell 3000,B. Riley Wealth Management,Financial Services,B. Riley Financial,Changes,unparsed,,,,,January 4,"within the existing contacts: James Parrish who was, becomes (posted on January 4)."
1860ba7fa973c4ca,2023-02-01T01:23:08+00:00,1125 News on Russell 3000,Entravision Communications,Broadcasting,,Changes,unparsed,,,,,January 4,"Walter Ulloa, Chief Executive Officer, Chairman of the Board and Director has passed away. We are deeply saddened (posted on January 4)."
1860ba7f92a541ea,2023-02-01T01:23:06+00:00,464 News on Global Fortune 500,Sompo Holdings,Insurance,,Changes,unparsed,,,,"Apr. 1, 2022",January 25,"within the existing contacts: Shinji Tsuji who is, will become on Apr. 1, 2022 (posted on January 25)."
1860ba7f92a541ea,2023-02-01T01:23:06+00:00,464 News on Global Fortune 500,Canon Canada,Consumer Electronics,Canon,Changes,unparsed,,,,,January 25,"within the existing contacts:Nobuhiko Kitajima, President and Chief Executive Officer, is retiring (posted on January 25)."
1860ba7f92a541ea,2023-02-01T01:23:06+00:00,464 News on Global Fortune 500,CVS Health,Retail,,Changes,unparsed,,,,,January 13,"within the existing contacts:Thomas Moriarty, Executive Vice President, Chief Policy and External Affairs Officer and General Counsel, will leave the company in Apr. 2023 (posted on January 13)."
1860ba7f92a541ea,2023-02-01T01:23:06+00:00,464 News on Global Fortune 500,AT&T,Telecommunications,,Changes,unparsed,,,,,January 17,"within the existing contacts: Ronald Dedman who was, becomes (posted on January 17)."
1860ba7f92a541ea,2023-02-01T01:23:06+00:00,464 News on Global Fortune 500,Marcus by Goldman Sachs,Banking,Goldman Sachs,Changes,unparsed,,,,,January 6,"within the existing contacts:Swati Bhatia, Head of Marcus and Co-Chief Executive Officer Greensky, is retiring (posted on January 6)."
1860ba7f92a541ea,2023-02-01T01:23:06+00:00,464 News on Global Fortune 500,Huawei UK,Telecommunications,Huawei Technologies International,Changes,unparsed,,,,,January 5,"within the existing contacts: Anson Zhang who was, becomes (posted on January 5)."
1860ba7f92a541ea,2023-02-01T01:23:06+00:00,464 News on Global Fortune 500,3M,Industrial Conglomerates,,Changes,unparsed,,,,,January 4,"within the existing contacts:Sarah Grauze, Senior Vice President and Treasurer, is retiring (posted on January 4)."
1860ba7f92a541ea,2023-02-01T01:23:06+00:00,464 News on Global Fortune 500,La Banque Postale,Banking,Groupe La Poste,Changes,unparsed,,,,,January 4,"within the existing contacts: Emmanuel Montoya who was, becomes (posted on January 4)."
1860ba7f83fbe6b9,2023-02-01T01:23:05+00:00,449 News on S&P 500,CVS Health,Retail,,Changes,unparsed,,,,,January 13,"within the existing contacts:Thomas Moriarty, Executive Vice President, Chief Policy and External Affairs Officer and General Counsel, will leave the company in Apr. 2023 (posted on January 13)."
1860ba7f83fbe6b9,2023-02-01T01:23:05+00:00,449 News on S&P 500,Textron Systems,Aerospace,Textron,Changes,unparsed,,,,,January 24,Tom Hammoor is promoted to President and Chief Executive Officer (posted on January 24).
1860ba7f83fbe6b9,2023-02-01T01:23:05+00:00,449 News on S&P 500,Adobe,Software,,Changes,unparsed,,,,,January 17,"within the existing contacts:Ann Lewnes, Chief Marketing Officer and Executive Vice President, Corporate Strategy and Development, will retire in Feb. 2023 (posted on January 17)."
1860ba7f83fbe6b9,2023-02-01T01:23:05+00:00,449 News on S&P 500,AT&T,Telecommunications,,Changes,unparsed,,,,,January 17,"within the existing contacts: Ronald Dedman who was, becomes (posted on January 17)."
1860ba7f83fbe6b9,2023-02-01T01:23:05+00:00,449 News on S&P 500,AMD,Semiconductors,,Changes,unparsed,,,,,January 12,"Devinder Kumar, Executive Vice President, Chief Financial Officer and Treasurer, will retire in Apr. 2023 (posted on January 12)."
1860ba7f83fbe6b9,2023-02-01T01:23:05+00:00,449 News on S&P 500,Marsh-JLT Specialty UK & Ireland,Insurance,Marsh-JLT Specialty,Changes,unparsed,,,,,January 16,"within the existing contacts: Mike Johnson, who was, is promoted to (posted on January 16)."
1860ba7f83fbe6b9,2023-02-01T01:23:05+00:00,449 News on S&P 500,Willis Asia Pacific,Insurance,Willis International,Changes,unparsed,,,,,January 12,"Clare Muhiudeen, Head of Asia, will retire in Feb. 2023 (posted on January 12)."
1860ba7f83fbe6b9,2023-02-01T01:23:05+00:00,449 News on S&P 500,BlackRock APAC,Fund,BlackRock,Changes,unparsed,,,,"Jul. 1, 2021",January 10,"Christian Obrist who is, will be promoted to on Jul. 1, 2021 (posted on January 10)."
1860ba7f83fbe6b9,2023-02-01T01:23:05+00:00,449 News on S&P 500,3M,Industrial Conglomerates,,Changes,unparsed,,,,,January 4,"within the existing contacts:Sarah Grauze, Senior Vice President and Treasurer, is retiring (posted on January 4)."
1856c010eea6f6ec,2023-01-01T01:23:07+00:00,895 News on Russell 3000,Everest Re,Reinsurance,,Changes,unparsed,,,,,December 30,"within the existing contacts:John Weber, Director has passed away. We are deeply saddened (posted on December 30)."
1856c010eea6f6ec,2023-01-01T01:23:07+00:00,895 News on Russell 3000,Bank First Corp,Banking,,Changes,unparsed,,,,,December 30,"Donald Brisch who was, becomes (posted on December 30)."
1856c010eea6f6ec,2023-01-01T01:23:07+00:00,895 News on Russell 3000,Revive,Communication & Sales,Weber Shandwick,Changes,unparsed,,,,,December 29,"within the existing contacts: Joanne Thornton who was, becomes (posted on December 29)."
1856c010eea6f6ec,2023-01-01T01:23:07+00:00,895 News on Russell 3000,ImmunoGen,Biotechnology,,Changes,unparsed,,,,,December 29,"within the existing contacts: Susan Altschuller, who was Senior Vice President and Chief Financial Officer, has left for medical reason. We wish Susan a prompt recovery (posted on December 29)."
1856c010eea6f6ec,2023-01-01T01:23:07+00:00,895 News on Russell 3000,Woodward,Aerospace,,Changes,unparsed,,,,,December 21,"within the existing contacts:Douglas Salter, Corporate Vice President, Technology, is retiring (posted on December 21)."
1856c010eea6f6ec,2023-01-01T01:23:07+00:00,895 News on Russell 3000,Personal Genome Diagnostics,Biotechnology,LabCorp,Changes,unparsed,,,,,December 20,"within the existing contacts: Megan Bailey, who was, is promoted to (posted on December 20)."
1856c010eea6f6ec,2023-01-01T01:23:07+00:00,895 News on Russell 3000,Universal Display,Consumer Electronics,,Changes,unparsed,,,,,December 20,"within the existing contacts:Sherwin Seligsohn, Chairman Emeritus has passed away. We are deeply saddened (posted on December 20)."
1856c010eea6f6ec,2023-01-01T01:23:07+00:00,895 News on Russell 3000,Nelnet,Financial Services,,Changes,unparsed,,,,,December 19,"within the existing contacts:William Cintani, Director has passed away. We are deeply saddened (posted on December 19)."
1856c010eea6f6ec,2023-01-01T01:23:07+00:00,895 News on Russell 3000,Great American Crop,Insurance,Great American,Changes,unparsed,,,,,December 15,"Tim Weber, Divisional President, will retire in Mar. 2023 (posted on December 15)."
1856c010eea6f6ec,2023-01-01T01:23:07+00:00,895 News on Russell 3000,Chubb Accident & Health,Insurance,Chubb,Changes,unparsed,,,,,December 13,"within the existing contacts:Sushmita Shukla, Senior Vice President, Chief Operations Officer, International Accident and Health, will leave the company in Mar. 2023 (posted on December 13)."
1856c010eea6f6ec,2023-01-01T01:23:07+00:00,895 News on Russell 3000,Vantage Data Centers,Software,DigitalBridge Group,Changes,unparsed,,,,,December 12,"within the existing contacts:Matt Silvers, Senior Director of Operations, is retiring (posted on December 12)."
1856c010eea6f6ec,2023-01-01T01:23:07+00:00,895 News on Russell 3000,Alphacat Managers,Insurance,Validus,Changes,unparsed,,,,,December 12,"within the existing contacts: Paschal Brooks, who was, is promoted to (posted on December 12)."
1856c010eea6f6ec,2023-01-01T01:23:07+00:00,895 News on Russell 3000,Warner Bros. Discovery U.S. Networks Group,Broadcasting,Warner Bros. Discovery,Changes,unparsed,,,,,December 9,"within the existing contacts: Scott Lewers, who was, is promoted to (posted on December 9)."
1856c010eea6f6ec,2023-01-01T01:23:07+00:00,895 News on Russell 3000,Morningstar Australasia,Financial Services,Morningstar,Changes,unparsed,,,,,December 8,"Tim Murphy, Director of Manager Research, Asia-Pacific, will leave the company in Jan. 2023 (posted on December 8)."
1856c010eea6f6ec,2023-01-01T01:23:07+00:00,895 News on Russell 3000,Cowen Markets,Financial Services,Cowen Group,Changes,unparsed,,,,,December 7,"within the existing contacts: Eric Rose, who was, is promoted to (posted on December 7)."
1856c010eea6f6ec,2023-01-01T01:23:07+00:00,895 News on Russell 3000,Sky,Broadcasting,Comcast,Changes,unparsed,,,,,December 7,"within the existing contacts:John Ryley, who is Head of Sky News will soon leave the company (posted on December 7)."
1856c010eea6f6ec,2023-01-01T01:23:07+00:00,895 News on Russell 3000,Navico,Consumer Electronics,Brunswick,Changes,unparsed,,,,,December 5,"within the existing contacts: Knut Frostad who was, becomes (posted on December 5)."
1856c010eea6f6ec,2023-01-01T01:23:07+00:00,895 News on Russell 3000,Bswift,Recruiting,Aetna,Changes,unparsed,,,,,December 2,"within the existing contacts:Jin Oak Ha, who is President and Chief Executive Officer will soon leave the company (posted on December 2)."
1856c010eea6f6ec,2023-01-01T01:23:07+00:00,895 News on Russell 3000,New York Community Bancorp,Banking,,Changes,unparsed,,,,,December 1,"Lee Smith, who was, is promoted to (posted on December 1)."
1856c010eea6f6ec,2023-01-01T01:23:07+00:00,895 News on Russell 3000,New York Community Bancorp,Banking,,Changes,unparsed,,,,,December 1,"Jennifer Charters who was, becomes (posted on December 1)."
1856c010eea6f6ec,2023-01-01T01:23:07+00:00,895 News on Russell 3000,New York Community Bancorp,Banking,,Changes,unparsed,,,,,December 1,"Alessandro DiNello who was, becomes (posted on December 1)."
1856c010c56463ba,2023-01-01T01:23:05+00:00,491 News on Global Fortune 500,China Resources Land,Real Estate,China Resources,Changes,unparsed,,,,,December 28,"within the existing contacts:Liang Zhang, Non-Executive Director, is retiring (posted on December 28)."
1856c010c56463ba,2023-01-01T01:23:05+00:00,491 News on Global Fortune 500,Santander,Banking,,Changes,unparsed,,,,,December 23,"Keiran Foad, Senior Executive Vice President, Group Chief Risk Officer, will leave the company in Mar. 2023 (posted on December 23)."
1856c010c56463ba,2023-01-01T01:23:05+00:00,491 News on Global Fortune 500,Xiaomi,Consumer Electronics,,Changes,unparsed,,,,,December 23,"Wang Chuan, who is Chief Strategy Officer will soon leave the company (posted on December 23)."
1856c010c56463ba,2023-01-01T01:23:05+00:00,491 News on Global Fortune 500,Plaza Construction,Construction,China State,Changes,unparsed,,,,,December 23,"within the existing contacts: Brad Meltzer who was, becomes (posted on December 23)."
1856c010c56463ba,2023-01-01T01:23:05+00:00,491 News on Global Fortune 500,Bank of The West,Banking,BancWest,Changes,unparsed,,,,,December 22,"within the existing contacts: Hisham Salama who was, becomes (posted on December 22)."
1856c010c56463ba,2023-01-01T01:23:05+00:00,491 News on Global Fortune 500,Alphacat Managers,Insurance,Validus,Changes,unparsed,,,,,December 12,"within the existing contacts: Paschal Brooks, who was, is promoted to (posted on December 12)."
1856c010c56463ba,2023-01-01T01:23:05+00:00,491 News on Global Fortune 500,GSK France,Pharmaceuticals,GSK,Changes,unparsed,,,,,December 9,"within the existing contacts: Sophie Muller, who was, is promoted to (posted on December 9)."
1856c010c56463ba,2023-01-01T01:23:05+00:00,491 News on Global Fortune 500,Ausbil,Holding,New York Life Investment Management,Changes,unparsed,,,,,December 8,"Ross Youngman, Chief Executive Officer, will leave the company in Sep. 2023 (posted on December 8)."
1856c010c56463ba,2023-01-01T01:23:05+00:00,491 News on Global Fortune 500,Sky,Broadcasting,Comcast,Changes,unparsed,,,,,December 7,"within the existing contacts:John Ryley, who is Head of Sky News will soon leave the company (posted on December 7)."
1856c010c56463ba,2023-01-01T01:23:05+00:00,491 News on Global Fortune 500,Deutsche Bank MEA,Banking,Deutsche Bank,Changes,unparsed,,,,,December 6,"within the existing contacts: Thamer Saleh Alsedais who was, becomes (posted on December 6)."
1856c010c56463ba,2023-01-01T01:23:05+00:00,491 News on Global Fortune 500,Boeing International,Aerospace,Boeing,Changes,unparsed,,,,,December 5,"Michael Arthur, President, will retire in Jan. 2023 (posted on December 5)."
1856c010c56463ba,2023-01-01T01:23:05+00:00,491 News on Global Fortune 500,MUFG Bank Europe,Banking,MUFG Bank,Changes,unparsed,,,,,December 2,"within the existing contacts: Hideaki Takase who was, becomes (posted on December 2)."
1856c010c56463ba,2023-01-01T01:23:05+00:00,491 News on Global Fortune 500,Bswift,Recruiting,Aetna,Changes,unparsed,,,,,December 2,"within the existing contacts:Jin Oak Ha, who is President and Chief Executive Officer will soon leave the company (posted on December 2)."
1856c01062de0e20,2023-01-01T01:23:04+00:00,353 News on S&P 500,Everest Re,Reinsurance,,Changes,unparsed,,,,,December 30,"within the existing contacts:John Weber, Director has passed away. We are deeply saddened (posted on December 30)."
1856c01062de0e20,2023-01-01T01:23:04+00:00,353 News on S&P 500,Revive,Communication & Sales,Weber Shandwick,Changes,unparsed,,,,,December 29,"within the existing contacts: Joanne Thornton who was, becomes (posted on December 29)."
1856c01062de0e20,2023-01-01T01:23:04+00:00,353 News on S&P 500,Personal Genome Diagnostics,Biotechnology,LabCorp,Changes,unparsed,,,,,December 20,"within the existing contacts: Megan Bailey, who was, is promoted to (posted on December 20)."
1856c01062de0e20,2023-01-01T01:23:04+00:00,353 News on S&P 500,GC Global Specialties,Reinsurance,Guy Carpenter,Changes,unparsed,,,,,December 20,"within the existing contacts: Kevin Fisher who was, becomes (posted on December 20)."
1856c01062de0e20,2023-01-01T01:23:04+00:00,353 News on S&P 500,Alphacat Managers,Insurance,Validus,Changes,unparsed,,,,,December 12,"within the existing contacts: Paschal Brooks, who was, is promoted to (posted on December 12)."
1856c01062de0e20,2023-01-01T01:23:04+00:00,353 News on S&P 500,Warner Bros. Discovery U.S. Networks Group,Broadcasting,Warner Bros. Discovery,Changes,unparsed,,,,,December 9,"within the existing contacts: Scott Lewers, who was, is promoted to (posted on December 9)."
1856c01062de0e20,2023-01-01T01:23:04+00:00,353 News on S&P 500,Northern Trust Wealth Management,Financial Services,Northern Trust,Changes,unparsed,,,,,December 8,"within the existing contacts: Curtiss Smith who was, becomes (posted on December 8)."
1856c01062de0e20,2023-01-01T01:23:04+00:00,353 News on S&P 500,Sky,Broadcasting,Comcast,Changes,unparsed,,,,,December 7,"within the existing contacts:John Ryley, who is Head of Sky News will soon leave the company (posted on December 7)."
1856c01062de0e20,2023-01-01T01:23:04+00:00,353 News on S&P 500,Slack Technologies,Telecommunications,Salesforce.com,Changes,unparsed,,,,,December 6,"Stewart Butterfield, Chief Executive Officer, will leave the company in Jan. 2023 (posted on December 6)."
1856c01062de0e20,2023-01-01T01:23:04+00:00,353 News on S&P 500,Bswift,Recruiting,Aetna,Changes,unparsed,,,,,December 2,"within the existing contacts:Jin Oak Ha, who is President and Chief Executive Officer will soon leave the company (posted on December 2)."
184cc5c0beb8ddf6,2022-12-01T01:23:02+00:00,360 News on Global Fortune 500,Carrefour Taiwan,Retail,Carrefour,Changes,unparsed,,,,,November 28,"within the existing contacts:Patrick Le Thoer, Supermarket Business Director, has been withdrawn from the org chart (posted on November 28)."
184cc5c0beb8ddf6,2022-12-01T01:23:02+00:00,360 News on Global Fortune 500,Canon Solutions America,Software,Canon USA,Changes,unparsed,,,,,November 28,within the existing contacts:Mark Waugh is promoted to Vice President of Sales (posted on November 28).
184cc5c0beb8ddf6,2022-12-01T01:23:02+00:00,360 News on Global Fortune 500,Zurich Commercial Insurance,Insurance,Zurich EMEA,Changes,unparsed,,,,,November 24,"within the existing contacts: Ralph Brand who was, becomes (posted on November 24)."
184cc5c0beb8ddf6,2022-12-01T01:23:02+00:00,360 News on Global Fortune 500,Chubb UK & Ireland,Insurance,Chubb EMEA,Changes,unparsed,,,,,November 22,"within the existing contacts:Emma Bartolo, Corporate Regional Manager, London, will leave the company in Feb. 2023 (posted on November 22)."
184cc5c0beb8ddf6,2022-12-01T01:23:02+00:00,360 News on Global Fortune 500,HSBC,Banking,,Changes,unparsed,,,,,November 17,"within the existing contacts:Chira Barua, who is Global Head of Strategy will soon leave the company (posted on November 17)."
184cc5c0beb8ddf6,2022-12-01T01:23:02+00:00,360 News on Global Fortune 500,Credit Suisse Australia,Banking,Credit Suisse Asia Pacific,Changes,unparsed,,,,,November 17,"within the existing contacts:Angelo Scasserra, who is Co-Head of Investment Banking and Capital Markets will soon leave the company (posted on November 17)."
184cc5c0beb8ddf6,2022-12-01T01:23:02+00:00,360 News on Global Fortune 500,Corebridge Financial,Insurance,AIG,Changes,unparsed,,,,,November 4,"Stephen Maginn who was, becomes (posted on November 4)."
184cc5c0beb8ddf6,2022-12-01T01:23:02+00:00,360 News on Global Fortune 500,AIG,Insurance,,Changes,unparsed,,,,,November 4,"within the existing contacts:Douglas Steenland, Lead Independent Director, will leave the company in Jan. 2023 (posted on November 4)."
184cc5c0beb8ddf6,2022-12-01T01:23:02+00:00,360 News on Global Fortune 500,ING,Banking,,Changes,unparsed,,,,,November 3,"within the existing contacts:Mariana Gheorghe, who is Member of the Supervisory Board will soon leave the company (posted on November 3)."
184cc5c0beb8ddf6,2022-12-01T01:23:02+00:00,360 News on Global Fortune 500,JPMorgan Japanese Investment Trust,Fund,JPMorgan Asset Management UK,Changes,unparsed,,,,,November 2,"within the existing contacts:Stephen Gomersall, Senior Independent Director, will retire in Jan. 2023 (posted on November 2)."
184cc5c04effeb53,2022-12-01T01:23:04+00:00,927 News on Russell 3000,Chubb UK & Ireland,Insurance,Chubb EMEA,Changes,unparsed,,,,,November 22,"within the existing contacts:Emma Bartolo, Corporate Regional Manager, London, will leave the company in Feb. 2023 (posted on November 22)."
184cc5c04effeb53,2022-12-01T01:23:04+00:00,927 News on Russell 3000,Prudential,Insurance,,Changes,unparsed,,,,,November 22,"within the existing contacts:Thomas Watjen, Non-Executive Director, will leave the company in May 2023 (posted on November 22)."
184cc5c04effeb53,2022-12-01T01:23:04+00:00,927 News on Russell 3000,Prudential,Insurance,,Changes,unparsed,,,,,November 22,"Philip Remnant, Independent Director, will retire in May 2023 (posted on November 22)."
184cc5c04effeb53,2022-12-01T01:23:04+00:00,927 News on Russell 3000,Galileo,Financial Services,SoFi,Changes,unparsed,,,,,November 21,"within the existing contacts: Clay Wilkes who was, becomes (posted on November 21)."
184cc5c04effeb53,2022-12-01T01:23:04+00:00,927 News on Russell 3000,AMD,Semiconductors,,Changes,unparsed,,,,,November 17,"John Caldwell, Lead Independent Director, is retiring (posted on November 17)."
184cc5c04effeb53,2022-12-01T01:23:04+00:00,927 News on Russell 3000,Textron Aviation,Aerospace,Textron,Changes,unparsed,,,,,November 16,"Ronald Draper, President and Chief Executive Officer, is retiring (posted on November 16)."
184cc5c04effeb53,2022-12-01T01:23:04+00:00,927 News on Russell 3000,Curo Group,Banking,,Changes,unparsed,,,,,November 15,"Roger Dean, Executive Vice President, Chief Financial Officer, is retiring (posted on November 15)."
184cc5c04effeb53,2022-12-01T01:23:04+00:00,927 News on Russell 3000,American Campus Communities,Real Estate,,Changes,unparsed,,,,,November 15,"Daniel Perry, Executive Vice President, Chief Financial Officer and Treasurer, is retiring (posted on November 15)."
184cc5c04effeb53,2022-12-01T01:23:04+00:00,927 News on Russell 3000,CVB Financial,Banking,,Changes,unparsed,,,,,November 7,"within the existing contacts:Rodrigo Guerra, Director has passed away. We are deeply saddened (posted on November 7)."
184cc5c04effeb53,2022-12-01T01:23:04+00:00,927 News on Russell 3000,Corebridge Financial,Insurance,AIG,Changes,unparsed,,,,,November 4,"Stephen Maginn who was, becomes (posted on November 4)."
184cc5c04effeb53,2022-12-01T01:23:04+00:00,927 News on Russell 3000,AIG,Insurance,,Changes,unparsed,,,,,November 4,"within the existing contacts:Douglas Steenland, Lead Independent Director, will leave the company in Jan. 2023 (posted on November 4)."
184cc5c04effeb53,2022-12-01T01:23:04+00:00,927 News on Russell 3000,JPMorgan Japanese Investment Trust,Fund,JPMorgan Asset Management UK,Changes,unparsed,,,,,November 2,"within the existing contacts:Stephen Gomersall, Senior Independent Director, will retire in Jan. 2023 (posted on November 2)."
184cc5c04effeb53,2022-12-01T01:23:04+00:00,927 News on Russell 3000,Karyopharm Therapeutics,Pharmaceuticals,,Changes,unparsed,,,,,November 1,"within the existing contacts: Michael Kauffman who was, becomes (posted on November 1)."
184cc5bfb9b82fb3,2022-12-01T00:23:23+00:00,339 News on S&P 500,Chubb UK & Ireland,Insurance,Chubb EMEA,Changes,unparsed,,,,,November 22,"within the existing contacts:Emma Bartolo, Corporate Regional Manager, London, will leave the company in Feb. 2023 (posted on November 22)."
184cc5bfb9b82fb3,2022-12-01T00:23:23+00:00,339 News on S&P 500,BNY Mellon Wealth Management Southeast,Financial Services,BNY Mellon Wealth Management,Changes,unparsed,,,,,November 21,"within the existing contacts: Kent Moegerle, who was, is promoted to (posted on November 21)."
184cc5bfb9b82fb3,2022-12-01T00:23:23+00:00,339 News on S&P 500,Newton Investment Management,Holding,BNY Mellon,Changes,unparsed,,,,,November 20,"within the existing contacts:Susan Noble, who is Chairman of the Board and Independent Non-Executive Director will soon leave the company (posted on November 20)."
184cc5bfb9b82fb3,2022-12-01T00:23:23+00:00,339 News on S&P 500,Textron Aviation,Aerospace,Textron,Changes,unparsed,,,,,November 16,"Ronald Draper, President and Chief Executive Officer, is retiring (posted on November 16)."
184cc5bfb9b82fb3,2022-12-01T00:23:23+00:00,339 News on S&P 500,R/GA,Communication & Sales,Interpublic,Changes,unparsed,,,,,November 11,"within the existing contacts:Tania Secor, Global Chief Financial Officer, will leave the company in Dec. 2022 (posted on November 11)."
184cc5bfb9b82fb3,2022-12-01T00:23:23+00:00,339 News on S&P 500,Corebridge Financial,Insurance,AIG,Changes,unparsed,,,,,November 4,"Stephen Maginn who was, becomes (posted on November 4)."
184cc5bfb9b82fb3,2022-12-01T00:23:23+00:00,339 News on S&P 500,AIG,Insurance,,Changes,unparsed,,,,,November 4,"within the existing contacts:Douglas Steenland, Lead Independent Director, will leave the company in Jan. 2023 (posted on November 4)."
184cc5bfb9b82fb3,2022-12-01T00:23:23+00:00,339 News on S&P 500,JPMorgan Japanese Investment Trust,Fund,JPMorgan Asset Management UK,Changes,unparsed,,,,,November 2,"within the existing contacts:Stephen Gomersall, Senior Independent Director, will retire in Jan. 2023 (posted on November 2)."
1843405f1388d0f7,2022-11-01T01:41:04+00:00,1026 News on Russell 3000,Magenta Telekom,Telecommunications,Deutsche Telekom,Changes,unparsed,,,,,October 28,"within the existing contacts:Philipp Pohlmann, Chief Financial Officer, will leave the company in Jan. 2023 (posted on October 28)."
1843405f1388d0f7,2022-11-01T01:41:04+00:00,1026 News on Russell 3000,Reprise Digital Australia,Communication & Sales,Reprise Digital APAC,Changes,unparsed,,,,,October 28,"within the existing contacts: Maria Grivas who was, becomes (posted on October 28)."
1843405f1388d0f7,2022-11-01T01:41:04+00:00,1026 News on Russell 3000,American Woodmark,Furniture,,Changes,unparsed,,,,,October 27,"within the existing contacts: Carol Moerdyk, who is Director will soon leave the company (posted on October 27)."
1843405f1388d0f7,2022-11-01T01:41:04+00:00,1026 News on Russell 3000,8x8,Telecommunications,,Changes,unparsed,,,,,October 26,"within the existing contacts: Ken Berryman, who was, is promoted to (posted on October 26)."
1843405f1388d0f7,2022-11-01T01:41:04+00:00,1026 News on Russell 3000,PMA Companies,Insurance,Old Republic International,Changes,unparsed,,,,"Jan. 1, 2019",October 25,"Vincent Donnelly who is, will become on Jan. 1, 2019 (posted on October 25)."
1843405f1388d0f7,2022-11-01T01:41:04+00:00,1026 News on Russell 3000,Vista Outdoor,Aerospace,,Changes,unparsed,,,,,October 24,"within the existing contacts:Sudhanshu Priyadarshi, Senior Vice President and Chief Financial Officer, will leave the company in Nov. 2022 (posted on October 24)."
1843405f1388d0f7,2022-11-01T01:41:04+00:00,1026 News on Russell 3000,Apple,Consumer Electronics,,Changes,unparsed,,,,,October 24,"within the existing contacts:Evans Hankey, who is Vice President of Industrial Design will soon leave the company (posted on October 24)."
1843405f1388d0f7,2022-11-01T01:41:04+00:00,1026 News on Russell 3000,Citibank ANZ,Banking,Citigroup APAC,Changes,unparsed,,,,,October 19,"within the existing contacts: Hamish Whitehead, who was, is promoted to (posted on October 19)."
1843405f1388d0f7,2022-11-01T01:41:04+00:00,1026 News on Russell 3000,Amazon Devices,Consumer Electronics,Amazon,Changes,unparsed,,,,,October 19,"within the existing contacts:Tom Taylor, Senior Vice President, Amazon Alexa, is retiring (posted on October 19)."
1843405f1388d0f7,2022-11-01T01:41:04+00:00,1026 News on Russell 3000,Coherent,Semiconductors,MKS Instruments,Changes,unparsed,,,,,October 18,"within the existing contacts: Andreas Mattes who was, becomes (posted on October 18)."
1843405f1388d0f7,2022-11-01T01:41:04+00:00,1026 News on Russell 3000,AvalonBay,Real Estate,,Changes,unparsed,,,,,October 18,"within the existing contacts:Alan Buckelew, Director, will retire in May 2023 (posted on October 18)."
1843405f1388d0f7,2022-11-01T01:41:04+00:00,1026 News on Russell 3000,AbbVie,Pharmaceuticals,,Changes,unparsed,,,,,October 17,"within the existing contacts:Laura Schumacher, Vice Chairman, External Affairs and Chief Legal Officer, is retiring (posted on October 17)."
1843405f1388d0f7,2022-11-01T01:41:04+00:00,1026 News on Russell 3000,Hargreaves Lansdown,Financial Services,,Changes,unparsed,,,,,October 17,"Christopher Hill, Chief Executive Officer and Director, will leave the company in Nov. 2023 (posted on October 17)."
1843405f1388d0f7,2022-11-01T01:41:04+00:00,1026 News on Russell 3000,Red Hat,Software,IBM,Changes,unparsed,,,,,October 12,"Dirk-Peter Van Leeuwen who was, becomes (posted on October 12)."
1843405f1388d0f7,2022-11-01T01:41:04+00:00,1026 News on Russell 3000,The CW! Network,Broadcasting,Nexstar Media Group,Changes,unparsed,,,,,October 5,"Mitch Nedick, Executive Vice President, Chief Financial Officer, has left the company (posted on October 5). Rick Haskins, who is President of Streaming and Chief Branding Officer will soon leave the company (posted on October 4)."
1843405dde402a78,2022-11-01T01:40:41+00:00,413 News on S&P 500,Principal Financial,Financial Services,,Changes,unparsed,,,,,October 31,"within the existing contacts: Pedro Borda, who was, is promoted to (posted on October 31)."
1843405dde402a78,2022-11-01T01:40:41+00:00,413 News on S&P 500,Reprise Digital Australia,Communication & Sales,Reprise Digital APAC,Changes,unparsed,,,,,October 28,"within the existing contacts: Maria Grivas who was, becomes (posted on October 28)."
1843405dde402a78,2022-11-01T01:40:41+00:00,413 News on S&P 500,Apple,Consumer Electronics,,Changes,unparsed,,,,,October 24,"within the existing contacts:Evans Hankey, who is Vice President of Industrial Design will soon leave the company (posted on October 24)."
1843405dde402a78,2022-11-01T01:40:41+00:00,413 News on S&P 500,Trimble,Software,,Changes,unparsed,,,,,October 21,"within the existing contacts: Thomas Fansler who was, becomes (posted on October 21)."
1843405dde402a78,2022-11-01T01:40:41+00:00,413 News on S&P 500,Citibank ANZ,Banking,Citigroup APAC,Changes,unparsed,,,,,October 19,"within the existing contacts: Hamish Whitehead, who was, is promoted to (posted on October 19)."
1843405dde402a78,2022-11-01T01:40:41+00:00,413 News on S&P 500,Amazon Devices,Consumer Electronics,Amazon,Changes,unparsed,,,,,October 19,"within the existing contacts:Tom Taylor, Senior Vice President, Amazon Alexa, is retiring (posted on October 19)."
1843405dde402a78,2022-11-01T01:40:41+00:00,413 News on S&P 500,AvalonBay,Real Estate,,Changes,unparsed,,,,,October 18,"within the existing contacts:Alan Buckelew, Director, will retire in May 2023 (posted on October 18)."
1843405dde402a78,2022-11-01T01:40:41+00:00,413 News on S&P 500,AbbVie,Pharmaceuticals,,Changes,unparsed,,,,,October 17,"within the existing contacts:Laura Schumacher, Vice Chairman, External Affairs and Chief Legal Officer, is retiring (posted on October 17)."
1843405ddafd6b85,2022-11-01T01:01:21+00:00,468 News on Global Fortune 500,Magenta Telekom,Telecommunications,Deutsche Telekom,Changes,unparsed,,,,,October 28,"within the existing contacts:Philipp Pohlmann, Chief Financial Officer, will leave the company in Jan. 2023 (posted on October 28)."
1843405ddafd6b85,2022-11-01T01:01:21+00:00,468 News on Global Fortune 500,Apple,Consumer Electronics,,Changes,unparsed,,,,,October 24,"within the existing contacts:Evans Hankey, who is Vice President of Industrial Design will soon leave the company (posted on October 24)."
1843405ddafd6b85,2022-11-01T01:01:21+00:00,468 News on Global Fortune 500,Citibank ANZ,Banking,Citigroup APAC,Changes,unparsed,,,,,October 19,"within the existing contacts: Hamish Whitehead, who was, is promoted to (posted on October 19)."
1843405ddafd6b85,2022-11-01T01:01:21+00:00,468 News on Global Fortune 500,Amazon Devices,Consumer Electronics,Amazon,Changes,unparsed,,,,,October 19,"within the existing contacts:Tom Taylor, Senior Vice President, Amazon Alexa, is retiring (posted on October 19)."
1843405ddafd6b85,2022-11-01T01:01:21+00:00,468 News on Global Fortune 500,AbbVie,Pharmaceuticals,,Changes,unparsed,,,,,October 17,"within the existing contacts:Laura Schumacher, Vice Chairman, External Affairs and Chief Legal Officer, is retiring (posted on October 17)."
1839200a395144ab,2022-10-01T00:23:07+00:00,421 News on Global Fortune 500,Apple,Consumer Electronics,,Changes,unparsed,,,,,September 30,"within the existing contacts:Tony Blevins, who is Vice President of Procurement will soon leave the company (posted on September 30)."
1839200a395144ab,2022-10-01T00:23:07+00:00,421 News on Global Fortune 500,Axa XL Benelux,Insurance,Axa XL,Changes,unparsed,,,,,September 28,"Piet van der Have, Underwriting Manager, Casualty and Environmental, will retire in Jan. 2023 (posted on September 28)."
1839200a395144ab,2022-10-01T00:23:07+00:00,421 News on Global Fortune 500,New York Life Investment Management,Holding,New York Life,Changes,unparsed,,,,,September 28,"within the existing contacts:Yie-Hsin Hung, Chief Executive Officer, will leave the company in Dec. 2022 (posted on September 28)."
1839200a395144ab,2022-10-01T00:23:07+00:00,421 News on Global Fortune 500,China Jinmao,Real Estate,Sinochem,Changes,unparsed,,,,,September 27,"within the existing contacts:Gaoning Ning, Chairman of the Board, is retiring (posted on September 27)."
1839200a395144ab,2022-10-01T00:23:07+00:00,421 News on Global Fortune 500,BPCE,Banking,,Changes,unparsed,,,,,September 19,"within the existing contacts:Laurent Mignon, Chief Executive Officer, will leave the company in Jan. 2023 (posted on September 19)."
1839200a395144ab,2022-10-01T00:23:07+00:00,421 News on Global Fortune 500,Munich Re,Reinsurance,,Changes,unparsed,,,,"Aug. 1, 2018",September 14,"within the existing contacts: Doris Hoepke who is, will become on Aug. 1, 2018 (posted on September 14)."
1839200a395144ab,2022-10-01T00:23:07+00:00,421 News on Global Fortune 500,Walmart China,Retail,Walmart International,Changes,unparsed,,,,,September 14,"within the existing contacts: Qiao Jia Zeng, who was, is promoted to (posted on September 14)."
1839200a395144ab,2022-10-01T00:23:07+00:00,421 News on Global Fortune 500,Allspring Global Investments,Financial Services,Wells Fargo,Changes,unparsed,,,,,September 12,"within the existing contacts: Henrietta Pacquement who was, becomes (posted on September 12)."
1839200a395144ab,2022-10-01T00:23:07+00:00,421 News on Global Fortune 500,Barclays UK,Banking,Barclays,Changes,unparsed,,,,,September 8,"within the existing contacts:Jose Carvalho, who is Head of Consumer Products will soon leave the company (posted on September 8)."
1839200a395144ab,2022-10-01T00:23:07+00:00,421 News on Global Fortune 500,Sanofi,Pharmaceuticals,,Changes,unparsed,,,,,September 7,"within the existing contacts:Serge Weinberg, Chairman of the Board, will leave the company in May 2023 (posted on September 7)."
1839200a395144ab,2022-10-01T00:23:07+00:00,421 News on Global Fortune 500,BNP Paribas,Banking,,Changes,unparsed,,,,,September 6,"within the existing contacts:Stefaan Decraene, who is Managing Director, International Retail Banking, Member of the Executive Committee will soon leave the company (posted on September 6)."
1839200a38948050,2022-10-01T00:23:06+00:00,405 News on S&P 500,Apple,Consumer Electronics,,Changes,unparsed,,,,,September 30,"within the existing contacts:Tony Blevins, who is Vice President of Procurement will soon leave the company (posted on September 30)."
1839200a38948050,2022-10-01T00:23:06+00:00,405 News on S&P 500,BBDO Japan,Communication & Sales,BBDO Asia,Changes,unparsed,,,,"Jan. 1, 2021",September 29,"within the existing contacts: Yoshihiro Nagai who is, will become on Jan. 1, 2021 (posted on September 29)."
1839200a38948050,2022-10-01T00:23:06+00:00,405 News on S&P 500,Cincinnati Financial,Insurance,,Changes,unparsed,,,,,September 29,"within the existing contacts:William Bahl, Director has passed away. We are deeply saddened (posted on September 29)."
1839200a38948050,2022-10-01T00:23:06+00:00,405 News on S&P 500,Xylem Applied Water Systems,Machinery,Xylem,Changes,unparsed,,,,,September 28,"within the existing contacts:Herman Valenzuela, Vice President, Quality and Continuous Improvement, is retiring (posted on September 28)."
1839200a38948050,2022-10-01T00:23:06+00:00,405 News on S&P 500,Walmart China,Retail,Walmart International,Changes,unparsed,,,,,September 14,"within the existing contacts: Qiao Jia Zeng, who was, is promoted to (posted on September 14)."
1839200a38948050,2022-10-01T00:23:06+00:00,405 News on S&P 500,Allspring Global Investments,Financial Services,Wells Fargo,Changes,unparsed,,,,,September 12,"within the existing contacts: Henrietta Pacquement who was, becomes (posted on September 12)."
1839200a38948050,2022-10-01T00:23:06+00:00,405 News on S&P 500,BrassCraft,Materials,Masco,Changes,unparsed,,,,,September 9,"within the existing contacts:George Werner, Vice President, Retail Sales, is retiring (posted on September 9)."
1839200a38948050,2022-10-01T00:23:06+00:00,405 News on S&P 500,Universal Robots,Machinery,Teradyne,Changes,unparsed,,,,"Dec. 31, 2020",September 5,"Gregory Smith who is, will become on Dec. 31, 2020 (posted on September 5)."
1839200a22f9e521,2022-10-01T00:23:08+00:00,1017 News on Russell 3000,Apple,Consumer Electronics,,Changes,unparsed,,,,,September 30,"within the existing contacts:Tony Blevins, who is Vice President of Procurement will soon leave the company (posted on September 30)."
1839200a22f9e521,2022-10-01T00:23:08+00:00,1017 News on Russell 3000,Lyell Immunopharma,Biotechnology,,Changes,unparsed,,,,,September 29,"New contacts posted: Rahsaan Thompson, has been added as Chief Legal Officer (posted on September 29)."
1839200a22f9e521,2022-10-01T00:23:08+00:00,1017 News on Russell 3000,Cincinnati Financial,Insurance,,Changes,unparsed,,,,,September 29,"within the existing contacts:William Bahl, Director has passed away. We are deeply saddened (posted on September 29)."
1839200a22f9e521,2022-10-01T00:23:08+00:00,1017 News on Russell 3000,Xylem Applied Water Systems,Machinery,Xylem,Changes,unparsed,,,,,September 28,"within the existing contacts:Herman Valenzuela, Vice President, Quality and Continuous Improvement, is retiring (posted on September 28)."
1839200a22f9e521,2022-10-01T00:23:08+00:00,1017 News on Russell 3000,Dime Community Bancshares,Banking,,Changes,unparsed,,,,,September 22,"within the existing contacts:Vincent Palagiano, Director, is retiring (posted on September 22)."
1839200a22f9e521,2022-10-01T00:23:08+00:00,1017 News on Russell 3000,West Elm,Retail,Williams-Sonoma,Changes,unparsed,,,,,September 16,"within the existing contacts:Alex Bellos, who is President will soon leave the company (posted on September 16)."
1839200a22f9e521,2022-10-01T00:23:08+00:00,1017 News on Russell 3000,Walmart China,Retail,Walmart International,Changes,unparsed,,,,,September 14,"within the existing contacts: Qiao Jia Zeng, who was, is promoted to (posted on September 14)."
1839200a22f9e521,2022-10-01T00:23:08+00:00,1017 News on Russell 3000,National Instruments,Software,,Changes,unparsed,,,,,September 14,"within the existing contacts:Karen Rapp, Executive Vice President and Chief Financial Officer, will retire in May 2023 (posted on September 14)."
1839200a22f9e521,2022-10-01T00:23:08+00:00,1017 News on Russell 3000,Allspring Global Investments,Financial Services,Wells Fargo,Changes,unparsed,,,,,September 12,"within the existing contacts: Henrietta Pacquement who was, becomes (posted on September 12)."
1839200a22f9e521,2022-10-01T00:23:08+00:00,1017 News on Russell 3000,BrassCraft,Materials,Masco,Changes,unparsed,,,,,September 9,"within the existing contacts:George Werner, Vice President, Retail Sales, is retiring (posted on September 9)."
1839200a22f9e521,2022-10-01T00:23:08+00:00,1017 News on Russell 3000,Bed Bath & Beyond,Retail,,Changes,unparsed,,,,,September 4,"Gustavo Arnal, Executive Vice President, Chief Financial Officer and Treasurer has passed away. We are deeply saddened (posted on September 4)."
1839200a22f9e521,2022-10-01T00:23:08+00:00,1017 News on Russell 3000,Universal Robots,Machinery,Teradyne,Changes,unparsed,,,,"Dec. 31, 2020",September 5,"Gregory Smith who is, will become on Dec. 31, 2020 (posted on September 5)."
1839200a22f9e521,2022-10-01T00:23:08+00:00,1017 News on Russell 3000,D.R. Horton,Construction,,Changes,unparsed,,,,,September 1,"within the existing contacts:Michael Hewatt, Outside Director has passed away. We are deeply saddened (posted on September 1)."
182f78124379a083,2022-08-31T23:23:17+00:00,938 News on Russell 3000,YouTube,Broadcasting,Google,Changes,unparsed,,,,,August 30,"within the existing contacts:Robert Kyncl, who is Chief Business Officer will soon leave the company (posted on August 30)."
182f78124379a083,2022-08-31T23:23:17+00:00,938 News on Russell 3000,Amalgamated Bank,Banking,,Changes,unparsed,,,,,August 30,"within the existing contacts:Sherry Williams, Executive Vice President, Chief Risk Officer, will leave the company in Oct. 2022 (posted on August 30)."
182f78124379a083,2022-08-31T23:23:17+00:00,938 News on Russell 3000,Allied Electronics,Consumer Electronics,RS Group,Changes,unparsed,,,,,August 30,"within the existing contacts:Andy Jackson, Chief Information Officer, is retiring (posted on August 30)."
182f78124379a083,2022-08-31T23:23:17+00:00,938 News on Russell 3000,Bioduro,Biotechnology,Pharmaceutical Product Development,Changes,unparsed,,,,,August 29,Firouz Asgarzadeh is promoted to Senior Vice President of Pharmaceutics (posted on August 29).
182f78124379a083,2022-08-31T23:23:17+00:00,938 News on Russell 3000,Store Capital,Real Estate,,Changes,unparsed,,,,,August 29,"within the existing contacts: Christopher Volk who was, becomes (posted on August 29)."
182f78124379a083,2022-08-31T23:23:17+00:00,938 News on Russell 3000,Myriad Genetics,Pharmaceuticals,,Changes,unparsed,,,,,August 23,"Thomas Slavin, who was, is promoted to (posted on August 23)."
182f78124379a083,2022-08-31T23:23:17+00:00,938 News on Russell 3000,Argan Inc,Construction,,Changes,unparsed,,,,,August 19,"Rainer Bosselmann, President, Chief Executive Officer and Chairman of the Board, is retiring (posted on August 19)."
182f78124379a083,2022-08-31T23:23:17+00:00,938 News on Russell 3000,Cogent Communications,Telecommunications,,Changes,unparsed,,,,,August 9,"within the existing contacts: Jean-Michel Slagmuylder who was, becomes (posted on August 9)."
182f78124379a083,2022-08-31T23:23:17+00:00,938 News on Russell 3000,Stanley Black & Decker,Machinery,,Changes,unparsed,,,,,August 5,"James Loree, President, Chief Executive Officer and Director, is retiring (posted on August 5)."
182f78124379a083,2022-08-31T23:23:17+00:00,938 News on Russell 3000,Winmark,Retail,,Changes,unparsed,,,,,August 4,"Paul Reyelts, Director, will leave the company in Apr. 2023 (posted on August 4)."
182f78124379a083,2022-08-31T23:23:17+00:00,938 News on Russell 3000,LaSalle,Real Estate,JLL,Changes,unparsed,,,,,August 2,"Jacques Gordon, Global Head of Research and Strategy, will retire in Dec. 2022 (posted on August 2)."
182f7811e8fd7968,2022-08-31T23:23:15+00:00,326 News on S&P 500,YouTube,Broadcasting,Google,Changes,unparsed,,,,,August 30,"within the existing contacts:Robert Kyncl, who is Chief Business Officer will soon leave the company (posted on August 30)."
182f7811e8fd7968,2022-08-31T23:23:15+00:00,326 News on S&P 500,Franklin Templeton Investments Australia,Holding,Franklin Templeton Investments APAC,Changes,unparsed,,,,,August 30,"within the existing contacts: Felicity Nicholson who was, becomes (posted on August 30)."
182f7811e8fd7968,2022-08-31T23:23:15+00:00,326 News on S&P 500,Bioduro,Biotechnology,Pharmaceutical Product Development,Changes,unparsed,,,,,August 29,Firouz Asgarzadeh is promoted to Senior Vice President of Pharmaceutics (posted on August 29).
182f7811e379292a,2022-08-31T23:23:16+00:00,384 News on Global Fortune 500,Barclays UK,Banking,Barclays,Changes,unparsed,,,,,August 31,"within the existing contacts:Susan Allen, Head of Customer Transformation, will leave the company in Jan. 2023 (posted on August 31)."
182f7811e379292a,2022-08-31T23:23:16+00:00,384 News on Global Fortune 500,Aviva,Insurance,,Changes,unparsed,,,,,August 26,"within the existing contacts:Alison Rayner, Group Compliance and Operational Risk Director, will leave the company in Feb. 2023 (posted on August 26)."
182f7811e379292a,2022-08-31T23:23:16+00:00,384 News on Global Fortune 500,Huawei Technologies International,Telecommunications,Huawei Technologies,Changes,unparsed,,,,,August 22,"within the existing contacts: Loise Tamalgo who was, becomes (posted on August 22)."
182f7811e379292a,2022-08-31T23:23:16+00:00,384 News on Global Fortune 500,Vodafone UK,Telecommunications,Vodafone Europe,Changes,unparsed,,,,,August 17,"within the existing contacts: Nick Gliddon who was, becomes (posted on August 17)."
182f7811e379292a,2022-08-31T23:23:16+00:00,384 News on Global Fortune 500,Swiss Re Australia & NZ,Reinsurance,Swiss Re Asia,Changes,unparsed,,,,,August 11,"within the existing contacts:Sharon Ooi, Managing Director, will leave the company in Jan. 2023 (posted on August 11)."
182f7811e379292a,2022-08-31T23:23:16+00:00,384 News on Global Fortune 500,Sony Pictures Networks India,Broadcasting,Sony Pictures Television,Changes,unparsed,,,,,August 11,"within the existing contacts:Rohit Gupta, Chief Revenue Officer of Ad Sales and International Business, is retiring (posted on August 11)."
182f7811e379292a,2022-08-31T23:23:16+00:00,384 News on Global Fortune 500,Fannie Mae,Banking,,Changes,unparsed,,,,,August 11,"within the existing contacts:Doug Watt, Senior Vice President and Chief Audit Executive, will retire in Nov. 2022 (posted on August 11)."
182f7811e379292a,2022-08-31T23:23:16+00:00,384 News on Global Fortune 500,Alibaba Group,Retail,,Changes,unparsed,,,,,August 4,"within the existing contacts:Chee Hwa Tung, Independent Director, will leave the company in Dec. 2022 (posted on August 4)."
182f7811e379292a,2022-08-31T23:23:16+00:00,384 News on Global Fortune 500,The Giant Company,Retail,Ahold Delhaize Europe & Indonesia,Changes,unparsed,,,,,August 2,New contacts posted:Daren Russ is promoted to Vice President of Omnichannel Operations (posted on August 2).
182f7811e379292a,2022-08-31T23:23:16+00:00,384 News on Global Fortune 500,The Giant Company,Retail,Ahold Delhaize Europe & Indonesia,Changes,unparsed,,,,,August 2,Manuel Haro is promoted to Vice President of Finance and Strategy (posted on August 2).
18257dbd52806b45,2022-07-31T23:23:31+00:00,809 News on Russell 3000,Byline Bancorp,Banking,,Changes,unparsed,,,,,July 29,"Lindsay Corby, Chief Financial Officer, will leave the company in Sep. 2022 (posted on July 29)."
18257dbd52806b45,2022-07-31T23:23:31+00:00,809 News on Russell 3000,Aon France,Insurance,Aon,Changes,unparsed,,,,,July 27,"within the existing contacts:Laurent Belhout, who is Chief Executive Officer will soon leave the company (posted on July 27)."
18257dbd52806b45,2022-07-31T23:23:31+00:00,809 News on Russell 3000,Butterfield Group,Banking,,Changes,unparsed,,,,,July 26,"within the existing contacts:Michael Covell, Director, is retiring (posted on July 26)."
18257dbd52806b45,2022-07-31T23:23:31+00:00,809 News on Russell 3000,Netflix,Broadcasting,,Changes,unparsed,,,,,July 22,"within the existing contacts:Todd Yellin, Vice President, Product, will leave the company in Sep. 2022 (posted on July 22)."
18257dbd52806b45,2022-07-31T23:23:31+00:00,809 News on Russell 3000,FCB New Zealand,Communication & Sales,FCB,Changes,unparsed,,,,,July 21,"within the existing contacts: David Shirley, who was, is promoted to (posted on July 21)."
18257dbd52806b45,2022-07-31T23:23:31+00:00,809 News on Russell 3000,Clemenger BBDO,Communication & Sales,Clemenger Group,Changes,unparsed,,,,,July 4,"Christine Gannon, who was, is promoted to (posted on July 4)."
18257dbd52806b45,2022-07-31T23:23:31+00:00,809 News on Russell 3000,"Morgan Stanley Private Bank, NA",Banking,Morgan Stanley,Changes,unparsed,,,,,July 12,"within the existing contacts: Shelley O'Connor who was, becomes (posted on July 12)."
18257dbd52806b45,2022-07-31T23:23:31+00:00,809 News on Russell 3000,Zoom Video Communications,Telecommunications,,Changes,unparsed,,,,,July 1,"within the existing contacts:Kimberly Hammonds, Director has passed away. We are deeply saddened (posted on July 1)."
18257dbd52806b45,2022-07-31T23:23:31+00:00,809 News on Russell 3000,Oracle,Software,,Changes,unparsed,,,,,July 4,"within the existing contacts:Dorian Daley, Executive Vice President and General Counsel, will leave the company in Aug. 2022 (posted on July 4)."
18257dbd52806b45,2022-07-31T23:23:31+00:00,809 News on Russell 3000,Donegal,Insurance,,Changes,unparsed,,,,,July 1,"within the existing contacts:Jeffrey Jacobsen, Senior Vice President, Personal Lines Underwriting, will retire in Jan. 2023 (posted on July 1)."
18257dbd52806b45,2022-07-31T23:23:31+00:00,809 News on Russell 3000,Skillz,Video Games,,Changes,unparsed,,,,,July 1,"within the existing contacts:Ian Lee, who is Chief Financial Officer will soon leave the company (posted on July 1)."
18257dbd4eefb33c,2022-07-31T23:23:30+00:00,356 News on Global Fortune 500,Protective Insurance,Insurance,Progressive,Changes,unparsed,,,,,July 27,"within the existing contacts: John Nichols who was, becomes (posted on July 27)."
18257dbd4eefb33c,2022-07-31T23:23:30+00:00,356 News on Global Fortune 500,Protective Insurance,Insurance,Progressive,Changes,unparsed,,,,,July 27,"Stuart Bilton who was, becomes (posted on July 27)."
18257dbd4eefb33c,2022-07-31T23:23:30+00:00,356 News on Global Fortune 500,Netflix,Broadcasting,,Changes,unparsed,,,,,July 22,"within the existing contacts:Todd Yellin, Vice President, Product, will leave the company in Sep. 2022 (posted on July 22)."
18257dbd4eefb33c,2022-07-31T23:23:30+00:00,356 News on Global Fortune 500,ElipsLife,Insurance,Swiss Re Corporate Solutions EMEA,Changes,unparsed,,,,,July 19,"within the existing contacts: Julien Descombes who was, becomes (posted on July 19)."
18257dbd4eefb33c,2022-07-31T23:23:30+00:00,356 News on Global Fortune 500,UBS Global Wealth Management,Financial Services,UBS,Changes,unparsed,,,,,July 13,"within the existing contacts:Tom Naratil, Co-President, will leave the company in Oct. 2022 (posted on July 13)."
18257dbd4eefb33c,2022-07-31T23:23:30+00:00,356 News on Global Fortune 500,"Morgan Stanley Private Bank, NA",Banking,Morgan Stanley,Changes,unparsed,,,,,July 12,"within the existing contacts: Shelley O'Connor who was, becomes (posted on July 12)."
18257dbd4eefb33c,2022-07-31T23:23:30+00:00,356 News on Global Fortune 500,Sainsbury's,Retail,,Changes,unparsed,,,,,July 5,"Kevin O'Byrne, Chief Financial Officer and Director, will leave the company in Mar. 2023 (posted on July 5)."
18257dbd4eefb33c,2022-07-31T23:23:30+00:00,356 News on Global Fortune 500,Oracle,Software,,Changes,unparsed,,,,,July 4,"within the existing contacts:Dorian Daley, Executive Vice President and General Counsel, will leave the company in Aug. 2022 (posted on July 4)."
18257dbd41d0aebe,2022-07-31T23:23:29+00:00,293 News on S&P 500,Protective Insurance,Insurance,Progressive,Changes,unparsed,,,,,July 27,"within the existing contacts: John Nichols who was, becomes (posted on July 27)."
18257dbd41d0aebe,2022-07-31T23:23:29+00:00,293 News on S&P 500,Protective Insurance,Insurance,Progressive,Changes,unparsed,,,,,July 27,"Stuart Bilton who was, becomes (posted on July 27)."
18257dbd41d0aebe,2022-07-31T23:23:29+00:00,293 News on S&P 500,Netflix,Broadcasting,,Changes,unparsed,,,,,July 22,"within the existing contacts:Todd Yellin, Vice President, Product, will leave the company in Sep. 2022 (posted on July 22)."
18257dbd41d0aebe,2022-07-31T23:23:29+00:00,293 News on S&P 500,FCB New Zealand,Communication & Sales,FCB,Changes,unparsed,,,,,July 21,"within the existing contacts: David Shirley, who was, is promoted to (posted on July 21)."
18257dbd41d0aebe,2022-07-31T23:23:29+00:00,293 News on S&P 500,Clemenger BBDO,Communication & Sales,Clemenger Group,Changes,unparsed,,,,,July 4,"Christine Gannon, who was, is promoted to (posted on July 4)."
18257dbd41d0aebe,2022-07-31T23:23:29+00:00,293 News on S&P 500,"Morgan Stanley Private Bank, NA",Banking,Morgan Stanley,Changes,unparsed,,,,,July 12,"within the existing contacts: Shelley O'Connor who was, becomes (posted on July 12)."
18257dbd41d0aebe,2022-07-31T23:23:29+00:00,293 News on S&P 500,Oracle,Software,,Changes,unparsed,,,,,July 4,"within the existing contacts:Dorian Daley, Executive Vice President and General Counsel, will leave the company in Aug. 2022 (posted on July 4)."
181b836e0d2f7d4f,2022-06-30T23:23:20+00:00,895 News on Russell 3000,Willis Risk & Broking,Insurance,Willis Towers Watson,Changes,unparsed,,,,,June 30,"within the existing contacts:Alice Underwood, Global Leader, Insurance Consulting and Technology, will retire in Aug. 2022 (posted on June 30)."
181b836e0d2f7d4f,2022-06-30T23:23:20+00:00,895 News on Russell 3000,Cigna Medicare,Insurance,Cigna,Changes,unparsed,,,,,June 29,"within the existing contacts: Debbie McKee, who was, is promoted to (posted on June 29)."
181b836e0d2f7d4f,2022-06-30T23:23:20+00:00,895 News on Russell 3000,Bank First Corp,Banking,,Changes,unparsed,,,,,June 24,"within the existing contacts:David Sachse, Director, is retiring (posted on June 24)."
181b836e0d2f7d4f,2022-06-30T23:23:20+00:00,895 News on Russell 3000,Northern Trust,Banking,,Changes,unparsed,,,,,June 23,"within the existing contacts: Angelo Calvitto, who was, is promoted to (posted on June 23)."
181b836e0d2f7d4f,2022-06-30T23:23:20+00:00,895 News on Russell 3000,Eurazeo,Holding,,Changes,unparsed,,,,,June 20,"within the existing contacts:Michel David-Weill, Member of the Supervisory Board has passed away. We are deeply saddened (posted on June 20)."
181b836e0d2f7d4f,2022-06-30T23:23:20+00:00,895 News on Russell 3000,Capital One Financial,Banking,,Changes,unparsed,,,,,June 17,"within the existing contacts:Mike Wassmer, President of Card has passed away. We are deeply saddened (posted on June 17)."
181b836e0d2f7d4f,2022-06-30T23:23:20+00:00,895 News on Russell 3000,JPMorgan Chase EMEA,Banking,JPMorgan Chase,Changes,unparsed,,,,,June 17,"within the existing contacts:Dimitri Reading-Picopoulos, Head of Metals and Mining, will leave the company in Sep. 2022 (posted on June 17)."
181b836e0d2f7d4f,2022-06-30T23:23:20+00:00,895 News on Russell 3000,Jo-Ann Stores,Retail,Leonard Green & Partners,Changes,unparsed,,,,,June 17,"Matt Susz, Senior Vice President, Chief Financial Officer has passed away. We are deeply saddened (posted on June 17)."
181b836e0d2f7d4f,2022-06-30T23:23:20+00:00,895 News on Russell 3000,Opko Health,Pharmaceuticals,,Changes,unparsed,,,,,June 10,"within the existing contacts:Richard Lerner, Director has passed away. We are deeply saddened (posted on June 10)."
181b836e0d2f7d4f,2022-06-30T23:23:20+00:00,895 News on Russell 3000,Comerica,Banking,,Changes,unparsed,,,,,June 7,"David Kunik, who was, is promoted to (posted on June 7)."
181b836e0d2f7d4f,2022-06-30T23:23:20+00:00,895 News on Russell 3000,Eli Lilly LATAM,Pharmaceuticals,Eli Lilly,Changes,unparsed,,,,,June 6,"within the existing contacts:Carlos Baños, General Manager, is retiring (posted on June 6)."
181b836e0d2f7d4f,2022-06-30T23:23:20+00:00,895 News on Russell 3000,Hyatt,Hotels,,Changes,unparsed,,,,,June 3,"within the existing contacts:Peter Fulton, who is Group President of Europe, Africa, Middle East and Southwest Asia will soon leave the company (posted on June 3)."
181b836e0d2f7d4f,2022-06-30T23:23:20+00:00,895 News on Russell 3000,United States Cellular,Telecommunications,Telephone & Data Systems,Changes,unparsed,,,,,June 1,"within the existing contacts:John Gockley, Vice President, Legal and Regulatory Affairs, will retire in Jul. 2022 (posted on June 1)."
181b836dfd5c7c6b,2022-06-30T23:23:19+00:00,436 News on Global Fortune 500,Pimco,Holding,Allianz Asset Management,Changes,unparsed,,,,,June 30,"Ravi Mattu, Managing Director and Global Head of Analytics, is retiring (posted on June 30)."
181b836dfd5c7c6b,2022-06-30T23:23:19+00:00,436 News on Global Fortune 500,Cigna Medicare,Insurance,Cigna,Changes,unparsed,,,,,June 29,"within the existing contacts: Debbie McKee, who was, is promoted to (posted on June 29)."
181b836dfd5c7c6b,2022-06-30T23:23:19+00:00,436 News on Global Fortune 500,Tokio Marine Kiln,Insurance,Tokio Marine,Changes,unparsed,,,,,June 29,"within the existing contacts:Thomas Hoad, who is Head of Innovation will soon leave the company (posted on June 29)."
181b836dfd5c7c6b,2022-06-30T23:23:19+00:00,436 News on Global Fortune 500,Lazada Indonesia,Retail,Lazada Group,Changes,unparsed,,,,,June 29,"within the existing contacts:Chun Li, Chief Executive Officer, has been withdrawn from the org chart (posted on June 29)."
181b836dfd5c7c6b,2022-06-30T23:23:19+00:00,436 News on Global Fortune 500,HSBC Private Bank Switzerland,Banking,HSBC Bank UK,Changes,unparsed,,,,,June 28,"within the existing contacts:Alexander Classen, Chief Executive Officer, will leave the company in Jul. 2022 (posted on June 28)."
181b836dfd5c7c6b,2022-06-30T23:23:19+00:00,436 News on Global Fortune 500,HSBC,Retail,,Changes,unparsed,,,,,June 27,"within the existing contacts:Stuart Haire, Managing Director, will leave the company in Dec. 2022 (posted on June 27)."
181b836dfd5c7c6b,2022-06-30T23:23:19+00:00,436 News on Global Fortune 500,BNP Paribas EMEA,Banking,BNP Paribas Corporate & Institutional,Changes,unparsed,,,,,June 17,"within the existing contacts:Jasper Reiser, Managing Director, Private Placements, will leave the company in Sep. 2022 (posted on June 17)."
181b836dfd5c7c6b,2022-06-30T23:23:19+00:00,436 News on Global Fortune 500,Capital One Financial,Banking,,Changes,unparsed,,,,,June 17,"within the existing contacts:Mike Wassmer, President of Card has passed away. We are deeply saddened (posted on June 17)."
181b836dfd5c7c6b,2022-06-30T23:23:19+00:00,436 News on Global Fortune 500,JPMorgan Chase EMEA,Banking,JPMorgan Chase,Changes,unparsed,,,,,June 17,"within the existing contacts:Dimitri Reading-Picopoulos, Head of Metals and Mining, will leave the company in Sep. 2022 (posted on June 17)."
181b836dfd5c7c6b,2022-06-30T23:23:19+00:00,436 News on Global Fortune 500,Allianz Private Krankenversicherungs,Insurance,Allianz Germany,Changes,unparsed,,,,,June 10,"within the existing contacts: Kaan Gunay, who was, is promoted to (posted on June 10)."
181b836dfd5c7c6b,2022-06-30T23:23:19+00:00,436 News on Global Fortune 500,State Bank of India,Banking,,Changes,unparsed,,,,,June 8,"Ashwani Bhatia, Managing Director, Information Technology and Stressed Assets Resolution Group, is retiring (posted on June 8)."
181b836dd5b125d3,2022-06-30T23:23:18+00:00,346 News on S&P 500,Willis Risk & Broking,Insurance,Willis Towers Watson,Changes,unparsed,,,,,June 30,"within the existing contacts:Alice Underwood, Global Leader, Insurance Consulting and Technology, will retire in Aug. 2022 (posted on June 30)."
181b836dd5b125d3,2022-06-30T23:23:18+00:00,346 News on S&P 500,Cigna Medicare,Insurance,Cigna,Changes,unparsed,,,,,June 29,"within the existing contacts: Debbie McKee, who was, is promoted to (posted on June 29)."
181b836dd5b125d3,2022-06-30T23:23:18+00:00,346 News on S&P 500,Northern Trust,Banking,,Changes,unparsed,,,,,June 23,"within the existing contacts: Angelo Calvitto, who was, is promoted to (posted on June 23)."
181b836dd5b125d3,2022-06-30T23:23:18+00:00,346 News on S&P 500,Ingersoll Rand Inc,Machinery,KKR,Changes,unparsed,,,,,June 22,"within the existing contacts:Jeff Koepke, Vice President and Chief Information Officer, is retiring (posted on June 22)."
181b836dd5b125d3,2022-06-30T23:23:18+00:00,346 News on S&P 500,Capital One Financial,Banking,,Changes,unparsed,,,,,June 17,"within the existing contacts:Mike Wassmer, President of Card has passed away. We are deeply saddened (posted on June 17)."
181b836dd5b125d3,2022-06-30T23:23:18+00:00,346 News on S&P 500,JPMorgan Chase EMEA,Banking,JPMorgan Chase,Changes,unparsed,,,,,June 17,"within the existing contacts:Dimitri Reading-Picopoulos, Head of Metals and Mining, will leave the company in Sep. 2022 (posted on June 17)."
181b836dd5b125d3,2022-06-30T23:23:18+00:00,346 News on S&P 500,Ulta Beauty,Retail,,Changes,unparsed,,,,,June 15,"within the existing contacts:Shelley Haus, Chief Marketing Officer has passed away. We are deeply saddened (posted on June 15)."
181b836dd5b125d3,2022-06-30T23:23:18+00:00,346 News on S&P 500,Comerica,Banking,,Changes,unparsed,,,,,June 7,"within the existing contacts:David Kunik, who was, is promoted to (posted on June 7)."
181b836dd5b125d3,2022-06-30T23:23:18+00:00,346 News on S&P 500,Eli Lilly LATAM,Pharmaceuticals,Eli Lilly,Changes,unparsed,,,,,June 6,"Carlos Baños, General Manager, is retiring (posted on June 6)."
1811db9631445092,2022-05-31T23:23:17+00:00,337 News on S&P 500,Willis Sweden,Insurance,Willis Western Europe,Changes,unparsed,,,,,May 30,"within the existing contacts:Kristoffer Haleen, who is Cyber Practice Leader will soon leave the company (posted on May 30)."
1811db9631445092,2022-05-31T23:23:17+00:00,337 News on S&P 500,Disney Media & Entertainment Distribution,Broadcasting,The Walt Disney Company,Changes,unparsed,,,,,May 10,"within the existing contacts:Jessica Casano-Antonellis, Vice President, Communications, Disney Streaming, has been withdrawn from the org chart (posted on May 10)."
1811db9628e27f60,2022-05-31T23:23:18+00:00,919 News on Russell 3000,ChemoCentryx,Biotechnology,,Changes,unparsed,,,,,May 31,"within the existing contacts:Henry McKinnell, Director, is retiring (posted on May 31)."
1811db9628e27f60,2022-05-31T23:23:18+00:00,919 News on Russell 3000,Willis Sweden,Insurance,Willis Western Europe,Changes,unparsed,,,,,May 30,"within the existing contacts:Kristoffer Haleen, who is Cyber Practice Leader will soon leave the company (posted on May 30)."
1811db9628e27f60,2022-05-31T23:23:18+00:00,919 News on Russell 3000,Alkermes,Biotechnology,,Changes,unparsed,,,,,May 27,"within the existing contacts:David Anstice, Director, is retiring (posted on May 27)."
1811db9628e27f60,2022-05-31T23:23:18+00:00,919 News on Russell 3000,HomeStreet,Banking,,Changes,unparsed,,,,,May 27,"within the existing contacts:Donald Voss, Lead Independent Director, is retiring (posted on May 27)."
1811db9628e27f60,2022-05-31T23:23:18+00:00,919 News on Russell 3000,Northwest Bancshares,Banking,,Changes,unparsed,,,,,May 26,"Ronald Seiffert, President and Chief Executive Officer has passed away. We are deeply saddened (posted on May 26)."
1811db9628e27f60,2022-05-31T23:23:18+00:00,919 News on Russell 3000,American Woodmark,Furniture,,Changes,unparsed,,,,,May 26,"within the existing contacts:Carol Moerdyk, who is Director will soon leave the company (posted on May 26)."
1811db9628e27f60,2022-05-31T23:23:18+00:00,919 News on Russell 3000,RBC Bearings,Machinery,,Changes,unparsed,,,,,May 16,"within the existing contacts:Alan Levine, Director, is retiring (posted on May 16)."
1811db9628e27f60,2022-05-31T23:23:18+00:00,919 News on Russell 3000,Appian,Software,,Changes,unparsed,,,,,May 20,"within the existing contacts:Eric Cross, Chief Revenue Officer, will leave the company in Jun. 2022 (posted on May 20)."
1811db9628e27f60,2022-05-31T23:23:18+00:00,919 News on Russell 3000,Maxeon Solar Technologies,Semiconductors,SunPower,Changes,unparsed,,,,,May 20,"within the existing contacts:Markus Sickmöller, Chief Operating Officer, will leave the company in Sep. 2022 (posted on May 20)."
1811db9628e27f60,2022-05-31T23:23:18+00:00,919 News on Russell 3000,Seagen,Biotechnology,,Changes,unparsed,,,,,May 9,"Clay Siegall, who was Chairman of the Board, President, Chief Executive Officer, has left for medical reason. We wish Clay a prompt recovery (posted on May 9)."
1811db9628e27f60,2022-05-31T23:23:18+00:00,919 News on Russell 3000,Wells Fargo Advisors,Financial Services,Wells Fargo,Changes,unparsed,,,,,May 16,"within the existing contacts:Jim Hays, President, is retiring (posted on May 16)."
1811db9628e27f60,2022-05-31T23:23:18+00:00,919 News on Russell 3000,Morningstar,Financial Services,,Changes,unparsed,,,,,May 11,"within the existing contacts:Bevin Desmond, Head of Talent and Culture, will leave the company in Aug. 2022 (posted on May 11)."
1811db9628e27f60,2022-05-31T23:23:18+00:00,919 News on Russell 3000,SiriusXM Holdings,Broadcasting,Liberty Media,Changes,unparsed,,,,,May 10,"within the existing contacts:Bill Pratt, Cheif Information Officer, is retiring (posted on May 10)."
1811db9628e27f60,2022-05-31T23:23:18+00:00,919 News on Russell 3000,Disney Media & Entertainment Distribution,Broadcasting,The Walt Disney Company,Changes,unparsed,,,,,May 10,"within the existing contacts:Jessica Casano-Antonellis, Vice President, Communications, Disney Streaming, has been withdrawn from the org chart (posted on May 10)."
1811db9628e27f60,2022-05-31T23:23:18+00:00,919 News on Russell 3000,Fidelity D & D Bancorp,Banking,,Changes,unparsed,,,,,May 9,"within the existing contacts:Richard Lettieri, Director, is retiring (posted on May 9)."
1811db9628e27f60,2022-05-31T23:23:18+00:00,919 News on Russell 3000,Wayfair,Retail,,Changes,unparsed,,,,,May 5,"Michael Fleisher, Chief Financial Officer, will leave the company in Nov. 2022 (posted on May 5)."
1811db9628e27f60,2022-05-31T23:23:18+00:00,919 News on Russell 3000,The ODP Corporation,Retail,,Changes,unparsed,,,,,May 4,"within the existing contacts:Stephen Mohan, who is Executive Vice President of Business Solutions Division will soon leave the company (posted on May 4)."
1811db9625fc3e58,2022-05-31T23:23:17+00:00,325 News on Global Fortune 500,Maxeon Solar Technologies,Semiconductors,SunPower,Changes,unparsed,,,,,May 20,"within the existing contacts:Markus Sickmöller, Chief Operating Officer, will leave the company in Sep. 2022 (posted on May 20)."
1811db9625fc3e58,2022-05-31T23:23:17+00:00,325 News on Global Fortune 500,Disney Media & Entertainment Distribution,Broadcasting,The Walt Disney Company,Changes,unparsed,,,,,May 10,"within the existing contacts:Jessica Casano-Antonellis, Vice President, Communications, Disney Streaming, has been withdrawn from the org chart (posted on May 10)."
1811db9625fc3e58,2022-05-31T23:23:17+00:00,325 News on Global Fortune 500,BT Enterprise,Telecommunications,BT Group,Changes,unparsed,,,,,May 9,"within the existing contacts: Jon Pollock who was, becomes (posted on May 9)."
1807e80c70e1cca6,2022-05-01T00:23:03+00:00,100 News on Global Fortune 500,Credit Suisse,Banking,,Changes,unparsed,,,,,April 27,"David Mathers, who is Chief Financial Officer will soon leave the company (posted on April 27)."
1807e80bfdf26fcc,2022-05-01T00:23:04+00:00,100 News on Russell 3000,Willis Risk & Broking,Insurance,Willis Towers Watson,Changes,unparsed,,,,,April 27,"within the existing contacts:Mike Liss, Head of Corporate Risk and Broking, North America, will retire in Jun. 2023 (posted on April 27)."
1807e80beb68f703,2022-05-01T00:23:03+00:00,100 News on S&P 500,Willis Risk & Broking,Insurance,Willis Towers Watson,Changes,unparsed,,,,,April 27,"within the existing contacts:Mike Liss, Head of Corporate Risk and Broking, North America, will retire in Jun. 2023 (posted on April 27)."
17fe4036ece2e783,2022-04-01T00:23:07+00:00,100 News on Global Fortune 500,Mitsubishi Electric,Consumer Electronics,,Changes,unparsed,,,,,March 31,"Takashi Sakamoto, Director, is retiring (posted on March 31)."
17fe4035ec1fc0c8,2022-04-01T00:23:07+00:00,100 News on Russell 3000,KB Home,Construction,,Changes,unparsed,,,,,March 31,"within the existing contacts:Matt Mandino, Executive Vice President and Co-Chief Operating Officer, is retiring (posted on March 31)."
17fe4035ec1fc0c8,2022-04-01T00:23:07+00:00,100 News on Russell 3000,Alector,Biotechnology,,Changes,unparsed,,,,,March 30,"within the existing contacts: Sam Jackson who was, becomes (posted on March 30)."
17fe4035ec1fc0c8,2022-04-01T00:23:07+00:00,100 News on Russell 3000,Redfin,Real Estate,,Changes,unparsed,,,,,March 30,"within the existing contacts:Robert Mylod, who is Director will soon leave the company (posted on March 30)."
17fe4035ec1fc0c8,2022-04-01T00:23:07+00:00,100 News on Russell 3000,Gogo,Telecommunications,,Changes,unparsed,,,,,March 29,"within the existing contacts:Barry Rowan, Executive Vice President and Chief Financial Officer, will retire in Jan. 2023 (posted on March 29)."
17fe4035ec1fc0c8,2022-04-01T00:23:07+00:00,100 News on Russell 3000,Gogo,Telecommunications,,Changes,unparsed,,,,,March 29,"Margee Elias, Executive Vice President and General Counsel, will retire in Jan. 2023 (posted on March 29)."
17fe4035e6c01325,2022-04-01T00:23:07+00:00,100 News on S&P 500,Bath and Body Works,Retail,Victoria's Secret,Changes,unparsed,,,,,March 29,"within the existing contacts:Robert Schottenstein, Director, will leave the company in May 2022 (posted on March 29)."
17f460557586ca18,2022-03-01T01:59:39+00:00,1026 News on Russell 3000,Plex Systems,Software,Rockwell Automation,Changes,unparsed,,,,,February 28,"within the existing contacts: Bill Berutti who was, becomes (posted on February 28)."
17f460557586ca18,2022-03-01T01:59:39+00:00,1026 News on Russell 3000,Cornerstone OnDemand,Software,,Changes,unparsed,,,,,February 10,"Mark Goldin, Chief Technology Officer, is retiring (posted on February 10)."
17f460557586ca18,2022-03-01T01:59:39+00:00,1026 News on Russell 3000,Morgan Stanley Investment Management Fixed Income,Holding,Morgan Stanley Investment Management,Changes,unparsed,,,,,February 25,"within the existing contacts:Eric Baurmeister, Managing Director, Portfolio Manager, Emerging Markets Debt, is retiring (posted on February 25)."
17f460557586ca18,2022-03-01T01:59:39+00:00,1026 News on Russell 3000,Floor & Decor,Retail,,Changes,unparsed,,,,,February 25,"within the existing contacts:Lisa Laube, President, will leave the company in Apr. 2022 (posted on February 25)."
17f460557586ca18,2022-03-01T01:59:39+00:00,1026 News on Russell 3000,Limoneira,Real Estate,,Changes,unparsed,,,,,February 23,"within the existing contacts:Alex Teague, Senior Vice President and Chief Operating Officer, is retiring (posted on February 23)."
17f460557586ca18,2022-03-01T01:59:39+00:00,1026 News on Russell 3000,Argo USA,Insurance,Argo US & Latam,Changes,unparsed,,,,,February 23,"within the existing contacts: Jim Cornwall who was, becomes (posted on February 23)."
17f460557586ca18,2022-03-01T01:59:39+00:00,1026 News on Russell 3000,Dollar Tree,Retail,,Changes,unparsed,,,,,February 18,"within the existing contacts: Bob Sasser, who is Executive Chairman will soon leave the company (posted on February 18)."
17f460557586ca18,2022-03-01T01:59:39+00:00,1026 News on Russell 3000,Lincoln Financial Group,Insurance,,Changes,unparsed,,,,,February 18,"within the existing contacts:George Henderson, Director has passed away. We are deeply saddened (posted on February 18)."
17f460557586ca18,2022-03-01T01:59:39+00:00,1026 News on Russell 3000,First Interstate BancSystem,Banking,,Changes,unparsed,,,,,February 18,"within the existing contacts: Karlyn Knieriem who was, becomes (posted on February 18)."
17f460557586ca18,2022-03-01T01:59:39+00:00,1026 News on Russell 3000,First Interstate BancSystem,Banking,,Changes,unparsed,,,,,February 18,"James Brannen who was, becomes (posted on February 18)."
17f460557586ca18,2022-03-01T01:59:39+00:00,1026 News on Russell 3000,First Financial Bankshares,Banking,,Changes,unparsed,,,,,February 1,"Gary Gragg, Executive Vice President, Chief Lending Officer, is retiring (posted on February 1)."
17f460557586ca18,2022-03-01T01:59:39+00:00,1026 News on Russell 3000,CapStar Financial,Banking,,Changes,unparsed,,,,,February 14,"Denis Duncan, Chief Financial Officer, is retiring (posted on February 14)."
17f460557586ca18,2022-03-01T01:59:39+00:00,1026 News on Russell 3000,Visa,Financial Services,,Changes,unparsed,,,,,February 10,"within the existing contacts: Mike Milotich, who is Senior Vice President of Investor Relations will soon leave the company (posted on February 10)."
17f460557586ca18,2022-03-01T01:59:39+00:00,1026 News on Russell 3000,Watts Water Technologies,Machinery,,Changes,unparsed,,,,,February 10,"Munish Nanda, President, Americas and Europe, will retire in May 2023 (posted on February 10)."
17f460557586ca18,2022-03-01T01:59:39+00:00,1026 News on Russell 3000,McCann Germany,Communication & Sales,McCann Europe & UK,Changes,unparsed,,,,,February 9,"within the existing contacts:Ruber Iglesias, Chief Executive Officer, will leave the company in Mar. 2022 (posted on February 9)."
17f460557586ca18,2022-03-01T01:59:39+00:00,1026 News on Russell 3000,Brightcove,Software,,Changes,unparsed,,,,,February 9,"within the existing contacts: Hiroaki Kawanobe, who was, is promoted to (posted on February 9)."
17f460557586ca18,2022-03-01T01:59:39+00:00,1026 News on Russell 3000,Apollo Global Management,Holding,,Changes,unparsed,,,,,February 9,"within the existing contacts:Anthony Civale, Co-Chief Operating Officer and Lead Partner of Credit, will retire in Jul. 2022 (posted on February 9)."
17f4605433f713fb,2022-03-01T00:55:06+00:00,408 News on Global Fortune 500,Generali,Insurance,,Changes,unparsed,,,,,February 24,"within the existing contacts:Gabriele Galateri di Genola, Chairman of the Board, will leave the company in Apr. 2022 (posted on February 24)."
17f4605433f713fb,2022-03-01T00:55:06+00:00,408 News on Global Fortune 500,AstraZeneca,Pharmaceuticals,,Changes,unparsed,,,,,February 22,"within the existing contacts:Leif Johansson, Non-Executive Chairman of the Board, will retire in May 2023 (posted on February 22)."
17f46054242d2e48,2022-03-01T00:54:32+00:00,391 News on S&P 500,Plex Systems,Software,Rockwell Automation,Changes,unparsed,,,,,February 28,"Bill Berutti who was, becomes (posted on February 28)."
17f46054242d2e48,2022-03-01T00:54:32+00:00,391 News on S&P 500,Morgan Stanley Investment Management Fixed Income,Holding,Morgan Stanley Investment Management,Changes,unparsed,,,,,February 25,"within the existing contacts:Eric Baurmeister, Managing Director, Portfolio Manager, Emerging Markets Debt, is retiring (posted on February 25)."
17f46054242d2e48,2022-03-01T00:54:32+00:00,391 News on S&P 500,Dollar Tree,Retail,,Changes,unparsed,,,,,February 18,"within the existing contacts: Bob Sasser, who is Executive Chairman will soon leave the company (posted on February 18)."
17f46054242d2e48,2022-03-01T00:54:32+00:00,391 News on S&P 500,Visa,Financial Services,,Changes,unparsed,,,,,February 10,"within the existing contacts: Mike Milotich, who is Senior Vice President of Investor Relations will soon leave the company (posted on February 10)."
17f46054242d2e48,2022-03-01T00:54:32+00:00,391 News on S&P 500,McCann Germany,Communication & Sales,McCann Europe & UK,Changes,unparsed,,,,,February 9,"within the existing contacts:Ruber Iglesias, Chief Executive Officer, will leave the company in Mar. 2022 (posted on February 9)."
17eb64030193cbc0,2022-02-01T01:24:32+00:00,1083 News on Russell 3000,Tableau Software,Software,Salesforce.com,Changes,unparsed,,,,,January 6,"Zaheera Valani who was, becomes (posted on January 6)."
17eb64030193cbc0,2022-02-01T01:24:32+00:00,1083 News on Russell 3000,FTC Solar,Semiconductors,,Changes,unparsed,,,,,January 28,"within the existing contacts: Deepak Navnith, who is Chief Operations Officer will soon leave the company (posted on January 28)."
17eb64030193cbc0,2022-02-01T01:24:32+00:00,1083 News on Russell 3000,JLL Australia,Real Estate,JLL APAC,Changes,unparsed,,,,,January 27,"Stephen Conry, Chief Executive Officer, is retiring (posted on January 27)."
17eb64030193cbc0,2022-02-01T01:24:32+00:00,1083 News on Russell 3000,Everi Holdings,Casinos,,Changes,unparsed,,,,,January 27,"within the existing contacts:Ronald Congemi, Lead Independent Director, will retire in May 2022 (posted on January 27)."
17eb64030193cbc0,2022-02-01T01:24:32+00:00,1083 News on Russell 3000,Chubb Overseas Insurance,Insurance,Chubb,Changes,unparsed,,,,,January 26,"within the existing contacts:John Jones, Chief Financial Officer, will retire in Mar. 2022 (posted on January 26)."
17eb64030193cbc0,2022-02-01T01:24:32+00:00,1083 News on Russell 3000,Walmart US,Retail,Walmart,Changes,unparsed,,,,,January 24,"within the existing contacts:Janey Whiteside, Executive Vice President and Chief Customer Officer, will leave the company in Mar. 2022 (posted on January 24)."
17eb64030193cbc0,2022-02-01T01:24:32+00:00,1083 News on Russell 3000,Weber Shandwick APAC,Communication & Sales,Weber Shandwick,Changes,unparsed,,,,,January 21,"within the existing contacts: Baxter Jolly, who is Chairman of the Board will soon leave the company (posted on January 21)."
17eb64030193cbc0,2022-02-01T01:24:32+00:00,1083 News on Russell 3000,"TBS, TNT & truTV",Broadcasting,WarnerMedia Studios & Networks Group,Changes,unparsed,,,,,January 21,"New contacts posted:Lisa Levenson is promoted to Vice President, Unscripted Programming (posted on January 21)."
17eb64030193cbc0,2022-02-01T01:24:32+00:00,1083 News on Russell 3000,"TBS, TNT & truTV",Broadcasting,WarnerMedia Studios & Networks Group,Changes,unparsed,,,,,January 21,"Brad Kramer is promoted to Vice President, Programming Strategy and Operations (posted on January 21)."
17eb64030193cbc0,2022-02-01T01:24:32+00:00,1083 News on Russell 3000,McCann Enterprise,Communication & Sales,McCann Worldgroup,Changes,unparsed,,,,,January 20,"within the existing contacts: Jonathan Turner, who was, is promoted to (posted on January 20)."
17eb64030193cbc0,2022-02-01T01:24:32+00:00,1083 News on Russell 3000,Datadog,Software,,Changes,unparsed,,,,,January 20,"Laszlo Kopits, Vice President, General Counsel, is retiring (posted on January 20)."
17eb64030193cbc0,2022-02-01T01:24:32+00:00,1083 News on Russell 3000,Eli Lilly KSA,Pharmaceuticals,Eli Lilly,Changes,unparsed,,,,,January 17,"within the existing contacts: Mustafa Al Jawadi, who was, is promoted to (posted on January 17)."
17eb64030193cbc0,2022-02-01T01:24:32+00:00,1083 News on Russell 3000,Chubb,Insurance,,Changes,unparsed,,,,,January 5,"Russell Bundschuh, Group Senior Vice President and President, Life, will leave the company in Jan. 2022 (posted on January 5)."
17eb64030193cbc0,2022-02-01T01:24:32+00:00,1083 News on Russell 3000,Exeter Finance,Financial Services,Blackstone Group,Changes,unparsed,,,,,January 14,"within the existing contacts:Brad Nall, Chief Financial Officer, will leave the company in Mar. 2022 (posted on January 14)."
17eb64030193cbc0,2022-02-01T01:24:32+00:00,1083 News on Russell 3000,Huntington Bank Columbus,Banking,Huntington Bank,Changes,unparsed,,,,,January 11,"within the existing contacts:Todd Williams, Chief Operating Officer, Commercial Banking, is retiring (posted on January 11)."
17eb64030193cbc0,2022-02-01T01:24:32+00:00,1083 News on Russell 3000,Sorrento Therapeutics,Pharmaceuticals,,Changes,unparsed,,,,,January 10,"within the existing contacts:Najjam Asghar, Senior Vice President and Chief Financial Officer has passed away. We are deeply saddened (posted on January 10)."
17eb64030193cbc0,2022-02-01T01:24:32+00:00,1083 News on Russell 3000,Roku,Consumer Electronics,,Changes,unparsed,,,,,January 10,"within the existing contacts: Scott Rosenberg, who is General Manager, Platform Business will soon leave the company (posted on January 10)."
17eb64030193cbc0,2022-02-01T01:24:32+00:00,1083 News on Russell 3000,Trane Technologies,Machinery,,Changes,unparsed,,,,,January 7,"within the existing contacts:Marcia Avedon, Executive Vice President and Chief Human Resources, Marketing and Communications Officer, will retire in Apr. 2022 (posted on January 7)."
17eb64030193cbc0,2022-02-01T01:24:32+00:00,1083 News on Russell 3000,Google Cloud,Software,Google,Changes,unparsed,,,,,January 6,"within the existing contacts: Sebastien Marrotte who was, becomes (posted on January 6)."
17eb64030193cbc0,2022-02-01T01:24:32+00:00,1083 News on Russell 3000,M&T Bank Markets,Banking,M&T Bank,Changes,unparsed,,,,,January 6,"within the existing contacts:Shelley Drake, Western New York Region President, will retire in Mar. 2022 (posted on January 6)."
17eb64030193cbc0,2022-02-01T01:24:32+00:00,1083 News on Russell 3000,Fulcrum Therapeutics,Biotechnology,,Changes,unparsed,,,,,January 5,"within the existing contacts: Christopher Moxham, who was, is promoted to (posted on January 5)."
17eb64030193cbc0,2022-02-01T01:24:32+00:00,1083 News on Russell 3000,Myriad Genetics,Pharmaceuticals,,Changes,unparsed,,,,,January 5,"Jerry Lanchbury, Chief Scientific Officer, is retiring (posted on January 5)."
17eb64030193cbc0,2022-02-01T01:24:32+00:00,1083 News on Russell 3000,Aon Commercial Risk Solutions,Insurance,Aon,Changes,unparsed,,,,,January 1,"within the existing contacts: Hugo Wegbrans, who was, is promoted to (posted on January 1)."
17eb51ca707b3c40,2022-02-01T00:35:11+00:00,498 News on Global Fortune 500,Chubb Overseas Insurance,Insurance,Chubb,Changes,unparsed,,,,,January 26,"within the existing contacts:John Jones, Chief Financial Officer, will retire in Mar. 2022 (posted on January 26)."
17eb51ca707b3c40,2022-02-01T00:35:11+00:00,498 News on Global Fortune 500,Walmart US,Retail,Walmart,Changes,unparsed,,,,,January 24,"within the existing contacts:Janey Whiteside, Executive Vice President and Chief Customer Officer, will leave the company in Mar. 2022 (posted on January 24)."
17eb51ca707b3c40,2022-02-01T00:35:11+00:00,498 News on Global Fortune 500,"TBS, TNT & truTV",Broadcasting,WarnerMedia Studios & Networks Group,Changes,unparsed,,,,,January 21,"New contacts posted:Lisa Levenson is promoted to Vice President, Unscripted Programming (posted on January 21)."
17eb51ca707b3c40,2022-02-01T00:35:11+00:00,498 News on Global Fortune 500,"TBS, TNT & truTV",Broadcasting,WarnerMedia Studios & Networks Group,Changes,unparsed,,,,,January 21,"Brad Kramer is promoted to Vice President, Programming Strategy and Operations (posted on January 21)."
17eb51ca707b3c40,2022-02-01T00:35:11+00:00,498 News on Global Fortune 500,Legal & General Insurance,Insurance,Allianz,Changes,unparsed,,,,,January 20,"within the existing contacts: Darren Prior who was, becomes (posted on January 20)."
17eb51ca707b3c40,2022-02-01T00:35:11+00:00,498 News on Global Fortune 500,Chubb,Insurance,,Changes,unparsed,,,,,January 5,"Russell Bundschuh, Group Senior Vice President and President, Life, will leave the company in Jan. 2022 (posted on January 5)."
17eb51ca707b3c40,2022-02-01T00:35:11+00:00,498 News on Global Fortune 500,Truist,Banking,,Changes,unparsed,,,,,January 12,"within the existing contacts:Steve Scott, Chief Information Security Officer, will retire in Jun. 2022 (posted on January 12)."
17eb51ca707b3c40,2022-02-01T00:35:11+00:00,498 News on Global Fortune 500,Google Cloud,Software,Google,Changes,unparsed,,,,,January 6,"within the existing contacts: Sebastien Marrotte who was, becomes (posted on January 6)."
17eb51ca707b3c40,2022-02-01T00:35:11+00:00,498 News on Global Fortune 500,AIA Group,Insurance,,Changes,unparsed,,,,,January 4,"within the existing contacts:Mark Saunders, Group Chief Strategy and Corporate Development Officer, will retire in Mar. 2022 (posted on January 4)."
17eb51251d3590da,2022-02-01T00:35:01+00:00,416 News on S&P 500,Tableau Software,Software,Salesforce.com,Changes,unparsed,,,,,January 6,"Zaheera Valani who was, becomes (posted on January 6)."
17eb51251d3590da,2022-02-01T00:35:01+00:00,416 News on S&P 500,Chubb Overseas Insurance,Insurance,Chubb,Changes,unparsed,,,,,January 26,"within the existing contacts:John Jones, Chief Financial Officer, will retire in Mar. 2022 (posted on January 26)."
17eb51251d3590da,2022-02-01T00:35:01+00:00,416 News on S&P 500,Walmart US,Retail,Walmart,Changes,unparsed,,,,,January 24,"within the existing contacts:Janey Whiteside, Executive Vice President and Chief Customer Officer, will leave the company in Mar. 2022 (posted on January 24)."
17eb51251d3590da,2022-02-01T00:35:01+00:00,416 News on S&P 500,Weber Shandwick APAC,Communication & Sales,Weber Shandwick,Changes,unparsed,,,,,January 21,"within the existing contacts: Baxter Jolly, who is Chairman of the Board will soon leave the company (posted on January 21)."
17eb51251d3590da,2022-02-01T00:35:01+00:00,416 News on S&P 500,"TBS, TNT & truTV",Broadcasting,WarnerMedia Studios & Networks Group,Changes,unparsed,,,,,January 21,"New contacts posted:Brad Kramer is promoted to Vice President, Programming Strategy and Operations (posted on January 21)."
17eb51251d3590da,2022-02-01T00:35:01+00:00,416 News on S&P 500,"TBS, TNT & truTV",Broadcasting,WarnerMedia Studios & Networks Group,Changes,unparsed,,,,,January 21,"Lisa Levenson is promoted to Vice President, Unscripted Programming (posted on January 21)."
17eb51251d3590da,2022-02-01T00:35:01+00:00,416 News on S&P 500,McCann Enterprise,Communication & Sales,McCann Worldgroup,Changes,unparsed,,,,,January 20,"within the existing contacts: Jonathan Turner, who was, is promoted to (posted on January 20)."
17eb51251d3590da,2022-02-01T00:35:01+00:00,416 News on S&P 500,Eli Lilly KSA,Pharmaceuticals,Eli Lilly,Changes,unparsed,,,,,January 17,"within the existing contacts: Mustafa Al Jawadi, who was, is promoted to (posted on January 17)."
17eb51251d3590da,2022-02-01T00:35:01+00:00,416 News on S&P 500,Chubb,Insurance,,Changes,unparsed,,,,,January 5,"Russell Bundschuh, Group Senior Vice President and President, Life, will leave the company in Jan. 2022 (posted on January 5)."
17eb51251d3590da,2022-02-01T00:35:01+00:00,416 News on S&P 500,Truist,Banking,,Changes,unparsed,,,,,January 12,"within the existing contacts:Steve Scott, Chief Information Security Officer, will retire in Jun. 2022 (posted on January 12)."
17eb51251d3590da,2022-02-01T00:35:01+00:00,416 News on S&P 500,Huntington Bank Columbus,Banking,Huntington Bank,Changes,unparsed,,,,,January 11,"within the existing contacts:Todd Williams, Chief Operating Officer, Commercial Banking, is retiring (posted on January 11)."
17eb51251d3590da,2022-02-01T00:35:01+00:00,416 News on S&P 500,Trane Technologies,Machinery,,Changes,unparsed,,,,,January 7,"within the existing contacts:Marcia Avedon, Executive Vice President and Chief Human Resources, Marketing and Communications Officer, will retire in Apr. 2022 (posted on January 7)."
17eb51251d3590da,2022-02-01T00:35:01+00:00,416 News on S&P 500,Google Cloud,Software,Google,Changes,unparsed,,,,,January 6,"within the existing contacts: Sebastien Marrotte who was, becomes (posted on January 6)."
17eb51251d3590da,2022-02-01T00:35:01+00:00,416 News on S&P 500,Aon Commercial Risk Solutions,Insurance,Aon,Changes,unparsed,,,,,January 1,"within the existing contacts: Hugo Wegbrans, who was, is promoted to (posted on January 1)."
17e14bd11b00cde8,2022-01-01T01:23:02+00:00,362 News on S&P 500,Willis North America,Insurance,Willis International,Changes,unparsed,,,,,December 29,"within the existing contacts:Angela James, Head of North American Property, Property and Casualty Centre of Excellence, will leave the company in Jun. 2022 (posted on December 29)."
17e14bd11b00cde8,2022-01-01T01:23:02+00:00,362 News on S&P 500,Micron Technology,Semiconductors,,Changes,unparsed,,,,,December 23,"Joel Poppen, Senior Vice President, Legal Affairs, General Counsel and Corporate Secretary, will retire in Jun. 2022 (posted on December 23)."
17e14bd11b00cde8,2022-01-01T01:23:02+00:00,362 News on S&P 500,Goldman Sachs BDC,Financial Services,Goldman Sachs,Changes,unparsed,,,,,December 20,"Brendan McGovern, Chief Executive Officer and President, will retire in Mar. 2022 (posted on December 20)."
17e14bd11b00cde8,2022-01-01T01:23:02+00:00,362 News on S&P 500,Chubb Overseas Insurance,Insurance,Chubb,Changes,unparsed,,,,,December 20,"within the existing contacts:Graham Fulcher, Chief Actuary, will leave the company in Mar. 2022 (posted on December 20)."
17e14bd11b00cde8,2022-01-01T01:23:02+00:00,362 News on S&P 500,Fortune Brands Home & Security,Furniture,,Changes,unparsed,,,,,December 15,"within the existing contacts:Robert Biggart, Senior Vice President, General Counsel and Corporate Secretary, will leave the company in Dec. 2021 (posted on December 15)."
17e14bd11b00cde8,2022-01-01T01:23:02+00:00,362 News on S&P 500,Abbott,Pharmaceuticals,,Changes,unparsed,,,,,December 13,"Miles White, Executive Chairman of the Board, is retiring (posted on December 13)."
17e14bd11b00cde8,2022-01-01T01:23:02+00:00,362 News on S&P 500,Facebook,Communication & Sales,,Changes,unparsed,,,,,December 9,"Stan Chudnovsky, Vice President, Messenger, will leave the company in Jun. 2022 (posted on December 9)."
17e14bd11b00cde8,2022-01-01T01:23:02+00:00,362 News on S&P 500,AutoZone,Retail,,Changes,unparsed,,,,,December 6,"within the existing contacts:Mark Finestone, Executive Vice President, Strategy and Innovation, will retire in Mar. 2022 (posted on December 6)."
17e14bd117bb0229,2022-01-01T01:23:03+00:00,446 News on Global Fortune 500,AIA Group,Insurance,,Changes,unparsed,,,,"Jul. 1, 2019",December 29,"Pankaj Banerjee who is, will become on Jul. 1, 2019 (posted on December 29)."
17e14bd117bb0229,2022-01-01T01:23:03+00:00,446 News on Global Fortune 500,John Hancock Investment Management,Financial Services,John Hancock,Changes,unparsed,,,,,December 27,"within the existing contacts: Darren Smith who was, becomes (posted on December 27)."
17e14bd117bb0229,2022-01-01T01:23:03+00:00,446 News on Global Fortune 500,Mitsubishi UFJ Morgan Stanley Securities,Financial Services,Mitsubishi UFJ Financial,Changes,unparsed,,,,,December 22,"within the existing contacts:Haruo Nakamura, Deputy Chief Executive Officer and Director, is retiring (posted on December 22)."
17e14bd117bb0229,2022-01-01T01:23:03+00:00,446 News on Global Fortune 500,Goldman Sachs BDC,Financial Services,Goldman Sachs,Changes,unparsed,,,,,December 20,"Brendan McGovern, Chief Executive Officer and President, will retire in Mar. 2022 (posted on December 20)."
17e14bd117bb0229,2022-01-01T01:23:03+00:00,446 News on Global Fortune 500,Chubb Overseas Insurance,Insurance,Chubb,Changes,unparsed,,,,,December 20,"within the existing contacts:Graham Fulcher, Chief Actuary, will leave the company in Mar. 2022 (posted on December 20)."
17e14bd117bb0229,2022-01-01T01:23:03+00:00,446 News on Global Fortune 500,Swiss Re,Reinsurance,,Changes,unparsed,,,,,December 16,"Anette Bronder, who is Member of the Executive Board, Group Chief Operating Officer will soon leave the company (posted on December 16)."
17e14bd117bb0229,2022-01-01T01:23:03+00:00,446 News on Global Fortune 500,Abbott,Pharmaceuticals,,Changes,unparsed,,,,,December 13,"Miles White, Executive Chairman of the Board, is retiring (posted on December 13)."
17e14bd117bb0229,2022-01-01T01:23:03+00:00,446 News on Global Fortune 500,GSK APAC,Pharmaceuticals,GSK,Changes,unparsed,,,,,December 10,"within the existing contacts:Herve Gisserot, Senior Vice President and Head of Pharmaceuticals & Vaccines, Greater China & Intercontinental, will leave the company in Jan. 2022 (posted on December 10)."
17e14bd117bb0229,2022-01-01T01:23:03+00:00,446 News on Global Fortune 500,Facebook,Communication & Sales,,Changes,unparsed,,,,,December 9,"Stan Chudnovsky, Vice President, Messenger, will leave the company in Jun. 2022 (posted on December 9)."
17e14bd10863f7dd,2022-01-01T01:23:04+00:00,1025 News on Russell 3000,Micron Technology,Semiconductors,,Changes,unparsed,,,,,December 23,"Joel Poppen, Senior Vice President, Legal Affairs, General Counsel and Corporate Secretary, will retire in Jun. 2022 (posted on December 23)."
17e14bd10863f7dd,2022-01-01T01:23:04+00:00,1025 News on Russell 3000,AccorHotels,Hotels,,Changes,unparsed,,,,,December 22,"within the existing contacts:Sophie Gasperment, Independent Director, will leave the company in May 2022 (posted on December 22)."
17e14bd10863f7dd,2022-01-01T01:23:04+00:00,1025 News on Russell 3000,Chubb Overseas Insurance,Insurance,Chubb,Changes,unparsed,,,,,December 20,"within the existing contacts:Graham Fulcher, Chief Actuary, will leave the company in Mar. 2022 (posted on December 20)."
17e14bd10863f7dd,2022-01-01T01:23:04+00:00,1025 News on Russell 3000,Winmark,Retail,,Changes,unparsed,,,,,December 16,"within the existing contacts:Kirk MacKenzie, Director, will leave the company in Apr. 2022 (posted on December 16)."
17e14bd10863f7dd,2022-01-01T01:23:04+00:00,1025 News on Russell 3000,Altice USA,Telecommunications,Altice Europe,Changes,unparsed,,,,,December 15,"within the existing contacts:Lee Schroeder, Executive Vice President, Government & Community Affairs and Chief Diversity Officer, will leave the company in Jul. 2022 (posted on December 15)."
17e14bd10863f7dd,2022-01-01T01:23:04+00:00,1025 News on Russell 3000,Fortune Brands Home & Security,Furniture,,Changes,unparsed,,,,,December 15,"within the existing contacts:Robert Biggart, Senior Vice President, General Counsel and Corporate Secretary, will leave the company in Dec. 2021 (posted on December 15)."
17e14bd10863f7dd,2022-01-01T01:23:04+00:00,1025 News on Russell 3000,Abbott,Pharmaceuticals,,Changes,unparsed,,,,,December 13,"Miles White, Executive Chairman of the Board, is retiring (posted on December 13)."
17e14bd10863f7dd,2022-01-01T01:23:04+00:00,1025 News on Russell 3000,Wolfspeed,Semiconductors,,Changes,unparsed,,,,,December 13,"within the existing contacts:Rick McFarland, Senior Vice President, Global Operations, will leave the company in Jun. 2022 (posted on December 13)."
17e14bd10863f7dd,2022-01-01T01:23:04+00:00,1025 News on Russell 3000,Selective Insurance,Insurance,,Changes,unparsed,,,,,December 10,"Gregory Murphy, Executive Chairman of the Board, will leave the company in Jan. 2022 (posted on December 10)."
17e14bd10863f7dd,2022-01-01T01:23:04+00:00,1025 News on Russell 3000,JBT,Machinery,,Changes,unparsed,,,,,December 10,"within the existing contacts:James Goodwin, Lead Independent Director, will retire in May 2022 (posted on December 10)."
17e14bd10863f7dd,2022-01-01T01:23:04+00:00,1025 News on Russell 3000,JBT,Machinery,,Changes,unparsed,,,,,December 8,"James Ringler, Director, will retire in May 2022 (posted on December 8)."
17e14bd10863f7dd,2022-01-01T01:23:04+00:00,1025 News on Russell 3000,Coldwell Banker Real Estate,Real Estate,NRT,Changes,unparsed,,,,,December 10,"within the existing contacts:George Hackett, President, Services, is retiring (posted on December 10)."
17e14bd10863f7dd,2022-01-01T01:23:04+00:00,1025 News on Russell 3000,Facebook,Communication & Sales,,Changes,unparsed,,,,,December 9,"Stan Chudnovsky, Vice President, Messenger, will leave the company in Jun. 2022 (posted on December 9)."
17e14bd10863f7dd,2022-01-01T01:23:04+00:00,1025 News on Russell 3000,Intra-Cellular Therapies,Biotechnology,,Changes,unparsed,,,,,December 6,"within the existing contacts:Richard Lerner, Director has passed away. We are deeply saddened (posted on December 6)."
17e14bd10863f7dd,2022-01-01T01:23:04+00:00,1025 News on Russell 3000,Biohaven Pharmaceutical,Pharmaceuticals,Portage Biotech,Changes,unparsed,,,,,December 6,"within the existing contacts:Declan Doogan, Chairman of the Board, is retiring (posted on December 6)."
17e14bd10863f7dd,2022-01-01T01:23:04+00:00,1025 News on Russell 3000,AutoZone,Retail,,Changes,unparsed,,,,,December 6,"within the existing contacts:Mark Finestone, Executive Vice President, Strategy and Innovation, will retire in Mar. 2022 (posted on December 6)."
17e14bd10863f7dd,2022-01-01T01:23:04+00:00,1025 News on Russell 3000,Aspen Insurance,Insurance,Apollo Global Management,Changes,unparsed,,,,,December 3,"within the existing contacts:Michael Cain, Group General Counsel, Company Secretary and Group Chief Operations Officer, will leave the company in Feb. 2022 (posted on December 3)."
17d7518092f6c231,2021-12-01T01:23:03+00:00,100 News on Global Fortune 500,Open Fiber,Telecommunications,Enel,Changes,unparsed,,,,,November 30,"within the existing contacts: Franco Bassanini, who is Chairman of the Board will soon leave the company (posted on November 30)."
17cda9a13eb48848,2021-11-01T01:24:14+00:00,100 News on Global Fortune 500,Fannie Mae,Banking,,Changes,unparsed,,,,"Nov. 20, 2020",October 27,"within the existing contacts: Jonathan Plutzik who is, will become on Nov. 20, 2020 (posted on October 27)."
17cda9a13eb48848,2021-11-01T01:24:14+00:00,100 News on Global Fortune 500,SAP,Software,,Changes,unparsed,,,,"Nov. 15, 2021",October 27,"New contacts posted: Ritu Bhargava, will be promoted to Chief Product Officer, Customer Experience on Nov. 15, 2021 (posted on October 27)."
17cda9a0d6c0db32,2021-11-01T01:24:14+00:00,100 News on Russell 3000,Community Trust Bank,Banking,,Changes,unparsed,,,,,October 29,"within the existing contacts:David Collins, Director, is retiring (posted on October 29)."
17cda9a0d6c0db32,2021-11-01T01:24:14+00:00,100 News on Russell 3000,Weber Shandwick,Communication & Sales,McCann Worldgroup,Changes,unparsed,,,,,October 28,"within the existing contacts:Jack Leslie, Chairman of the Board, will retire in Mar. 2022 (posted on October 28)."
17cda9a0cf979652,2021-11-01T01:24:14+00:00,100 News on S&P 500,Weber Shandwick,Communication & Sales,McCann Worldgroup,Changes,unparsed,,,,,October 28,"within the existing contacts:Jack Leslie, Chairman of the Board, will retire in Mar. 2022 (posted on October 28)."
17c41f677718f269,2021-10-01T00:24:10+00:00,100 News on Global Fortune 500,SoftBank Vision Fund,Fund,SoftBank Group Corp,Changes,unparsed,,,,,September 30,"within the existing contacts:Deep Nishar, Senior Managing Partner, Americas, will leave the company in Dec. 2021 (posted on September 30)."
17c41f677718f269,2021-10-01T00:24:10+00:00,100 News on Global Fortune 500,Saint-Gobain,Materials,,Changes,unparsed,,,,"Jan. 1, 2019",September 27,"within the existing contacts: Armand Ajdari who is, will become on Jan. 1, 2019 (posted on September 27)."
17c41f6773dc6b80,2021-10-01T00:24:10+00:00,100 News on Russell 3000,Coherus Biosciences,Biotechnology,,Changes,unparsed,,,,,September 30,"within the existing contacts:Samuel Nussbaum, Director has passed away. We are deeply sorry (posted on September 30)."
17c41f6773dc6b80,2021-10-01T00:24:10+00:00,100 News on Russell 3000,Xylem Middle East,Machinery,Xylem,Changes,unparsed,,,,,September 30,"within the existing contacts:Francis Ackland, who is Managing Director will soon leave the company (posted on September 30)."
17c41f674aae2e39,2021-10-01T00:24:09+00:00,100 News on S&P 500,Xylem Middle East,Machinery,Xylem,Changes,unparsed,,,,,September 30,"within the existing contacts: Francis Ackland, who is Managing Director will soon leave the company (posted on September 30)."
17c41f674aae2e39,2021-10-01T00:24:09+00:00,100 News on S&P 500,Disney Branded Television,Broadcasting,Disney General Entertainment,Changes,unparsed,,,,,September 24,"within the existing contacts: Gary Marsh, who is President and Chief Creative Officer will soon leave the company (posted on September 24)."
17c41f674aae2e39,2021-10-01T00:24:09+00:00,100 News on S&P 500,Cabinetworks Group,Furniture,Masco,Changes,unparsed,,,,,September 24,"within the existing contacts:Joe Gross, Chief Executive Officer, is retiring (posted on September 24)."
17ba03e241b340a8,2021-08-31T23:23:08+00:00,100 News on S&P 500,Willis UK,Insurance,Willis Western Europe,Changes,unparsed,,,,,August 31,"within the existing contacts: Nicolas Aubert, who is Chief Executive Officer will soon leave the company (posted on August 31)."
17ba03e241b340a8,2021-08-31T23:23:08+00:00,100 News on S&P 500,Willis Risk & Broking,Insurance,Willis Towers Watson,Changes,unparsed,,,,,August 30,"Joe Peiser, Head of Global Broking and Head of Broking North America, has left the company (posted on August 30). Jeroen Everling, who is Head of Benelux Corporate Risk and Broking will soon leave the company (posted on August 25)."
17b009a2c3cc3da9,2021-08-01T00:24:06+00:00,100 News on S&P 500,Alaska Air,Airlines,,Changes,unparsed,,,,,July 29,"within the existing contacts:Mark Bocchi, Managing Director, Sales, will retire in Oct. 2021 (posted on July 29)."
17b009a27e66b4bd,2021-08-01T00:24:06+00:00,100 News on Global Fortune 500,Legal & General Capital,Holding,Legal & General Group,Changes,unparsed,,,,,July 26,"within the existing contacts:Eleanor Bucks, Chief Operations Officer, will leave the company in Sep. 2021 (posted on July 26)."
17b009a2699877a5,2021-08-01T00:24:06+00:00,100 News on Russell 3000,Alaska Air,Airlines,,Changes,unparsed,,,,,July 29,"within the existing contacts:Mark Bocchi, Managing Director, Sales, will retire in Oct. 2021 (posted on July 29)."
17a60f47fc93e9aa,2021-07-01T00:23:05+00:00,475 News on S&P 500,Salesforce.com,Software,,Changes,unparsed,,,,,June 25,"Tony Prophet, Chief Equality Officer, is retiring (posted on June 25)."
17a60f47fc93e9aa,2021-07-01T00:23:05+00:00,475 News on S&P 500,I&S BBDO,Communication & Sales,BBDO Worldwide,Changes,unparsed,,,,"Jan. 1, 2021",June 25,"within the existing contacts: Chris Thomas who is, will become on Jan. 1, 2021 (posted on June 25)."
17a60f47fc93e9aa,2021-07-01T00:23:05+00:00,475 News on S&P 500,Jack Henry & Associates,Financial Services,,Changes,unparsed,,,,,June 23,"within the existing contacts:Steve Tomson, Vice President of Sales and Marketing, is retiring (posted on June 23)."
17a60f47fc93e9aa,2021-07-01T00:23:05+00:00,475 News on S&P 500,Regions Financial,Banking,,Changes,unparsed,,,,,June 15,"within the existing contacts:Jill Shelton, Executive Vice President and Head of Compensation and Benefits, will retire in Dec. 2021 (posted on June 15)."
17a60f47fc93e9aa,2021-07-01T00:23:05+00:00,475 News on S&P 500,L Brands,Retail,,Changes,unparsed,,,,,June 17,"within the existing contacts:Donna James, Director, will leave the company in Aug. 2021 (posted on June 17)."
17a60f47fc93e9aa,2021-07-01T00:23:05+00:00,475 News on S&P 500,L Brands,Retail,,Changes,unparsed,,,,,June 17,"Anne Sheehan, Director, will leave the company in Aug. 2021 (posted on June 17)."
17a60f47fc93e9aa,2021-07-01T00:23:05+00:00,475 News on S&P 500,Berkley North Pacific,Insurance,W.R. Berkley,Changes,unparsed,,,,,June 16,"within the existing contacts: Gary Gudex who was, becomes (posted on June 16)."
17a60f47fc93e9aa,2021-07-01T00:23:05+00:00,475 News on S&P 500,Huntington Bank,Banking,,Changes,unparsed,,,,,June 10,"within the existing contacts: Gary Torgow who was, becomes (posted on June 10)."
17a60f47fc93e9aa,2021-07-01T00:23:05+00:00,475 News on S&P 500,Northern Trust,Banking,,Changes,unparsed,,,,,June 1,"William Mak, Executive Vice President, Corporate & Institutional Services for Asia Pacific, is retiring (posted on June 1)."
17a60f47f4d6f697,2021-07-01T00:23:06+00:00,589 News on Global Fortune 500,SoftBank Vision Fund,Fund,SoftBank Group Corp,Changes,unparsed,,,,,June 25,"within the existing contacts: Ervin Tu, who is Managing Partner, Americas will soon leave the company (posted on June 25)."
17a60f47f4d6f697,2021-07-01T00:23:06+00:00,589 News on Global Fortune 500,AHI,Insurance,Tokio Marine Management,Changes,unparsed,,,,,June 24,"within the existing contacts: Jarrod O'Connor, who was, is promoted to (posted on June 24)."
17a60f47f4d6f697,2021-07-01T00:23:06+00:00,589 News on Global Fortune 500,Albertsons,Retail,,Changes,unparsed,,,,"Apr. 25, 2019",June 17,"Leonard Laufer who is, will be promoted to on Apr. 25, 2019 (posted on June 17)."
17a60f47f4d6f697,2021-07-01T00:23:06+00:00,589 News on Global Fortune 500,First Sentier Investors,Financial Services,Commonwealth Bank,Changes,unparsed,,,,,June 11,"within the existing contacts: John Ma, who was, is promoted to (posted on June 11)."
17a60f47f4d6f697,2021-07-01T00:23:06+00:00,589 News on Global Fortune 500,Mizuho Bank,Banking,Mizuho Financial,Changes,unparsed,,,,,June 11,"Koji Fujiwara, who is President and Chief Executive Officer, Representative Director will soon leave the company (posted on June 11)."
17a60f47f4d6f697,2021-07-01T00:23:06+00:00,589 News on Global Fortune 500,Amundi,Holding,Credit Agricole,Changes,unparsed,,,,,June 4,"within the existing contacts:Eric Brard, Global Head of Fixed Income, is retiring (posted on June 4)."
17a60f47f4d6f697,2021-07-01T00:23:06+00:00,589 News on Global Fortune 500,Lazada Thailand,Retail,Lazada Group,Changes,unparsed,,,,,June 2,"within the existing contacts: Jessica Liu, who is Chief Executive Officer will soon leave the company (posted on June 2)."
17a60f47eb25dc00,2021-07-01T00:23:07+00:00,794 News on Russell 3000,BigCommerce,Software,,Changes,unparsed,,,,,June 30,"within the existing contacts:Paul Vaillancourt, Chief Services Officer, is retiring (posted on June 30)."
17a60f47eb25dc00,2021-07-01T00:23:07+00:00,794 News on Russell 3000,TG Therapeutics,Pharmaceuticals,,Changes,unparsed,,,,,June 29,"within the existing contacts:William Kennedy, Director has passed away. We are deeply sorry (posted on June 29)."
17a60f47eb25dc00,2021-07-01T00:23:07+00:00,794 News on Russell 3000,Salesforce.com,Software,,Changes,unparsed,,,,,June 25,"Tony Prophet, Chief Equality Officer, is retiring (posted on June 25)."
17a60f47eb25dc00,2021-07-01T00:23:07+00:00,794 News on Russell 3000,Jack Henry & Associates,Financial Services,,Changes,unparsed,,,,,June 23,"within the existing contacts:Steve Tomson, Vice President of Sales and Marketing, is retiring (posted on June 23)."
17a60f47eb25dc00,2021-07-01T00:23:07+00:00,794 News on Russell 3000,Regions Financial,Banking,,Changes,unparsed,,,,,June 15,"within the existing contacts:Jill Shelton, Executive Vice President and Head of Compensation and Benefits, will retire in Dec. 2021 (posted on June 15)."
17a60f47eb25dc00,2021-07-01T00:23:07+00:00,794 News on Russell 3000,Exelixis,Biotechnology,,Changes,unparsed,,,,,June 18,"within the existing contacts: Gisela Schwab, who was President, Product Development and Medical Affairs and Chief Medical Officer, has left for medical reason. We wish Gisela a prompt recovery (posted on June 18)."
17a60f47eb25dc00,2021-07-01T00:23:07+00:00,794 News on Russell 3000,L Brands,Retail,,Changes,unparsed,,,,,June 17,"within the existing contacts:Donna James, Director, will leave the company in Aug. 2021 (posted on June 17)."
17a60f47eb25dc00,2021-07-01T00:23:07+00:00,794 News on Russell 3000,L Brands,Retail,,Changes,unparsed,,,,,June 17,"Anne Sheehan, Director, will leave the company in Aug. 2021 (posted on June 17)."
17a60f47eb25dc00,2021-07-01T00:23:07+00:00,794 News on Russell 3000,Albertsons,Retail,,Changes,unparsed,,,,"Apr. 25, 2019",June 17,"Leonard Laufer who is, will be promoted to on Apr. 25, 2019 (posted on June 17)."
17a60f47eb25dc00,2021-07-01T00:23:07+00:00,794 News on Russell 3000,Berkley North Pacific,Insurance,W.R. Berkley,Changes,unparsed,,,,,June 16,"within the existing contacts: Gary Gudex who was, becomes (posted on June 16)."
17a60f47eb25dc00,2021-07-01T00:23:07+00:00,794 News on Russell 3000,Huntington Bank,Banking,,Changes,unparsed,,,,,June 10,"within the existing contacts: Gary Torgow who was, becomes (posted on June 10)."
179c77cc0b0ae4aa,2021-05-31T23:33:28+00:00,401 News on Global Fortune 500,MetLife,Insurance,,Changes,unparsed,,,,,,"within the existing contacts:Greg Baxter, Chief Digital Officer, has left the company (news posted on May 20)."
179c77cc0b0ae4aa,2021-05-31T23:33:28+00:00,401 News on Global Fortune 500,Holcim Argentina,Materials,LafargeHolcim Latin America,Changes,unparsed,,,,,,"within the existing contacts:Marcelo Arrieta, Chairman of the Board, has left the company (news posted on May 28)."
179c77cc0b0ae4aa,2021-05-31T23:33:28+00:00,401 News on Global Fortune 500,Allianz Global Investors ItalyInvestment,Banking,Allianz Global Investors,Changes,unparsed,,,,,,"within the existing contacts:Ana Savi, Vice President, Client Account, Institutional, has left the company (news posted on May 27)."
179c77cc0b0ae4aa,2021-05-31T23:33:28+00:00,401 News on Global Fortune 500,3M,Industrial Conglomerates,,Changes,unparsed,,,,,,"within the existing contacts:Kristen Ludgate, Senior Vice President, Human Resources, has left the company (news posted on May 26)."
179c77cc0b0ae4aa,2021-05-31T23:33:28+00:00,401 News on Global Fortune 500,Spirit Airlines,Airlines,United,Changes,unparsed,,,,,,"within the existing contacts:Laurie Villa, Vice President and Chief Human Resources Officer, will leave the company in Jun. 2021 (news posted on May 25)."
179c77cc0b0ae4aa,2021-05-31T23:33:28+00:00,401 News on Global Fortune 500,ShopRunner,Retail,FedEx Services,Changes,unparsed,,,,,,"within the existing contacts:Serena Garg, Vice President of Sales, has left the company (news posted on May 25)."
179c77cc0b0ae4aa,2021-05-31T23:33:28+00:00,401 News on Global Fortune 500,Wells Fargo,Banking,,Changes,unparsed,,,,,,"within the existing contacts: Michael Lacorazza, who is Executive Vice President, Chief Marketing Officer will soon leave the company (news posted on May 25).Brian King, Chief Risk Officer, Consumer and Small Business Banking, has left the company (news posted on May 18)."
179c77cc0b0ae4aa,2021-05-31T23:33:28+00:00,401 News on Global Fortune 500,Amundi Pioneer,Holding,Amundi,Changes,unparsed,,,,,,"within the existing contacts:Christine Todd, Senior Managing Director and Head of Fixed Income, has left the company (news posted on May 25)."
179c77cc0b0ae4aa,2021-05-31T23:33:28+00:00,401 News on Global Fortune 500,AviAlliance Capital,Holding,Hochtief,Changes,unparsed,,,,,,"within the existing contacts:Holger Linkweiler, Managing Director, has left the company (news posted on May 24)."
179c77cc0b0ae4aa,2021-05-31T23:33:28+00:00,401 News on Global Fortune 500,GE,Industrial Conglomerates,,Changes,unparsed,,,,,,"within the existing contacts:Daniel Janki, Senior Vice President, Business Transformation, will leave the company in Jul. 2021 (news posted on May 21)."
179c77cc0b0ae4aa,2021-05-31T23:33:28+00:00,401 News on Global Fortune 500,O2 UK,Telecommunications,Telefonica,Changes,unparsed,,,,,,"within the existing contacts:Ian Abrol, Head of Stores, has left the company (news posted on May 20)."
179c77cc0b0ae4aa,2021-05-31T23:33:28+00:00,401 News on Global Fortune 500,Facebook,Communication & Sales,,Changes,unparsed,,,,,,"within the existing contacts:Hugo Barra, Vice President, Virtual Reality, has left the company (news posted on May 19)."
179c77cc0b0ae4aa,2021-05-31T23:33:28+00:00,401 News on Global Fortune 500,Microsoft Poland,Software,Microsoft Europe,Changes,unparsed,,,,,,"within the existing contacts:Wojciech Życzyński, Commercial Partner Lead, has left the company (news posted on May 19)."
179c77cc0b0ae4aa,2021-05-31T23:33:28+00:00,401 News on Global Fortune 500,Aer Lingus,Airlines,International,Changes,unparsed,,,,,,"within the existing contacts:Fergus Wilson, Chief Technical Officer, has left the company (news posted on May 19)."
179c77cc0b0ae4aa,2021-05-31T23:33:28+00:00,401 News on Global Fortune 500,USLI,Insurance,Berkshire Hathaway,Changes,unparsed,,,,,,"within the existing contacts:Reiner Mauer, President, Property and Casualty Division, has left the company (news posted on May 18)."
179c77cc0b0ae4aa,2021-05-31T23:33:28+00:00,401 News on Global Fortune 500,YouTube,Broadcasting,Google,Changes,unparsed,,,,,,"within the existing contacts:Cecile Frot-Coutaz, Head of Operations, Europe, Middle East and Africa, will leave the company in Sep. 2021 (news posted on May 18)."
179c77cc0b0ae4aa,2021-05-31T23:33:28+00:00,401 News on Global Fortune 500,Intel,Semiconductors,,Changes,unparsed,,,,,,"within the existing contacts:Joshua Walden, Senior Vice President and General Manager, Product Assurance and Security and Interim General Manager, Design Engineering, has left the company (news posted on May 17)."
179c77cc0b0ae4aa,2021-05-31T23:33:28+00:00,401 News on Global Fortune 500,Churchill Asset Management,Holding,TIAA,Changes,unparsed,,,,,,"within the existing contacts:Leland Richards, Managing Director, Origination, has left the company (news posted on May 13)."
179c77cc0b0ae4aa,2021-05-31T23:33:28+00:00,401 News on Global Fortune 500,Axa,Insurance,,Changes,unparsed,,,,,,"within the existing contacts:Irene Dorner, Director, has left the company (news posted on May 12)."
179c77cc0b0ae4aa,2021-05-31T23:33:28+00:00,401 News on Global Fortune 500,Nokia,Telecommunications,,Changes,unparsed,,,,,,"within the existing contacts:Gero Pickert, Vice President, Human Resources Operations, has left the company (news posted on May 12)."
179c77cc053a16dc,2021-06-01T00:53:34+00:00,418 News on S&P 500,MetLife,Insurance,,Changes,unparsed,,,,,,"within the existing contacts:Greg Baxter, Chief Digital Officer, has left the company (news posted on May 20)."
179c77cc053a16dc,2021-06-01T00:53:34+00:00,418 News on S&P 500,Corning,Materials,,Changes,unparsed,,,,,,"within the existing contacts:Jude Lemke, Vice President, Tax, has left the company (news posted on May 28)."
179c77cc053a16dc,2021-06-01T00:53:34+00:00,418 News on S&P 500,ADP,Recruiting,,Changes,unparsed,,,,,,"within the existing contacts:Matthew Levin, Chief Strategy Officer, has left the company (news posted on May 28)."
179c77cc053a16dc,2021-06-01T00:53:34+00:00,418 News on S&P 500,United Rentals,Business Services,,Changes,unparsed,,,,,,"within the existing contacts: Michael Zea, who is Vice President, Strategy will soon leave the company (news posted on May 28)."
179c77cc053a16dc,2021-06-01T00:53:34+00:00,418 News on S&P 500,Autodesk,Software,,Changes,unparsed,,,,,,"within the existing contacts:Pascal Di Fronzo, Senior Vice President, Corporate Affairs, Chief Legal Officer & Corporate Secretary, is retiring (news posted on May 28)."
179c77cc053a16dc,2021-06-01T00:53:34+00:00,418 News on S&P 500,EP+Co,Communication & Sales,Hill Holliday,Changes,unparsed,,,,,,"within the existing contacts:Rebecca Lynch, Vice President and Director of Communications, has left the company (news posted on May 27)."
179c77cc053a16dc,2021-06-01T00:53:34+00:00,418 News on S&P 500,American Tower,Telecommunications,,Changes,unparsed,,,,,,"within the existing contacts:Michael Costello, Talent Acquisition Director, has left the company (news posted on May 27)."
179c77cc053a16dc,2021-06-01T00:53:34+00:00,418 News on S&P 500,3M,Industrial Conglomerates,,Changes,unparsed,,,,,,"within the existing contacts:Kristen Ludgate, Senior Vice President, Human Resources, has left the company (news posted on May 26)."
179c77cc053a16dc,2021-06-01T00:53:34+00:00,418 News on S&P 500,Spirit Airlines,Airlines,United,Changes,unparsed,,,,,,"within the existing contacts:Laurie Villa, Vice President and Chief Human Resources Officer, will leave the company in Jun. 2021 (news posted on May 25)."
179c77cc053a16dc,2021-06-01T00:53:34+00:00,418 News on S&P 500,Wells Fargo,Banking,,Changes,unparsed,,,,,,"within the existing contacts: Michael Lacorazza, who is Executive Vice President, Chief Marketing Officer will soon leave the company (news posted on May 25).Brian King, Chief Risk Officer, Consumer and Small Business Banking, has left the company (news posted on May 18)."
179c77cc053a16dc,2021-06-01T00:53:34+00:00,418 News on S&P 500,BBDO New York,Communication & Sales,BBDO Worldwide,Changes,unparsed,,,,,,"within the existing contacts:Tina Allan, Managing Director, Data Solutions, has left the company (news posted on May 25)."
179c77cc053a16dc,2021-06-01T00:53:34+00:00,418 News on S&P 500,GE,Industrial Conglomerates,,Changes,unparsed,,,,,,"within the existing contacts:Daniel Janki, Senior Vice President, Business Transformation, will leave the company in Jul. 2021 (news posted on May 21)."
179c77cc053a16dc,2021-06-01T00:53:34+00:00,418 News on S&P 500,Flowserve,Machinery,,Changes,unparsed,,,,,,"within the existing contacts:Sanjay Chowbey, President, Aftermarket Services and Solutions, has left the company (news posted on May 21)."
179c77cc053a16dc,2021-06-01T00:53:34+00:00,418 News on S&P 500,Kount,Financial Services,Equifax,Changes,unparsed,,,,,,"within the existing contacts:Gary Sevounts, Chief Marketing Officer, has left the company (news posted on May 20)."
179c77cc053a16dc,2021-06-01T00:53:34+00:00,418 News on S&P 500,Facebook,Communication & Sales,,Changes,unparsed,,,,,,"within the existing contacts:Hugo Barra, Vice President, Virtual Reality, has left the company (news posted on May 19).Kevin Weil, Vice President of Product, Novi, has left the company (news posted on May 11)."
179c77cc053a16dc,2021-06-01T00:53:34+00:00,418 News on S&P 500,Microsoft Poland,Software,Microsoft Europe,Changes,unparsed,,,,,,"within the existing contacts:Wojciech Życzyński, Commercial Partner Lead, has left the company (news posted on May 19)."
179c77cc053a16dc,2021-06-01T00:53:34+00:00,418 News on S&P 500,Xilinx,Semiconductors,AMD,Changes,unparsed,,,,,,"within the existing contacts:Sumeet Gagneja, Corporate Vice President Finance and Corporate Controller, has left the company (news posted on May 19)."
179c77cc053a16dc,2021-06-01T00:53:34+00:00,418 News on S&P 500,USLI,Insurance,Berkshire Hathaway,Changes,unparsed,,,,,,"within the existing contacts:Reiner Mauer, President, Property and Casualty Division, has left the company (news posted on May 18)."
179c77cc053a16dc,2021-06-01T00:53:34+00:00,418 News on S&P 500,YouTube,Broadcasting,Google,Changes,unparsed,,,,,,"within the existing contacts:Cecile Frot-Coutaz, Head of Operations, Europe, Middle East and Africa, will leave the company in Sep. 2021 (news posted on May 18)."
179c77cc053a16dc,2021-06-01T00:53:34+00:00,418 News on S&P 500,Intel,Semiconductors,,Changes,unparsed,,,,,,"within the existing contacts:Joshua Walden, Senior Vice President and General Manager, Product Assurance and Security and Interim General Manager, Design Engineering, has left the company (news posted on May 17)."
179c77cc053a16dc,2021-06-01T00:53:34+00:00,418 News on S&P 500,Blizzard Entertainment,Video Games,Activision Blizzard,Changes,unparsed,,,,,,"within the existing contacts:Jeffrey Kaplan, Vice President and Director of Game, has left the company (news posted on May 13).Gio Hunt, Executive Vice President, Battle.net and Online Products, has left the company (news posted on May 13)."
179c77cc053a16dc,2021-06-01T00:53:34+00:00,418 News on S&P 500,Flipkart.com,Retail,Walmart International,Changes,unparsed,,,,,,"within the existing contacts:Vikas Gupta, Head of Customer, Marketing & Digital Businesses, has left the company (news posted on May 11)."
179c77cc053a16dc,2021-06-01T00:53:34+00:00,418 News on S&P 500,Rogers & Cowan/PMK,Communication & Sales,Octagon,Changes,unparsed,,,,,,"within the existing contacts:Michael Donkis, Co-President, Entertainment and Business Strategy, has left the company (news posted on May 10)."
179c77cc053a16dc,2021-06-01T00:53:34+00:00,418 News on S&P 500,Amazon Air,Airlines,Amazon,Changes,unparsed,,,,,,"within the existing contacts:Ben Brookman, Head of Operations Strategy & Airport Affairs, has left the company (news posted on May 7)."
179c77cc053a16dc,2021-06-01T00:53:34+00:00,418 News on S&P 500,Salesforce Marketing Cloud,Software,Salesforce.com,Changes,unparsed,,,,,,"within the existing contacts:Adam Blitzer, Executive Vice President and General Manager, Marketing Cloud, Commerce Cloud, and Community Cloud, has left the company (news posted on May 7)."
179c77cc053a16dc,2021-06-01T00:53:34+00:00,418 News on S&P 500,Google,Communication & Sales,Alphabet Inc,Changes,unparsed,,,,,,"within the existing contacts:John Justice, Vice President and Head of Product, Stadia, has left the company (news posted on May 6)."
179c77cc053a16dc,2021-06-01T00:53:34+00:00,418 News on S&P 500,Ampersand,Communication & Sales,Charter Communications,Changes,unparsed,,,,,,"within the existing contacts:Deborah Josephs, Chief People Officer, has left the company (news posted on May 5)."
179c77cc053a16dc,2021-06-01T00:53:34+00:00,418 News on S&P 500,AMV BBDO,Communication & Sales,BBDO Worldwide,Changes,unparsed,,,,,,"within the existing contacts: Sarah Douglas, who is Chief Executive Officer will soon leave the company (news posted on May 4)."
179c77cc053a16dc,2021-06-01T00:53:34+00:00,418 News on S&P 500,JPMorgan Asset Management,Fund,JPMorgan Chase,Changes,unparsed,,,,,,"within the existing contacts: Rachel Farrell, who is Chief Executive Officer, Australia will soon retire (news posted on May 4)."
17926d017880f079,2021-05-01T00:24:06+00:00,452 News on S&P 500,Linkedin,Recruiting,Microsoft,Changes,unparsed,,,,,,"within the existing contacts:Kiran Prasad, Vice President of Product, has left the company (news posted on April 30)."
17926d017880f079,2021-05-01T00:24:06+00:00,452 News on S&P 500,Aflac USA,Insurance,Aflac,Changes,unparsed,,,,,,"within the existing contacts:Stephanie Shields, Senior Vice President of Broker Sales, has left the company (news posted on April 30)."
17926d017880f079,2021-05-01T00:24:06+00:00,452 News on S&P 500,Energid,Machinery,Teradyne,Changes,unparsed,,,,,,"within the existing contacts:Douglas Barker, Chief Operating Officer, has left the company (news posted on April 26)."
17926d017880f079,2021-05-01T00:24:06+00:00,452 News on S&P 500,Walmart Japan,Retail,Walmart International,Changes,unparsed,,,,,,"within the existing contacts:Ryosuke Maru, Financial Planning and Analysis Director, has left the company (news posted on April 23)."
17926d017880f079,2021-05-01T00:24:06+00:00,452 News on S&P 500,Walmart Argentina,Retail,Walmart International,Changes,unparsed,,,,,,"within the existing contacts:Christian Bernal, Chief People Officer, has left the company (news posted on April 23)."
17926d017880f079,2021-05-01T00:24:06+00:00,452 News on S&P 500,Intermix,Retail,Gap,Changes,unparsed,,,,,,"within the existing contacts:Evie Fernandez, Human Resources Director, has left the company (news posted on April 23)."
17926d017880f079,2021-05-01T00:24:06+00:00,452 News on S&P 500,Wells Fargo Wholesale Banking,Banking,Wells Fargo,Changes,unparsed,,,,,,"within the existing contacts: Vince Toye who was, becomes (news posted on April 23).Lisa McGeough, Co-Head of Corporate and Investment Banking and Head of New Financial Institutions Group, has left the company (news posted on April 23)."
17926d017880f079,2021-05-01T00:24:06+00:00,452 News on S&P 500,Chubb USA,Insurance,Chubb Overseas,Changes,unparsed,,,,,,"within the existing contacts:David Charlton, Division President, Micro Specialty Business, has left the company (news posted on April 22)."
17926d017880f079,2021-05-01T00:24:06+00:00,452 News on S&P 500,Citrix Systems,Software,,Changes,unparsed,,,,,,"within the existing contacts:Jeroen van Rotterdam, Executive Vice President of Engineering, has left the company (news posted on April 22)."
17926d017880f079,2021-05-01T00:24:06+00:00,452 News on S&P 500,SL Green Realty,Real Estate,,Changes,unparsed,,,,,,"within the existing contacts:Edouard Cuilhe, Senior Vice President, Accounting and Financial Reporting, has left the company (news posted on April 22)."
17926d017880f079,2021-05-01T00:24:06+00:00,452 News on S&P 500,CNN,Broadcasting,WarnerMedia,Changes,unparsed,,,,,,"within the existing contacts:Katrina Cukaj, Executive Vice President, CNN Advertising Sales, has left the company (news posted on April 16)."
17926d017880f079,2021-05-01T00:24:06+00:00,452 News on S&P 500,Abbot Downing,Financial Services,Wells Fargo,Changes,unparsed,,,,,,"within the existing contacts:Lisa Featherngill, Managing Director, Legacy and Wealth Planning, has left the company (news posted on April 16)."
17926d017880f079,2021-05-01T00:24:06+00:00,452 News on S&P 500,Vornado Realty Trust,Real Estate,,Changes,unparsed,,,,,,"within the existing contacts: Mark Hudspeth, Executive Vice President, Head of Capital Markets, has left the company (news posted on April 16)."
17926d017880f079,2021-05-01T00:24:06+00:00,452 News on S&P 500,Pluto TV,Broadcasting,ViacomCBS,Changes,unparsed,,,,,,"within the existing contacts:Fran Hazeldine, Senior Vice President, Marketing, has left the company (news posted on April 16)."
17926d017880f079,2021-05-01T00:24:06+00:00,452 News on S&P 500,Howmet Aerospace,Aerospace,,Changes,unparsed,,,,,,"within the existing contacts:Kate Ramundo, Executive Vice President Chief Legal Officer and Secretary, has left the company (news posted on April 16)."
17926d017880f079,2021-05-01T00:24:06+00:00,452 News on S&P 500,Blue Jeans Network,Software,Verizon,Changes,unparsed,,,,,,"within the existing contacts:Walt Weisner, Chief Customer Officer, has left the company (news posted on April 15)."
17926d017880f079,2021-05-01T00:24:06+00:00,452 News on S&P 500,Verizon,Telecommunications,,Changes,unparsed,,,,,,"within the existing contacts:Samy Ben Aissa, Managing Director, Corporate Development and Ventures, has left the company (news posted on April 14).Brian Angiolet, Senior Vice President, Corporate Strategy & Chief Business Officer, has left the company (news posted on April 14)."
17926d017880f079,2021-05-01T00:24:06+00:00,452 News on S&P 500,Charles Schwab Bank,Banking,Charles Schwab,Changes,unparsed,,,,,,"within the existing contacts:Marlene Pelage-Bates, Chief Financial Officer, has left the company (news posted on April 7)."
17926d017880f079,2021-05-01T00:24:06+00:00,452 News on S&P 500,Capital One Financial Commercial Banking,Banking,Capital One Financial,Changes,unparsed,,,,,,"within the existing contacts:Johan Gericke, Senior Vice President, Chief of Staff, has left the company (news posted on April 7)."
17926d017880f079,2021-05-01T00:24:06+00:00,452 News on S&P 500,Amazon Web Services,Software,Amazon,Changes,unparsed,,,,,,"within the existing contacts:Teresa Carlson, Vice President, Worldwide Public Sector and Sales of Healthcare and Finance, has left the company (news posted on April 6)."
17926d017880f079,2021-05-01T00:24:06+00:00,452 News on S&P 500,Lam Research,Semiconductors,,Changes,unparsed,,,,,,"within the existing contacts:Valerie Sassani, Senior Director of Marketing and Digital Communications, has left the company (news posted on April 5)."
17926d017880f079,2021-05-01T00:24:06+00:00,452 News on S&P 500,EggPlant,Software,Keysight Technologies,Changes,unparsed,,,,,,"within the existing contacts:Antony Edwards, Chief Operating Officer, has left the company (news posted on April 5)."
17926d017880f079,2021-05-01T00:24:06+00:00,452 News on S&P 500,Amazon Go,Retail,Amazon,Changes,unparsed,,,,,,"within the existing contacts:Kelly Lohr, Head of Marketing, Design and Strategic Partnerships, has left the company (news posted on April 2)."
17926d017880f079,2021-05-01T00:24:06+00:00,452 News on S&P 500,JC Penney,Retail,Simon Property,Changes,unparsed,,,,,,"within the existing contacts:Bill Wafford, Executive Vice President, Chief Financial Officer, has left the company (news posted on April 2).Jeff Csuy, Vice President of Strategy & Merchandise Operations, has left the company (news posted on April 2)."
17926d017880f079,2021-05-01T00:24:06+00:00,452 News on S&P 500,215 McCann,Communication & Sales,McCann North America,Changes,unparsed,,,,,,"within the existing contacts:Kelly Johnson, President, has left the company (news posted on April 2)."
17926d017880f079,2021-05-01T00:24:06+00:00,452 News on S&P 500,Principal Global Investors Europe,Financial Services,Principal Global Investors,Changes,unparsed,,,,,,"within the existing contacts:Tim Stumpff, Chief Executive Officer, has left the company (news posted on April 1).New contacts posted:Asa Norrie, has been added as Chief Executive Officer and Head of Distribution (news posted on April 1)."
